market,report_week_tuesday,report_date,panel_date,year,weekly_return,beta,intercept,actual_change,predicted_change
BRENT,2015-01-06,2015-01-06,2015-01-06,2015,-0.12020990016228766,166606.01523932634,0.0,23266.0,-20027.692458355996
BRENT,2015-01-13,2015-01-13,2015-01-13,2015,-0.08629663674983584,110183.76479630507,0.0,465.0,-9508.48832635609
BRENT,2015-01-20,2015-01-20,2015-01-20,2015,0.0035486938399754697,100642.00113674688,0.0,-14950.0,357.1476494767779
BRENT,2015-01-27,2015-01-27,2015-01-27,2015,0.032998177860727604,98302.14649402874,0.0,1939.0,3243.791714101261
BRENT,2015-02-03,2015-02-03,2015-02-03,2015,0.15559213497536473,93966.87135786585,0.0,-5241.0,14620.506131525797
BRENT,2015-02-10,2015-02-10,2015-02-10,2015,-0.025926424270519798,67799.41126801849,0.0,27736.0,-1757.796301826108
BRENT,2015-02-17,2015-02-17,2015-02-17,2015,0.08403542194400698,62180.43664635885,0.0,12014.0,5225.359230239361
BRENT,2015-02-24,2015-02-24,2015-02-24,2015,-0.06388837802990154,66450.71236579338,0.0,12691.0,-4245.42823198206
BRENT,2015-03-03,2015-03-03,2015-03-03,2015,0.04275451338536694,50017.87819473135,0.0,11470.0,2138.4900427842945
BRENT,2015-03-10,2015-03-10,2015-03-10,2015,-0.08281172617172741,51298.91853502072,0.0,-4678.0,-4248.151994627888
BRENT,2015-03-17,2015-03-17,2015-03-17,2015,-0.060899408995495105,50614.78360530242,0.0,2066.0,-3082.4104079977924
BRENT,2015-03-24,2015-03-24,2015-03-24,2015,0.02946263557193058,49299.84047444018,0.0,7500.0,1452.5032336527443
BRENT,2015-03-31,2015-03-31,2015-03-31,2015,6.071532165918825e-17,49943.20664625359,0.0,26928.0,3.032317856218595e-12
BRENT,2015-04-07,2015-04-07,2015-04-07,2015,0.06791300262760064,49119.154356870895,0.0,17247.0,3335.8292589036946
BRENT,2015-04-14,2015-04-14,2015-04-14,2015,-0.005834808585118728,48534.662089328885,0.0,27744.0,-283.1904630346526
BRENT,2015-04-21,2015-04-21,2015-04-21,2015,0.03725100481849766,45617.296990241666,0.0,4377.0,1699.2901499903312
BRENT,2015-04-28,2015-04-28,2015-04-28,2015,0.040409538337876805,46480.778994418135,0.0,7997.0,1878.2668207493184
BRENT,2015-05-05,2015-05-05,2015-05-05,2015,0.044654069079092557,46508.06646957119,0.0,14142.0,2076.7744128672603
BRENT,2015-05-12,2015-05-12,2015-05-12,2015,-0.013122193451782005,48341.007947820624,0.0,-10889.0,-634.3400579454336
BRENT,2015-05-19,2015-05-19,2015-05-19,2015,-0.051152703436689845,49824.19134339043,0.0,-37786.0,-2548.64208376134
BRENT,2015-05-26,2015-05-26,2015-05-26,2015,-0.004697049499869113,60287.80981639833,0.0,-20242.0,-283.174826946318
BRENT,2015-06-02,2015-06-02,2015-06-02,2015,0.02937402422309708,60573.8282916726,0.0,-15340.0,1779.2970995253143
BRENT,2015-06-09,2015-06-09,2015-06-09,2015,-0.011241193869928306,57789.277079197105,0.0,-4013.0,-649.6204672502589
BRENT,2015-06-16,2015-06-16,2015-06-16,2015,-0.027254706494916764,58082.82536582019,0.0,-8241.0,-1583.0303577409356
BRENT,2015-06-23,2015-06-23,2015-06-23,2015,0.01170516680707881,54718.8190657669,0.0,-1460.0,640.4929046511658
BRENT,2015-06-30,2015-06-30,2015-06-30,2015,-0.01343350410587986,41883.86768065328,0.0,6704.0,-562.6471084581846
BRENT,2015-07-07,2015-07-07,2015-07-07,2015,-0.11172099797364392,40292.812594694195,0.0,7475.0,-4501.553234244244
BRENT,2015-07-14,2015-07-14,2015-07-14,2015,0.02275175698341598,27233.72219457088,0.0,19572.0,619.6150291247387
BRENT,2015-07-21,2015-07-21,2015-07-21,2015,-0.02834617716874044,29326.18092497253,0.0,-12906.0,-831.2851201818077
BRENT,2015-07-28,2015-07-28,2015-07-28,2015,-0.06781644493424165,31193.36166676198,0.0,-35917.0,-2115.422893787848
BRENT,2015-08-04,2015-08-04,2015-08-04,2015,-0.06357571008376668,44247.80912608118,0.0,-28636.0,-2813.0858848415824
BRENT,2015-08-11,2015-08-11,2015-08-11,2015,-0.018338165875236567,53365.42277115304,0.0,-19980.0,-978.6239747795312
BRENT,2015-08-18,2015-08-18,2015-08-18,2015,-0.018270910207525054,55609.061448336506,0.0,13302.0,-1016.0281684472994
BRENT,2015-08-25,2015-08-25,2015-08-25,2015,-0.12186325995521444,53008.019732539826,0.0,1866.0,-6459.730088377637
BRENT,2015-09-01,2015-09-01,2015-09-01,2015,0.13773188215958093,43804.11307639182,0.0,-221.0,6033.222940342556
BRENT,2015-09-08,2015-09-08,2015-09-08,2015,0.0009923589183929438,40103.74378908311,0.0,26933.0,39.797307810042255
BRENT,2015-09-15,2015-09-15,2015-09-15,2015,-0.05421050116780016,38534.82792824194,0.0,-8400.0,-2088.9923344049375
BRENT,2015-09-22,2015-09-22,2015-09-22,2015,0.027472552915971254,38887.36254682013,0.0,16448.0,1068.3351253300746
BRENT,2015-09-29,2015-09-29,2015-09-29,2015,-0.017470385761829993,41292.779893737075,0.0,-4107.0,-721.400793921924
BRENT,2015-10-06,2015-10-06,2015-10-06,2015,0.06991870158494554,41393.58979790565,0.0,13509.0,2894.1860526094115
BRENT,2015-10-13,2015-10-13,2015-10-13,2015,-0.05405662922807694,44532.51176430661,0.0,17672.0,-2407.277477038097
BRENT,2015-10-20,2015-10-20,2015-10-20,2015,-0.019919357795777692,39476.57851885378,0.0,-17883.0,-786.3480920701602
BRENT,2015-10-27,2015-10-27,2015-10-27,2015,-0.03978749250647204,41293.40778692367,0.0,-19756.0,-1642.9611528889197
BRENT,2015-11-03,2015-11-03,2015-11-03,2015,0.07735351238872964,43480.85862162604,0.0,18428.0,3363.397136060552
BRENT,2015-11-10,2015-11-10,2015-11-10,2015,-0.06518799833127875,46811.884630550165,0.0,14378.0,-3051.5730571803174
BRENT,2015-11-17,2015-11-17,2015-11-17,2015,-0.09891333698236485,42007.237094402546,0.0,-26910.0,-4155.075998416736
BRENT,2015-11-24,2015-11-24,2015-11-24,2015,0.056877855271507405,50607.77787144866,0.0,19323.0,2878.461865384852
BRENT,2015-12-01,2015-12-01,2015-12-01,2015,-0.03660980507561168,51663.30348018432,0.0,-7043.0,-1891.3834699717183
BRENT,2015-12-08,2015-12-08,2015-12-08,2015,-0.1051387615821866,52372.05498515855,0.0,10838.0,-5506.333002653752
BRENT,2015-12-15,2015-12-15,2015-12-15,2015,-0.04690723732414581,44110.56982098369,0.0,-21250.0,-2069.104967096186
BRENT,2015-12-22,2015-12-22,2015-12-22,2015,-0.07004465823729444,47001.28396608289,0.0,-4856.0,-3292.188872118303
BRENT,2015-12-29,2015-12-29,2015-12-29,2015,0.04547468207203126,43261.75956852075,0.0,-4930.0,1967.3147622551373
BRENT,2016-01-05,2016-01-05,2016-01-05,2016,-0.03350954945770773,42324.81299037685,0.0,20328.0,-1418.2854141892637
BRENT,2016-01-12,2016-01-12,2016-01-12,2016,-0.17142011381472488,34922.5285646627,0.0,16513.0,-5986.4238212524615
BRENT,2016-01-19,2016-01-19,2016-01-19,2016,-0.07672222616003743,20991.339052629755,0.0,11392.0,-1610.502262197886
BRENT,2016-01-26,2016-01-26,2016-01-26,2016,0.10001882253853889,17348.240443222727,0.0,38372.0,1735.1505822465972
BRENT,2016-02-02,2016-02-02,2016-02-02,2016,0.004457842221100461,29310.41267004861,0.0,31309.0,130.66119511842058
BRENT,2016-02-09,2016-02-09,2016-02-09,2016,-0.07730768023451251,29181.412954276588,0.0,-21988.0,-2255.9473414604754
BRENT,2016-02-16,2016-02-16,2016-02-16,2016,0.0583054495955051,31803.601340648114,0.0,14012.0,1854.323274922697
BRENT,2016-02-23,2016-02-23,2016-02-23,2016,0.03383049758826484,33216.634954661145,0.0,33351.0,1123.7352887239374
BRENT,2016-03-01,2016-03-01,2016-03-01,2016,0.0801761749097677,37273.62022235592,0.0,15387.0,2988.456294467863
BRENT,2016-03-08,2016-03-08,2016-03-08,2016,0.07132091298588761,40450.77111476743,0.0,-10032.0,2884.9859268883833
BRENT,2016-03-15,2016-03-15,2016-03-15,2016,-0.021349548808669128,37243.97997728578,0.0,14842.0,-795.1421683541585
BRENT,2016-03-22,2016-03-22,2016-03-22,2016,0.07622736538788444,36244.361915035675,0.0,13256.0,2762.8122189481473
BRENT,2016-03-29,2016-03-29,2016-03-29,2016,-0.06461693713447458,38709.338016129324,0.0,4197.0,-2501.2788611053556
BRENT,2016-04-05,2016-04-05,2016-04-05,2016,-0.057597991241941204,37335.11290395062,0.0,2467.0,-2150.4275060586338
BRENT,2016-04-12,2016-04-12,2016-04-12,2016,0.16226909550458807,36183.44785945684,0.0,41251.0,5871.455356391485
BRENT,2016-04-19,2016-04-19,2016-04-19,2016,-0.01986969862656457,50626.80202222637,0.0,16050.0,-1005.9392986083877
BRENT,2016-04-26,2016-04-26,2016-04-26,2016,0.038694304999346174,49764.894650352304,0.0,588.0,1925.6180118610628
BRENT,2016-05-03,2016-05-03,2016-05-03,2016,-0.012398434116689339,49625.716710246685,0.0,-27658.0,-615.2811791254827
BRENT,2016-05-10,2016-05-10,2016-05-10,2016,0.014007670491504753,48870.48778715731,0.0,-30879.0,684.5616896816069
BRENT,2016-05-17,2016-05-17,2016-05-17,2016,0.0779506742078816,47281.90920250653,0.0,33517.0,3685.6567001712256
BRENT,2016-05-24,2016-05-24,2016-05-24,2016,-0.011322401587212094,52904.98807264945,0.0,-15989.0,-599.0115209252031
BRENT,2016-05-31,2016-05-31,2016-05-31,2016,0.01433354508489948,53286.00251077545,0.0,5650.0,763.7773193822668
BRENT,2016-06-07,2016-06-07,2016-06-07,2016,0.0313198431957748,53132.631790967316,0.0,5139.0,1664.1056962719356
BRENT,2016-06-14,2016-06-14,2016-06-14,2016,-0.0305247725913797,53433.56353986729,0.0,-12122.0,-1631.0473758014866
BRENT,2016-06-21,2016-06-21,2016-06-21,2016,0.01830940014765642,52375.22717878743,0.0,-11017.0,958.9589922408289
BRENT,2016-06-28,2016-06-28,2016-06-28,2016,-0.039798328243533077,51373.424445759905,0.0,-20366.0,-2044.576409086699
BRENT,2016-07-05,2016-07-05,2016-07-05,2016,-0.023118112552822256,53369.298995020494,0.0,-15615.0,-1233.7974610321075
BRENT,2016-07-12,2016-07-12,2016-07-12,2016,0.009834129653718604,52288.0343332617,0.0,-3662.0,514.2073089713854
BRENT,2016-07-19,2016-07-19,2016-07-19,2016,-0.03887011203184304,49604.87031207099,0.0,-4669.0,-1928.1468663552444
BRENT,2016-07-26,2016-07-26,2016-07-26,2016,-0.042209490489777124,50290.95766271795,0.0,-17108.0,-2122.755699186277
BRENT,2016-08-02,2016-08-02,2016-08-02,2016,-0.07891434410630849,51970.96818109414,0.0,-33594.0,-4101.254866580873
BRENT,2016-08-09,2016-08-09,2016-08-09,2016,0.07127930761529327,56467.12158862188,0.0,33454.0,4024.937329865547
BRENT,2016-08-16,2016-08-16,2016-08-16,2016,0.08715837096314122,61009.878827232526,0.0,63215.0,5317.521651240228
BRENT,2016-08-23,2016-08-23,2016-08-23,2016,0.016834064867898013,73351.34695699926,0.0,36325.0,1234.801332821819
BRENT,2016-08-30,2016-08-30,2016-08-30,2016,-0.03210775553677003,74852.11441572048,0.0,-444.0,-2403.333391070293
BRENT,2016-09-06,2016-09-06,2016-09-06,2016,-0.030483638458853712,74642.54846026994,0.0,-37657.0,-2275.376460910337
BRENT,2016-09-13,2016-09-13,2016-09-13,2016,-0.0014701252253995767,77547.11724032101,0.0,2037.0,-114.00397321201432
BRENT,2016-09-20,2016-09-20,2016-09-20,2016,-0.02597548640326075,77506.35247883241,0.0,-47168.0,-2013.2652049802466
BRENT,2016-09-27,2016-09-27,2016-09-27,2016,0.0034453091789126145,79145.02177640848,0.0,-15039.0,272.6790699914989
BRENT,2016-10-04,2016-10-04,2016-10-04,2016,0.08924351788130652,78747.32659946379,0.0,70626.0,7027.688449484332
BRENT,2016-10-11,2016-10-11,2016-10-11,2016,0.030636131362213714,93615.54563365316,0.0,39756.0,2868.0181535779107
BRENT,2016-10-18,2016-10-18,2016-10-18,2016,-0.010997456306732711,99267.51533672537,0.0,-7728.0,-1091.6901625935566
BRENT,2016-10-25,2016-10-25,2016-10-25,2016,-0.01266325440650623,99752.08667506889,0.0,-17903.0,-1263.1860511462576
BRENT,2016-11-01,2016-11-01,2016-11-01,2016,-0.07049252145056095,100305.03873439887,0.0,-38969.0,-7070.755094583959
BRENT,2016-11-08,2016-11-08,2016-11-08,2016,-0.03682929499699045,106559.62140153127,0.0,-80164.0,-3924.515731364612
BRENT,2016-11-15,2016-11-15,2016-11-15,2016,0.016188727349918053,114334.00605231489,0.0,-19828.0,1850.922050804806
BRENT,2016-11-22,2016-11-22,2016-11-22,2016,0.0440617876421861,113202.71852074239,0.0,40827.0,4987.914143979118
BRENT,2016-11-29,2016-11-29,2016-11-29,2016,-0.057287549861447185,117177.97972164358,0.0,21508.0,-6712.839355967304
BRENT,2016-12-06,2016-12-06,2016-12-06,2016,0.13079379259051066,123857.11372849562,0.0,125670.0,16199.741643864147
BRENT,2016-12-13,2016-12-13,2016-12-13,2016,0.03134262319654302,160813.5083354319,0.0,22608.0,5040.317196671572
BRENT,2016-12-20,2016-12-20,2016-12-20,2016,-0.0065830679871280995,180214.05653558098,0.0,-22207.0,-1186.3613864098766
BRENT,2016-12-27,2016-12-27,2016-12-27,2016,0.01435558547706739,182473.83058843957,0.0,16632.0,2619.518672340258
BRENT,2017-01-03,2017-01-03,2017-01-03,2017,-0.02393842758445125,185134.25473532136,0.0,2048.0,-4431.822950382842
BRENT,2017-01-10,2017-01-10,2017-01-10,2017,-0.03406126370295087,199328.01672808913,0.0,-6785.0,-6789.364141161646
BRENT,2017-01-17,2017-01-17,2017-01-17,2017,0.030492380543027886,203466.9012751509,0.0,14691.0,6204.190181592588
BRENT,2017-01-24,2017-01-24,2017-01-24,2017,-0.0016101622586038311,204318.4025640399,0.0,-13434.0,-328.9857805468413
BRENT,2017-01-31,2017-01-31,2017-01-31,2017,-0.004846101200852104,204806.2467395491,0.0,30240.0,-992.5117982665413
BRENT,2017-02-07,2017-02-07,2017-02-07,2017,-0.010427998128535787,221152.0309941786,0.0,-10461.0,-2306.1729653291827
BRENT,2017-02-14,2017-02-14,2017-02-14,2017,0.017201642565916775,223926.65792621288,0.0,18875.0,3851.9063306270286
BRENT,2017-02-21,2017-02-21,2017-02-21,2017,0.008314952815906607,226392.82854257248,0.0,28969.0,1882.4456871911245
BRENT,2017-02-28,2017-02-28,2017-02-28,2017,-0.00441423865008983,232285.85016703664,0.0,-40763.0,-1025.3651776763083
BRENT,2017-03-07,2017-03-07,2017-03-07,2017,-0.012569874274791948,232617.23380486705,0.0,259.0,-2923.969383077062
BRENT,2017-03-14,2017-03-14,2017-03-14,2017,-0.0936902561739198,236220.48337262394,0.0,-63557.0,-22131.5576007083
BRENT,2017-03-21,2017-03-21,2017-03-21,2017,0.001564027689303582,251054.70120501157,0.0,-8229.0,392.6565042144755
BRENT,2017-03-28,2017-03-28,2017-03-28,2017,0.004483001368251693,251004.36147521206,0.0,-30130.0,1125.2528959305182
BRENT,2017-04-04,2017-04-04,2017-04-04,2017,0.05222664406566058,250577.60357765222,0.0,26258.0,13086.82731287624
BRENT,2017-04-11,2017-04-11,2017-04-11,2017,0.03890980742587191,252637.05630083167,0.0,27599.0,9830.05920930452
BRENT,2017-04-18,2017-04-18,2017-04-18,2017,-0.020707630327489346,255265.30215661967,0.0,-6334.0,-5285.939512494149
BRENT,2017-04-25,2017-04-25,2017-04-25,2017,-0.053155740050291,255916.35039389276,0.0,-68961.0,-13603.42299615695
BRENT,2017-05-02,2017-05-02,2017-05-02,2017,-0.04116608521558818,265171.96110036445,0.0,-36018.0,-10916.091547442236
BRENT,2017-05-09,2017-05-09,2017-05-09,2017,-0.03304596279503352,268010.3667674619,0.0,-42168.0,-8856.660608880835
BRENT,2017-05-16,2017-05-16,2017-05-16,2017,0.05544876978798435,271064.2890993625,0.0,12788.0,15030.181364014188
BRENT,2017-05-23,2017-05-23,2017-05-23,2017,0.04703651065869635,266970.2355206339,0.0,46246.0,12557.348328620972
BRENT,2017-05-30,2017-05-30,2017-05-30,2017,-0.04069947552965836,271482.25565675483,0.0,7284.0,-11049.185420838547
BRENT,2017-06-06,2017-06-06,2017-06-06,2017,-0.0419407037049217,271297.71135428594,0.0,-35777.0,-11378.416927733479
BRENT,2017-06-13,2017-06-13,2017-06-13,2017,-0.027547735748401914,274330.36931137845,0.0,-20545.0,-7557.18052155136
BRENT,2017-06-20,2017-06-20,2017-06-20,2017,-0.05877872205293794,275339.6144246672,0.0,-50131.0,-16184.110666430615
BRENT,2017-06-27,2017-06-27,2017-06-27,2017,0.014382559826840502,281419.80851500697,0.0,-21646.0,4047.5372324250857
BRENT,2017-07-04,2017-07-04,2017-07-03,2017,0.056056057066203535,280741.6173163636,0.0,31653.0,15737.268121144352
BRENT,2017-07-11,2017-07-11,2017-07-11,2017,-0.04278618011946084,296697.0406714504,0.0,785.0,-12694.533023079674
BRENT,2017-07-18,2017-07-18,2017-07-18,2017,0.02621679720469855,294058.8774529114,0.0,33563.0,7709.281956424281
BRENT,2017-07-25,2017-07-25,2017-07-25,2017,0.02574558933343596,295724.9078060568,0.0,27804.0,7613.612032042948
BRENT,2017-08-01,2017-08-01,2017-08-01,2017,0.028050817005348783,294015.1905684084,0.0,58544.0,8247.366307427174
BRENT,2017-08-08,2017-08-08,2017-08-08,2017,0.004801699420719507,296434.34463288664,0.0,58730.0,1423.3886209050986
BRENT,2017-08-15,2017-08-15,2017-08-15,2017,-0.030346619673503883,296460.6531948625,0.0,13827.0,-8996.578690663026
BRENT,2017-08-22,2017-08-22,2017-08-22,2017,0.018589714471380858,295372.3170261645,0.0,475.0,5490.887036266585
BRENT,2017-08-29,2017-08-29,2017-08-29,2017,0.0015497872144956681,310066.3920862629,0.0,-763.0,480.536930100091
BRENT,2017-09-05,2017-09-05,2017-09-05,2017,0.03275604346169242,330540.46491840004,0.0,-650.0,10827.19783471513
BRENT,2017-09-12,2017-09-12,2017-09-12,2017,0.012478046248606212,329151.87481176027,0.0,18962.0,4107.1723167165865
BRENT,2017-09-19,2017-09-19,2017-09-19,2017,0.01597390065951043,331581.72339333565,0.0,37784.0,5296.653509994409
BRENT,2017-09-26,2017-09-26,2017-09-26,2017,0.05354939956197596,332689.47701319435,0.0,36781.0,17815.321734644363
BRENT,2017-10-03,2017-10-03,2017-10-03,2017,-0.03411940314320938,336306.329241428,0.0,604.0,-11474.571227001188
BRENT,2017-10-10,2017-10-10,2017-10-10,2017,0.01034430483113663,337313.76361181407,0.0,-14907.0,3489.2763945385677
BRENT,2017-10-17,2017-10-17,2017-10-17,2017,0.020720671092922305,343510.9352074742,0.0,5496.0,7117.7771052562175
BRENT,2017-10-24,2017-10-24,2017-10-24,2017,0.010889399799268284,342613.59042017465,0.0,14324.0,3730.856362748036
BRENT,2017-10-31,2017-10-31,2017-10-31,2017,0.04652001563489261,342157.0500388353,0.0,17590.0,15917.151317395352
BRENT,2017-11-07,2017-11-07,2017-11-07,2017,0.045282851057943746,344680.7237005733,0.0,2873.0,15608.125873877323
BRENT,2017-11-14,2017-11-14,2017-11-14,2017,-0.022465694298144517,351317.13498817413,0.0,-1706.0,-7892.583356344291
BRENT,2017-11-21,2017-11-21,2017-11-21,2017,0.004180742542258503,353712.0743437284,0.0,-14661.0,1478.7791169193279
BRENT,2017-11-28,2017-11-28,2017-11-28,2017,0.014654610778778665,353627.3789215611,0.0,-3724.0,5182.271598815157
BRENT,2017-12-05,2017-12-05,2017-12-05,2017,-0.004891838460592934,353954.8125632265,0.0,-1793.0,-1731.4897654087545
BRENT,2017-12-12,2017-12-12,2017-12-12,2017,0.0014357504261041099,374133.1170406283,0.0,9624.0,537.1617822107409
BRENT,2017-12-19,2017-12-19,2017-12-19,2017,0.010624059334528202,373486.31595791853,0.0,-14996.0,3967.9407813712737
BRENT,2017-12-26,2017-12-26,2017-12-26,2017,0.047136401483268184,378789.5643595373,0.0,34194.0,17854.776983323405
BRENT,2018-01-02,2018-01-02,2018-01-02,2018,0.0014733900809160427,386088.4942727283,0.0,4271.0,568.8589578172482
BRENT,2018-01-09,2018-01-09,2018-01-09,2018,0.03287274500057487,390709.04219984333,0.0,6962.0,12843.678713654295
BRENT,2018-01-16,2018-01-16,2018-01-16,2018,0.006417758316974498,456642.57157749386,0.0,-2484.0,2930.6216616260836
BRENT,2018-01-23,2018-01-23,2018-01-23,2018,0.010989121575595326,473577.2225466053,0.0,13892.0,5204.197673997409
BRENT,2018-01-30,2018-01-30,2018-01-30,2018,-0.014776453123796607,478592.86135268793,0.0,3305.0,-7071.904981161682
BRENT,2018-02-06,2018-02-06,2018-02-06,2018,-0.02556861459989472,477165.89549420075,0.0,-716.0,-12200.47088210486
BRENT,2018-02-13,2018-02-13,2018-02-13,2018,-0.06269505489996166,481606.6316087569,0.0,-28021.0,-30194.354208896624
BRENT,2018-02-20,2018-02-20,2018-02-20,2018,0.04095010931128307,485135.9097462983,0.0,-28788.0,19866.36853493967
BRENT,2018-02-27,2018-02-27,2018-02-27,2018,0.022346449366212995,471935.0832228283,0.0,13068.0,10546.073441378448
BRENT,2018-03-06,2018-03-06,2018-03-06,2018,-0.010509547944890799,481787.9575195021,0.0,-6565.0,-5063.373638822219
BRENT,2018-03-13,2018-03-13,2018-03-13,2018,-0.015837956952700752,499134.58556529053,0.0,8587.0,-7905.272079787202
BRENT,2018-03-20,2018-03-20,2018-03-20,2018,0.03965578469365222,500680.04180416686,0.0,21078.0,19854.859938194833
BRENT,2018-03-27,2018-03-27,2018-03-27,2018,0.03412000936526784,511559.2811665654,0.0,34388.0,17454.407464292894
BRENT,2018-04-03,2018-04-03,2018-04-03,2018,-0.019016381989579903,528520.8897853913,0.0,4923.0,-10050.555129631659
BRENT,2018-04-10,2018-04-10,2018-04-10,2018,0.03983436348277213,537830.1784954511,0.0,14096.0,21424.122822192014
BRENT,2018-04-17,2018-04-17,2018-04-17,2018,0.007779938809984996,586225.6054515641,0.0,-7564.0,4560.799339259575
BRENT,2018-04-24,2018-04-24,2018-04-24,2018,0.02916063326623464,589307.9745304853,0.0,-7410.0,17184.593726151026
BRENT,2018-05-01,2018-05-01,2018-05-01,2018,0.0019099573568558499,590274.6813407767,0.0,-24724.0,1127.399470192559
BRENT,2018-05-08,2018-05-08,2018-05-08,2018,0.02539689701622976,588225.3718581862,0.0,-26512.0,14939.09919141581
BRENT,2018-05-15,2018-05-15,2018-05-15,2018,0.04842610626104314,584805.4771828683,0.0,-29470.0,28319.85218009762
BRENT,2018-05-22,2018-05-22,2018-05-22,2018,0.016724069001011407,571892.428183338,0.0,-45069.0,9564.368430094106
BRENT,2018-05-29,2018-05-29,2018-05-29,2018,-0.05288825966622456,564800.169398209,0.0,-38591.0,-29871.298018660094
BRENT,2018-06-05,2018-06-05,2018-06-05,2018,-0.0007753361738681783,568184.8330179129,0.0,-15327.0,-440.53425448203836
BRENT,2018-06-12,2018-06-12,2018-06-12,2018,0.006897493853295897,570986.0601129268,0.0,17237.0,3938.372839946554
BRENT,2018-06-19,2018-06-19,2018-06-19,2018,-0.013440883695276518,572738.9974471348,0.0,4994.0,-7698.118252436213
BRENT,2018-06-26,2018-06-26,2018-06-26,2018,0.019897194415262727,574282.1361319041,0.0,-9371.0,11426.60331182887
BRENT,2018-07-03,2018-07-03,2018-07-03,2018,0.02122310678993996,572087.3522566226,0.0,1150.0,12141.470970116301
BRENT,2018-07-10,2018-07-10,2018-07-10,2018,0.015510148777092378,570074.2672578156,0.0,-8098.0,8841.936699160642
BRENT,2018-07-17,2018-07-17,2018-07-17,2018,-0.08463221088498458,568878.1585171982,0.0,-84845.0,-48145.4162794892
BRENT,2018-07-24,2018-07-24,2018-07-24,2018,0.021364822497696848,594254.6732211512,0.0,13413.0,12696.145611796741
BRENT,2018-07-31,2018-07-31,2018-07-31,2018,0.0055401803756151904,596636.072526299,0.0,3557.0,3305.4714603943235
BRENT,2018-08-07,2018-08-07,2018-08-07,2018,0.008033247110047943,604163.903600037,0.0,-13983.0,4853.397932590281
BRENT,2018-08-14,2018-08-14,2018-08-14,2018,-0.029913579129284128,608071.6547740864,0.0,-10796.0,-18189.599561359377
BRENT,2018-08-21,2018-08-21,2018-08-21,2018,0.0017846116343254136,599512.4405920936,0.0,-14710.0,1069.8968764034737
BRENT,2018-08-28,2018-08-28,2018-08-28,2018,0.04531606428379907,595887.536641923,0.0,63256.0,27003.27791638006
BRENT,2018-09-04,2018-09-04,2018-09-04,2018,0.023980062479692858,613059.0343495058,0.0,28508.0,14701.19394744132
BRENT,2018-09-11,2018-09-11,2018-09-11,2018,0.008436711169507768,611161.7244527284,0.0,23227.0,5156.194947065963
BRENT,2018-09-18,2018-09-18,2018-09-18,2018,-0.0003819466594270904,612364.6108230816,0.0,17726.0,-233.89061745524629
BRENT,2018-09-25,2018-09-25,2018-09-25,2018,0.034173173172797736,606048.7524774382,0.0,30977.0,20710.608969569526
BRENT,2018-10-02,2018-10-02,2018-10-02,2018,0.04326140992763308,609181.8070732359,0.0,-13279.0,26354.06387625155
BRENT,2018-10-09,2018-10-09,2018-10-09,2018,0.002249986146666605,583799.1084250025,0.0,-5016.0,1313.5399063925709
BRENT,2018-10-16,2018-10-16,2018-10-16,2018,-0.04228193519821605,578271.243890798,0.0,-61704.0,-24450.427261182507
BRENT,2018-10-23,2018-10-23,2018-10-23,2018,-0.0622377805992573,590706.9964845183,0.0,-43612.0,-36764.292445649706
BRENT,2018-10-30,2018-10-30,2018-10-30,2018,-0.002629850299389204,592984.6849822009,0.0,-48635.0,-1559.4609513336536
BRENT,2018-11-06,2018-11-06,2018-11-06,2018,-0.05145584229631914,595588.7517668012,0.0,-43774.0,-30646.52088437409
BRENT,2018-11-13,2018-11-13,2018-11-13,2018,-0.09211407328634046,583882.7864846444,0.0,-47804.0,-53783.82178487921
BRENT,2018-11-20,2018-11-20,2018-11-20,2018,-0.04617998908060722,583308.3348699963,0.0,-33269.0,-26937.172534923608
BRENT,2018-11-27,2018-11-27,2018-11-27,2018,-0.039602708446651314,580515.0416436938,0.0,-9664.0,-22989.967943110853
BRENT,2018-12-04,2018-12-04,2018-12-04,2018,0.02767125681353716,600255.1997155317,0.0,-29713.0,16609.815784989514
BRENT,2018-12-11,2018-12-11,2018-12-11,2018,-0.030515543925950267,535949.6434831931,0.0,2124.0,-16354.794887808765
BRENT,2018-12-18,2018-12-18,2018-12-18,2018,-0.0707105252394302,529507.7851733594,0.0,11716.0,-37441.773607975614
BRENT,2018-12-25,2018-12-25,2018-12-24,2018,-0.1021447933448072,499703.0962179387,0.0,5493.0,-51042.06949694165
BRENT,2019-01-01,2019-01-01,2018-12-31,2018,0.05796783820843554,454580.1282862122,0.0,-7962.0,26351.027329265024
BRENT,2019-01-08,2019-01-08,2019-01-08,2019,0.08631694859201006,442025.2173943847,0.0,8063.0,38154.26796620317
BRENT,2019-01-15,2019-01-15,2019-01-15,2019,0.031589490532167724,425492.42878579773,0.0,15947.0,13441.089050638007
BRENT,2019-01-22,2019-01-22,2019-01-22,2019,0.00982326170294301,425683.77149048925,0.0,28795.0,4181.603090046866
BRENT,2019-01-29,2019-01-29,2019-01-29,2019,-0.002936859673309783,427261.6150276596,0.0,35796.0,-1254.8074071279425
BRENT,2019-02-05,2019-02-05,2019-02-05,2019,0.012637394037970207,427602.292551556,0.0,661.0,5403.778662513426
BRENT,2019-02-12,2019-02-12,2019-02-12,2019,0.005302494949820463,426728.7579507449,0.0,32271.0,2262.7270839769835
BRENT,2019-02-19,2019-02-19,2019-02-19,2019,0.06318544267810841,426448.07223293756,0.0,16747.0,26945.31022326411
BRENT,2019-02-26,2019-02-26,2019-02-26,2019,-0.016840267501742764,420501.82438608713,0.0,14981.0,-7081.363207632566
BRENT,2019-03-05,2019-03-05,2019-03-05,2019,0.00822986689278049,416733.8317321383,0.0,-6538.0,3429.663964873881
BRENT,2019-03-12,2019-03-12,2019-03-12,2019,0.00996234654566247,416644.081949565,0.0,2558.0,4150.75273058096
BRENT,2019-03-19,2019-03-19,2019-03-19,2019,0.012537477659035776,399560.9574931123,0.0,13156.0,5009.486577992839
BRENT,2019-03-26,2019-03-26,2019-03-26,2019,0.00014831294057585098,400416.49778998765,0.0,12534.0,59.386948242316805
BRENT,2019-04-02,2019-04-02,2019-04-02,2019,0.027491509455339083,401486.00502549455,0.0,33621.0,11037.456303344698
BRENT,2019-04-09,2019-04-09,2019-04-09,2019,0.01768685116636717,404065.7242708946,0.0,13273.0,7146.650326609668
BRENT,2019-04-16,2019-04-16,2019-04-16,2019,0.014854909930105704,401393.24449475075,0.0,22189.0,5962.6604935224195
BRENT,2019-04-23,2019-04-23,2019-04-23,2019,0.03694424280652291,403526.88875715155,0.0,24490.0,14907.995357204967
BRENT,2019-04-30,2019-04-30,2019-04-30,2019,-0.025078395480609004,386913.41945113044,0.0,-6435.0,-9703.167749750206
BRENT,2019-05-07,2019-05-07,2019-05-07,2019,-0.03387742127499499,379901.7651512356,0.0,-4314.0,-12870.09214114262
BRENT,2019-05-14,2019-05-14,2019-05-14,2019,0.017793553110188615,370121.4603583416,0.0,-6727.0,6585.775862106721
BRENT,2019-05-21,2019-05-21,2019-05-21,2019,0.014122533829142284,371634.0189004957,0.0,-2552.0,5248.414003982354
BRENT,2019-05-28,2019-05-28,2019-05-28,2019,-0.037724147407627154,359921.4988633296,0.0,-47378.0,-13577.731678294354
BRENT,2019-06-04,2019-06-04,2019-06-04,2019,-0.10364824162918701,377306.12052100856,0.0,-53209.0,-39107.11594793265
BRENT,2019-06-11,2019-06-11,2019-06-11,2019,0.00603935566161215,381980.18919875263,0.0,-9793.0,2306.914218261167
BRENT,2019-06-18,2019-06-18,2019-06-18,2019,-0.001954716374151677,379353.9612029841,0.0,-14359.0,-741.529399562773
BRENT,2019-06-25,2019-06-25,2019-06-25,2019,0.046979421231419516,366926.6493856142,0.0,-15087.0,17238.001622520147
BRENT,2019-07-02,2019-07-02,2019-07-02,2019,-0.027494520353957413,358323.18001872726,0.0,-11973.0,-9851.923966319642
BRENT,2019-07-09,2019-07-09,2019-07-09,2019,0.02807702871924332,353753.1159193261,0.0,-1296.0,9932.33639518873
BRENT,2019-07-16,2019-07-16,2019-07-16,2019,-0.0014087816370822182,356610.2779710003,0.0,35535.0,-502.3860112003307
BRENT,2019-07-23,2019-07-23,2019-07-23,2019,-0.0014107691030179476,351228.5189268913,0.0,-26315.0,-495.5023426008127
BRENT,2019-07-30,2019-07-30,2019-07-30,2019,0.013709515236268552,347704.45710441953,0.0,13584.0,4766.859552391525
BRENT,2019-08-06,2019-08-06,2019-08-06,2019,-0.09142316830581175,337811.93637273856,0.0,-19066.0,-30883.837514717048
BRENT,2019-08-13,2019-08-13,2019-08-13,2019,0.04002208472383148,327737.6124559502,0.0,-27727.0,13116.742492898285
BRENT,2019-08-20,2019-08-20,2019-08-20,2019,-0.02224158074182475,320980.2245963259,0.0,-7653.0,-7139.1075818882255
BRENT,2019-08-27,2019-08-27,2019-08-27,2019,-0.009274158032538282,321819.3068189984,0.0,7280.0,-2984.603109361316
BRENT,2019-09-03,2019-09-03,2019-09-03,2019,-0.01335969640080717,321130.56835693354,0.0,18489.0,-4290.206898267285
BRENT,2019-09-10,2019-09-10,2019-09-10,2019,0.06679801631976644,321588.08038238774,0.0,49290.0,21481.445841625096
BRENT,2019-09-17,2019-09-17,2019-09-17,2019,0.03392325282909853,333628.00088465255,0.0,-15130.0,11317.747024876775
BRENT,2019-09-24,2019-09-24,2019-09-24,2019,-0.02291634338802899,323493.6567918582,0.0,-15903.0,-7413.291722891419
BRENT,2019-10-01,2019-10-01,2019-10-01,2019,-0.052617275784098555,317323.58538604254,0.0,-22957.0,-16696.702605056347
BRENT,2019-10-08,2019-10-08,2019-10-08,2019,-0.007073263338099517,322501.1852048524,0.0,-50644.0,-2281.1358098031246
BRENT,2019-10-15,2019-10-15,2019-10-15,2019,0.013413786679168982,326322.8614852302,0.0,-1717.0,4377.225252498886
BRENT,2019-10-22,2019-10-22,2019-10-22,2019,0.015257119145764164,325922.3891551437,0.0,6260.0,4972.636723612141
BRENT,2019-10-29,2019-10-29,2019-10-29,2019,0.029669865080359348,325218.33906576986,0.0,46737.0,9649.184241739951
BRENT,2019-11-05,2019-11-05,2019-11-05,2019,0.026571931302068932,332390.0923397759,0.0,34790.0,8832.246699140873
BRENT,2019-11-12,2019-11-12,2019-11-12,2019,-0.014428393286119542,341508.24681772187,0.0,26671.0,-4927.415295539274
BRENT,2019-11-19,2019-11-19,2019-11-19,2019,-0.02012273077726201,339138.5368550941,0.0,-812.0,-6824.393473329608
BRENT,2019-11-26,2019-11-26,2019-11-26,2019,0.05178467647198633,338743.8443260614,0.0,48989.0,17541.74038530199
BRENT,2019-12-03,2019-12-03,2019-12-03,2019,-0.03964966931829583,351404.25238520955,0.0,-26062.0,-13933.062404116528
BRENT,2019-12-10,2019-12-10,2019-12-10,2019,0.05423356910397867,354831.02151406894,0.0,52327.0,19243.7527255186
BRENT,2019-12-17,2019-12-17,2019-12-17,2019,0.026282517415804858,367271.5300490426,0.0,34438.0,9652.820384843259
BRENT,2019-12-24,2019-12-24,2019-12-24,2019,0.015383747144581574,373199.79598989396,0.0,-2965.0,5741.211295917957
BRENT,2019-12-31,2019-12-31,2019-12-31,2019,-0.002421308689010344,366734.6903171127,0.0,7338.0,-887.9778922263428
BRENT,2020-01-07,2020-01-07,2020-01-07,2020,0.03432521236554101,366555.42408695235,0.0,19823.0,12582.092775525585
BRENT,2020-01-14,2020-01-14,2020-01-14,2020,-0.05882256143568629,369486.2942802892,0.0,-6497.0,-21734.130244946376
BRENT,2020-01-21,2020-01-21,2020-01-21,2020,0.0018817631395691183,363531.6143072117,0.0,1453.0,684.0803918713685
BRENT,2020-01-28,2020-01-28,2020-01-28,2020,-0.0819113907961013,362792.3771621024,0.0,-34308.0,-29716.828183571542
BRENT,2020-02-04,2020-02-04,2020-02-04,2020,-0.07938477355307458,366116.4024433432,0.0,-54864.0,-29064.06770203112
BRENT,2020-02-11,2020-02-11,2020-02-11,2020,0.0014768324633602226,380541.4435890987,0.0,-68712.0,561.9959575463438
BRENT,2020-02-18,2020-02-18,2020-02-18,2020,0.05909345245341585,378172.7895388314,0.0,1684.0,22347.535757788573
BRENT,2020-02-25,2020-02-25,2020-02-25,2020,-0.058171538494877134,381987.07671253255,0.0,8972.0,-22220.775937528673
BRENT,2020-03-03,2020-03-03,2020-03-03,2020,-0.045364547698759,369867.7545912967,0.0,-58011.0,-16778.883395389767
BRENT,2020-03-10,2020-03-10,2020-03-10,2020,-0.30685905042329736,381380.46491550567,0.0,-82081.0,-117030.04731396775
BRENT,2020-03-17,2020-03-17,2020-03-17,2020,-0.2251802788012396,340060.22455794795,0.0,-74287.0,-76574.85617517086
BRENT,2020-03-24,2020-03-24,2020-03-24,2020,-0.022278560657264412,337366.8895016707,0.0,-13603.0,-7516.048711515592
BRENT,2020-03-31,2020-03-31,2020-03-31,2020,-0.12102466604463746,335234.12159410917,0.0,7153.0,-40571.59761269445
BRENT,2020-04-07,2020-04-07,2020-04-07,2020,0.15087009023896347,317674.26928745833,0.0,42421.0,47927.54567399562
BRENT,2020-04-14,2020-04-14,2020-04-14,2020,-0.027036615956806065,315045.39844593353,0.0,4500.0,-8517.761446741652
BRENT,2020-04-21,2020-04-21,2020-04-21,2020,-0.37293476718776664,314235.90899160464,0.0,27959.0,-117189.4955618203
BRENT,2020-04-28,2020-04-28,2020-04-28,2020,-0.016572555481787044,201711.45342247124,0.0,19547.0,-3342.8742531558078
BRENT,2020-05-05,2020-05-05,2020-05-05,2020,0.27196858391276146,201016.7749290285,0.0,36830.0,54670.247620158174
BRENT,2020-05-12,2020-05-12,2020-05-12,2020,-0.035080127681575535,193659.71896780588,0.0,-19705.0,-6793.607668168665
BRENT,2020-05-19,2020-05-19,2020-05-19,2020,0.12579299209733408,197909.57053636885,0.0,3735.0,24895.637042468228
BRENT,2020-05-26,2020-05-26,2020-05-26,2020,0.05023377508106919,194629.09637394384,0.0,9335.0,9776.954251480434
BRENT,2020-06-02,2020-06-02,2020-06-02,2020,0.06779392073120927,191938.63334998683,0.0,2106.0,13012.272494585646
BRENT,2020-06-09,2020-06-09,2020-06-09,2020,0.04559123897329753,190618.76697954664,0.0,8801.0,8690.545758159828
BRENT,2020-06-16,2020-06-16,2020-06-16,2020,-0.00919657982261457,190435.2958824148,0.0,4520.0,-1751.3533996258514
BRENT,2020-06-23,2020-06-23,2020-06-23,2020,0.03816346741360066,190512.08918316386,0.0,18020.0,7270.601907438657
BRENT,2020-06-30,2020-06-30,2020-06-30,2020,-0.034765405891442946,191686.9007321672,0.0,-307.0,-6664.0729080265255
BRENT,2020-07-07,2020-07-07,2020-07-07,2020,0.04418911476427145,191409.2194022659,0.0,-11419.0,8458.203963106342
BRENT,2020-07-14,2020-07-14,2020-07-14,2020,-0.003009609865160967,190179.25039581783,0.0,6848.0,-572.3653481401711
BRENT,2020-07-21,2020-07-21,2020-07-21,2020,0.032393343257066776,179885.70270628898,0.0,2339.0,5827.099314803485
BRENT,2020-07-28,2020-07-28,2020-07-28,2020,-0.021325672062142864,179326.82925964516,0.0,-24274.0,-3824.2651527350786
BRENT,2020-08-04,2020-08-04,2020-08-04,2020,0.020260000078779594,180069.04271480071,0.0,-3879.0,3648.198819587629
BRENT,2020-08-11,2020-08-11,2020-08-11,2020,0.0033396446491217313,180018.8448067785,0.0,16610.0,601.1989718000332
BRENT,2020-08-18,2020-08-18,2020-08-18,2020,0.022418521314296225,179827.96887783322,0.0,-2774.0,4031.477153194302
BRENT,2020-08-25,2020-08-25,2020-08-25,2020,0.006067190875801987,179606.7434812487,0.0,-2061.0,1089.70839528194
BRENT,2020-09-01,2020-09-01,2020-09-01,2020,-0.014641765760806114,175163.10743733784,0.0,-18984.0,-2564.6971890324157
BRENT,2020-09-08,2020-09-08,2020-09-08,2020,-0.13080220100368678,174558.0255358706,0.0,-72785.0,-22832.573942949635
BRENT,2020-09-15,2020-09-15,2020-09-15,2020,0.019384731637670405,185449.44744009216,0.0,-41012.0,3594.887770980449
BRENT,2020-09-22,2020-09-22,2020-09-22,2020,0.02495929901316829,183979.02796088983,0.0,23668.0,4591.987571027898
BRENT,2020-09-29,2020-09-29,2020-09-29,2020,-0.015045059905220537,183348.36656335884,0.0,-906.0,-2758.4871584700677
BRENT,2020-10-06,2020-10-06,2020-10-06,2020,0.026498535098188225,184879.11889435316,0.0,-11853.0,4899.025820944131
BRENT,2020-10-13,2020-10-13,2020-10-13,2020,-0.005346984725780546,184137.3237408245,0.0,34946.0,-984.5794574882962
BRENT,2020-10-20,2020-10-20,2020-10-20,2020,0.014578529630234871,179876.7907376791,0.0,21263.0,2622.3391235608124
BRENT,2020-10-27,2020-10-27,2020-10-27,2020,-0.04510983256935641,176848.63413630435,0.0,962.0,-7977.612276008058
BRENT,2020-11-03,2020-11-03,2020-11-03,2020,-0.04776957768889223,175932.6482787551,0.0,-49884.0,-8404.228309964543
BRENT,2020-11-10,2020-11-10,2020-11-10,2020,0.08951964418085512,176269.6697362367,0.0,37634.0,15779.598114664755
BRENT,2020-11-17,2020-11-17,2020-11-17,2020,0.0011380449617947042,174622.87716538395,0.0,49186.0,198.72868557216069
BRENT,2020-11-24,2020-11-24,2020-11-24,2020,0.08332701236224282,172697.49952498215,0.0,51412.0,14390.366677846612
BRENT,2020-12-01,2020-12-01,2020-12-01,2020,-0.009445833836307926,177814.9777226599,0.0,19466.0,-1679.610733175041
BRENT,2020-12-08,2020-12-08,2020-12-08,2020,0.029312981198025168,179122.29455985842,0.0,28280.0,5250.608452580255
BRENT,2020-12-15,2020-12-15,2020-12-15,2020,0.03818791990787146,180684.96225167695,0.0,11195.0,6899.982867023818
BRENT,2020-12-22,2020-12-22,2020-12-21,2020,-0.010905233482262744,183972.61831109738,0.0,-2535.0,-2006.264357025723
BRENT,2020-12-29,2020-12-29,2020-12-29,2020,0.021107401626445865,188362.70484219005,0.0,-5804.0,3975.847262547785
BRENT,2021-01-05,2021-01-05,2021-01-05,2021,0.04371771427256882,189938.85475768876,0.0,11378.0,8303.692581555586
BRENT,2021-01-12,2021-01-12,2021-01-12,2021,0.05363459324496417,191468.86376475095,0.0,26042.0,10269.354627097875
BRENT,2021-01-19,2021-01-19,2021-01-19,2021,-0.011573172883053873,192421.5068196578,0.0,-5471.0,-2226.9273648416297
BRENT,2021-01-26,2021-01-26,2021-01-26,2021,-0.0035880913988748375,192016.46447854093,0.0,22817.0,-688.9726246378085
BRENT,2021-02-02,2021-02-02,2021-02-02,2021,0.03183906589757313,192056.55319832402,0.0,7114.0,6114.901253342197
BRENT,2021-02-09,2021-02-09,2021-02-09,2021,0.05955453075659062,192153.0964856559,0.0,2697.0,11443.587494629119
BRENT,2021-02-16,2021-02-16,2021-02-16,2021,0.03320949872248902,190936.11061515872,0.0,2829.0,6340.892521551135
BRENT,2021-02-23,2021-02-23,2021-02-23,2021,0.027037170333541083,190201.20948917285,0.0,857.0,5142.502498604297
BRENT,2021-03-02,2021-03-02,2021-03-02,2021,-0.025552958990915142,190540.07275202093,0.0,-1322.0,-4868.862665158379
BRENT,2021-03-09,2021-03-09,2021-03-09,2021,0.0754052050970796,190497.5348171683,0.0,-4132.0,14364.505683376638
BRENT,2021-03-16,2021-03-16,2021-03-16,2021,0.012155500987979656,188030.09795776178,0.0,-5791.0,2285.6000414954847
BRENT,2021-03-23,2021-03-23,2021-03-23,2021,-0.1090179662468421,187618.8333697737,0.0,-50707.0,-20453.82364357788
BRENT,2021-03-30,2021-03-30,2021-03-30,2021,0.05295966729359891,193304.07552056067,0.0,7522.0,10237.31952606561
BRENT,2021-04-06,2021-04-06,2021-04-06,2021,-0.020612606482369844,191719.4655213873,0.0,-21947.0,-3951.8378978026294
BRENT,2021-04-13,2021-04-13,2021-04-13,2021,0.013523394385745846,192056.50752251103,0.0,21193.0,2597.2558955758805
BRENT,2021-04-20,2021-04-20,2021-04-20,2021,0.04087256214181767,191995.06054557624,0.0,12081.0,7847.330043071111
BRENT,2021-04-27,2021-04-27,2021-04-27,2021,-0.0007587829486146724,191188.37346703236,0.0,-8850.0,-145.070477760158
BRENT,2021-05-04,2021-05-04,2021-05-04,2021,0.04563635531712845,191129.0007721926,0.0,10198.0,8722.430990647501
BRENT,2021-05-11,2021-05-11,2021-05-11,2021,-0.0011694198087551788,191370.27025234775,0.0,-19025.0,-223.7921848399274
BRENT,2021-05-18,2021-05-18,2021-05-18,2021,0.0021915415302164454,191717.68978827845,0.0,-14087.0,420.15727924816554
BRENT,2021-05-25,2021-05-25,2021-05-25,2021,-0.0004379242461053645,191790.6852377347,0.0,-23651.0,-83.98979124276623
BRENT,2021-06-01,2021-06-01,2021-06-01,2021,0.02501419710125119,189200.19968895323,0.0,9792.0,4732.69108661556
BRENT,2021-06-08,2021-06-08,2021-06-08,2021,0.027673656419255455,183317.64162152115,0.0,21285.0,5073.06942982218
BRENT,2021-06-15,2021-06-15,2021-06-15,2021,0.020536866770379428,184218.31152578403,0.0,18081.0,3783.2669204692793
BRENT,2021-06-22,2021-06-22,2021-06-22,2021,0.010584981445318206,184684.1145123613,0.0,-6153.0,1954.877925358367
BRENT,2021-06-29,2021-06-29,2021-06-29,2021,0.00269614614658098,186493.60416569328,0.0,-5076.0,502.8140122333325
BRENT,2021-07-06,2021-07-06,2021-07-06,2021,0.0017168599148597308,186136.2577150478,0.0,-2955.0,319.5698795729659
BRENT,2021-07-13,2021-07-13,2021-07-13,2021,0.028537002438586943,186448.75869017033,0.0,5140.0,5320.688681412899
BRENT,2021-07-20,2021-07-20,2021-07-20,2021,-0.09614264878347062,186528.35390483,0.0,-34232.0,-17933.330017630982
BRENT,2021-07-27,2021-07-27,2021-07-27,2021,0.06678987471568694,189175.58661250086,0.0,37165.0,12635.013729115515
BRENT,2021-08-03,2021-08-03,2021-08-03,2021,-0.0131574743579672,191730.30216730537,0.0,4026.0,-2522.6865344116236
BRENT,2021-08-10,2021-08-10,2021-08-10,2021,-0.02183339070169424,191335.41925491006,0.0,-26588.0,-4177.500963664922
BRENT,2021-08-17,2021-08-17,2021-08-17,2021,-0.0231948740374866,194660.73797098667,0.0,-22541.0,-4515.131297281221
BRENT,2021-08-24,2021-08-24,2021-08-24,2021,0.025897001828242228,195261.35401380068,0.0,-8205.0,5056.683641880449
BRENT,2021-08-31,2021-08-31,2021-08-31,2021,0.01717868209531813,194809.63293452087,0.0,28285.0,3346.5727532877504
BRENT,2021-09-07,2021-09-07,2021-09-07,2021,0.0008447135515656373,196047.40591413935,0.0,4603.0,165.6039005249628
BRENT,2021-09-14,2021-09-14,2021-09-14,2021,0.02652380718464755,191807.17111031592,0.0,15433.0,5087.456423162719
BRENT,2021-09-21,2021-09-21,2021-09-21,2021,0.00818893616664438,193579.84533526175,0.0,21763.0,1585.2129965993502
BRENT,2021-09-28,2021-09-28,2021-09-28,2021,0.06294863485785693,193408.23256508735,0.0,246.0,12174.784210243157
BRENT,2021-10-05,2021-10-05,2021-10-05,2021,0.053468306269239194,190909.29057224942,0.0,-7407.0,10207.59641796021
BRENT,2021-10-12,2021-10-12,2021-10-12,2021,0.010938368662801165,188654.75775129843,0.0,-25772.0,2063.575290275148
BRENT,2021-10-19,2021-10-19,2021-10-19,2021,0.019511062408482424,188222.32108110932,0.0,-23922.0,3672.417453282941
BRENT,2021-10-26,2021-10-26,2021-10-26,2021,0.015175869159554975,187191.5670570752,0.0,-9228.0,2840.794729430235
BRENT,2021-11-02,2021-11-02,2021-11-02,2021,-0.012067686865950097,184734.47887372997,0.0,-8325.0,-2229.3178443926467
BRENT,2021-11-09,2021-11-09,2021-11-09,2021,0.0014371259958481375,183473.3669330966,0.0,-10439.0,263.67434516533723
BRENT,2021-11-16,2021-11-16,2021-11-16,2021,-0.025943993613532265,184187.17542707856,0.0,-18557.0,-4778.550902974674
BRENT,2021-11-23,2021-11-23,2021-11-23,2021,-0.001105990896148934,184914.7848440133,0.0,-10086.0,-204.51406860081758
BRENT,2021-11-30,2021-11-30,2021-11-30,2021,-0.1610806574887499,181344.83865595466,0.0,-54631.0,-29211.145842892445
BRENT,2021-12-07,2021-12-07,2021-12-07,2021,0.08645469865061363,186987.69035895178,0.0,-5291.0,16165.964421357427
BRENT,2021-12-14,2021-12-14,2021-12-14,2021,-0.019768007389463483,180054.62886611655,0.0,-544.0,-3559.321233932497
BRENT,2021-12-21,2021-12-21,2021-12-21,2021,0.004471855138298616,178647.63481603557,0.0,643.0,798.8863436969833
BRENT,2021-12-28,2021-12-28,2021-12-28,2021,0.06173748182222702,178793.6773574538,0.0,41916.0,11038.271405784926
BRENT,2022-01-04,2022-01-04,2022-01-04,2022,0.016667618151170842,181997.66742378307,0.0,20833.0,3033.467625023401
BRENT,2022-01-11,2022-01-11,2022-01-11,2022,0.04341824422411568,181715.44616420887,0.0,44442.0,7889.765620851766
BRENT,2022-01-18,2022-01-18,2022-01-18,2022,0.04357218136229314,184779.7556409808,0.0,1600.0,8051.2570248690245
BRENT,2022-01-25,2022-01-25,2022-01-25,2022,0.004598766440041979,184308.01175450487,0.0,-9136.0,847.5894990874796
BRENT,2022-02-01,2022-02-01,2022-02-01,2022,0.022667454361797235,181579.64386206173,0.0,-21175.0,4115.9482902746795
BRENT,2022-02-08,2022-02-08,2022-02-08,2022,0.018177186901279146,175141.46098363824,0.0,-9271.0,3183.579070462682
BRENT,2022-02-15,2022-02-15,2022-02-15,2022,0.019060860760607312,174929.7184003889,0.0,960.0,3334.31100532206
BRENT,2022-02-22,2022-02-22,2022-02-22,2022,0.02973995876660493,175726.46038742218,0.0,9417.0,5226.09768612337
BRENT,2022-03-01,2022-03-01,2022-03-01,2022,0.10444139468676755,177857.28395221397,0.0,15904.0,18575.662791169667
BRENT,2022-03-08,2022-03-08,2022-03-08,2022,0.1996723817198795,173554.13299368945,0.0,-100092.0,34653.96709217869
BRENT,2022-03-15,2022-03-15,2022-03-15,2022,-0.23540664524626748,106987.09573760495,0.0,11960.0,-25185.473292230825
BRENT,2022-03-22,2022-03-22,2022-03-22,2022,0.1363073066524061,69983.2185224389,0.0,5556.0,9539.224027660424
BRENT,2022-03-29,2022-03-29,2022-03-29,2022,-0.03753743067741827,68534.13905263826,0.0,-5060.0,-2572.595493724953
BRENT,2022-04-05,2022-04-05,2022-04-05,2022,-0.004488692987870968,72125.14745757465,0.0,-306.0,-323.74764364197495
BRENT,2022-04-12,2022-04-12,2022-04-12,2022,-0.009359250822541076,63041.8514915037,0.0,-898.0,-590.0245004263684
BRENT,2022-04-19,2022-04-19,2022-04-19,2022,0.022860848549019375,63367.96311425378,0.0,26591.0,1448.6454076148018
BRENT,2022-04-26,2022-04-26,2022-04-26,2022,-0.019125748674418463,114879.87460847847,0.0,-16687.0,-2197.1636095104664
BRENT,2022-05-03,2022-05-03,2022-05-03,2022,0.007451703616097982,116524.09078763865,0.0,2388.0,868.3029886847764
BRENT,2022-05-10,2022-05-10,2022-05-10,2022,-0.02429743376681376,112064.16108128973,0.0,1923.0,-2722.8715315061854
BRENT,2022-05-17,2022-05-17,2022-05-17,2022,0.08162186315369602,109916.46184430616,0.0,21590.0,8971.586406994407
BRENT,2022-05-24,2022-05-24,2022-05-24,2022,0.007617702566913576,117554.56671664114,0.0,14019.0,895.4957246297704
BRENT,2022-05-31,2022-05-31,2022-05-31,2022,0.04340245484074462,117312.35127184876,0.0,7761.0,5091.644028337985
BRENT,2022-06-07,2022-06-07,2022-06-07,2022,0.04820628184320863,119043.71371579658,0.0,15791.0,5738.654815045931
BRENT,2022-06-14,2022-06-14,2022-06-14,2022,-0.0030518843626642367,120160.78309380649,0.0,10581.0,-366.7168149294772
BRENT,2022-06-21,2022-06-21,2022-06-21,2022,-0.052375289118904655,120222.66812064592,0.0,-25945.0,-6296.697001464951
BRENT,2022-06-28,2022-06-28,2022-06-28,2022,0.017999333294710707,121959.76184183899,0.0,-9212.0,2195.1944019348007
BRENT,2022-07-05,2022-07-05,2022-07-05,2022,-0.10736428286064725,121728.38088190032,0.0,-47625.0,-13069.28031717295
BRENT,2022-07-12,2022-07-12,2022-07-12,2022,-0.029421424063447665,136277.90351110138,0.0,-507.0,-4009.4899896777174
BRENT,2022-07-19,2022-07-19,2022-07-19,2022,0.06796584962104091,136013.2826588167,0.0,9967.0,9244.258315653267
BRENT,2022-07-26,2022-07-26,2022-07-26,2022,-0.0338077072027167,136387.1924185512,0.0,8892.0,-4610.938267486961
BRENT,2022-08-02,2022-08-02,2022-08-02,2022,0.01635621087045952,133455.4829076319,0.0,-5521.0,2182.8260202562337
BRENT,2022-08-09,2022-08-09,2022-08-09,2022,-0.03918016247506567,133479.15702594287,0.0,-20444.0,-5229.735059311245
BRENT,2022-08-16,2022-08-16,2022-08-16,2022,-0.033338207211997484,135213.87558126578,0.0,-12733.0,-4507.788202065485
BRENT,2022-08-23,2022-08-23,2022-08-23,2022,0.07787706002900802,136505.27552143135,0.0,26131.0,10630.629536058788
BRENT,2022-08-30,2022-08-30,2022-08-30,2022,-0.01350205781911673,140342.56117960328,0.0,16108.0,-1894.9133755299306
BRENT,2022-09-06,2022-09-06,2022-09-06,2022,-0.04680624493476321,138804.08386264034,0.0,-18793.0,-6496.897947220157
BRENT,2022-09-13,2022-09-13,2022-09-13,2022,0.0027145898639530652,117205.85548025026,0.0,2810.0,318.1658272826352
BRENT,2022-09-20,2022-09-20,2022-09-20,2022,-0.031056344599091068,119989.72260823952,0.0,4901.0,-3726.442173670835
BRENT,2022-09-27,2022-09-27,2022-09-27,2022,-0.05200000819788286,117412.45158868894,0.0,-8563.0,-6105.44844514535
BRENT,2022-10-04,2022-10-04,2022-10-04,2022,0.07589782994368416,117871.41306091481,0.0,25656.0,8946.184463719064
BRENT,2022-10-11,2022-10-11,2022-10-11,2022,0.029292862906576844,123213.31125231936,0.0,13049.0,3609.270634779573
BRENT,2022-10-18,2022-10-18,2022-10-18,2022,-0.04296867295513357,124707.21479896561,0.0,-20598.0,-5358.503527842347
BRENT,2022-10-25,2022-10-25,2022-10-25,2022,0.034826631557990484,125889.202819502,0.0,30873.0,4384.296883723933
BRENT,2022-11-01,2022-11-01,2022-11-01,2022,0.030855516214867762,129789.30618980461,0.0,17172.0,4004.716041655953
BRENT,2022-11-08,2022-11-08,2022-11-08,2022,0.012743118309581747,124403.40849143668,0.0,8814.0,1585.2873525216041
BRENT,2022-11-15,2022-11-15,2022-11-15,2022,-0.013174292187125125,116907.69963777284,0.0,-27204.0,-1540.1761939526814
BRENT,2022-11-22,2022-11-22,2022-11-22,2022,-0.05598580210940707,117835.2200165819,0.0,-68257.0,-6597.099309366797
BRENT,2022-11-29,2022-11-29,2022-11-29,2022,-0.040133330145666224,117789.45595641888,0.0,-33998.0,-4727.28312357737
BRENT,2022-12-06,2022-12-06,2022-12-06,2022,-0.05612540375797198,122322.21040384496,0.0,-2541.0,-6865.383447483399
BRENT,2022-12-13,2022-12-13,2022-12-13,2022,0.01482616082035021,119146.24181230494,0.0,-5744.0,1766.4813422495674
BRENT,2022-12-20,2022-12-20,2022-12-20,2022,-0.004089478405171321,117941.65297428868,0.0,12370.0,-482.31984290856343
BRENT,2022-12-27,2022-12-27,2022-12-27,2022,0.05024966045921103,117723.24321292073,0.0,41424.0,5915.552999606386
BRENT,2023-01-03,2023-01-03,2023-01-03,2023,-0.027666842236095557,124145.3375884937,0.0,16797.0,-3434.7094694076786
BRENT,2023-01-10,2023-01-10,2023-01-10,2023,-0.022661068222595282,121447.71343607552,0.0,-5202.0,-2752.134919653109
BRENT,2023-01-17,2023-01-17,2023-01-17,2023,0.06987273674172578,118158.68637322255,0.0,56885.0,8256.07078670432
BRENT,2023-01-24,2023-01-24,2023-01-24,2023,0.001856795241605591,129096.16652724003,0.0,34349.0,239.70514771730225
BRENT,2023-01-31,2023-01-31,2023-01-31,2023,-0.00920162569559041,129575.63583795862,0.0,13605.0,-1192.3065002490255
BRENT,2023-02-07,2023-02-07,2023-02-07,2023,-0.021360726730467294,128818.19050446869,0.0,-11753.0,-2751.6501652792326
BRENT,2023-02-14,2023-02-14,2023-02-14,2023,0.022885922075111365,130434.33215836338,0.0,45746.0,2985.1099616954966
BRENT,2023-02-21,2023-02-21,2023-02-21,2023,-0.030108777600329095,133843.31955833512,0.0,-20764.0,-4029.8587418716897
BRENT,2023-02-28,2023-02-28,2023-02-28,2023,0.00818197321053954,135759.65738610082,0.0,15496.0,1110.7818798051032
BRENT,2023-03-07,2023-03-07,2023-03-07,2023,-0.0003622532189586636,136332.38759800344,0.0,12051.0,-49.38684625569693
BRENT,2023-03-14,2023-03-14,2023-03-14,2023,-0.07262263953753034,139993.8214986968,0.0,-66282.0,-10166.720836181225
BRENT,2023-03-21,2023-03-21,2023-03-21,2023,-0.025917388296046506,153847.38203765886,0.0,-60937.0,-3987.322338600215
BRENT,2023-03-28,2023-03-28,2023-03-28,2023,0.04061405606928714,146167.5221577138,0.0,-486.0,5936.455940422159
BRENT,2023-04-04,2023-04-04,2023-04-04,2023,0.08084574769721115,145303.20371512068,0.0,80070.0,11747.146147149118
BRENT,2023-04-11,2023-04-11,2023-04-11,2023,0.007306183808400424,162733.6557791029,0.0,1633.0,1188.9620009350897
BRENT,2023-04-18,2023-04-18,2023-04-18,2023,-0.008489615899180514,161872.1189230949,0.0,6979.0,-1374.2321144435455
BRENT,2023-04-25,2023-04-25,2023-04-25,2023,-0.046660993741226564,160866.9114765722,0.0,-51601.0,-7506.2099495787825
BRENT,2023-05-02,2023-05-02,2023-05-02,2023,-0.06636032896919011,167820.68249511937,0.0,-73342.0,-11136.635698210126
BRENT,2023-05-09,2023-05-09,2023-05-09,2023,0.029284477247523172,181317.9241342329,0.0,-28499.0,5309.800623877076
BRENT,2023-05-16,2023-05-16,2023-05-16,2023,-0.033557988024905366,177922.94041441672,0.0,-8885.0,-5970.735903782947
BRENT,2023-05-23,2023-05-23,2023-05-23,2023,0.026675290898219378,178355.79714574994,0.0,34641.0,4757.692772246685
BRENT,2023-05-30,2023-05-30,2023-05-30,2023,-0.040284609617608935,180979.05425884383,0.0,29650.0,-7290.670549781589
BRENT,2023-06-06,2023-06-06,2023-06-06,2023,0.0332946755051981,175596.4256016769,0.0,21373.0,5846.426010280493
BRENT,2023-06-13,2023-06-13,2023-06-13,2023,-0.025017938206389256,175803.52693760605,0.0,-7775.0,-4398.241773390317
BRENT,2023-06-20,2023-06-20,2023-06-20,2023,0.02238601143377933,175098.0190025778,0.0,16570.0,3919.7462554238173
BRENT,2023-06-27,2023-06-27,2023-06-27,2023,-0.04556044003232007,176316.8591248008,0.0,-25927.0,-8033.073686842513
BRENT,2023-07-04,2023-07-04,2023-07-03,2023,0.04912629273050817,179048.36887583832,0.0,23774.0,8795.982582314442
BRENT,2023-07-11,2023-07-11,2023-07-11,2023,0.0389425173775339,181468.50243729548,0.0,46668.0,7066.840309639432
BRENT,2023-07-18,2023-07-18,2023-07-18,2023,0.0054234855774506485,186494.53313724333,0.0,-41964.0,1011.4504107432313
BRENT,2023-07-25,2023-07-25,2023-07-25,2023,0.046091107200266934,180449.74842447377,0.0,446.0,8317.12869889362
BRENT,2023-08-01,2023-08-01,2023-08-01,2023,0.02018279192443817,173546.07521896015,0.0,26233.0,3502.6443254471683
BRENT,2023-08-08,2023-08-08,2023-08-08,2023,0.014106264236547372,175378.02192557807,0.0,406.0,2473.928718565203
BRENT,2023-08-15,2023-08-15,2023-08-15,2023,-0.016358117039964537,173597.50209386073,0.0,19349.0,-2839.7282570968628
BRENT,2023-08-22,2023-08-22,2023-08-22,2023,-0.007025092891205564,170913.11863499333,0.0,-12373.0,-1200.6805347364648
BRENT,2023-08-29,2023-08-29,2023-08-29,2023,0.014472375966489204,172290.02629699433,0.0,-20754.0,2493.4460358464135
BRENT,2023-09-05,2023-09-05,2023-09-05,2023,0.05790340870248545,169670.18656701723,0.0,22784.0,9824.482157416955
BRENT,2023-09-12,2023-09-12,2023-09-12,2023,0.021918079098150578,172177.04594468419,0.0,22833.0,3773.790111901494
BRENT,2023-09-19,2023-09-19,2023-09-19,2023,0.019624416850643478,172612.26905400577,0.0,16752.0,3387.4151214512367
BRENT,2023-09-26,2023-09-26,2023-09-26,2023,-0.007652136277544852,172933.25450256444,0.0,-25459.0,-1323.3088303729699
BRENT,2023-10-03,2023-10-03,2023-10-03,2023,-0.015524236635824806,175839.30553884179,0.0,-20595.0,-2729.7709890640795
BRENT,2023-10-10,2023-10-10,2023-10-10,2023,-0.03375078071388271,179875.15554611717,0.0,-78508.0,-6070.926930712544
BRENT,2023-10-17,2023-10-17,2023-10-17,2023,0.026662143436148422,189273.11707443115,0.0,66571.0,5046.426996045397
BRENT,2023-10-24,2023-10-24,2023-10-24,2023,-0.01593477832396234,196716.6959250895,0.0,149.0,-3134.636942188607
BRENT,2023-10-31,2023-10-31,2023-10-31,2023,-0.024858987145775113,197171.04055153902,0.0,-8433.0,-4901.472362589812
BRENT,2023-11-07,2023-11-07,2023-11-07,2023,-0.03789063303406287,197225.738864345,0.0,-21699.0,-7473.008096180808
BRENT,2023-11-14,2023-11-14,2023-11-14,2023,0.011007938944295526,199107.18825818005,0.0,-3399.0,2191.759771716401
BRENT,2023-11-21,2023-11-21,2023-11-21,2023,0.0032788905446626826,197716.78543398884,0.0,-11279.0,648.2916982806064
BRENT,2023-11-28,2023-11-28,2023-11-28,2023,-0.01232098538615406,197546.7288843548,0.0,4094.0,-2433.970359666673
BRENT,2023-12-05,2023-12-05,2023-12-05,2023,-0.05075528940361518,183555.01718255682,0.0,-25960.0,-9316.388018586229
BRENT,2023-12-12,2023-12-12,2023-12-12,2023,-0.048453302422080125,193705.42054706925,0.0,-50109.0,-9385.66732256336
BRENT,2023-12-19,2023-12-19,2023-12-19,2023,0.07656298505535253,201384.57799540323,0.0,67063.0,15418.604435440533
BRENT,2023-12-26,2023-12-26,2023-12-26,2023,0.018475122920331433,215965.8896091775,0.0,43950.0,3989.9963571282833
BRENT,2024-01-02,2024-01-02,2024-01-02,2024,-0.062017189341455226,212133.04116912693,0.0,-33888.0,-13155.894979764462
BRENT,2024-01-09,2024-01-09,2024-01-09,2024,0.01828682097738249,215808.90169502815,0.0,40702.0,3946.458750622516
BRENT,2024-01-16,2024-01-16,2024-01-16,2024,0.007864412350759353,212656.1047368634,0.0,15723.0,1672.415296556963
BRENT,2024-01-23,2024-01-23,2024-01-23,2024,0.015798519444410186,214314.99295601723,0.0,-15280.0,3385.8595834442704
BRENT,2024-01-30,2024-01-30,2024-01-30,2024,0.04195900430733057,213388.98659698086,0.0,53895.0,8953.589407759626
BRENT,2024-02-06,2024-02-06,2024-02-06,2024,-0.049151748044390764,222575.99412089464,0.0,-24096.0,-10939.999183760014
BRENT,2024-02-13,2024-02-13,2024-02-13,2024,0.0474081538248734,225849.02538514877,0.0,42233.0,10707.08533665687
BRENT,2024-02-20,2024-02-20,2024-02-20,2024,-0.006969521394803224,231548.73953943318,0.0,-4236.0,-1613.7838941597988
BRENT,2024-02-27,2024-02-27,2024-02-27,2024,0.014132788836769494,231339.66083544496,0.0,-22420.0,3269.4745761572176
BRENT,2024-03-05,2024-03-05,2024-03-05,2024,-0.007268684788143576,233246.5917085943,0.0,-21926.0,-1695.3959530385948
BRENT,2024-03-12,2024-03-12,2024-03-12,2024,0.0015971500415827289,365795.2589837932,0.0,-2037.0,584.2299130967303
BRENT,2024-03-19,2024-03-19,2024-03-19,2024,0.06141863356621413,504317.11456272885,0.0,58174.0,30974.468060498675
BRENT,2024-03-26,2024-03-26,2024-03-26,2024,-0.011495046748380089,572048.1041389423,0.0,4958.0,-6575.719699399343
BRENT,2024-04-02,2024-04-02,2024-04-02,2024,0.035868499219098404,575259.888429948,0.0,11797.0,20633.708858928225
BRENT,2024-04-09,2024-04-09,2024-04-09,2024,0.007255445046403797,573239.3853456423,0.0,2547.0,4159.106858809598
BRENT,2024-04-16,2024-04-16,2024-04-16,2024,0.007875828289102216,573437.7783117093,0.0,20730.0,4516.297476467285
BRENT,2024-04-23,2024-04-23,2024-04-23,2024,-0.02083644627260728,572244.8882798555,0.0,-33166.0,-11923.549869417364
BRENT,2024-04-30,2024-04-30,2024-04-30,2024,-0.012203697392021595,574443.1491112948,0.0,17294.0,-7010.33036067418
BRENT,2024-05-07,2024-05-07,2024-05-07,2024,-0.03434068799427542,572578.2319577206,0.0,-60965.0,-19662.730415973943
BRENT,2024-05-14,2024-05-14,2024-05-14,2024,-0.009230087389419883,584435.2855169491,0.0,-46490.0,-5394.388758782001
BRENT,2024-05-21,2024-05-21,2024-05-21,2024,0.00898827865894647,601691.6565806296,0.0,-66608.0,5408.172276109821
BRENT,2024-05-28,2024-05-28,2024-05-28,2024,0.014882655875799011,596749.3900954176,0.0,4572.0,8881.215816883043
BRENT,2024-06-04,2024-06-04,2024-06-04,2024,-0.07983314498542982,601776.4556174261,0.0,-103878.0,-48041.707030124046
BRENT,2024-06-11,2024-06-11,2024-06-11,2024,0.05378791544561501,636223.3195907341,0.0,31389.0,34221.1261186749
BRENT,2024-06-18,2024-06-18,2024-06-18,2024,0.03601280354972902,635466.5138634334,0.0,74011.0,22884.93072619498
BRENT,2024-06-25,2024-06-25,2024-06-25,2024,-0.0036740782070545652,650368.7488760084,0.0,12213.0,-2389.505646794686
BRENT,2024-07-02,2024-07-02,2024-07-02,2024,0.02395705961884681,652535.1757735033,0.0,37345.0,15632.8241094005
BRENT,2024-07-09,2024-07-09,2024-07-09,2024,-0.018307958353681486,673746.2869485638,0.0,5107.0,-12334.918962401842
BRENT,2024-07-16,2024-07-16,2024-07-16,2024,-0.0130783554669891,675556.3340838486,0.0,-18118.0,-8835.165875124616
BRENT,2024-07-23,2024-07-23,2024-07-23,2024,-0.03352680930667151,694824.9858987149,0.0,-35510.0,-23295.264803736936
BRENT,2024-07-30,2024-07-30,2024-07-30,2024,-0.025295391952342705,706128.7459682402,0.0,-73663.0,-17861.80339808287
BRENT,2024-08-06,2024-08-06,2024-08-06,2024,-0.018903478121998663,718797.9247978574,0.0,-56168.0,-13587.780845554338
BRENT,2024-08-13,2024-08-13,2024-08-13,2024,0.05002325239758215,727169.4222903603,0.0,46417.0,36375.379547034696
BRENT,2024-08-20,2024-08-20,2024-08-20,2024,-0.04281530558877922,733798.1024178657,0.0,-7943.0,-31417.789995487226
BRENT,2024-08-27,2024-08-27,2024-08-27,2024,0.0267988209545148,744693.9180695061,0.0,17365.0,19956.918976260808
BRENT,2024-09-03,2024-09-03,2024-09-03,2024,-0.06156449998616076,746877.4585686623,0.0,-44866.0,-45981.13728771419
BRENT,2024-09-10,2024-09-10,2024-09-10,2024,-0.06292091248233311,752106.6392601931,0.0,-58691.0,-47323.236026272294
BRENT,2024-09-17,2024-09-17,2024-09-17,2024,0.058956721657721645,757369.2135055282,0.0,7129.0,44652.005912772984
BRENT,2024-09-24,2024-09-24,2024-09-24,2024,0.019799941654559727,747737.0156233559,0.0,27630.0,14805.149282297061
BRENT,2024-10-01,2024-10-01,2024-10-01,2024,-0.01371144105369193,761224.6638168979,0.0,21295.0,-10437.487106541852
BRENT,2024-10-08,2024-10-08,2024-10-08,2024,0.04774239968390109,776612.5469540858,0.0,126510.0,37077.34661621437
BRENT,2024-10-15,2024-10-15,2024-10-15,2024,-0.03863226801141323,811224.8127357423,0.0,-27932.0,-31339.454383115706
BRENT,2024-10-22,2024-10-22,2024-10-22,2024,0.023278643131747545,814891.052312087,0.0,-1601.0,18969.557998027296
BRENT,2024-10-29,2024-10-29,2024-10-29,2024,-0.06685098741488815,810557.7771003234,0.0,-22155.0,-54186.58775597343
BRENT,2024-11-05,2024-11-05,2024-11-05,2024,0.0654398687378524,796388.8504250946,0.0,17021.0,52115.58183610736
BRENT,2024-11-12,2024-11-12,2024-11-12,2024,-0.04755988587164184,779891.7255274232,0.0,-14348.0,-37091.56145832207
BRENT,2024-11-19,2024-11-19,2024-11-19,2024,0.01852929118936003,770590.1901787542,0.0,33304.0,14278.49002148646
BRENT,2024-11-26,2024-11-26,2024-11-26,2024,-0.009221729379619903,762926.7803216289,0.0,1468.0,-7035.504304590785
BRENT,2024-12-03,2024-12-03,2024-12-03,2024,0.016838679177327065,761352.4322833994,0.0,29691.0,12820.169348097792
BRENT,2024-12-10,2024-12-10,2024-12-10,2024,-0.017919156240264855,780436.2054751088,0.0,5505.0,-13984.75830146792
BRENT,2024-12-17,2024-12-17,2024-12-17,2024,0.013126267914212564,779741.4901086128,0.0,17831.0,10235.095702992978
BRENT,2024-12-24,2024-12-24,2024-12-24,2024,0.004382968254725006,780966.4041963327,0.0,-27713.0,3422.950957599264
BRENT,2024-12-31,2024-12-31,2024-12-31,2024,0.019891055643150024,779085.8332136134,0.0,34620.0,15496.839659241883
BRENT,2025-01-07,2025-01-07,2025-01-07,2025,0.028679607694530096,790134.2718754401,0.0,43331.0,22660.740943390807
BRENT,2025-01-14,2025-01-14,2025-01-14,2025,0.031945014121905035,796868.584226712,0.0,34368.0,25455.978176424785
BRENT,2025-01-21,2025-01-21,2025-01-21,2025,-0.006103782938017721,798448.0412104633,0.0,7453.0,-4873.553530834096
BRENT,2025-01-28,2025-01-28,2025-01-28,2025,-0.024663914022587774,797374.6489514776,0.0,22203.0,-19666.379785530353
BRENT,2025-02-04,2025-02-04,2025-02-04,2025,-0.0022720675699232085,790785.247173993,0.0,-16599.0,-1796.717514877738
BRENT,2025-02-11,2025-02-11,2025-02-11,2025,0.013931096639194174,791914.1931805782,0.0,426.0,11032.233155148118
BRENT,2025-02-18,2025-02-18,2025-02-18,2025,-0.01565306540696343,785758.1096041283,0.0,-23962.0,-12299.523083685359
BRENT,2025-02-25,2025-02-25,2025-02-25,2025,-0.03961851200491051,787898.0490428036,0.0,-44596.0,-31215.348314647883
BRENT,2025-03-04,2025-03-04,2025-03-04,2025,-0.019817307479501167,791474.247279132,0.0,-61845.0,-15684.8885204373
BRENT,2025-03-11,2025-03-11,2025-03-11,2025,-0.02163253184323477,798660.0386819474,0.0,-8847.0,-17277.03871870634
BRENT,2025-03-18,2025-03-18,2025-03-18,2025,0.015377180197733042,792294.0868878891,0.0,48306.0,12183.24894367343
BRENT,2025-03-25,2025-03-25,2025-03-25,2025,0.03186010825201646,788286.4520724856,0.0,55511.0,25114.891696627375
BRENT,2025-04-01,2025-04-01,2025-04-01,2025,0.02936995632692685,807036.6854014049,0.0,62513.0,23702.632204467063
BRENT,2025-04-08,2025-04-08,2025-04-08,2025,-0.1680777208807381,806532.7960262476,0.0,-161512.0,-135560.19417166093
BRENT,2025-04-15,2025-04-15,2025-04-15,2025,0.024403049007620747,836919.3343177004,0.0,-63158.0,20423.383530780175
BRENT,2025-04-22,2025-04-22,2025-04-22,2025,0.03989482720038098,823686.168806043,0.0,24744.0,32860.817371860925
BRENT,2025-04-29,2025-04-29,2025-04-29,2025,-0.04933182708779446,817193.8493855901,0.0,-6080.0,-40313.66567509908
BRENT,2025-05-06,2025-05-06,2025-05-06,2025,-0.018067702598786484,796447.7889233497,0.0,-10566.0,-14389.981785728154
BRENT,2025-05-13,2025-05-13,2025-05-13,2025,0.06852852617848423,806647.9191038875,0.0,49217.0,55278.393041130585
BRENT,2025-05-20,2025-05-20,2025-05-20,2025,-0.020934372877136453,807986.4144599098,0.0,7409.0,-16914.68887996427
BRENT,2025-05-27,2025-05-27,2025-05-27,2025,-0.018546467861116994,802079.4015430781,0.0,-4951.0,-14875.73984278265
BRENT,2025-06-03,2025-06-03,2025-06-03,2025,0.033018145489573686,818132.182929112,0.0,7688.0,27013.20744565593
BRENT,2025-06-10,2025-06-10,2025-06-10,2025,0.018158735011871152,815057.624965483,0.0,26921.0,14800.415431153262
BRENT,2025-06-17,2025-06-17,2025-06-17,2025,0.12453138883660281,818785.3770696883,0.0,34224.0,101964.4801655898
BRENT,2025-06-24,2025-06-24,2025-06-24,2025,-0.12392670249920568,765884.0830182434,0.0,-26157.0,-94913.48890507879
BRENT,2025-07-01,2025-07-01,2025-07-01,2025,0.014179540847929772,718720.2392537169,0.0,-23997.0,10191.122990731938
BRENT,2025-07-08,2025-07-08,2025-07-08,2025,0.040683075011806624,719202.3315621613,0.0,51322.0,29259.36240360963
BRENT,2025-07-15,2025-07-15,2025-07-15,2025,-0.01754944132978975,720208.0037034171,0.0,20989.0,-12639.248106238118
BRENT,2025-07-22,2025-07-22,2025-07-22,2025,-0.00014754703088382115,718202.3046318996,0.0,-11576.0,-105.96861762235442
BRENT,2025-07-29,2025-07-29,2025-07-29,2025,0.056092149518653545,727167.472522122,0.0,22728.0,40788.38659381226
BRENT,2025-08-05,2025-08-05,2025-08-05,2025,-0.055335263838815485,719871.5443682043,0.0,-19559.0,-39834.281837670154
BRENT,2025-08-12,2025-08-12,2025-08-12,2025,-0.02036423038900298,714203.6415940911,0.0,-30594.0,-14544.207502086982
BRENT,2025-08-19,2025-08-19,2025-08-19,2025,-0.004888491250570448,719004.1073238918,0.0,-22927.0,-3514.8452877770605
BRENT,2025-08-26,2025-08-26,2025-08-26,2025,0.02121291663919278,719254.151405355,0.0,25253.0,15257.478356155138
BRENT,2025-09-02,2025-09-02,2025-09-02,2025,0.036723577137103114,723063.7368803365,0.0,38583.0,26553.48691636707
BRENT,2025-09-09,2025-09-09,2025-09-09,2025,-0.03682673016574328,732054.5223077774,0.0,-34954.0,-26959.174359640616
BRENT,2025-09-16,2025-09-16,2025-09-16,2025,0.0283347318420607,732896.8237470859,0.0,14635.0,20766.434968771704
BRENT,2025-09-23,2025-09-23,2025-09-23,2025,-0.01540999526558856,731626.282062804,0.0,-8027.0,-11274.35754276797
BRENT,2025-09-30,2025-09-30,2025-09-30,2025,-0.01413557371547891,730462.0117993163,0.0,-9903.0,-10325.499614146262
BRENT,2025-10-07,2025-10-07,2025-10-07,2025,-0.010416760858255714,729599.3329301641,0.0,-60824.0,-7600.061773476412
BRENT,2025-10-14,2025-10-14,2025-10-14,2025,-0.04600685300239682,722268.2457163233,0.0,-31345.0,-33229.289008969914
BRENT,2025-10-21,2025-10-21,2025-10-21,2025,-0.016091367115899452,714513.3182751633,0.0,-58520.0,-11497.496113565161
BRENT,2025-10-28,2025-10-28,2025-10-28,2025,0.0448577527115622,719922.8245548403,0.0,122096.0,32294.120035290405
BRENT,2025-11-04,2025-11-04,2025-11-04,2025,0.012592258881874263,744251.7061273821,0.0,-21126.0,9371.810156832602
BRENT,2025-11-11,2025-11-11,2025-11-10,2025,0.01240903157403389,743460.1730899324,0.0,11817.0,9225.620761909673
BRENT,2025-11-18,2025-11-18,2025-11-18,2025,-0.006805904074412783,744377.751050116,0.0,13249.0,-5066.163568774209
BRENT,2025-11-25,2025-11-25,2025-11-25,2025,-0.04167599868690597,743920.0027057816,0.0,-52240.0,-31003.60905592924
BRENT,2025-12-02,2025-12-02,2025-12-02,2025,0.01063146139261234,749889.7200498311,0.0,20860.0,7972.4236074266555
BRENT,2025-12-09,2025-12-09,2025-12-09,2025,-0.006467282040262812,754227.8788396755,0.0,-32588.0,-4877.804415085349
BRENT,2025-12-16,2025-12-16,2025-12-16,2025,-0.04954470667258484,751430.0634315708,0.0,-72871.0,-37229.382077678994
BRENT,2025-12-23,2025-12-23,2025-12-23,2025,0.05310688660512894,757617.750809822,0.0,58107.0,40234.71998229005
BRENT,2025-12-30,2025-12-30,2025-12-30,2025,-0.008766289905004943,759946.7457715272,0.0,27811.0,-6661.913485798296
WTI,2015-01-06,2015-01-06,2015-01-06,2015,-0.1185047685001187,209130.2438537006,0.0,-6233.0,-24782.931134256163
WTI,2015-01-13,2015-01-13,2015-01-13,2015,-0.04107137215237422,185520.96663811806,0.0,16544.0,-7619.600662862348
WTI,2015-01-20,2015-01-20,2015-01-20,2015,-0.000860400139118811,176193.40453502306,0.0,911.0,-151.59682977375078
WTI,2015-01-27,2015-01-27,2015-01-27,2015,-0.0051780050967528135,170591.6707874036,0.0,-1962.0,-883.3245408007539
WTI,2015-02-03,2015-02-03,2015-02-03,2015,0.1373315061517652,169951.2069347474,0.0,-10300.0,23339.655220659184
WTI,2015-02-10,2015-02-10,2015-02-10,2015,-0.05593594648693978,132923.71985676754,0.0,1602.0,-7435.214080753123
WTI,2015-02-17,2015-02-17,2015-02-17,2015,0.06388790702084673,128505.77158838496,0.0,13512.0,8209.964786880906
WTI,2015-02-24,2015-02-24,2015-02-24,2015,-0.09682172869209527,129054.5014377116,0.0,-10131.0,-12495.279924695731
WTI,2015-03-03,2015-03-03,2015-03-03,2015,0.016573890297882032,118983.97271012948,0.0,-34233.0,1972.0273109038756
WTI,2015-03-10,2015-03-10,2015-03-10,2015,-0.0473911432557248,113990.30269949348,0.0,-3909.0,-5402.130764995129
WTI,2015-03-17,2015-03-17,2015-03-17,2015,-0.10254620291866512,113494.80465980124,0.0,-15789.0,-11638.461268858238
WTI,2015-03-24,2015-03-24,2015-03-24,2015,0.05006439177564148,116454.98654261645,0.0,-2532.0,5830.2480704966065
WTI,2015-03-31,2015-03-31,2015-03-31,2015,0.0018925460385442738,108208.94112693169,0.0,33489.0,204.79040286484513
WTI,2015-04-07,2015-04-07,2015-04-07,2015,0.11277117281188553,108382.69413520188,0.0,40968.0,12222.443530138584
WTI,2015-04-14,2015-04-14,2015-04-14,2015,-0.0065395328422122034,126966.70677531228,0.0,22135.0,-830.3029488246814
WTI,2015-04-21,2015-04-21,2015-04-21,2015,0.031218896977684762,124780.82684823535,0.0,20730.0,3895.51977816538
WTI,2015-04-28,2015-04-28,2015-04-28,2015,0.007917697736785467,127992.130432455,0.0,-1933.0,1013.4030014513993
WTI,2015-05-05,2015-05-05,2015-05-05,2015,0.056984203019790014,127137.79174604543,0.0,8957.0,7244.845736344436
WTI,2015-05-12,2015-05-12,2015-05-12,2015,0.003894844261540964,125991.6791542866,0.0,-3278.0,490.7179685559835
WTI,2015-05-19,2015-05-19,2015-05-19,2015,-0.06266143718566397,126750.28641898594,0.0,-12459.0,-7942.355110708205
WTI,2015-05-26,2015-05-26,2015-05-26,2015,0.0006895363141675714,126692.51588452386,0.0,442.0,87.35909043563107
WTI,2015-06-02,2015-06-02,2015-06-02,2015,0.053439417652742294,126000.84771708696,0.0,-6493.0,6733.41192575299
WTI,2015-06-09,2015-06-09,2015-06-09,2015,-0.014902429234195047,121723.56464525365,0.0,-7904.0,-1813.9768082598587
WTI,2015-06-16,2015-06-16,2015-06-16,2015,-0.002643318902391889,120513.32993642945,0.0,2426.0,-318.55516301115426
WTI,2015-06-23,2015-06-23,2015-06-23,2015,0.009221208102959455,116372.79364602895,0.0,-3237.0,1073.0977477327908
WTI,2015-06-30,2015-06-30,2015-06-30,2015,-0.025565801445258773,112736.72005667517,0.0,-14755.0,-2882.20460055868
WTI,2015-07-07,2015-07-07,2015-07-07,2015,-0.12670201653482488,109871.83513920892,0.0,-40022.0,-13920.983072519603
WTI,2015-07-14,2015-07-14,2015-07-14,2015,0.014502561366626976,126423.84590600205,0.0,-33681.0,1833.4695834567874
WTI,2015-07-21,2015-07-21,2015-07-21,2015,-0.05023099223976879,121502.41802811663,0.0,-33162.0,-6103.18701708347
WTI,2015-07-28,2015-07-28,2015-07-28,2015,-0.05829250258242513,126736.50881692763,0.0,-7721.0,-7387.788267498299
WTI,2015-08-04,2015-08-04,2015-08-04,2015,-0.04798431112440604,126874.99305707778,0.0,9506.0,-6088.0091407576765
WTI,2015-08-11,2015-08-11,2015-08-11,2015,-0.050232782391606556,125123.63197531698,0.0,-15840.0,-6285.308177063562
WTI,2015-08-18,2015-08-18,2015-08-18,2015,-0.017243788577380625,128776.56248589692,0.0,-17578.0,-2220.595817228652
WTI,2015-08-25,2015-08-25,2015-08-25,2015,-0.09250798716697273,129917.49588592947,0.0,6680.0,-12018.406042180795
WTI,2015-09-01,2015-09-01,2015-09-01,2015,0.1428687441591956,121069.15736790565,0.0,20956.0,17296.998469564704
WTI,2015-09-08,2015-09-08,2015-09-08,2015,0.012309841221485374,123217.64142099462,0.0,19890.0,1516.7896015783633
WTI,2015-09-15,2015-09-15,2015-09-15,2015,-0.03472343605838568,123521.5003275887,0.0,14207.0,-4289.090918460892
WTI,2015-09-22,2015-09-22,2015-09-22,2015,0.029774528701231207,120518.94934194036,0.0,19554.0,3588.394916223833
WTI,2015-09-29,2015-09-29,2015-09-29,2015,-0.02467643498179939,122731.70737413072,0.0,-13451.0,-3028.5809972229654
WTI,2015-10-06,2015-10-06,2015-10-06,2015,0.07009814846422635,123128.03421712959,0.0,23077.0,8631.047222660693
WTI,2015-10-13,2015-10-13,2015-10-13,2015,-0.03889436902050014,128022.69822146674,0.0,8875.0,-4979.362067625854
WTI,2015-10-20,2015-10-20,2015-10-20,2015,-0.018408054036287202,125480.02283451267,0.0,-22549.0,-2309.8430408122613
WTI,2015-10-27,2015-10-27,2015-10-27,2015,-0.06908545979311442,129205.75553585657,0.0,-20621.0,-8926.23902911139
WTI,2015-11-03,2015-11-03,2015-11-03,2015,0.10317781087451561,132733.87744889146,0.0,26546.0,13695.190904062856
WTI,2015-11-10,2015-11-10,2015-11-10,2015,-0.07133753844620572,138595.6979413452,0.0,-27121.0,-9887.075930369427
WTI,2015-11-17,2015-11-17,2015-11-17,2015,-0.08565186620404175,143642.10567850317,0.0,-28639.0,-12303.214416841978
WTI,2015-11-24,2015-11-24,2015-11-24,2015,0.027431372401031884,149074.78591946865,0.0,-24850.0,4089.325968161049
WTI,2015-12-01,2015-12-01,2015-12-01,2015,-0.02492155153789155,145826.0256987965,0.0,-5856.0,-3634.2108150184545
WTI,2015-12-08,2015-12-08,2015-12-08,2015,-0.10040078714118672,144800.08780076337,0.0,-4999.0,-14538.04279330959
WTI,2015-12-15,2015-12-15,2015-12-15,2015,-0.012900075691747559,140784.90489816206,0.0,5155.0,-1816.1359294417723
WTI,2015-12-22,2015-12-22,2015-12-22,2015,-0.06351766266273517,140614.47600107465,0.0,-17351.0,-8931.502852133532
WTI,2015-12-29,2015-12-29,2015-12-29,2015,0.04675895674962083,141964.97208831485,0.0,11694.0,6638.133989838642
WTI,2016-01-05,2016-01-05,2016-01-05,2016,-0.04843971659956525,143103.477516255,0.0,-24315.0,-6931.89189529965
WTI,2016-01-12,2016-01-12,2016-01-12,2016,-0.16514871730361924,143569.43935241117,0.0,-13064.0,-23710.30875305046
WTI,2016-01-19,2016-01-19,2016-01-19,2016,-0.06386193112529237,136839.2963060554,0.0,20291.0,-8738.821715930784
WTI,2016-01-26,2016-01-26,2016-01-26,2016,0.06163864928206375,130755.07118335643,0.0,20421.0,8059.565974522187
WTI,2016-02-02,2016-02-02,2016-02-02,2016,-0.04312056007704412,131179.33924346298,0.0,-10814.0,-5656.526578714697
WTI,2016-02-09,2016-02-09,2016-02-09,2016,-0.06098058519551719,132037.4949247943,0.0,6133.0,-8051.723708264088
WTI,2016-02-16,2016-02-16,2016-02-16,2016,0.04052605295310241,127332.8959142955,0.0,-14542.0,5160.299682494617
WTI,2016-02-23,2016-02-23,2016-02-23,2016,0.028646134444133775,122233.33543950334,0.0,44391.0,3501.512560554914
WTI,2016-03-01,2016-03-01,2016-03-01,2016,0.07320855525637837,126133.84983171994,0.0,22159.0,9234.0769151052
WTI,2016-03-08,2016-03-08,2016-03-08,2016,0.06090120873563687,128789.47682630688,0.0,40840.0,7843.434811152383
WTI,2016-03-15,2016-03-15,2016-03-15,2016,-0.008888947417245996,134371.87839283014,0.0,29694.0,-1194.4245613904404
WTI,2016-03-22,2016-03-22,2016-03-22,2016,0.0847986716581397,132680.40448823108,0.0,31141.0,11251.122055666672
WTI,2016-03-29,2016-03-29,2016-03-29,2016,-0.0795603149965507,138041.61736162766,0.0,-16904.0,-10982.634559924418
WTI,2016-04-05,2016-04-05,2016-04-05,2016,-0.06715719499508976,139295.99416221282,0.0,-32674.0,-9354.728241986611
WTI,2016-04-12,2016-04-12,2016-04-12,2016,0.15887446302213237,142190.24234836176,0.0,24512.0,22590.398400082842
WTI,2016-04-19,2016-04-19,2016-04-19,2016,-0.02396299376945854,142729.3975524117,0.0,20851.0,-3420.2236642670127
WTI,2016-04-26,2016-04-26,2016-04-26,2016,0.03630036752929966,140854.85332548645,0.0,1596.0,5113.082944000755
WTI,2016-05-03,2016-05-03,2016-05-03,2016,-0.008262899522002876,140472.57126921567,0.0,-10710.0,-1160.710741994917
WTI,2016-05-10,2016-05-10,2016-05-10,2016,0.02094550725713451,139299.6039147748,0.0,-21026.0,2917.7008647128787
WTI,2016-05-17,2016-05-17,2016-05-17,2016,0.077206019089338,137847.3620433689,0.0,30095.0,10642.646065335224
WTI,2016-05-24,2016-05-24,2016-05-24,2016,-0.007581226762506055,141530.9396252795,0.0,-10841.0,-1072.9781472097977
WTI,2016-05-31,2016-05-31,2016-05-31,2016,0.009824065912497737,140724.19314666526,0.0,-339.0,1382.4837489559018
WTI,2016-06-07,2016-06-07,2016-06-07,2016,0.02767722708905962,140773.91467507862,0.0,-18055.0,3896.2316046780534
WTI,2016-06-14,2016-06-14,2016-06-14,2016,-0.03721173485886253,139456.26671375975,0.0,-39893.0,-5189.409621359244
WTI,2016-06-21,2016-06-21,2016-06-21,2016,0.015974457577504375,143035.93278096206,0.0,28278.0,2284.921440268246
WTI,2016-06-28,2016-06-28,2016-06-28,2016,-0.04094737850888408,144219.96624413054,0.0,-28365.0,-5905.429546336898
WTI,2016-07-05,2016-07-05,2016-07-05,2016,-0.02574413430764244,146562.7273643869,0.0,-7246.0,-3773.1305377631584
WTI,2016-07-12,2016-07-12,2016-07-12,2016,0.005903453788405955,146120.9234061173,0.0,9164.0,862.6181188472195
WTI,2016-07-19,2016-07-19,2016-07-19,2016,-0.04558948982070232,143893.7955119618,0.0,-18443.0,-6560.044725754804
WTI,2016-07-26,2016-07-26,2016-07-26,2016,-0.05727490286099002,145901.52211132456,0.0,-35479.0,-8356.495506196701
WTI,2016-08-02,2016-08-02,2016-08-02,2016,-0.08038233607547518,150359.19790887818,0.0,-35916.0,-12086.223578350331
WTI,2016-08-09,2016-08-09,2016-08-09,2016,0.0764094691420012,153279.71314425985,0.0,10293.0,11712.021511591118
WTI,2016-08-16,2016-08-16,2016-08-16,2016,0.08205659356272865,152948.29104617913,0.0,58593.0,12550.415754490252
WTI,2016-08-23,2016-08-23,2016-08-23,2016,0.018464645454348894,161191.61182392418,0.0,86529.0,2976.345962543793
WTI,2016-08-30,2016-08-30,2016-08-30,2016,-0.03706088509985128,165277.20426200575,0.0,-24390.0,-6125.3194767788455
WTI,2016-09-06,2016-09-06,2016-09-06,2016,-0.032942730646990714,166747.8822932303,0.0,-47364.0,-5493.130572341998
WTI,2016-09-13,2016-09-13,2016-09-13,2016,0.00043985045793770716,170408.40226809506,0.0,22043.0,74.95421377405462
WTI,2016-09-20,2016-09-20,2016-09-20,2016,-0.031947316500146705,170055.5160391674,0.0,-41841.0,-5432.8173934990555
WTI,2016-09-27,2016-09-27,2016-09-27,2016,0.013976782981838909,172399.0378158145,0.0,26385.0,2409.5839378294786
WTI,2016-10-04,2016-10-04,2016-10-04,2016,0.08667043313873335,173430.06533158693,0.0,67892.0,15031.25888156746
WTI,2016-10-11,2016-10-11,2016-10-11,2016,0.038596395979889064,184827.07992025313,0.0,31544.0,7133.659164408693
WTI,2016-10-18,2016-10-18,2016-10-18,2016,-0.012173721911555746,190760.12253020765,0.0,10111.0,-2322.260683497048
WTI,2016-10-25,2016-10-25,2016-10-25,2016,-0.013124069859600906,190121.24413524862,0.0,-19861.0,-2495.164489825242
WTI,2016-11-01,2016-11-01,2016-11-01,2016,-0.06870451185618309,190601.72449450323,0.0,-33216.0,-13095.19844034154
WTI,2016-11-08,2016-11-08,2016-11-08,2016,-0.03511400060555259,193715.47952623287,0.0,-80517.0,-6802.125465389051
WTI,2016-11-15,2016-11-15,2016-11-15,2016,0.01695692804004323,200116.63596102843,0.0,-6999.0,3393.363395606686
WTI,2016-11-22,2016-11-22,2016-11-22,2016,0.034741896913080605,198319.70810725327,0.0,30928.0,6890.002854894429
WTI,2016-11-29,2016-11-29,2016-11-29,2016,-0.060065232186981454,200214.7446225746,0.0,3859.0,-12025.94512301214
WTI,2016-12-06,2016-12-06,2016-12-06,2016,0.12086586897286433,210943.64846579658,0.0,83845.0,25495.887376124923
WTI,2016-12-13,2016-12-13,2016-12-13,2016,0.037205688691233196,230428.7730787067,0.0,32232.0,8573.261196669178
WTI,2016-12-20,2016-12-20,2016-12-20,2016,-0.011935986539785004,246806.4132028372,0.0,8996.0,-2945.8780259216805
WTI,2016-12-27,2016-12-27,2016-12-27,2016,0.011194146743152777,247147.40960946938,0.0,1486.0,2766.6043703584874
WTI,2017-01-03,2017-01-03,2017-01-03,2017,-0.02872859045114573,248093.79843642737,0.0,-5542.0,-7127.385128749221
WTI,2017-01-10,2017-01-10,2017-01-10,2017,-0.030290914794307233,255466.12060882465,0.0,-1337.0,-7738.302492194122
WTI,2017-01-17,2017-01-17,2017-01-17,2017,0.029727798871402866,257974.03564299742,0.0,65055.0,7669.000245639141
WTI,2017-01-24,2017-01-24,2017-01-24,2017,-0.001503194570912303,262633.54650093877,0.0,23406.0,-394.789321239655
WTI,2017-01-31,2017-01-31,2017-01-31,2017,-0.006981819096032127,262527.3661384468,0.0,7643.0,-1832.9185781364258
WTI,2017-02-07,2017-02-07,2017-02-07,2017,-0.012052876606636675,280655.85466382373,0.0,-22441.0,-3382.710385193224
WTI,2017-02-14,2017-02-14,2017-02-14,2017,0.01746687284218984,284131.59414553945,0.0,31509.0,4962.890425388829
WTI,2017-02-21,2017-02-21,2017-02-21,2017,0.011477356646063752,286362.50227358454,0.0,21796.0,3286.684568653172
WTI,2017-02-28,2017-02-28,2017-02-28,2017,-0.005907345958632071,292142.4645947736,0.0,-36726.0,-1725.7866075687487
WTI,2017-03-07,2017-03-07,2017-03-07,2017,-0.014620414032630702,294721.69264036283,0.0,-11424.0,-4308.953170799833
WTI,2017-03-14,2017-03-14,2017-03-14,2017,-0.10382883651417418,296485.52683500486,0.0,-102358.0,-30783.747294570523
WTI,2017-03-21,2017-03-21,2017-03-21,2017,-0.0022776694803732234,323588.61633963033,0.0,-21421.0,-737.0279156329761
WTI,2017-03-28,2017-03-28,2017-03-28,2017,0.002691234415961752,326600.7638768565,0.0,-23154.0,878.9592160247938
WTI,2017-04-04,2017-04-04,2017-04-04,2017,0.05365051237646945,326212.7151873978,0.0,17747.0,17501.47931352319
WTI,2017-04-11,2017-04-11,2017-04-11,2017,0.043311612707657376,324767.72525173024,0.0,49029.0,14066.213936049819
WTI,2017-04-18,2017-04-18,2017-04-18,2017,-0.017629863968904536,330012.30067773804,0.0,16084.0,-5818.071969013744
WTI,2017-04-25,2017-04-25,2017-04-25,2017,-0.06427365555530495,327776.62197444,0.0,-72155.0,-21067.401699866557
WTI,2017-05-02,2017-05-02,2017-05-02,2017,-0.03805296390879587,338073.01284408884,0.0,-57945.0,-12864.680156293995
WTI,2017-05-09,2017-05-09,2017-05-09,2017,-0.036498852951246,345256.10109014384,0.0,-47154.0,-12601.451664209682
WTI,2017-05-16,2017-05-16,2017-05-16,2017,0.057326495191718285,349229.71800779144,0.0,-291.0,20020.11575017879
WTI,2017-05-23,2017-05-23,2017-05-23,2017,0.04917881555403625,347443.57124663313,0.0,57184.0,17086.863305773823
WTI,2017-05-30,2017-05-30,2017-05-30,2017,-0.03579933358464249,353535.275819323,0.0,12452.0,-12656.327272994537
WTI,2017-06-06,2017-06-06,2017-06-06,2017,-0.031894997929366786,354956.3315757248,0.0,16394.0,-11321.331460623374
WTI,2017-06-13,2017-06-13,2017-06-13,2017,-0.035157815313612506,352098.096844436,0.0,-32963.0,-12378.999861131131
WTI,2017-06-20,2017-06-20,2017-06-20,2017,-0.07011076322913534,354358.1498596113,0.0,-57878.0,-24844.320343121668
WTI,2017-06-27,2017-06-27,2017-06-27,2017,0.016638560481490927,361580.7917777168,0.0,-4766.0,6016.183872938918
WTI,2017-07-04,2017-07-03,2017-07-03,2017,0.06125412825220766,360606.0445675215,0.0,21985.0,22088.608902460273
WTI,2017-07-11,2017-07-11,2017-07-11,2017,-0.04453827316603287,362856.3392062639,0.0,29287.0,-16160.994755595264
WTI,2017-07-18,2017-07-18,2017-07-18,2017,0.029625342338953642,358267.9106764696,0.0,52086.0,10613.809502852077
WTI,2017-07-25,2017-07-25,2017-07-25,2017,0.027520788525812412,359743.29132858553,0.0,27519.0,9900.419044233728
WTI,2017-08-01,2017-08-01,2017-08-01,2017,0.02702221274348382,363750.039839419,0.0,53019.0,9829.330961991496
WTI,2017-08-08,2017-08-08,2017-08-08,2017,0.0012165451622041523,371631.9640287692,0.0,-4615.0,452.1070679596267
WTI,2017-08-15,2017-08-15,2017-08-15,2017,-0.03400636798519496,372070.80196609185,0.0,-15967.0,-12652.77660820552
WTI,2017-08-22,2017-08-22,2017-08-22,2017,0.002721659797910281,371813.9196270916,0.0,-17002.0,1011.9509973524996
WTI,2017-08-29,2017-08-29,2017-08-29,2017,-0.02949190086251474,384234.27357073006,0.0,-113736.0,-11331.799104128339
WTI,2017-09-05,2017-09-05,2017-09-05,2017,0.04117416401205465,412094.0984507362,0.0,31116.0,16967.62999801041
WTI,2017-09-12,2017-09-12,2017-09-12,2017,-0.007968169649176904,413503.12290751276,0.0,-15597.0,-3294.86303379151
WTI,2017-09-19,2017-09-19,2017-09-19,2017,0.023315805313616655,417356.4526862965,0.0,54381.0,9731.00179721535
WTI,2017-09-26,2017-09-26,2017-09-26,2017,0.03891235669077053,420290.32370930514,0.0,52648.0,16354.486989855894
WTI,2017-10-03,2017-10-03,2017-10-03,2017,-0.027623180523250745,425005.275843703,0.0,-10934.0,-11739.997457964588
WTI,2017-10-10,2017-10-10,2017-10-10,2017,0.00961074377997484,426611.12775540893,0.0,-11549.0,4100.050242543348
WTI,2017-10-17,2017-10-17,2017-10-17,2017,0.017031570970012178,429635.0055766194,0.0,-16490.0,7317.359088679771
WTI,2017-10-24,2017-10-24,2017-10-24,2017,0.006884708777497028,427205.2108767475,0.0,17830.0,2941.1834651156123
WTI,2017-10-31,2017-10-31,2017-10-31,2017,0.03575486150570428,429830.43717504543,0.0,55268.0,15368.527752130076
WTI,2017-11-07,2017-11-07,2017-11-07,2017,0.050716099082538935,442206.20555101876,0.0,45037.0,22426.973735639047
WTI,2017-11-14,2017-11-14,2017-11-14,2017,-0.027181341594598285,447805.2001817719,0.0,31970.0,-12171.946113978207
WTI,2017-11-21,2017-11-21,2017-11-21,2017,0.016678882027423403,446361.2227341294,0.0,-32747.0,7444.806175599006
WTI,2017-11-28,2017-11-28,2017-11-28,2017,0.020206226579319253,447727.5343428342,0.0,58614.0,9046.88400473125
WTI,2017-12-05,2017-12-05,2017-12-05,2017,-0.006404175230272147,452192.7307020455,0.0,-3026.0,-2895.921485271163
WTI,2017-12-12,2017-12-12,2017-12-12,2017,-0.008882754565654571,468830.20316993765,0.0,-4934.0,-4164.503627724524
WTI,2017-12-19,2017-12-19,2017-12-19,2017,0.006973528957500474,469451.0915385713,0.0,-14521.0,3273.730780974433
WTI,2017-12-26,2017-12-26,2017-12-26,2017,0.04101655516125158,472236.1371046581,0.0,28613.0,19369.499566689574
WTI,2018-01-02,2018-01-02,2018-01-02,2018,0.006482525652261595,475850.4522024339,0.0,-15102.0,3084.7127630425575
WTI,2018-01-09,2018-01-09,2018-01-09,2018,0.040411178116277036,475094.38755168434,0.0,43514.0,19199.123917394667
WTI,2018-01-16,2018-01-16,2018-01-16,2018,0.012644391633964358,530848.8421024794,0.0,51179.0,6712.260657980258
WTI,2018-01-23,2018-01-23,2018-01-23,2018,0.01248650529359474,550244.9087786416,0.0,-5272.0,6870.635966238064
WTI,2018-01-30,2018-01-30,2018-01-30,2018,0.0004652244791979454,553583.0164269286,0.0,4223.0,257.5403705100455
WTI,2018-02-06,2018-02-06,2018-02-06,2018,-0.019156239609853354,556380.5550681604,0.0,-14997.0,-10658.15922714889
WTI,2018-02-13,2018-02-13,2018-02-13,2018,-0.06683344634355015,569102.4354849078,0.0,-19383.0,-38035.0770859643
WTI,2018-02-20,2018-02-20,2018-02-20,2018,0.04569574982029012,570479.9799924928,0.0,-10469.0,26068.510443221065
WTI,2018-02-27,2018-02-27,2018-02-27,2018,0.019551904881076054,558276.40751698,0.0,22406.0,10915.367217120845
WTI,2018-03-06,2018-03-06,2018-03-06,2018,-0.006165447849380223,566342.673210645,0.0,-19213.0,-3491.756216558818
WTI,2018-03-13,2018-03-13,2018-03-13,2018,-0.027599154350928856,564849.2332486848,0.0,-16117.0,-15589.361173434267
WTI,2018-03-20,2018-03-20,2018-03-20,2018,0.044902546620712136,566509.0197224874,0.0,31221.0,25437.697669142923
WTI,2018-03-27,2018-03-27,2018-03-27,2018,0.02655641736143266,575440.4500929468,0.0,7196.0,15281.636759318955
WTI,2018-04-03,2018-04-03,2018-04-03,2018,-0.02673776059801769,586767.0147733614,0.0,-42360.0,-15688.835967823647
WTI,2018-04-10,2018-04-10,2018-04-10,2018,0.03072390613944176,593236.9863181402,0.0,-4262.0,18226.557486083835
WTI,2018-04-17,2018-04-17,2018-04-17,2018,0.01621862000183827,659917.856154192,0.0,14755.0,10702.956941392607
WTI,2018-04-24,2018-04-24,2018-04-24,2018,0.017733867621899546,665991.1553614612,0.0,-6961.0,11810.598986536088
WTI,2018-05-01,2018-05-01,2018-05-01,2018,-0.0071417525047833275,669142.0541125832,0.0,-18495.0,-4778.846941014402
WTI,2018-05-08,2018-05-08,2018-05-08,2018,0.027040589492539735,669499.0773343889,0.0,-2980.0,18103.649715833322
WTI,2018-05-15,2018-05-15,2018-05-15,2018,0.034205985539776385,670558.8277889002,0.0,-25665.0,22937.125566916526
WTI,2018-05-22,2018-05-22,2018-05-22,2018,0.011562432915804388,670632.4958018089,0.0,-23175.0,7754.1432438668835
WTI,2018-05-29,2018-05-29,2018-05-29,2018,-0.0787854189832653,667958.2047533828,0.0,-53294.0,-52625.367024804975
WTI,2018-06-05,2018-06-05,2018-06-05,2018,-0.017274334463378782,668729.7191340679,0.0,-14811.0,-11551.860833923241
WTI,2018-06-12,2018-06-12,2018-06-12,2018,0.012448923485327779,675591.4509108814,0.0,4291.0,8410.386279731141
WTI,2018-06-19,2018-06-19,2018-06-19,2018,-0.02104056884831773,671705.1220353461,0.0,5396.0,-14133.057865952363
WTI,2018-06-26,2018-06-26,2018-06-26,2018,0.08319052751004363,667235.3747620311,0.0,83008.0,55507.66279981502
WTI,2018-07-03,2018-07-03,2018-07-03,2018,0.03797263130501605,681276.6961978516,0.0,51957.0,25869.868801420445
WTI,2018-07-10,2018-07-10,2018-07-10,2018,0.013458406398787592,689091.468513951,0.0,-1112.0,9274.073029198098
WTI,2018-07-17,2018-07-17,2018-07-17,2018,-0.07733597359754119,688035.1902322234,0.0,-38954.0,-53209.87130597845
WTI,2018-07-24,2018-07-24,2018-07-24,2018,0.020047841246579323,684919.0074161987,0.0,-7117.0,13731.147527444638
WTI,2018-07-31,2018-07-31,2018-07-31,2018,0.0034965070587293923,683663.4370666619,0.0,800.0,2390.434033498781
WTI,2018-08-07,2018-08-07,2018-08-07,2018,0.010297237205838194,693476.2353888539,0.0,-5200.0,7140.889292410712
WTI,2018-08-14,2018-08-14,2018-08-14,2018,-0.029706625255222385,714425.8513154838,0.0,-46737.0,-21223.181037672304
WTI,2018-08-21,2018-08-21,2018-08-21,2018,-0.007414727168649993,719713.6973734564,0.0,-848.0,-5336.480705564506
WTI,2018-08-28,2018-08-28,2018-08-28,2018,0.04004404922891802,710059.0594089042,0.0,26577.0,28433.639930409383
WTI,2018-09-04,2018-09-04,2018-09-04,2018,0.02109759625946661,710038.2612930314,0.0,19504.0,14980.100565534036
WTI,2018-09-11,2018-09-11,2018-09-11,2018,-0.0075036427109096415,705186.6797543888,0.0,-29173.0,-5291.468889369591
WTI,2018-09-18,2018-09-18,2018-09-18,2018,0.007934832081586074,706371.5987859885,0.0,-21811.0,5604.940023568309
WTI,2018-09-25,2018-09-25,2018-09-25,2018,0.0379265868672688,700511.8302653542,0.0,6884.0,26568.02278210841
WTI,2018-10-02,2018-10-02,2018-10-02,2018,0.04007106550398176,693690.8116782268,0.0,-4142.0,27796.929954268504
WTI,2018-10-09,2018-10-09,2018-10-09,2018,-0.003069738813655909,679490.2255593613,0.0,-32822.0,-2085.8575188993796
WTI,2018-10-16,2018-10-16,2018-10-16,2018,-0.041624348133772915,678675.1071387184,0.0,-47125.0,-28249.408929267644
WTI,2018-10-23,2018-10-23,2018-10-23,2018,-0.07717845607339102,686007.915738836,0.0,-50103.0,-52945.03179084829
WTI,2018-10-30,2018-10-30,2018-10-30,2018,-0.003770459183683794,683485.1917641624,0.0,-12939.0,-2577.0530181990653
WTI,2018-11-06,2018-11-06,2018-11-06,2018,-0.06176355653420085,690572.800036612,0.0,-38341.0,-42652.23217604266
WTI,2018-11-13,2018-11-13,2018-11-13,2018,-0.11011281588507393,674706.2619247956,0.0,-12488.0,-74293.80639583149
WTI,2018-11-20,2018-11-20,2018-11-20,2018,-0.04411807248443722,632309.283881413,0.0,-2731.0,-27896.266818862772
WTI,2018-11-27,2018-11-27,2018-11-27,2018,-0.03562620789869353,623071.6063018679,0.0,-4506.0,-22197.67858188327
WTI,2018-12-04,2018-12-04,2018-12-04,2018,0.03305089019359264,635275.376837789,0.0,-24464.0,20996.416722558948
WTI,2018-12-11,2018-12-11,2018-12-11,2018,-0.030771658666753576,618206.3426098872,0.0,-9340.0,-19023.234560413566
WTI,2018-12-18,2018-12-18,2018-12-18,2018,-0.10656151091241906,613544.6110111313,0.0,-27344.0,-65380.24076151857
WTI,2018-12-25,2018-12-24,2018-12-24,2018,-0.09139083186605812,587615.479858612,0.0,8914.0,-53702.66752165146
WTI,2019-01-01,2018-12-31,2018-12-31,2018,0.06552263584431728,551536.5171257561,0.0,1907.0,36138.12636647398
WTI,2019-01-08,2019-01-08,2019-01-08,2019,0.09168475004502308,539406.2044369583,0.0,-18418.0,49455.32302653714
WTI,2019-01-15,2019-01-15,2019-01-15,2019,0.044495144448495005,505067.6252728008,0.0,36763.0,22473.05694277162
WTI,2019-01-22,2019-01-22,2019-01-22,2019,0.01176484157958635,500030.1799890868,0.0,28769.0,5882.775852583654
WTI,2019-01-29,2019-01-29,2019-01-29,2019,0.0056433558349548996,501835.8962176139,0.0,28411.0,2832.0385331094926
WTI,2019-02-05,2019-02-05,2019-02-05,2019,0.008223178922758034,503148.953316082,0.0,-5637.0,4137.483867916571
WTI,2019-02-12,2019-02-12,2019-02-12,2019,-0.009863297603633914,501506.623868924,0.0,-11622.0,-4946.509081412893
WTI,2019-02-19,2019-02-19,2019-02-19,2019,0.05423454163503094,499544.0553475081,0.0,7066.0,27092.54286827663
WTI,2019-02-26,2019-02-26,2019-02-26,2019,-0.01697226984328215,492145.8537308577,0.0,4465.0,-8352.832231772585
WTI,2019-03-05,2019-03-05,2019-03-05,2019,0.018822384975175077,489719.28508345084,0.0,28153.0,9217.684913608226
WTI,2019-03-12,2019-03-12,2019-03-12,2019,0.004555816535860457,491427.74551507575,0.0,7741.0,2238.854649198207
WTI,2019-03-19,2019-03-19,2019-03-19,2019,0.03588675933352414,458552.5357141716,0.0,54857.0,16455.964490951712
WTI,2019-03-26,2019-03-26,2019-03-26,2019,0.01090340416924096,466740.13263519993,0.0,28386.0,5089.056308126717
WTI,2019-04-02,2019-04-02,2019-04-02,2019,0.04125575167079032,468704.46347858076,0.0,18651.0,19336.754952263338
WTI,2019-04-09,2019-04-09,2019-04-09,2019,0.021332878208534467,470986.17565352964,0.0,34356.0,10047.490723120169
WTI,2019-04-16,2019-04-16,2019-04-16,2019,0.003589547357933154,466481.72629631875,0.0,-10.0,1674.4582481510477
WTI,2019-04-23,2019-04-23,2019-04-23,2019,0.03234246186813006,469124.62879600964,0.0,10348.0,15172.64541823561
WTI,2019-04-30,2019-04-30,2019-04-30,2019,-0.03671405352962642,450909.58229399135,0.0,-14398.0,-16554.71854136309
WTI,2019-05-07,2019-05-07,2019-05-07,2019,-0.03937077130109512,440498.1632590192,0.0,-34870.0,-17342.752444223304
WTI,2019-05-14,2019-05-14,2019-05-14,2019,0.00728925232839106,437667.04160185886,0.0,-16589.0,3190.2655020563766
WTI,2019-05-21,2019-05-21,2019-05-21,2019,0.018707076830866365,446197.6122799778,0.0,-25805.0,8347.053014670666
WTI,2019-05-28,2019-05-28,2019-05-28,2019,-0.06528857795520315,430550.6548171561,0.0,-37427.0,-28110.03999069366
WTI,2019-06-04,2019-06-04,2019-06-04,2019,-0.10041230594101447,440939.5459799061,0.0,-30931.0,-44275.75659242635
WTI,2019-06-11,2019-06-11,2019-06-11,2019,-0.0020531971748610767,438687.4781062495,0.0,-51975.0,-900.7118906946819
WTI,2019-06-18,2019-06-18,2019-06-18,2019,0.010963595834670659,435536.1979346901,0.0,34278.0,4775.042845525064
WTI,2019-06-25,2019-06-25,2019-06-25,2019,0.06648866051548263,425425.7886267056,0.0,8532.0,28285.990834532502
WTI,2019-07-02,2019-07-02,2019-07-02,2019,-0.026957683686244516,418524.40982003504,0.0,12398.0,-11282.448654900672
WTI,2019-07-09,2019-07-09,2019-07-09,2019,0.028003229892977655,415911.7501604958,0.0,3428.0,11646.87235493505
WTI,2019-07-16,2019-07-16,2019-07-16,2019,-0.0034578181064151003,427968.16112802515,0.0,42606.0,-1479.8360565176604
WTI,2019-07-23,2019-07-23,2019-07-23,2019,-0.016942157052154072,419543.24746271863,0.0,-40919.0,-7107.96758868412
WTI,2019-07-30,2019-07-30,2019-07-30,2019,0.02229669096126574,420396.32443363743,0.0,1896.0,9373.446927148823
WTI,2019-08-06,2019-08-06,2019-08-06,2019,-0.08079539421367798,412109.4544636595,0.0,-1971.0,-33296.545832575146
WTI,2019-08-13,2019-08-13,2019-08-13,2019,0.06344163315520546,396571.5451404849,0.0,31740.0,25159.146486595644
WTI,2019-08-20,2019-08-20,2019-08-20,2019,-0.017133687707856504,398586.1470875048,0.0,10043.0,-6829.250568875065
WTI,2019-08-27,2019-08-27,2019-08-27,2019,-0.021610781599579187,397138.10974217305,0.0,-26751.0,-8582.464954507814
WTI,2019-09-03,2019-09-03,2019-09-03,2019,-0.017711417542564,381305.2252923249,0.0,-14085.0,-6753.456056313802
WTI,2019-09-10,2019-09-10,2019-09-10,2019,0.06359639220559243,378223.9655067129,0.0,40892.0,24053.679651919378
WTI,2019-09-17,2019-09-17,2019-09-17,2019,0.031104835991566326,384006.8014129757,0.0,6326.0,11944.46857759659
WTI,2019-09-24,2019-09-24,2019-09-24,2019,-0.031104835991566215,376673.4260046244,0.0,-18102.0,-11716.365138255194
WTI,2019-10-01,2019-10-01,2019-10-01,2019,-0.06677853871447059,369043.4062370273,0.0,-67489.0,-24644.179390719426
WTI,2019-10-08,2019-10-08,2019-10-08,2019,-0.01658537828981388,385615.4803079476,0.0,-44160.0,-6395.578615315586
WTI,2019-10-15,2019-10-15,2019-10-15,2019,0.0049289199312841925,390119.94761111256,0.0,-6601.0,1922.8699853719577
WTI,2019-10-22,2019-10-22,2019-10-22,2019,0.029808466297825742,392174.4624204525,0.0,9390.0,11690.119245927986
WTI,2019-10-29,2019-10-29,2019-10-29,2019,0.019269820037396634,391171.2271146597,0.0,11601.0,7537.799150307099
WTI,2019-11-05,2019-11-05,2019-11-05,2019,0.02973145077821293,383010.01921028504,0.0,18749.0,11387.443533712978
WTI,2019-11-12,2019-11-12,2019-11-12,2019,-0.007709868223941374,376640.7203667344,0.0,33317.0,-2903.850321797874
WTI,2019-11-19,2019-11-19,2019-11-19,2019,-0.02673956104189923,381779.95550328767,0.0,-25449.0,-10208.628424753731
WTI,2019-11-26,2019-11-26,2019-11-26,2019,0.05381044889757203,388039.24808588566,0.0,71117.0,20880.566129377825
WTI,2019-12-03,2019-12-03,2019-12-03,2019,-0.04105592478633613,397801.2091312517,0.0,-57998.0,-16332.096522006237
WTI,2019-12-10,2019-12-10,2019-12-10,2019,0.05402025284713796,407645.0517095169,0.0,89828.0,22021.088765232733
WTI,2019-12-17,2019-12-17,2019-12-17,2019,0.02883292808150173,428355.1011811063,0.0,44312.0,12350.731825699235
WTI,2019-12-24,2019-12-24,2019-12-24,2019,0.003935076400991222,434248.4013107731,0.0,8391.0,1708.800636166189
WTI,2019-12-31,2019-12-31,2019-12-31,2019,-0.0008185316000924869,431872.68154797074,0.0,7058.0,-353.5014370636936
WTI,2020-01-07,2020-01-07,2020-01-07,2020,0.028230297796457027,432499.78599438374,0.0,9749.0,12209.597755525387
WTI,2020-01-14,2020-01-14,2020-01-14,2020,-0.07041079241243264,426073.7817822415,0.0,-73478.0,-30000.19260144953
WTI,2020-01-21,2020-01-21,2020-01-21,2020,0.002057613894680399,439915.0080153634,0.0,6647.0,905.1752329708509
WTI,2020-01-28,2020-01-28,2020-01-28,2020,-0.08766561319222632,440731.08138930757,0.0,-65237.0,-38636.960502866656
WTI,2020-02-04,2020-02-04,2020-02-04,2020,-0.07361744960649508,453199.55717894627,0.0,-51750.0,-33363.39556230696
WTI,2020-02-11,2020-02-11,2020-02-11,2020,0.007402254465554314,459621.76720515336,0.0,-14316.0,3402.237278760312
WTI,2020-02-18,2020-02-18,2020-02-18,2020,0.04138790970387762,462962.3480500438,0.0,-7070.0,19161.043857390378
WTI,2020-02-25,2020-02-25,2020-02-25,2020,-0.04678414544256615,464883.1197312445,0.0,29108.0,-21749.159487300436
WTI,2020-03-03,2020-03-03,2020-03-03,2020,-0.05689004215277493,450912.627997081,0.0,-23943.0,-25652.43841397246
WTI,2020-03-10,2020-03-10,2020-03-10,2020,-0.3095404771621739,449879.2081873586,0.0,36296.0,-139255.82476765598
WTI,2020-03-17,2020-03-17,2020-03-17,2020,-0.23961886681600575,260315.07909511443,0.0,11383.0,-62376.404267890226
WTI,2020-03-24,2020-03-24,2020-03-24,2020,-0.12951458970681462,206166.7445346739,0.0,6893.0,-26701.601329597954
WTI,2020-03-31,2020-03-31,2020-03-31,2020,-0.1590216100618549,193908.35986137384,0.0,1142.0,-30835.619589609225
WTI,2020-04-07,2020-04-07,2020-04-07,2020,0.15746743245325256,178045.98026280513,0.0,14121.0,28036.443370606405
WTI,2020-04-14,2020-04-14,2020-04-14,2020,-0.046005616599248844,173397.86610551667,0.0,15032.0,-7977.275747178286
WTI,2020-04-21,2020-04-21,2020-04-21,2020,-0.8621274721884395,170335.73010568848,0.0,52123.0,-146851.11241938948
WTI,2020-04-28,2020-04-28,2020-04-28,2020,0.06443047727165663,21568.79796713515,0.0,70888.0,1389.6879471984548
WTI,2020-05-05,2020-05-05,2020-05-05,2020,0.6157026324133543,25329.037403495073,0.0,10235.0,15595.15500582823
WTI,2020-05-12,2020-05-12,2020-05-12,2020,-0.00605832977575993,23242.71413598957,0.0,23084.0,-140.81202711954182
WTI,2020-05-19,2020-05-19,2020-05-19,2020,0.19377614738985605,23741.26453199599,0.0,8498.0,4600.490775173616
WTI,2020-05-26,2020-05-26,2020-05-26,2020,0.0721168977702844,24394.743142212425,0.0,14627.0,1759.27319731928
WTI,2020-06-02,2020-06-02,2020-06-02,2020,0.06612258074053079,22407.404356057257,0.0,19321.0,1481.6354037191172
WTI,2020-06-09,2020-06-09,2020-06-09,2020,0.05511759680509565,22998.634221343968,0.0,3418.0,1267.6294480799118
WTI,2020-06-16,2020-06-16,2020-06-16,2020,-0.013109042628878909,23042.189785389095,0.0,-24488.0,-302.0610481593838
WTI,2020-06-23,2020-06-23,2020-06-23,2020,0.04354015983141868,23321.822900420666,0.0,-2973.0,1015.4358966443561
WTI,2020-06-30,2020-06-30,2020-06-30,2020,-0.027626066274931027,18919.245035837357,0.0,4779.0,-522.6643172317026
WTI,2020-07-07,2020-07-07,2020-07-07,2020,0.033986279487635995,17587.19943037255,0.0,-13859.0,597.7234752454341
WTI,2020-07-14,2020-07-14,2020-07-14,2020,-0.0036923118871279303,17286.115887167307,0.0,-1019.0,-63.825731172458816
WTI,2020-07-21,2020-07-21,2020-07-21,2020,0.03322725945136473,15430.216239090405,0.0,10133.0,512.7037983669182
WTI,2020-07-28,2020-07-28,2020-07-28,2020,-0.02121583915027281,15729.349030106701,0.0,-18346.0,-333.71133896124337
WTI,2020-08-04,2020-08-04,2020-08-04,2020,0.013555158719472882,15971.59480332019,0.0,10417.0,216.49750256211343
WTI,2020-08-11,2020-08-11,2020-08-11,2020,-0.0009548819059281843,16095.097459750086,0.0,-14197.0,-15.36891733846604
WTI,2020-08-18,2020-08-18,2020-08-18,2020,0.02941734656968986,15226.201239767157,0.0,-11260.0,447.9144388100719
WTI,2020-08-25,2020-08-25,2020-08-25,2020,0.0053197766258092916,15002.896480542424,0.0,-4951.0,79.81205801662607
WTI,2020-09-01,2020-09-01,2020-09-01,2020,-0.013030709360513315,14321.218682144778,0.0,-2197.0,-186.61563833538213
WTI,2020-09-08,2020-09-08,2020-09-08,2020,-0.14701894435120932,14079.086606647332,0.0,-68469.0,-2069.8924503385406
WTI,2020-09-15,2020-09-15,2020-09-15,2020,0.03591619207235963,20094.827089222155,0.0,30747.0,721.7296693973583
WTI,2020-09-22,2020-09-22,2020-09-22,2020,0.031910812281053635,20883.845437299267,0.0,31350.0,666.4204714561954
WTI,2020-09-29,2020-09-29,2020-09-29,2020,-0.012896878720023652,21355.149043775986,0.0,-20758.0,-275.41476726560796
WTI,2020-10-06,2020-10-06,2020-10-06,2020,0.03469668239067536,21648.006514039713,0.0,4237.0,751.1140064089071
WTI,2020-10-13,2020-10-13,2020-10-13,2020,-0.010808260460241526,21660.859220834198,0.0,-8656.0,-234.1162082514003
WTI,2020-10-20,2020-10-20,2020-10-20,2020,0.029446098760685713,20504.703752889658,0.0,39498.0,603.7835317661918
WTI,2020-10-27,2020-10-27,2020-10-27,2020,-0.05242987340742289,18859.82482750071,0.0,-37198.0,-988.8182281920334
WTI,2020-11-03,2020-11-03,2020-11-03,2020,-0.05075671202463772,20028.39624236503,0.0,-36900.0,-1016.575540389058
WTI,2020-11-10,2020-11-10,2020-11-10,2020,0.09245847823482811,19731.05092753646,0.0,30902.0,1824.3029427339147
WTI,2020-11-17,2020-11-17,2020-11-17,2020,-0.0004800768215105222,20714.81511743653,0.0,5487.0,-9.944702599757045
WTI,2020-11-24,2020-11-24,2020-11-24,2020,0.075359118486795,20662.283383822218,0.0,30274.0,1557.091461729194
WTI,2020-12-01,2020-12-01,2020-12-01,2020,-0.007758506604057525,21946.370223358277,0.0,8432.0,-170.2710583130166
WTI,2020-12-08,2020-12-08,2020-12-08,2020,0.023639673675382555,22431.144713395992,0.0,828.0,530.2649411899638
WTI,2020-12-15,2020-12-15,2020-12-15,2020,0.04232305077752452,22267.065705040655,0.0,6255.0,942.4101525009104
WTI,2020-12-22,2020-12-21,2020-12-21,2020,0.0039686736163091485,20715.12832247656,0.0,-9848.0,82.21158323187112
WTI,2020-12-29,2020-12-29,2020-12-29,2020,0.0006251953939182542,21322.44917559452,0.0,-3406.0,13.33069701163777
WTI,2021-01-05,2021-01-05,2021-01-05,2021,0.03875743418307653,21299.61985930901,0.0,-1164.0,825.5186148217188
WTI,2021-01-12,2021-01-12,2021-01-12,2021,0.06258700809609863,22454.691230003464,0.0,16845.0,1405.3719418076216
WTI,2021-01-19,2021-01-19,2021-01-19,2021,-0.0048955096829874645,22052.02063988496,0.0,-3335.0,-107.95588057199623
WTI,2021-01-26,2021-01-26,2021-01-26,2021,-0.007008268101207582,21846.087364140825,0.0,-8468.0,-153.10323721030218
WTI,2021-02-02,2021-02-02,2021-02-02,2021,0.039795397291122026,21780.77665759835,0.0,8992.0,866.7746603983232
WTI,2021-02-09,2021-02-09,2021-02-09,2021,0.06434397640025113,22019.695778132424,0.0,24248.0,1416.8347854888623
WTI,2021-02-16,2021-02-16,2021-02-16,2021,0.03093291501006923,22890.627143958736,0.0,9491.0,708.0738239712593
WTI,2021-02-23,2021-02-23,2021-02-23,2021,0.02612058154752206,22862.207699254104,0.0,-14742.0,597.1741605647535
WTI,2021-03-02,2021-03-02,2021-03-02,2021,-0.03024558804019639,22657.644565168965,0.0,-839.0,-685.2937834792953
WTI,2021-03-09,2021-03-09,2021-03-09,2021,0.07157472951077315,22325.35507260829,0.0,755.0,1597.9312505539056
WTI,2021-03-16,2021-03-16,2021-03-16,2021,0.013504279727803103,22264.43573638146,0.0,-1713.0,300.6651681657911
WTI,2021-03-23,2021-03-23,2021-03-23,2021,-0.11593460629460117,21003.89054096275,0.0,-9069.0,-2435.0777805214143
WTI,2021-03-30,2021-03-30,2021-03-30,2021,0.04717297541453025,21297.491608700195,0.0,2554.0,1004.6660480483786
WTI,2021-04-06,2021-04-06,2021-04-06,2021,-0.020018430845981428,20878.206818333794,0.0,-21525.0,-417.948939380913
WTI,2021-04-13,2021-04-13,2021-04-13,2021,0.014547535209054052,20687.092911449534,0.0,9198.0,300.9462125022846
WTI,2021-04-20,2021-04-20,2021-04-20,2021,0.03954628074494604,20769.486277499043,0.0,-5850.0,821.3559352582814
WTI,2021-04-27,2021-04-27,2021-04-27,2021,0.00429902739967658,20403.292071498847,0.0,7196.0,87.71431165897748
WTI,2021-05-04,2021-05-04,2021-05-04,2021,0.04312029154497399,20104.292222062348,0.0,10379.0,866.9029419206813
WTI,2021-05-11,2021-05-11,2021-05-11,2021,-0.004736087074400874,19512.486578189557,0.0,-24296.0,-92.4128354723841
WTI,2021-05-18,2021-05-18,2021-05-18,2021,0.003058106358820867,19662.795082605007,0.0,-16186.0,60.130918674306045
WTI,2021-05-25,2021-05-25,2021-05-25,2021,0.008664643400587702,19942.35332575067,0.0,11440.0,172.79338013615376
WTI,2021-06-01,2021-06-01,2021-06-01,2021,0.025031828215306362,18501.80794947095,0.0,19772.0,463.13407826374646
WTI,2021-06-08,2021-06-08,2021-06-08,2021,0.03421252227665761,16940.323790870483,0.0,25363.0,579.5712050689493
WTI,2021-06-15,2021-06-15,2021-06-15,2021,0.028083409121012926,17415.12490529337,0.0,11202.0,489.0760776088952
WTI,2021-06-22,2021-06-22,2021-06-22,2021,0.01368275095584126,17368.474787760948,0.0,-8214.0,237.64851500374095
WTI,2021-06-29,2021-06-29,2021-06-29,2021,0.0017828983670877818,16979.33289401331,0.0,-18294.0,30.272424890976193
WTI,2021-07-06,2021-07-06,2021-07-06,2021,0.004077348049813745,17180.94356612677,0.0,-30224.0,70.05268674330699
WTI,2021-07-13,2021-07-13,2021-07-13,2021,0.02865681258405095,17048.53849798956,0.0,3064.0,488.55677256886435
WTI,2021-07-20,2021-07-20,2021-07-20,2021,-0.10567296683987126,17190.695285528775,0.0,-48592.0,-1816.5917728620134
WTI,2021-07-27,2021-07-27,2021-07-27,2021,0.06411990674507706,19904.358896097863,0.0,-2741.0,1276.26563623834
WTI,2021-08-03,2021-08-03,2021-08-03,2021,-0.013085416522924387,19719.83744834957,0.0,-17370.0,-258.04228677601657
WTI,2021-08-10,2021-08-10,2021-08-10,2021,-0.02853405259466668,19843.407471907332,0.0,-12698.0,-566.2128324608057
WTI,2021-08-17,2021-08-17,2021-08-17,2021,-0.025596635553853275,18826.939634115155,0.0,1633.0,-481.90631240884136
WTI,2021-08-24,2021-08-24,2021-08-24,2021,0.017926981438515455,18905.970914797577,0.0,-9047.0,338.9269896666892
WTI,2021-08-31,2021-08-31,2021-08-31,2021,0.014113730310758132,18433.822398845383,0.0,-1184.0,260.1699979337163
WTI,2021-09-07,2021-09-07,2021-09-07,2021,-0.0019062986929843095,18264.764578788505,0.0,-3487.0,-34.81809684421064
WTI,2021-09-14,2021-09-14,2021-09-14,2021,0.030357925385352535,16647.161670232952,0.0,22774.0,505.3732918628327
WTI,2021-09-21,2021-09-21,2021-09-21,2021,0.003695285614855104,16965.13315950525,0.0,-12421.0,62.69101251842107
WTI,2021-09-28,2021-09-28,2021-09-28,2021,0.06587646807624692,16584.40180035226,0.0,12107.0,1092.5218157645577
WTI,2021-10-05,2021-10-05,2021-10-05,2021,0.04705056474456493,14203.09851279975,0.0,20189.0,668.2638061499184
WTI,2021-10-12,2021-10-12,2021-10-12,2021,0.017036187152567828,14324.96343279079,0.0,16042.0,244.04275799471438
WTI,2021-10-19,2021-10-19,2021-10-19,2021,0.031044621681960205,14518.687341770397,0.0,7326.0,450.7271558439264
WTI,2021-10-26,2021-10-26,2021-10-26,2021,0.02645435255688633,14484.333752162715,0.0,-9866.0,383.17367163132064
WTI,2021-11-02,2021-11-02,2021-11-02,2021,-0.004802463480037655,14170.561507103237,0.0,-13791.0,-68.05360412949065
WTI,2021-11-09,2021-11-09,2021-11-09,2021,0.0014545457109944593,13863.225341163157,0.0,18416.0,20.16469496053857
WTI,2021-11-16,2021-11-16,2021-11-16,2021,-0.03475395978004381,14045.739983743952,0.0,-24486.0,-488.1450824759905
WTI,2021-11-23,2021-11-23,2021-11-23,2021,-0.015672717164845862,14150.658274583768,0.0,-3407.0,-221.77926483393713
WTI,2021-11-30,2021-11-30,2021-11-30,2021,-0.17072032229489653,11750.214984557937,0.0,-34634.0,-2006.0004891980536
WTI,2021-12-07,2021-12-07,2021-12-07,2021,0.08706199580465435,13776.276703970445,0.0,-7213.0,1199.3901446048324
WTI,2021-12-14,2021-12-14,2021-12-14,2021,-0.018545066464274784,10285.681561263833,0.0,-14639.0,-190.7486481840034
WTI,2021-12-21,2021-12-21,2021-12-21,2021,0.008472233675979934,9655.230162262924,0.0,5059.0,81.80136613006115
WTI,2021-12-28,2021-12-28,2021-12-28,2021,0.06610155655383054,9661.085330158023,0.0,16960.0,638.6127783228231
WTI,2022-01-04,2022-01-04,2022-01-04,2022,0.014350305728301871,10342.22262448638,0.0,-518.0,148.4140565715401
WTI,2022-01-11,2022-01-11,2022-01-11,2022,0.04994367413007694,10168.498449132532,0.0,25299.0,507.85217293566797
WTI,2022-01-18,2022-01-18,2022-01-18,2022,0.0502824948707602,7724.073586433016,0.0,20857.0,388.38569049119246
WTI,2022-01-25,2022-01-25,2022-01-25,2022,0.00903602932805303,8362.040103828162,0.0,-15657.0,75.55963962054687
WTI,2022-02-01,2022-02-01,2022-02-01,2022,0.02900770461724811,4703.0054993222375,0.0,5281.0,136.4233943376329
WTI,2022-02-08,2022-02-08,2022-02-08,2022,0.016517925451645543,2401.9501651468017,0.0,-8491.0,39.675233766462576
WTI,2022-02-15,2022-02-15,2022-02-15,2022,0.025940480977415636,2379.9194532872125,0.0,-7189.0,61.73625530577836
WTI,2022-02-22,2022-02-22,2022-02-22,2022,0.018669551701470666,2448.7034105364537,0.0,-20218.0,45.71619492457787
WTI,2022-03-01,2022-03-01,2022-03-01,2022,0.10992397344575067,3075.724865437987,0.0,11040.0,338.0958984348403
WTI,2022-03-08,2022-03-08,2022-03-08,2022,0.177302830284145,2964.8922857866432,0.0,-9440.0,525.6837937575999
WTI,2022-03-15,2022-03-15,2022-03-15,2022,-0.2329068958894321,9374.467210629298,0.0,-11186.0,-2183.378058644933
WTI,2022-03-22,2022-03-22,2022-03-22,2022,0.1421579651177034,12906.365691121367,0.0,-7027.0,1834.7426837147552
WTI,2022-03-29,2022-03-29,2022-03-29,2022,-0.047125950766064295,12807.447085806434,0.0,-4590.0,-603.5631208046876
WTI,2022-04-05,2022-04-05,2022-04-05,2022,-0.017042062511718803,13270.073656381926,0.0,-6439.0,-226.1494247871737
WTI,2022-04-12,2022-04-12,2022-04-12,2022,-0.005278108155287842,12056.754701267544,0.0,1722.0,-63.63685531506525
WTI,2022-04-19,2022-04-19,2022-04-19,2022,0.018793827144026554,12537.459244579552,0.0,-533.0,235.62684186790582
WTI,2022-04-26,2022-04-26,2022-04-26,2022,-0.0034355862013397687,86921.58729776417,0.0,14167.0,-298.6266059187487
WTI,2022-05-03,2022-05-03,2022-05-03,2022,0.008959932411704008,81051.4393631015,0.0,3575.0,726.2154185647152
WTI,2022-05-10,2022-05-10,2022-05-10,2022,-0.024581122274428657,151704.6441524981,0.0,-2425.0,-3729.0704075112444
WTI,2022-05-17,2022-05-17,2022-05-17,2022,0.10756225460131408,152031.69880977043,0.0,41747.0,16352.872294846826
WTI,2022-05-24,2022-05-24,2022-05-24,2022,0.0012762080127764475,173218.82535836633,0.0,-6189.0,221.0632528860712
WTI,2022-05-31,2022-05-31,2022-05-31,2022,0.04367117035098805,172704.78077636362,0.0,8048.0,7542.219901714622
WTI,2022-06-07,2022-06-07,2022-06-07,2022,0.045333293773735794,171106.0316457274,0.0,-2226.0,7756.799999053894
WTI,2022-06-14,2022-06-14,2022-06-14,2022,-0.007199208330467333,170717.77198058472,0.0,-13641.0,-1229.032806201448
WTI,2022-06-21,2022-06-21,2022-06-21,2022,-0.059721881293010926,170069.04118364496,0.0,-33487.0,-10156.843089185832
WTI,2022-06-28,2022-06-28,2022-06-28,2022,0.02024653396851306,175953.96715622587,0.0,9396.0,3562.457972923158
WTI,2022-07-05,2022-07-05,2022-07-05,2022,-0.12113048911141344,177181.41098077496,0.0,-34047.0,-21462.070973551632
WTI,2022-07-12,2022-07-12,2022-07-12,2022,-0.033822957510900586,183915.56035324698,0.0,8793.0,-6220.568183421346
WTI,2022-07-19,2022-07-19,2022-07-19,2022,0.0766156570715738,182362.78110064554,0.0,10917.0,13971.84429942554
WTI,2022-07-26,2022-07-26,2022-07-26,2022,-0.0588765971965286,181252.1383013471,0.0,-11236.0,-10671.509137777906
WTI,2022-08-02,2022-08-02,2022-08-02,2022,0.00043969670970767094,180434.52487734714,0.0,-21633.0,79.33646690623644
WTI,2022-08-09,2022-08-09,2022-08-09,2022,-0.03882602598063867,180083.9435480249,0.0,-28626.0,-6991.943870891481
WTI,2022-08-16,2022-08-16,2022-08-16,2022,-0.03993023211582325,182537.10080185696,0.0,-14599.0,-7288.748804767574
WTI,2022-08-23,2022-08-23,2022-08-23,2022,0.08431895964642655,184850.3075235553,0.0,25009.0,15586.385620708197
WTI,2022-08-30,2022-08-30,2022-08-30,2022,-0.022657134909265353,187246.44459544975,0.0,-12672.0,-4242.467956479385
WTI,2022-09-06,2022-09-06,2022-09-06,2022,-0.05178410647187082,187809.05562642962,0.0,-2445.0,-9725.52413294054
WTI,2022-09-13,2022-09-13,2022-09-13,2022,0.004382936658831493,168236.51086238926,0.0,13138.0,737.3699708126686
WTI,2022-09-20,2022-09-20,2022-09-20,2022,-0.03454069294566953,165672.75932464536,0.0,6680.0,-5722.451909294384
WTI,2022-09-27,2022-09-27,2022-09-27,2022,-0.0670036331170819,161796.36467813616,0.0,-25861.0,-10840.944258571426
WTI,2022-10-04,2022-10-04,2022-10-04,2022,0.09515172599537491,164120.64777857126,0.0,19709.0,15616.36290761005
WTI,2022-10-11,2022-10-11,2022-10-11,2022,0.028479471321868566,165425.325315907,0.0,18613.0,4711.225808245151
WTI,2022-10-18,2022-10-18,2022-10-18,2022,-0.06942330562296295,166377.23619089695,0.0,-29510.0,-11550.457716784531
WTI,2022-10-25,2022-10-25,2022-10-25,2022,0.038836351961529236,167044.15207672952,0.0,5704.0,6487.385483167082
WTI,2022-11-01,2022-11-01,2022-11-01,2022,0.03482582566069703,162577.57439190077,0.0,15730.0,5661.898262111338
WTI,2022-11-08,2022-11-08,2022-11-08,2022,0.00924716903848255,159325.2658921458,0.0,16243.0,1473.3076658058505
WTI,2022-11-15,2022-11-15,2022-11-15,2022,-0.02008675856673736,155218.5893061847,0.0,-19365.0,-3117.838328462894
WTI,2022-11-22,2022-11-22,2022-11-22,2022,-0.06341837578782472,156211.9457546807,0.0,-19128.0,-9906.70787841763
WTI,2022-11-29,2022-11-29,2022-11-29,2022,-0.034562032572378665,153755.7000973566,0.0,-7366.0,-5314.109514953724
WTI,2022-12-06,2022-12-06,2022-12-06,2022,-0.05037225892893338,154195.95485588224,0.0,4284.0,-7767.198563794623
WTI,2022-12-13,2022-12-13,2022-12-13,2022,0.01307556988063141,152571.41671515038,0.0,402.0,1994.9582210458839
WTI,2022-12-20,2022-12-20,2022-12-20,2022,0.010417447674980429,152534.36166506165,0.0,18189.0,1589.0187312823202
WTI,2022-12-27,2022-12-27,2022-12-27,2022,0.04237922296886121,153181.8459265889,0.0,6330.0,6491.727603304655
WTI,2023-01-03,2023-01-03,2023-01-03,2023,-0.03313616726637525,153167.83589321937,0.0,-30162.0,-5075.395029986432
WTI,2023-01-10,2023-01-10,2023-01-10,2023,-0.022953332446911667,156495.12558669806,0.0,-9508.0,-3592.084643912673
WTI,2023-01-17,2023-01-17,2023-01-17,2023,0.06522655558301382,155567.05834337638,0.0,29483.0,10147.103377920193
WTI,2023-01-24,2023-01-24,2023-01-24,2023,-0.0039855576484132405,159312.34448036004,0.0,4195.0,-634.9485330303438
WTI,2023-01-31,2023-01-31,2023-01-31,2023,-0.01584938838007932,159100.04123160648,0.0,-5584.0,-2521.6383447663648
WTI,2023-02-07,2023-02-07,2023-02-07,2023,-0.022739865900974654,158927.3361802756,0.0,-11420.0,-3613.9863127385843
WTI,2023-02-14,2023-02-14,2023-02-14,2023,0.023623648547982268,156720.4709389203,0.0,17773.0,3702.309325735322
WTI,2023-02-21,2023-02-21,2023-02-21,2023,-0.03702222297280333,157296.008849895,0.0,-29743.0,-5823.447912372859
WTI,2023-02-28,2023-02-28,2023-02-28,2023,0.008995562908577837,161488.31758558526,0.0,5918.0,1452.6783198415287
WTI,2023-03-07,2023-03-07,2023-03-07,2023,0.0068427095474768995,161984.03427869157,0.0,6983.0,1108.4096978976281
WTI,2023-03-14,2023-03-14,2023-03-14,2023,-0.0835550447304787,164512.09940519583,0.0,-50651.0,-13745.815824506095
WTI,2023-03-21,2023-03-21,2023-03-21,2023,-0.025787770736732774,174029.70735525765,0.0,-44139.0,-4487.838194658081
WTI,2023-03-28,2023-03-28,2023-03-28,2023,0.04942561192523842,181322.09213178913,0.0,45780.0,8961.955359178137
WTI,2023-04-04,2023-04-04,2023-04-04,2023,0.09607444313619173,187955.11875959582,0.0,68336.0,18057.683369424954
WTI,2023-04-11,2023-04-11,2023-04-11,2023,0.009493937286774834,201688.30966168453,0.0,22031.0,1914.8161634036558
WTI,2023-04-18,2023-04-18,2023-04-18,2023,-0.007266489267682252,201994.87997105502,0.0,3447.0,-1467.793627436436
WTI,2023-04-25,2023-04-25,2023-04-25,2023,-0.0484997242745443,203572.65631632775,0.0,-17651.0,-9873.217701178464
WTI,2023-05-02,2023-05-02,2023-05-02,2023,-0.07210102074351987,204644.6253469723,0.0,-42259.0,-14755.086377191901
WTI,2023-05-09,2023-05-09,2023-05-09,2023,0.028520221948415192,210452.78095348206,0.0,15425.0,6002.160022454514
WTI,2023-05-16,2023-05-16,2023-05-16,2023,-0.0384929150362423,210931.78201551476,0.0,-15586.0,-8119.379163566392
WTI,2023-05-23,2023-05-23,2023-05-23,2023,0.028801990903706165,211952.05895674237,0.0,-12012.0,6104.641274093887
WTI,2023-05-30,2023-05-30,2023-05-30,2023,-0.04847475650241084,210134.6919701175,0.0,-41218.0,-10186.228025960552
WTI,2023-06-06,2023-06-06,2023-06-06,2023,0.031629021520557576,213544.46130889325,0.0,2914.0,6754.20236233486
WTI,2023-06-13,2023-06-13,2023-06-13,2023,-0.03210344280123811,211334.1812197439,0.0,-10310.0,-6784.554798734539
WTI,2023-06-20,2023-06-20,2023-06-20,2023,0.02287518939198596,211230.395549327,0.0,20698.0,4831.935303534963
WTI,2023-06-27,2023-06-27,2023-06-27,2023,-0.050266179197552385,212767.1820535066,0.0,-35522.0,-10694.993300459815
WTI,2023-07-04,2023-07-03,2023-07-03,2023,0.030142601984051387,216562.83814009582,0.0,21808.0,6527.767434593452
WTI,2023-07-11,2023-07-11,2023-07-11,2023,0.06640525146381593,218298.46033787957,0.0,44275.0,14496.164152900741
WTI,2023-07-18,2023-07-18,2023-07-18,2023,0.01263566721717313,224347.31435392966,0.0,39618.0,2834.778005242784
WTI,2023-07-25,2023-07-25,2023-07-25,2023,0.05114128706447041,217807.6042468783,0.0,20929.0,11138.961213614168
WTI,2023-08-01,2023-08-01,2023-08-01,2023,0.021955360878746832,222577.70606206107,0.0,16085.0,4886.773860156188
WTI,2023-08-08,2023-08-08,2023-08-08,2023,0.017638869860044037,222749.54099906044,0.0,6440.0,3929.0501650669707
WTI,2023-08-15,2023-08-15,2023-08-15,2023,-0.022842697735071082,222334.54993649828,0.0,-31533.0,-5078.720920262498
WTI,2023-08-22,2023-08-22,2023-08-22,2023,-0.010740705228522218,224739.57918687144,0.0,-29634.0,-2413.8615732283133
WTI,2023-08-29,2023-08-29,2023-08-29,2023,0.018906035761618423,226340.7042785558,0.0,27557.0,4279.205449400276
WTI,2023-09-05,2023-09-05,2023-09-05,2023,0.0660847970779368,227865.4523475213,0.0,61153.0,15058.442179458221
WTI,2023-09-12,2023-09-12,2023-09-12,2023,0.024689776841216204,236981.20725254074,0.0,31112.0,5851.013122627238
WTI,2023-09-19,2023-09-19,2023-09-19,2023,0.025975486403260417,237433.5292763572,0.0,17590.0,6167.45141139615
WTI,2023-09-26,2023-09-26,2023-09-26,2023,-0.0009951899975455536,238469.3923344276,0.0,20040.0,-237.32235397198866
WTI,2023-10-03,2023-10-03,2023-10-03,2023,-0.011018300556494665,239128.32539616356,0.0,-8425.0,-2634.787760786186
WTI,2023-10-10,2023-10-10,2023-10-10,2023,-0.038589622305560956,238038.87130353358,0.0,-38691.0,-9185.830137645393
WTI,2023-10-17,2023-10-17,2023-10-17,2023,0.015451153649162497,240882.04444674772,0.0,-51400.0,3721.9054800710887
WTI,2023-10-24,2023-10-24,2023-10-24,2023,-0.02009761462088755,238299.14622154273,0.0,-7168.0,-4789.244405247097
WTI,2023-10-31,2023-10-31,2023-10-31,2023,-0.03302072281645274,239750.74994248818,0.0,-59912.0,-7916.743058887575
WTI,2023-11-07,2023-11-07,2023-11-07,2023,-0.041728202103793466,244789.63004337644,0.0,-24755.0,-10214.631155362846
WTI,2023-11-14,2023-11-14,2023-11-14,2023,0.012356959911514753,246546.3693850129,0.0,-11746.0,3046.5636028201125
WTI,2023-11-21,2023-11-21,2023-11-21,2023,-0.005130189525387241,244311.84892473696,0.0,-14634.0,-1253.3660882816755
WTI,2023-11-28,2023-11-28,2023-11-28,2023,-0.01764217504737664,244540.49522264872,0.0,-6613.0,-4314.22622289014
WTI,2023-12-05,2023-12-05,2023-12-05,2023,-0.05329744104537093,248719.60853096575,0.0,-15539.0,-13256.118672506884
WTI,2023-12-12,2023-12-12,2023-12-12,2023,-0.052070044200657195,257633.9403006669,0.0,-16865.0,-13415.010659045203
WTI,2023-12-19,2023-12-19,2023-12-19,2023,0.07132372833382172,257623.08333651628,0.0,41416.0,18374.638808415202
WTI,2023-12-26,2023-12-26,2023-12-26,2023,0.02180542552414244,262967.07504572143,0.0,20075.0,5734.108970211055
WTI,2024-01-02,2024-01-02,2024-01-02,2024,-0.07039425825215129,264106.0775705347,0.0,-40840.0,-18591.55143046292
WTI,2024-01-09,2024-01-09,2024-01-09,2024,0.02337241651196542,269464.50522375945,0.0,24393.0,6298.036651280388
WTI,2024-01-16,2024-01-16,2024-01-16,2024,0.0031765788744444468,268906.45712107717,0.0,-18483.0,854.2025708925152
WTI,2024-01-23,2024-01-23,2024-01-23,2024,0.025190248828558914,267469.0681864245,0.0,49277.0,6737.612381558824
WTI,2024-01-30,2024-01-30,2024-01-30,2024,0.04534583284119842,271586.696998851,0.0,15765.0,12315.324964003103
WTI,2024-02-06,2024-02-06,2024-02-06,2024,-0.0570358811511783,272356.3747232903,0.0,-60442.0,-15534.085819483369
WTI,2024-02-13,2024-02-13,2024-02-13,2024,0.05553669764854818,281484.7350073681,0.0,23115.0,15632.732620785908
WTI,2024-02-20,2024-02-20,2024-02-20,2024,-0.006727062884581025,284066.83224888734,0.0,23208.0,-1910.9354439619942
WTI,2024-02-27,2024-02-27,2024-02-27,2024,0.023476159920029382,285071.0424792603,0.0,43142.0,6692.373381812604
WTI,2024-03-05,2024-03-05,2024-03-05,2024,-0.008280906273888777,295546.07031773496,0.0,8047.0,-2447.3893079173054
WTI,2024-03-12,2024-03-12,2024-03-12,2024,-0.002069055438767342,336857.8975739484,0.0,-13992.0,-696.9776650671101
WTI,2024-03-19,2024-03-19,2024-03-19,2024,0.06853537742423654,411931.2018826539,0.0,45091.0,28231.860393847066
WTI,2024-03-26,2024-03-26,2024-03-26,2024,-0.01350796322443204,466071.38757667236,0.0,110.0,-6295.6751633457025
WTI,2024-04-02,2024-04-02,2024-04-02,2024,0.040416672726046876,469894.7856540385,0.0,10049.0,18991.58376745522
WTI,2024-04-09,2024-04-09,2024-04-09,2024,0.002845626772015719,468159.36747938715,0.0,6289.0,1332.2068296692892
WTI,2024-04-16,2024-04-16,2024-04-16,2024,0.004371204313846078,468347.2767565731,0.0,-36346.0,2047.2416365363952
WTI,2024-04-23,2024-04-23,2024-04-23,2024,-0.017480675814586566,468386.84133924905,0.0,-24384.0,-8187.718529269606
WTI,2024-04-30,2024-04-30,2024-04-30,2024,-0.017303353851333414,470136.4493135128,0.0,-2697.0,-8134.937340881189
WTI,2024-05-07,2024-05-07,2024-05-07,2024,-0.04042222207770274,469678.54594556073,0.0,-54186.0,-18985.450489343966
WTI,2024-05-14,2024-05-14,2024-05-14,2024,-0.005266212157772898,478166.51008285885,0.0,14713.0,-2518.1262888381884
WTI,2024-05-21,2024-05-21,2024-05-21,2024,0.01292321740896718,483377.6847583717,0.0,42315.0,6246.7949107756385
WTI,2024-05-28,2024-05-28,2024-05-28,2024,0.014764606654043888,485976.90720940876,0.0,34638.0,7175.257877895706
WTI,2024-06-04,2024-06-04,2024-06-04,2024,-0.08523557519018676,491396.5191452528,0.0,-50873.0,-41884.464955801246
WTI,2024-06-11,2024-06-11,2024-06-11,2024,0.0596418682554114,501477.12271659536,0.0,41370.0,29909.032486165957
WTI,2024-06-18,2024-06-18,2024-06-18,2024,0.039939593713733124,504699.83571765467,0.0,-6048.0,20157.50638595098
WTI,2024-06-25,2024-06-25,2024-06-25,2024,0.001485700409471935,498060.2069372112,0.0,44004.0,739.9682533882914
WTI,2024-07-02,2024-07-02,2024-07-02,2024,0.02437179284980684,498477.71532907034,0.0,8565.0,12148.795618245085
WTI,2024-07-09,2024-07-09,2024-07-09,2024,-0.016618835117203634,516386.3879391583,0.0,6809.0,-8581.740237929223
WTI,2024-07-16,2024-07-16,2024-07-16,2024,-0.01060719997047499,520055.03796343395,0.0,8489.0,-5516.327783331106
WTI,2024-07-23,2024-07-23,2024-07-23,2024,-0.035109242082380754,532465.3327339783,0.0,-23460.0,-18694.454267432662
WTI,2024-07-30,2024-07-30,2024-07-30,2024,-0.029404188415252275,540687.3815890659,0.0,-25791.0,-15898.473641994296
WTI,2024-08-06,2024-08-06,2024-08-06,2024,-0.018675414975836135,542505.8846725082,0.0,-26616.0,-10131.522523092191
WTI,2024-08-13,2024-08-13,2024-08-13,2024,0.059827413629674586,542592.5874213757,0.0,19131.0,32461.91116005401
WTI,2024-08-20,2024-08-20,2024-08-20,2024,-0.048419139257687815,539489.2581383294,0.0,-21852.0,-26121.605517826458
WTI,2024-08-27,2024-08-27,2024-08-27,2024,0.03174442742941819,548913.2018026185,0.0,10056.0,17424.9352996728
WTI,2024-09-03,2024-09-03,2024-09-03,2024,-0.06959699243744322,547434.5156496491,0.0,-64701.0,-38099.79584566402
WTI,2024-09-10,2024-09-10,2024-09-10,2024,-0.06608207900867125,566906.9764784279,0.0,-19435.0,-37462.3916102144
WTI,2024-09-17,2024-09-17,2024-09-17,2024,0.0713848503023139,559551.6142764788,0.0,34940.0,39943.50822154452
WTI,2024-09-24,2024-09-24,2024-09-24,2024,0.02261260849011726,562693.866465701,0.0,28309.0,12723.976102179218
WTI,2024-10-01,2024-10-01,2024-10-01,2024,-0.024908527502388367,569504.8595986107,0.0,-22153.0,-14185.52745805582
WTI,2024-10-08,2024-10-08,2024-10-08,2024,0.05044266609684411,591277.7123745503,0.0,-5866.0,29825.624215815275
WTI,2024-10-15,2024-10-15,2024-10-15,2024,-0.0415473420191953,579819.5028384434,0.0,-12517.0,-24089.95919382859
WTI,2024-10-22,2024-10-22,2024-10-22,2024,0.024410383115030077,581491.9734229475,0.0,-16600.0,14194.441849569035
WTI,2024-10-29,2024-10-29,2024-10-29,2024,-0.06522642612226226,580881.3904722378,0.0,-10313.0,-37888.8171014344
WTI,2024-11-05,2024-11-05,2024-11-05,2024,0.06923266841853148,570655.5429072116,0.0,55018.0,39508.005983292045
WTI,2024-11-12,2024-11-12,2024-11-12,2024,-0.05146982728197169,576538.9259327059,0.0,-12988.0,-29674.35893908984
WTI,2024-11-19,2024-11-19,2024-11-19,2024,0.018512298949461825,570478.8636299628,0.0,-28722.0,10560.875267867135
WTI,2024-11-26,2024-11-26,2024-11-26,2024,-0.006811126976263626,572640.1851288099,0.0,1468.0,-3900.325012623434
WTI,2024-12-03,2024-12-03,2024-12-03,2024,0.015260671159142869,575055.0528357676,0.0,8412.0,8775.726059730177
WTI,2024-12-10,2024-12-10,2024-12-10,2024,-0.018431695149526472,585463.1189404101,0.0,-9853.0,-10791.077729600596
WTI,2024-12-17,2024-12-17,2024-12-17,2024,0.02001226879562601,585946.115541731,0.0,59419.0,11726.111163974056
WTI,2024-12-24,2024-12-24,2024-12-24,2024,0.006440093814729542,591097.0995626344,0.0,22527.0,3806.7207747978937
WTI,2024-12-31,2024-12-31,2024-12-31,2024,0.02284685469638781,596841.4173767444,0.0,16134.0,13635.94913959263
WTI,2025-01-07,2025-01-07,2025-01-07,2025,0.03204251479541309,595030.6571229687,0.0,50831.0,19066.2786345871
WTI,2025-01-14,2025-01-14,2025-01-14,2025,0.037352614956119856,602030.1769017127,0.0,-17637.0,22487.401389774393
WTI,2025-01-21,2025-01-21,2025-01-21,2025,-0.007095956187448738,596519.98016966,0.0,11203.0,-4232.879644221697
WTI,2025-01-28,2025-01-28,2025-01-28,2025,-0.02754184781663349,595986.4399396589,0.0,-55914.0,-16414.56782959526
WTI,2025-02-04,2025-02-04,2025-02-04,2025,-0.011962951647822684,603319.3438499001,0.0,-47395.0,-7217.480138672462
WTI,2025-02-11,2025-02-11,2025-02-11,2025,0.010177504985854124,606728.3410600448,0.0,-13832.0,6174.980716197608
WTI,2025-02-18,2025-02-18,2025-02-18,2025,-0.017252515423095582,604900.7121370422,0.0,-24412.0,-10436.058865585821
WTI,2025-02-25,2025-02-25,2025-02-25,2025,-0.041210719189149536,604700.9244774479,0.0,-37119.0,-24920.159992059227
WTI,2025-03-04,2025-03-04,2025-03-04,2025,-0.011966477635484307,607887.3380935707,0.0,29876.0,-7274.270236190801
WTI,2025-03-11,2025-03-11,2025-03-11,2025,-0.02649260679302068,604923.5793643381,0.0,9095.0,-16026.002527926046
WTI,2025-03-18,2025-03-18,2025-03-18,2025,0.01236072415515066,600434.4981157768,0.0,-15481.0,7421.805204445445
WTI,2025-03-25,2025-03-25,2025-03-25,2025,0.033152207316900384,593608.3281982436,0.0,980.0,19679.426361466816
WTI,2025-04-01,2025-04-01,2025-04-01,2025,0.032346965865250765,583954.0529543487,0.0,8174.0,18889.141817789157
WTI,2025-04-08,2025-04-08,2025-04-08,2025,-0.17978025936528208,573098.7949746742,0.0,-52878.0,-103031.85000247756
WTI,2025-04-15,2025-04-15,2025-04-15,2025,0.02753615780860541,519892.9098128857,0.0,31374.0,14315.85320818268
WTI,2025-04-22,2025-04-22,2025-04-22,2025,0.04694641180827619,522909.16798955086,0.0,51822.0,24548.70913876053
WTI,2025-04-29,2025-04-29,2025-04-29,2025,-0.052393318070408146,532472.50139019,0.0,8296.0,-27898.001129082066
WTI,2025-05-06,2025-05-06,2025-05-06,2025,-0.019033791056483285,519717.3708299833,0.0,-11456.0,-9892.191844802743
WTI,2025-05-13,2025-05-13,2025-05-13,2025,0.07499617433284889,519791.3386241355,0.0,-10479.0,38982.36184816055
WTI,2025-05-20,2025-05-20,2025-05-20,2025,-0.019476988622603386,499477.23924947815,0.0,-6217.0,-9728.312506111435
WTI,2025-05-27,2025-05-27,2025-05-27,2025,-0.018549181364543643,503459.0063828272,0.0,-7932.0,-9338.752419007997
WTI,2025-06-03,2025-06-03,2025-06-03,2025,0.04236442677876584,498562.276655083,0.0,40684.0,21121.305064009062
WTI,2025-06-10,2025-06-10,2025-06-10,2025,0.022629338130759846,505721.1975754795,0.0,16946.0,11444.135979828332
WTI,2025-06-17,2025-06-17,2025-06-17,2025,0.13667540450968219,507550.5598349985,0.0,9028.0,69369.67807456407
WTI,2025-06-24,2025-06-24,2025-06-24,2025,-0.1295035621073477,463096.77622567496,0.0,-9118.0,-59972.6821216542
WTI,2025-07-01,2025-07-01,2025-07-01,2025,0.016117969767343476,427872.93838728126,0.0,13146.0,6896.443085190617
WTI,2025-07-08,2025-07-08,2025-07-08,2025,0.043169976304413105,427049.2483283612,0.0,-28936.0,18435.70593115278
WTI,2025-07-15,2025-07-15,2025-07-15,2025,-0.024330629741420196,411635.6173732389,0.0,-53928.0,-10015.35379468919
WTI,2025-07-22,2025-07-22,2025-07-22,2025,-0.0009182737100724703,414776.9215415004,0.0,6468.0,-380.87874259635146
WTI,2025-07-29,2025-07-29,2025-07-29,2025,0.058000196939205995,414818.09041157074,0.0,-850.0,24059.53093781646
WTI,2025-08-05,2025-08-05,2025-08-05,2025,-0.0597191760329967,406905.45327347994,0.0,-16050.0,-24300.058392825264
WTI,2025-08-12,2025-08-12,2025-08-12,2025,-0.027156705164485095,404567.8803897039,0.0,-32472.0,-10986.730646763861
WTI,2025-08-19,2025-08-19,2025-08-19,2025,-0.011428695823622492,404929.42866799346,0.0,-21420.0,-4627.815270279739
WTI,2025-08-26,2025-08-26,2025-08-26,2025,0.023677317899821637,404541.6499769229,0.0,-2824.0,9578.461250221975
WTI,2025-09-02,2025-09-02,2025-09-02,2025,0.03715168974207017,401283.255352183,0.0,2702.0,14908.351001532223
WTI,2025-09-09,2025-09-09,2025-09-09,2025,-0.04381638308478297,387751.24343080213,0.0,-17321.0,-16989.857023764962
WTI,2025-09-16,2025-09-16,2025-09-16,2025,0.029579064292204804,385215.12690466817,0.0,26797.0,11394.303005043012
WTI,2025-09-23,2025-09-23,2025-09-23,2025,-0.011758385846318609,386481.7822747804,0.0,-10316.0,-4544.401918559768
WTI,2025-09-30,2025-09-30,2025-09-30,2025,-0.016537187173909174,386913.4576320373,0.0,-12430.0,-6398.4602689653775
WTI,2025-10-07,2025-10-07,2025-10-07,2025,-0.010382961545054692,387177.03082527715,0.0,-31534.0,-4020.0442221873077
WTI,2025-10-14,2025-10-14,2025-10-14,2025,-0.0510186728486306,384070.5851892043,0.0,-1285.0,-19594.771536550124
WTI,2025-10-21,2025-10-21,2025-10-21,2025,-0.017834426466732833,383835.67492383416,0.0,-19388.0,-6845.489119737888
WTI,2025-10-28,2025-10-28,2025-10-28,2025,0.0495884877324374,384978.4414420898,0.0,29554.0,19090.49872070394
WTI,2025-11-04,2025-11-04,2025-11-04,2025,0.00890753352704765,379948.863930863,0.0,16337.0,3384.407244027828
WTI,2025-11-11,2025-11-10,2025-11-10,2025,-0.0046534901991439614,378700.3092220656,0.0,-19383.0,-1762.2781773776699
WTI,2025-11-18,2025-11-18,2025-11-18,2025,0.010604904690454497,380090.9115912144,0.0,-1025.0,4030.8278911327957
WTI,2025-11-25,2025-11-25,2025-11-25,2025,-0.04586877216844554,379511.9740531089,0.0,-24339.0,-17407.748273039066
WTI,2025-12-02,2025-12-02,2025-12-02,2025,0.011843333626475827,381056.35142562946,0.0,2242.0,4512.977500421347
WTI,2025-12-09,2025-12-09,2025-12-09,2025,-0.0051519949094280815,382170.2529568146,0.0,41646.0,-1968.939197768351
WTI,2025-12-16,2025-12-16,2025-12-16,2025,-0.0521273379149485,381839.1452737053,0.0,-6804.0,-19904.25815483755
WTI,2025-12-23,2025-12-23,2025-12-23,2025,0.05727933282437647,373326.7285303106,0.0,11286.0,21383.905935723305
WTI,2025-12-30,2025-12-30,2025-12-30,2025,-0.007392795640208005,369172.049008437,0.0,4383.0,-2729.213514396229
GASOIL,2015-01-06,2015-01-06,2015-01-06,2015,-0.07566687385188355,228421.98656195143,0.0,-2252.0,-17283.977642179816
GASOIL,2015-01-13,2015-01-13,2015-01-13,2015,-0.07916104000511315,211745.4210350252,0.0,5867.0,-16761.987745453156
GASOIL,2015-01-20,2015-01-20,2015-01-20,2015,0.03431972209530927,187122.080629639,0.0,-2894.0,6421.977805105264
GASOIL,2015-01-27,2015-01-27,2015-01-27,2015,0.0021063725534150035,182524.16359388395,0.0,5737.0,384.46388852918716
GASOIL,2015-02-03,2015-02-03,2015-02-03,2015,0.12104288295948896,181014.6717474356,0.0,9368.0,21910.53772627516
GASOIL,2015-02-10,2015-02-10,2015-02-10,2015,0.033091254626328406,161461.21375079604,0.0,6705.0,5342.954136503629
GASOIL,2015-02-17,2015-02-17,2015-02-17,2015,0.042050895531528396,160537.0747500754,0.0,5245.0,6750.727759252586
GASOIL,2015-02-24,2015-02-24,2015-02-24,2015,0.004325266258622673,161042.05629163064,0.0,4479.0,696.5497722974031
GASOIL,2015-03-03,2015-03-03,2015-03-03,2015,0.01824608689394619,159040.15839293267,0.0,5589.0,2901.860549664415
GASOIL,2015-03-10,2015-03-10,2015-03-10,2015,-0.055681271078046254,152350.36107827985,0.0,-3379.0,-8483.061754037928
GASOIL,2015-03-17,2015-03-17,2015-03-17,2015,-0.06971297887953042,148923.08212507583,0.0,-13886.0,-10381.871678859985
GASOIL,2015-03-24,2015-03-24,2015-03-24,2015,0.027611344775586508,149394.90962059394,0.0,-7663.0,4124.994357251805
GASOIL,2015-03-31,2015-03-31,2015-03-31,2015,0.006191970247921008,146359.54495872764,0.0,3083.0,906.2539478836987
GASOIL,2015-04-07,2015-04-07,2015-04-07,2015,0.02915110037714721,147841.41889356688,0.0,2560.0,4309.740042066236
GASOIL,2015-04-14,2015-04-14,2015-04-14,2015,0.011518210731863973,144279.1472479207,0.0,6478.0,1661.8376222151824
GASOIL,2015-04-21,2015-04-21,2015-04-21,2015,0.04303667269574035,141397.78534484754,0.0,8426.0,6085.290207788756
GASOIL,2015-04-28,2015-04-28,2015-04-28,2015,0.028974999967736476,143276.2736308471,0.0,5394.0,4151.430023831197
GASOIL,2015-05-05,2015-05-05,2015-05-05,2015,0.05312452373901244,144573.10632017005,0.0,14377.0,7680.3774187286435
GASOIL,2015-05-12,2015-05-12,2015-05-12,2015,-0.018356623950260526,149954.70351720226,0.0,7802.0,-2752.6621020380912
GASOIL,2015-05-19,2015-05-19,2015-05-19,2015,-0.02332467256640894,147557.14797499776,0.0,2534.0,-3441.7221613499746
GASOIL,2015-05-26,2015-05-26,2015-05-26,2015,-0.013576788944852841,145534.51013463177,0.0,-3496.0,-1975.8913282904423
GASOIL,2015-06-02,2015-06-02,2015-06-02,2015,0.019453864782901426,145748.08764418185,0.0,-510.0,2835.3635893963797
GASOIL,2015-06-09,2015-06-09,2015-06-09,2015,-0.014334140875291418,145722.20789680153,0.0,-15886.0,-2088.8026566512567
GASOIL,2015-06-16,2015-06-16,2015-06-16,2015,-0.018860396176137467,147720.61950196332,0.0,-7048.0,-2786.069407191487
GASOIL,2015-06-23,2015-06-23,2015-06-23,2015,0.009474661747049501,138784.3626650017,0.0,653.0,1314.9348920307366
GASOIL,2015-06-30,2015-06-30,2015-06-30,2015,-0.016422149526784377,137622.36224382755,0.0,-5830.0,-2260.0550109974206
GASOIL,2015-07-07,2015-07-07,2015-07-07,2015,-0.10131777264086761,137510.63479760522,0.0,-20750.0,-13932.271232125144
GASOIL,2015-07-14,2015-07-14,2015-07-14,2015,0.01667102195995098,140197.35270890774,0.0,-10306.0,2337.2331457371943
GASOIL,2015-07-21,2015-07-21,2015-07-21,2015,-0.03460220265796307,136795.174158294,0.0,-21346.0,-4733.414338856642
GASOIL,2015-07-28,2015-07-28,2015-07-28,2015,-0.03129135358696879,142245.18153531032,0.0,-1686.0,-4451.0442714639585
GASOIL,2015-08-04,2015-08-04,2015-08-04,2015,-0.04779284885119083,141500.3287437691,0.0,3947.0,-6762.703824044769
GASOIL,2015-08-11,2015-08-11,2015-08-11,2015,-0.01002911546919949,136835.09066421076,0.0,-1663.0,-1372.3349245097509
GASOIL,2015-08-18,2015-08-18,2015-08-18,2015,-0.0005306447458027497,137426.47974378653,0.0,1653.0,-72.92463941020833
GASOIL,2015-08-25,2015-08-25,2015-08-25,2015,-0.09049165892476896,136730.73609038847,0.0,431.0,-12372.991134824031
GASOIL,2015-09-01,2015-09-01,2015-09-01,2015,0.11314764845396987,125331.96481667641,0.0,22694.0,14181.017095122623
GASOIL,2015-09-08,2015-09-08,2015-09-08,2015,-0.0030848353512102356,132867.57254784874,0.0,12770.0,-409.8745848250944
GASOIL,2015-09-15,2015-09-15,2015-09-15,2015,-0.060495896837174865,133035.6676261311,0.0,-9993.0,-8048.11202437511
GASOIL,2015-09-22,2015-09-22,2015-09-22,2015,0.00599947259022568,133820.66174847985,0.0,-6365.0,802.8533921658669
GASOIL,2015-09-29,2015-09-29,2015-09-29,2015,0.011354542102925982,130991.81290842882,0.0,-1711.0,1487.3520548073582
GASOIL,2015-10-06,2015-10-06,2015-10-06,2015,0.04643335404645711,130715.06095876182,0.0,247.0,6069.538704702411
GASOIL,2015-10-13,2015-10-13,2015-10-13,2015,-0.07242265556206945,127180.31920109248,0.0,-12872.0,-9210.736451774768
GASOIL,2015-10-20,2015-10-20,2015-10-20,2015,-0.02948753285144326,129136.45762843241,0.0,-14664.0,-3807.9155366374116
GASOIL,2015-10-27,2015-10-27,2015-10-27,2015,-0.02689718655919518,131638.64249621244,0.0,-12506.0,-3540.7091256198246
GASOIL,2015-11-03,2015-11-03,2015-11-03,2015,0.07518043766914656,132898.92014336472,0.0,13367.0,9991.398982135119
GASOIL,2015-11-10,2015-11-10,2015-11-10,2015,-0.036328201884794936,133093.68216124768,0.0,-2839.0,-4835.054155144536
GASOIL,2015-11-17,2015-11-17,2015-11-17,2015,-0.06737707575027815,132349.10266746974,0.0,-10452.0,-8917.295515907448
GASOIL,2015-11-24,2015-11-24,2015-11-24,2015,0.02450531024782418,131983.64903219722,0.0,2813.0,3234.3002671739328
GASOIL,2015-12-01,2015-12-01,2015-12-01,2015,-0.07351793537193427,128124.4768719875,0.0,-25703.0,-9419.447010237664
GASOIL,2015-12-08,2015-12-08,2015-12-08,2015,-0.08009361509839552,135672.64307111927,0.0,2805.0,-10866.512453520225
GASOIL,2015-12-15,2015-12-15,2015-12-15,2015,-0.0885166306079812,129957.39829851266,0.0,-844.0,-11503.39101996373
GASOIL,2015-12-22,2015-12-22,2015-12-22,2015,-0.033826754562814976,123111.331069138,0.0,5196.0,-4164.456779977189
GASOIL,2015-12-29,2015-12-29,2015-12-29,2015,0.02072613051711686,119866.8202244198,0.0,-1496.0,2484.3753606431073
GASOIL,2016-01-05,2016-01-05,2016-01-05,2016,-0.037499788553845614,119378.2799374298,0.0,-3956.0,-4476.660255575408
GASOIL,2016-01-12,2016-01-12,2016-01-12,2016,-0.14087614861856218,114540.43130370864,0.0,9244.0,-16136.01482317547
GASOIL,2016-01-19,2016-01-19,2016-01-19,2016,-0.07819256838537503,94986.7304538188,0.0,2068.0,-7427.256416713411
GASOIL,2016-01-26,2016-01-26,2016-01-26,2016,0.04429101670969382,91161.48858004341,0.0,16338.0,4037.6350139792653
GASOIL,2016-02-02,2016-02-02,2016-02-02,2016,0.0307407430385922,93963.89224806613,0.0,1631.0,2888.5198665037665
GASOIL,2016-02-09,2016-02-09,2016-02-09,2016,-0.010919890114022057,93413.35074412545,0.0,7119.0,-1020.0635253084505
GASOIL,2016-02-16,2016-02-16,2016-02-16,2016,0.03240832024322138,92431.20045950689,0.0,7586.0,2995.53994495709
GASOIL,2016-02-23,2016-02-23,2016-02-23,2016,-0.0123407571924119,92426.27740061171,0.0,3442.0,-1140.6102475994564
GASOIL,2016-03-01,2016-03-01,2016-03-01,2016,0.06730270223341428,92743.50973441507,0.0,3388.0,6241.888819737096
GASOIL,2016-03-08,2016-03-08,2016-03-08,2016,0.10261702971207554,91692.76038614703,0.0,5357.0,9409.238716927472
GASOIL,2016-03-15,2016-03-15,2016-03-15,2016,-0.03922071315328135,88450.00690828978,0.0,2835.0,-3469.0723493557875
GASOIL,2016-03-22,2016-03-22,2016-03-22,2016,0.0663226429310727,86145.8997511371,0.0,5036.0,5713.423749170651
GASOIL,2016-03-29,2016-03-29,2016-03-29,2016,-0.09090811840368718,85846.06857948941,0.0,-6068.0,-7804.104566915273
GASOIL,2016-04-05,2016-04-05,2016-04-05,2016,-0.07640127575751432,85031.99479792335,0.0,-14488.0,-6496.552882767665
GASOIL,2016-04-12,2016-04-12,2016-04-12,2016,0.16283186957230505,87659.55965199048,0.0,13667.0,14273.769984018609
GASOIL,2016-04-19,2016-04-19,2016-04-19,2016,0.00662692948760879,85433.71634326143,0.0,16544.0,566.1632140711642
GASOIL,2016-04-26,2016-04-26,2016-04-26,2016,0.047720207809687,85627.34833743413,0.0,9451.0,4086.1548568548133
GASOIL,2016-05-03,2016-05-03,2016-05-03,2016,-0.006203874343763349,86620.42541911267,0.0,16.0,-537.3822349034997
GASOIL,2016-05-10,2016-05-10,2016-05-10,2016,-0.0018981340719569917,85539.67486489812,0.0,-4251.0,-162.3657713651862
GASOIL,2016-05-17,2016-05-17,2016-05-17,2016,0.10168054195983833,85505.89725626881,0.0,11176.0,8694.285973779666
GASOIL,2016-05-24,2016-05-24,2016-05-24,2016,0.02318452729323839,86347.40546355228,0.0,11734.0,2001.9237786700494
GASOIL,2016-05-31,2016-05-31,2016-05-31,2016,0.013877547166362858,87121.44166555877,0.0,387.0,1209.031915915322
GASOIL,2016-06-07,2016-06-07,2016-06-07,2016,0.006042314455962622,84001.16917562512,0.0,6466.0,507.5614788276415
GASOIL,2016-06-14,2016-06-14,2016-06-14,2016,-0.02889089828538885,84198.08144449607,0.0,-3806.0,-2432.558206837822
GASOIL,2016-06-21,2016-06-21,2016-06-21,2016,0.005621150270429809,79937.27263729804,0.0,-493.0,449.3394217025692
GASOIL,2016-06-28,2016-06-28,2016-06-28,2016,-0.04002821398222961,79613.36548207268,0.0,-787.0,-3186.7808293618577
GASOIL,2016-07-05,2016-07-05,2016-07-05,2016,-0.018996151451741494,79304.0066680236,0.0,-12886.0,-1506.4709213956937
GASOIL,2016-07-12,2016-07-12,2016-07-12,2016,-0.0011799411398485948,77996.48079076213,0.0,5367.0,-92.0312564484309
GASOIL,2016-07-19,2016-07-19,2016-07-19,2016,-0.034227297840864535,76677.69864526282,0.0,-12563.0,-2624.4704292834654
GASOIL,2016-07-26,2016-07-26,2016-07-26,2016,-0.057841388039289066,78481.31031441478,0.0,-10042.0,-4539.467923727924
GASOIL,2016-08-02,2016-08-02,2016-08-02,2016,-0.07536336810626343,79571.8989512595,0.0,-31170.0,-5996.806311578167
GASOIL,2016-08-09,2016-08-09,2016-08-09,2016,0.07538266958572254,86704.17720028866,0.0,-3688.0,6535.992341591297
GASOIL,2016-08-16,2016-08-16,2016-08-16,2016,0.08833746125768671,84025.99164099291,0.0,19751.0,7422.642781224919
GASOIL,2016-08-23,2016-08-23,2016-08-23,2016,0.026468748896166128,87266.84634409954,0.0,30548.0,2309.8442428422836
GASOIL,2016-08-30,2016-08-30,2016-08-30,2016,-0.02821955179451885,89985.68530506767,0.0,8420.0,-2539.3557072316307
GASOIL,2016-09-06,2016-09-06,2016-09-06,2016,-0.04886743416386008,88864.37967143605,0.0,-25607.0,-4342.574223106167
GASOIL,2016-09-13,2016-09-13,2016-09-13,2016,0.007843177461025863,92517.96573327725,0.0,-150.0,725.6348235792033
GASOIL,2016-09-20,2016-09-20,2016-09-20,2016,-0.006632523560129777,91991.52136185952,0.0,-12194.0,-610.1359327647149
GASOIL,2016-09-27,2016-09-27,2016-09-27,2016,-0.007895577002780041,92059.96148076371,0.0,-4706.0,-726.8665147443344
GASOIL,2016-10-04,2016-10-04,2016-10-04,2016,0.10793013695498299,91954.94797363965,0.0,29324.0,9924.710128483262
GASOIL,2016-10-11,2016-10-11,2016-10-11,2016,0.02747277547081417,99195.19807059367,0.0,25966.0,2725.167404376359
GASOIL,2016-10-18,2016-10-18,2016-10-18,2016,-0.022569469542293774,102321.7860539115,0.0,8689.0,-2309.3484338568555
GASOIL,2016-10-25,2016-10-25,2016-10-25,2016,0.005420067469339096,101845.03696449788,0.0,-1621.0,552.0069717649127
GASOIL,2016-11-01,2016-11-01,2016-11-01,2016,-0.057838712026001826,101837.42335003492,0.0,-13734.0,-5890.145402612704
GASOIL,2016-11-08,2016-11-08,2016-11-08,2016,-0.03963222638466629,103437.71694916803,0.0,-26675.0,-4099.46701484246
GASOIL,2016-11-15,2016-11-15,2016-11-15,2016,-0.008358257614201337,106423.52706461462,0.0,-27528.0,-889.5152554179772
GASOIL,2016-11-22,2016-11-22,2016-11-22,2016,0.06554970037096969,107819.32507768387,0.0,12091.0,7067.524453042356
GASOIL,2016-11-29,2016-11-29,2016-11-29,2016,-0.04537097415634239,108894.94625307407,0.0,11162.0,-4940.669792204518
GASOIL,2016-12-06,2016-12-06,2016-12-06,2016,0.10224496600812066,111330.19058495776,0.0,29230.0,11382.951552036602
GASOIL,2016-12-13,2016-12-13,2016-12-13,2016,0.03056440973613364,119414.75588055933,0.0,6312.0,3649.8415272737893
GASOIL,2016-12-20,2016-12-20,2016-12-20,2016,0.0030565484825489653,122499.8802240604,0.0,9231.0,374.4268230112818
GASOIL,2016-12-27,2016-12-27,2016-12-27,2016,0.01914416149764367,122585.17238663453,0.0,6142.0,2346.7903373862205
GASOIL,2017-01-03,2017-01-03,2017-01-03,2017,-0.01245966779105398,124000.28294462472,0.0,5288.0,-1545.0023314867208
GASOIL,2017-01-10,2017-01-10,2017-01-10,2017,-0.041469981081530605,125521.88269598018,0.0,-4193.0,-5205.390100720402
GASOIL,2017-01-17,2017-01-17,2017-01-17,2017,0.025801224836208086,129632.83184433557,0.0,5939.0,3344.6858405700573
GASOIL,2017-01-24,2017-01-24,2017-01-24,2017,-0.004595361673733034,130719.19871782896,0.0,-2293.0,-600.7019958090035
GASOIL,2017-01-31,2017-01-31,2017-01-31,2017,0.010689844732494375,130706.50288904406,0.0,7255.0,1397.2322214112085
GASOIL,2017-02-07,2017-02-07,2017-02-07,2017,-0.01671348097374062,133729.84833984598,0.0,10722.0,-2235.091275849234
GASOIL,2017-02-14,2017-02-14,2017-02-14,2017,0.015708455763516593,132680.45386479748,0.0,11552.0,2084.2050402184755
GASOIL,2017-02-21,2017-02-21,2017-02-21,2017,0.00900906994236586,133268.69088953952,0.0,5247.0,1200.6269573513976
GASOIL,2017-02-28,2017-02-28,2017-02-28,2017,-0.025228381400261984,133339.40923205114,0.0,-8164.0,-3363.9374717918
GASOIL,2017-03-07,2017-03-07,2017-03-07,2017,-0.0020345886977877203,133568.61327032527,0.0,-10542.0,-271.7571909389827
GASOIL,2017-03-14,2017-03-14,2017-03-14,2017,-0.0916508953795355,134469.5794436646,0.0,-27684.0,-12324.257357321441
GASOIL,2017-03-21,2017-03-21,2017-03-21,2017,0.011650617219975345,138408.49156915388,0.0,-13866.0,1612.5443552663967
GASOIL,2017-03-28,2017-03-28,2017-03-28,2017,0.014239013849470017,138902.40616988274,0.0,-6538.0,1977.83328517767
GASOIL,2017-04-04,2017-04-04,2017-04-04,2017,0.0378279385583844,138415.1025650778,0.0,14825.0,5235.957995384238
GASOIL,2017-04-11,2017-04-11,2017-04-11,2017,0.031846553651851406,139876.3528314201,0.0,32819.0,4454.579775071118
GASOIL,2017-04-18,2017-04-18,2017-04-18,2017,-0.006593987879295937,142918.09856921656,0.0,19831.0,-942.400209697436
GASOIL,2017-04-25,2017-04-25,2017-04-25,2017,-0.05760754926182615,142069.26412088305,0.0,-14283.0,-8184.262131435161
GASOIL,2017-05-02,2017-05-02,2017-05-02,2017,-0.03673545108145915,143194.99309401677,0.0,-43003.0,-5260.332663915134
GASOIL,2017-05-09,2017-05-09,2017-05-09,2017,-0.03171273679340397,146892.17039610722,0.0,-34342.0,-4658.352736783595
GASOIL,2017-05-16,2017-05-16,2017-05-16,2017,0.052673239408738304,150965.57158332437,0.0,-5238.0,7951.845694485465
GASOIL,2017-05-23,2017-05-23,2017-05-23,2017,0.04483141329673018,148993.22344638253,0.0,33990.0,6679.576778736845
GASOIL,2017-05-30,2017-05-30,2017-05-30,2017,-0.047017206516710486,153257.01026044504,0.0,11044.0,-7205.716501548962
GASOIL,2017-06-06,2017-06-06,2017-06-06,2017,-0.06320490094900555,150477.76063846194,0.0,-36372.0,-9510.931956182154
GASOIL,2017-06-13,2017-06-13,2017-06-13,2017,-0.00760015350821458,155687.87884625891,0.0,-25105.0,-1183.2517785998812
GASOIL,2017-06-20,2017-06-20,2017-06-20,2017,-0.03159726346913311,156050.165138919,0.0,4122.0,-4930.758182296154
GASOIL,2017-06-27,2017-06-27,2017-06-27,2017,0.02512093821300737,155086.4486686467,0.0,-2870.0,3895.9170946798135
GASOIL,2017-07-04,2017-07-04,2017-07-03,2017,0.0652046205644683,154311.9217390372,0.0,24983.0,10061.850305567848
GASOIL,2017-07-11,2017-07-11,2017-07-11,2017,-0.03955317838602179,155918.1800262004,0.0,22817.0,-6167.059588200164
GASOIL,2017-07-18,2017-07-18,2017-07-18,2017,0.028411001832779947,152642.8770486937,0.0,17048.0,4336.737059591242
GASOIL,2017-07-25,2017-07-25,2017-07-25,2017,0.034144285985500455,151957.10618357427,0.0,23039.0,5188.46689106102
GASOIL,2017-08-01,2017-08-01,2017-08-01,2017,0.0454738872520965,154440.24300977433,0.0,35588.0,7022.998197812863
GASOIL,2017-08-08,2017-08-08,2017-08-08,2017,0.0036260075988731044,160922.45203454993,0.0,7756.0,583.5060339065707
GASOIL,2017-08-15,2017-08-15,2017-08-15,2017,-0.025132212819836852,161012.35032225534,0.0,-2560.0,-4046.596654921048
GASOIL,2017-08-22,2017-08-22,2017-08-22,2017,0.004760654323124058,160884.24895605506,0.0,-9431.0,765.9142953152108
GASOIL,2017-08-29,2017-08-29,2017-08-29,2017,0.02243767493418458,165618.06570778062,0.0,3091.0,3716.0843215796044
GASOIL,2017-09-05,2017-09-05,2017-09-05,2017,0.06451098111279346,163869.92180763488,0.0,28293.0,10571.409430687276
GASOIL,2017-09-12,2017-09-12,2017-09-12,2017,0.005323022488914919,168286.21239419538,0.0,12353.0,895.7912931486146
GASOIL,2017-09-19,2017-09-19,2017-09-19,2017,0.0200675630508092,168559.69003844817,0.0,2262.0,3382.5822076714144
GASOIL,2017-09-26,2017-09-26,2017-09-26,2017,0.033033941099507635,168641.8655507295,0.0,4849.0,5570.905453513884
GASOIL,2017-10-03,2017-10-03,2017-10-03,2017,-0.034404920936147304,168707.02718005975,0.0,4566.0,-5804.3519315024105
GASOIL,2017-10-10,2017-10-10,2017-10-10,2017,0.007633624855071353,168689.96833978585,0.0,-15608.0,1287.7159351197888
GASOIL,2017-10-17,2017-10-17,2017-10-17,2017,0.02116232278490976,168010.6156361107,0.0,-2311.0,3555.4948793827816
GASOIL,2017-10-24,2017-10-24,2017-10-24,2017,-0.02116232278491001,166427.38211391214,0.0,-7689.0,-3521.9899805421674
GASOIL,2017-10-31,2017-10-31,2017-10-31,2017,0.0464335964152047,165933.95391090369,0.0,7815.0,7704.910247478078
GASOIL,2017-11-07,2017-11-07,2017-11-07,2017,0.027904600836777815,165691.47516820015,0.0,-2050.0,4623.554476625509
GASOIL,2017-11-14,2017-11-14,2017-11-14,2017,-0.02289662314961924,165414.2030339997,0.0,-708.0,-3787.426670464095
GASOIL,2017-11-21,2017-11-21,2017-11-21,2017,0.014427662346520695,165319.325114532,0.0,-5163.0,2385.171402107146
GASOIL,2017-11-28,2017-11-28,2017-11-28,2017,0.012897666004391406,165005.7596330348,0.0,2830.0,2128.1891765477726
GASOIL,2017-12-05,2017-12-05,2017-12-05,2017,-0.017829700830196707,160974.99780794702,0.0,-11085.0,-2870.136052057266
GASOIL,2017-12-12,2017-12-12,2017-12-12,2017,0.0265855267654138,166843.60902703085,0.0,14255.0,4435.6252334263645
GASOIL,2017-12-19,2017-12-19,2017-12-19,2017,-0.004821398776559502,173279.48577354098,0.0,2787.0,-835.44950071141
GASOIL,2017-12-26,2017-12-26,2017-12-26,2017,0.05138116398911851,174823.4105686534,0.0,11689.0,8982.630327564975
GASOIL,2018-01-02,2018-01-02,2018-01-02,2018,-0.0033309146792402725,175874.87227729987,0.0,8174.0,-585.8241937779662
GASOIL,2018-01-09,2018-01-09,2018-01-09,2018,0.013278203386077096,176176.00910238788,0.0,-1761.0,2339.300880608876
GASOIL,2018-01-16,2018-01-16,2018-01-16,2018,0.013510952712197117,198544.04572953624,0.0,1573.0,2682.5192131400663
GASOIL,2018-01-23,2018-01-23,2018-01-23,2018,0.004868163772417532,205143.68482252213,0.0,8723.0,998.6730545932426
GASOIL,2018-01-30,2018-01-30,2018-01-30,2018,-0.010168889741492253,203755.07355297758,0.0,4844.0,-2071.9628772298734
GASOIL,2018-02-06,2018-02-06,2018-02-06,2018,-0.026888900216330995,204109.4784342448,0.0,-1769.0,-5488.279398825772
GASOIL,2018-02-13,2018-02-13,2018-02-13,2018,-0.08849904677249765,204119.62690986838,0.0,-50388.0,-18064.39240908121
GASOIL,2018-02-20,2018-02-20,2018-02-20,2018,0.0509038461391543,217542.36659003657,0.0,-12997.0,11073.743157646722
GASOIL,2018-02-27,2018-02-27,2018-02-27,2018,0.034655874561629024,212150.13368253806,0.0,20482.0,7352.248421134867
GASOIL,2018-03-06,2018-03-06,2018-03-06,2018,-0.038555293648425956,217810.28158240885,0.0,-17258.0,-8397.739366056117
GASOIL,2018-03-13,2018-03-13,2018-03-13,2018,-0.008752791109594718,228194.1558630111,0.0,5084.0,-1997.335778699235
GASOIL,2018-03-20,2018-03-20,2018-03-20,2018,0.043017385083690726,230201.56515706747,0.0,24205.0,9902.669375229892
GASOIL,2018-03-27,2018-03-27,2018-03-27,2018,0.04043455105267478,236774.9471213557,0.0,26277.0,9573.88868737283
GASOIL,2018-04-03,2018-04-03,2018-04-03,2018,-0.009377482806066578,247713.58436252005,0.0,13876.0,-2322.9298781886546
GASOIL,2018-04-10,2018-04-10,2018-04-10,2018,0.024662660962248534,248728.1409501581,0.0,858.0,6134.297812024115
GASOIL,2018-04-17,2018-04-17,2018-04-17,2018,0.0031897953681004065,275466.8450775102,0.0,6765.0,878.6828664934744
GASOIL,2018-04-24,2018-04-24,2018-04-24,2018,0.040184848910934066,274969.9564680314,0.0,-3059.0,11049.626155713959
GASOIL,2018-05-01,2018-05-01,2018-05-01,2018,-0.006981160595463651,272487.8942619034,0.0,2487.0,-1902.281750162066
GASOIL,2018-05-08,2018-05-08,2018-05-08,2018,0.00464576909917247,272360.8473033009,0.0,2583.0,1265.3256082261069
GASOIL,2018-05-15,2018-05-15,2018-05-15,2018,0.06069278117303689,272354.7282013226,0.0,554.0,16529.965920164814
GASOIL,2018-05-22,2018-05-22,2018-05-22,2018,0.021220001403216865,277048.83252730145,0.0,136.0,5878.976614988931
GASOIL,2018-05-29,2018-05-29,2018-05-29,2018,-0.0447591537123003,275427.8021391947,0.0,-4421.0,-12327.915332589248
GASOIL,2018-06-05,2018-06-05,2018-06-05,2018,-0.020529184868974912,273425.5553244126,0.0,-13653.0,-5613.2037731569935
GASOIL,2018-06-12,2018-06-12,2018-06-12,2018,0.019293202934678844,274312.2929413651,0.0,-10176.0,5292.362735194828
GASOIL,2018-06-19,2018-06-19,2018-06-19,2018,-0.029659968842414036,273138.538869794,0.0,-10608.0,-8101.280552540585
GASOIL,2018-06-26,2018-06-26,2018-06-26,2018,-0.0061943674642734245,273696.3927640496,0.0,-20429.0,-1695.376030426629
GASOIL,2018-07-03,2018-07-03,2018-07-03,2018,0.01927526829419108,277134.2288532513,0.0,-4543.0,5341.836614650169
GASOIL,2018-07-10,2018-07-10,2018-07-10,2018,0.0310828243304051,274930.5821748836,0.0,5242.0,8545.61898879791
GASOIL,2018-07-17,2018-07-17,2018-07-17,2018,-0.06986240239032109,274303.84657319356,0.0,-33349.0,-19163.525706509346
GASOIL,2018-07-24,2018-07-24,2018-07-24,2018,0.03649473319690828,279929.97952524485,0.0,14388.0,10215.96991658981
GASOIL,2018-07-31,2018-07-31,2018-07-31,2018,-0.002290077336727772,283210.8608293292,0.0,6113.0,-648.5747739004099
GASOIL,2018-08-07,2018-08-07,2018-08-07,2018,0.005311089874407829,278141.90856099094,0.0,554.0,1477.2366742067472
GASOIL,2018-08-14,2018-08-14,2018-08-14,2018,-0.009122070096577464,291059.9571544826,0.0,5248.0,-2655.069331470024
GASOIL,2018-08-21,2018-08-21,2018-08-21,2018,-0.004976086822921666,294407.0184799605,0.0,-6527.0,-1464.9948852337868
GASOIL,2018-08-28,2018-08-28,2018-08-28,2018,0.048680521057650514,290135.1641937111,0.0,22504.0,14123.930970096844
GASOIL,2018-09-04,2018-09-04,2018-09-04,2018,0.01808718239532983,296549.1063953222,0.0,3939.0,5363.737776544264
GASOIL,2018-09-11,2018-09-11,2018-09-11,2018,-0.01152335401502233,292322.4587177908,0.0,-14445.0,-3368.5351783468536
GASOIL,2018-09-18,2018-09-18,2018-09-18,2018,-0.007635012548038611,293412.4125928172,0.0,-12621.0,-2240.2074518964414
GASOIL,2018-09-25,2018-09-25,2018-09-25,2018,0.041113922707994605,293496.21470099717,0.0,5037.0,12066.780686305787
GASOIL,2018-10-02,2018-10-02,2018-10-02,2018,0.03881648219716055,291237.7583482925,0.0,-4977.0,11304.825262067443
GASOIL,2018-10-09,2018-10-09,2018-10-09,2018,0.0036993484260112175,288033.31287022994,0.0,7454.0,1065.5355826052817
GASOIL,2018-10-16,2018-10-16,2018-10-16,2018,-0.04006699259688595,284267.9432941646,0.0,-11870.0,-11389.761579499289
GASOIL,2018-10-23,2018-10-23,2018-10-23,2018,-0.01833619778860479,287114.14041586086,0.0,-2010.0,-5264.581666570473
GASOIL,2018-10-30,2018-10-30,2018-10-30,2018,-0.0010681859659089354,286779.4278973074,0.0,-2591.0,-306.3337601912972
GASOIL,2018-11-06,2018-11-06,2018-11-06,2018,-0.03960885366371199,288135.3175236073,0.0,-12036.0,-11412.70962713975
GASOIL,2018-11-13,2018-11-13,2018-11-13,2018,-0.03950657574559452,283439.48495207226,0.0,-9678.0,-11197.72348155134
GASOIL,2018-11-20,2018-11-20,2018-11-20,2018,-0.04153951844132339,281276.69353347557,0.0,-18456.0,-11684.098398148277
GASOIL,2018-11-27,2018-11-27,2018-11-27,2018,-0.05792638930248023,286972.94609004684,0.0,-25994.0,-16623.306594491725
GASOIL,2018-12-04,2018-12-04,2018-12-04,2018,0.007031984094590951,300229.16652848595,0.0,-27126.0,2111.206723760611
GASOIL,2018-12-11,2018-12-11,2018-12-11,2018,-0.03037873933887475,299738.3846430853,0.0,-15404.0,-9105.674256927667
GASOIL,2018-12-18,2018-12-18,2018-12-18,2018,-0.05324800692544729,302195.8200963564,0.0,-8505.0,-16091.325121332007
GASOIL,2018-12-25,2018-12-25,2018-12-24,2018,-0.031125327989626722,298498.5017115343,0.0,-1034.0,-9290.863770183658
GASOIL,2019-01-01,2019-01-01,2018-12-31,2018,-0.006343031757433754,296226.6825015231,0.0,-12162.0,-1878.9752545064066
GASOIL,2019-01-08,2019-01-08,2019-01-08,2019,0.06713295219986562,297745.39552711276,0.0,4171.0,19988.527405651745
GASOIL,2019-01-15,2019-01-15,2019-01-15,2019,0.018573580370406795,291684.0988721649,0.0,7461.0,5417.618053171836
GASOIL,2019-01-22,2019-01-22,2019-01-22,2019,0.014702871230795292,292346.64397893206,0.0,5855.0,4298.335061177394
GASOIL,2019-01-29,2019-01-29,2019-01-29,2019,0.012307847674596924,292501.9504755498,0.0,8967.0,3600.06945097556
GASOIL,2019-02-05,2019-02-05,2019-02-05,2019,0.013854781987374012,292685.71981239173,0.0,10385.0,4055.096838818322
GASOIL,2019-02-12,2019-02-12,2019-02-12,2019,0.008613317678114768,295610.1635302791,0.0,14651.0,2546.1842473657507
GASOIL,2019-02-19,2019-02-19,2019-02-19,2019,0.04609110720026692,295574.397117149,0.0,13465.0,13623.351223180782
GASOIL,2019-02-26,2019-02-26,2019-02-26,2019,0.008562743449888166,295321.87009657227,0.0,17320.0,2528.765408778148
GASOIL,2019-03-05,2019-03-05,2019-03-05,2019,0.0064171339719862885,296223.327385154,0.0,15037.0,1900.9047774580881
GASOIL,2019-03-12,2019-03-12,2019-03-12,2019,-0.012260063658341154,296754.7622004271,0.0,1960.0,-3638.232275493128
GASOIL,2019-03-19,2019-03-19,2019-03-19,2019,0.00205381053914867,295746.9811102344,0.0,-12285.0,607.408266725602
GASOIL,2019-03-26,2019-03-26,2019-03-26,2019,-0.0008210181085161368,297308.7828613078,0.0,-8753.0,-244.09589455002575
GASOIL,2019-04-02,2019-04-02,2019-04-02,2019,0.00772829916359484,298740.76967850764,0.0,-10619.0,2308.758040438089
GASOIL,2019-04-09,2019-04-09,2019-04-09,2019,0.015316704111893113,296632.29311655613,0.0,8605.0,4543.429063698639
GASOIL,2019-04-16,2019-04-16,2019-04-16,2019,0.013508350024792441,290421.8216503117,0.0,6787.0,3923.119621690254
GASOIL,2019-04-23,2019-04-23,2019-04-23,2019,0.023016424657580116,292077.50545293896,0.0,10641.0,6722.579898431515
GASOIL,2019-04-30,2019-04-30,2019-04-30,2019,-0.015938141073983933,294285.6492475194,0.0,-10335.0,-4690.366193755917
GASOIL,2019-05-07,2019-05-07,2019-05-07,2019,-0.011433201616946657,283986.339138365,0.0,21251.0,-3246.8730718275165
GASOIL,2019-05-14,2019-05-14,2019-05-14,2019,0.009078412459758121,273687.5792229901,0.0,5511.0,2484.648729299031
GASOIL,2019-05-21,2019-05-21,2019-05-21,2019,0.013658748931040104,284053.41017825314,0.0,15697.0,3879.8142126305115
GASOIL,2019-05-28,2019-05-28,2019-05-28,2019,-0.04154900291287254,276193.19378353015,0.0,-26914.0,-11475.551813027465
GASOIL,2019-06-04,2019-06-04,2019-06-04,2019,-0.09753487482643611,293868.1588260703,0.0,-36618.0,-28662.394086576012
GASOIL,2019-06-11,2019-06-11,2019-06-11,2019,-0.0013371965442493805,290567.5583981562,0.0,-23823.0,-388.54593496099454
GASOIL,2019-06-18,2019-06-18,2019-06-18,2019,0.003561891566360678,289217.37400772754,0.0,-1272.0,1030.1609253231068
GASOIL,2019-06-25,2019-06-25,2019-06-25,2019,0.04603504957301141,293141.2942935095,0.0,4042.0,13494.774014698438
GASOIL,2019-07-02,2019-07-02,2019-07-02,2019,-0.019590958371157593,291464.1902538504,0.0,7272.0,-5710.06281794634
GASOIL,2019-07-09,2019-07-09,2019-07-09,2019,-0.00043112740482405265,285168.2738032288,0.0,5379.0,-122.94385782294091
GASOIL,2019-07-16,2019-07-16,2019-07-16,2019,0.034332679080505385,298531.0497611447,0.0,15582.0,10249.370727015765
GASOIL,2019-07-23,2019-07-23,2019-07-23,2019,-0.025317807984289658,297934.7383145003,0.0,3897.0,-7543.0544964961055
GASOIL,2019-07-30,2019-07-30,2019-07-30,2019,0.012316995807038383,290688.2309217142,0.0,8140.0,3580.4057214181594
GASOIL,2019-08-06,2019-08-06,2019-08-06,2019,-0.05708053228603182,280948.7529176507,0.0,-16264.0,-16036.704361636335
GASOIL,2019-08-13,2019-08-13,2019-08-13,2019,0.025941221639426977,280836.35993350367,0.0,-5326.0,7285.238257444908
GASOIL,2019-08-20,2019-08-20,2019-08-20,2019,-0.021940327216060297,278736.5238921347,0.0,757.0,-6115.570541260645
GASOIL,2019-08-27,2019-08-27,2019-08-27,2019,-0.017905581331139384,277764.3508178279,0.0,-6578.0,-4973.5321744597495
GASOIL,2019-09-03,2019-09-03,2019-09-03,2019,-0.004486595165193799,278734.76922291634,0.0,-3827.0,-1250.5700679669458
GASOIL,2019-09-10,2019-09-10,2019-09-10,2019,0.08625660300859439,272071.4931247962,0.0,27645.0,23467.962772421062
GASOIL,2019-09-17,2019-09-17,2019-09-17,2019,0.029462032730316206,274936.183737146,0.0,10506.0,8100.178844012026
GASOIL,2019-09-24,2019-09-24,2019-09-24,2019,-0.022839491969822646,276221.45987555187,0.0,4210.0,-6308.757814720355
GASOIL,2019-10-01,2019-10-01,2019-10-01,2019,-0.03231929184672992,275282.2193898416,0.0,-5154.0,-8896.926388675825
GASOIL,2019-10-08,2019-10-08,2019-10-08,2019,-0.01468708906168216,278720.9054240923,0.0,-6956.0,-4093.598761316334
GASOIL,2019-10-15,2019-10-15,2019-10-15,2019,0.015544354437800265,280403.91198074695,0.0,-739.0,4358.697793574479
GASOIL,2019-10-22,2019-10-22,2019-10-22,2019,0.016149947271114788,281309.11799309537,0.0,3842.0,4543.127422472298
GASOIL,2019-10-29,2019-10-29,2019-10-29,2019,-0.0029554591915825924,280851.55545055895,0.0,-2695.0,-830.0453110266226
GASOIL,2019-11-05,2019-11-05,2019-11-05,2019,-0.00017072353990774634,283263.7390936431,0.0,-15868.0,-48.35978826557103
GASOIL,2019-11-12,2019-11-12,2019-11-12,2019,-0.021506205220963637,286010.68146839354,0.0,-18190.0,-6151.004411046933
GASOIL,2019-11-19,2019-11-19,2019-11-19,2019,-0.013129291441792722,289858.5546127036,0.0,-11011.0,-3805.637440406978
GASOIL,2019-11-26,2019-11-26,2019-11-26,2019,0.03803397062186777,292107.7055658787,0.0,22909.0,11110.015891913832
GASOIL,2019-12-03,2019-12-03,2019-12-03,2019,-0.033201200671922344,296569.60309776745,0.0,-11911.0,-9846.46690564134
GASOIL,2019-12-10,2019-12-10,2019-12-10,2019,0.03575655523842111,296235.03993577004,0.0,10262.0,10592.344569019246
GASOIL,2019-12-17,2019-12-17,2019-12-17,2019,0.037787348083949096,294501.4009655292,0.0,27682.0,11128.426949495115
GASOIL,2019-12-24,2019-12-24,2019-12-24,2019,0.0028484251201991544,300591.12393734563,0.0,20268.0,856.2113083320327
GASOIL,2019-12-31,2019-12-31,2019-12-31,2019,-0.002033761124022676,302991.7950066134,0.0,8715.0,-616.2129335822983
GASOIL,2020-01-07,2020-01-07,2020-01-07,2020,0.007709512723812262,303104.0791568202,0.0,619.0,2336.7847548989043
GASOIL,2020-01-14,2020-01-14,2020-01-14,2020,-0.0651315290527363,303719.61937438213,0.0,-31010.0,-19781.723213168578
GASOIL,2020-01-21,2020-01-21,2020-01-21,2020,-0.018285228653475455,310850.4686596623,0.0,-3859.0,-5683.971896481931
GASOIL,2020-01-28,2020-01-28,2020-01-28,2020,-0.08048217153470728,310214.51263322216,0.0,-26972.0,-24966.737618302606
GASOIL,2020-02-04,2020-02-04,2020-02-04,2020,-0.06638585540716027,312343.0036120749,0.0,-25505.0,-20735.15747522934
GASOIL,2020-02-11,2020-02-11,2020-02-11,2020,0.005060739545830917,316547.15172231063,0.0,-916.0,1601.9626888412367
GASOIL,2020-02-18,2020-02-18,2020-02-18,2020,0.017513582492708346,298416.4213542403,0.0,803.0,5226.3406125663
GASOIL,2020-02-25,2020-02-25,2020-02-25,2020,-0.03688217981381911,311028.1445921048,0.0,-13655.0,-11471.39595600454
GASOIL,2020-03-03,2020-03-03,2020-03-03,2020,-0.05432663823941572,308655.6064356854,0.0,-16871.0,-16768.221471398956
GASOIL,2020-03-10,2020-03-10,2020-03-10,2020,-0.22191747664253297,306815.9889276131,0.0,6603.0,-68087.83005639924
GASOIL,2020-03-17,2020-03-17,2020-03-17,2020,-0.20226034039778568,202619.54306326763,0.0,10243.0,-40981.897751220306
GASOIL,2020-03-24,2020-03-24,2020-03-24,2020,0.010775073167958671,146781.41890850777,0.0,8375.0,1581.5805284359635
GASOIL,2020-03-31,2020-03-31,2020-03-31,2020,-0.03523854534633275,142957.6574565332,0.0,3223.0,-5037.619894887549
GASOIL,2020-04-07,2020-04-07,2020-04-07,2020,0.03418423718993102,142204.81217915023,0.0,3812.0,4861.163029081663
GASOIL,2020-04-14,2020-04-14,2020-04-14,2020,-0.08730948401225791,142353.89429326635,0.0,-4777.0,-12428.845057880591
GASOIL,2020-04-21,2020-04-21,2020-04-21,2020,-0.25772388491098885,139001.52836467614,0.0,-7101.0,-35824.013898709345
GASOIL,2020-04-28,2020-04-28,2020-04-28,2020,-0.12039059906346417,112880.50947214323,0.0,-477.0,-13589.752157940364
GASOIL,2020-05-05,2020-05-05,2020-05-05,2020,0.23155388132198973,107412.825878152,0.0,2265.0,24871.856735849156
GASOIL,2020-05-12,2020-05-12,2020-05-12,2020,-0.03825871211709042,91903.22671595193,0.0,-12660.0,-3516.099093557298
GASOIL,2020-05-19,2020-05-19,2020-05-19,2020,0.14928170271575436,93852.34984257042,0.0,3345.0,14010.438588373572
GASOIL,2020-05-26,2020-05-26,2020-05-26,2020,0.022989518224698746,89511.98060340343,0.0,3703.0,2057.8373094108238
GASOIL,2020-06-02,2020-06-02,2020-06-02,2020,0.04511192030218447,89566.06182130492,0.0,10961.0,4040.497042663235
GASOIL,2020-06-09,2020-06-09,2020-06-09,2020,0.04912207765369836,89760.70055934602,0.0,2160.0,4409.232103126561
GASOIL,2020-06-16,2020-06-16,2020-06-16,2020,0.02043866767727387,90092.01848029663,0.0,6045.0,1841.3608260935987
GASOIL,2020-06-23,2020-06-23,2020-06-23,2020,0.06096458442382269,89676.23761292505,0.0,6640.0,5467.074558763952
GASOIL,2020-06-30,2020-06-30,2020-06-30,2020,-0.04306220870275723,89534.15558512049,0.0,1751.0,-3855.5384938315956
GASOIL,2020-07-07,2020-07-07,2020-07-07,2020,0.04808618666763764,89203.4184760125,0.0,1019.0,4289.452232228934
GASOIL,2020-07-14,2020-07-14,2020-07-14,2020,-0.01690943231814168,88563.9901746209,0.0,9431.0,-1497.5667976823172
GASOIL,2020-07-21,2020-07-21,2020-07-21,2020,0.05377996812646946,82801.74348086906,0.0,12540.0,4453.075125217239
GASOIL,2020-07-28,2020-07-28,2020-07-28,2020,-0.04157642684574048,82857.14917166944,0.0,-7091.0,-3444.904201182521
GASOIL,2020-08-04,2020-08-04,2020-08-04,2020,0.0005590970270613616,83312.42898730752,0.0,8149.0,46.579731364064436
GASOIL,2020-08-11,2020-08-11,2020-08-11,2020,0.011968227963569111,83323.22801497522,0.0,-1117.0,997.2313875436716
GASOIL,2020-08-18,2020-08-18,2020-08-18,2020,0.004615900051966215,83404.1235888283,0.0,4329.0,384.9850984078692
GASOIL,2020-08-25,2020-08-25,2020-08-25,2020,-0.003955179842928036,83370.64761836232,0.0,-7047.0,-329.7459049520029
GASOIL,2020-09-01,2020-09-01,2020-09-01,2020,-0.035112331054207635,80965.82287244432,0.0,-8337.0,-2842.8987767736016
GASOIL,2020-09-08,2020-09-08,2020-09-08,2020,-0.15853147874576734,81373.68016674621,0.0,-34052.0,-12900.289847819397
GASOIL,2020-09-15,2020-09-15,2020-09-15,2020,0.008630889199275127,89609.5889166148,0.0,-16439.0,773.4104331318948
GASOIL,2020-09-22,2020-09-22,2020-09-22,2020,0.007006646025524588,88992.23300378564,0.0,3422.0,623.5370756785327
GASOIL,2020-09-29,2020-09-29,2020-09-29,2020,0.010034819829327302,88896.39103729278,0.0,-4103.0,892.0592675366594
GASOIL,2020-10-06,2020-10-06,2020-10-06,2020,0.04681432578720324,89615.48750354299,0.0,4296.0,4195.288627569902
GASOIL,2020-10-13,2020-10-13,2020-10-13,2020,-0.018255344492746017,89559.64295103669,0.0,7375.0,-1634.9421347185073
GASOIL,2020-10-20,2020-10-20,2020-10-20,2020,-0.00591280362711355,88274.29777977857,0.0,-5416.0,-521.9485880931763
GASOIL,2020-10-27,2020-10-27,2020-10-27,2020,-0.02324814114530338,88330.69987561704,0.0,-9366.0,-2053.5245781717767
GASOIL,2020-11-03,2020-11-03,2020-11-03,2020,-0.038137830009698614,88763.80605260216,0.0,-2892.0,-3385.258946247998
GASOIL,2020-11-10,2020-11-10,2020-11-10,2020,0.10120152665198812,87841.3708192793,0.0,28389.0,8889.680830114465
GASOIL,2020-11-17,2020-11-17,2020-11-17,2020,-0.00852883634752033,92217.17024049012,0.0,8130.0,-786.5051534125622
GASOIL,2020-11-24,2020-11-24,2020-11-24,2020,0.10428927827632717,90478.99599820393,0.0,8474.0,9435.989191819383
GASOIL,2020-12-01,2020-12-01,2020-12-01,2020,-0.006436698873246383,87229.2843476224,0.0,11491.0,-561.4686362744294
GASOIL,2020-12-08,2020-12-08,2020-12-08,2020,0.03966525639243157,87522.42063249875,0.0,-168.0,3471.599254474306
GASOIL,2020-12-15,2020-12-15,2020-12-15,2020,0.035772228851110754,86198.30493729372,0.0,6941.0,3083.505490794701
GASOIL,2020-12-22,2020-12-22,2020-12-21,2020,-0.004177863432894058,86022.05048469543,0.0,3425.0,-359.3883791425756
GASOIL,2020-12-29,2020-12-29,2020-12-29,2020,0.016019328027285007,86110.64442076768,0.0,6028.0,1379.434659617177
GASOIL,2021-01-05,2021-01-05,2021-01-05,2021,0.01736183817804271,86112.6174371861,0.0,2815.0,1495.073329032124
GASOIL,2021-01-12,2021-01-12,2021-01-12,2021,0.05811691098991467,86444.31321878596,0.0,-3257.0,5023.876456920488
GASOIL,2021-01-19,2021-01-19,2021-01-19,2021,-0.0027181316001264055,84961.76220517338,0.0,7647.0,-230.93725065230709
GASOIL,2021-01-26,2021-01-26,2021-01-26,2021,-0.018127384592556695,84737.6795710081,0.0,784.0,-1536.0725070644985
GASOIL,2021-02-02,2021-02-02,2021-02-02,2021,0.04372431036741464,84386.91168934015,0.0,12975.0,3689.7595176523196
GASOIL,2021-02-09,2021-02-09,2021-02-09,2021,0.050976286935220605,85083.27004618997,0.0,9311.0,4337.2291872614405
GASOIL,2021-02-16,2021-02-16,2021-02-16,2021,0.03405214274591556,85415.6115458487,0.0,967.0,2908.584597088913
GASOIL,2021-02-23,2021-02-23,2021-02-23,2021,0.0319912695710759,84156.26497994686,0.0,-2730.0,2692.2657590683743
GASOIL,2021-03-02,2021-03-02,2021-03-02,2021,-0.026630199433818613,83371.51990225806,0.0,-6834.0,-2220.2002020977097
GASOIL,2021-03-09,2021-03-09,2021-03-09,2021,0.04014706801341178,83445.50775610715,0.0,4836.0,3350.092475298114
GASOIL,2021-03-16,2021-03-16,2021-03-16,2021,-0.00278164296187694,83683.51699232541,0.0,6304.0,-232.77766606681132
GASOIL,2021-03-23,2021-03-23,2021-03-23,2021,-0.07969457886236159,83701.82270980842,0.0,-9878.0,-6670.5815108702345
GASOIL,2021-03-30,2021-03-30,2021-03-30,2021,0.018431405954656255,84306.91545690838,0.0,5380.0,1553.8949835711626
GASOIL,2021-04-06,2021-04-06,2021-04-06,2021,-0.004937059900201268,84690.48696277864,0.0,-646.0,-418.1220071124527
GASOIL,2021-04-13,2021-04-13,2021-04-13,2021,0.006399234242030871,84420.703176091,0.0,2934.0,540.2278545007658
GASOIL,2021-04-20,2021-04-20,2021-04-20,2021,0.01847403050310914,84272.23569078815,0.0,-426.0,1556.847852716823
GASOIL,2021-04-27,2021-04-27,2021-04-27,2021,0.012446307151117109,83694.97276479831,0.0,15264.0,1041.6933380350608
GASOIL,2021-05-04,2021-05-04,2021-05-04,2021,0.047311469630048564,83776.7555698049,0.0,9535.0,3963.601426844826
GASOIL,2021-05-11,2021-05-11,2021-05-11,2021,0.00946166103404722,85031.61960189574,0.0,10514.0,804.5403618491827
GASOIL,2021-05-18,2021-05-18,2021-05-18,2021,0.01513157486890937,85150.0566480408,0.0,5942.0,1288.4544572617035
GASOIL,2021-05-25,2021-05-25,2021-05-25,2021,-0.013339459693927413,84839.47464814056,0.0,-8195.0,-1131.7127525228477
GASOIL,2021-06-01,2021-06-01,2021-06-01,2021,0.025165168313175085,82703.76897613175,0.0,16735.0,2081.2542664183034
GASOIL,2021-06-08,2021-06-08,2021-06-08,2021,0.013829088151045249,76694.1695838276,0.0,4741.0,1060.6104318459652
GASOIL,2021-06-15,2021-06-15,2021-06-15,2021,0.023750056098115258,76741.8495843014,0.0,6385.0,1822.6232327002813
GASOIL,2021-06-22,2021-06-22,2021-06-22,2021,0.006266993563391665,77024.54823825107,0.0,-9882.0,482.71234803227026
GASOIL,2021-06-29,2021-06-29,2021-06-29,2021,-2.7755575615628914e-17,76805.4312622471,0.0,909.0,-2.1317789550902884e-12
GASOIL,2021-07-06,2021-07-06,2021-07-06,2021,-0.003343794951101736,77234.96753606811,0.0,-7993.0,-258.2578944956111
GASOIL,2021-07-13,2021-07-13,2021-07-13,2021,0.02185203421640744,77305.40454696816,0.0,-4816.0,1689.2803452735675
GASOIL,2021-07-20,2021-07-20,2021-07-20,2021,-0.08641834509678623,75838.97019098171,0.0,-35329.0,-6553.878297749141
GASOIL,2021-07-27,2021-07-27,2021-07-27,2021,0.06581605068061305,82319.60062359148,0.0,13053.0,5417.9510066501225
GASOIL,2021-08-03,2021-08-03,2021-08-03,2021,-0.014619244837213136,83329.63190501518,0.0,8177.0,-1218.2162910142642
GASOIL,2021-08-10,2021-08-10,2021-08-10,2021,-0.02002196809360368,81381.01358814706,0.0,-28916.0,-1629.4080574870081
GASOIL,2021-08-17,2021-08-17,2021-08-17,2021,-0.011685915282703463,83196.03128838447,0.0,-3861.0,-972.2217734932076
GASOIL,2021-08-24,2021-08-24,2021-08-24,2021,0.01769193934291552,83418.2062708644,0.0,-5230.0,1475.8298454389478
GASOIL,2021-08-31,2021-08-31,2021-08-31,2021,0.02866975450261061,82902.96396613956,0.0,27008.0,2376.807624447995
GASOIL,2021-09-07,2021-09-07,2021-09-07,2021,0.0012455887016286915,84596.81413310964,0.0,18543.0,105.37283587798377
GASOIL,2021-09-14,2021-09-14,2021-09-14,2021,0.02053460244170774,80269.73950743595,0.0,-3262.0,1648.3071888846384
GASOIL,2021-09-21,2021-09-21,2021-09-21,2021,0.008097210232619528,79417.74308895605,0.0,-6379.0,643.0621619914438
GASOIL,2021-09-28,2021-09-28,2021-09-28,2021,0.06893910660078571,79619.84833035532,0.0,14510.0,5488.921211584756
GASOIL,2021-10-05,2021-10-05,2021-10-05,2021,0.08066009055217202,80955.67938684778,0.0,-576.0,6529.892430055748
GASOIL,2021-10-12,2021-10-12,2021-10-12,2021,0.001042209578443849,79348.81769099103,0.0,531.0,82.69809783574557
GASOIL,2021-10-19,2021-10-19,2021-10-19,2021,0.020619287202735596,79424.89241616621,0.0,12374.0,1637.6846677753074
GASOIL,2021-10-26,2021-10-26,2021-10-26,2021,0.010825545504922431,79864.73769481662,0.0,1117.0,864.579352153931
GASOIL,2021-11-02,2021-11-02,2021-11-02,2021,-0.026883471977076922,79853.66215529517,0.0,-12785.0,-2146.7436888188454
GASOIL,2021-11-09,2021-11-09,2021-11-09,2021,0.014881742026112314,80544.33017553188,0.0,4729.0,1198.639943338279
GASOIL,2021-11-16,2021-11-16,2021-11-16,2021,-0.03638036738374071,79809.05175278637,0.0,-15252.0,-2903.4826233143435
GASOIL,2021-11-23,2021-11-23,2021-11-23,2021,-0.022699587516106647,80583.69310572628,0.0,-14932.0,-1829.2165940245136
GASOIL,2021-11-30,2021-11-30,2021-11-30,2021,-0.1343647260060814,79468.66085553274,0.0,-29866.0,-10677.784841923863
GASOIL,2021-12-07,2021-12-07,2021-12-07,2021,0.07840059187347798,84784.49869353333,0.0,-2048.0,6647.154879269133
GASOIL,2021-12-14,2021-12-14,2021-12-14,2021,-0.0065955622219190935,82607.82502520955,0.0,4971.0,-544.8450499711747
GASOIL,2021-12-21,2021-12-21,2021-12-21,2021,-0.004682021818696994,80367.91293340127,0.0,-1533.0,-376.28432187732506
GASOIL,2021-12-28,2021-12-28,2021-12-28,2021,0.0588516737690995,80247.92890501407,0.0,9599.0,4722.724932563778
GASOIL,2022-01-04,2022-01-04,2022-01-04,2022,0.009935700117724301,80950.68852820976,0.0,4536.0,804.301765539597
GASOIL,2022-01-11,2022-01-11,2022-01-11,2022,0.053720900920494245,81036.1922388472,0.0,15110.0,4353.337254237235
GASOIL,2022-01-18,2022-01-18,2022-01-18,2022,0.05852375928247784,78498.58847518584,0.0,11519.0,4594.032495936065
GASOIL,2022-01-25,2022-01-25,2022-01-25,2022,-0.004912405490305305,79326.80870039292,0.0,4384.0,-389.6854505882088
GASOIL,2022-02-01,2022-02-01,2022-02-01,2022,0.051624972769811636,75413.21002153041,0.0,19857.0,3893.204913845593
GASOIL,2022-02-08,2022-02-08,2022-02-08,2022,0.010725654872275628,74158.17685128201,0.0,-4428.0,795.3950108640306
GASOIL,2022-02-15,2022-02-15,2022-02-15,2022,0.026626960083843937,74042.47123535114,0.0,-3905.0,1971.5259260928578
GASOIL,2022-02-22,2022-02-22,2022-02-22,2022,0.019365204250193557,73697.17909714165,0.0,-6363.0,1427.1609258792432
GASOIL,2022-03-01,2022-03-01,2022-03-01,2022,0.13945257520231613,72399.61795800597,0.0,-7586.0,10096.313167907785
GASOIL,2022-03-08,2022-03-08,2022-03-08,2022,0.3557876920757766,65256.94879903294,0.0,-31814.0,23217.619205115054
GASOIL,2022-03-15,2022-03-15,2022-03-15,2022,-0.3844116989103321,36655.37859005123,0.0,-9340.0,-14090.756358003007
GASOIL,2022-03-22,2022-03-22,2022-03-22,2022,0.2589974731604555,39434.866002063005,0.0,3231.0,10213.530648955473
GASOIL,2022-03-29,2022-03-29,2022-03-29,2022,-0.09697645521068399,36708.70957197426,0.0,-2857.0,-3559.880529648568
GASOIL,2022-04-05,2022-04-05,2022-04-05,2022,0.02431436280864191,36838.15429615177,0.0,-5149.0,895.6962487573647
GASOIL,2022-04-12,2022-04-12,2022-04-12,2022,-0.004357305368955733,36504.66616601162,0.0,1703.0,-159.06197787709914
GASOIL,2022-04-19,2022-04-19,2022-04-19,2022,0.06844282536627727,36293.205563154566,0.0,-1412.0,2484.009530341391
GASOIL,2022-04-26,2022-04-26,2022-04-26,2022,0.02306674883792237,36789.069796530006,0.0,1165.0,848.6042329773534
GASOIL,2022-05-03,2022-05-03,2022-05-03,2022,0.05496559122966116,37569.40633405134,0.0,732.0,2065.0246312985087
GASOIL,2022-05-10,2022-05-10,2022-05-10,2022,-0.06677500020526306,40061.35383985071,0.0,-3520.0,-2675.096910879147
GASOIL,2022-05-17,2022-05-17,2022-05-17,2022,0.027660101559249695,39415.13699888491,0.0,-6594.0,1090.2266923608968
GASOIL,2022-05-24,2022-05-24,2022-05-24,2022,0.0025186046513462346,39717.840018769544,0.0,-3636.0,100.0335366126986
GASOIL,2022-05-31,2022-05-31,2022-05-31,2022,0.12937802744563376,39583.97845058372,0.0,8358.0,5121.2970503869965
GASOIL,2022-06-07,2022-06-07,2022-06-07,2022,0.05733215465384023,39592.563685393674,0.0,-2216.0,2269.9269843530087
GASOIL,2022-06-14,2022-06-14,2022-06-14,2022,0.021811965025983926,39118.67034848336,0.0,2965.0,853.2550695041135
GASOIL,2022-06-21,2022-06-21,2022-06-21,2022,0.017189116879704147,39010.455419092104,0.0,750.0,670.5552777292622
GASOIL,2022-06-28,2022-06-28,2022-06-28,2022,-0.07999536927498552,38550.2928852989,0.0,-5188.0,-3083.8449150183324
GASOIL,2022-07-05,2022-07-05,2022-07-05,2022,-0.07372030839005295,39107.01106350061,0.0,-9855.0,-2882.9809158144776
GASOIL,2022-07-12,2022-07-12,2022-07-12,2022,-0.021189185206420436,40082.577577496435,0.0,-6732.0,-849.3171598402869
GASOIL,2022-07-19,2022-07-19,2022-07-19,2022,-0.005368200544675683,40601.618070886885,0.0,-2310.0,-217.95762824284904
GASOIL,2022-07-26,2022-07-26,2022-07-26,2022,0.001169453998326131,39638.46332058782,0.0,-693.0,46.355359417765115
GASOIL,2022-08-02,2022-08-02,2022-08-02,2022,-0.05247925538035392,39236.32382445345,0.0,-1269.0,-2059.0930581697576
GASOIL,2022-08-09,2022-08-09,2022-08-09,2022,-0.013352005890817087,39155.27401994356,0.0,-4100.0,-522.8014493708437
GASOIL,2022-08-16,2022-08-16,2022-08-16,2022,0.03219242435273151,39272.840466437425,0.0,11545.0,1264.2879458326795
GASOIL,2022-08-23,2022-08-23,2022-08-23,2022,0.09459551120145704,39821.143013368084,0.0,14828.0,3766.901379975883
GASOIL,2022-08-30,2022-08-30,2022-08-30,2022,0.002677377770716416,41585.40296758972,0.0,2742.0,111.33983349170919
GASOIL,2022-09-06,2022-09-06,2022-09-06,2022,-0.046836801040834986,41178.70832926076,0.0,-10257.0,-1928.6789691361605
GASOIL,2022-09-13,2022-09-13,2022-09-13,2022,0.009024046039445621,33999.64896272612,0.0,-887.0,306.81439756463004
GASOIL,2022-09-20,2022-09-20,2022-09-20,2022,-0.07994420976653727,34241.113474721686,0.0,-19990.0,-2737.378758262956
GASOIL,2022-09-27,2022-09-27,2022-09-27,2022,-0.00926170757327327,36665.063849117236,0.0,-3260.0,-339.5810995259171
GASOIL,2022-10-04,2022-10-04,2022-10-04,2022,0.10756820071614825,36793.526978441914,0.0,8179.0,3957.8134950720555
GASOIL,2022-10-11,2022-10-11,2022-10-11,2022,0.027762796977356508,37379.61647292073,0.0,9738.0,1037.762703229149
GASOIL,2022-10-18,2022-10-18,2022-10-18,2022,0.05105517080028399,38061.89359884655,0.0,3325.0,1943.2564786713465
GASOIL,2022-10-25,2022-10-25,2022-10-25,2022,-0.03008609055486333,38131.542754558,0.0,-3243.0,-1147.2290483102747
GASOIL,2022-11-01,2022-11-01,2022-11-01,2022,0.0014593659769700507,37897.3627365167,0.0,-1576.0,55.30612179456508
GASOIL,2022-11-08,2022-11-08,2022-11-08,2022,0.05236029590098934,37796.58492791128,0.0,-632.0,1979.0403708723086
GASOIL,2022-11-15,2022-11-15,2022-11-15,2022,-0.05739682127938983,33143.21038191747,0.0,-6383.0,-1902.3149229161347
GASOIL,2022-11-22,2022-11-22,2022-11-22,2022,-0.04862607765760607,33723.516178591846,0.0,-8111.0,-1639.8423165877418
GASOIL,2022-11-29,2022-11-29,2022-11-29,2022,-0.05558499647415016,33361.17910159691,0.0,-1145.0,-1854.381022735756
GASOIL,2022-12-06,2022-12-06,2022-12-06,2022,-0.08645446278749624,33425.15898743531,0.0,-7011.0,-2889.7541638453717
GASOIL,2022-12-13,2022-12-13,2022-12-13,2022,0.06881098165106014,34157.72693104733,0.0,515.0,2350.4267210942207
GASOIL,2022-12-20,2022-12-20,2022-12-20,2022,-0.01798763701785555,33577.95361522859,0.0,9654.0,-603.9880414331224
GASOIL,2022-12-27,2022-12-27,2022-12-27,2022,0.11113465157818081,33280.901327568725,0.0,9500.0,3698.6613732471656
GASOIL,2023-01-03,2023-01-03,2023-01-03,2023,-0.0730544824540178,34235.61860055392,0.0,3343.0,-2501.0653983566117
GASOIL,2023-01-10,2023-01-10,2023-01-10,2023,-0.024833586721851875,33444.167321901994,0.0,-2759.0,-830.5386295285778
GASOIL,2023-01-17,2023-01-17,2023-01-17,2023,0.06949370943782085,34042.29922550142,0.0,12324.0,2365.7256509723493
GASOIL,2023-01-24,2023-01-24,2023-01-24,2023,0.061179556388036405,35250.47570745501,0.0,10096.0,2156.6084662493513
GASOIL,2023-01-31,2023-01-31,2023-01-31,2023,-0.07420552075739095,36112.175709938885,0.0,-8284.0,-2679.7228042384195
GASOIL,2023-02-07,2023-02-07,2023-02-07,2023,-0.08401000015741855,35974.17743085635,0.0,-32111.0,-3022.1906516292447
GASOIL,2023-02-14,2023-02-14,2023-02-14,2023,0.027423477085583348,39402.25982269964,0.0,-1066.0,1080.546969368005
GASOIL,2023-02-21,2023-02-21,2023-02-21,2023,-0.059981635398037025,39325.57955619938,0.0,-5117.0,-2358.81257475645
GASOIL,2023-02-28,2023-02-28,2023-02-28,2023,0.039784928698581745,39810.845743964805,0.0,5085.0,1583.8716593538763
GASOIL,2023-03-07,2023-03-07,2023-03-07,2023,-0.008826719916187775,39786.92362719412,0.0,6374.0,-351.18803118399626
GASOIL,2023-03-14,2023-03-14,2023-03-14,2023,-0.018513333448869962,39472.947849960816,0.0,-9542.0,-730.7758457561793
GASOIL,2023-03-21,2023-03-21,2023-03-21,2023,-0.04100367820945283,39772.80028717438,0.0,-13831.0,-1630.8311044641316
GASOIL,2023-03-28,2023-03-28,2023-03-28,2023,0.0157737054463446,39715.41466258582,0.0,1950.0,626.4592525670641
GASOIL,2023-04-04,2023-04-04,2023-04-04,2023,-0.009719069311853734,39607.20394314581,0.0,-3082.0,-384.9451603721607
GASOIL,2023-04-11,2023-04-11,2023-04-11,2023,0.005547411844073369,39647.26386339172,0.0,-3375.0,219.9397011408813
GASOIL,2023-04-18,2023-04-18,2023-04-18,2023,-0.012113423614964147,39585.317625131494,0.0,866.0,-479.5137213261243
GASOIL,2023-04-25,2023-04-25,2023-04-25,2023,-0.057972509366680525,39593.80583462677,0.0,-19035.0,-2295.3522796104307
GASOIL,2023-05-02,2023-05-02,2023-05-02,2023,-0.07993403117415698,40900.81257783171,0.0,-31874.0,-3269.366827644752
GASOIL,2023-05-09,2023-05-09,2023-05-09,2023,0.020225408535440526,44080.66181179011,0.0,3981.0,891.5493936560468
GASOIL,2023-05-16,2023-05-16,2023-05-16,2023,0.008491836150312904,44026.15351904848,0.0,7844.0,373.86288201228155
GASOIL,2023-05-23,2023-05-23,2023-05-23,2023,0.01314847284350612,43999.103369658435,0.0,9471.0,578.5210157945726
GASOIL,2023-05-30,2023-05-30,2023-05-30,2023,-0.02461097586468447,44024.567781123296,0.0,-11021.0,-1083.487575114391
GASOIL,2023-06-06,2023-06-06,2023-06-06,2023,0.03877235951600516,43779.25348045128,0.0,5957.0,1697.4249552863773
GASOIL,2023-06-13,2023-06-13,2023-06-13,2023,0.008268966763792573,43956.99289376028,0.0,20277.0,363.4789132747701
GASOIL,2023-06-20,2023-06-20,2023-06-20,2023,0.01879821270462112,44019.298372119025,0.0,12118.0,827.4841339072757
GASOIL,2023-06-27,2023-06-27,2023-06-27,2023,-0.0017583967956097402,44473.651323220685,0.0,-450.0,-78.20232597581614
GASOIL,2023-07-04,2023-07-04,2023-07-03,2023,0.0063897454404823195,44474.72794139931,0.0,-5771.0,284.18219008024784
GASOIL,2023-07-11,2023-07-11,2023-07-11,2023,0.05629488982349973,44367.82232595589,0.0,22918.0,2497.681669548298
GASOIL,2023-07-18,2023-07-18,2023-07-18,2023,0.009302392662313586,46459.72701755807,0.0,8806.0,432.18662370122445
GASOIL,2023-07-25,2023-07-25,2023-07-25,2023,0.06435249193044934,42098.144418537595,0.0,13452.0,2709.1204989808316
GASOIL,2023-08-01,2023-08-01,2023-08-01,2023,0.12093188968579838,42122.36937441651,0.0,26065.0,5093.937726491389
GASOIL,2023-08-08,2023-08-08,2023-08-08,2023,-0.015534841434073021,46442.417346142975,0.0,6975.0,-721.4755892873735
GASOIL,2023-08-15,2023-08-15,2023-08-15,2023,0.00539390945802376,45339.831963805125,0.0,5271.0,244.55894845477647
GASOIL,2023-08-22,2023-08-22,2023-08-22,2023,0.03477885642553069,45320.66757605898,0.0,-6080.0,1576.2009907369593
GASOIL,2023-08-29,2023-08-29,2023-08-29,2023,0.017618019052815015,45062.242996722394,0.0,-570.0,793.9074556788352
GASOIL,2023-09-05,2023-09-05,2023-09-05,2023,0.02046829685300322,43828.20461670297,0.0,-6689.0,897.0887026288426
GASOIL,2023-09-12,2023-09-12,2023-09-12,2023,0.041046148739295796,43539.37832858851,0.0,-14798.0,1787.1237988917158
GASOIL,2023-09-19,2023-09-19,2023-09-19,2023,0.0005121639036412828,42576.86321445494,0.0,-7154.0,21.80633246871618
GASOIL,2023-09-26,2023-09-26,2023-09-26,2023,-0.02278710715093113,42658.941742272524,0.0,-9106.0,-972.0738764264927
GASOIL,2023-10-03,2023-10-03,2023-10-03,2023,0.0009179491526927208,41662.33579439534,0.0,-411.0,38.24390584166481
GASOIL,2023-10-10,2023-10-10,2023-10-10,2023,-0.04976704474207094,42184.06469324105,0.0,-16386.0,-2099.3762349909425
GASOIL,2023-10-17,2023-10-17,2023-10-17,2023,0.027553050271188817,43348.29158600268,0.0,-5861.0,1194.377657239283
GASOIL,2023-10-24,2023-10-24,2023-10-24,2023,-0.022718688516893626,42642.25487421831,0.0,1388.0,-968.7761061453549
GASOIL,2023-10-31,2023-10-31,2023-10-31,2023,0.0014174346809733285,42543.01244816064,0.0,-5715.0,60.30194127710292
GASOIL,2023-11-07,2023-11-07,2023-11-07,2023,-0.03285839212454167,42016.79142763777,0.0,-5650.0,-1380.6042085444028
GASOIL,2023-11-14,2023-11-14,2023-11-14,2023,0.0015172207431798368,42146.40929513348,0.0,-7301.0,63.945406433124006
GASOIL,2023-11-21,2023-11-21,2023-11-21,2023,0.003329804802068237,41309.66365269003,0.0,13011.0,137.55311640255098
GASOIL,2023-11-28,2023-11-28,2023-11-28,2023,0.007226770386127623,40858.66962771562,0.0,5776.0,295.2762236821474
GASOIL,2023-12-05,2023-12-05,2023-12-05,2023,-0.05940181287640356,35386.683361173695,0.0,-15622.0,-2102.0331433369834
GASOIL,2023-12-12,2023-12-12,2023-12-12,2023,-0.06259362587296524,37393.120170628914,0.0,-11685.0,-2340.5709741831765
GASOIL,2023-12-19,2023-12-19,2023-12-19,2023,0.09137719274764322,38438.250190429666,0.0,4416.0,3512.3793965330256
GASOIL,2023-12-26,2023-12-26,2023-12-26,2023,-0.004423387939151424,38565.118880932416,0.0,9763.0,-170.5884817298573
GASOIL,2024-01-02,2024-01-02,2024-01-02,2024,-0.05268760676827289,37769.60209237853,0.0,-6220.0,-1989.989942837377
GASOIL,2024-01-09,2024-01-09,2024-01-09,2024,0.031569327063090236,38072.083759843525,0.0,-537.0,1201.9100641878665
GASOIL,2024-01-16,2024-01-16,2024-01-16,2024,0.03850331237868143,36807.139176701305,0.0,2387.0,1417.1967774861337
GASOIL,2024-01-23,2024-01-23,2024-01-23,2024,0.023947653509466815,35950.64455936596,0.0,9550.0,860.9335793496942
GASOIL,2024-01-30,2024-01-30,2024-01-30,2024,0.04094491259551292,36336.81525448729,0.0,23180.0,1487.8077245942825
GASOIL,2024-02-06,2024-02-06,2024-02-06,2024,-0.007146354990603343,36269.53535214739,0.0,23692.0,-259.1949749706829
GASOIL,2024-02-13,2024-02-13,2024-02-13,2024,0.06007104543108066,36068.96725625641,0.0,14564.0,2166.7005707027397
GASOIL,2024-02-20,2024-02-20,2024-02-20,2024,-0.04321840463037763,37529.252991924324,0.0,-4615.0,-1621.9544412807957
GASOIL,2024-02-27,2024-02-27,2024-02-27,2024,0.010095097609065018,37973.52746973133,0.0,-12196.0,383.3464663674495
GASOIL,2024-03-05,2024-03-05,2024-03-05,2024,-0.028286060484598474,40847.56143597338,0.0,-6544.0,-1155.416593426295
GASOIL,2024-03-12,2024-03-12,2024-03-12,2024,0.00652277510684518,77418.80830144612,0.0,920.0,504.9854755902917
GASOIL,2024-03-19,2024-03-19,2024-03-19,2024,0.05335000144426427,102969.97467850658,0.0,24385.0,5493.448297814181
GASOIL,2024-03-26,2024-03-26,2024-03-26,2024,-0.041042153769667356,132086.85741430928,0.0,-22199.0,-5421.129112950208
GASOIL,2024-04-02,2024-04-02,2024-04-02,2024,0.03195841239126318,139112.76665605,0.0,13815.0,4445.8231656836115
GASOIL,2024-04-09,2024-04-09,2024-04-09,2024,-0.004803371589060412,141262.23350587144,0.0,17850.0,-678.5349990293207
GASOIL,2024-04-16,2024-04-16,2024-04-16,2024,-0.015772240816210314,140927.65744383467,0.0,-11309.0,-2222.7449508685545
GASOIL,2024-04-23,2024-04-23,2024-04-23,2024,-0.04182881934770588,144817.9328128812,0.0,-31462.0,-6057.563149938215
GASOIL,2024-04-30,2024-04-30,2024-04-30,2024,-0.013155973481060457,149602.32525222164,0.0,113.0,-1968.164223723209
GASOIL,2024-05-07,2024-05-07,2024-05-07,2024,-0.028750755208517886,151275.33543661347,0.0,-16395.0,-4349.280138224505
GASOIL,2024-05-14,2024-05-14,2024-05-14,2024,-0.017048716461183777,154750.57489587256,0.0,5473.0,-2638.2986736049156
GASOIL,2024-05-21,2024-05-21,2024-05-21,2024,0.023985160457840826,155470.75383315788,0.0,15081.0,3728.9909771897637
GASOIL,2024-05-28,2024-05-28,2024-05-28,2024,-1.1102230246251565e-16,156719.26874292624,0.0,-11350.0,-1.7399334056081433e-11
GASOIL,2024-06-04,2024-06-04,2024-06-04,2024,-0.07679615458452205,164080.41255894204,0.0,-22626.0,-12600.744727168665
GASOIL,2024-06-11,2024-06-11,2024-06-11,2024,0.05578037948600301,170852.76220408553,0.0,22241.0,9530.231911975723
GASOIL,2024-06-18,2024-06-18,2024-06-18,2024,0.043898302704392655,174232.233121506,0.0,37824.0,7648.499310430178
GASOIL,2024-06-25,2024-06-25,2024-06-25,2024,0.007026538012038119,180533.41388571452,0.0,19464.0,1268.5248951109834
GASOIL,2024-07-02,2024-07-02,2024-07-02,2024,0.03293382167124892,184667.3546430259,0.0,-3998.0,6081.801726314696
GASOIL,2024-07-09,2024-07-09,2024-07-09,2024,-0.04415728404109842,184400.53168544688,0.0,-12348.0,-8142.626654963848
GASOIL,2024-07-16,2024-07-16,2024-07-16,2024,-0.019209446281210574,185008.0431586564,0.0,-29864.0,-3553.9020666480974
GASOIL,2024-07-23,2024-07-23,2024-07-23,2024,-0.03138821951001103,187409.78787983445,0.0,-27612.0,-5882.4595602968475
GASOIL,2024-07-30,2024-07-30,2024-07-30,2024,-0.021948754904387302,190686.5761689453,0.0,-11430.0,-4185.332923888961
GASOIL,2024-08-06,2024-08-06,2024-08-06,2024,-0.025086147887408705,193681.63478442846,0.0,-17251.0,-4858.726133277254
GASOIL,2024-08-13,2024-08-13,2024-08-13,2024,0.038907304008707566,195088.1632506156,0.0,2226.0,7590.354476092072
GASOIL,2024-08-20,2024-08-20,2024-08-20,2024,-0.05858241552463672,193262.26830739545,0.0,-26970.0,-11321.77050721767
GASOIL,2024-08-27,2024-08-27,2024-08-27,2024,0.022858138076050305,199429.6684682966,0.0,626.0,4558.5908983092595
GASOIL,2024-09-03,2024-09-03,2024-09-03,2024,-0.04496518436924479,198955.69166807827,0.0,-11903.0,-8946.07935716576
GASOIL,2024-09-10,2024-09-10,2024-09-10,2024,-0.0671851922899459,199396.38216518745,0.0,-25823.0,-13396.48427768766
GASOIL,2024-09-17,2024-09-17,2024-09-17,2024,0.020595249030116558,203559.03458555008,0.0,-8056.0,4192.349009619513
GASOIL,2024-09-24,2024-09-24,2024-09-24,2024,0.028437935320533514,200817.89418085857,0.0,10991.0,5710.846285920999
GASOIL,2024-10-01,2024-10-01,2024-10-01,2024,0.013488857475671967,201499.94179700292,0.0,6032.0,2718.003996255969
GASOIL,2024-10-08,2024-10-08,2024-10-08,2024,0.029612838283597398,209386.1316002719,0.0,31815.0,6200.517653906895
GASOIL,2024-10-15,2024-10-15,2024-10-15,2024,-0.05288716213038591,212807.33631583786,0.0,-6862.0,-11254.776098271279
GASOIL,2024-10-22,2024-10-22,2024-10-22,2024,0.02438687727139177,213610.43668237716,0.0,-10410.0,5209.291503261535
GASOIL,2024-10-29,2024-10-29,2024-10-29,2024,-0.058380107783078006,212107.7516373544,0.0,-14828.0,-12382.873402215091
GASOIL,2024-11-05,2024-11-05,2024-11-05,2024,0.09087979757888731,212861.0564658112,0.0,37417.0,19344.769724041023
GASOIL,2024-11-12,2024-11-12,2024-11-12,2024,-0.04593863021129041,224232.35666517974,0.0,8382.0,-10300.927314247872
GASOIL,2024-11-19,2024-11-19,2024-11-19,2024,0.03474111389958767,221771.74711316283,0.0,30680.0,7704.597526168944
GASOIL,2024-11-26,2024-11-26,2024-11-26,2024,0.0025394535685883124,226499.48767602255,0.0,3367.0,575.1849322623
GASOIL,2024-12-03,2024-12-03,2024-12-03,2024,-0.019020324679030032,229828.30144609575,0.0,-8727.0,-4371.408913934729
GASOIL,2024-12-10,2024-12-10,2024-12-10,2024,-0.011980674939451985,236246.1534940161,0.0,-21680.0,-2830.3883707076857
GASOIL,2024-12-17,2024-12-17,2024-12-17,2024,0.014211159135559925,243456.9038037414,0.0,20400.0,3459.8048026056736
GASOIL,2024-12-24,2024-12-24,2024-12-24,2024,0.0011133792205987314,246175.35081439748,0.0,177.0,274.0865202203531
GASOIL,2024-12-31,2024-12-31,2024-12-31,2024,0.03104138220176711,257914.09697428532,0.0,9951.0,8006.010059402416
GASOIL,2025-01-07,2025-01-07,2025-01-07,2025,0.013996280875480327,268121.54073631624,0.0,9190.0,3752.7043929120223
GASOIL,2025-01-14,2025-01-14,2025-01-14,2025,0.05545426203547099,269174.3100841513,0.0,4634.0,14926.862724623646
GASOIL,2025-01-21,2025-01-21,2025-01-21,2025,-0.006087269388650229,268391.1267153072,0.0,6060.0,-1633.7690898394342
GASOIL,2025-01-28,2025-01-28,2025-01-28,2025,-0.05008000515474653,270532.4816174769,0.0,-24604.0,-13548.268073929616
GASOIL,2025-02-04,2025-02-04,2025-02-04,2025,0.017340959041505233,279701.4352016816,0.0,-14078.0,4850.291131682591
GASOIL,2025-02-11,2025-02-11,2025-02-11,2025,0.027818205476530578,272644.7132235851,0.0,1998.0,7584.486654543444
GASOIL,2025-02-18,2025-02-18,2025-02-18,2025,-0.013117205681235422,273173.7646153743,0.0,14252.0,-3583.276457177256
GASOIL,2025-02-25,2025-02-25,2025-02-25,2025,-0.034285033213348304,276208.0709241322,0.0,6711.0,-9469.802885428737
GASOIL,2025-03-04,2025-03-04,2025-03-04,2025,-0.029637526127396008,274005.7490307938,0.0,-36739.0,-8120.852545956865
GASOIL,2025-03-11,2025-03-11,2025-03-11,2025,-0.013305651536286267,280344.8141046155,0.0,-7275.0,-3730.170406480965
GASOIL,2025-03-18,2025-03-18,2025-03-18,2025,-0.001531980383883913,280115.8447685543,0.0,-19455.0,-429.13197940049645
GASOIL,2025-03-25,2025-03-25,2025-03-25,2025,0.030945865590177424,279651.1025651876,0.0,28362.0,8654.045432127217
GASOIL,2025-04-01,2025-04-01,2025-04-01,2025,0.0206029406292223,284127.745378575,0.0,5008.0,5853.867069149571
GASOIL,2025-04-08,2025-04-08,2025-04-08,2025,-0.11801191574710368,283986.30348923017,0.0,-35290.0,-33513.767720702446
GASOIL,2025-04-15,2025-04-15,2025-04-15,2025,0.0020580373594561996,285476.10754291486,0.0,2270.0,587.5204945554545
GASOIL,2025-04-22,2025-04-22,2025-04-22,2025,0.03594168410186216,285827.3350591419,0.0,23213.0,10273.115784372789
GASOIL,2025-04-29,2025-04-29,2025-04-29,2025,-0.024494298261511283,287880.4918772796,0.0,2726.0,-7051.430631712662
GASOIL,2025-05-06,2025-05-06,2025-05-06,2025,-0.025188767400847523,281608.46032662917,0.0,-10305.0,-7093.37000527826
GASOIL,2025-05-13,2025-05-13,2025-05-13,2025,0.05129329438755037,282372.0547695365,0.0,27079.0,14483.792932111332
GASOIL,2025-05-20,2025-05-20,2025-05-20,2025,-0.02224560894731953,286268.96574174054,0.0,2918.0,-6368.227465644371
GASOIL,2025-05-27,2025-05-27,2025-05-27,2025,-0.008626054719767295,284443.1262886485,0.0,-7922.0,-2453.6219720275612
GASOIL,2025-06-03,2025-06-03,2025-06-03,2025,0.03347715343680824,284106.25502228655,0.0,16960.0,9511.068691738057
GASOIL,2025-06-10,2025-06-10,2025-06-10,2025,0.029495960539770327,287011.826146316,0.0,11810.0,8465.689498459158
GASOIL,2025-06-17,2025-06-17,2025-06-17,2025,0.13842904175231718,286691.30142693745,0.0,16113.0,39686.402135255674
GASOIL,2025-06-24,2025-06-24,2025-06-24,2025,-0.0897511047307501,267090.2563498406,0.0,22193.0,-23971.645570217435
GASOIL,2025-07-01,2025-07-01,2025-07-01,2025,0.031000407686287867,244197.6683574227,0.0,1600.0,7570.227275121022
GASOIL,2025-07-08,2025-07-08,2025-07-08,2025,0.0524627440442329,243437.7596172049,0.0,12369.0,12771.412873498917
GASOIL,2025-07-15,2025-07-15,2025-07-15,2025,-0.007784894235060347,240463.54438904568,0.0,6526.0,-1871.9832604564594
GASOIL,2025-07-22,2025-07-22,2025-07-22,2025,0.01655841954260573,239766.52154990425,0.0,7964.0,3970.154656094532
GASOIL,2025-07-29,2025-07-29,2025-07-29,2025,-0.009831539865770456,240855.45610393773,0.0,2817.0,-2367.9800185741897
GASOIL,2025-08-05,2025-08-05,2025-08-05,2025,-0.054865737589729124,242813.68216401397,0.0,-14607.0,-13322.151768806682
GASOIL,2025-08-12,2025-08-12,2025-08-12,2025,-0.00679504313282886,244245.47388685317,0.0,2111.0,-1659.6585300593922
GASOIL,2025-08-19,2025-08-19,2025-08-19,2025,-0.0007578628631019768,243962.41711426995,0.0,-5676.0,-184.89005592349932
GASOIL,2025-08-26,2025-08-26,2025-08-26,2025,0.022489703490441215,247064.2241527188,0.0,5476.0,5556.40114429055
GASOIL,2025-09-02,2025-09-02,2025-09-02,2025,0.03940223001822918,247579.38873692567,0.0,9927.0,9755.180022784923
GASOIL,2025-09-09,2025-09-09,2025-09-09,2025,-0.004662013105811491,249069.99437751647,0.0,9098.0,-1161.1675780523763
GASOIL,2025-09-16,2025-09-16,2025-09-16,2025,0.02344690004847816,255029.3329571383,0.0,10590.0,5979.647279276079
GASOIL,2025-09-23,2025-09-23,2025-09-23,2025,-0.008816844278377256,255707.64840000318,0.0,-3995.0,-2254.534516732871
GASOIL,2025-09-30,2025-09-30,2025-09-30,2025,-0.016068904939200435,255346.52123829123,0.0,3200.0,-4103.1389763336265
GASOIL,2025-10-07,2025-10-07,2025-10-07,2025,-0.03217138236455086,254637.5005353224,0.0,-34281.0,-8192.040394075382
GASOIL,2025-10-14,2025-10-14,2025-10-14,2025,-0.036353725802107495,258647.061765169,0.0,-26236.0,-9402.784362931716
GASOIL,2025-10-21,2025-10-21,2025-10-21,2025,0.0031128429804901936,264567.67363272846,0.0,-11728.0,823.5576257322592
GASOIL,2025-10-28,2025-10-28,2025-10-28,2025,0.0979907683168989,265357.7612675121,0.0,34164.0,26002.61090545575
GASOIL,2025-11-04,2025-11-04,2025-11-04,2025,0.020433642256193152,270033.3206832094,0.0,6957.0,5517.764272092584
GASOIL,2025-11-11,2025-11-11,2025-11-10,2025,0.05981163906317366,270818.9309644811,0.0,10787.0,16198.124150322088
GASOIL,2025-11-18,2025-11-18,2025-11-18,2025,0.03701093785661658,269044.5523027328,0.0,3021.0,9957.591205937671
GASOIL,2025-11-25,2025-11-25,2025-11-25,2025,-0.12812572643083875,267367.75293277984,0.0,-19363.0,-34256.687568693436
GASOIL,2025-12-02,2025-12-02,2025-12-02,2025,0.0014347638986725864,257363.88105718206,0.0,-15979.0,369.25640536311033
GASOIL,2025-12-09,2025-12-09,2025-12-09,2025,-0.03692141536677429,257135.97309956732,0.0,-7163.0,-9493.824068548825
GASOIL,2025-12-16,2025-12-16,2025-12-16,2025,-0.05827666309782209,258149.50790812675,0.0,-20485.0,-15044.091901230462
GASOIL,2025-12-23,2025-12-23,2025-12-23,2025,0.03075920358289963,269487.1184216905,0.0,-18715.0,8289.20913850176
GASOIL,2025-12-30,2025-12-30,2025-12-30,2025,0.002388536167417188,265222.7781140563,0.0,6696.0,633.4941979482871
HEATOIL,2015-01-06,2015-01-06,2015-01-06,2015,-0.07432167048530391,129995.89659813384,0.0,3867.0,-9661.512191408143
HEATOIL,2015-01-13,2015-01-13,2015-01-13,2015,-0.056450449208608616,114661.24577166786,0.0,-4537.0,-6472.6788306293265
HEATOIL,2015-01-20,2015-01-20,2015-01-20,2015,-0.006829814449334393,113436.64312173227,0.0,-1004.0,-774.7512242767959
HEATOIL,2015-01-27,2015-01-27,2015-01-27,2015,0.03076975341311175,114940.64603877997,0.0,-814.0,3536.6953357570196
HEATOIL,2015-02-03,2015-02-03,2015-02-03,2015,0.11597072932657335,112492.14776578936,0.0,610.0,13045.79641991125
HEATOIL,2015-02-10,2015-02-10,2015-02-10,2015,-0.006615603818392574,94690.06741930686,0.0,-4004.0,-626.4319715830167
HEATOIL,2015-02-17,2015-02-17,2015-02-17,2015,0.06041961809799096,93076.86732523957,0.0,12217.0,5623.668777548348
HEATOIL,2015-02-24,2015-02-24,2015-02-24,2015,-0.02429696059237378,98416.3306688037,0.0,5317.0,-2391.2177079059506
HEATOIL,2015-03-03,2015-03-03,2015-03-03,2015,0.037195139073167224,93987.42250795511,0.0,3590.0,3495.875251311918
HEATOIL,2015-03-10,2015-03-10,2015-03-10,2015,-0.06911278185409576,89343.68604117495,0.0,-1396.0,-6174.790683404545
HEATOIL,2015-03-17,2015-03-17,2015-03-17,2015,-0.060178543696194284,85319.48984588774,0.0,-7226.0,-5134.40264782776
HEATOIL,2015-03-24,2015-03-24,2015-03-24,2015,0.015167066028726722,87483.61353819366,0.0,-5519.0,1326.8697429653942
HEATOIL,2015-03-31,2015-03-31,2015-03-31,2015,0.004283164350147528,87537.8346606932,0.0,-41.0,374.9389327077898
HEATOIL,2015-04-07,2015-04-07,2015-04-07,2015,0.04354956936934777,86928.88054231035,0.0,-6583.0,3785.7153133770903
HEATOIL,2015-04-14,2015-04-14,2015-04-14,2015,0.00650490159612601,83764.70072825887,0.0,8821.0,544.8811354662687
HEATOIL,2015-04-21,2015-04-21,2015-04-21,2015,0.028517173330582353,83846.27541210929,0.0,2844.0,2391.058769050866
HEATOIL,2015-04-28,2015-04-28,2015-04-28,2015,0.03373277924335988,83721.99525818817,0.0,6717.0,2824.175583858084
HEATOIL,2015-05-05,2015-05-05,2015-05-05,2015,0.047690928819785,85219.32251424763,0.0,4746.0,4064.188644097285
HEATOIL,2015-05-12,2015-05-12,2015-05-12,2015,-0.008751485420741216,84481.16342394322,0.0,225.0,-739.3356700318951
HEATOIL,2015-05-19,2015-05-19,2015-05-19,2015,-0.036051391265786374,84929.64770918683,0.0,3947.0,-3061.8319596292918
HEATOIL,2015-05-26,2015-05-26,2015-05-26,2015,-0.014183155681226547,81854.46308515273,0.0,800.0,-1160.9545931399327
HEATOIL,2015-06-02,2015-06-02,2015-06-02,2015,0.02207948537179624,81515.38422456983,0.0,-1368.0,1799.8177335627395
HEATOIL,2015-06-09,2015-06-09,2015-06-09,2015,-0.014276753251395782,79265.72768987707,0.0,-911.0,-1131.6572355207052
HEATOIL,2015-06-16,2015-06-16,2015-06-16,2015,-0.018282811041417615,79143.15484088274,0.0,2908.0,-1446.959345177515
HEATOIL,2015-06-23,2015-06-23,2015-06-23,2015,0.014329825554824802,73744.0051486207,0.0,2100.0,1056.7387294938367
HEATOIL,2015-06-30,2015-06-30,2015-06-30,2015,-0.01517607302691711,71450.2933926065,0.0,-3332.0,-1084.3348703208492
HEATOIL,2015-07-07,2015-07-07,2015-07-07,2015,-0.0968026546462331,71512.44598619227,0.0,-11356.0,-6922.594611708768
HEATOIL,2015-07-14,2015-07-14,2015-07-14,2015,0.0075498154192013,73361.85395401502,0.0,-1456.0,553.8684561632165
HEATOIL,2015-07-21,2015-07-21,2015-07-21,2015,-0.030192292168961243,71023.41844417587,0.0,-1598.0,-2144.3598005049485
HEATOIL,2015-07-28,2015-07-28,2015-07-28,2015,-0.04706964971927752,69578.34099001458,0.0,417.0,-3275.028138448435
HEATOIL,2015-08-04,2015-08-04,2015-08-04,2015,-0.0401023288115859,69274.14703508095,0.0,-6730.0,-2778.0546225429653
HEATOIL,2015-08-11,2015-08-11,2015-08-11,2015,0.004589210680418315,70731.7233168517,0.0,-3200.0,324.60278009008897
HEATOIL,2015-08-18,2015-08-18,2015-08-18,2015,-0.002674479434216559,71367.87403096394,0.0,985.0,-190.8719113595711
HEATOIL,2015-08-25,2015-08-25,2015-08-25,2015,-0.10590619505992246,70883.27445327367,0.0,-1346.0,-7506.97789073442
HEATOIL,2015-09-01,2015-09-01,2015-09-01,2015,0.11360531815905489,65669.08988553242,0.0,1844.0,7460.357849661484
HEATOIL,2015-09-08,2015-09-08,2015-09-08,2015,0.008545194676314039,60847.19204267971,0.0,3308.0,519.9511015117646
HEATOIL,2015-09-15,2015-09-15,2015-09-15,2015,-0.0559425682668408,60501.65783564872,0.0,-2138.0,-3384.618123727822
HEATOIL,2015-09-22,2015-09-22,2015-09-22,2015,0.022021741526346422,59248.33947084019,0.0,-47.0,1304.7516176920712
HEATOIL,2015-09-29,2015-09-29,2015-09-29,2015,-0.02031548044826012,58210.81367322413,0.0,-3934.0,-1182.5806470556977
HEATOIL,2015-10-06,2015-10-06,2015-10-06,2015,0.05637005885793078,58571.4864402161,0.0,6690.0,3301.678138031476
HEATOIL,2015-10-13,2015-10-13,2015-10-13,2015,-0.08111433864518364,60259.55083992101,0.0,-4222.0,-4887.913613436012
HEATOIL,2015-10-20,2015-10-20,2015-10-20,2015,-0.019030325040807816,59918.068666439765,0.0,-2874.0,-1140.2603225397909
HEATOIL,2015-10-27,2015-10-27,2015-10-27,2015,-0.022300671072767564,60065.813015127365,0.0,-4683.0,-1339.5079387687163
HEATOIL,2015-11-03,2015-11-03,2015-11-03,2015,0.07631292278145646,59722.02738434386,0.0,4301.0,4557.562464133462
HEATOIL,2015-11-10,2015-11-10,2015-11-10,2015,-0.05289912349288828,59295.27495641649,0.0,2186.0,-3136.6680724642415
HEATOIL,2015-11-17,2015-11-17,2015-11-17,2015,-0.08088425350993622,57251.794994579686,0.0,-8617.0,-4630.768700240481
HEATOIL,2015-11-24,2015-11-24,2015-11-24,2015,0.026853925937852074,59212.08906061126,0.0,-7512.0,1590.0770542591558
HEATOIL,2015-12-01,2015-12-01,2015-12-01,2015,-0.03895919032423378,53751.401188648735,0.0,3674.0,-2094.111069102812
HEATOIL,2015-12-08,2015-12-08,2015-12-08,2015,-0.08223605142850937,51861.391632555875,0.0,1778.0,-4264.87606944893
HEATOIL,2015-12-15,2015-12-15,2015-12-15,2015,-0.08080133711945353,49458.760783853584,0.0,-1276.0,-3996.334003606561
HEATOIL,2015-12-22,2015-12-22,2015-12-22,2015,-0.05708401295305554,47595.03750492786,0.0,2423.0,-2716.9157374324664
HEATOIL,2015-12-29,2015-12-29,2015-12-29,2015,0.03388071998532294,46177.9086736322,0.0,3229.0,1564.540793279148
HEATOIL,2016-01-05,2016-01-05,2016-01-05,2016,-0.03450577401444532,46550.47878249518,0.0,4147.0,-1606.2603011330104
HEATOIL,2016-01-12,2016-01-12,2016-01-12,2016,-0.12603159067295944,43508.050974410864,0.0,8601.0,-5483.388871385204
HEATOIL,2016-01-19,2016-01-19,2016-01-19,2016,-0.08953781569586039,33312.53292131516,0.0,-2164.0,-2982.7314330709987
HEATOIL,2016-01-26,2016-01-26,2016-01-26,2016,0.06189925425759846,32726.975687036327,0.0,3193.0,2025.7753891341047
HEATOIL,2016-02-02,2016-02-02,2016-02-02,2016,0.028068457532054336,32076.90492757632,0.0,-2391.0,900.3492437194204
HEATOIL,2016-02-09,2016-02-09,2016-02-09,2016,-0.03623729156689681,31819.625399938403,0.0,1772.0,-1153.0570431670035
HEATOIL,2016-02-16,2016-02-16,2016-02-16,2016,0.052817881816052625,31133.044292540842,0.0,2408.0,1644.381454017354
HEATOIL,2016-02-23,2016-02-23,2016-02-23,2016,-0.0008658425669596514,30842.653158583325,0.0,-3368.0,-26.70488198267399
HEATOIL,2016-03-01,2016-03-01,2016-03-01,2016,0.05623539430622082,31040.981916584937,0.0,-3302.0,1745.601857731424
HEATOIL,2016-03-08,2016-03-08,2016-03-08,2016,0.0801733219388624,29619.177616389537,0.0,4160.0,2374.6678626031453
HEATOIL,2016-03-15,2016-03-15,2016-03-15,2016,-0.020416525170777966,29542.25357210213,0.0,2581.0,-603.1501636563285
HEATOIL,2016-03-22,2016-03-22,2016-03-22,2016,0.06107023035176551,28608.146697325923,0.0,6051.0,1747.1061087427938
HEATOIL,2016-03-29,2016-03-29,2016-03-29,2016,-0.07847969727490778,29810.344871450856,0.0,-3724.0,-2339.5068411720627
HEATOIL,2016-04-05,2016-04-05,2016-04-05,2016,-0.07933977489387323,30232.861558310666,0.0,-4308.0,-2398.6684304340015
HEATOIL,2016-04-12,2016-04-12,2016-04-12,2016,0.1615211766471536,31430.44564801898,0.0,11735.0,5076.682563612434
HEATOIL,2016-04-19,2016-04-19,2016-04-19,2016,-0.010564718523068839,35388.87627213241,0.0,658.0,-373.8735166627886
HEATOIL,2016-04-26,2016-04-26,2016-04-26,2016,0.051816326491228915,35072.25932068014,0.0,8100.0,1817.3156397454086
HEATOIL,2016-05-03,2016-05-03,2016-05-03,2016,-0.0022425873616149783,36470.85510932268,0.0,4357.0,-81.78907873545809
HEATOIL,2016-05-10,2016-05-10,2016-05-10,2016,0.0032691908156541327,35421.00458445033,0.0,-1339.0,115.79802286872795
HEATOIL,2016-05-17,2016-05-17,2016-05-17,2016,0.08840125703509827,35414.77465306884,0.0,3373.0,3130.7105969460213
HEATOIL,2016-05-24,2016-05-24,2016-05-24,2016,0.01369006780707377,35464.87979279074,0.0,7125.0,485.5166091330256
HEATOIL,2016-05-31,2016-05-31,2016-05-31,2016,0.00274238491660056,35803.136704544275,0.0,2483.0,98.1859820655301
HEATOIL,2016-06-07,2016-06-07,2016-06-07,2016,0.02783323640676927,35193.40158487799,0.0,-1374.0,979.5462662702773
HEATOIL,2016-06-14,2016-06-14,2016-06-14,2016,-0.02551158765740874,35037.8503481637,0.0,1858.0,-893.8711904843476
HEATOIL,2016-06-21,2016-06-21,2016-06-21,2016,0.011200538755693656,33147.48379885159,0.0,330.0,371.26967694276476
HEATOIL,2016-06-28,2016-06-28,2016-06-28,2016,-0.0281053611937504,32780.14664743683,0.0,-3620.0,-921.2978615103183
HEATOIL,2016-07-05,2016-07-05,2016-07-05,2016,-0.024397100405099736,33048.73848568163,0.0,4438.0,-806.2933910970585
HEATOIL,2016-07-12,2016-07-12,2016-07-12,2016,0.011788754412529023,30698.305199178594,0.0,2402.0,361.8947808739793
HEATOIL,2016-07-19,2016-07-19,2016-07-19,2016,-0.051764881286174846,30435.09423953654,0.0,-4186.0,-1575.469040243153
HEATOIL,2016-07-26,2016-07-26,2016-07-26,2016,-0.04119741373046065,30879.320691733898,0.0,-3152.0,-1272.1481502529357
HEATOIL,2016-08-02,2016-08-02,2016-08-02,2016,-0.07290428905889668,31667.163170687112,0.0,-5595.0,-2308.6720174710204
HEATOIL,2016-08-09,2016-08-09,2016-08-09,2016,0.05535909189379562,31794.065647437877,0.0,-5059.0,1760.090601853884
HEATOIL,2016-08-16,2016-08-16,2016-08-16,2016,0.08881719664046844,30435.707461591763,0.0,8705.0,2703.2142145079683
HEATOIL,2016-08-23,2016-08-23,2016-08-23,2016,0.024603701308953396,32574.16762945132,0.0,11152.0,801.4450907427988
HEATOIL,2016-08-30,2016-08-30,2016-08-30,2016,-0.022378556262191984,33681.32735775574,0.0,610.0,-753.7394792608429
HEATOIL,2016-09-06,2016-09-06,2016-09-06,2016,-0.052595212849595396,33313.64000597631,0.0,-12525.0,-1752.1379869091206
HEATOIL,2016-09-13,2016-09-13,2016-09-13,2016,0.009342604383517028,35285.094320602366,0.0,-5626.0,329.65467687247144
HEATOIL,2016-09-20,2016-09-20,2016-09-20,2016,-0.01693650953089826,35056.63616698671,0.0,-6289.0,-593.737052563403
HEATOIL,2016-09-27,2016-09-27,2016-09-27,2016,-0.0004941932396105297,35038.41312334374,0.0,239.0,-17.315746892237343
HEATOIL,2016-10-04,2016-10-04,2016-10-04,2016,0.09356346120635756,34887.05713993021,0.0,8242.0,3264.15381731584
HEATOIL,2016-10-11,2016-10-11,2016-10-11,2016,0.024862461853454698,36512.156735724,0.0,2943.0,907.7821040292969
HEATOIL,2016-10-18,2016-10-18,2016-10-18,2016,-0.010022006840340825,36733.44292301564,0.0,-647.0,-368.142816243732
HEATOIL,2016-10-25,2016-10-25,2016-10-25,2016,-0.004922387826220842,36651.02041900471,0.0,3816.0,-180.4105367290803
HEATOIL,2016-11-01,2016-11-01,2016-11-01,2016,-0.04384331863924695,36511.221367444334,0.0,5341.0,-1600.7731123209437
HEATOIL,2016-11-08,2016-11-08,2016-11-08,2016,-0.04646713117653395,35796.356011215714,0.0,-9190.0,-1663.35397041507
HEATOIL,2016-11-15,2016-11-15,2016-11-15,2016,-0.002192382352523947,36950.28982365042,0.0,-7674.0,-81.00916333001638
HEATOIL,2016-11-22,2016-11-22,2016-11-22,2016,0.05510631735026189,37887.521246886485,0.0,3580.0,2087.8417694457166
HEATOIL,2016-11-29,2016-11-29,2016-11-29,2016,-0.04161745556431812,38083.27028808516,0.0,5663.0,-1584.9288089583006
HEATOIL,2016-12-06,2016-12-06,2016-12-06,2016,0.10499271281655431,38753.34201221888,0.0,14681.0,4068.8185085706064
HEATOIL,2016-12-13,2016-12-13,2016-12-13,2016,0.02247688623307048,42412.32115443901,0.0,3065.0,953.296917468774
HEATOIL,2016-12-20,2016-12-20,2016-12-20,2016,-0.0017157229471351787,43246.08706356849,0.0,159.0,-74.19830394877026
HEATOIL,2016-12-27,2016-12-27,2016-12-27,2016,0.016618603785646224,43388.30427425227,0.0,5623.0,721.053037664859
HEATOIL,2017-01-03,2017-01-03,2017-01-03,2017,-0.021030512193411954,43273.57914578497,0.0,5606.0,-910.0655338780081
HEATOIL,2017-01-10,2017-01-10,2017-01-10,2017,-0.04055343595131494,44641.01641173716,0.0,-6991.0,-1810.346599854982
HEATOIL,2017-01-17,2017-01-17,2017-01-17,2017,0.023193856637812205,44980.79646893414,0.0,1745.0,1043.2781447550678
HEATOIL,2017-01-24,2017-01-24,2017-01-24,2017,-0.001806902858654813,45021.38924189967,0.0,392.0,-81.34927692179956
HEATOIL,2017-01-31,2017-01-31,2017-01-31,2017,-0.01702375742712786,45257.68261798671,0.0,-2439.0,-770.4558106025468
HEATOIL,2017-02-07,2017-02-07,2017-02-07,2017,-0.004283185890989416,47358.28300881906,0.0,1656.0,-202.8443296048576
HEATOIL,2017-02-14,2017-02-14,2017-02-14,2017,0.01146214231759718,47238.17983618591,0.0,-3063.0,541.4507401066123
HEATOIL,2017-02-21,2017-02-21,2017-02-21,2017,0.0019379851026785633,44956.722806989004,0.0,894.0,87.12545906519429
HEATOIL,2017-02-28,2017-02-28,2017-02-28,2017,-0.007835555015974105,45549.20134752729,0.0,446.0,-356.9032730922319
HEATOIL,2017-03-07,2017-03-07,2017-03-07,2017,-0.015767606505669718,45258.4444006585,0.0,196.0,-713.6173423683142
HEATOIL,2017-03-14,2017-03-14,2017-03-14,2017,-0.07979120959052544,45664.24107359708,0.0,-5829.0,-3643.6050302956646
HEATOIL,2017-03-21,2017-03-21,2017-03-21,2017,0.007576800835745912,45301.7670025672,0.0,-7785.0,343.2424660858177
HEATOIL,2017-03-28,2017-03-28,2017-03-28,2017,0.006467815577677838,45425.87841287522,0.0,-278.0,293.80620402849377
HEATOIL,2017-04-04,2017-04-04,2017-04-04,2017,0.04685940339604078,45415.62245362256,0.0,643.0,2128.148973036587
HEATOIL,2017-04-11,2017-04-11,2017-04-11,2017,0.03640560411420746,46570.66822849918,0.0,9980.0,1695.43331086084
HEATOIL,2017-04-18,2017-04-18,2017-04-18,2017,-0.016779529192012144,47503.90880214051,0.0,4105.0,-797.0932244801993
HEATOIL,2017-04-25,2017-04-25,2017-04-25,2017,-0.05112874349013474,47030.16124539273,0.0,-8140.0,-2404.593050615361
HEATOIL,2017-05-02,2017-05-02,2017-05-02,2017,-0.05475992056386442,47484.08362098476,0.0,-25189.0,-2600.224647133021
HEATOIL,2017-05-09,2017-05-09,2017-05-09,2017,-0.019026032442444385,51697.71412133837,0.0,-8591.0,-983.602386072799
HEATOIL,2017-05-16,2017-05-16,2017-05-16,2017,0.05098232225160321,52264.64062620047,0.0,5591.0,2664.572750769185
HEATOIL,2017-05-23,2017-05-23,2017-05-23,2017,0.05697965707453223,53610.47422851485,0.0,14852.0,3054.706437143824
HEATOIL,2017-05-30,2017-05-30,2017-05-30,2017,-0.037151281136591996,56181.07921190823,0.0,5808.0,-2087.199068358747
HEATOIL,2017-06-06,2017-06-06,2017-06-06,2017,-0.05677237240621613,55311.24754308138,0.0,-22385.0,-3140.150743768223
HEATOIL,2017-06-13,2017-06-13,2017-06-13,2017,-0.014060705337368029,59292.16209790376,0.0,-18969.0,-833.6896200740857
HEATOIL,2017-06-20,2017-06-20,2017-06-20,2017,-0.03682600233996669,60489.6888956012,0.0,-1780.0,-2227.5934248132667
HEATOIL,2017-06-27,2017-06-27,2017-06-27,2017,0.012121360532344916,60365.50534022901,0.0,-6332.0,731.7120539461081
HEATOIL,2017-07-04,2017-07-03,2017-07-03,2017,0.06336943436873571,59920.74858623636,0.0,11156.0,3797.143944861018
HEATOIL,2017-07-11,2017-07-11,2017-07-11,2017,-0.026264674660769705,59655.676736363486,0.0,10292.0,-1566.8369411486349
HEATOIL,2017-07-18,2017-07-18,2017-07-18,2017,0.022969561622631973,58556.3207494403,0.0,-1737.0,1345.0130178488723
HEATOIL,2017-07-25,2017-07-25,2017-07-25,2017,0.03763519389400005,58312.989147796114,0.0,10277.0,2194.6206531160274
HEATOIL,2017-08-01,2017-08-01,2017-08-01,2017,0.04343631461263836,59996.7498313892,0.0,20154.0,2606.0377014119786
HEATOIL,2017-08-08,2017-08-08,2017-08-08,2017,-0.007260778107647303,62183.03974854831,0.0,6270.0,-451.4972536732217
HEATOIL,2017-08-15,2017-08-15,2017-08-15,2017,-0.01785596234766973,62061.23647805255,0.0,7929.0,-1108.1631018019334
HEATOIL,2017-08-22,2017-08-22,2017-08-22,2017,-0.0048744003523623625,61474.254230422346,0.0,-12818.0,-299.65012648198416
HEATOIL,2017-08-29,2017-08-29,2017-08-29,2017,0.03550814531320329,63826.42140050087,0.0,10192.0,2266.357845910733
HEATOIL,2017-09-05,2017-09-05,2017-09-05,2017,0.058673058275093226,67455.22874929487,0.0,11024.0,3957.8045673671218
HEATOIL,2017-09-12,2017-09-12,2017-09-12,2017,0.0012115269604319745,69019.00703725049,0.0,5394.0,83.61838780787313
HEATOIL,2017-09-19,2017-09-19,2017-09-19,2017,0.017772404123114094,69435.19919025712,0.0,5191.0,1234.030420378174
HEATOIL,2017-09-26,2017-09-26,2017-09-26,2017,0.04046169172605013,69860.60565487207,0.0,10914.0,2826.678289802588
HEATOIL,2017-10-03,2017-10-03,2017-10-03,2017,-0.04694964042365629,70973.50728662974,0.0,44.0,-3332.180646713016
HEATOIL,2017-10-10,2017-10-10,2017-10-10,2017,0.007966356003122455,69718.80303017808,0.0,-4953.0,555.4048050499712
HEATOIL,2017-10-17,2017-10-17,2017-10-17,2017,0.024963517164510562,70019.55155055529,0.0,2304.0,1747.9342769836192
HEATOIL,2017-10-24,2017-10-24,2017-10-24,2017,0.0074898466667314145,69955.399527128,0.0,780.0,523.955215968124
HEATOIL,2017-10-31,2017-10-31,2017-10-31,2017,0.03127364584836473,69673.7416038236,0.0,6415.0,2178.9519198484545
HEATOIL,2017-11-07,2017-11-07,2017-11-07,2017,0.024635539555030256,70565.09409419463,0.0,3275.0,1738.4091667619637
HEATOIL,2017-11-14,2017-11-14,2017-11-14,2017,-0.00844106721007018,72068.64394850873,0.0,2400.0,-608.3362673079797
HEATOIL,2017-11-21,2017-11-21,2017-11-21,2017,0.014029119211766417,70963.18276632414,0.0,-3.0,995.5509506751295
HEATOIL,2017-11-28,2017-11-28,2017-11-28,2017,0.0076073355820345245,72018.25252226435,0.0,1718.0,547.8670149685692
HEATOIL,2017-12-05,2017-12-05,2017-12-05,2017,-0.020439770779262456,73179.99245388199,0.0,-12830.0,-1495.7822713855041
HEATOIL,2017-12-12,2017-12-12,2017-12-12,2017,0.009718653528997867,77172.2733768983,0.0,2477.0,750.0105869951808
HEATOIL,2017-12-19,2017-12-19,2017-12-19,2017,0.003871472121658448,79140.04323839239,0.0,1356.0,306.3884711042803
HEATOIL,2017-12-26,2017-12-26,2017-12-26,2017,0.04876563061365985,81055.72684017433,0.0,16599.0,3952.733634209656
HEATOIL,2018-01-02,2018-01-02,2018-01-02,2018,0.009412278208028757,83912.2066801398,0.0,9657.0,789.805034323085
HEATOIL,2018-01-09,2018-01-09,2018-01-09,2018,0.011541034745236739,85473.73661787694,0.0,4354.0,986.4553641121315
HEATOIL,2018-01-16,2018-01-16,2018-01-16,2018,0.0009233835370452137,98305.10511516096,0.0,-1486.0,90.77331567083885
HEATOIL,2018-01-23,2018-01-23,2018-01-23,2018,0.011446911921188574,101504.75397687625,0.0,3452.0,1161.9159783552182
HEATOIL,2018-01-30,2018-01-30,2018-01-30,2018,-0.007326393208457488,102702.36783138271,0.0,-1372.0,-752.4379301723451
HEATOIL,2018-02-06,2018-02-06,2018-02-06,2018,-0.03873627016874512,103545.88387597908,0.0,-15167.0,-4010.9813326814347
HEATOIL,2018-02-13,2018-02-13,2018-02-13,2018,-0.07392514435171699,107038.35746371782,0.0,-31506.0,-7912.8260266760235
HEATOIL,2018-02-20,2018-02-20,2018-02-20,2018,0.04779393109304525,117464.32141293799,0.0,-9204.0,5614.081683501278
HEATOIL,2018-02-27,2018-02-27,2018-02-27,2018,0.021772361957929448,113641.7682910737,0.0,4954.0,2474.2497127724064
HEATOIL,2018-03-06,2018-03-06,2018-03-06,2018,-0.031214976522922683,116909.54571659856,0.0,-5192.0,-3649.32872484918
HEATOIL,2018-03-13,2018-03-13,2018-03-13,2018,-0.017324681979164036,119529.98947235725,0.0,-2056.0,-2070.8190545814145
HEATOIL,2018-03-20,2018-03-20,2018-03-20,2018,0.03974517221447493,120105.29323757176,0.0,6679.0,4773.605563597302
HEATOIL,2018-03-27,2018-03-27,2018-03-27,2018,0.03580790887812174,120983.0388790499,0.0,6228.0,4332.149631979279
HEATOIL,2018-04-03,2018-04-03,2018-04-03,2018,-0.015547436599820913,124033.34410882935,0.0,173.0,-1928.400553795795
HEATOIL,2018-04-10,2018-04-10,2018-04-10,2018,0.031784797612766674,126500.62819054781,0.0,-1364.0,4020.7968649244085
HEATOIL,2018-04-17,2018-04-17,2018-04-17,2018,-0.0012658229538296817,135338.17686707687,0.0,12424.0,-171.31417080780713
HEATOIL,2018-04-24,2018-04-24,2018-04-24,2018,0.0314578804672776,135382.00717049162,0.0,7383.0,4258.830998989444
HEATOIL,2018-05-01,2018-05-01,2018-05-01,2018,-0.00754908220945022,135687.2465337365,0.0,1255.0,-1024.3141788571163
HEATOIL,2018-05-08,2018-05-08,2018-05-08,2018,0.025384583718012985,135638.25289659822,0.0,6853.0,3443.1205860187147
HEATOIL,2018-05-15,2018-05-15,2018-05-15,2018,0.0422049663451491,136305.41326178005,0.0,8875.0,5752.765379375067
HEATOIL,2018-05-22,2018-05-22,2018-05-22,2018,0.015043865860639792,143091.724525609,0.0,232.0,2152.652709530883
HEATOIL,2018-05-29,2018-05-29,2018-05-29,2018,-0.0432109215923508,142339.78427131707,0.0,-55.0,-6150.633257620009
HEATOIL,2018-06-05,2018-06-05,2018-06-05,2018,-0.017451205788715604,140336.39435669454,0.0,-12042.0,-2449.0392975650234
HEATOIL,2018-06-12,2018-06-12,2018-06-12,2018,0.008723953241166024,142684.6978419162,0.0,-7645.0,1244.7746322027797
HEATOIL,2018-06-19,2018-06-19,2018-06-19,2018,-0.018936249798835167,143155.16737667072,0.0,-1386.0,-2710.8220094386957
HEATOIL,2018-06-26,2018-06-26,2018-06-26,2018,0.00408806339608897,143074.10460156196,0.0,-11027.0,584.8960099498499
HEATOIL,2018-07-03,2018-07-03,2018-07-03,2018,0.015001693363191501,142801.45561240852,0.0,1647.0,2142.263648914755
HEATOIL,2018-07-10,2018-07-10,2018-07-10,2018,0.02555613801724675,144205.25364578675,0.0,4600.0,3685.3293649838015
HEATOIL,2018-07-17,2018-07-17,2018-07-17,2018,-0.07068436802982417,144318.87124972887,0.0,-16574.0,-10201.088209064645
HEATOIL,2018-07-24,2018-07-24,2018-07-24,2018,0.02971831727874752,148907.77287644823,0.0,12215.0,4425.2884396139625
HEATOIL,2018-07-31,2018-07-31,2018-07-31,2018,-0.00023390171556580963,151544.4318838456,0.0,2973.0,-35.446502602077466
HEATOIL,2018-08-07,2018-08-07,2018-08-07,2018,0.013381378047439885,154618.79042969662,0.0,-1966.0,2069.0124879776504
HEATOIL,2018-08-14,2018-08-14,2018-08-14,2018,-0.01908446007212794,160164.80391393753,0.0,-422.0,-3056.6588052557418
HEATOIL,2018-08-21,2018-08-21,2018-08-21,2018,-0.002346757859146148,163872.5358854417,0.0,-6186.0,-384.56916148736946
HEATOIL,2018-08-28,2018-08-28,2018-08-28,2018,0.04092536777768549,162504.22501932242,0.0,8648.0,6650.54517434353
HEATOIL,2018-09-04,2018-09-04,2018-09-04,2018,0.016589548576815244,163986.63132334713,0.0,3655.0,2720.4641862869594
HEATOIL,2018-09-11,2018-09-11,2018-09-11,2018,-0.0008865248807568976,162362.60540998116,0.0,-5930.0,-143.93848940046277
HEATOIL,2018-09-18,2018-09-18,2018-09-18,2018,-0.00716529913132731,162978.53131934314,0.0,-3553.0,-1167.78992888749
HEATOIL,2018-09-25,2018-09-25,2018-09-25,2018,0.031132972146662316,162612.04387328238,0.0,2191.0,5062.596232618731
HEATOIL,2018-10-02,2018-10-02,2018-10-02,2018,0.04138704149762198,161851.92789812846,0.0,7170.0,6698.572456389963
HEATOIL,2018-10-09,2018-10-09,2018-10-09,2018,0.00591240636575357,167879.41187978853,0.0,-341.0,992.5713034770272
HEATOIL,2018-10-16,2018-10-16,2018-10-16,2018,-0.03519880117697598,168086.35111351262,0.0,-5951.0,-5916.4380534079055
HEATOIL,2018-10-23,2018-10-23,2018-10-23,2018,-0.04007679493146647,168191.06447382722,0.0,-7099.0,-6740.5588002226295
HEATOIL,2018-10-30,2018-10-30,2018-10-30,2018,0.004213520526490502,168521.93573448472,0.0,-4105.0,710.0706353811647
HEATOIL,2018-11-06,2018-11-06,2018-11-06,2018,-0.034531369411517215,173384.69643887482,0.0,-5894.0,-5987.211003034559
HEATOIL,2018-11-13,2018-11-13,2018-11-13,2018,-0.058468019646813515,172874.9899422656,0.0,-8211.0,-10107.658308387074
HEATOIL,2018-11-20,2018-11-20,2018-11-20,2018,-0.036805461899756864,171752.55265019875,0.0,-6318.0,-6321.432032752875
HEATOIL,2018-11-27,2018-11-27,2018-11-27,2018,-0.05145796421164617,174663.32026316135,0.0,-10118.0,-8987.81888318905
HEATOIL,2018-12-04,2018-12-04,2018-12-04,2018,0.009290553161067194,179974.64303329203,0.0,-7138.0,1672.063988744891
HEATOIL,2018-12-11,2018-12-11,2018-12-11,2018,-0.028673686595901804,183533.81388335896,0.0,-344.0,-5262.591059042006
HEATOIL,2018-12-18,2018-12-18,2018-12-18,2018,-0.05125895510397893,182380.92419086897,0.0,-5953.0,-9348.655604921938
HEATOIL,2018-12-25,2018-12-24,2018-12-24,2018,-0.05463333403088272,180719.6201617221,0.0,1004.0,-9873.31537422961
HEATOIL,2019-01-01,2018-12-31,2018-12-31,2018,0.014998181435352864,174758.48687375622,0.0,-1187.0,2621.059493500328
HEATOIL,2019-01-08,2019-01-08,2019-01-08,2019,0.08574303200957495,176051.62493183807,0.0,-1387.0,15095.200111868275
HEATOIL,2019-01-15,2019-01-15,2019-01-15,2019,0.024754276689954613,163541.18225068878,0.0,4754.0,4048.3436756358446
HEATOIL,2019-01-22,2019-01-22,2019-01-22,2019,0.015007465954177013,164118.4193244638,0.0,-1574.0,2463.001590465237
HEATOIL,2019-01-29,2019-01-29,2019-01-29,2019,0.0006864324265623833,163592.25189448547,0.0,-710.0,112.29502643473631
HEATOIL,2019-02-05,2019-02-05,2019-02-05,2019,0.0018892802923090035,163639.58927189346,0.0,-3165.0,309.16105105292814
HEATOIL,2019-02-12,2019-02-12,2019-02-12,2019,0.006537693976973624,163670.98604267123,0.0,1923.0,1070.0308196565059
HEATOIL,2019-02-19,2019-02-19,2019-02-19,2019,0.047766139563448134,164224.32591221062,0.0,5907.0,7844.362071235844
HEATOIL,2019-02-26,2019-02-26,2019-02-26,2019,0.0010515511346777806,163407.5448089753,0.0,2461.0,171.83138915878826
HEATOIL,2019-03-05,2019-03-05,2019-03-05,2019,0.009549523582306235,163546.58285231533,0.0,1243.0,1561.7919497537857
HEATOIL,2019-03-12,2019-03-12,2019-03-12,2019,-0.012756870265267894,163902.26385421588,0.0,-2472.0,-2090.8799161719394
HEATOIL,2019-03-19,2019-03-19,2019-03-19,2019,0.002413759594938031,169290.73200921522,0.0,-4371.0,408.6271287213261
HEATOIL,2019-03-26,2019-03-26,2019-03-26,2019,5.022475579261054e-05,169819.119863895,0.0,-4773.0,8.529123824080184
HEATOIL,2019-04-02,2019-04-02,2019-04-02,2019,0.009066677263593836,169899.21138762185,0.0,-3675.0,1540.421316990674
HEATOIL,2019-04-09,2019-04-09,2019-04-09,2019,0.01738660292244637,172687.39253469254,0.0,5763.0,3002.447123713329
HEATOIL,2019-04-16,2019-04-16,2019-04-16,2019,0.01742541671385911,171864.09608481327,0.0,2716.0,2994.803492428593
HEATOIL,2019-04-23,2019-04-23,2019-04-23,2019,0.017221299965739706,172934.31299482685,0.0,538.0,2978.1536784530313
HEATOIL,2019-04-30,2019-04-30,2019-04-30,2019,-0.020152655533162867,172874.5897588068,0.0,-2283.0,-3483.8820578460786
HEATOIL,2019-05-07,2019-05-07,2019-05-07,2019,-0.02048018781599978,164034.06868572,0.0,-1571.0,-3359.448534906154
HEATOIL,2019-05-14,2019-05-14,2019-05-14,2019,0.010971705819291883,162629.6157519907,0.0,-1824.0,1784.3243015353191
HEATOIL,2019-05-21,2019-05-21,2019-05-21,2019,0.009988743268065176,163633.41329251122,0.0,6110.0,1634.492155456098
HEATOIL,2019-05-28,2019-05-28,2019-05-28,2019,-0.04362276325636691,160774.90450325195,0.0,-12122.0,-7013.445596710358
HEATOIL,2019-06-04,2019-06-04,2019-06-04,2019,-0.09019133561978929,167722.01342063406,0.0,-5719.0,-15127.07240324721
HEATOIL,2019-06-11,2019-06-11,2019-06-11,2019,0.0013131259751927304,151932.67711315883,0.0,-5987.0,199.50674479785894
HEATOIL,2019-06-18,2019-06-18,2019-06-18,2019,0.0031117808650253376,149479.61227560928,0.0,4703.0,465.1477971906475
HEATOIL,2019-06-25,2019-06-25,2019-06-25,2019,0.0511597413729378,151006.8514154028,0.0,10554.0,7725.471463953654
HEATOIL,2019-07-02,2019-07-02,2019-07-02,2019,-0.02357304346946046,153421.12931340953,0.0,5555.0,-3616.602950438717
HEATOIL,2019-07-09,2019-07-09,2019-07-09,2019,0.012543133301046755,150270.45743583445,0.0,3128.0,1884.862378826944
HEATOIL,2019-07-16,2019-07-16,2019-07-16,2019,-0.002245138653560713,154289.69665096156,0.0,2473.0,-346.40176179723073
HEATOIL,2019-07-23,2019-07-23,2019-07-23,2019,0.00863958741297452,155482.29991916122,0.0,-1068.0,1343.3029213219145
HEATOIL,2019-07-30,2019-07-30,2019-07-30,2019,0.011797267389260874,153511.13325693362,0.0,6555.0,1811.0118862605034
HEATOIL,2019-08-06,2019-08-06,2019-08-06,2019,-0.06857599787393842,147833.3701198112,0.0,-985.0,-10137.820875033325
HEATOIL,2019-08-13,2019-08-13,2019-08-13,2019,0.029783820923290183,141970.58121869463,0.0,-8709.0,4228.426367393025
HEATOIL,2019-08-20,2019-08-20,2019-08-20,2019,-0.012763517372731792,139956.2169098639,0.0,1843.0,-1786.3336059508667
HEATOIL,2019-08-27,2019-08-27,2019-08-27,2019,-0.02041552065579516,138887.2416579062,0.0,-4283.0,-2835.455350893398
HEATOIL,2019-09-03,2019-09-03,2019-09-03,2019,-0.010675467260445215,137279.99309564425,0.0,-4263.0,-1465.5280718066954
HEATOIL,2019-09-10,2019-09-10,2019-09-10,2019,0.06765192076265716,135752.39116847716,0.0,8880.0,9183.910010671058
HEATOIL,2019-09-17,2019-09-17,2019-09-17,2019,0.02887071884824624,135480.920820858,0.0,4726.0,3911.431574320502
HEATOIL,2019-09-24,2019-09-24,2019-09-24,2019,-0.013107806792739651,135220.39259681737,0.0,601.0,-1772.4427805974851
HEATOIL,2019-10-01,2019-10-01,2019-10-01,2019,-0.034041846792654595,132659.0805570104,0.0,-5315.0,-4515.960095976172
HEATOIL,2019-10-08,2019-10-08,2019-10-08,2019,0.0012700430346623826,135972.6143954761,0.0,-6433.0,172.69107181780842
HEATOIL,2019-10-15,2019-10-15,2019-10-15,2019,0.0051167195900407025,136381.77949852732,0.0,6428.0,697.8273228847262
HEATOIL,2019-10-22,2019-10-22,2019-10-22,2019,0.0150394479592382,136970.78792992848,0.0,9310.0,2059.965037008011
HEATOIL,2019-10-29,2019-10-29,2019-10-29,2019,0.008515521227656975,138118.6816532773,0.0,6514.0,1176.1525655544788
HEATOIL,2019-11-05,2019-11-05,2019-11-05,2019,0.006162366939131136,137908.82956786294,0.0,-7934.0,849.8448119432691
HEATOIL,2019-11-12,2019-11-12,2019-11-12,2019,-0.028609045721430776,137371.472869851,0.0,-6076.0,-3930.0667481538544
HEATOIL,2019-11-19,2019-11-19,2019-11-19,2019,-0.021117406072111794,138325.305025404,0.0,332.0,-2921.0716362701824
HEATOIL,2019-11-26,2019-11-26,2019-11-26,2019,0.053769342589803454,137894.2604905848,0.0,7388.0,7414.483733485853
HEATOIL,2019-12-03,2019-12-03,2019-12-03,2019,-0.040970354539488635,137828.43534604367,0.0,-10573.0,-5646.879861750396
HEATOIL,2019-12-10,2019-12-10,2019-12-10,2019,0.0451047655973891,137800.14614471386,0.0,10915.0,6215.44329114328
HEATOIL,2019-12-17,2019-12-17,2019-12-17,2019,0.0340933578196673,139767.03235576773,0.0,1166.0,4765.127445498206
HEATOIL,2019-12-24,2019-12-24,2019-12-24,2019,0.0027525207842908073,138548.58123186475,0.0,3962.0,381.357849474711
HEATOIL,2019-12-31,2019-12-31,2019-12-31,2019,-0.007142711582027311,133890.4503252972,0.0,669.0,-956.3408702613526
HEATOIL,2020-01-07,2020-01-07,2020-01-07,2020,0.007854025406154125,132992.00594722384,0.0,-2403.0,1044.5225935248964
HEATOIL,2020-01-14,2020-01-14,2020-01-14,2020,-0.061067546108230286,132400.70703222396,0.0,-15780.0,-8085.3862814526265
HEATOIL,2020-01-21,2020-01-21,2020-01-21,2020,-0.04126883422667246,136909.54915843587,0.0,-1177.0,-5650.097488267954
HEATOIL,2020-01-28,2020-01-28,2020-01-28,2020,-0.06676843601165322,134966.6475969585,0.0,-15919.0,-9011.511973784873
HEATOIL,2020-02-04,2020-02-04,2020-02-04,2020,-0.07954747859836381,139114.218372398,0.0,-7538.0,-11066.18530870644
HEATOIL,2020-02-11,2020-02-11,2020-02-11,2020,0.02248545419789616,133397.36828710302,0.0,3997.0,2999.5004147395407
HEATOIL,2020-02-18,2020-02-18,2020-02-18,2020,0.027578738697092542,119105.67362227674,0.0,1892.0,3284.784250169958
HEATOIL,2020-02-25,2020-02-25,2020-02-25,2020,-0.0638916363443578,125292.68351128617,0.0,-9213.0,-8005.15457151181
HEATOIL,2020-03-03,2020-03-03,2020-03-03,2020,-0.022559684859527473,125547.89121030603,0.0,-3757.0,-2832.3208604827432
HEATOIL,2020-03-10,2020-03-10,2020-03-10,2020,-0.19817603078430035,125379.35905385442,0.0,9927.0,-24847.183719572502
HEATOIL,2020-03-17,2020-03-17,2020-03-17,2020,-0.1853144449222136,79748.7247872807,0.0,16575.0,-14778.5906672093
HEATOIL,2020-03-24,2020-03-24,2020-03-24,2020,0.04126044426132447,47367.985518870424,0.0,-350.0,1954.4241262725777
HEATOIL,2020-03-31,2020-03-31,2020-03-31,2020,-0.07878995510506703,45970.54665779078,0.0,-1387.0,-3622.0173073227247
HEATOIL,2020-04-07,2020-04-07,2020-04-07,2020,0.037325322243258796,45116.94590344148,0.0,2831.0,1684.0045444776283
HEATOIL,2020-04-14,2020-04-14,2020-04-14,2020,-0.0683641893664465,45808.48390410031,0.0,19.0,-3131.65986820973
HEATOIL,2020-04-21,2020-04-21,2020-04-21,2020,-0.2520677348978214,44785.9032839932,0.0,-2479.0,-11289.081196149067
HEATOIL,2020-04-28,2020-04-28,2020-04-28,2020,-0.07570449428435277,35440.31587994691,0.0,194.0,-2682.9911909690977
HEATOIL,2020-05-05,2020-05-05,2020-05-05,2020,0.2143935485419286,34657.09122282434,0.0,-1348.0,7430.2567694026375
HEATOIL,2020-05-12,2020-05-12,2020-05-12,2020,-0.06357652010138026,28069.96343476091,0.0,-6206.0,-1784.590594555086
HEATOIL,2020-05-19,2020-05-19,2020-05-19,2020,0.14310084364067321,27930.178972391528,0.0,2882.0,3996.832173984219
HEATOIL,2020-05-26,2020-05-26,2020-05-26,2020,0.015095366038182179,27457.100703455482,0.0,-3862.0,414.4749854658899
HEATOIL,2020-06-02,2020-06-02,2020-06-02,2020,0.05304258642854209,27409.576232689098,0.0,351.0,1453.8748162921247
HEATOIL,2020-06-09,2020-06-09,2020-06-09,2020,0.054716434474928355,26625.80130875785,0.0,-904.0,1456.8689126531106
HEATOIL,2020-06-16,2020-06-16,2020-06-16,2020,0.014622109258579985,26445.34663916,0.0,1707.0,386.68674793881854
HEATOIL,2020-06-23,2020-06-23,2020-06-23,2020,0.013917878543123763,26452.940149789694,0.0,-977.0,368.1688081132951
HEATOIL,2020-06-30,2020-06-30,2020-06-30,2020,-0.024147717880359743,26532.923690901927,0.0,-557.0,-640.7095558290131
HEATOIL,2020-07-07,2020-07-07,2020-07-07,2020,0.04213718112754106,26471.036917092224,0.0,1939.0,1115.414877209341
HEATOIL,2020-07-14,2020-07-14,2020-07-14,2020,-0.015654797287741773,26276.213225716576,0.0,782.0,-411.34879153807236
HEATOIL,2020-07-21,2020-07-21,2020-07-21,2020,0.042532643156674155,23084.664225718017,0.0,3619.0,981.8517859041061
HEATOIL,2020-07-28,2020-07-28,2020-07-28,2020,-0.031668656692894315,22392.009697483765,0.0,2459.0,-709.1248677735737
HEATOIL,2020-08-04,2020-08-04,2020-08-04,2020,0.00731548537768989,22093.453079354247,0.0,1423.0,161.62433294469366
HEATOIL,2020-08-11,2020-08-11,2020-08-11,2020,-0.011128326041811465,22211.835479833397,0.0,1766.0,-247.18054720666186
HEATOIL,2020-08-18,2020-08-18,2020-08-18,2020,0.017699577099400843,22144.738047105133,0.0,5260.0,391.95249841077253
HEATOIL,2020-08-25,2020-08-25,2020-08-25,2020,-0.0061788941647310525,22359.829401244817,0.0,-3017.0,-138.15901941173342
HEATOIL,2020-09-01,2020-09-01,2020-09-01,2020,-0.0367678827953255,21460.239720968857,0.0,-11209.0,-789.0475788201718
HEATOIL,2020-09-08,2020-09-08,2020-09-08,2020,-0.13364552051636203,22446.10392413088,0.0,-9071.0,-2999.8212425048278
HEATOIL,2020-09-15,2020-09-15,2020-09-15,2020,0.018724259217416495,24743.079742064387,0.0,6517.0,463.2958389276204
HEATOIL,2020-09-22,2020-09-22,2020-09-22,2020,-0.006202545841288543,24996.918438361074,0.0,-5361.0,-155.04453250488538
HEATOIL,2020-09-29,2020-09-29,2020-09-29,2020,0.006023302248766793,24963.53946084064,0.0,2529.0,150.36294337166
HEATOIL,2020-10-06,2020-10-06,2020-10-06,2020,0.0602786044363911,24276.154105532492,0.0,5463.0,1463.332690564265
HEATOIL,2020-10-13,2020-10-13,2020-10-13,2020,-0.01852372574317085,24968.727253087836,0.0,92.0,-462.5138557922347
HEATOIL,2020-10-20,2020-10-20,2020-10-20,2020,0.002970005153185018,24431.36514739832,0.0,2560.0,72.56128038711786
HEATOIL,2020-10-27,2020-10-27,2020-10-27,2020,-0.018126351283316633,23751.24456964512,0.0,-6445.0,-430.52340248535404
HEATOIL,2020-11-03,2020-11-03,2020-11-03,2020,-0.02652874728104404,24113.28481432564,0.0,-1826.0,-639.6952389550819
HEATOIL,2020-11-10,2020-11-10,2020-11-10,2020,0.10471866429032095,23703.353079234323,0.0,15352.0,2482.1834736592846
HEATOIL,2020-11-17,2020-11-17,2020-11-17,2020,-0.011464180966952342,26359.71823944812,0.0,1406.0,-302.19258013490764
HEATOIL,2020-11-24,2020-11-24,2020-11-24,2020,0.0883050123515795,25751.65482908722,0.0,1318.0,2274.0001977561587
HEATOIL,2020-12-01,2020-12-01,2020-12-01,2020,-0.01111548476158164,24264.664702469152,0.0,5872.0,-269.7135107451838
HEATOIL,2020-12-08,2020-12-08,2020-12-08,2020,0.04130551075400335,24265.05860619224,0.0,1572.0,1002.2806392045951
HEATOIL,2020-12-15,2020-12-15,2020-12-15,2020,0.03776128816897384,24357.9354244614,0.0,395.0,919.7870187643431
HEATOIL,2020-12-22,2020-12-21,2020-12-21,2020,0.0069242011763256395,23634.596568096582,0.0,-1328.0,163.65070135879628
HEATOIL,2020-12-29,2020-12-29,2020-12-29,2020,0.006406171812411654,23956.16252270514,0.0,543.0,153.46729308650615
HEATOIL,2021-01-05,2021-01-05,2021-01-05,2021,0.021128010207254744,24027.98390510026,0.0,-5820.0,507.663489206711
HEATOIL,2021-01-12,2021-01-12,2021-01-12,2021,0.049763424621572905,24489.52818074833,0.0,-824.0,1218.682789640555
HEATOIL,2021-01-19,2021-01-19,2021-01-19,2021,0.0010629319161274964,23910.061077191658,0.0,6066.0,25.4147670355048
HEATOIL,2021-01-26,2021-01-26,2021-01-26,2021,-0.0011254925217345502,24010.59731959483,0.0,5461.0,-27.02374772558362
HEATOIL,2021-02-02,2021-02-02,2021-02-02,2021,0.04387072008792048,23994.484221576196,0.0,3007.0,1052.6553009387937
HEATOIL,2021-02-09,2021-02-09,2021-02-09,2021,0.04828119864514713,24253.591164191384,0.0,763.0,1170.9924528565093
HEATOIL,2021-02-16,2021-02-16,2021-02-16,2021,0.030143976475266787,24166.002784427703,0.0,-209.0,728.4594194350203
HEATOIL,2021-02-23,2021-02-23,2021-02-23,2021,0.032329578025527106,23447.367916929667,0.0,-6568.0,758.0435105636186
HEATOIL,2021-03-02,2021-03-02,2021-03-02,2021,-0.02798163799236464,22775.373755461504,0.0,3117.0,-637.292263566126
HEATOIL,2021-03-09,2021-03-09,2021-03-09,2021,0.05633468675244946,22453.644433788853,0.0,3003.0,1264.9190256283755
HEATOIL,2021-03-16,2021-03-16,2021-03-16,2021,0.013860163520980018,22648.197444916343,0.0,2728.0,313.9077200419823
HEATOIL,2021-03-23,2021-03-23,2021-03-23,2021,-0.09908443435984621,22770.761365398794,0.0,-4799.0,-2256.2280098335787
HEATOIL,2021-03-30,2021-03-30,2021-03-30,2021,0.02326736993936418,23452.400216901624,0.0,-2749.0,545.6756718126749
HEATOIL,2021-04-06,2021-04-06,2021-04-06,2021,0.0008708611013352185,23340.61092486311,0.0,3371.0,20.326430135863124
HEATOIL,2021-04-13,2021-04-13,2021-04-13,2021,0.011679853792866512,23096.84573948129,0.0,252.0,269.7677813135333
HEATOIL,2021-04-20,2021-04-20,2021-04-20,2021,0.035093217490313744,22987.31717190835,0.0,65.0,806.6989210326036
HEATOIL,2021-04-27,2021-04-27,2021-04-27,2021,0.01324872246514791,22910.541060518335,0.0,1448.0,303.5354000371829
HEATOIL,2021-05-04,2021-05-04,2021-05-04,2021,0.04647359027852843,22852.426775838856,0.0,1108.0,1062.0343188504075
HEATOIL,2021-05-11,2021-05-11,2021-05-11,2021,0.019656530888959856,22797.506031203935,0.0,2794.0,448.1198814936088
HEATOIL,2021-05-18,2021-05-18,2021-05-18,2021,0.007230124314641206,22982.30107063439,0.0,2145.0,166.16489377719833
HEATOIL,2021-05-25,2021-05-25,2021-05-25,2021,-0.010028702304192505,22863.06435271537,0.0,6431.0,-229.28686615497816
HEATOIL,2021-06-01,2021-06-01,2021-06-01,2021,0.018646888733568234,21374.272922664015,0.0,-2310.0,398.5636889498362
HEATOIL,2021-06-08,2021-06-08,2021-06-08,2021,0.030635722074386973,20293.281170786766,0.0,-1295.0,621.6993219256136
HEATOIL,2021-06-15,2021-06-15,2021-06-15,2021,-0.010864304391905721,20153.648787113518,0.0,-856.0,-218.9553750307628
HEATOIL,2021-06-22,2021-06-22,2021-06-22,2021,0.018599304049449428,20132.998314126293,0.0,5885.0,374.4597570714877
HEATOIL,2021-06-29,2021-06-29,2021-06-29,2021,-0.013975781942523025,19069.59373681192,0.0,54.0,-266.51248379818617
HEATOIL,2021-07-06,2021-07-06,2021-07-06,2021,-0.009208545632001464,19448.80174336632,0.0,-3830.0,-179.09517834153837
HEATOIL,2021-07-13,2021-07-13,2021-07-13,2021,0.036938597890849634,19441.730196987228,0.0,3353.0,718.1502540489
HEATOIL,2021-07-20,2021-07-20,2021-07-20,2021,-0.08217146384223267,19725.619817598752,0.0,-825.0,-1620.883055607444
HEATOIL,2021-07-27,2021-07-27,2021-07-27,2021,0.06319713931336984,19577.550083639686,0.0,6872.0,1237.2451600502527
HEATOIL,2021-08-03,2021-08-03,2021-08-03,2021,-0.008553969417771368,20331.677076579195,0.0,540.0,-173.9165439250616
HEATOIL,2021-08-10,2021-08-10,2021-08-10,2021,-0.021420400577654042,20391.244207214964,0.0,3986.0,-436.78861919531204
HEATOIL,2021-08-17,2021-08-17,2021-08-17,2021,-0.021251588199066418,20887.526694731703,0.0,-1179.0,-443.89311581344504
HEATOIL,2021-08-24,2021-08-24,2021-08-24,2021,0.014701136108944579,21002.988871013684,0.0,-3342.0,308.76779808742043
HEATOIL,2021-08-31,2021-08-31,2021-08-31,2021,0.028957161838215117,20643.619888814304,0.0,6843.0,597.7806420469922
HEATOIL,2021-09-07,2021-09-07,2021-09-07,2021,-0.0033007999036067104,21016.72879267969,0.0,779.0,-69.3720163730055
HEATOIL,2021-09-14,2021-09-14,2021-09-14,2021,0.01959700719803581,19624.642179418974,0.0,-6780.0,384.5842540489508
HEATOIL,2021-09-21,2021-09-21,2021-09-21,2021,0.00549642269642342,18909.031884935186,0.0,8349.0,103.93203201975187
HEATOIL,2021-09-28,2021-09-28,2021-09-28,2021,0.051615674476463924,19064.15633089399,0.0,-2750.0,984.0092873438431
HEATOIL,2021-10-05,2021-10-05,2021-10-05,2021,0.0868184084812137,18101.92912630945,0.0,3309.0,1571.5806771859134
HEATOIL,2021-10-12,2021-10-12,2021-10-12,2021,0.005974955118830477,18528.410547733456,0.0,1816.0,110.70642144597262
HEATOIL,2021-10-19,2021-10-19,2021-10-19,2021,0.019989187002489653,18468.837085356427,0.0,-6599.0,369.17703821770556
HEATOIL,2021-10-26,2021-10-26,2021-10-26,2021,0.006562267211690495,17731.41278802338,0.0,1390.0,116.35826875579536
HEATOIL,2021-11-02,2021-11-02,2021-11-02,2021,-0.022834934726072925,17608.57497389296,0.0,-5896.0,-402.090660148007
HEATOIL,2021-11-09,2021-11-09,2021-11-09,2021,0.00012029592812790035,18077.093814067015,0.0,-8969.0,2.1746007782183177
HEATOIL,2021-11-16,2021-11-16,2021-11-16,2021,-0.02945936853247294,17647.526702149047,0.0,-2300.0,-519.8849928052656
HEATOIL,2021-11-23,2021-11-23,2021-11-23,2021,-0.016362071138233875,17827.941350774418,0.0,-4881.0,-291.7020446296323
HEATOIL,2021-11-30,2021-11-30,2021-11-30,2021,-0.1452148043208615,17097.592111265833,0.0,-7754.0,-2482.823492795373
HEATOIL,2021-12-07,2021-12-07,2021-12-07,2021,0.07722081513421217,18023.31504617044,0.0,420.0,1391.7750792859922
HEATOIL,2021-12-14,2021-12-14,2021-12-14,2021,-0.001263424046772016,16675.91737144897,0.0,-4756.0,-21.068755009071815
HEATOIL,2021-12-21,2021-12-21,2021-12-21,2021,0.016390138971891705,16639.280973410365,0.0,3866.0,272.72012754654935
HEATOIL,2021-12-28,2021-12-28,2021-12-28,2021,0.0475330131648094,16761.721725516734,0.0,1488.0,796.7351394438587
HEATOIL,2022-01-04,2022-01-04,2022-01-04,2022,0.01833029204269257,16859.12587864033,0.0,4135.0,309.0327009399932
HEATOIL,2022-01-11,2022-01-11,2022-01-11,2022,0.054772489654118586,17086.82800980361,0.0,7527.0,935.8881103886719
HEATOIL,2022-01-18,2022-01-18,2022-01-18,2022,0.03828069709158258,15721.5175407405,0.0,151.0,601.8306507970893
HEATOIL,2022-01-25,2022-01-25,2022-01-25,2022,0.0035052996342786052,15622.51157810957,0.0,4513.0,54.76158412126075
HEATOIL,2022-02-01,2022-02-01,2022-02-01,2022,0.03864590540229945,13116.03498904457,0.0,2349.0,506.8810474398662
HEATOIL,2022-02-08,2022-02-08,2022-02-08,2022,0.016520652324720022,11959.64351892616,0.0,-10150.0,197.58111250377019
HEATOIL,2022-02-15,2022-02-15,2022-02-15,2022,0.024424949540381036,11297.831779065238,0.0,311.0,275.9489711193818
HEATOIL,2022-02-22,2022-02-22,2022-02-22,2022,0.009433352880571354,11186.788593288145,0.0,-1869.0,105.5289244008375
HEATOIL,2022-03-01,2022-03-01,2022-03-01,2022,0.11433223975974283,9712.056725375942,0.0,1129.0,1110.401198085905
HEATOIL,2022-03-08,2022-03-08,2022-03-08,2022,0.308375920125612,9514.566618562378,0.0,-10895.0,2934.063235595606
HEATOIL,2022-03-15,2022-03-15,2022-03-15,2022,-0.3392278130765186,5232.282768652945,0.0,-1221.0,-1774.9358410080906
HEATOIL,2022-03-22,2022-03-22,2022-03-22,2022,0.19938607063675184,11012.973134438062,0.0,-2708.0,2195.8334393037176
HEATOIL,2022-03-29,2022-03-29,2022-03-29,2022,-0.059172592367885385,9349.952620015623,0.0,1546.0,-553.2609350432265
HEATOIL,2022-04-05,2022-04-05,2022-04-05,2022,0.015538368148662357,9039.56040699228,0.0,1160.0,140.46001750591816
HEATOIL,2022-04-12,2022-04-12,2022-04-12,2022,0.015016024456464105,8902.65387974194,0.0,-621.0,133.68246838564002
HEATOIL,2022-04-19,2022-04-19,2022-04-19,2022,0.07220884853092685,8959.069723709856,0.0,885.0,646.9241086573776
HEATOIL,2022-04-26,2022-04-26,2022-04-26,2022,0.06496299494054825,8882.392885840665,0.0,1271.0,577.0268441028289
HEATOIL,2022-05-03,2022-05-03,2022-05-03,2022,0.06281800511646618,9103.814856482284,0.0,335.0,571.8834882338649
HEATOIL,2022-05-10,2022-05-10,2022-05-10,2022,-0.016710627916761367,10616.574200332987,0.0,2625.0,-177.4096212124529
HEATOIL,2022-05-17,2022-05-17,2022-05-17,2022,0.003662461195675759,9738.99351662583,0.0,1834.0,35.6686858395799
HEATOIL,2022-05-24,2022-05-24,2022-05-24,2022,-0.010480421499702686,9262.981243633167,0.0,-2461.0,-97.07994777711576
HEATOIL,2022-05-31,2022-05-31,2022-05-31,2022,0.0740063254774807,9459.494321844857,0.0,2508.0,700.0624156348312
HEATOIL,2022-06-07,2022-06-07,2022-06-07,2022,0.08960101793178132,9784.608062911017,0.0,679.0,876.7108425003421
HEATOIL,2022-06-14,2022-06-14,2022-06-14,2022,0.013643871363631543,9922.971697981968,0.0,408.0,135.38774939222245
HEATOIL,2022-06-21,2022-06-21,2022-06-21,2022,-0.008003243998830123,9879.632756308616,0.0,-3672.0,-79.06911156757243
HEATOIL,2022-06-28,2022-06-28,2022-06-28,2022,-0.027943346985939033,9980.006552481007,0.0,-2242.0,-278.87478601792196
HEATOIL,2022-07-05,2022-07-05,2022-07-05,2022,-0.1328827118313365,10087.041496276248,0.0,-262.0,-1340.39342838041
HEATOIL,2022-07-12,2022-07-12,2022-07-12,2022,0.007343767617127461,9633.978955491144,0.0,173.0,70.7497026774233
HEATOIL,2022-07-19,2022-07-19,2022-07-19,2022,0.0004764640850238311,9667.58315032893,0.0,1075.0,4.60625616011328
HEATOIL,2022-07-26,2022-07-26,2022-07-26,2022,-0.012207134654959872,9368.907305848095,0.0,8656.0,-114.36751305232502
HEATOIL,2022-08-02,2022-08-02,2022-08-02,2022,-0.039926772256307475,9325.336624266201,0.0,3386.0,-372.33059161047976
HEATOIL,2022-08-09,2022-08-09,2022-08-09,2022,-0.011232182167958293,8974.361838476598,0.0,2261.0,-100.80166701094225
HEATOIL,2022-08-16,2022-08-16,2022-08-16,2022,0.042276934612366424,8961.715179945548,0.0,210.0,378.87384667720954
HEATOIL,2022-08-23,2022-08-23,2022-08-23,2022,0.09931872900647898,8748.638240483835,0.0,-416.0,868.9036305823331
HEATOIL,2022-08-30,2022-08-30,2022-08-30,2022,-0.007042747018857987,8436.228100753448,0.0,2593.0,-59.41422030698732
HEATOIL,2022-09-06,2022-09-06,2022-09-06,2022,-0.057416575231853895,7535.797628300995,0.0,-8255.0,-432.6796914573702
HEATOIL,2022-09-13,2022-09-13,2022-09-13,2022,-0.005083836956937093,6142.7531707064045,0.0,-3534.0,-31.22875558657973
HEATOIL,2022-09-20,2022-09-20,2022-09-20,2022,-0.055455323295783954,5916.392857095208,0.0,-3169.0,-328.09547863508163
HEATOIL,2022-09-27,2022-09-27,2022-09-27,2022,-0.043644527389854915,6190.70477967388,0.0,-3626.0,-270.19038431898235
HEATOIL,2022-10-04,2022-10-04,2022-10-04,2022,0.09899714169940982,6479.10790000352,0.0,5601.0,641.413162862414
HEATOIL,2022-10-11,2022-10-11,2022-10-11,2022,0.066619994024057,6880.055350620182,0.0,6314.0,458.3492463434979
HEATOIL,2022-10-18,2022-10-18,2022-10-18,2022,0.0016822717388349506,7725.796028106621,0.0,4541.0,12.99688831808708
HEATOIL,2022-10-25,2022-10-25,2022-10-25,2022,-0.012979631426463523,7725.972545581193,0.0,-4591.0,-100.28027605262004
HEATOIL,2022-11-01,2022-11-01,2022-11-01,2022,0.016292531376142505,7605.778619621029,0.0,1460.0,123.91738680016945
HEATOIL,2022-11-08,2022-11-08,2022-11-08,2022,0.03537059403801224,7559.973089832827,0.0,4479.0,267.40073909877395
HEATOIL,2022-11-15,2022-11-15,2022-11-15,2022,-0.023678241317931392,4541.232634860483,0.0,-1788.0,-107.52840220909194
HEATOIL,2022-11-22,2022-11-22,2022-11-22,2022,-0.04174362292223699,4665.102568581929,0.0,2482.0,-194.73828251644326
HEATOIL,2022-11-29,2022-11-29,2022-11-29,2022,-0.03706761448373491,4239.113087518632,0.0,1072.0,-157.13380968109587
HEATOIL,2022-12-06,2022-12-06,2022-12-06,2022,-0.0958046513952528,4283.938657387213,0.0,-10220.0,-410.4212496696293
HEATOIL,2022-12-13,2022-12-13,2022-12-13,2022,0.058035556258700216,6206.5681014976535,0.0,-6535.0,360.20163222792127
HEATOIL,2022-12-20,2022-12-20,2022-12-20,2022,-0.00995327261078005,5324.9537819691695,0.0,5337.0,-53.00071663174338
HEATOIL,2022-12-27,2022-12-27,2022-12-27,2022,0.08961876128913077,5229.046075761874,0.0,-158.0,468.6206320335694
HEATOIL,2023-01-03,2023-01-03,2023-01-03,2023,-0.06409562325024609,5102.301507027554,0.0,-2095.0,-327.035195103601
HEATOIL,2023-01-10,2023-01-10,2023-01-10,2023,0.004824578058468476,5607.2083774114635,0.0,-977.0,27.052414506919973
HEATOIL,2023-01-17,2023-01-17,2023-01-17,2023,0.05061094925217058,5713.683075147105,0.0,715.0,289.1749241592561
HEATOIL,2023-01-24,2023-01-24,2023-01-24,2023,0.04826261076496041,5745.655857273272,0.0,8499.0,277.3003522289949
HEATOIL,2023-01-31,2023-01-31,2023-01-31,2023,-0.05595995154616329,6594.121265393343,0.0,-3357.0,-369.0067065009364
HEATOIL,2023-02-07,2023-02-07,2023-02-07,2023,-0.06394624051086595,6694.892483145596,0.0,-9447.0,-428.11320492161684
HEATOIL,2023-02-14,2023-02-14,2023-02-14,2023,0.02035287148091358,7857.2855990469225,0.0,3471.0,159.9183239862351
HEATOIL,2023-02-21,2023-02-21,2023-02-21,2023,-0.04752575037279616,8026.600841590671,0.0,-49.0,-381.4702279395138
HEATOIL,2023-02-28,2023-02-28,2023-02-28,2023,0.011471304455154319,8454.780792721009,0.0,-4599.0,96.98736457489368
HEATOIL,2023-03-07,2023-03-07,2023-03-07,2023,-0.0008717762993092903,8538.407104167256,0.0,444.0,-7.443580947267085
HEATOIL,2023-03-14,2023-03-14,2023-03-14,2023,-0.047441049196536356,8238.333724083384,0.0,3705.0,-390.8351955017244
HEATOIL,2023-03-21,2023-03-21,2023-03-21,2023,-0.019780526408675503,7754.861673016144,0.0,-5881.0,-153.39524611872133
HEATOIL,2023-03-28,2023-03-28,2023-03-28,2023,0.02805319046719923,7142.8205763430615,0.0,5311.0,200.37890610118168
HEATOIL,2023-04-04,2023-04-04,2023-04-04,2023,0.012164074703239103,7594.427928508051,0.0,-2734.0,92.37918865073732
HEATOIL,2023-04-11,2023-04-11,2023-04-11,2023,-0.0002668343927244021,7514.672212324697,0.0,4225.0,-2.0051729962986
HEATOIL,2023-04-18,2023-04-18,2023-04-18,2023,-0.01594807554716987,7508.1588760530585,0.0,-3245.0,-119.7406849754482
HEATOIL,2023-04-25,2023-04-25,2023-04-25,2023,-0.053221817216839384,7629.882221747581,0.0,-6013.0,-406.0761969918621
HEATOIL,2023-05-02,2023-05-02,2023-05-02,2023,-0.06795941434834352,8227.658089301654,0.0,-10467.0,-559.1468252073514
HEATOIL,2023-05-09,2023-05-09,2023-05-09,2023,0.04288140422738068,9583.313354499101,0.0,2447.0,410.9459337919315
HEATOIL,2023-05-16,2023-05-16,2023-05-16,2023,-0.01907794324801032,9659.574306047994,0.0,7189.0,-184.28481041072232
HEATOIL,2023-05-23,2023-05-23,2023-05-23,2023,0.0024685065309853482,9330.858333764108,0.0,-1259.0,23.033284736595768
HEATOIL,2023-05-30,2023-05-30,2023-05-30,2023,-0.03613938667969285,9462.370996472097,0.0,1888.0,-341.9642843482157
HEATOIL,2023-06-06,2023-06-06,2023-06-06,2023,0.040402842615088086,9390.23252051394,0.0,6923.0,379.39208664540666
HEATOIL,2023-06-13,2023-06-13,2023-06-13,2023,0.005564234732858997,10048.71925555736,0.0,-578.0,55.91343270252127
HEATOIL,2023-06-20,2023-06-20,2023-06-20,2023,0.024006468921485835,10024.21408867625,0.0,-3877.0,240.64598398212684
HEATOIL,2023-06-27,2023-06-27,2023-06-27,2023,-0.027079832039493823,9593.221379573,0.0,6446.0,-259.7828236765181
HEATOIL,2023-07-04,2023-07-03,2023-07-03,2023,0.003765285930020512,9217.099562957705,0.0,2133.0,34.705015300002856
HEATOIL,2023-07-11,2023-07-11,2023-07-11,2023,0.0806934806107521,9161.215201321937,0.0,4972.0,739.2503412187991
HEATOIL,2023-07-18,2023-07-18,2023-07-18,2023,0.0075066131782444145,9639.91390440142,0.0,-5360.0,72.36310475192126
HEATOIL,2023-07-25,2023-07-25,2023-07-25,2023,0.06683436868526932,9548.22112991506,0.0,6169.0,638.1493312852219
HEATOIL,2023-08-01,2023-08-01,2023-08-01,2023,0.08672306197809543,9492.380894970054,0.0,3625.0,823.208336674177
HEATOIL,2023-08-08,2023-08-08,2023-08-08,2023,0.022818450361660858,10007.392730333144,0.0,4688.0,228.35319426675258
HEATOIL,2023-08-15,2023-08-15,2023-08-15,2023,-0.015652350200885734,10405.040726497096,0.0,-345.0,-162.86334130561107
HEATOIL,2023-08-22,2023-08-22,2023-08-22,2023,0.03315401229122927,10368.719774465148,0.0,5373.0,343.7646628469295
HEATOIL,2023-08-29,2023-08-29,2023-08-29,2023,0.01909365881557956,10820.435807093318,0.0,-1066.0,206.60170953652008
HEATOIL,2023-09-05,2023-09-05,2023-09-05,2023,0.01627559174895976,10378.085895413076,0.0,-971.0,168.90948916938075
HEATOIL,2023-09-12,2023-09-12,2023-09-12,2023,0.03444198053501879,10345.207130983317,0.0,-2083.0,356.309422636065
HEATOIL,2023-09-19,2023-09-19,2023-09-19,2023,0.011454878974766602,10454.479885399825,0.0,1496.0,119.75480183138681
HEATOIL,2023-09-26,2023-09-26,2023-09-26,2023,-0.03750555617470919,10392.831542038688,0.0,2180.0,-389.78892721422153
HEATOIL,2023-10-03,2023-10-03,2023-10-03,2023,0.01738401158910796,10544.715544419207,0.0,1536.0,183.30945722803037
HEATOIL,2023-10-10,2023-10-10,2023-10-10,2023,-0.05413920333237687,10156.77706921027,0.0,-7466.0,-549.8798189515976
HEATOIL,2023-10-17,2023-10-17,2023-10-17,2023,0.04303250174653661,10918.269823796474,0.0,3895.0,469.84046526167975
HEATOIL,2023-10-24,2023-10-24,2023-10-24,2023,-0.030156714480928715,11509.990684801971,0.0,-3842.0,-347.10350275972223
HEATOIL,2023-10-31,2023-10-31,2023-10-31,2023,-0.0178804252778485,11711.484992965043,0.0,-308.0,-209.40633230935552
HEATOIL,2023-11-07,2023-11-07,2023-11-07,2023,-0.027545844132125574,11447.420472195074,0.0,-3406.0,-315.32886004198883
HEATOIL,2023-11-14,2023-11-14,2023-11-14,2023,0.00025190276686448687,11626.73003795026,0.0,5837.0,2.9288054661461107
HEATOIL,2023-11-21,2023-11-21,2023-11-21,2023,0.025927509815826033,11509.640210393427,0.0,-1643.0,298.4163095316016
HEATOIL,2023-11-28,2023-11-28,2023-11-28,2023,-0.012595646967898166,11245.003413251947,0.0,3705.0,-141.6380931461314
HEATOIL,2023-12-05,2023-12-05,2023-12-05,2023,-0.06424590790348961,9204.781856740641,0.0,-7286.0,-591.3695674398713
HEATOIL,2023-12-12,2023-12-12,2023-12-12,2023,-0.04897637622326517,10193.797352783035,0.0,-10012.0,-499.2552542936265
HEATOIL,2023-12-19,2023-12-19,2023-12-19,2023,0.0809385998048136,11193.634910016435,0.0,-1224.0,905.997136343011
HEATOIL,2023-12-26,2023-12-26,2023-12-26,2023,-0.016004539437568854,10694.441157332643,0.0,1332.0,-171.1596052652898
HEATOIL,2024-01-02,2024-01-02,2024-01-02,2024,-0.046451350273730874,10542.320686552295,0.0,201.0,-489.70503090903964
HEATOIL,2024-01-09,2024-01-09,2024-01-09,2024,0.042218587925757,10318.45977841296,0.0,6787.0,435.63080141331466
HEATOIL,2024-01-16,2024-01-16,2024-01-16,2024,0.0048719766455377345,10075.01061053794,0.0,-3014.0,49.08521639808571
HEATOIL,2024-01-23,2024-01-23,2024-01-23,2024,0.019066246092193095,10062.193769327901,0.0,-5902.0,191.8482626333378
HEATOIL,2024-01-30,2024-01-30,2024-01-30,2024,0.04162365553265768,9777.826004787714,0.0,7059.0,406.9888614815462
HEATOIL,2024-02-06,2024-02-06,2024-02-06,2024,-0.012056753015165844,10210.367098891456,0.0,-6863.0,-123.1038743055097
HEATOIL,2024-02-13,2024-02-13,2024-02-13,2024,0.054153646940325206,10753.027366559545,0.0,10060.0,582.3156475483205
HEATOIL,2024-02-20,2024-02-20,2024-02-20,2024,-0.05441493359193017,11851.366250402587,0.0,-4290.0,-644.8913074892993
HEATOIL,2024-02-27,2024-02-27,2024-02-27,2024,0.007067955917318458,12314.032149540128,0.0,1750.0,87.03503639739188
HEATOIL,2024-03-05,2024-03-05,2024-03-05,2024,-0.03079106729133707,12409.718681760902,0.0,-7523.0,-382.1084829966627
HEATOIL,2024-03-12,2024-03-12,2024-03-12,2024,0.008704830934898489,25560.912549537068,0.0,-5768.0,222.50342228544528
HEATOIL,2024-03-19,2024-03-19,2024-03-19,2024,0.057914775262039475,35584.56987571853,0.0,312.0,2060.8723671485786
HEATOIL,2024-03-26,2024-03-26,2024-03-26,2024,-0.045838634351382024,44387.87412067267,0.0,-7614.0,-2034.6795314526873
HEATOIL,2024-04-02,2024-04-02,2024-04-02,2024,0.034638219821835015,46791.46498890798,0.0,2323.0,1620.7730500714915
HEATOIL,2024-04-09,2024-04-09,2024-04-09,2024,-0.010816139938482183,46875.22617922418,0.0,2883.0,-507.00900600249224
HEATOIL,2024-04-16,2024-04-16,2024-04-16,2024,-0.006787059444692822,46795.3477630114,0.0,-5531.0,-317.60280700263166
HEATOIL,2024-04-23,2024-04-23,2024-04-23,2024,-0.027386432565604468,47847.442669842414,0.0,31.0,-1310.370762114265
HEATOIL,2024-04-30,2024-04-30,2024-04-30,2024,-0.022842044432502706,48257.81196438339,0.0,-5455.0,-1102.3070851058062
HEATOIL,2024-05-07,2024-05-07,2024-05-07,2024,-0.023757494918886346,49616.04908763732,0.0,4665.0,-1178.7530340947592
HEATOIL,2024-05-14,2024-05-14,2024-05-14,2024,-0.018113856412434848,49206.796316342574,0.0,1054.0,-891.3248429901573
HEATOIL,2024-05-21,2024-05-21,2024-05-21,2024,0.01783144461381364,48998.77665554832,0.0,4957.0,873.7189720780347
HEATOIL,2024-05-28,2024-05-28,2024-05-28,2024,0.0020154795600475506,49262.46742887975,0.0,1486.0,99.28749618041535
HEATOIL,2024-06-04,2024-06-04,2024-06-04,2024,-0.08243809880557629,49712.64070363485,0.0,-15693.0,-4098.215586212363
HEATOIL,2024-06-11,2024-06-11,2024-06-11,2024,0.05543150597398511,56452.365599403034,0.0,-4646.0,3129.2396409689004
HEATOIL,2024-06-18,2024-06-18,2024-06-18,2024,0.03982346595295033,54266.37544633641,0.0,4616.0,2161.075154977198
HEATOIL,2024-06-25,2024-06-25,2024-06-25,2024,-0.003713804592469949,54632.17643073394,0.0,-7103.0,-202.89322772508822
HEATOIL,2024-07-02,2024-07-02,2024-07-02,2024,0.03833352866864914,54660.977771403275,0.0,11953.0,2095.348158456481
HEATOIL,2024-07-09,2024-07-09,2024-07-09,2024,-0.03847444615640039,61950.6492362681,0.0,-6626.0,-2383.5169183948437
HEATOIL,2024-07-16,2024-07-16,2024-07-16,2024,-0.02292181533787685,62864.43411856495,0.0,-3384.0,-1440.9669501858707
HEATOIL,2024-07-23,2024-07-23,2024-07-23,2024,-0.023253547100879568,63107.187014315685,0.0,-4982.0,-1467.4659456414051
HEATOIL,2024-07-30,2024-07-30,2024-07-30,2024,-0.02858650921938405,64189.60132244258,0.0,-637.0,-1834.9566299925912
HEATOIL,2024-08-06,2024-08-06,2024-08-06,2024,-0.026283693665680063,65312.4562727674,0.0,-8897.0,-1716.6525932265426
HEATOIL,2024-08-13,2024-08-13,2024-08-13,2024,0.041755652972850055,66536.92897785686,0.0,4160.0,2778.2929162785617
HEATOIL,2024-08-20,2024-08-20,2024-08-20,2024,-0.05599774383732198,67460.83966561199,0.0,-4460.0,-3777.65481864559
HEATOIL,2024-08-27,2024-08-27,2024-08-27,2024,0.013463375705069225,71722.07556969725,0.0,4475.0,965.6212497422009
HEATOIL,2024-09-03,2024-09-03,2024-09-03,2024,-0.045836223244508645,72116.84201899795,0.0,-3879.0,-3305.5636704717517
HEATOIL,2024-09-10,2024-09-10,2024-09-10,2024,-0.0689767985802463,70908.60920875784,0.0,-14885.0,-4891.048854997888
HEATOIL,2024-09-17,2024-09-17,2024-09-17,2024,0.03589740488276122,74680.26521039272,0.0,-6642.0,2680.827717009455
HEATOIL,2024-09-24,2024-09-24,2024-09-24,2024,0.022719888234711882,73091.5371085208,0.0,3367.0,1660.6315540088888
HEATOIL,2024-10-01,2024-10-01,2024-10-01,2024,-0.009593285314591637,73204.14063247398,0.0,1996.0,-702.2682072968137
HEATOIL,2024-10-08,2024-10-08,2024-10-08,2024,0.0548057977278647,74031.77217296883,0.0,21523.0,4057.3703311470927
HEATOIL,2024-10-15,2024-10-15,2024-10-15,2024,-0.04887890885427881,79301.42958040573,0.0,-3982.0,-3876.1673484746616
HEATOIL,2024-10-22,2024-10-22,2024-10-22,2024,0.02122859121002324,79287.97040180831,0.0,-3520.0,1683.1719115324108
HEATOIL,2024-10-29,2024-10-29,2024-10-29,2024,-0.047153837357191364,78348.84295738905,0.0,199.0,-3694.448597936851
HEATOIL,2024-11-05,2024-11-05,2024-11-05,2024,0.07297444184204993,77243.52042212298,0.0,10479.0,5636.802788719409
HEATOIL,2024-11-12,2024-11-12,2024-11-12,2024,-0.04135172712579199,78930.0997619052,0.0,-4192.0,-3263.8959473658438
HEATOIL,2024-11-19,2024-11-19,2024-11-19,2024,0.014448597399150998,79161.64559773842,0.0,-4150.0,1143.7747466959963
HEATOIL,2024-11-26,2024-11-26,2024-11-26,2024,-0.0017780153148327926,80118.57006139749,0.0,-2374.0,-142.4520445716688
HEATOIL,2024-12-03,2024-12-03,2024-12-03,2024,-0.011441351013757206,81017.27819109631,0.0,-555.0,-926.9471179635493
HEATOIL,2024-12-10,2024-12-10,2024-12-10,2024,-0.012465315634760221,79537.95065591455,0.0,-18998.0,-991.4656598679586
HEATOIL,2024-12-17,2024-12-17,2024-12-17,2024,0.018080405742317174,85024.607137061,0.0,14597.0,1537.2793951191795
HEATOIL,2024-12-24,2024-12-24,2024-12-24,2024,-0.002781143855153101,86895.6980764261,0.0,13200.0,-241.66943674449158
HEATOIL,2024-12-31,2024-12-31,2024-12-31,2024,0.039718160292509186,91361.87525223145,0.0,6015.0,3628.7256058923567
HEATOIL,2025-01-07,2025-01-07,2025-01-07,2025,0.023390612176676873,93622.87728386553,0.0,2754.0,2189.8964134115095
HEATOIL,2025-01-14,2025-01-14,2025-01-14,2025,0.06190861302742651,93757.64089887048,0.0,9440.0,5804.405508772589
HEATOIL,2025-01-21,2025-01-21,2025-01-21,2025,-0.0062225456205048935,96611.68214796006,0.0,4135.0,-601.1705996393997
HEATOIL,2025-01-28,2025-01-28,2025-01-28,2025,-0.03972019354294848,95161.92739832784,0.0,-3378.0,-3779.8501741815935
HEATOIL,2025-02-04,2025-02-04,2025-02-04,2025,0.01669298694624738,95804.87565021918,0.0,6579.0,1599.2695386159621
HEATOIL,2025-02-11,2025-02-11,2025-02-11,2025,0.029688548327005515,94899.20481566504,0.0,7887.0,2817.419628364266
HEATOIL,2025-02-18,2025-02-18,2025-02-18,2025,-0.02633199570849326,95731.77153711369,0.0,-2087.0,-2520.808597281735
HEATOIL,2025-02-25,2025-02-25,2025-02-25,2025,-0.022535687682684713,97161.9386370267,0.0,5573.0,-2189.6111037682103
HEATOIL,2025-03-04,2025-03-04,2025-03-04,2025,-0.0239503241965639,96391.30158368869,0.0,-4024.0,-2308.602922658107
HEATOIL,2025-03-11,2025-03-11,2025-03-11,2025,-0.029499050230343382,96682.79165672035,0.0,-10824.0,-2852.0505274914176
HEATOIL,2025-03-18,2025-03-18,2025-03-18,2025,-0.0018526243083101246,101135.90873487717,0.0,-15739.0,-187.36684296526772
HEATOIL,2025-03-25,2025-03-25,2025-03-25,2025,0.03918326901858843,100795.27450490944,0.0,7650.0,3949.488356728334
HEATOIL,2025-04-01,2025-04-01,2025-04-01,2025,0.018793235646391238,101327.63451208963,0.0,-101.0,1904.2741128771058
HEATOIL,2025-04-08,2025-04-08,2025-04-08,2025,-0.12215142436652338,101402.1802786919,0.0,-1437.0,-12386.420754913202
HEATOIL,2025-04-15,2025-04-15,2025-04-15,2025,0.016619236993642816,92870.33963960789,0.0,-2149.0,1543.4341841507444
HEATOIL,2025-04-22,2025-04-22,2025-04-22,2025,0.03129178535161564,92299.03781594982,0.0,-2549.0,2888.201679497357
HEATOIL,2025-04-29,2025-04-29,2025-04-29,2025,-0.02002419790940574,90821.5169190602,0.0,1177.0,-1818.6280292197032
HEATOIL,2025-05-06,2025-05-06,2025-05-06,2025,-0.02465949454512706,88484.86152302337,0.0,-10244.0,-2181.991960053318
HEATOIL,2025-05-13,2025-05-13,2025-05-13,2025,0.06638242823749746,90202.83270782107,0.0,3633.0,5987.883069045921
HEATOIL,2025-05-20,2025-05-20,2025-05-20,2025,-0.017702090423158567,90291.88054168955,0.0,19778.0,-1598.35503382602
HEATOIL,2025-05-27,2025-05-27,2025-05-27,2025,-0.019821728763172897,87853.72366884872,0.0,5088.0,-1741.412681398662
HEATOIL,2025-06-03,2025-06-03,2025-06-03,2025,0.021578627001127004,88165.28045703082,0.0,-2480.0,1902.4857014320203
HEATOIL,2025-06-10,2025-06-10,2025-06-10,2025,0.018026198464601184,86645.9918365688,0.0,9584.0,1561.8978450082034
HEATOIL,2025-06-17,2025-06-17,2025-06-17,2025,0.14990384594570788,87636.71877530188,0.0,-353.0,13137.08119048018
HEATOIL,2025-06-24,2025-06-24,2025-06-24,2025,-0.093910972998967,76828.17809010914,0.0,13048.0,-7215.008958180068
HEATOIL,2025-07-01,2025-07-01,2025-07-01,2025,0.028664483485098202,67636.00088473926,0.0,-1059.0,1938.751030358696
HEATOIL,2025-07-08,2025-07-08,2025-07-08,2025,0.044328350433948116,67126.97228006751,0.0,6534.0,2975.6279508007538
HEATOIL,2025-07-15,2025-07-15,2025-07-15,2025,-0.006453798278743261,68213.77511738904,0.0,7243.0,-440.2379444391853
HEATOIL,2025-07-22,2025-07-22,2025-07-22,2025,0.017710641065722288,68182.86265764851,0.0,-1291.0,1207.5622073630525
HEATOIL,2025-07-29,2025-07-29,2025-07-29,2025,0.01153993217352367,67309.29876234407,0.0,2042.0,776.7447423648913
HEATOIL,2025-08-05,2025-08-05,2025-08-05,2025,-0.08341532985741001,68548.51546220588,0.0,-14969.0,-5717.997028515674
HEATOIL,2025-08-12,2025-08-12,2025-08-12,2025,-0.00329680419785211,72596.12217992895,0.0,611.0,-239.33520035057444
HEATOIL,2025-08-19,2025-08-19,2025-08-19,2025,0.0012041477650768795,72651.57377159424,0.0,4376.0,87.48323018638324
HEATOIL,2025-08-26,2025-08-26,2025-08-26,2025,0.014864899442744828,72109.28629313824,0.0,1571.0,1071.8972896355979
HEATOIL,2025-09-02,2025-09-02,2025-09-02,2025,0.03984813691533079,72424.39767340009,0.0,6329.0,2885.9773145000113
HEATOIL,2025-09-09,2025-09-09,2025-09-09,2025,-0.021752088632025046,73420.347657948,0.0,-13550.0,-1597.0459096497775
HEATOIL,2025-09-16,2025-09-16,2025-09-16,2025,0.03195023854248913,75853.00445852411,0.0,-1818.0,2423.5215866143367
HEATOIL,2025-09-23,2025-09-23,2025-09-23,2025,-0.026855236156311357,75028.44362398163,0.0,-2483.0,-2014.9065719625198
HEATOIL,2025-09-30,2025-09-30,2025-09-30,2025,0.0009470512976466061,76187.94891232767,0.0,10947.0,72.15389588245326
HEATOIL,2025-10-07,2025-10-07,2025-10-07,2025,-0.021709412974180442,76226.42883534961,0.0,-14121.0,-1654.8310231335809
HEATOIL,2025-10-14,2025-10-14,2025-10-14,2025,-0.033749899702881225,76756.17422204684,0.0,-6494.0,-2590.5131815709583
HEATOIL,2025-10-21,2025-10-21,2025-10-21,2025,0.003989824375067452,77385.33358188457,0.0,-204.0,308.75389019772894
HEATOIL,2025-10-28,2025-10-28,2025-10-28,2025,0.0784888864942615,77102.42523252619,0.0,14483.0,6051.683502508032
HEATOIL,2025-11-04,2025-11-04,2025-11-04,2025,0.03027206343826072,81019.03785392812,0.0,6682.0,2452.613453620959
HEATOIL,2025-11-11,2025-11-10,2025-11-10,2025,0.021531834021373708,81568.930692482,0.0,5560.0,1756.328676971458
HEATOIL,2025-11-18,2025-11-18,2025-11-18,2025,0.06484590508667454,82029.94826071589,0.0,-17.0,5319.3062391792055
HEATOIL,2025-11-25,2025-11-25,2025-11-25,2025,-0.123830545524797,80635.07151798261,0.0,-16702.0,-9985.084894502806
HEATOIL,2025-12-02,2025-12-02,2025-12-02,2025,0.0007599765003005743,85248.47139810056,0.0,-717.0,64.78683494910207
HEATOIL,2025-12-09,2025-12-09,2025-12-09,2025,-0.018140986977508322,84630.5320101518,0.0,-1268.0,-1535.281379095765
HEATOIL,2025-12-16,2025-12-16,2025-12-16,2025,-0.05742831902101514,83067.84069192714,0.0,-7514.0,-4770.446455642855
HEATOIL,2025-12-23,2025-12-23,2025-12-23,2025,0.029240897951877343,87426.4359314474,0.0,-9294.0,2556.427491367796
HEATOIL,2025-12-30,2025-12-30,2025-12-30,2025,-0.01165884960370328,85783.69973666902,0.0,467.0,-1000.1392536790648
RBOB,2015-01-06,2015-01-06,2015-01-06,2015,-0.08087685260903593,71718.68058122987,0.0,86.0,-5800.381158682656
RBOB,2015-01-13,2015-01-13,2015-01-13,2015,-0.06181554925649485,65850.81002839044,0.0,-6033.0,-4070.603990890054
RBOB,2015-01-20,2015-01-20,2015-01-20,2015,0.028816514620209233,66986.71837066567,0.0,2329.0,1930.3237492881256
RBOB,2015-01-27,2015-01-27,2015-01-27,2015,0.031410815994611596,66890.4965231357,0.0,13610.0,2101.085078076422
RBOB,2015-02-03,2015-02-03,2015-02-03,2015,0.13702852949065641,68477.79205391032,0.0,152.0,9383.411147914288
RBOB,2015-02-10,2015-02-10,2015-02-10,2015,-0.013973881799225207,56862.24032799969,0.0,1530.0,-794.5862251826044
RBOB,2015-02-17,2015-02-17,2015-02-17,2015,0.02276574730450298,56620.47892422134,0.0,-9780.0,1289.0075154487597
RBOB,2015-02-24,2015-02-24,2015-02-24,2015,-0.00912101137472543,54534.7575850362,0.0,-5521.0,-497.41214425100907
RBOB,2015-03-03,2015-03-03,2015-03-03,2015,0.06792261378966669,54699.6794128717,0.0,1038.0,3715.345199179066
RBOB,2015-03-10,2015-03-10,2015-03-10,2015,-0.07034273937178692,52586.87413084715,0.0,-7152.0,-3699.104781363145
RBOB,2015-03-17,2015-03-17,2015-03-17,2015,-0.04847000342392416,54803.83926024415,0.0,-4321.0,-2656.3422765882233
RBOB,2015-03-24,2015-03-24,2015-03-24,2015,0.04093325397742387,56142.39495292843,0.0,-3375.0,2298.0909115090594
RBOB,2015-03-31,2015-03-31,2015-03-31,2015,-0.015528523484495738,54144.340235495125,0.0,-4085.0,-840.7816588994135
RBOB,2015-04-07,2015-04-07,2015-04-07,2015,0.052242624669433524,54309.619713512235,0.0,1287.0,2837.2770786326873
RBOB,2015-04-14,2015-04-14,2015-04-14,2015,-0.007748826331100855,50927.098886944856,0.0,-8995.0,-394.62524482173535
RBOB,2015-04-21,2015-04-21,2015-04-21,2015,0.029110313585306025,48149.92869818191,0.0,7619.0,1401.6595235142013
RBOB,2015-04-28,2015-04-28,2015-04-28,2015,0.05364443297521371,47510.540034623125,0.0,2356.0,2548.6759805035476
RBOB,2015-05-05,2015-05-05,2015-05-05,2015,0.03492599716428213,48494.279500017714,0.0,-647.0,1693.7110683015237
RBOB,2015-05-12,2015-05-12,2015-05-12,2015,-0.009598036563440382,48299.50097034829,0.0,-902.0,-463.58037630932705
RBOB,2015-05-19,2015-05-19,2015-05-19,2015,-0.024456454875280365,48331.585791201716,0.0,-196.0,-1182.0192469532665
RBOB,2015-05-26,2015-05-26,2015-05-26,2015,0.000352902627745566,48119.81798289364,0.0,-1627.0,16.98161021280151
RBOB,2015-06-02,2015-06-02,2015-06-02,2015,0.04003478366868818,48200.8092052139,0.0,3869.0,1929.7089691864524
RBOB,2015-06-09,2015-06-09,2015-06-09,2015,0.005155536423588347,48852.054241730584,0.0,-7574.0,251.85854501035564
RBOB,2015-06-16,2015-06-16,2015-06-16,2015,0.018294820580571747,48469.71033910957,0.0,7789.0,886.744654246293
RBOB,2015-06-23,2015-06-23,2015-06-23,2015,-0.017609419594178166,48618.03287382414,0.0,-7553.0,-856.135340718717
RBOB,2015-06-30,2015-06-30,2015-06-30,2015,0.0029809194502351533,44002.39535618328,0.0,-2881.0,131.16759617418373
RBOB,2015-07-07,2015-07-07,2015-07-07,2015,-0.0599716120902557,44145.6464682579,0.0,-9331.0,-2647.4855854679295
RBOB,2015-07-14,2015-07-14,2015-07-14,2015,-0.006819782412500808,44709.20331092409,0.0,4663.0,-304.907038416763
RBOB,2015-07-21,2015-07-21,2015-07-21,2015,0.002136182387765584,37388.50231806642,0.0,4396.0,79.86866015678619
RBOB,2015-07-28,2015-07-28,2015-07-28,2015,-0.069640873186807,38413.453557930945,0.0,-2615.0,-2675.1464478951693
RBOB,2015-08-04,2015-08-04,2015-08-04,2015,-0.03294866314457956,39207.01525453355,0.0,1384.0,-1291.8187385260183
RBOB,2015-08-11,2015-08-11,2015-08-11,2015,0.0026620540144928206,38446.19770912968,0.0,-993.0,102.34585495357335
RBOB,2015-08-18,2015-08-18,2015-08-18,2015,-0.014932146606307373,39472.379938973965,0.0,1308.0,-589.4073641486253
RBOB,2015-08-25,2015-08-25,2015-08-25,2015,-0.1362432128937302,39263.6410031286,0.0,6302.0,-5349.4046001722445
RBOB,2015-09-01,2015-09-01,2015-09-01,2015,0.0751993298915965,28353.004921642667,0.0,-5382.0,2132.126970520666
RBOB,2015-09-08,2015-09-08,2015-09-08,2015,0.00668898815079666,25144.446995769515,0.0,-384.0,168.19090801303696
RBOB,2015-09-15,2015-09-15,2015-09-15,2015,-0.04293775773961894,23578.636415268873,0.0,514.0,-1012.413778229372
RBOB,2015-09-22,2015-09-22,2015-09-22,2015,0.055610738408214955,20936.960175287626,0.0,65.0,1164.3198153711346
RBOB,2015-09-29,2015-09-29,2015-09-29,2015,-0.03502232636178748,20516.456030516067,0.0,1033.0,-718.5340188879966
RBOB,2015-10-06,2015-10-06,2015-10-06,2015,0.07085760980169253,19638.52138917345,0.0,6530.0,1391.538685676245
RBOB,2015-10-13,2015-10-13,2015-10-13,2015,-0.07099117662085985,21787.875775850778,0.0,-6664.0,-1546.7469373967765
RBOB,2015-10-20,2015-10-20,2015-10-20,2015,-0.023225663627921944,24218.563124566917,0.0,-4166.0,-562.4922006827854
RBOB,2015-10-27,2015-10-27,2015-10-27,2015,-0.008723476147423359,24697.46932410661,0.0,-1110.0,-215.4477845505641
RBOB,2015-11-03,2015-11-03,2015-11-03,2015,0.11264481503212809,24840.29231745161,0.0,6003.0,2798.130133443329
RBOB,2015-11-10,2015-11-10,2015-11-10,2015,-0.061118521293893835,26299.22913322589,0.0,-2654.0,-1607.3699957920596
RBOB,2015-11-17,2015-11-17,2015-11-17,2015,-0.09268264260935632,26544.10054776893,0.0,-16927.0,-2460.177384455687
RBOB,2015-11-24,2015-11-24,2015-11-24,2015,0.10060362269213752,33026.64655119773,0.0,16355.0,3322.600288423281
RBOB,2015-12-01,2015-12-01,2015-12-01,2015,0.0029631251676964787,38903.23383951418,0.0,9926.0,115.27515129464577
RBOB,2015-12-08,2015-12-08,2015-12-08,2015,-0.11101875906702546,38832.05700322406,0.0,-8473.0,-4311.0867805179305
RBOB,2015-12-15,2015-12-15,2015-12-15,2015,0.028891615743742494,41043.27812217835,0.0,6834.0,1185.8066203695298
RBOB,2015-12-22,2015-12-22,2015-12-22,2015,-0.058305500950035616,41612.97525830776,0.0,-2074.0,-2426.2653684570714
RBOB,2015-12-29,2015-12-29,2015-12-29,2015,0.08049017414533649,40542.71414097513,0.0,6971.0,3263.2901215316842
RBOB,2016-01-05,2016-01-05,2016-01-05,2016,-0.020086050335055783,42171.08155666947,0.0,-1256.0,-847.0504668310056
RBOB,2016-01-12,2016-01-12,2016-01-12,2016,-0.14799109268442623,41378.04585039532,0.0,-10083.0,-6123.582218546292
RBOB,2016-01-19,2016-01-19,2016-01-19,2016,-0.05273141624923888,43054.25981172264,0.0,3009.0,-2270.3120954348237
RBOB,2016-01-26,2016-01-26,2016-01-26,2016,0.014897503501923093,41899.29211017847,0.0,-2783.0,624.1948509394823
RBOB,2016-02-02,2016-02-02,2016-02-02,2016,-0.03445708573763415,41724.155779730696,0.0,-3040.0,-1437.692813032584
RBOB,2016-02-09,2016-02-09,2016-02-09,2016,-0.08766220682060796,41923.39082694835,0.0,-24.0,-3675.096957293125
RBOB,2016-02-16,2016-02-16,2016-02-16,2016,0.06504332090643059,41079.867410923645,0.0,9857.0,2671.9709988023264
RBOB,2016-02-23,2016-02-23,2016-02-23,2016,0.014534899538983986,41522.110177464456,0.0,-3634.0,603.5197000760704
RBOB,2016-03-01,2016-03-01,2016-03-01,2016,0.06964298544291458,41861.824579574015,0.0,5495.0,2915.382439809117
RBOB,2016-03-08,2016-03-08,2016-03-08,2016,0.0633485857877309,42491.26879558711,0.0,3431.0,2691.7617865267825
RBOB,2016-03-15,2016-03-15,2016-03-15,2016,0.012229790082892156,42647.36290794494,0.0,4506.0,521.5682959530877
RBOB,2016-03-22,2016-03-22,2016-03-22,2016,0.058215174312093054,42767.87817582071,0.0,-4521.0,2489.739482963763
RBOB,2016-03-29,2016-03-29,2016-03-29,2016,-0.030067450585114286,41213.97707613278,0.0,3265.0,-1239.1992191526554
RBOB,2016-04-05,2016-04-05,2016-04-05,2016,-0.07396777670100646,40793.31329222886,0.0,-10171.0,-3017.390688493783
RBOB,2016-04-12,2016-04-12,2016-04-12,2016,0.10779079029568633,43210.59762369793,0.0,-1202.0,4657.704467007306
RBOB,2016-04-19,2016-04-19,2016-04-19,2016,-0.032249207175693684,39968.20367241019,0.0,2655.0,-1288.9428806718774
RBOB,2016-04-26,2016-04-26,2016-04-26,2016,0.05284738954014445,39432.48011187743,0.0,2279.0,2083.9036370063855
RBOB,2016-05-03,2016-05-03,2016-05-03,2016,-0.04135118869262577,39766.66534899429,0.0,-2399.0,-1644.398882522766
RBOB,2016-05-10,2016-05-10,2016-05-10,2016,-0.014921195962974698,38543.420492028024,0.0,-8047.0,-575.1139302448848
RBOB,2016-05-17,2016-05-17,2016-05-17,2016,0.09100663689730931,39588.43232378628,0.0,8944.0,3602.8100858245207
RBOB,2016-05-24,2016-05-24,2016-05-24,2016,0.01086010977083618,41330.216262215465,0.0,-2613.0,448.8506854600585
RBOB,2016-05-31,2016-05-31,2016-05-31,2016,-0.026785677700372656,41153.44354584409,0.0,-5276.0,-1102.3228750794613
RBOB,2016-06-07,2016-06-07,2016-06-07,2016,-0.009722125685811323,41545.61633734172,0.0,-3491.0,-403.9117037261325
RBOB,2016-06-14,2016-06-14,2016-06-14,2016,-0.040057736706471836,41744.62786231326,0.0,-8562.0,-1672.1953118181927
RBOB,2016-06-21,2016-06-21,2016-06-21,2016,0.0441824847581237,42274.60724971535,0.0,3418.0,1867.797190466214
RBOB,2016-06-28,2016-06-28,2016-06-28,2016,-0.05348183140643559,42326.49600907281,0.0,733.0,-2263.698523582401
RBOB,2016-07-05,2016-07-05,2016-07-05,2016,-0.057153972104468764,41868.305284461654,0.0,-6389.0,-2392.9399522895037
RBOB,2016-07-12,2016-07-12,2016-07-12,2016,-0.001736051267587968,42559.05863018036,0.0,-263.0,-73.88470768227526
RBOB,2016-07-19,2016-07-19,2016-07-19,2016,-0.03796489929320174,40881.92397412336,0.0,-381.0,-1552.0781265899232
RBOB,2016-07-26,2016-07-26,2016-07-26,2016,-0.030491954790129117,40568.11907565731,0.0,-6534.0,-1237.0012527755173
RBOB,2016-08-02,2016-08-02,2016-08-02,2016,-0.033213368313907865,41069.30538118649,0.0,802.0,-1364.0499660217051
RBOB,2016-08-09,2016-08-09,2016-08-09,2016,0.04453052443438038,40887.522415892956,0.0,3032.0,1820.7428160021968
RBOB,2016-08-16,2016-08-16,2016-08-16,2016,0.07061398726382195,41001.41152812399,0.0,-541.0,2895.27315144567
RBOB,2016-08-23,2016-08-23,2016-08-23,2016,0.04098050243277379,40018.86893759702,0.0,17123.0,1639.9933558540502
RBOB,2016-08-30,2016-08-30,2016-08-30,2016,-0.032285113167041246,42491.74347093755,0.0,1167.0,-1371.8507466241049
RBOB,2016-09-06,2016-09-06,2016-09-06,2016,-0.04084676681341998,42187.52158625311,0.0,-5282.0,-1723.2238566698024
RBOB,2016-09-13,2016-09-13,2016-09-13,2016,0.030549362344842512,42648.480830536166,0.0,9098.0,1302.8838943491191
RBOB,2016-09-20,2016-09-20,2016-09-20,2016,-0.017945748539198392,43361.346999720736,0.0,861.0,-778.151829577913
RBOB,2016-09-27,2016-09-27,2016-09-27,2016,0.027680338685441508,43278.54848097624,0.0,1468.0,1197.9648797677226
RBOB,2016-10-04,2016-10-04,2016-10-04,2016,0.09513092253839162,43253.75153407113,0.0,7855.0,4114.769286682558
RBOB,2016-10-11,2016-10-11,2016-10-11,2016,0.0050234305624108355,45375.65142613869,0.0,5815.0,227.94143416336593
RBOB,2016-10-18,2016-10-18,2016-10-18,2016,0.010373956288826425,47366.12968527608,0.0,3331.0,491.37415892593776
RBOB,2016-10-25,2016-10-25,2016-10-25,2016,-0.004230891775112544,47292.12970513613,0.0,654.0,-200.0878825970161
RBOB,2016-11-01,2016-11-01,2016-11-01,2016,-0.026012946491712152,47280.810367243015,0.0,1324.0,-1229.9131901678818
RBOB,2016-11-08,2016-11-08,2016-11-08,2016,-0.058697947152347774,47256.94206979546,0.0,-2290.0,-2773.8854881944144
RBOB,2016-11-15,2016-11-15,2016-11-15,2016,-0.018811189366095604,47153.95104034074,0.0,-14012.0,-887.0219023794505
RBOB,2016-11-22,2016-11-22,2016-11-22,2016,0.055333417542549834,48712.57499458709,0.0,-8835.0,2695.43325174826
RBOB,2016-11-29,2016-11-29,2016-11-29,2016,-0.02615792840861808,46741.14746027945,0.0,5221.0,-1222.6515890026506
RBOB,2016-12-06,2016-12-06,2016-12-06,2016,0.11182988249561965,48816.746262488225,0.0,18347.0,5459.170998352538
RBOB,2016-12-13,2016-12-13,2016-12-13,2016,0.012443236684334336,54526.65956326421,0.0,-1995.0,678.4881305518189
RBOB,2016-12-20,2016-12-20,2016-12-20,2016,0.02660617961480427,57104.36270890873,0.0,4042.0,1519.3289310221567
RBOB,2016-12-27,2016-12-27,2016-12-27,2016,0.030923999210226816,57418.620202525504,0.0,7827.0,1775.613365795212
RBOB,2017-01-03,2017-01-03,2017-01-03,2017,-0.022073777252956894,58126.226029470236,0.0,11175.0,-1283.065365929551
RBOB,2017-01-10,2017-01-10,2017-01-10,2017,-0.041635085326306775,58498.11206564047,0.0,1837.0,-2435.573887280797
RBOB,2017-01-17,2017-01-17,2017-01-17,2017,0.033863421818091655,57405.417866305455,0.0,195.0,1943.9438798505166
RBOB,2017-01-24,2017-01-24,2017-01-24,2017,-0.01610141300335932,57143.047807417235,0.0,-2240.0,-920.0838130179312
RBOB,2017-01-31,2017-01-31,2017-01-31,2017,-0.03280855192833332,55973.37062472112,0.0,-5153.0,-1836.4052367450097
RBOB,2017-02-07,2017-02-07,2017-02-07,2017,-0.025701881267294002,60020.716843129776,0.0,-7306.0,-1542.6453378799947
RBOB,2017-02-14,2017-02-14,2017-02-14,2017,0.02315555084917298,60663.64558162215,0.0,587.0,1404.7001299614594
RBOB,2017-02-21,2017-02-21,2017-02-21,2017,-0.0235615244664642,61497.829535919096,0.0,-8386.0,-1448.9826152450025
RBOB,2017-02-28,2017-02-28,2017-02-28,2017,0.003185361625396954,61916.448664328855,0.0,-1730.0,197.22627955621363
RBOB,2017-03-07,2017-03-07,2017-03-07,2017,-0.028131819043791695,62668.90493165877,0.0,-8608.0,-1762.9902932100094
RBOB,2017-03-14,2017-03-14,2017-03-14,2017,-0.0634884350628494,62667.30913313582,0.0,-2255.0,-3978.649386462603
RBOB,2017-03-21,2017-03-21,2017-03-21,2017,0.009382155869669007,62043.81218178053,0.0,-7982.0,582.1047166379336
RBOB,2017-03-28,2017-03-28,2017-03-28,2017,0.011926126478136512,62634.80082642384,0.0,-2831.0,746.99055658882
RBOB,2017-04-04,2017-04-04,2017-04-04,2017,0.05236906086621035,62302.19759689701,0.0,10411.0,3262.7075780505634
RBOB,2017-04-11,2017-04-11,2017-04-11,2017,0.023017300173445387,64046.060784048204,0.0,5458.0,1474.1674059931665
RBOB,2017-04-18,2017-04-18,2017-04-18,2017,-0.023832580908098533,64140.34406123593,0.0,-508.0,-1528.6299393126826
RBOB,2017-04-25,2017-04-25,2017-04-25,2017,-0.0541028240660702,63439.99327864181,0.0,-12546.0,-3432.2827951070335
RBOB,2017-05-02,2017-05-02,2017-05-02,2017,-0.07221904874118579,65445.606066521104,0.0,-23623.0,-4726.419414414532
RBOB,2017-05-09,2017-05-09,2017-05-09,2017,-0.016010971490766635,70725.7898182822,0.0,-17531.0,-1132.3886044424694
RBOB,2017-05-16,2017-05-16,2017-05-16,2017,0.07001922200878408,71662.47407847598,0.0,7637.0,5017.750682199544
RBOB,2017-05-23,2017-05-23,2017-05-23,2017,0.03346436589599211,72446.91880381964,0.0,10004.0,2424.3901988882517
RBOB,2017-05-30,2017-05-30,2017-05-30,2017,-0.019328102219854926,73343.8542179223,0.0,6799.0,-1417.5975115221402
RBOB,2017-06-06,2017-06-06,2017-06-06,2017,-0.042956459819691095,72648.80848450008,0.0,266.0,-3120.7356226128613
RBOB,2017-06-13,2017-06-13,2017-06-13,2017,-0.03330789044240101,72280.88160357928,0.0,-16765.0,-2407.5236855321778
RBOB,2017-06-20,2017-06-20,2017-06-20,2017,-0.05164564279329592,73544.58351093237,0.0,-8559.0,-3798.2572893873344
RBOB,2017-06-27,2017-06-27,2017-06-27,2017,0.022923839567915827,74017.04203034386,0.0,884.0,1696.7547967952853
RBOB,2017-07-04,2017-07-03,2017-07-03,2017,0.057080097003863184,73984.41656380497,0.0,10145.0,4223.0376742362105
RBOB,2017-07-11,2017-07-11,2017-07-11,2017,-0.017457297138455563,74139.3640610291,0.0,16454.0,-1294.2729080695185
RBOB,2017-07-18,2017-07-18,2017-07-18,2017,0.02743683402559216,73184.60972631292,0.0,8585.0,2007.9539902885854
RBOB,2017-07-25,2017-07-25,2017-07-25,2017,0.020046931945290836,73779.01668474526,0.0,12947.0,1479.0429264695654
RBOB,2017-08-01,2017-08-01,2017-08-01,2017,0.05604937320091946,75207.69694253178,0.0,16781.0,4215.344273513613
RBOB,2017-08-08,2017-08-08,2017-08-08,2017,-0.012294836936834697,78115.63391442077,0.0,2410.0,-960.4189811952776
RBOB,2017-08-15,2017-08-15,2017-08-15,2017,-0.02498556032584498,77981.96864709572,0.0,-7632.0,-1948.423181960162
RBOB,2017-08-22,2017-08-22,2017-08-22,2017,0.007621376641970601,78606.48779098493,0.0,-2652.0,599.0896499575598
RBOB,2017-08-29,2017-08-29,2017-08-29,2017,0.06472581628405277,87162.28293872364,0.0,12121.0,5641.649912390454
RBOB,2017-09-05,2017-09-05,2017-09-05,2017,0.09420445079727346,92103.52161275678,0.0,16040.0,8676.56167002456
RBOB,2017-09-12,2017-09-12,2017-09-12,2017,0.007337986452912948,94646.92704234284,0.0,3025.0,694.5178684465519
RBOB,2017-09-19,2017-09-19,2017-09-19,2017,0.0034932354155007284,95427.9518070237,0.0,2559.0,333.3523008809919
RBOB,2017-09-26,2017-09-26,2017-09-26,2017,0.02654533746727905,96534.3648514947,0.0,-913.0,2562.5372921723683
RBOB,2017-10-03,2017-10-03,2017-10-03,2017,-0.048873175283049686,96765.22084470463,0.0,-5115.0,-4729.223599646262
RBOB,2017-10-10,2017-10-10,2017-10-10,2017,0.010850246860354518,96922.29845334365,0.0,-4275.0,1051.6308644917356
RBOB,2017-10-17,2017-10-17,2017-10-17,2017,0.023216000657770852,96760.65980063302,0.0,1418.0,2246.395541577838
RBOB,2017-10-24,2017-10-24,2017-10-24,2017,0.03719575389180452,96517.55537437632,0.0,6482.0,3590.043235943916
RBOB,2017-10-31,2017-10-31,2017-10-31,2017,0.03470796720256042,96916.57374400175,0.0,12348.0,3363.7772628913413
RBOB,2017-11-07,2017-11-07,2017-11-07,2017,0.04610320681799818,100347.35995297258,0.0,11039.0,4626.3350895520025
RBOB,2017-11-14,2017-11-14,2017-11-14,2017,-0.02267184859454996,102375.38151601632,0.0,10028.0,-2321.0391495404106
RBOB,2017-11-21,2017-11-21,2017-11-21,2017,0.006708382178691741,98378.7151426012,0.0,-6872.0,659.9620194252171
RBOB,2017-11-28,2017-11-28,2017-11-28,2017,0.002094241603114999,95366.80171182546,0.0,-4263.0,199.7211237009236
RBOB,2017-12-05,2017-12-05,2017-12-05,2017,-0.026383542336110732,95203.68267112959,0.0,-8179.0,-2511.810392307399
RBOB,2017-12-12,2017-12-12,2017-12-12,2017,-0.012070012487902737,96934.59200355594,0.0,-8141.0,-1170.001735992677
RBOB,2017-12-19,2017-12-19,2017-12-19,2017,-0.0011682926733361798,96787.46108496982,0.0,-1566.0,-113.07608165638086
RBOB,2017-12-26,2017-12-26,2017-12-26,2017,0.04675909565611447,97755.38717627384,0.0,7190.0,4570.9534998758945
RBOB,2018-01-02,2018-01-02,2018-01-02,2018,-0.014170063941666311,98671.74067649219,0.0,1927.0,-1398.184874621411
RBOB,2018-01-09,2018-01-09,2018-01-09,2018,0.037499583167037165,98518.45259084656,0.0,10489.0,3694.4009064182587
RBOB,2018-01-16,2018-01-16,2018-01-16,2018,-5.3967996990977873e-05,103317.4725941687,0.0,4164.0,-5.575837050077536
RBOB,2018-01-23,2018-01-23,2018-01-23,2018,0.029041504870243262,105676.00713999823,0.0,12220.0,3068.9902760241202
RBOB,2018-01-30,2018-01-30,2018-01-30,2018,-0.019480791803753394,107419.99511258806,0.0,2661.0,-2092.6265603485353
RBOB,2018-02-06,2018-02-06,2018-02-06,2018,-0.024431226992314592,107050.20952126726,0.0,329.0,-2615.3679683889172
RBOB,2018-02-13,2018-02-13,2018-02-13,2018,-0.06438110332525337,111169.96581113036,0.0,-19841.0,-7157.245055551269
RBOB,2018-02-20,2018-02-20,2018-02-20,2018,0.035996308948525124,114725.53012620629,0.0,-9706.0,4129.695626706248
RBOB,2018-02-27,2018-02-27,2018-02-27,2018,0.025365620342759798,112421.45983693082,0.0,8415.0,2851.6400686024062
RBOB,2018-03-06,2018-03-06,2018-03-06,2018,-0.02632863762619797,114122.77418046814,0.0,-10200.0,-3004.6971662939677
RBOB,2018-03-13,2018-03-13,2018-03-13,2018,-0.024692612590371588,116577.76089493884,0.0,-301.0,-2878.609486431695
RBOB,2018-03-20,2018-03-20,2018-03-20,2018,0.03876514381028029,116000.91642392908,0.0,9542.0,4496.792207297915
RBOB,2018-03-27,2018-03-27,2018-03-27,2018,0.02297340843880924,120903.71160894861,0.0,6196.0,2777.5703485603785
RBOB,2018-04-03,2018-04-03,2018-04-03,2018,-0.02317597534806315,122553.29383416245,0.0,-2410.0,-2840.2921167244886
RBOB,2018-04-10,2018-04-10,2018-04-10,2018,0.031240105132349427,122008.42695034169,0.0,-4222.0,3811.5560849612493
RBOB,2018-04-17,2018-04-17,2018-04-17,2018,0.0024458261960217387,130222.36813153983,0.0,9290.0,318.50127928410654
RBOB,2018-04-24,2018-04-24,2018-04-24,2018,0.0254692524472081,131772.3905414441,0.0,13425.0,3356.1442802721367
RBOB,2018-05-01,2018-05-01,2018-05-01,2018,-0.004763326662894918,135032.04557416786,0.0,1326.0,-643.2017430286754
RBOB,2018-05-08,2018-05-08,2018-05-08,2018,0.013240810704255424,135831.79524811165,0.0,836.0,1798.5230884994278
RBOB,2018-05-15,2018-05-15,2018-05-15,2018,0.04215538479114744,135160.90328878904,0.0,10652.0,5697.759886857968
RBOB,2018-05-22,2018-05-22,2018-05-22,2018,0.0264557404703768,138674.31638911102,0.0,7699.0,3668.731724297241
RBOB,2018-05-29,2018-05-29,2018-05-29,2018,-0.057506696472223395,139704.17688530992,0.0,-13649.0,-8033.925696045325
RBOB,2018-06-05,2018-06-05,2018-06-05,2018,-0.01513325449549241,141588.51313827035,0.0,-16905.0,-2142.695002959816
RBOB,2018-06-12,2018-06-12,2018-06-12,2018,-0.008907251688292983,142943.59145489524,0.0,-17934.0,-1273.234546317278
RBOB,2018-06-19,2018-06-19,2018-06-19,2018,-0.025232707426829815,143178.44654334578,0.0,1834.0,-3612.779851456237
RBOB,2018-06-26,2018-06-26,2018-06-26,2018,0.014496556329175125,143117.464947787,0.0,-7732.0,2074.7103923043405
RBOB,2018-07-03,2018-07-03,2018-07-03,2018,0.029038463671927417,145242.2603941641,0.0,3705.0,4217.612102084557
RBOB,2018-07-10,2018-07-10,2018-07-10,2018,0.019396091883449484,145908.10938514862,0.0,6307.0,2830.0470961747405
RBOB,2018-07-17,2018-07-17,2018-07-17,2018,-0.06887269603064061,146382.4103422622,0.0,-8060.0,-10081.751251735128
RBOB,2018-07-24,2018-07-24,2018-07-24,2018,0.030328515988808258,146776.19844514786,0.0,11061.0,4451.504281320161
RBOB,2018-07-31,2018-07-31,2018-07-31,2018,0.010533533807733142,147722.8780128821,0.0,14868.0,1556.0439297243324
RBOB,2018-08-07,2018-08-07,2018-08-07,2018,0.008458530437404632,150006.11417333255,0.0,-989.0,1268.8312825319279
RBOB,2018-08-14,2018-08-14,2018-08-14,2018,-0.029585533823927146,151011.7474628922,0.0,-14167.0,-4467.763162373742
RBOB,2018-08-21,2018-08-21,2018-08-21,2018,-0.007247353080316654,158800.2611676311,0.0,-9757.0,-1150.8815619283205
RBOB,2018-08-28,2018-08-28,2018-08-28,2018,0.032992364724538925,156076.2628534489,0.0,6164.0,5149.324988903993
RBOB,2018-09-04,2018-09-04,2018-09-04,2018,0.011481949017193127,157784.98987507794,0.0,-3745.0,1811.6792094239786
RBOB,2018-09-11,2018-09-11,2018-09-11,2018,0.0078025112056223644,157664.553321919,0.0,-8039.0,1230.1794440237177
RBOB,2018-09-18,2018-09-18,2018-09-18,2018,-0.0008026085206371825,156153.69486667291,0.0,4180.0,-125.33028602897035
RBOB,2018-09-25,2018-09-25,2018-09-25,2018,0.03102862429939468,156618.10109063567,0.0,12066.0,4859.64421722595
RBOB,2018-10-02,2018-10-02,2018-10-02,2018,0.03570304545783931,158873.77819158562,0.0,5615.0,5672.277724832861
RBOB,2018-10-09,2018-10-09,2018-10-09,2018,-0.021358554103878657,164314.72492178317,0.0,2155.0,-3509.5249423058444
RBOB,2018-10-16,2018-10-16,2018-10-16,2018,-0.05009691582427278,163164.44648873858,0.0,-14548.0,-8174.035541260398
RBOB,2018-10-23,2018-10-23,2018-10-23,2018,-0.07324316619421212,165501.2713794854,0.0,-10972.0,-12121.837125001051
RBOB,2018-10-30,2018-10-30,2018-10-30,2018,-0.01765382554493511,164918.6637920815,0.0,-10966.0,-2911.445319689213
RBOB,2018-11-06,2018-11-06,2018-11-06,2018,-0.06668484465874303,167063.97766145616,0.0,-5075.0,-11140.635398425919
RBOB,2018-11-13,2018-11-13,2018-11-13,2018,-0.09651429529575739,167335.16174501268,0.0,-4920.0,-16150.235214021479
RBOB,2018-11-20,2018-11-20,2018-11-20,2018,-0.03487682859759311,158408.60734013893,0.0,-5727.0,-5524.789846585456
RBOB,2018-11-27,2018-11-27,2018-11-27,2018,-0.05217609548715857,165293.77907373,0.0,326.0,-8624.384000384229
RBOB,2018-12-04,2018-12-04,2018-12-04,2018,0.02933519241798377,163789.89089560023,0.0,-2671.0,4804.807965543
RBOB,2018-12-11,2018-12-11,2018-12-11,2018,-0.0078279641872267,162113.71057993028,0.0,6972.0,-1269.0203206781282
RBOB,2018-12-18,2018-12-18,2018-12-18,2018,-0.06634370561501174,162003.85587764689,0.0,2762.0,-10747.936122843394
RBOB,2018-12-25,2018-12-24,2018-12-24,2018,-0.08261612109699035,155488.12451079997,0.0,-608.0,-12845.825723728163
RBOB,2019-01-01,2018-12-31,2018-12-31,2018,0.04975445661298955,147728.90506350837,0.0,2567.0,7350.171397466779
RBOB,2019-01-08,2019-01-08,2019-01-08,2019,0.0469010405966373,148287.87764602585,0.0,-2590.0,6954.855769465444
RBOB,2019-01-15,2019-01-15,2019-01-15,2019,0.03733081653505116,147499.6461997816,0.0,-240.0,5506.282231269002
RBOB,2019-01-22,2019-01-22,2019-01-22,2019,-0.00808980529563369,147141.28709583613,0.0,-3099.0,-1190.3443635542521
RBOB,2019-01-29,2019-01-29,2019-01-29,2019,-0.03127945108329849,147262.25253496115,0.0,-2671.0,-4606.282424583667
RBOB,2019-02-05,2019-02-05,2019-02-05,2019,0.02190205704516912,146771.14681824722,0.0,7988.0,3214.590030198143
RBOB,2019-02-12,2019-02-12,2019-02-12,2019,0.003902746164780868,146866.08651264536,0.0,1828.0,573.1810558736018
RBOB,2019-02-19,2019-02-19,2019-02-19,2019,0.07070608921278149,147352.41860071605,0.0,7283.0,10418.71325530135
RBOB,2019-02-26,2019-02-26,2019-02-26,2019,-0.0067048398684174115,145079.4644863894,0.0,9340.0,-972.7345775769916
RBOB,2019-03-05,2019-03-05,2019-03-05,2019,0.023105810927843806,144660.91678179102,0.0,-1521.0,3342.5077918086104
RBOB,2019-03-12,2019-03-12,2019-03-12,2019,0.018719209548148874,143041.8272890836,0.0,6765.0,2677.6299391744756
RBOB,2019-03-19,2019-03-19,2019-03-19,2019,0.03407447707719813,146568.6671244204,0.0,12022.0,4994.250688166546
RBOB,2019-03-26,2019-03-26,2019-03-26,2019,0.01661150190176197,148815.46721121256,0.0,6049.0,2472.0484165906537
RBOB,2019-04-02,2019-04-02,2019-04-02,2019,0.011345950829721008,149599.80814198262,0.0,-116.0,1697.3520673146313
RBOB,2019-04-09,2019-04-09,2019-04-09,2019,0.02936236486370203,148513.6639982464,0.0,7302.0,4360.712389561759
RBOB,2019-04-16,2019-04-16,2019-04-16,2019,0.01920622134610428,148788.33151143655,0.0,10152.0,2857.6616287261927
RBOB,2019-04-23,2019-04-23,2019-04-23,2019,0.036139968806499834,150271.15549157374,0.0,-2789.0,5430.794871982161
RBOB,2019-04-30,2019-04-30,2019-04-30,2019,-0.007327452761884512,146488.33270319813,0.0,3620.0,-1073.3863380499065
RBOB,2019-05-07,2019-05-07,2019-05-07,2019,-0.0569212036619412,139336.53990443016,0.0,-8058.0,-7931.203565450266
RBOB,2019-05-14,2019-05-14,2019-05-14,2019,0.01513966964698632,137632.33054461965,0.0,728.0,2083.7080171903663
RBOB,2019-05-21,2019-05-21,2019-05-21,2019,0.02396689591333334,138518.6507454042,0.0,-5679.0,3319.862084470476
RBOB,2019-05-28,2019-05-28,2019-05-28,2019,-0.031172279634603894,135574.78822708596,0.0,-10557.0,-4226.175210016927
RBOB,2019-06-04,2019-06-04,2019-06-04,2019,-0.11312245139513333,138387.53670291984,0.0,-8971.0,-15654.73739436828
RBOB,2019-06-11,2019-06-11,2019-06-11,2019,0.015838559085373016,135032.51535804724,0.0,-7459.0,2138.7204729449704
RBOB,2019-06-18,2019-06-18,2019-06-18,2019,-0.014366888473916761,131165.69863702354,0.0,1285.0,-1884.442963921493
RBOB,2019-06-25,2019-06-25,2019-06-25,2019,0.08109193080204613,130199.40878234615,0.0,10300.0,10558.12144744533
RBOB,2019-07-02,2019-07-02,2019-07-02,2019,0.010493756303963875,130382.64783950738,0.0,5542.0,1368.2037326933325
RBOB,2019-07-09,2019-07-09,2019-07-09,2019,0.028844771507887557,129622.96874708054,0.0,2054.0,3738.944915683588
RBOB,2019-07-16,2019-07-16,2019-07-16,2019,-0.016024432797590804,131528.72486793215,0.0,5631.0,-2107.6732125989893
RBOB,2019-07-23,2019-07-23,2019-07-23,2019,-0.0168365188397126,129737.4927292562,0.0,-9010.0,-2184.3277405531985
RBOB,2019-07-30,2019-07-30,2019-07-30,2019,0.017486784387715226,129101.11327751387,0.0,-1865.0,2257.5633320978845
RBOB,2019-08-06,2019-08-06,2019-08-06,2019,-0.09582567001604492,124840.8844580692,0.0,-7613.0,-11962.961398590129
RBOB,2019-08-13,2019-08-13,2019-08-13,2019,0.033977483879107595,122410.11558762348,0.0,-15391.0,4159.187729018175
RBOB,2019-08-20,2019-08-20,2019-08-20,2019,-0.026326535580244337,117290.20565817408,0.0,-5181.0,-3087.8447724740954
RBOB,2019-08-27,2019-08-27,2019-08-27,2019,-0.006155061707280529,117828.07388110935,0.0,-377.0,-725.2390655882372
RBOB,2019-09-03,2019-09-03,2019-09-03,2019,-0.039428279686879786,115855.24583127387,0.0,-18839.0,-4567.973035827679
RBOB,2019-09-10,2019-09-10,2019-09-10,2019,0.07947086154809524,116420.28643044819,0.0,9220.0,9252.02046430374
RBOB,2019-09-17,2019-09-17,2019-09-17,2019,0.04680886768110726,116295.03180578505,0.0,8017.0,5443.638755767152
RBOB,2019-09-24,2019-09-24,2019-09-24,2019,-0.01367876726211259,117049.62362493631,0.0,4025.0,-1601.0945596833792
RBOB,2019-10-01,2019-10-01,2019-10-01,2019,-0.0368060331382446,117249.14049813246,0.0,-5429.0,-4315.47575060496
RBOB,2019-10-08,2019-10-08,2019-10-08,2019,-0.0005883314436739839,117728.89323534879,0.0,-1890.0,-69.26360971929307
RBOB,2019-10-15,2019-10-15,2019-10-15,2019,0.026520249608173563,118143.20082942164,0.0,9419.0,3133.1871755048396
RBOB,2019-10-22,2019-10-22,2019-10-22,2019,-0.0008918902292185393,119475.9315427336,0.0,4478.0,-106.55941596974718
RBOB,2019-10-29,2019-10-29,2019-10-29,2019,0.04523290224341803,118931.61262944268,0.0,22690.0,5379.622007719641
RBOB,2019-11-05,2019-11-05,2019-11-05,2019,0.02337665833128255,122303.0890873208,0.0,3755.0,2859.0375264547097
RBOB,2019-11-12,2019-11-12,2019-11-12,2019,-0.02866087176599197,120741.65067206448,0.0,-8067.0,-3460.5609667262383
RBOB,2019-11-19,2019-11-19,2019-11-19,2019,-0.00704513653081229,123621.37333838477,0.0,1870.0,-870.9294532954391
RBOB,2019-11-26,2019-11-26,2019-11-26,2019,0.06027492448511074,123842.43610985375,0.0,13718.0,7464.593484573586
RBOB,2019-12-03,2019-12-03,2019-12-03,2019,-0.08084397874712346,126418.7267649783,0.0,-26138.0,-10220.192859826313
RBOB,2019-12-10,2019-12-10,2019-12-10,2019,0.05364795866319694,133857.1964780995,0.0,11604.0,7181.165343428513
RBOB,2019-12-17,2019-12-17,2019-12-17,2019,0.0202642996235729,134856.95724709093,0.0,4178.0,2732.7817879784116
RBOB,2019-12-24,2019-12-24,2019-12-24,2019,0.02194803227740738,135030.84033719206,0.0,12527.0,2963.661242166134
RBOB,2019-12-31,2019-12-31,2019-12-31,2019,-0.021593044698244523,136105.07621164626,0.0,-41.0,-2938.922994296055
RBOB,2020-01-07,2020-01-07,2020-01-07,2020,0.01763570428457628,136054.6668825076,0.0,600.0,2399.4198716764377
RBOB,2020-01-14,2020-01-14,2020-01-14,2020,-0.04068257848093537,134560.40283972656,0.0,3484.0,-5474.264148953454
RBOB,2020-01-21,2020-01-21,2020-01-21,2020,-0.00802393373250676,132256.4213385783,0.0,4949.0,-1061.2167605192453
RBOB,2020-01-28,2020-01-28,2020-01-28,2020,-0.08636730777121293,130402.89776606335,0.0,-28034.0,-11262.547205619609
RBOB,2020-02-04,2020-02-04,2020-02-04,2020,-0.039408307868603054,139831.03107353643,0.0,277.0,-5510.504322130124
RBOB,2020-02-11,2020-02-11,2020-02-11,2020,0.03216928293339172,139005.00607171044,0.0,7189.0,4471.691369478686
RBOB,2020-02-18,2020-02-18,2020-02-18,2020,0.045618546178730845,135221.44654672596,0.0,11112.0,6168.605803646603
RBOB,2020-02-25,2020-02-25,2020-02-25,2020,-0.05940936536071395,139822.87089880247,0.0,-4613.0,-8306.788023010895
RBOB,2020-03-03,2020-03-03,2020-03-03,2020,-0.0715832217158468,137755.77749633093,0.0,-25364.0,-9861.002363158717
RBOB,2020-03-10,2020-03-10,2020-03-10,2020,-0.27182699584014813,143255.00034698413,0.0,-5946.0,-38940.576383400075
RBOB,2020-03-17,2020-03-17,2020-03-17,2020,-0.47848632531091717,106767.09629355233,0.0,-13199.0,-51086.5955696187
RBOB,2020-03-24,2020-03-24,2020-03-24,2020,-0.34247072011632673,67837.44946050215,0.0,-10106.0,-23232.34016759309
RBOB,2020-03-31,2020-03-31,2020-03-31,2020,0.14929773118907236,60008.60806354268,0.0,-6067.0,8959.149035701195
RBOB,2020-04-07,2020-04-07,2020-04-07,2020,0.08127924878276588,56289.60540532754,0.0,-5029.0,4575.17684162334
RBOB,2020-04-14,2020-04-14,2020-04-14,2020,0.08677818434813273,55324.408997627695,0.0,895.0,4800.951762947629
RBOB,2020-04-21,2020-04-21,2020-04-21,2020,-0.3140221847461688,54744.14908814305,0.0,-1532.0,-17190.877298728665
RBOB,2020-04-28,2020-04-28,2020-04-28,2020,0.2120195732708055,47495.98773936501,0.0,-1234.0,10070.07905257558
RBOB,2020-05-05,2020-05-05,2020-05-05,2020,0.23140579207743206,44375.24105250492,0.0,-783.0,10268.687804381882
RBOB,2020-05-12,2020-05-12,2020-05-12,2020,0.02333979528252475,41248.56357730079,0.0,2394.0,962.7330295924072
RBOB,2020-05-19,2020-05-19,2020-05-19,2020,0.11936010796532348,40829.940415988065,0.0,-826.0,4873.46609627006
RBOB,2020-05-26,2020-05-26,2020-05-26,2020,0.009246221170734958,39800.96058511618,0.0,-1421.0,368.0084843776889
RBOB,2020-06-02,2020-06-02,2020-06-02,2020,0.04675908167963758,38992.06975655873,0.0,-7946.0,1823.233374605056
RBOB,2020-06-09,2020-06-09,2020-06-09,2020,0.08090112945658257,38144.28070613081,0.0,-2892.0,3085.9153914349135
RBOB,2020-06-16,2020-06-16,2020-06-16,2020,-0.007217287130926023,37378.79044727842,0.0,448.0,-269.7734632647231
RBOB,2020-06-23,2020-06-23,2020-06-23,2020,0.0663939475055112,37456.42354848015,0.0,4494.0,2486.8798188219844
RBOB,2020-06-30,2020-06-30,2020-06-30,2020,-0.07748494018968403,37757.83282401666,0.0,-1098.0,-2925.6634180610195
RBOB,2020-07-07,2020-07-07,2020-07-07,2020,0.052976229823468876,37500.68074751781,0.0,1114.0,1986.644681817038
RBOB,2020-07-14,2020-07-14,2020-07-14,2020,-0.02082231633145623,37318.48091071505,0.0,5034.0,-777.0572145323196
RBOB,2020-07-21,2020-07-21,2020-07-21,2020,0.027509174554532,36726.71469319399,0.0,6410.0,1010.3216053095688
RBOB,2020-07-28,2020-07-28,2020-07-28,2020,-0.020196230612608085,36545.103591124716,0.0,-1791.0,-738.0733398880067
RBOB,2020-08-04,2020-08-04,2020-08-04,2020,-0.01435181152440948,36389.457631674275,0.0,1224.0,-522.2546374052733
RBOB,2020-08-11,2020-08-11,2020-08-11,2020,0.00392482297029062,36372.7533265898,0.0,4925.0,142.7566177489142
RBOB,2020-08-18,2020-08-18,2020-08-18,2020,0.0641412886996803,35935.48689719794,0.0,11160.0,2304.9484396367516
RBOB,2020-08-25,2020-08-25,2020-08-25,2020,0.03497589204569673,36524.8923507652,0.0,9169.0,1277.490691841058
RBOB,2020-09-01,2020-09-01,2020-09-01,2020,-0.03311171874043581,36657.60106230012,0.0,-2789.0,-1213.7961760739825
RBOB,2020-09-08,2020-09-08,2020-09-08,2020,-0.10201760606300332,36775.51856462541,0.0,-12414.0,-3751.7503656886206
RBOB,2020-09-15,2020-09-15,2020-09-15,2020,0.031935944542476016,37880.78251920339,0.0,-3254.0,1209.7585697588745
RBOB,2020-09-22,2020-09-22,2020-09-22,2020,0.02111665689256803,37718.82580419244,0.0,2020.0,796.4955028976732
RBOB,2020-09-29,2020-09-29,2020-09-29,2020,0.02358742556687568,37355.25596945763,0.0,1866.0,881.1143197111702
RBOB,2020-10-06,2020-10-06,2020-10-06,2020,0.03710400295823804,37204.19581214716,0.0,1062.0,1380.4245914727755
RBOB,2020-10-13,2020-10-13,2020-10-13,2020,-0.029809981051718337,37263.781097688356,0.0,-2495.0,-1110.8326084374698
RBOB,2020-10-20,2020-10-20,2020-10-20,2020,0.007877427497713696,36570.95669637252,0.0,547.0,288.08505989770174
RBOB,2020-10-27,2020-10-27,2020-10-27,2020,-0.03798309978183034,35860.47699500564,0.0,-7832.0,-1362.0920759253308
RBOB,2020-11-03,2020-11-03,2020-11-03,2020,-0.04929509999706344,35934.702789258045,0.0,-12979.0,-1771.40476736123
RBOB,2020-11-10,2020-11-10,2020-11-10,2020,0.1057719151699491,36373.90171413724,0.0,18119.0,3847.3372465077905
RBOB,2020-11-17,2020-11-17,2020-11-17,2020,-0.030582378247247993,37983.95995864239,0.0,7397.0,-1161.6398307835236
RBOB,2020-11-24,2020-11-24,2020-11-24,2020,0.08174946578159883,37497.0009966802,0.0,487.0,3065.3597998906857
RBOB,2020-12-01,2020-12-01,2020-12-01,2020,-0.02347831196206443,37389.981477397756,0.0,-5356.0,-877.8536493821551
RBOB,2020-12-08,2020-12-08,2020-12-08,2020,0.02784179836127379,37641.79861151602,0.0,5611.0,1048.0153668975047
RBOB,2020-12-15,2020-12-15,2020-12-15,2020,0.04858725352832738,37856.37142258214,0.0,3340.0,1839.3371159715257
RBOB,2020-12-22,2020-12-21,2020-12-21,2020,0.018099030525872528,38350.77619233767,0.0,9132.0,694.1118689960249
RBOB,2020-12-29,2020-12-29,2020-12-29,2020,0.01719701375677668,38779.99476333587,0.0,5597.0,666.9001034328145
RBOB,2021-01-05,2021-01-05,2021-01-05,2021,0.04937203250003763,38842.68419374849,0.0,1940.0,1917.7422664024486
RBOB,2021-01-12,2021-01-12,2021-01-12,2021,0.06544110646091822,39088.36547743329,0.0,6906.0,2557.9858865919923
RBOB,2021-01-19,2021-01-19,2021-01-19,2021,-0.0089976980139711,39497.94792253122,0.0,814.0,-355.3906075784931
RBOB,2021-01-26,2021-01-26,2021-01-26,2021,0.023710430623704593,39459.09726331634,0.0,5037.0,935.5921881358738
RBOB,2021-02-02,2021-02-02,2021-02-02,2021,0.02102926318967946,39520.69311417556,0.0,-19114.0,831.0910569365507
RBOB,2021-02-09,2021-02-09,2021-02-09,2021,0.04340066758355193,38843.03381203278,0.0,-5645.0,1685.8135984127027
RBOB,2021-02-16,2021-02-16,2021-02-16,2021,0.04068339097312368,38461.47983598001,0.0,119.0,1564.7434215720875
RBOB,2021-02-23,2021-02-23,2021-02-23,2021,0.04141204415518318,38011.43280014091,0.0,-4170.0,1574.1311335212135
RBOB,2021-03-02,2021-03-02,2021-03-02,2021,-0.004320192951633106,37807.10255483105,0.0,-2441.0,-163.3339779790511
RBOB,2021-03-09,2021-03-09,2021-03-09,2021,0.06177879574847789,37883.878012356625,0.0,5607.0,2340.4203618856322
RBOB,2021-03-16,2021-03-16,2021-03-16,2021,0.022975092333553104,37987.65193756151,0.0,7398.0,872.7698108003532
RBOB,2021-03-23,2021-03-23,2021-03-23,2021,-0.1001939666179048,37734.47359038984,0.0,-3686.0,-3780.76658725973
RBOB,2021-03-30,2021-03-30,2021-03-30,2021,0.05165189878746135,37618.889623485156,0.0,-1874.0,1943.0870793289353
RBOB,2021-04-06,2021-04-06,2021-04-06,2021,-0.0138050111230833,37397.81136641267,0.0,1092.0,-516.277201892298
RBOB,2021-04-13,2021-04-13,2021-04-13,2021,0.008522346513682777,37161.08197679791,0.0,-7558.0,316.6996174296436
RBOB,2021-04-20,2021-04-20,2021-04-20,2021,0.020597638666717155,36873.261418611706,0.0,4674.0,759.5021151639663
RBOB,2021-04-27,2021-04-27,2021-04-27,2021,0.003901528518704289,37139.568433317334,0.0,2373.0,144.90108541495715
RBOB,2021-05-04,2021-05-04,2021-05-04,2021,0.05766851870812828,37182.73514132549,0.0,5757.0,2144.2732571169076
RBOB,2021-05-11,2021-05-11,2021-05-11,2021,-0.002105707242578081,37032.11445253984,0.0,-1802.0,-77.97879161069356
RBOB,2021-05-18,2021-05-18,2021-05-18,2021,0.009603355702941574,37033.386861432664,0.0,415.0,355.64478691498095
RBOB,2021-05-25,2021-05-25,2021-05-25,2021,-0.01519324272477518,37216.74264017383,0.0,-5984.0,-565.4430043576513
RBOB,2021-06-01,2021-06-01,2021-06-01,2021,0.023341858826153916,36972.06270513291,0.0,-953.0,862.9966681749225
RBOB,2021-06-08,2021-06-08,2021-06-08,2021,0.023239341093187926,36283.64205128456,0.0,-2357.0,843.2079337329387
RBOB,2021-06-15,2021-06-15,2021-06-15,2021,-0.019550831217182374,36345.935889948756,0.0,-8159.0,-710.5932580149193
RBOB,2021-06-22,2021-06-22,2021-06-22,2021,0.02598374662868208,36548.059933316414,0.0,8165.0,949.655529077181
RBOB,2021-06-29,2021-06-29,2021-06-29,2021,0.0050988570974218606,36064.759770837016,0.0,7169.0,183.8890563243467
RBOB,2021-07-06,2021-07-06,2021-07-06,2021,-0.004102891539431663,36042.73076895506,0.0,-14415.0,-147.879415129959
RBOB,2021-07-13,2021-07-13,2021-07-13,2021,0.03884714606106621,36077.49752153955,0.0,4216.0,1401.507815737001
RBOB,2021-07-20,2021-07-20,2021-07-20,2021,-0.08677047736659793,36325.11528636592,0.0,-19539.0,-3151.947593794675
RBOB,2021-07-27,2021-07-27,2021-07-27,2021,0.0778679529357792,37830.515460362454,0.0,9688.0,2945.784797403771
RBOB,2021-08-03,2021-08-03,2021-08-03,2021,-0.00597282708362501,38495.16193758055,0.0,948.0,-229.92494580931174
RBOB,2021-08-10,2021-08-10,2021-08-10,2021,-0.0072467495151646855,38043.011656859824,0.0,4594.0,-275.6881762797534
RBOB,2021-08-17,2021-08-17,2021-08-17,2021,-0.03738618270875571,38671.26375669881,0.0,-2581.0,-1445.7709323864246
RBOB,2021-08-24,2021-08-24,2021-08-24,2021,0.008737516842776571,38591.96367905053,0.0,-4748.0,337.1979326415257
RBOB,2021-08-31,2021-08-31,2021-08-31,2021,0.04015303053379626,38538.4835610269,0.0,8176.0,1547.4369071521185
RBOB,2021-09-07,2021-09-07,2021-09-07,2021,-0.0020345886977873873,38046.44194052698,0.0,-3641.0,-77.40886076322022
RBOB,2021-09-14,2021-09-14,2021-09-14,2021,0.02381464213648532,37469.26141754274,0.0,2756.0,892.317051777197
RBOB,2021-09-21,2021-09-21,2021-09-21,2021,-0.024979125528627355,37172.72995094344,0.0,-1111.0,-928.5422876863819
RBOB,2021-09-28,2021-09-28,2021-09-28,2021,0.04169548416670921,37252.034383939026,0.0,3165.0,1553.2416098332367
RBOB,2021-10-05,2021-10-05,2021-10-05,2021,0.08963227568421106,37154.21175582239,0.0,8746.0,3330.216550927428
RBOB,2021-10-12,2021-10-12,2021-10-12,2021,0.010643670171477382,37725.46260807303,0.0,-499.0,401.5373810667322
RBOB,2021-10-19,2021-10-19,2021-10-19,2021,0.03562031949704514,37450.63726492233,0.0,7817.0,1334.0036647444779
RBOB,2021-10-26,2021-10-26,2021-10-26,2021,0.012169201318218414,37727.53156584244,0.0,3840.0,459.1139268641766
RBOB,2021-11-02,2021-11-02,2021-11-02,2021,-0.005703630682158289,36655.03197706186,0.0,-5196.0,-209.06676503986324
RBOB,2021-11-09,2021-11-09,2021-11-09,2021,-0.019770700398690222,36608.57814504144,0.0,-4960.0,-723.777230527653
RBOB,2021-11-16,2021-11-16,2021-11-16,2021,-0.017375204802847044,36469.77542720332,0.0,8918.0,-633.6698171614962
RBOB,2021-11-23,2021-11-23,2021-11-23,2021,-0.0066930847641557545,36291.29980593169,0.0,1001.0,-242.90074580249006
RBOB,2021-11-30,2021-11-30,2021-11-30,2021,-0.16069003268434778,35456.330832060696,0.0,-12814.0,-5697.4789602708815
RBOB,2021-12-07,2021-12-07,2021-12-07,2021,0.07885316750205384,34600.028734511485,0.0,-1557.0,2728.32186137831
RBOB,2021-12-14,2021-12-14,2021-12-14,2021,0.005115345204739996,33604.77594344447,0.0,3711.0,171.90002947866063
RBOB,2021-12-21,2021-12-21,2021-12-21,2021,0.022490869984675865,33543.75103383983,0.0,8408.0,754.4281433004282
RBOB,2021-12-28,2021-12-28,2021-12-28,2021,0.04610454837663902,33443.53313353285,0.0,-2079.0,1541.8989912406953
RBOB,2022-01-04,2022-01-04,2022-01-04,2022,0.014104933668607766,33267.79951003609,0.0,7189.0,469.24010538960107
RBOB,2022-01-11,2022-01-11,2022-01-11,2022,0.033905933787026665,33376.95719496162,0.0,-1331.0,1131.676900664792
RBOB,2022-01-18,2022-01-18,2022-01-18,2022,0.03250692521158893,33508.04986430676,0.0,2938.0,1089.2436709252127
RBOB,2022-01-25,2022-01-25,2022-01-25,2022,0.009752591938134492,33625.70568573691,0.0,-824.0,327.9377861848009
RBOB,2022-02-01,2022-02-01,2022-02-01,2022,0.04255841621938239,31086.786524829884,0.0,5257.0,1323.004399846798
RBOB,2022-02-08,2022-02-08,2022-02-08,2022,0.023048111651297276,31350.439919097178,0.0,-393.0,722.5684395726389
RBOB,2022-02-15,2022-02-15,2022-02-15,2022,0.025523176313108298,31089.059849920122,0.0,905.0,793.4915559582874
RBOB,2022-02-22,2022-02-22,2022-02-22,2022,0.01582009758745828,30576.735802263815,0.0,-148.0,483.72694429774305
RBOB,2022-03-01,2022-03-01,2022-03-01,2022,0.07835462463540321,30370.572551414494,0.0,-6847.0,2379.674812228363
RBOB,2022-03-08,2022-03-08,2022-03-08,2022,0.1726629221782321,27584.574314934416,0.0,-12666.0,4762.8332082591805
RBOB,2022-03-15,2022-03-15,2022-03-15,2022,-0.20465078499856815,24395.24190833393,0.0,-6433.0,-4992.505406770507
RBOB,2022-03-22,2022-03-22,2022-03-22,2022,0.10820234495966452,23697.58387800279,0.0,3255.0,2564.1341454782428
RBOB,2022-03-29,2022-03-29,2022-03-29,2022,-0.0394725151123716,22527.43206642221,0.0,-3347.0,-889.2144026847752
RBOB,2022-04-05,2022-04-05,2022-04-05,2022,0.0025374025727784577,25550.1114649025,0.0,-1503.0,64.83091856581997
RBOB,2022-04-12,2022-04-12,2022-04-12,2022,0.0020419239459235072,26717.602902299965,0.0,3489.0,54.55531314388169
RBOB,2022-04-19,2022-04-19,2022-04-19,2022,0.028715217498322954,26987.4542388536,0.0,2861.0,774.9506181947188
RBOB,2022-04-26,2022-04-26,2022-04-26,2022,0.02510873660888424,32791.14319561295,0.0,-2445.0,823.3441776028524
RBOB,2022-05-03,2022-05-03,2022-05-03,2022,0.051961475087455744,37631.22490250226,0.0,3564.0,1955.3739552818154
RBOB,2022-05-10,2022-05-10,2022-05-10,2022,0.004727451316349107,45471.25706183838,0.0,-4490.0,214.9631540530365
RBOB,2022-05-17,2022-05-17,2022-05-17,2022,0.0947568811108459,45287.475265189234,0.0,4177.0,4291.299909513911
RBOB,2022-05-24,2022-05-24,2022-05-24,2022,-0.023199540345542058,47859.19523336735,0.0,-4416.0,-1110.31133072168
RBOB,2022-05-31,2022-05-31,2022-05-31,2022,0.05957664195275214,48188.2091013335,0.0,3311.0,2870.891679974498
RBOB,2022-06-07,2022-06-07,2022-06-07,2022,0.06042514689032097,49942.33523249926,0.0,-827.0,3017.77294246942
RBOB,2022-06-14,2022-06-14,2022-06-14,2022,-0.03501323039885329,51099.366913025355,0.0,594.0,-1789.1539069612973
RBOB,2022-06-21,2022-06-21,2022-06-21,2022,-0.038905293994521806,50827.372900699826,0.0,-3148.0,-1977.4538856709173
RBOB,2022-06-28,2022-06-28,2022-06-28,2022,0.039503776988147,50725.395960046495,0.0,-2586.0,2003.8447296411296
RBOB,2022-07-05,2022-07-05,2022-07-05,2022,-0.14760964826843037,50862.76410526814,0.0,-7970.0,-7507.834719538776
RBOB,2022-07-12,2022-07-12,2022-07-12,2022,-0.022856869900719445,51374.81237026363,0.0,1264.0,-1174.2674025209878
RBOB,2022-07-19,2022-07-19,2022-07-19,2022,0.01603240753104873,51615.2225691427,0.0,1891.0,827.5162830342799
RBOB,2022-07-26,2022-07-26,2022-07-26,2022,-0.02787068264947279,51209.5256905754,0.0,1025.0,-1427.2444391520507
RBOB,2022-08-02,2022-08-02,2022-08-02,2022,-0.019115119095039823,50927.66725164405,0.0,5959.0,-973.4884247477355
RBOB,2022-08-09,2022-08-09,2022-08-09,2022,-0.0273600425326308,50575.795714883556,0.0,-3086.0,-1383.7559218808608
RBOB,2022-08-16,2022-08-16,2022-08-16,2022,-0.017586801503920002,50669.9584028959,0.0,7851.0,-891.1225006436135
RBOB,2022-08-23,2022-08-23,2022-08-23,2022,0.031815652807280825,48419.745795226685,0.0,5493.0,1540.5058212377278
RBOB,2022-08-30,2022-08-30,2022-08-30,2022,-0.08191667841154748,47957.49206816444,0.0,-7616.0,-3928.518455172166
RBOB,2022-09-06,2022-09-06,2022-09-06,2022,-0.04848605309062792,48834.16127947879,0.0,-2878.0,-2367.775736433095
RBOB,2022-09-13,2022-09-13,2022-09-13,2022,0.028722057621310082,46314.89640906522,0.0,-5178.0,1330.2591233861788
RBOB,2022-09-20,2022-09-20,2022-09-20,2022,-0.01842893029809689,46191.93810665127,0.0,1589.0,-851.2680077014819
RBOB,2022-09-27,2022-09-27,2022-09-27,2022,-0.008310297133628186,45961.46915065465,0.0,-37.0,-381.9534653400257
RBOB,2022-10-04,2022-10-04,2022-10-04,2022,0.09747622651470134,45888.07779890634,0.0,3714.0,4472.996665850432
RBOB,2022-10-11,2022-10-11,2022-10-11,2022,-0.01393192797316467,45719.84356787845,0.0,-2843.0,-636.9655675320387
RBOB,2022-10-18,2022-10-18,2022-10-18,2022,-0.029912825795469056,45709.72432718833,0.0,-2755.0,-1367.3070209580985
RBOB,2022-10-25,2022-10-25,2022-10-25,2022,0.0601700374722145,45843.80074861963,0.0,5619.0,2758.4232089131783
RBOB,2022-11-01,2022-11-01,2022-11-01,2022,0.014288250107195255,45646.911343574466,0.0,-2404.0,652.2144858979601
RBOB,2022-11-08,2022-11-08,2022-11-08,2022,0.015562069864516248,43729.266121048364,0.0,7344.0,680.5178944997781
RBOB,2022-11-15,2022-11-15,2022-11-15,2022,-0.03584641640059183,39127.554437851155,0.0,-3992.0,-1402.5826091160372
RBOB,2022-11-22,2022-11-22,2022-11-22,2022,-0.012362906546309338,40362.517410632725,0.0,3133.0,-498.99803072143595
RBOB,2022-11-29,2022-11-29,2022-11-29,2022,-0.0659635477908489,41019.94556864078,0.0,-2571.0,-2705.8211398950566
RBOB,2022-12-06,2022-12-06,2022-12-06,2022,-0.05628172248986907,40627.18501377768,0.0,-4515.0,-2286.567952490003
RBOB,2022-12-13,2022-12-13,2022-12-13,2022,0.00710236809294873,40629.592465942755,0.0,-5132.0,288.5663211596219
RBOB,2022-12-20,2022-12-20,2022-12-20,2022,0.025409715525368082,40262.06214372898,0.0,2744.0,1023.0475455368448
RBOB,2022-12-27,2022-12-27,2022-12-27,2022,0.059274353667486235,39882.696910420564,0.0,643.0,2364.021081881429
RBOB,2023-01-03,2023-01-03,2023-01-03,2023,-0.0010138989504449025,39237.160767285706,0.0,886.0,-39.782516120388884
RBOB,2023-01-10,2023-01-10,2023-01-10,2023,-0.013789212828372976,39233.404140582345,0.0,3897.0,-540.9977596760596
RBOB,2023-01-17,2023-01-17,2023-01-17,2023,0.09036977667229129,38011.02795688884,0.0,856.0,3435.0481075482653
RBOB,2023-01-24,2023-01-24,2023-01-24,2023,0.03761271592333437,37244.313009130696,0.0,10553.0,1400.8597649721796
RBOB,2023-01-31,2023-01-31,2023-01-31,2023,-0.0326917921091352,38088.019985583756,0.0,1159.0,-1245.1656312172909
RBOB,2023-02-07,2023-02-07,2023-02-07,2023,-0.0372834274056002,39253.50772113789,0.0,-10292.0,-1463.5053055362114
RBOB,2023-02-14,2023-02-14,2023-02-14,2023,0.022068825837001205,41477.556538549994,0.0,1381.0,915.3609713936304
RBOB,2023-02-21,2023-02-21,2023-02-21,2023,-0.026556890574186642,41732.819336360466,0.0,-3947.0,-1108.2939164680254
RBOB,2023-02-28,2023-02-28,2023-02-28,2023,0.007103138899964501,42838.002121928104,0.0,-1286.0,304.28427926902935
RBOB,2023-03-07,2023-03-07,2023-03-07,2023,0.02176000473849049,42765.25659006419,0.0,8478.0,930.5721860425585
RBOB,2023-03-14,2023-03-14,2023-03-14,2023,-0.05883712038289901,42699.002362735686,0.0,-11830.0,-2512.2863422459686
RBOB,2023-03-21,2023-03-21,2023-03-21,2023,-0.011859335820232575,44086.57794442239,0.0,-14929.0,-522.8375330077638
RBOB,2023-03-28,2023-03-28,2023-03-28,2023,0.06719578228702616,44961.686709511465,0.0,14203.0,3021.23571138981
RBOB,2023-04-04,2023-04-04,2023-04-04,2023,0.024396403500423824,48409.44859728023,0.0,-309.0,1181.0164412122745
RBOB,2023-04-11,2023-04-11,2023-04-11,2023,0.03954350712355037,48366.59596825512,0.0,12646.0,1912.584832212579
RBOB,2023-04-18,2023-04-18,2023-04-18,2023,-0.03369228871138508,50108.288444394355,0.0,2380.0,-1688.2629211018952
RBOB,2023-04-25,2023-04-25,2023-04-25,2023,-0.05694123216227842,49359.94133244627,0.0,-12849.0,-2810.615878927266
RBOB,2023-05-02,2023-05-02,2023-05-02,2023,-0.05114444155261477,51324.466990524925,0.0,-4035.0,-2624.961202216008
RBOB,2023-05-09,2023-05-09,2023-05-09,2023,0.020251235613290675,51012.51078669731,0.0,-8645.0,1033.0663751669392
RBOB,2023-05-16,2023-05-16,2023-05-16,2023,-0.0040258034078748395,50315.53737119841,0.0,5183.0,-202.56046181802438
RBOB,2023-05-23,2023-05-23,2023-05-23,2023,0.05236294520743745,50242.08293168598,0.0,11330.0,2630.823435659401
RBOB,2023-05-30,2023-05-30,2023-05-30,2023,-0.03207133100006998,51544.87894096826,0.0,771.0,-1653.1128738743296
RBOB,2023-06-06,2023-06-06,2023-06-06,2023,0.03168663049691234,51450.0942643498,0.0,-3485.0,1630.2801259857608
RBOB,2023-06-13,2023-06-13,2023-06-13,2023,-0.009370020089318531,51175.595909855474,0.0,3752.0,-479.51636175819306
RBOB,2023-06-20,2023-06-20,2023-06-20,2023,0.02227084803799828,50555.01847809111,0.0,-1627.0,1125.903134083762
RBOB,2023-06-27,2023-06-27,2023-06-27,2023,-0.039584285726132595,49727.54322748745,0.0,-6543.0,-1968.429279575473
RBOB,2023-07-04,2023-07-03,2023-07-03,2023,0.020032841071830232,50229.030930428955,0.0,-2857.0,1006.2301938213283
RBOB,2023-07-11,2023-07-11,2023-07-11,2023,0.06347673058713066,49763.001205921915,0.0,11609.0,3158.7926207553637
RBOB,2023-07-18,2023-07-18,2023-07-18,2023,0.03239978351018835,51287.48151097954,0.0,7062.0,1661.7032977385247
RBOB,2023-07-25,2023-07-25,2023-07-25,2023,0.06066708954934619,47338.01040618161,0.0,6719.0,2871.859316399701
RBOB,2023-08-01,2023-08-01,2023-08-01,2023,0.030508378191759444,46516.57354618837,0.0,6604.0,1419.1452179319074
RBOB,2023-08-08,2023-08-08,2023-08-08,2023,-0.0019532378244129234,47095.83784948272,0.0,-8945.0,-91.98937186002743
RBOB,2023-08-15,2023-08-15,2023-08-15,2023,0.001187716850031162,47281.56949105317,0.0,5576.0,56.157116780443154
RBOB,2023-08-22,2023-08-22,2023-08-22,2023,-0.015084871604274186,47197.66614278709,0.0,-2090.0,-711.9707337853422
RBOB,2023-08-29,2023-08-29,2023-08-29,2023,-0.006239053188150434,47429.28357749964,0.0,-4675.0,-295.9138229158902
RBOB,2023-09-05,2023-09-05,2023-09-05,2023,0.0174441502745033,46635.56012468373,0.0,-3159.0,813.5177189506169
RBOB,2023-09-12,2023-09-12,2023-09-12,2023,0.05436646928109701,46365.33861407076,0.0,6833.0,2520.7197574695388
RBOB,2023-09-19,2023-09-19,2023-09-19,2023,-0.019087306218297462,47048.6392183599,0.0,-6198.0,-898.0317839150348
RBOB,2023-09-26,2023-09-26,2023-09-26,2023,-0.03452389102959952,47408.87659492767,0.0,-13615.0,-1636.738889399014
RBOB,2023-10-03,2023-10-03,2023-10-03,2023,-0.06382380548228617,48687.25732029905,0.0,-2950.0,-3107.40604067678
RBOB,2023-10-10,2023-10-10,2023-10-10,2023,-0.035530139948412476,47252.550044223586,0.0,-15446.0,-1678.8897159906282
RBOB,2023-10-17,2023-10-17,2023-10-17,2023,0.01834098973835485,49025.45522882731,0.0,-7028.0,899.1753712700969
RBOB,2023-10-24,2023-10-24,2023-10-24,2023,-0.008751050277685968,47738.43535829916,0.0,3411.0,-417.7614479985375
RBOB,2023-10-31,2023-10-31,2023-10-31,2023,-0.01583925731499769,47477.977845362955,0.0,10080.0,-752.0159078884634
RBOB,2023-11-07,2023-11-07,2023-11-07,2023,-0.027038582374274478,46767.76624818959,0.0,2940.0,-1264.534100162488
RBOB,2023-11-14,2023-11-14,2023-11-14,2023,0.022007182235411316,46080.425681665394,0.0,8800.0,1014.1003254617381
RBOB,2023-11-21,2023-11-21,2023-11-21,2023,0.0033570779611735713,47288.324734279166,0.0,13112.0,158.75059278626767
RBOB,2023-11-28,2023-11-28,2023-11-28,2023,-0.0069990741565464365,47474.047294372926,0.0,1949.0,-332.2743775247088
RBOB,2023-12-05,2023-12-05,2023-12-05,2023,-0.037992752182495426,44154.85787620129,0.0,-840.0,-1677.564572943822
RBOB,2023-12-12,2023-12-12,2023-12-12,2023,-0.058272694575672856,45610.606456505666,0.0,-6656.0,-2657.852939451167
RBOB,2023-12-19,2023-12-19,2023-12-19,2023,0.10166616230235248,46456.3483868109,0.0,10015.0,4723.038655068148
RBOB,2023-12-26,2023-12-26,2023-12-26,2023,-0.015575002548911643,47865.53193690578,0.0,-1023.0,-745.5057819223192
RBOB,2024-01-02,2024-01-02,2024-01-02,2024,-0.03646600813867584,48635.063948258685,0.0,1434.0,-1773.5266377622213
RBOB,2024-01-09,2024-01-09,2024-01-09,2024,-0.005121893014511603,47843.134325584135,0.0,-7195.0,-245.04741549454965
RBOB,2024-01-16,2024-01-16,2024-01-16,2024,0.021123736064259768,48360.390248405114,0.0,-2874.0,1021.5521195719115
RBOB,2024-01-23,2024-01-23,2024-01-23,2024,0.03889658174649813,47876.441769415425,0.0,7742.0,1862.2299310155245
RBOB,2024-01-30,2024-01-30,2024-01-30,2024,0.028036537580424792,48793.190004139346,0.0,1485.0,1367.9921052198602
RBOB,2024-02-06,2024-02-06,2024-02-06,2024,-0.036230196914617485,48289.436799958065,0.0,-11463.0,-1749.5358041584568
RBOB,2024-02-13,2024-02-13,2024-02-13,2024,0.06885381957537695,49759.73198713315,0.0,5186.0,3426.147608361179
RBOB,2024-02-20,2024-02-20,2024-02-20,2024,-0.043296805753324064,50248.36275361513,0.0,-715.0,-2175.593601565838
RBOB,2024-02-27,2024-02-27,2024-02-27,2024,0.03363044740253396,50068.51080940545,0.0,-422.0,1683.826419298913
RBOB,2024-03-05,2024-03-05,2024-03-05,2024,-0.02418242164846718,53000.498363779385,0.0,-969.0,-1281.6803990118078
RBOB,2024-03-12,2024-03-12,2024-03-12,2024,0.021645357480325256,69036.50419487499,0.0,6735.0,1494.3198124900432
RBOB,2024-03-19,2024-03-19,2024-03-19,2024,0.06422571765199003,77783.02204301849,0.0,9772.0,4995.670411853423
RBOB,2024-03-26,2024-03-26,2024-03-26,2024,-0.02340837809427443,82448.76846410039,0.0,2508.0,-1929.9919456149519
RBOB,2024-04-02,2024-04-02,2024-04-02,2024,0.02702195196316559,81865.68827781104,0.0,4583.0,2212.1706960744987
RBOB,2024-04-09,2024-04-09,2024-04-09,2024,0.001429488010305846,82235.13417270906,0.0,1277.0,117.55413832578016
RBOB,2024-04-16,2024-04-16,2024-04-16,2024,0.022060916777394635,82207.46003016946,0.0,-5877.0,1813.5719342065643
RBOB,2024-04-23,2024-04-23,2024-04-23,2024,-0.032776685914307935,81211.71443283718,0.0,-6444.0,-2661.850856527573
RBOB,2024-04-30,2024-04-30,2024-04-30,2024,-0.0036719066533348332,82488.60521092039,0.0,-5045.0,-302.890458298289
RBOB,2024-05-07,2024-05-07,2024-05-07,2024,-0.05252154347369231,82789.52869779279,0.0,-18786.0,-4348.233830667621
RBOB,2024-05-14,2024-05-14,2024-05-14,2024,-0.026883988592469654,87006.09042771858,0.0,-4669.0,-2339.0707425341693
RBOB,2024-05-21,2024-05-21,2024-05-21,2024,0.018870390440520746,89536.70335969646,0.0,251.0,1689.592551154558
RBOB,2024-05-28,2024-05-28,2024-05-28,2024,0.0014400002488319519,89076.450485703,0.0,-4883.0,128.27011086447936
RBOB,2024-06-04,2024-06-04,2024-06-04,2024,-0.06543348711657204,89720.85735539204,0.0,-6295.0,-5870.748563851843
RBOB,2024-06-11,2024-06-11,2024-06-11,2024,0.02969739347027711,92050.8933304674,0.0,286.0,2733.6715985253973
RBOB,2024-06-18,2024-06-18,2024-06-18,2024,0.028597476373144692,92402.0009098135,0.0,-6230.0,2642.464037849686
RBOB,2024-06-25,2024-06-25,2024-06-25,2024,0.013137404340896497,91035.18766670363,0.0,6967.0,1195.9660696268795
RBOB,2024-07-02,2024-07-02,2024-07-02,2024,0.0272086960152913,92901.00623514537,0.0,-2884.0,2527.715238166752
RBOB,2024-07-09,2024-07-09,2024-07-09,2024,-0.017908075377227828,97556.08151353526,0.0,5241.0,-1747.0416612513716
RBOB,2024-07-16,2024-07-16,2024-07-16,2024,-0.018111959625533247,97254.74139482847,0.0,-4992.0,-1761.4739495348101
RBOB,2024-07-23,2024-07-23,2024-07-23,2024,-0.029039249617388574,97608.53465536529,0.0,-9029.0,-2834.478602644676
RBOB,2024-07-30,2024-07-30,2024-07-30,2024,-0.013305281029003968,99498.45809488269,0.0,-9143.0,-1323.854946904989
RBOB,2024-08-06,2024-08-06,2024-08-06,2024,-0.011420425756677455,101191.23087720035,0.0,-5465.0,-1155.6469394598737
RBOB,2024-08-13,2024-08-13,2024-08-13,2024,0.028820703929364644,101462.14230638706,0.0,6401.0,2924.210363451444
RBOB,2024-08-20,2024-08-20,2024-08-20,2024,-0.05599783341953368,103258.32426584756,0.0,2826.0,-5782.242441419125
RBOB,2024-08-27,2024-08-27,2024-08-27,2024,0.0067446621469273715,99630.90360135723,0.0,711.0,671.976784184244
RBOB,2024-09-03,2024-09-03,2024-09-03,2024,-0.05163738596131684,99939.60544442426,0.0,-1016.0,-5160.619979155457
RBOB,2024-09-10,2024-09-10,2024-09-10,2024,-0.05952884332876596,99126.65327994442,0.0,-11601.0,-5900.895012806715
RBOB,2024-09-17,2024-09-17,2024-09-17,2024,0.06975611847056373,102960.66398923121,0.0,3309.0,7182.136275040717
RBOB,2024-09-24,2024-09-24,2024-09-24,2024,0.015122496736080793,101616.06388767637,0.0,15538.0,1536.6885944747632
RBOB,2024-10-01,2024-10-01,2024-10-01,2024,-0.017436770720405725,103040.94068867517,0.0,1818.0,-1796.7012576033542
RBOB,2024-10-08,2024-10-08,2024-10-08,2024,0.052819377707277404,106885.21416408352,0.0,13640.0,5645.610498255964
RBOB,2024-10-15,2024-10-15,2024-10-15,2024,-0.019388387605703494,109634.90322950545,0.0,10408.0,-2125.6439989274454
RBOB,2024-10-22,2024-10-22,2024-10-22,2024,0.014392295708767211,108079.92478172501,0.0,-1.0,1555.5182376399039
RBOB,2024-10-29,2024-10-29,2024-10-29,2024,-0.06000181064767651,108295.64226284924,0.0,-3388.0,-6497.934621023995
RBOB,2024-11-05,2024-11-05,2024-11-05,2024,0.06343802325857606,107405.28410173433,0.0,7750.0,6813.578910939792
RBOB,2024-11-12,2024-11-12,2024-11-12,2024,-0.04386091794914626,107212.74330584065,0.0,6757.0,-4702.449337240357
RBOB,2024-11-19,2024-11-19,2024-11-19,2024,0.02881779705446652,103839.66179457319,0.0,7343.0,2992.430299800451
RBOB,2024-11-26,2024-11-26,2024-11-26,2024,-0.022330285885606482,105029.45026035864,0.0,-1097.0,-2345.3376507218945
RBOB,2024-12-03,2024-12-03,2024-12-03,2024,0.007226108766177131,106790.00992660188,0.0,-701.0,771.6762268707606
RBOB,2024-12-10,2024-12-10,2024-12-10,2024,-0.002947156604727219,107299.4858918291,0.0,6540.0,-316.2283885299392
RBOB,2024-12-17,2024-12-17,2024-12-17,2024,-0.005562232083478502,107449.60161624162,0.0,-5999.0,-597.6596214668426
RBOB,2024-12-24,2024-12-24,2024-12-24,2024,0.007595683040881651,107656.32385446306,0.0,-10732.0,817.7233133450078
RBOB,2024-12-31,2024-12-31,2024-12-31,2024,0.020160047324765173,109456.78132847653,0.0,-2949.0,2206.6538915985598
RBOB,2025-01-07,2025-01-07,2025-01-07,2025,0.01239148952206337,108724.69166284734,0.0,28.0,1347.2608775297435
RBOB,2025-01-14,2025-01-14,2025-01-14,2025,0.03824859270237502,109137.77655275194,0.0,3833.0,4174.366363809023
RBOB,2025-01-21,2025-01-21,2025-01-21,2025,-0.008941236037894207,115121.04177616074,0.0,-6616.0,-1029.324407448933
RBOB,2025-01-28,2025-01-28,2025-01-28,2025,-0.018992744987247345,113731.71819962529,0.0,-10202.0,-2160.0775207269608
RBOB,2025-02-04,2025-02-04,2025-02-04,2025,0.010294910263292767,116100.10558297661,0.0,6356.0,1195.2401685355599
RBOB,2025-02-11,2025-02-11,2025-02-11,2025,0.01872554502281898,114803.77326334653,0.0,1920.0,2149.763225032297
RBOB,2025-02-18,2025-02-18,2025-02-18,2025,-0.02113414833778915,114965.8538156744,0.0,-2886.0,-2429.7054083210455
RBOB,2025-02-25,2025-02-25,2025-02-25,2025,-0.04708203811007339,114857.5415843506,0.0,-17996.0,-5407.727150103734
RBOB,2025-03-04,2025-03-04,2025-03-04,2025,-0.01022772782769188,119450.28789036634,0.0,-7489.0,-1221.705033482106
RBOB,2025-03-11,2025-03-11,2025-03-11,2025,-0.039834437468287076,118966.53057477399,0.0,-14332.0,-4738.9648229998975
RBOB,2025-03-18,2025-03-18,2025-03-18,2025,0.0281603515372586,119719.51840954043,0.0,23019.0,3371.343724283961
RBOB,2025-03-25,2025-03-25,2025-03-25,2025,0.01938177733562041,122726.82701955606,0.0,4692.0,2378.664034400238
RBOB,2025-04-01,2025-04-01,2025-04-01,2025,0.03777545737381671,119918.82491344283,0.0,9771.0,4529.988458835949
RBOB,2025-04-08,2025-04-08,2025-04-08,2025,-0.1451628977122521,122092.26959558223,0.0,-16849.0,-17723.26764276021
RBOB,2025-04-15,2025-04-15,2025-04-15,2025,0.018417095473407974,119123.97401391814,0.0,-11219.0,2193.9176025861007
RBOB,2025-04-22,2025-04-22,2025-04-22,2025,0.0361338428796516,118907.6091715385,0.0,1508.0,4296.588866999392
RBOB,2025-04-29,2025-04-29,2025-04-29,2025,-0.016298157185809625,115808.13313929219,0.0,5548.0,-1887.4591572993527
RBOB,2025-05-06,2025-05-06,2025-05-06,2025,0.002795451139586236,115634.4922532814,0.0,6086.0,323.25057314491124
RBOB,2025-05-13,2025-05-13,2025-05-13,2025,0.04557799450592537,117321.67156061513,0.0,9726.0,5347.286501815696
RBOB,2025-05-20,2025-05-20,2025-05-20,2025,-0.012933859790291491,118871.26042792018,0.0,2126.0,-1537.4642154699447
RBOB,2025-05-27,2025-05-27,2025-05-27,2025,-0.027356743566684605,116637.726693863,0.0,-10349.0,-3190.828379365054
RBOB,2025-06-03,2025-06-03,2025-06-03,2025,0.016809124571089074,119059.15075441662,0.0,-1488.0,2001.2800963590628
RBOB,2025-06-10,2025-06-10,2025-06-10,2025,0.008867840924435821,120283.65380359028,0.0,-9080.0,1066.6563077401483
RBOB,2025-06-17,2025-06-17,2025-06-17,2025,0.08580052584675846,119967.26562183962,0.0,384.0,10293.254474751588
RBOB,2025-06-24,2025-06-24,2025-06-24,2025,-0.08671758071711944,114826.46954651023,0.0,2900.0,-9957.473641361357
RBOB,2025-07-01,2025-07-01,2025-07-01,2025,0.01279504029533185,107007.77057854892,0.0,-6854.0,1369.1687364661595
RBOB,2025-07-08,2025-07-08,2025-07-08,2025,0.037455428461755425,106974.72896088999,0.0,2676.0,4006.784307810291
RBOB,2025-07-15,2025-07-15,2025-07-15,2025,-0.010727354305278824,104600.9729207135,0.0,12074.0,-1122.0916971973697
RBOB,2025-07-22,2025-07-22,2025-07-22,2025,-0.025712772016897922,102851.27195988083,0.0,-13163.0,-2644.5913075523817
RBOB,2025-07-29,2025-07-29,2025-07-29,2025,0.05018366186662626,104505.7007977188,0.0,6049.0,5244.478751967535
RBOB,2025-08-05,2025-08-05,2025-08-05,2025,-0.045824468225193815,104072.88998454333,0.0,-4284.0,-4769.084840200798
RBOB,2025-08-12,2025-08-12,2025-08-12,2025,-0.011418019002112256,103810.13563972739,0.0,-2860.0,-1185.3061013462582
RBOB,2025-08-19,2025-08-19,2025-08-19,2025,0.0035951582294992956,103894.6009935929,0.0,9474.0,373.51752976266124
RBOB,2025-08-26,2025-08-26,2025-08-26,2025,0.016506280780685056,104060.70405051128,0.0,11493.0,1717.65519929351
RBOB,2025-09-02,2025-09-02,2025-09-02,2025,0.042008763925024395,104970.5915421808,0.0,7853.0,4409.684799165636
RBOB,2025-09-09,2025-09-09,2025-09-09,2025,-0.025303570980894197,106503.07950014458,0.0,155.0,-2694.908231815726
RBOB,2025-09-16,2025-09-16,2025-09-16,2025,0.02484917468902781,105637.88241461244,0.0,2810.0,2625.014193899683
RBOB,2025-09-23,2025-09-23,2025-09-23,2025,-0.020612974728972056,105133.48591291605,0.0,412.0,-2167.113888291678
RBOB,2025-09-30,2025-09-30,2025-09-30,2025,-0.00906248920062791,102451.53789212472,0.0,4870.0,-928.4659557351014
RBOB,2025-10-07,2025-10-07,2025-10-07,2025,-0.016836954043581764,103674.12786092047,0.0,-12389.0,-1745.556526302738
RBOB,2025-10-14,2025-10-14,2025-10-14,2025,-0.033707027529758626,102009.32382947877,0.0,-7014.0,-3438.4310866123037
RBOB,2025-10-21,2025-10-21,2025-10-21,2025,-0.005908686051873557,103977.11386422196,0.0,1941.0,-614.368122403597
RBOB,2025-10-28,2025-10-28,2025-10-28,2025,0.05040679703839257,104134.6840823051,0.0,14152.0,5249.095885193883
RBOB,2025-11-04,2025-11-04,2025-11-04,2025,0.029496787526210877,108467.89682713605,0.0,11903.0,3199.454506124995
RBOB,2025-11-11,2025-11-10,2025-11-10,2025,0.016571174491204932,111302.6937936197,0.0,14842.0,1844.4163601952243
RBOB,2025-11-18,2025-11-18,2025-11-18,2025,0.005948981694330113,111819.3878601219,0.0,22395.0,665.2114914510641
RBOB,2025-11-25,2025-11-25,2025-11-25,2025,-0.06435816972930097,112410.34895293525,0.0,-9742.0,-7234.524317242957
RBOB,2025-12-02,2025-12-02,2025-12-02,2025,0.01662825544290225,113609.9617450751,0.0,5638.0,1889.1354647554615
RBOB,2025-12-09,2025-12-09,2025-12-09,2025,-0.020320964299003208,114911.96548546926,0.0,-10793.0,-2335.12194815851
RBOB,2025-12-16,2025-12-16,2025-12-16,2025,-0.061782828818399915,116102.49097157255,0.0,-21559.0,-7173.140325086489
RBOB,2025-12-23,2025-12-23,2025-12-23,2025,0.03778867803725072,123759.99512828478,0.0,-10288.0,4676.726609794471
RBOB,2025-12-30,2025-12-30,2025-12-30,2025,-0.009818918426505618,119849.36040392102,0.0,-20.0,-1176.791093274973
NATGAS,2015-01-06,2015-01-06,2015-01-06,2015,-0.05893226330271384,235796.4782977461,0.0,9104.0,-13896.020144895423
NATGAS,2015-01-13,2015-01-13,2015-01-13,2015,0.0027322421368731753,232159.63570033672,0.0,-1380.0,634.3163391415859
NATGAS,2015-01-20,2015-01-20,2015-01-20,2015,-0.038947899074382786,236173.30069909937,0.0,-3810.0,-9198.45387969238
NATGAS,2015-01-27,2015-01-27,2015-01-27,2015,0.03997056833003798,233073.72815634054,0.0,-7942.0,9316.089377209706
NATGAS,2015-02-03,2015-02-03,2015-02-03,2015,-0.0610767791269855,237449.39390707173,0.0,-13403.0,-14502.644185498797
NATGAS,2015-02-10,2015-02-10,2015-02-10,2015,-0.019410973860941816,237881.9650994209,0.0,3806.0,-4617.520606534332
NATGAS,2015-02-17,2015-02-17,2015-02-17,2015,0.027358992579649133,236771.53648030432,0.0,5195.0,6477.83070963677
NATGAS,2015-02-24,2015-02-24,2015-02-24,2015,0.03881927072373159,237407.18394269363,0.0,-7588.0,9215.973745230167
NATGAS,2015-03-03,2015-03-03,2015-03-03,2015,-0.06238846712074464,233133.01902840973,0.0,-13450.0,-14544.811692413876
NATGAS,2015-03-10,2015-03-10,2015-03-10,2015,0.004352563998842207,229842.1548946951,0.0,3850.0,1000.402688810964
NATGAS,2015-03-17,2015-03-17,2015-03-17,2015,0.03869160524469839,225916.07214456043,0.0,23159.0,8741.055481850135
NATGAS,2015-03-24,2015-03-24,2015-03-24,2015,-0.02182416784032304,219003.65558229678,0.0,-21247.0,-4779.572537072345
NATGAS,2015-03-31,2015-03-31,2015-03-31,2015,-0.06240556618742943,220853.89742431635,0.0,-41362.0,-13782.512513464924
NATGAS,2015-04-07,2015-04-07,2015-04-07,2015,0.012555556370438925,229321.88535974044,0.0,-2390.0,2879.263858609554
NATGAS,2015-04-14,2015-04-14,2015-04-14,2015,-0.05778462173983412,228536.7080696223,0.0,-15700.0,-13205.907229470022
NATGAS,2015-04-21,2015-04-21,2015-04-21,2015,0.01849051139763258,232920.87915493356,0.0,102.0,4306.8261707609
NATGAS,2015-04-28,2015-04-28,2015-04-28,2015,-0.03219203715586083,231819.28884147468,0.0,-21848.0,-7462.735159829987
NATGAS,2015-05-05,2015-05-05,2015-05-05,2015,0.0930433620803588,233206.3098874499,0.0,36225.0,21698.299130282358
NATGAS,2015-05-12,2015-05-12,2015-05-12,2015,0.037714208433668794,242453.23602810956,0.0,20441.0,9143.93187898162
NATGAS,2015-05-19,2015-05-19,2015-05-19,2015,0.015498962544260309,247345.60322232102,0.0,17516.0,3833.6002398302253
NATGAS,2015-05-26,2015-05-26,2015-05-26,2015,-0.04863972413203976,250752.85888763607,0.0,-15707.0,-12196.549881614914
NATGAS,2015-06-02,2015-06-02,2015-06-02,2015,-0.053167478918238587,251889.632171067,0.0,-60410.0,-13392.336708178076
NATGAS,2015-06-09,2015-06-09,2015-06-09,2015,0.05462718034996916,260105.29614302894,0.0,-12424.0,14208.81892238738
NATGAS,2015-06-16,2015-06-16,2015-06-16,2015,0.013802841635417451,252384.25476499635,0.0,28450.0,3483.619899794097
NATGAS,2015-06-23,2015-06-23,2015-06-23,2015,-0.06075314275481469,259950.45637241824,0.0,-1458.0,-15792.807185172755
NATGAS,2015-06-30,2015-06-30,2015-06-30,2015,0.03083786848569403,259323.53939117023,0.0,8320.0,7996.985202989603
NATGAS,2015-07-07,2015-07-07,2015-07-07,2015,-0.04167269640056803,259234.80746002044,0.0,-14666.0,-10803.013427741142
NATGAS,2015-07-14,2015-07-14,2015-07-14,2015,0.040616544216492745,260042.91516842064,0.0,28310.0,10562.044562123829
NATGAS,2015-07-21,2015-07-21,2015-07-21,2015,0.017804624633506627,263396.4238646567,0.0,26442.0,4689.6744567182195
NATGAS,2015-07-28,2015-07-28,2015-07-28,2015,-0.02593906382854483,264175.4422587778,0.0,851.0,-6852.463658684496
NATGAS,2015-08-04,2015-08-04,2015-08-04,2015,-0.0032383349104043724,263932.3433220226,0.0,-20798.0,-854.7013213645381
NATGAS,2015-08-11,2015-08-11,2015-08-11,2015,0.010504298266875711,263260.38910427556,0.0,4917.0,2765.365649005067
NATGAS,2015-08-18,2015-08-18,2015-08-18,2015,-0.04670248073894845,263019.32447225036,0.0,-40800.0,-12283.654935136505
NATGAS,2015-08-25,2015-08-25,2015-08-25,2015,-0.016559716039018735,269474.00557835004,0.0,-10256.0,-4462.413012274427
NATGAS,2015-09-01,2015-09-01,2015-09-01,2015,0.001386505858591569,268998.1552634078,0.0,11656.0,372.9675182230394
NATGAS,2015-09-08,2015-09-08,2015-09-08,2015,0.007549919019284701,269378.6009677464,0.0,6834.0,2033.7866228346927
NATGAS,2015-09-15,2015-09-15,2015-09-15,2015,0.002861232281032411,270204.6607500794,0.0,18146.0,773.1182978235383
NATGAS,2015-09-22,2015-09-22,2015-09-22,2015,-0.05921935965997127,270510.89872473915,0.0,-74776.0,-16019.482203522392
NATGAS,2015-09-29,2015-09-29,2015-09-29,2015,-0.020287777171521082,290743.0997457779,0.0,-13793.0,-5898.53122179967
NATGAS,2015-10-06,2015-10-06,2015-10-06,2015,-0.034687973324396104,292673.5029807923,0.0,-5669.0,-10152.250664155288
NATGAS,2015-10-13,2015-10-13,2015-10-13,2015,0.017798022644327727,293047.1187149296,0.0,2544.0,5215.659254743313
NATGAS,2015-10-20,2015-10-20,2015-10-20,2015,-0.018546525673285963,289520.44794595876,0.0,-2691.0,-5369.598420770976
NATGAS,2015-10-27,2015-10-27,2015-10-27,2015,-0.12336767602444798,292618.95960061875,0.0,597.0,-36099.721006620166
NATGAS,2015-11-03,2015-11-03,2015-11-03,2015,-0.027989722149291296,268307.1797665589,0.0,-18894.0,-7509.843412325936
NATGAS,2015-11-10,2015-11-10,2015-11-10,2015,0.008490044932831786,260166.17223225645,0.0,25379.0,2208.8224922547106
NATGAS,2015-11-17,2015-11-17,2015-11-17,2015,0.01716266433482483,264628.72676952166,0.0,6506.0,4541.734010897374
NATGAS,2015-11-24,2015-11-24,2015-11-24,2015,-0.0837429894163928,266103.00163357786,0.0,20431.0,-22284.260849471066
NATGAS,2015-12-01,2015-12-01,2015-12-01,2015,-0.04123440414411261,234680.88763242378,0.0,-1880.0,-9676.92656553444
NATGAS,2015-12-08,2015-12-08,2015-12-08,2015,-0.07165348812806771,228545.08469374635,0.0,7216.0,-16376.052512831584
NATGAS,2015-12-15,2015-12-15,2015-12-15,2015,-0.12025435200683399,215872.87585750988,0.0,-5805.0,-25959.652802096567
NATGAS,2015-12-22,2015-12-22,2015-12-22,2015,0.03593200922606332,200419.61557061484,0.0,-6455.0,7201.479475767396
NATGAS,2015-12-29,2015-12-29,2015-12-29,2015,0.19249976170971017,197129.14643846796,0.0,22201.0,37947.31371544364
NATGAS,2016-01-05,2016-01-05,2016-01-05,2016,-0.021242147563806046,188186.91869347103,0.0,32757.0,-3997.494296464682
NATGAS,2016-01-12,2016-01-12,2016-01-12,2016,-0.03690455693545047,186170.72921299818,0.0,13280.0,-6870.548275955423
NATGAS,2016-01-19,2016-01-19,2016-01-19,2016,-0.0700675626167171,183209.99273224536,0.0,-11830.0,-12837.077637774886
NATGAS,2016-01-26,2016-01-26,2016-01-26,2016,0.02344223615682628,182014.39182641733,0.0,-23631.0,4266.824357135986
NATGAS,2016-02-02,2016-02-02,2016-02-02,2016,-0.032452867213704106,182150.35055584123,0.0,-7322.0,-5911.301139518369
NATGAS,2016-02-09,2016-02-09,2016-02-09,2016,0.013586528976452072,187568.70865516487,0.0,24280.0,2548.407695219094
NATGAS,2016-02-16,2016-02-16,2016-02-16,2016,-0.0874768180033847,189995.29344136157,0.0,-14745.0,-16620.183705869655
NATGAS,2016-02-23,2016-02-23,2016-02-23,2016,-0.07375643024826006,189120.7694876562,0.0,-13881.0,-13948.872843213583
NATGAS,2016-03-01,2016-03-01,2016-03-01,2016,-0.044808663249165104,188949.7605727064,0.0,-3337.0,-8466.586192512776
NATGAS,2016-03-08,2016-03-08,2016-03-08,2016,-0.024652028998312314,187394.56105142843,0.0,-7165.0,-4619.656153165821
NATGAS,2016-03-15,2016-03-15,2016-03-15,2016,0.07581003284922927,187580.21520406305,0.0,22121.0,14220.462276485516
NATGAS,2016-03-22,2016-03-22,2016-03-22,2016,-0.004121592645550454,189188.23515378815,0.0,33064.0,-779.756838634523
NATGAS,2016-03-29,2016-03-29,2016-03-29,2016,0.022461383291554782,188530.02698002686,0.0,31558.0,4234.645197965548
NATGAS,2016-04-05,2016-04-05,2016-04-05,2016,-0.013116947110060284,188827.40186480348,0.0,18382.0,-2476.839043190726
NATGAS,2016-04-12,2016-04-12,2016-04-12,2016,0.015969369128518096,186079.92476835614,0.0,-8823.0,2971.5790060327563
NATGAS,2016-04-19,2016-04-19,2016-04-19,2016,0.04917872228089948,185317.38993003,0.0,24172.0,9113.672453190104
NATGAS,2016-04-26,2016-04-26,2016-04-26,2016,-0.013342733027064568,189111.90252173148,0.0,2432.0,-2523.269627587722
NATGAS,2016-05-03,2016-05-03,2016-05-03,2016,-0.020960594680016875,189505.94807866597,0.0,-24330.0,-3972.15736712924
NATGAS,2016-05-10,2016-05-10,2016-05-10,2016,0.013659608728583628,191032.7203748862,0.0,12759.0,2609.432214677871
NATGAS,2016-05-17,2016-05-17,2016-05-17,2016,-0.04475019579861428,189793.95271144793,0.0,-9581.0,-8493.316545230235
NATGAS,2016-05-24,2016-05-24,2016-05-24,2016,-0.018010184339046553,193047.27886247993,0.0,-37326.0,-3476.8170784645886
NATGAS,2016-05-31,2016-05-31,2016-05-31,2016,0.06407242930904467,195517.62897264143,0.0,13421.0,12527.289461021592
NATGAS,2016-06-07,2016-06-07,2016-06-07,2016,0.07047449819244456,196079.6351274008,0.0,43002.0,13818.613891361196
NATGAS,2016-06-14,2016-06-14,2016-06-14,2016,0.04174452544746732,203777.80521470527,0.0,13583.0,8506.607775414303
NATGAS,2016-06-21,2016-06-21,2016-06-21,2016,0.04832565448677251,204834.24761955478,0.0,13700.0,9898.749077520608
NATGAS,2016-06-28,2016-06-28,2016-06-28,2016,0.03235162588105078,204161.3820313613,0.0,1714.0,6604.9526508368845
NATGAS,2016-07-05,2016-07-05,2016-07-05,2016,-0.04469663096629217,203086.23006178596,0.0,-2241.0,-9077.27027940716
NATGAS,2016-07-12,2016-07-12,2016-07-12,2016,-0.021254006360826416,200537.6833006633,0.0,127.0,-4262.229196457692
NATGAS,2016-07-19,2016-07-19,2016-07-19,2016,-0.004082395723555621,200671.13912543276,0.0,-12043.0,-819.2190002067017
NATGAS,2016-07-26,2016-07-26,2016-07-26,2016,-0.004472612748512184,202385.2157971051,0.0,-2170.0,-905.1906962845217
NATGAS,2016-08-02,2016-08-02,2016-08-02,2016,0.024677466978754392,202910.29779353886,0.0,12242.0,5007.312173449275
NATGAS,2016-08-09,2016-08-09,2016-08-09,2016,-0.04557937028287107,204931.242435095,0.0,-22358.0,-9340.636981478016
NATGAS,2016-08-16,2016-08-16,2016-08-16,2016,-0.0007524454832057437,207385.11096182876,0.0,-18149.0,-156.04599002735
NATGAS,2016-08-23,2016-08-23,2016-08-23,2016,0.05027659405709395,209544.75378297013,0.0,35851.0,10535.19652274009
NATGAS,2016-08-30,2016-08-30,2016-08-30,2016,0.011741817876683491,214204.50809364248,0.0,48483.0,2515.150322400125
NATGAS,2016-09-06,2016-09-06,2016-09-06,2016,-0.03410193735693978,216132.98895974757,0.0,-13501.0,-7370.553650273469
NATGAS,2016-09-13,2016-09-13,2016-09-13,2016,0.05043085362689226,217633.74003849737,0.0,89747.0,10975.455288154582
NATGAS,2016-09-20,2016-09-20,2016-09-20,2016,0.039362247774815895,232728.98533277868,0.0,25716.0,9160.735985050329
NATGAS,2016-09-27,2016-09-27,2016-09-27,2016,-0.019159540457296398,237551.39510295843,0.0,10591.0,-4551.375565162333
NATGAS,2016-10-04,2016-10-04,2016-10-04,2016,-0.03221165529982972,235593.2647485589,0.0,-24847.0,-7588.849035042104
NATGAS,2016-10-11,2016-10-11,2016-10-11,2016,0.07444452518082745,236224.39242497543,0.0,22561.0,17585.612730206747
NATGAS,2016-10-18,2016-10-18,2016-10-18,2016,0.021921847005769823,238198.51340151147,0.0,24498.0,5221.751367789748
NATGAS,2016-10-25,2016-10-25,2016-10-25,2016,-0.1071055783676651,238759.6730143232,0.0,-10336.0,-25572.49286907369
NATGAS,2016-11-01,2016-11-01,2016-11-01,2016,-0.07715037916553369,232124.31721896274,0.0,-65087.0,-17908.479086983596
NATGAS,2016-11-08,2016-11-08,2016-11-08,2016,-0.09109555207103304,245122.83767548145,0.0,-34043.0,-22329.6002232662
NATGAS,2016-11-15,2016-11-15,2016-11-15,2016,0.026340416614408557,248068.7898791179,0.0,-21939.0,6534.235274448142
NATGAS,2016-11-22,2016-11-22,2016-11-22,2016,0.07187721153103821,245238.86224985783,0.0,8347.0,17627.085577564172
NATGAS,2016-11-29,2016-11-29,2016-11-29,2016,0.0670555121467249,242553.51918213788,0.0,30243.0,16264.550451748717
NATGAS,2016-12-06,2016-12-06,2016-12-06,2016,0.08758636068451464,242772.77122824584,0.0,47552.0,21263.5835051763
NATGAS,2016-12-13,2016-12-13,2016-12-13,2016,-0.04253563331590371,248844.52512943442,0.0,56400.0,-10584.759473575808
NATGAS,2016-12-20,2016-12-20,2016-12-20,2016,-0.052581514927161344,238628.13877869907,0.0,6212.0,-12547.429041232894
NATGAS,2016-12-27,2016-12-27,2016-12-27,2016,0.13300046614536631,245287.1552159,0.0,10350.0,32623.30598318552
NATGAS,2017-01-03,2017-01-03,2017-01-03,2017,-0.11615342924828553,234738.56203714313,0.0,-2541.0,-27265.688957425587
NATGAS,2017-01-10,2017-01-10,2017-01-10,2017,-0.012742890877700308,229567.85774946748,0.0,-31273.0,-2925.3581603288912
NATGAS,2017-01-17,2017-01-17,2017-01-17,2017,0.03892707051426081,230814.61225278972,0.0,21799.0,8984.936686886113
NATGAS,2017-01-24,2017-01-24,2017-01-24,2017,-0.03283877164700533,233196.3621663839,0.0,-23851.0,-7657.882086094233
NATGAS,2017-01-31,2017-01-31,2017-01-31,2017,-0.05553516716927076,237357.50492306778,0.0,-12758.0,-13181.688714783577
NATGAS,2017-02-07,2017-02-07,2017-02-07,2017,0.008494623991422756,237505.26923537848,0.0,-7053.0,2017.5179581361672
NATGAS,2017-02-14,2017-02-14,2017-02-14,2017,-0.06037011160039141,237800.2017797973,0.0,-18272.0,-14356.024720041958
NATGAS,2017-02-21,2017-02-21,2017-02-21,2017,-0.11036469624240253,238721.41802717946,0.0,-27902.0,-26346.416787125258
NATGAS,2017-02-28,2017-02-28,2017-02-28,2017,0.030377450147870633,241418.64019713673,0.0,4953.0,7333.682707355239
NATGAS,2017-03-07,2017-03-07,2017-03-07,2017,0.01761399363407401,241511.74338913406,0.0,9883.0,4253.986310610323
NATGAS,2017-03-14,2017-03-14,2017-03-14,2017,0.02435020546495803,241798.23953976142,0.0,23059.0,5887.836813858329
NATGAS,2017-03-21,2017-03-21,2017-03-21,2017,0.052712267122614787,241415.10604812804,0.0,28394.0,12725.537557443302
NATGAS,2017-03-28,2017-03-28,2017-03-28,2017,0.006948859294202858,242979.9567513931,0.0,11397.0,1688.4335307769265
NATGAS,2017-04-04,2017-04-04,2017-04-04,2017,0.037626515809219274,237774.23477935264,0.0,26560.0,8946.616003950328
NATGAS,2017-04-11,2017-04-11,2017-04-11,2017,-0.042805138452309155,240189.26345355666,0.0,143.0,-10281.334676887653
NATGAS,2017-04-18,2017-04-18,2017-04-18,2017,0.0037151745518633206,238356.42057057074,0.0,10852.0,885.5357079770154
NATGAS,2017-04-25,2017-04-25,2017-04-25,2017,-0.02218494360010581,238744.5173380865,0.0,-6727.0,-5296.533651979933
NATGAS,2017-05-02,2017-05-02,2017-05-02,2017,0.01062712185953485,237330.5221500496,0.0,24451.0,2522.140379875612
NATGAS,2017-05-09,2017-05-09,2017-05-09,2017,0.012445144688882692,233614.9706825168,0.0,12480.0,2907.37211163301
NATGAS,2017-05-16,2017-05-16,2017-05-16,2017,-4.440892098500626e-16,232513.9156087311,0.0,28060.0,-1.0325692106182553e-10
NATGAS,2017-05-23,2017-05-23,2017-05-23,2017,-0.0009053871148130277,231770.2105102477,0.0,-11278.0,-209.84176219348123
NATGAS,2017-05-30,2017-05-30,2017-05-30,2017,-0.05173834637060981,231055.12816469444,0.0,-62143.0,-11954.410251690604
NATGAS,2017-06-06,2017-06-06,2017-06-06,2017,-0.03448172812693784,231187.2327014416,0.0,-75697.0,-7971.735304430222
NATGAS,2017-06-13,2017-06-13,2017-06-13,2017,-0.028691168341596907,244154.83302179285,0.0,-15780.0,-7005.087415642742
NATGAS,2017-06-20,2017-06-20,2017-06-20,2017,-0.019936460272824696,243825.0164963882,0.0,-26657.0,-4861.00775490107
NATGAS,2017-06-27,2017-06-27,2017-06-27,2017,0.04471882884936873,248228.05959130265,0.0,26547.0,11100.468112474366
NATGAS,2017-07-04,2017-07-03,2017-07-03,2017,-0.0355808226807639,250587.94933493482,0.0,11432.0,-8916.125391222564
NATGAS,2017-07-11,2017-07-11,2017-07-11,2017,0.028377801411795023,247413.81393729313,0.0,-4595.0,7021.060078447308
NATGAS,2017-07-18,2017-07-18,2017-07-18,2017,0.01145487897476638,243624.13352321653,0.0,2425.0,2790.68496484077
NATGAS,2017-07-25,2017-07-25,2017-07-25,2017,-0.04731062141959175,242216.23155584815,0.0,-16885.0,-11459.400432818904
NATGAS,2017-08-01,2017-08-01,2017-08-01,2017,-0.040486699054500974,243771.21119121125,0.0,-18217.0,-9869.49166564977
NATGAS,2017-08-08,2017-08-08,2017-08-08,2017,0.0017497817237877022,244727.329368912,0.0,-15448.0,428.2194082410956
NATGAS,2017-08-15,2017-08-15,2017-08-15,2017,0.03605540761792758,244543.76307400872,0.0,45045.0,8817.125058055291
NATGAS,2017-08-22,2017-08-22,2017-08-22,2017,0.0010112928554453227,244312.4084132002,0.0,-2533.0,247.0713931249091
NATGAS,2017-08-29,2017-08-29,2017-08-29,2017,0.005041180227477682,243940.97694312988,0.0,-12026.0,1229.7504296372954
NATGAS,2017-09-05,2017-09-05,2017-09-05,2017,5.3385130611260934e-05,243650.90260479355,0.0,10743.0,13.00733525910852
NATGAS,2017-09-12,2017-09-12,2017-09-12,2017,0.00752744513267567,243520.33470337925,0.0,6704.0,1833.0859581705022
NATGAS,2017-09-19,2017-09-19,2017-09-19,2017,0.03460774721254012,243473.7172383207,0.0,50948.0,8426.076859081275
NATGAS,2017-09-26,2017-09-26,2017-09-26,2017,-0.05669534367654494,236021.10972926763,0.0,-47884.0,-13381.297931020354
NATGAS,2017-10-03,2017-10-03,2017-10-03,2017,-0.02831334007137354,242244.80183888847,0.0,-33848.0,-6858.759454986943
NATGAS,2017-10-10,2017-10-10,2017-10-10,2017,-0.004548415898665503,245263.56274980787,0.0,-21237.0,-1115.5606881745705
NATGAS,2017-10-17,2017-10-17,2017-10-17,2017,0.01839058122437942,245699.56045960035,0.0,28889.0,4518.557723426603
NATGAS,2017-10-24,2017-10-24,2017-10-24,2017,0.0022353514018194076,247398.0416576736,0.0,-12047.0,553.0215592268569
NATGAS,2017-10-31,2017-10-31,2017-10-31,2017,-0.07929869956141378,261562.68370037744,0.0,-40459.0,-20741.580671233332
NATGAS,2017-11-07,2017-11-07,2017-11-07,2017,0.07172102595560403,266078.0349532506,0.0,30714.0,19083.389651098205
NATGAS,2017-11-14,2017-11-14,2017-11-14,2017,-0.014874770694747408,268359.3068716345,0.0,33551.0,-3991.7831535169157
NATGAS,2017-11-21,2017-11-21,2017-11-21,2017,-0.029465144435878443,266244.91353123426,0.0,-3129.0,-7844.944832515785
NATGAS,2017-11-28,2017-11-28,2017-11-28,2017,0.005771096491921757,278824.3795824737,0.0,-52194.0,1609.1223988706743
NATGAS,2017-12-05,2017-12-05,2017-12-05,2017,-0.07112158270019453,279141.07581818756,0.0,-34716.0,-19852.9551088245
NATGAS,2017-12-12,2017-12-12,2017-12-12,2017,-0.08055653829201814,290211.57806748163,0.0,-48970.0,-23378.440101380096
NATGAS,2017-12-19,2017-12-19,2017-12-19,2017,0.0011129661694209148,311298.87790789217,0.0,1918.0,346.46511969017575
NATGAS,2017-12-26,2017-12-26,2017-12-26,2017,-0.01607210824757699,313721.2790623578,0.0,7696.0,-5042.162356658522
NATGAS,2018-01-02,2018-01-02,2018-01-02,2018,0.12954764571963961,345402.01473855536,0.0,58616.0,44746.01783620011
NATGAS,2018-01-09,2018-01-09,2018-01-09,2018,-0.04155104146391109,356349.7741989809,0.0,39869.0,-14806.704243397207
NATGAS,2018-01-16,2018-01-16,2018-01-16,2018,0.03784421329355725,350999.049058238,0.0,66175.0,13283.282878395723
NATGAS,2018-01-23,2018-01-23,2018-01-23,2018,0.02566379808904884,363125.7085903659,0.0,55382.0,9319.184866205938
NATGAS,2018-01-30,2018-01-30,2018-01-30,2018,0.05005857389484225,371227.46703722945,0.0,52746.0,18583.117590478265
NATGAS,2018-02-06,2018-02-06,2018-02-06,2018,-0.11373026740222425,378980.04421161127,0.0,-32406.0,-43101.50176829332
NATGAS,2018-02-13,2018-02-13,2018-02-13,2018,-0.0374155128068856,373147.5623511516,0.0,-70353.0,-13961.507398007656
NATGAS,2018-02-20,2018-02-20,2018-02-20,2018,0.00986350940519598,388035.89095501037,0.0,-28781.0,3827.395659988347
NATGAS,2018-02-27,2018-02-27,2018-02-27,2018,0.012753361153554188,391205.20638419257,0.0,366.0,4989.181282168311
NATGAS,2018-03-06,2018-03-06,2018-03-06,2018,0.023980725038481587,393612.48966799513,0.0,26388.0,9439.112886440365
NATGAS,2018-03-13,2018-03-13,2018-03-13,2018,0.011097303789954438,395569.61379766057,0.0,26123.0,4389.756174387592
NATGAS,2018-03-20,2018-03-20,2018-03-20,2018,-0.038096389941388864,399148.678213644,0.0,2905.0,-15206.123689816928
NATGAS,2018-03-27,2018-03-27,2018-03-27,2018,0.003691403231959711,396825.9308709733,0.0,-24408.0,1464.8445237425317
NATGAS,2018-04-03,2018-04-03,2018-04-03,2018,-0.004973823837404634,394254.7753960543,0.0,-6478.0,-1960.953799875505
NATGAS,2018-04-10,2018-04-10,2018-04-10,2018,-0.018753996973321918,395666.13283824816,0.0,1432.0,-7420.321457694494
NATGAS,2018-04-17,2018-04-17,2018-04-17,2018,0.02782024221107493,395988.7330819118,0.0,41420.0,11016.502467195487
NATGAS,2018-04-24,2018-04-24,2018-04-24,2018,0.015404209308472527,398624.2817320172,0.0,3369.0,6140.491871239514
NATGAS,2018-05-01,2018-05-01,2018-05-01,2018,-0.004806744920883954,398884.52618899755,0.0,-26348.0,-1917.3361702781665
NATGAS,2018-05-08,2018-05-08,2018-05-08,2018,-0.02751647609765584,397951.61078329186,0.0,-41658.0,-10950.22598614209
NATGAS,2018-05-15,2018-05-15,2018-05-15,2018,0.03349083932558594,401142.1115536542,0.0,64690.0,13434.586004769704
NATGAS,2018-05-22,2018-05-22,2018-05-22,2018,0.028326591697624526,410132.24616754206,0.0,42605.0,11617.648679217595
NATGAS,2018-05-29,2018-05-29,2018-05-29,2018,-0.01130342570977616,411584.73501820886,0.0,-9107.0,-4652.31747555623
NATGAS,2018-06-05,2018-06-05,2018-06-05,2018,-0.003017189177216828,415426.2153583472,0.0,3991.0,-1253.4194809113524
NATGAS,2018-06-12,2018-06-12,2018-06-12,2018,0.00753944626885783,411040.3307889883,0.0,-2025.0,3099.0164883171265
NATGAS,2018-06-19,2018-06-19,2018-06-19,2018,-0.008571970883046731,411537.6410480719,0.0,-3922.0,-3527.6886763418097
NATGAS,2018-06-26,2018-06-26,2018-06-26,2018,0.009254564766205675,412910.9820755758,0.0,-20900.0,3821.3114262960066
NATGAS,2018-07-03,2018-07-03,2018-07-03,2018,-0.021532125312829553,413585.7154469625,0.0,-43505.0,-8905.379452600262
NATGAS,2018-07-10,2018-07-10,2018-07-10,2018,-0.03140872029655073,420342.98248445883,0.0,-38087.0,-13202.43516547229
NATGAS,2018-07-17,2018-07-17,2018-07-17,2018,-0.01866476873894607,424806.74924336764,0.0,-40441.0,-7928.91973337091
NATGAS,2018-07-24,2018-07-24,2018-07-24,2018,0.004423155018169478,427390.5461864985,0.0,-19894.0,1890.4146390830047
NATGAS,2018-07-31,2018-07-31,2018-07-31,2018,0.022905927850917163,426944.4143796535,0.0,19065.0,9779.557952132423
NATGAS,2018-08-07,2018-08-07,2018-08-07,2018,0.03580586074913894,427725.1899112652,0.0,55076.0,15315.06858886177
NATGAS,2018-08-14,2018-08-14,2018-08-14,2018,0.02250350672331214,433665.6981242861,0.0,65214.0,9758.998953409724
NATGAS,2018-08-21,2018-08-21,2018-08-21,2018,-0.0006745362819002843,439323.50651816087,0.0,21812.0,-296.3396446381555
NATGAS,2018-08-28,2018-08-28,2018-08-28,2018,-0.04097663985554645,436045.89015215414,0.0,-32133.0,-17867.695401255987
NATGAS,2018-09-04,2018-09-04,2018-09-04,2018,-0.008911611193754165,436392.94075117813,0.0,-25964.0,-3888.964215673497
NATGAS,2018-09-11,2018-09-11,2018-09-11,2018,-0.005291950963455694,437521.037864422,0.0,-43042.0,-2315.339877858763
NATGAS,2018-09-18,2018-09-18,2018-09-18,2018,0.024114395812016465,422551.16000222106,0.0,-3368.0,10189.565923120259
NATGAS,2018-09-25,2018-09-25,2018-09-25,2018,0.054430632983400784,419332.28923381964,0.0,65321.0,22824.5219333753
NATGAS,2018-10-02,2018-10-02,2018-10-02,2018,0.03028427561993574,431736.8255332461,0.0,68562.0,13074.837019724935
NATGAS,2018-10-09,2018-10-09,2018-10-09,2018,0.01805158394821449,437910.0791278336,0.0,37879.0,7904.970555145338
NATGAS,2018-10-16,2018-10-16,2018-10-16,2018,0.0009092287336489591,444048.2533490223,0.0,-8291.0,403.7414310715637
NATGAS,2018-10-23,2018-10-23,2018-10-23,2018,-0.005467814351600264,442465.09546559904,0.0,2795.0,-2419.3169990689835
NATGAS,2018-10-30,2018-10-30,2018-10-30,2018,-0.029677603084256265,462366.9945564269,0.0,-19471.0,-13721.944143706114
NATGAS,2018-11-06,2018-11-06,2018-11-06,2018,0.10462595419686327,451487.50055090786,0.0,17295.0,47237.310553095565
NATGAS,2018-11-13,2018-11-13,2018-11-13,2018,0.14618474294142736,438768.680452386,0.0,34007.0,64141.286762681324
NATGAS,2018-11-20,2018-11-20,2018-11-20,2018,0.08634802704822375,422476.88776467915,0.0,-41272.0,36480.045731953905
NATGAS,2018-11-27,2018-11-27,2018-11-27,2018,-0.05198038354401646,398996.5853530104,0.0,600.0,-20739.995539402382
NATGAS,2018-12-04,2018-12-04,2018-12-04,2018,0.045772489369451996,392799.23600860615,0.0,-7602.0,17979.398854532792
NATGAS,2018-12-11,2018-12-11,2018-12-11,2018,-0.010977571408406384,381800.0741638067,0.0,-10128.0,-4191.237577868041
NATGAS,2018-12-18,2018-12-18,2018-12-18,2018,-0.12917933861938957,396862.03394281137,0.0,-6619.0,-51266.37506787811
NATGAS,2018-12-25,2018-12-24,2018-12-24,2018,-0.08910286830384972,377417.71442259,0.0,-24248.0,-33629.000903736
NATGAS,2019-01-01,2018-12-31,2018-12-31,2018,-0.15210777819745847,398311.71008041804,0.0,3129.0,-60586.30925036261
NATGAS,2019-01-08,2019-01-08,2019-01-08,2019,-0.005627872750819662,377652.46345925005,0.0,-6210.0,-2125.3800083822316
NATGAS,2019-01-15,2019-01-15,2019-01-15,2019,0.1363053195072479,376244.47329233965,0.0,17966.0,51284.12314494855
NATGAS,2019-01-22,2019-01-22,2019-01-22,2019,-0.08911212983145056,356179.75847085816,0.0,7333.0,-31739.936880189813
NATGAS,2019-01-29,2019-01-29,2019-01-29,2019,-0.023490441813019736,340472.20260983217,0.0,-9827.0,-7997.842464356929
NATGAS,2019-02-05,2019-02-05,2019-02-05,2019,-0.07361872132646274,342044.5759300832,0.0,-20138.0,-25180.884316624924
NATGAS,2019-02-12,2019-02-12,2019-02-12,2019,0.02054227230031369,340897.4651165791,0.0,-30609.0,7002.808554911455
NATGAS,2019-02-19,2019-02-19,2019-02-19,2019,-0.0029618681408516423,338330.1004848419,0.0,-23473.0,-1002.089145717188
NATGAS,2019-02-26,2019-02-26,2019-02-26,2019,0.03604978021397098,343055.6578042349,0.0,-18000.0,12367.081065001907
NATGAS,2019-03-05,2019-03-05,2019-03-05,2019,0.02708421972820485,339102.02439881844,0.0,36239.0,9184.31373909668
NATGAS,2019-03-12,2019-03-12,2019-03-12,2019,-0.030630805202879863,341923.4530866762,0.0,10637.0,-10473.39068579401
NATGAS,2019-03-19,2019-03-19,2019-03-19,2019,0.02646123696615499,337656.95450270694,0.0,6355.0,8934.820686366342
NATGAS,2019-03-26,2019-03-26,2019-03-26,2019,-0.0430441692435406,334973.4908330926,0.0,-13238.0,-14418.655631519232
NATGAS,2019-04-02,2019-04-02,2019-04-02,2019,-0.029574891417038174,334489.8231984174,0.0,-18747.0,-9892.50020119749
NATGAS,2019-04-09,2019-04-09,2019-04-09,2019,0.006225986051666688,333365.8910224922,0.0,-22334.0,2075.5313876074733
NATGAS,2019-04-16,2019-04-16,2019-04-16,2019,-0.0455642667329319,335361.14006526466,0.0,-36100.0,-15280.484437793853
NATGAS,2019-04-23,2019-04-23,2019-04-23,2019,-0.04613797169519307,339244.33644720865,0.0,-32426.0,-15652.045592755867
NATGAS,2019-04-30,2019-04-30,2019-04-30,2019,0.029958882262884234,342588.3326693446,0.0,-28313.0,10263.563523078712
NATGAS,2019-05-07,2019-05-07,2019-05-07,2019,-0.016956090248401612,336791.5154180413,0.0,1112.0,-5710.667330324251
NATGAS,2019-05-14,2019-05-14,2019-05-14,2019,0.04409684398712077,335870.6852131504,0.0,-2247.0,14810.837205691645
NATGAS,2019-05-21,2019-05-21,2019-05-21,2019,-0.01801174397173222,332731.27141855215,0.0,-12599.0,-5993.070472179904
NATGAS,2019-05-28,2019-05-28,2019-05-28,2019,-0.02181904739463958,333185.778940907,0.0,-31682.0,-7269.796301931555
NATGAS,2019-06-04,2019-06-04,2019-06-04,2019,-0.06842635794801666,325653.26375385857,0.0,-42377.0,-22283.266792561404
NATGAS,2019-06-11,2019-06-11,2019-06-11,2019,-0.010806422701653773,322137.6112004513,0.0,-42522.0,-3481.155194733074
NATGAS,2019-06-18,2019-06-18,2019-06-18,2019,-0.03486747763399256,323111.8991002145,0.0,-30412.0,-11266.09691515359
NATGAS,2019-06-25,2019-06-25,2019-06-25,2019,-0.01087676591962472,324208.12695932447,0.0,-18656.0,-3526.335906176545
NATGAS,2019-07-02,2019-07-02,2019-07-02,2019,-0.019319537532475284,322645.1490621635,0.0,-579.0,-6233.35506697755
NATGAS,2019-07-09,2019-07-09,2019-07-09,2019,0.08595834943839398,325604.62565329316,0.0,15900.0,27988.436190663233
NATGAS,2019-07-16,2019-07-16,2019-07-16,2019,-0.05530971469994883,322967.31700051983,0.0,5076.0,-17863.230160706687
NATGAS,2019-07-23,2019-07-23,2019-07-23,2019,-0.004823512969705401,317911.49439670786,0.0,-37238.0,-1533.4502164409464
NATGAS,2019-07-30,2019-07-30,2019-07-30,2019,-0.06257707606590301,318257.0786925139,0.0,-39422.0,-19915.597421853527
NATGAS,2019-08-06,2019-08-06,2019-08-06,2019,-0.013686116315626329,322306.5985388357,0.0,1995.0,-4411.125596896384
NATGAS,2019-08-13,2019-08-13,2019-08-13,2019,0.016344048152977297,322066.3432392565,0.0,-14547.0,5263.867822355722
NATGAS,2019-08-20,2019-08-20,2019-08-20,2019,0.027411492417786842,315882.0736012918,0.0,29866.0,8658.799065436595
NATGAS,2019-08-27,2019-08-27,2019-08-27,2019,-0.012242274864687985,318237.49073842267,0.0,-5053.0,-3895.950833868367
NATGAS,2019-09-03,2019-09-03,2019-09-03,2019,0.07247977172298148,318571.47171799,0.0,36152.0,23089.987547574165
NATGAS,2019-09-10,2019-09-10,2019-09-10,2019,0.08895636232075832,322305.2657092724,0.0,79164.0,28671.10399432232
NATGAS,2019-09-17,2019-09-17,2019-09-17,2019,0.03007745523727756,339374.2767127475,0.0,37029.0,10207.514616511113
NATGAS,2019-09-24,2019-09-24,2019-09-24,2019,-0.06701071028296068,337266.712630462,0.0,-15869.0,-22600.48196816645
NATGAS,2019-10-01,2019-10-01,2019-10-01,2019,-0.09000368821067495,329328.3593984156,0.0,-45510.0,-29640.7669782281
NATGAS,2019-10-08,2019-10-08,2019-10-08,2019,0.00442567610315292,332051.28140248964,0.0,-49174.0,1469.551421124304
NATGAS,2019-10-15,2019-10-15,2019-10-15,2019,0.016325268001886606,330886.8710820586,0.0,-26833.0,5401.816848720309
NATGAS,2019-10-22,2019-10-22,2019-10-22,2019,-0.03332972631189923,327377.69729521987,0.0,-17791.0,-10911.409051469473
NATGAS,2019-10-29,2019-10-29,2019-10-29,2019,0.07472027955115612,328330.70164078375,0.0,34036.0,24532.961811826597
NATGAS,2019-11-05,2019-11-05,2019-11-05,2019,0.07109946263503142,326723.8589836198,0.0,83495.0,23229.890803779148
NATGAS,2019-11-12,2019-11-12,2019-11-12,2019,-0.07998601993791299,340670.729291568,0.0,10560.0,-27248.895745378715
NATGAS,2019-11-19,2019-11-19,2019-11-19,2019,-0.052185753170570504,331793.511879076,0.0,-50647.0,-17314.894314518213
NATGAS,2019-11-26,2019-11-26,2019-11-26,2019,-0.01683343722256847,338759.78655825125,0.0,-46521.0,-5702.491600559017
NATGAS,2019-12-03,2019-12-03,2019-12-03,2019,-0.04348990185349111,342354.70048747596,0.0,-45336.0,-14888.972323281674
NATGAS,2019-12-10,2019-12-10,2019-12-10,2019,-0.06085853690632392,344489.3459798453,0.0,-15995.0,-20965.11757614981
NATGAS,2019-12-17,2019-12-17,2019-12-17,2019,0.017521254187147672,337095.9936206735,0.0,5049.0,5906.344589696931
NATGAS,2019-12-24,2019-12-24,2019-12-24,2019,-0.05168187914391753,337034.5478698859,0.0,-7014.0,-17418.57877033633
NATGAS,2019-12-31,2019-12-31,2019-12-31,2019,0.0009140768460951243,335844.8037413793,0.0,4127.0,306.987958981356
NATGAS,2020-01-07,2020-01-07,2020-01-07,2020,-0.002319648453716905,328273.62533698726,0.0,-9378.0,-761.479407408985
NATGAS,2020-01-14,2020-01-14,2020-01-14,2020,-0.0009293680966329099,337025.52660390345,0.0,-19376.0,-313.22077217657386
NATGAS,2020-01-21,2020-01-21,2020-01-21,2020,-0.12988526176622006,329163.7081691289,0.0,-26415.0,-42753.51439948698
NATGAS,2020-01-28,2020-01-28,2020-01-28,2020,0.010007984506722245,316893.10132679093,0.0,919.0,3171.461248365686
NATGAS,2020-02-04,2020-02-04,2020-02-04,2020,-0.027298890863221015,309938.00981057493,0.0,-19814.0,-8460.963904182809
NATGAS,2020-02-11,2020-02-11,2020-02-11,2020,-0.042422468426671855,312406.89390121127,0.0,-15109.0,-13253.071592798759
NATGAS,2020-02-18,2020-02-18,2020-02-18,2020,0.07805753247405711,304169.7616179198,0.0,37715.0,23742.741045116985
NATGAS,2020-02-25,2020-02-25,2020-02-25,2020,-0.06281499457922335,309510.47888486914,0.0,-16319.0,-19441.899053365876
NATGAS,2020-03-03,2020-03-03,2020-03-03,2020,-0.03515290397797388,308946.18691297463,0.0,19800.0,-10860.355642912968
NATGAS,2020-03-10,2020-03-10,2020-03-10,2020,0.07694089020565809,303212.3914233564,0.0,49381.0,23329.43131749949
NATGAS,2020-03-17,2020-03-17,2020-03-17,2020,-0.1152044989615062,309626.0482015087,0.0,111380.0,-35670.313748485976
NATGAS,2020-03-24,2020-03-24,2020-03-24,2020,-0.022871208476495042,252143.16731293953,0.0,43381.0,-5766.818945538011
NATGAS,2020-03-31,2020-03-31,2020-03-31,2020,-0.05284696486504625,248533.31241937578,0.0,16376.0,-13134.231229220315
NATGAS,2020-04-07,2020-04-07,2020-04-07,2020,0.10427792531249924,243032.46459863795,0.0,28815.0,25342.921191929385
NATGAS,2020-04-14,2020-04-14,2020-04-14,2020,-0.06518863835264721,244620.29842568722,0.0,6226.0,-15946.46416778876
NATGAS,2020-04-21,2020-04-21,2020-04-21,2020,0.08298722668990521,236651.96758740774,0.0,35430.0,19639.090480788305
NATGAS,2020-04-28,2020-04-28,2020-04-28,2020,-0.018311803642338198,240908.13387118702,0.0,14461.0,-4411.462443291301
NATGAS,2020-05-05,2020-05-05,2020-05-05,2020,0.06389899856284309,239398.87711527996,0.0,36501.0,15297.348504735524
NATGAS,2020-05-12,2020-05-12,2020-05-12,2020,-0.16262070548890506,240646.34487586725,0.0,-56560.0,-39134.078377039885
NATGAS,2020-05-19,2020-05-19,2020-05-19,2020,0.010126668817929563,243420.3443195426,0.0,16613.0,2465.0372104703897
NATGAS,2020-05-26,2020-05-26,2020-05-26,2020,-0.020356937068744863,240845.08493884088,0.0,-18817.0,-4902.868237416495
NATGAS,2020-06-02,2020-06-02,2020-06-02,2020,-0.08416314715662576,241470.61699045956,0.0,-5056.0,-20322.927071769263
NATGAS,2020-06-09,2020-06-09,2020-06-09,2020,-0.0069537589645820574,237782.3396942451,0.0,-1404.0,-1653.481076268153
NATGAS,2020-06-16,2020-06-16,2020-06-16,2020,-0.0909717782057271,237860.85415057553,0.0,-46994.0,-21638.62486761096
NATGAS,2020-06-23,2020-06-23,2020-06-23,2020,-0.005896243497280906,244354.7972086242,0.0,29525.0,-1440.775384070745
NATGAS,2020-06-30,2020-06-30,2020-06-30,2020,0.034866983387270345,244444.87528005018,0.0,24715.0,8523.055405492882
NATGAS,2020-07-07,2020-07-07,2020-07-07,2020,0.0805155717339332,243712.419976131,0.0,28239.0,19622.64483303863
NATGAS,2020-07-14,2020-07-14,2020-07-14,2020,-0.08163414008322256,242982.1798657691,0.0,15315.0,-19835.641308888975
NATGAS,2020-07-21,2020-07-21,2020-07-21,2020,-0.041708416001702275,233290.40586556107,0.0,-13462.0,-9730.173297046786
NATGAS,2020-07-28,2020-07-28,2020-07-28,2020,0.08389489608781187,233966.82287604985,0.0,18719.0,19628.622293181685
NATGAS,2020-08-04,2020-08-04,2020-08-04,2020,0.14067708415542146,232921.84131961304,0.0,56510.0,32766.76547295493
NATGAS,2020-08-11,2020-08-11,2020-08-11,2020,-0.009903202572120406,237174.01541754894,0.0,24892.0,-2348.782319523196
NATGAS,2020-08-18,2020-08-18,2020-08-18,2020,0.10076320522304538,233043.81819114988,0.0,-204.0,23482.242078356914
NATGAS,2020-08-25,2020-08-25,2020-08-25,2020,0.015528262326554909,227139.3506834754,0.0,10181.0,3527.0794220963553
NATGAS,2020-09-01,2020-09-01,2020-09-01,2020,0.006483936206906016,225060.78279403847,0.0,-1594.0,1459.2797583128765
NATGAS,2020-09-08,2020-09-08,2020-09-08,2020,-0.0031072008427486253,224477.86269433843,0.0,-13804.0,-697.4978041422586
NATGAS,2020-09-15,2020-09-15,2020-09-15,2020,-0.05362548697587055,224026.19382985053,0.0,3296.0,-12013.5137394765
NATGAS,2020-09-22,2020-09-22,2020-09-22,2020,-0.053965884640038375,222511.97011684836,0.0,-23046.0,-12008.055310353504
NATGAS,2020-09-29,2020-09-29,2020-09-29,2020,-0.013959125463222755,216795.73417170014,0.0,14107.0,-3026.278853194251
NATGAS,2020-10-06,2020-10-06,2020-10-06,2020,-0.02012502386905002,211526.91142042523,0.0,14116.0,-4256.984141282486
NATGAS,2020-10-13,2020-10-13,2020-10-13,2020,0.04762053739322791,209076.52977951508,0.0,10875.0,9956.336704411728
NATGAS,2020-10-20,2020-10-20,2020-10-20,2020,0.003995702257907574,209203.87590821955,0.0,16225.0,835.9163993294887
NATGAS,2020-10-27,2020-10-27,2020-10-27,2020,0.015523063186492436,209409.3535393119,0.0,-31068.0,3250.674626833272
NATGAS,2020-11-03,2020-11-03,2020-11-03,2020,-0.0693758753222058,207113.67856177487,0.0,-16397.0,-14368.6927414251
NATGAS,2020-11-10,2020-11-10,2020-11-10,2020,-0.038932804681149236,208619.85446461552,0.0,-6130.0,-8122.156046480655
NATGAS,2020-11-17,2020-11-17,2020-11-17,2020,-0.07744277120735443,207054.94507464863,0.0,-17908.0,-16034.908738767352
NATGAS,2020-11-24,2020-11-24,2020-11-24,2020,0.0194992250514332,221025.2643921298,0.0,-17806.0,4309.821372434663
NATGAS,2020-12-01,2020-12-01,2020-12-01,2020,-0.005179666844427722,221552.8759936545,0.0,13517.0,-1147.5700860719387
NATGAS,2020-12-08,2020-12-08,2020-12-08,2020,-0.16902127760647456,223534.03218699986,0.0,-47534.0,-37782.007708773526
NATGAS,2020-12-15,2020-12-15,2020-12-15,2020,0.10122314939186516,227443.75586368146,0.0,16104.0,23022.573278036336
NATGAS,2020-12-22,2020-12-21,2020-12-21,2020,0.0033525827639619976,233134.97597513723,0.0,-2810.0,781.6043021309395
NATGAS,2020-12-29,2020-12-29,2020-12-29,2020,-0.0955333359773789,232300.914763476,0.0,-14038.0,-22192.48133795161
NATGAS,2021-01-05,2021-01-05,2021-01-05,2021,0.09469867464167603,245946.69189507992,0.0,13500.0,23290.82575496871
NATGAS,2021-01-12,2021-01-12,2021-01-12,2021,0.012639573475382804,243439.22357687427,0.0,31478.0,3076.967953190044
NATGAS,2021-01-19,2021-01-19,2021-01-19,2021,-0.0680170429443363,250156.9225467225,0.0,-16883.0,-17014.934143683433
NATGAS,2021-01-26,2021-01-26,2021-01-26,2021,0.04143864895243343,257488.32020829304,0.0,1587.0,10669.968110463227
NATGAS,2021-02-02,2021-02-02,2021-02-02,2021,0.05590355740462272,256196.35820618298,0.0,45929.0,14322.287817834635
NATGAS,2021-02-09,2021-02-09,2021-02-09,2021,0.0017727357948640332,260872.74205272904,0.0,1205.0,462.4584477412045
NATGAS,2021-02-16,2021-02-16,2021-02-16,2021,0.05512935626125959,262944.2393904055,0.0,3916.0,14495.94665019959
NATGAS,2021-02-23,2021-02-23,2021-02-23,2021,-0.04315738228397592,261139.0798260776,0.0,-11318.0,-11270.079097339734
NATGAS,2021-03-02,2021-03-02,2021-03-02,2021,-0.007339731240587177,263883.0841615203,0.0,-3426.0,-1936.8309166828058
NATGAS,2021-03-09,2021-03-09,2021-03-09,2021,-0.06428348119925253,261726.12129300975,0.0,-40813.0,-16824.666197492483
NATGAS,2021-03-16,2021-03-16,2021-03-16,2021,-0.03741226036944845,267541.4713751519,0.0,-58714.0,-10009.331186712521
NATGAS,2021-03-23,2021-03-23,2021-03-23,2021,-0.016696175070263664,272598.33561315015,0.0,9127.0,-4551.349535259645
NATGAS,2021-03-30,2021-03-30,2021-03-30,2021,0.026657943274389417,271789.826292928,0.0,13341.0,7245.3577718730285
NATGAS,2021-04-06,2021-04-06,2021-04-06,2021,-0.05610126544522753,271364.2691233449,0.0,-19003.0,-15223.878894438934
NATGAS,2021-04-13,2021-04-13,2021-04-13,2021,0.061181156475081266,272353.570294953,0.0,18369.0,16662.906400762564
NATGAS,2021-04-20,2021-04-20,2021-04-20,2021,0.038921079132590464,269697.90805115894,0.0,21857.0,10496.933621153265
NATGAS,2021-04-27,2021-04-27,2021-04-27,2021,0.04839934999659601,268388.89588055445,0.0,-6259.0,12989.84810692292
NATGAS,2021-05-04,2021-05-04,2021-05-04,2021,0.007606415225339447,268816.8465502169,0.0,16485.0,2044.7325544273076
NATGAS,2021-05-11,2021-05-11,2021-05-11,2021,-0.004325410170775257,269376.93951003626,0.0,3252.0,-1165.165753929022
NATGAS,2021-05-18,2021-05-18,2021-05-18,2021,0.026001135649814877,271027.38032277965,0.0,6177.0,7047.019680586561
NATGAS,2021-05-25,2021-05-25,2021-05-25,2021,-0.034372187378724384,270586.0116965702,0.0,-33960.0,-9300.633096096219
NATGAS,2021-06-01,2021-06-01,2021-06-01,2021,0.04283817907192855,271363.19470596476,0.0,14694.0,11624.705128344733
NATGAS,2021-06-08,2021-06-08,2021-06-08,2021,0.0044685679208784634,267249.2884372305,0.0,12393.0,1194.221597188204
NATGAS,2021-06-15,2021-06-15,2021-06-15,2021,0.03627664822013177,266209.9712268876,0.0,8772.0,9657.205478889202
NATGAS,2021-06-22,2021-06-22,2021-06-22,2021,0.00642892157638375,264098.0091555674,0.0,-10266.0,1697.8653893402204
NATGAS,2021-06-29,2021-06-29,2021-06-29,2021,0.10230427856008184,263415.0247944704,0.0,43567.0,26948.484073484364
NATGAS,2021-07-06,2021-07-06,2021-07-06,2021,0.001069733337285328,268193.00000871136,0.0,8538.0,286.8949929358828
NATGAS,2021-07-13,2021-07-13,2021-07-13,2021,0.020302480610509654,269894.01016127743,0.0,-7874.0,5479.5179081920305
NATGAS,2021-07-20,2021-07-20,2021-07-20,2021,0.045136411124993,272188.57375164464,0.0,-6518.0,12285.615368379711
NATGAS,2021-07-27,2021-07-27,2021-07-27,2021,0.023095714794649336,269396.5339521571,0.0,-13704.0,6221.905514826086
NATGAS,2021-08-03,2021-08-03,2021-08-03,2021,0.021042537210052892,264234.1919256809,0.0,2470.0,5560.157815764398
NATGAS,2021-08-10,2021-08-10,2021-08-10,2021,0.01745588269098164,264266.63088374323,0.0,9808.0,4613.007307847567
NATGAS,2021-08-17,2021-08-17,2021-08-17,2021,-0.06338555862727668,265366.0292775633,0.0,-41224.0,-16820.37400646061
NATGAS,2021-08-24,2021-08-24,2021-08-24,2021,0.016737869835492525,267898.80664214503,0.0,-15643.0,4484.055354660004
NATGAS,2021-08-31,2021-08-31,2021-08-31,2021,0.11129283354049413,266919.9858922469,0.0,41275.0,29706.281558536873
NATGAS,2021-09-07,2021-09-07,2021-09-07,2021,0.04204158949492243,267105.9159559491,0.0,15082.0,11229.557270285262
NATGAS,2021-09-14,2021-09-14,2021-09-14,2021,0.13933790411113112,254130.16138196507,0.0,-8451.0,35409.964058386526
NATGAS,2021-09-21,2021-09-21,2021-09-21,2021,-0.09132191355007979,236000.485544633,0.0,-38065.0,-21552.01593868383
NATGAS,2021-09-28,2021-09-28,2021-09-28,2021,0.19422890339466914,239860.76933539825,0.0,-9575.0,46587.894195416084
NATGAS,2021-10-05,2021-10-05,2021-10-05,2021,0.06881385680806451,208711.7905620701,0.0,2373.0,14362.263269893041
NATGAS,2021-10-12,2021-10-12,2021-10-12,2021,-0.1273317447449971,207289.01776445497,0.0,-5545.0,-26394.472298424746
NATGAS,2021-10-19,2021-10-19,2021-10-19,2021,-0.056857226223752555,202376.3649069728,0.0,-23268.0,-11506.55876185645
NATGAS,2021-10-26,2021-10-26,2021-10-26,2021,0.11516278336179075,203056.2165390109,0.0,-9515.0,23384.519075546985
NATGAS,2021-11-02,2021-11-02,2021-11-02,2021,-0.08118003187879452,191498.98983874783,0.0,-8944.0,-15545.894099866497
NATGAS,2021-11-09,2021-11-09,2021-11-09,2021,-0.10654324790687575,179302.96194680347,0.0,-10704.0,-19103.51992513539
NATGAS,2021-11-16,2021-11-16,2021-11-16,2021,0.038689544950178956,181706.94178482506,0.0,15163.0,7030.15889194354
NATGAS,2021-11-23,2021-11-23,2021-11-23,2021,-0.04561683638274516,177677.6132595924,0.0,7544.0,-8105.0906129395
NATGAS,2021-11-30,2021-11-30,2021-11-30,2021,-0.09755699196766399,174511.07655827515,0.0,-5287.0,-17024.775694064043
NATGAS,2021-12-07,2021-12-07,2021-12-07,2021,-0.20412885521711877,168511.38438574286,0.0,-36573.0,-34398.03598571355
NATGAS,2021-12-14,2021-12-14,2021-12-14,2021,0.010559188402009312,168699.79893668275,0.0,10279.0,1781.3329603535233
NATGAS,2021-12-21,2021-12-21,2021-12-21,2021,0.01629527175141554,168805.43228744893,0.0,-5902.0,2750.730392239155
NATGAS,2021-12-28,2021-12-28,2021-12-28,2021,0.028987536873252395,168700.1715871526,0.0,17945.0,4890.202444406592
NATGAS,2022-01-04,2022-01-04,2022-01-04,2022,-0.033710939491685465,169448.74905321418,0.0,1270.0,-5712.276526274698
NATGAS,2022-01-11,2022-01-11,2022-01-11,2022,0.10234088578410594,168938.1526879933,0.0,34929.0,17289.280188819772
NATGAS,2022-01-18,2022-01-18,2022-01-18,2022,0.01996074256253877,172427.26526528734,0.0,1465.0,3441.776252722984
NATGAS,2022-01-25,2022-01-25,2022-01-25,2022,-0.03878602503515616,171294.7755258535,0.0,-6146.0,-6643.843451937209
NATGAS,2022-02-01,2022-02-01,2022-02-01,2022,0.20241833018827426,171271.9485411091,0.0,37725.0,34668.58183178334
NATGAS,2022-02-08,2022-02-08,2022-02-08,2022,-0.08080836261933522,171654.1522052828,0.0,-12801.0,-13871.090976519052
NATGAS,2022-02-15,2022-02-15,2022-02-15,2022,0.005438008435870945,170882.2308368897,0.0,-41876.0,929.2590128314523
NATGAS,2022-02-22,2022-02-22,2022-02-22,2022,0.050573865653674055,166898.8251012918,0.0,6140.0,8440.718758428775
NATGAS,2022-03-01,2022-03-01,2022-03-01,2022,0.026167757209525355,165995.7393273138,0.0,-1393.0,4343.736204532807
NATGAS,2022-03-08,2022-03-08,2022-03-08,2022,-0.007641124395724397,167401.72900303916,0.0,-12970.0,-1279.1374353715669
NATGAS,2022-03-15,2022-03-15,2022-03-15,2022,0.011764841579585905,162254.93849806866,0.0,2015.0,1908.903646935232
NATGAS,2022-03-22,2022-03-22,2022-03-22,2022,0.1240923562059324,191344.53969001962,0.0,7114.0,23744.394777274083
NATGAS,2022-03-29,2022-03-29,2022-03-29,2022,0.019513738446968354,189511.80731892728,0.0,6550.0,3698.08384063381
NATGAS,2022-04-05,2022-04-05,2022-04-05,2022,0.12584516370899212,192260.55713144253,0.0,15574.0,24195.061286988417
NATGAS,2022-04-12,2022-04-12,2022-04-12,2022,0.1018671912364173,188507.14520199088,0.0,9651.0,19202.693409722287
NATGAS,2022-04-19,2022-04-19,2022-04-19,2022,0.07325211077214666,188941.37662107797,0.0,-3861.0,13840.354649689085
NATGAS,2022-04-26,2022-04-26,2022-04-26,2022,-0.041956346600366956,183476.65841544585,0.0,3925.0,-7698.010273555581
NATGAS,2022-05-03,2022-05-03,2022-05-03,2022,0.12459251221926326,183177.14335857122,0.0,-5389.0,22822.500472192525
NATGAS,2022-05-10,2022-05-10,2022-05-10,2022,-0.07206835696251446,173906.73197490728,0.0,-8281.0,-12533.172438151945
NATGAS,2022-05-17,2022-05-17,2022-05-17,2022,0.11702385285783468,164630.9416222209,0.0,-3602.0,19265.74708824555
NATGAS,2022-05-24,2022-05-24,2022-05-24,2022,0.05131712064647154,159418.2573514787,0.0,609.0,8180.885945756081
NATGAS,2022-05-31,2022-05-31,2022-05-31,2022,-0.0814300435038624,158122.77493546356,0.0,-14870.0,-12875.944441946242
NATGAS,2022-06-07,2022-06-07,2022-06-07,2022,0.1311015567500542,159697.44096999665,0.0,-384.0,20936.583120166444
NATGAS,2022-06-14,2022-06-14,2022-06-14,2022,-0.25634662326941937,154714.16393705326,0.0,-19787.0,-39660.453497214985
NATGAS,2022-06-21,2022-06-21,2022-06-21,2022,-0.05687990109619001,141640.78458291024,0.0,-9506.0,-8056.51381826269
NATGAS,2022-06-28,2022-06-28,2022-06-28,2022,-0.03190564946742347,142061.16381072236,0.0,-13818.0,-4532.553695479132
NATGAS,2022-07-05,2022-07-05,2022-07-05,2022,-0.17421499739159207,141429.44804068375,0.0,-1971.0,-24639.130921502026
NATGAS,2022-07-12,2022-07-12,2022-07-12,2022,0.09287170040547288,133211.1447681497,0.0,-16672.0,12371.545527577675
NATGAS,2022-07-19,2022-07-19,2022-07-19,2022,0.1718589982236054,132347.38538777074,0.0,15500.0,22745.08907025571
NATGAS,2022-07-26,2022-07-26,2022-07-26,2022,0.21047624611344373,130013.33072658992,0.0,-2947.0,27364.717796038298
NATGAS,2022-08-02,2022-08-02,2022-08-02,2022,-0.13407283576264417,120141.31666171039,0.0,-6891.0,-16107.687017093322
NATGAS,2022-08-09,2022-08-09,2022-08-09,2022,0.016363181564662543,110564.11916627991,0.0,-3205.0,1809.180756454824
NATGAS,2022-08-16,2022-08-16,2022-08-16,2022,0.17387276048017553,110810.68151865005,0.0,14258.0,19266.95908633725
NATGAS,2022-08-23,2022-08-23,2022-08-23,2022,-0.01689631877991893,111186.45451006932,0.0,-4171.0,-1878.641779411086
NATGAS,2022-08-30,2022-08-30,2022-08-30,2022,-0.012419789254059843,111059.86743685565,0.0,3308.0,-1379.3401481495705
NATGAS,2022-09-06,2022-09-06,2022-09-06,2022,-0.10305395269973383,111000.77394533093,0.0,-19592.0,-11439.06850779598
NATGAS,2022-09-13,2022-09-13,2022-09-13,2022,0.014747033843574453,112076.96979524966,0.0,-6733.0,1652.8028666558184
NATGAS,2022-09-20,2022-09-20,2022-09-20,2022,-0.06981600148506795,112584.80120889467,0.0,-4153.0,-7860.22064839627
NATGAS,2022-09-27,2022-09-27,2022-09-27,2022,-0.13950464146032093,110999.91453848068,0.0,-9604.0,-15485.003279817012
NATGAS,2022-10-04,2022-10-04,2022-10-04,2022,0.016197543277244097,110208.40525612036,0.0,-6523.0,1785.1054136520654
NATGAS,2022-10-11,2022-10-11,2022-10-11,2022,-0.03489220784995739,110463.7739846413,0.0,4590.0,-3854.3249617628203
NATGAS,2022-10-18,2022-10-18,2022-10-18,2022,-0.1050718737161489,109723.52559424531,0.0,6445.0,-11528.856424929174
NATGAS,2022-10-25,2022-10-25,2022-10-25,2022,-0.01144896808002649,107189.76263021109,0.0,2462.0,-1227.212170858903
NATGAS,2022-11-01,2022-11-01,2022-11-01,2022,-0.052933421892214394,107794.66976093211,0.0,9264.0,-5705.940732187345
NATGAS,2022-11-08,2022-11-08,2022-11-08,2022,0.07048298878069215,105957.53901409626,0.0,4699.0,7468.204033560297
NATGAS,2022-11-15,2022-11-15,2022-11-15,2022,-0.019971249727961826,105603.41667436385,0.0,3810.0,-2109.0322065297282
NATGAS,2022-11-22,2022-11-22,2022-11-22,2022,0.14677404746061562,104465.38292535547,0.0,-3480.0,15332.80707147751
NATGAS,2022-11-29,2022-11-29,2022-11-29,2022,-0.023360122407973805,101449.01925128316,0.0,7802.0,-2369.8615078788657
NATGAS,2022-12-06,2022-12-06,2022-12-06,2022,-0.28032016275067395,101239.69002049508,0.0,-9014.0,-28379.526383372962
NATGAS,2022-12-13,2022-12-13,2022-12-13,2022,0.22470425171647035,88620.71800972974,0.0,23927.0,19913.45212695265
NATGAS,2022-12-20,2022-12-20,2022-12-20,2022,-0.25528998493879174,88825.50088250365,0.0,-7403.0,-22676.26078247499
NATGAS,2022-12-27,2022-12-27,2022-12-27,2022,-0.018967086886754636,84702.10778858303,0.0,-8238.0,-1606.552237917311
NATGAS,2023-01-03,2023-01-03,2023-01-03,2023,-0.25396112468595033,84228.7400328912,0.0,-11524.0,-21390.82554963358
NATGAS,2023-01-10,2023-01-10,2023-01-10,2023,-0.09410245018892649,81168.7845203351,0.0,-12350.0,-7638.181502220542
NATGAS,2023-01-17,2023-01-17,2023-01-17,2023,-0.018578271513157496,81227.362791796,0.0,1.0,-1509.0640002437326
NATGAS,2023-01-24,2023-01-24,2023-01-24,2023,-0.06214360458251722,80422.13533955901,0.0,5553.0,-4997.721378223239
NATGAS,2023-01-31,2023-01-31,2023-01-31,2023,-0.1301258237992613,79836.7031800482,0.0,-1534.0,-10388.816770720876
NATGAS,2023-02-07,2023-02-07,2023-02-07,2023,-0.0284940646425067,76401.4435675387,0.0,12639.0,-2176.9876717942757
NATGAS,2023-02-14,2023-02-14,2023-02-14,2023,-0.004514680354525957,75982.0009303181,0.0,2990.0,-343.03444689768014
NATGAS,2023-02-21,2023-02-21,2023-02-21,2023,-0.19736629007120587,75981.99482137877,0.0,-9488.0,-14996.284430105105
NATGAS,2023-02-28,2023-02-28,2023-02-28,2023,0.23256162486072718,74609.78300064061,0.0,42093.0,17351.37236513524
NATGAS,2023-03-07,2023-03-07,2023-03-07,2023,-0.008065973942863458,79825.61447899841,0.0,942.0,-643.8713263606652
NATGAS,2023-03-14,2023-03-14,2023-03-14,2023,-0.05426285855936719,77719.3013092107,0.0,15818.0,-4217.271454274542
NATGAS,2023-03-21,2023-03-21,2023-03-21,2023,-0.07926853406515466,74823.97129091469,0.0,15405.0,-5931.186517164026
NATGAS,2023-03-28,2023-03-28,2023-03-28,2023,-0.14620114065194745,73447.1885954351,0.0,4682.0,-10738.062750331317
NATGAS,2023-04-04,2023-04-04,2023-04-04,2023,-0.018700685791493754,71170.00950401551,0.0,-13721.0,-1330.9279855122184
NATGAS,2023-04-11,2023-04-11,2023-04-11,2023,0.0029818978431670473,70625.2444105208,0.0,1077.0,210.59726398087753
NATGAS,2023-04-18,2023-04-18,2023-04-18,2023,0.06822694659524675,69857.92402513612,0.0,-8673.0,4766.192851717767
NATGAS,2023-04-25,2023-04-25,2023-04-25,2023,-0.03229994151010995,68374.01824446893,0.0,-19772.0,-2208.476790107537
NATGAS,2023-05-02,2023-05-02,2023-05-02,2023,-0.07562782993615436,69295.18814472626,0.0,-12944.0,-5240.644704403177
NATGAS,2023-05-09,2023-05-09,2023-05-09,2023,0.004128825023118843,69705.42671650504,0.0,-2159.0,287.8015100742827
NATGAS,2023-05-16,2023-05-16,2023-05-16,2023,0.04314315515448275,69710.11252159279,0.0,11256.0,3007.5142003555284
NATGAS,2023-05-23,2023-05-23,2023-05-23,2023,-0.017918058513492596,69925.48511673819,0.0,10443.0,-1252.9289339060704
NATGAS,2023-05-30,2023-05-30,2023-05-30,2023,-0.06730113906530022,68774.60490373938,0.0,-12376.0,-4628.609248787642
NATGAS,2023-06-06,2023-06-06,2023-06-06,2023,-0.016856956324793337,68790.70858638574,0.0,-22001.0,-1159.6019701922903
NATGAS,2023-06-13,2023-06-13,2023-06-13,2023,0.010860591296208533,69054.40007184965,0.0,8641.0,749.9716163852322
NATGAS,2023-06-20,2023-06-20,2023-06-20,2023,0.06552474010619225,68928.64351238363,0.0,27055.0,4516.531452021311
NATGAS,2023-06-27,2023-06-27,2023-06-27,2023,0.081777209738223,70295.80437568612,0.0,10235.0,5748.594738147577
NATGAS,2023-07-04,2023-07-03,2023-07-03,2023,-0.023076314756695027,67318.79569475511,0.0,21494.0,-1553.469718493815
NATGAS,2023-07-11,2023-07-11,2023-07-11,2023,-0.0037078277555249173,66838.98148754892,0.0,11295.0,-247.82743071055003
NATGAS,2023-07-18,2023-07-18,2023-07-18,2023,-0.027873744294774738,66967.30679813016,0.0,-26840.0,-1866.62958580081
NATGAS,2023-07-25,2023-07-25,2023-07-25,2023,0.04809873962542888,67968.25334534659,0.0,18949.0,3269.1873204530107
NATGAS,2023-08-01,2023-08-01,2023-08-01,2023,-0.06750136543829743,68950.06246259289,0.0,-20436.0,-4654.223363280917
NATGAS,2023-08-08,2023-08-08,2023-08-08,2023,0.06939199342400038,69872.54634847085,0.0,31158.0,4848.59527673125
NATGAS,2023-08-15,2023-08-15,2023-08-15,2023,-0.029408673846570643,71347.5816346681,0.0,-4415.0,-2098.2377580355273
NATGAS,2023-08-22,2023-08-22,2023-08-22,2023,-0.047496502928211726,69354.30677817976,0.0,-28001.0,-3294.0870349739093
NATGAS,2023-08-29,2023-08-29,2023-08-29,2023,0.003763647649303259,70636.14638055276,0.0,-17245.0,265.8495662810083
NATGAS,2023-09-05,2023-09-05,2023-09-05,2023,-0.011794520651956297,67264.62315802656,0.0,3331.0,-793.353986983402
NATGAS,2023-09-12,2023-09-12,2023-09-12,2023,0.007992050531337114,66761.60849526654,0.0,4749.0,533.5621486475153
NATGAS,2023-09-19,2023-09-19,2023-09-19,2023,0.0036417851870149676,69037.88372139292,0.0,-5423.0,251.4211422794305
NATGAS,2023-09-26,2023-09-26,2023-09-26,2023,-0.06167854778786985,66365.87940377233,0.0,-23471.0,-4093.351064289579
NATGAS,2023-10-03,2023-10-03,2023-10-03,2023,0.029399887062048435,71613.30038452835,0.0,15169.0,2105.4229434456834
NATGAS,2023-10-10,2023-10-10,2023-10-10,2023,0.09933576271931166,72143.78462920466,0.0,66665.0,7166.457871599798
NATGAS,2023-10-17,2023-10-17,2023-10-17,2023,-0.05361182711877266,78219.56398262014,0.0,-31313.0,-4193.493741542007
NATGAS,2023-10-24,2023-10-24,2023-10-24,2023,-0.043011047727192775,78585.56825162192,0.0,-16738.0,-3380.047626739076
NATGAS,2023-10-31,2023-10-31,2023-10-31,2023,0.07339816495486762,81200.56006312612,0.0,37786.0,5959.972101940966
NATGAS,2023-11-07,2023-11-07,2023-11-07,2023,-0.09628101545514145,83270.83808506437,0.0,-51847.0,-8017.400848630664
NATGAS,2023-11-14,2023-11-14,2023-11-14,2023,-0.043376028147236845,87163.17196189202,0.0,-33991.0,-3780.7922004214734
NATGAS,2023-11-21,2023-11-21,2023-11-21,2023,-0.10248300840248614,87988.97951045536,0.0,-32780.0,-9017.375326496178
NATGAS,2023-11-28,2023-11-28,2023-11-28,2023,-0.05352907304384669,90829.80134295249,0.0,-1478.0,-4862.035070644987
NATGAS,2023-12-05,2023-12-05,2023-12-05,2023,-0.04777650865330063,90991.48440264183,0.0,-17714.0,-4347.255441939486
NATGAS,2023-12-12,2023-12-12,2023-12-12,2023,-0.1744783793329292,87946.21412117568,0.0,-2165.0,-15344.712908329506
NATGAS,2023-12-19,2023-12-19,2023-12-19,2023,0.05472489968924599,85611.23925718365,0.0,2876.0,4685.066480621414
NATGAS,2023-12-26,2023-12-26,2023-12-26,2023,0.02215346607169444,85630.56878835215,0.0,16747.0,1897.013900352656
NATGAS,2024-01-02,2024-01-02,2024-01-02,2024,0.06355931789573521,85514.73692476732,0.0,26501.0,5435.2583489714525
NATGAS,2024-01-09,2024-01-09,2024-01-09,2024,0.12252172048186782,86947.23314261106,0.0,34435.0,10652.924595770786
NATGAS,2024-01-16,2024-01-16,2024-01-16,2024,-0.08509189365036995,87188.144312853,0.0,37536.0,-7419.004303442395
NATGAS,2024-01-23,2024-01-23,2024-01-23,2024,-0.13370442795300086,83528.57393086397,0.0,-31414.0,-11168.140195156107
NATGAS,2024-01-30,2024-01-30,2024-01-30,2024,-0.04241917766024539,85975.60182318903,0.0,-32588.0,-3647.014328184373
NATGAS,2024-02-06,2024-02-06,2024-02-06,2024,-0.04423380593294102,83149.03337193426,0.0,-26216.0,-3677.998205685776
NATGAS,2024-02-13,2024-02-13,2024-02-13,2024,-0.14160719138388966,83646.34770394642,0.0,-33428.0,-11844.92436787612
NATGAS,2024-02-20,2024-02-20,2024-02-20,2024,-0.056685776175433134,86817.32750646016,0.0,-30564.0,-4921.307595180475
NATGAS,2024-02-27,2024-02-27,2024-02-27,2024,0.09387315971510635,88133.61225447984,0.0,39281.0,8273.38065943404
NATGAS,2024-03-05,2024-03-05,2024-03-05,2024,0.07076957729974342,91011.08342853522,0.0,14850.0,6440.8159038291205
NATGAS,2024-03-12,2024-03-12,2024-03-12,2024,-0.13907005767757585,91488.45744461082,0.0,7389.0,-12723.30505365447
NATGAS,2024-03-19,2024-03-19,2024-03-19,2024,0.028658354887507898,88862.55376025036,0.0,11044.0,2546.6546018715044
NATGAS,2024-03-26,2024-03-26,2024-03-26,2024,-0.04804417383271087,89553.79278921435,0.0,2068.0,-4302.537988143583
NATGAS,2024-04-02,2024-04-02,2024-04-02,2024,0.03858863936507628,89175.46980437425,0.0,2411.0,3441.160044492248
NATGAS,2024-04-09,2024-04-09,2024-04-09,2024,-0.01966961951502899,88611.95434458338,0.0,-4861.0,-1742.9634264410754
NATGAS,2024-04-16,2024-04-16,2024-04-16,2024,-0.03751673938493294,88609.75545255753,0.0,-27387.0,-3324.3491022762414
NATGAS,2024-04-23,2024-04-23,2024-04-23,2024,0.0519470042139627,90224.89474301568,0.0,26921.0,4686.912987419777
NATGAS,2024-04-30,2024-04-30,2024-04-30,2024,-0.05043908736628566,91661.22076202693,0.0,-14787.0,-4623.308322116273
NATGAS,2024-05-07,2024-05-07,2024-05-07,2024,0.06348686873307852,94226.16121484352,0.0,47771.0,5982.123928268665
NATGAS,2024-05-14,2024-05-14,2024-05-14,2024,0.0349936301711784,96733.6425785348,0.0,44949.0,3385.061313504203
NATGAS,2024-05-21,2024-05-21,2024-05-21,2024,0.10383532031318321,99925.58724535898,0.0,27649.0,10375.805359104785
NATGAS,2024-05-28,2024-05-28,2024-05-28,2024,-0.004943512892430668,101929.21701501228,0.0,26637.0,-503.88839842907663
NATGAS,2024-06-04,2024-06-04,2024-06-04,2024,-0.08500870895527335,101262.91762624723,0.0,-26916.0,-8608.22989245147
NATGAS,2024-06-11,2024-06-11,2024-06-11,2024,0.17888244132048658,104629.13556429074,0.0,26100.0,18716.315202992475
NATGAS,2024-06-18,2024-06-18,2024-06-18,2024,-0.06568752633005026,107881.25664718308,0.0,-2829.0,-7086.452886530748
NATGAS,2024-06-25,2024-06-25,2024-06-25,2024,-0.04340336128661715,107391.15192599475,0.0,-4929.0,-4661.1369660299415
NATGAS,2024-07-02,2024-07-02,2024-07-02,2024,-0.15299661160915168,107058.78317918924,0.0,-32635.0,-16379.631069414796
NATGAS,2024-07-09,2024-07-09,2024-07-09,2024,-0.039057727251202046,112702.21660831444,0.0,-37684.0,-4401.892436893439
NATGAS,2024-07-16,2024-07-16,2024-07-16,2024,-0.06748069820620728,116729.92485430723,0.0,-24268.0,-7877.01683072676
NATGAS,2024-07-23,2024-07-23,2024-07-23,2024,0.008126455557024848,118776.34043510177,0.0,2444.0,965.2306517719079
NATGAS,2024-07-30,2024-07-30,2024-07-30,2024,-0.045065096468579924,125479.51171267458,0.0,3648.0,-5654.746300161984
NATGAS,2024-08-06,2024-08-06,2024-08-06,2024,-0.06240122486595112,126536.35685963552,0.0,956.0,-7896.023658116353
NATGAS,2024-08-13,2024-08-13,2024-08-13,2024,0.07228776738380382,125998.8004730097,0.0,-8489.0,9108.171979231236
NATGAS,2024-08-20,2024-08-20,2024-08-20,2024,0.021692824611259987,126067.71501730401,0.0,21356.0,2734.764831012683
NATGAS,2024-08-27,2024-08-27,2024-08-27,2024,-0.11109941232684584,126506.42273920166,0.0,-31499.0,-14054.789221896832
NATGAS,2024-09-03,2024-09-03,2024-09-03,2024,0.04054662843428414,128845.78841045841,0.0,987.0,5224.262308001251
NATGAS,2024-09-10,2024-09-10,2024-09-10,2024,-0.001962709167847798,127872.86844942055,0.0,19575.0,-250.97725122467318
NATGAS,2024-09-17,2024-09-17,2024-09-17,2024,0.026368336535989023,127977.21335884862,0.0,13801.0,3374.5462307841904
NATGAS,2024-09-24,2024-09-24,2024-09-24,2024,0.06590096801571033,128701.10280745197,0.0,24875.0,8481.527259700539
NATGAS,2024-10-01,2024-10-01,2024-10-01,2024,0.029023315188666743,131419.78964400868,0.0,-897.0,3814.2379768663454
NATGAS,2024-10-08,2024-10-08,2024-10-08,2024,-0.02744121622655271,131423.90387311985,0.0,-6356.0,-3606.4317635199604
NATGAS,2024-10-15,2024-10-15,2024-10-15,2024,-0.08306906010075021,131902.8635677348,0.0,-61167.0,-10957.046901169218
NATGAS,2024-10-22,2024-10-22,2024-10-22,2024,-0.016784089841671346,139573.82566363103,0.0,-51716.0,-2342.619629484157
NATGAS,2024-10-29,2024-10-29,2024-10-29,2024,-0.012513197684783428,140638.52142112938,0.0,-799.0,-1759.8376206382407
NATGAS,2024-11-05,2024-11-05,2024-11-05,2024,-0.06547111726087618,141703.2910112602,0.0,-13701.0,-9277.472782050278
NATGAS,2024-11-12,2024-11-12,2024-11-12,2024,0.06494290121778601,142512.38344750868,0.0,9446.0,9255.167640542797
NATGAS,2024-11-19,2024-11-19,2024-11-19,2024,0.0298717384376479,142689.07395948377,0.0,14802.0,4262.370695227895
NATGAS,2024-11-26,2024-11-26,2024-11-26,2024,0.0714269162951835,147552.3203080375,0.0,61602.0,10539.207231802298
NATGAS,2024-12-03,2024-12-03,2024-12-03,2024,-0.1239578130502732,152401.140916649,0.0,-11959.0,-18891.312134394317
NATGAS,2024-12-10,2024-12-10,2024-12-10,2024,0.02203105543201822,163958.9512342309,0.0,-6737.0,3612.188743216913
NATGAS,2024-12-17,2024-12-17,2024-12-17,2024,0.03200009145287108,167816.7665202763,0.0,13478.0,5370.151875973956
NATGAS,2024-12-24,2024-12-24,2024-12-24,2024,0.12897557608866173,182612.282911229,0.0,63596.0,23552.524389341437
NATGAS,2024-12-31,2024-12-31,2024-12-31,2024,0.03615358016491932,190475.48343074016,0.0,-1091.0,6886.370659665026
NATGAS,2025-01-07,2025-01-07,2025-01-07,2025,-0.020874861068335804,206056.69760372376,0.0,25696.0,-4301.4049346778165
NATGAS,2025-01-14,2025-01-14,2025-01-14,2025,0.12413504474797143,206120.02678251461,0.0,34964.0,25586.718748100524
NATGAS,2025-01-21,2025-01-21,2025-01-21,2025,-0.027148318236350555,208218.05097860066,0.0,-8961.0,-5652.769910519713
NATGAS,2025-01-28,2025-01-28,2025-01-28,2025,-0.06839478534472221,210333.7381111903,0.0,4742.0,-14385.730868867877
NATGAS,2025-02-04,2025-02-04,2025-02-04,2025,0.036280819035487966,213915.5006407086,0.0,-3974.0,7761.029567631359
NATGAS,2025-02-11,2025-02-11,2025-02-11,2025,0.07718788852552017,214103.80063760813,0.0,25383.0,16526.22029650589
NATGAS,2025-02-18,2025-02-18,2025-02-18,2025,0.12008011497163817,215313.67430434038,0.0,29981.0,25854.89076543105
NATGAS,2025-02-25,2025-02-25,2025-02-25,2025,0.0377496407473874,227938.10627683424,0.0,2789.0,8604.581624590302
NATGAS,2025-03-04,2025-03-04,2025-03-04,2025,0.049101923720836105,232552.46719284446,0.0,1530.0,11418.77350519529
NATGAS,2025-03-11,2025-03-11,2025-03-11,2025,0.021544818986775738,231635.90643594493,0.0,-16733.0,4990.553675000155
NATGAS,2025-03-18,2025-03-18,2025-03-18,2025,-0.09178620093611745,233769.99130138563,0.0,-26504.0,-21456.85939442341
NATGAS,2025-03-25,2025-03-25,2025-03-25,2025,-0.058118031212480936,240018.76321268734,0.0,-24358.0,-13949.417971976034
NATGAS,2025-04-01,2025-04-01,2025-04-01,2025,0.021994957656342073,253211.16903202864,0.0,-15247.0,5569.368940972346
NATGAS,2025-04-08,2025-04-08,2025-04-08,2025,-0.13940800111350793,251925.33326908541,0.0,-5329.0,-35120.407140897514
NATGAS,2025-04-15,2025-04-15,2025-04-15,2025,-0.02500840760694345,243718.62255245383,0.0,-14542.0,-6095.014654194566
NATGAS,2025-04-22,2025-04-22,2025-04-22,2025,-0.10105325846024638,247576.9078918749,0.0,-31260.0,-25018.453261986244
NATGAS,2025-04-29,2025-04-29,2025-04-29,2025,0.07510806315443386,248066.5909470912,0.0,-19089.0,18631.801179359238
NATGAS,2025-05-06,2025-05-06,2025-05-06,2025,0.03097675983740178,243385.43854199944,0.0,-465.0,7539.2922776362275
NATGAS,2025-05-13,2025-05-13,2025-05-13,2025,0.04131440666868791,242926.85148227663,0.0,6654.0,10036.378732882727
NATGAS,2025-05-20,2025-05-20,2025-05-20,2025,-0.05450025172187711,242588.60792845892,0.0,-17979.0,-13221.140196960765
NATGAS,2025-05-27,2025-05-27,2025-05-27,2025,-0.006124370094558351,243607.3037270726,0.0,-6784.0,-1491.9412857620766
NATGAS,2025-06-03,2025-06-03,2025-06-03,2025,-0.007751889190052097,244200.99473025356,0.0,10868.0,-1893.0190512494216
NATGAS,2025-06-10,2025-06-10,2025-06-10,2025,-0.04470318881746671,243415.84819828413,0.0,-31782.0,-10881.464623171709
NATGAS,2025-06-17,2025-06-17,2025-06-17,2025,0.08395428987231313,245113.9755439042,0.0,21412.0,20578.369754568004
NATGAS,2025-06-24,2025-06-24,2025-06-24,2025,-0.07736628910277066,243850.1109995235,0.0,1820.0,-18865.77818533185
NATGAS,2025-07-01,2025-07-01,2025-07-01,2025,-0.06954279411788189,242280.51124740034,0.0,9148.0,-16848.86371245313
NATGAS,2025-07-08,2025-07-08,2025-07-08,2025,-0.021430439992116135,239997.8790331939,0.0,4737.0,-5143.260144856009
NATGAS,2025-07-15,2025-07-15,2025-07-15,2025,0.054285844879372824,239676.7406835133,0.0,27696.0,13011.054365938868
NATGAS,2025-07-22,2025-07-22,2025-07-22,2025,-0.07922329456156074,240128.46767242294,0.0,-10698.0,-19023.768327028578
NATGAS,2025-07-29,2025-07-29,2025-07-29,2025,-0.04511575484865382,238193.41929275024,0.0,17076.0,-10746.27591137433
NATGAS,2025-08-05,2025-08-05,2025-08-05,2025,-0.04100764358925968,235226.77820240444,0.0,-14660.0,-9646.095883174039
NATGAS,2025-08-12,2025-08-12,2025-08-12,2025,-0.06548276774191564,233639.83049808283,0.0,-23064.0,-15299.382755766495
NATGAS,2025-08-19,2025-08-19,2025-08-19,2025,-0.016975983629226477,234751.06225973574,0.0,14046.0,-3985.1301898647994
NATGAS,2025-08-26,2025-08-26,2025-08-26,2025,-0.025479085300985638,232625.63376777826,0.0,-7345.0,-5927.088365965067
NATGAS,2025-09-02,2025-09-02,2025-09-02,2025,0.07217007254323704,232825.7916672079,0.0,7270.0,16803.05427455899
NATGAS,2025-09-09,2025-09-09,2025-09-09,2025,0.008955283729103591,231654.7157882853,0.0,12010.0,2074.5337070689484
NATGAS,2025-09-16,2025-09-16,2025-09-16,2025,-0.00297619267304583,231779.77065670636,0.0,1661.0,-689.8212551887323
NATGAS,2025-09-23,2025-09-23,2025-09-23,2025,-0.06622897050348353,231809.84259152965,0.0,-40085.0,-15352.527227411578
NATGAS,2025-09-30,2025-09-30,2025-09-30,2025,0.050608346488489886,233844.84624736354,0.0,32010.0,11834.501003434218
NATGAS,2025-10-07,2025-10-07,2025-10-07,2025,0.060745900089580473,235315.21152167054,0.0,-2234.0,14294.434328653895
NATGAS,2025-10-14,2025-10-14,2025-10-14,2025,-0.11095459567232702,225161.6343846848,0.0,-41939.0,-24982.718104073025
NATGAS,2025-10-21,2025-10-21,2025-10-21,2025,0.10242939484896763,226759.47725758053,0.0,29422.0,23226.83603176221
NATGAS,2025-10-28,2025-10-28,2025-10-28,2025,-0.055576840276243544,227377.70704086983,0.0,4213.0,-12636.93450658892
NATGAS,2025-11-04,2025-11-04,2025-11-04,2025,0.1099798482361729,222760.4306175435,0.0,-2282.0,24499.158352341958
NATGAS,2025-11-11,2025-11-10,2025-11-10,2025,-0.0028468211496246454,211906.12222813466,0.0,-8834.0,-603.258830493999
NATGAS,2025-11-18,2025-11-18,2025-11-18,2025,0.007210781817361678,209954.35533205606,0.0,-6834.0,1513.9350479042826
NATGAS,2025-11-25,2025-11-25,2025-11-25,2025,-0.02468716953965089,207657.16886146867,0.0,-5692.0,-5126.4677338069905
NATGAS,2025-12-02,2025-12-02,2025-12-02,2025,0.0858999210957423,208663.68426280434,0.0,25373.0,17924.194013721775
NATGAS,2025-12-09,2025-12-09,2025-12-09,2025,-0.05404224156628423,209171.3435472043,0.0,8882.0,-11304.088276722243
NATGAS,2025-12-16,2025-12-16,2025-12-16,2025,-0.14341121270849744,218891.72097515524,0.0,-35237.0,-31391.52715689706
NATGAS,2025-12-23,2025-12-23,2025-12-23,2025,0.06494928310678905,220904.15709572763,0.0,-40079.0,14347.566638677015
NATGAS,2025-12-30,2025-12-30,2025-12-30,2025,0.01931936040263782,213674.87646471558,0.0,22442.0,4128.0619474109535
