market,report_week_tuesday,report_date,panel_date,mm_net,dmm,weekly_return
BRENT,2011-01-11,2011-01-11,2011-01-11,128399.0,6866.0,0.03901910812975312
BRENT,2011-01-18,2011-01-18,2011-01-18,120893.0,-7506.0,0.0060509902077939826
BRENT,2011-01-25,2011-01-25,2011-01-25,82944.0,-37949.0,-0.026419563033961257
BRENT,2011-02-01,2011-02-01,2011-02-01,92505.0,9561.0,0.0664966482763375
BRENT,2011-02-08,2011-02-08,2011-02-08,79584.0,-12921.0,-0.013733358165210985
BRENT,2011-02-15,2011-02-15,2011-02-15,86701.0,7117.0,0.011080445776571857
BRENT,2011-02-22,2011-02-22,2011-02-22,85306.0,-1395.0,0.03992430718587037
BRENT,2011-03-01,2011-03-01,2011-03-01,97879.0,12573.0,0.08769769133153726
BRENT,2011-03-08,2011-03-08,2011-03-08,86672.0,-11207.0,-0.017586524389616165
BRENT,2011-03-15,2011-03-15,2011-03-15,72533.0,-14139.0,-0.042371580656588304
BRENT,2011-03-22,2011-03-22,2011-03-22,91485.0,18952.0,0.06342131197082168
BRENT,2011-03-29,2011-03-29,2011-03-29,97764.0,6279.0,-0.004678168455655829
BRENT,2011-04-05,2011-04-05,2011-04-05,105631.0,7867.0,0.05816078961558413
BRENT,2011-04-12,2011-04-12,2011-04-12,91866.0,-13765.0,-0.012050327395356497
BRENT,2011-04-19,2011-04-19,2011-04-19,81489.0,-10377.0,0.007445434791393479
BRENT,2011-04-26,2011-04-26,2011-04-26,85856.0,4367.0,0.022895854921724967
BRENT,2011-05-03,2011-05-03,2011-05-03,87397.0,1541.0,-0.013440228766804063
BRENT,2011-05-10,2011-05-10,2011-05-10,72088.0,-15309.0,-0.04287982960613601
BRENT,2011-05-17,2011-05-17,2011-05-17,51603.0,-20485.0,-0.06255341729160802
BRENT,2011-05-24,2011-05-24,2011-05-24,47990.0,-3613.0,0.022830400192880518
BRENT,2011-05-31,2011-05-31,2011-05-31,63588.0,15598.0,0.036643722902666376
BRENT,2011-06-07,2011-06-07,2011-06-07,63427.0,-161.0,-0.0003437607459081393
BRENT,2011-06-14,2011-06-14,2011-06-14,70421.0,6994.0,0.02554341430222362
BRENT,2011-06-21,2011-06-21,2011-06-21,39391.0,-31030.0,-0.07298070340623608
BRENT,2011-06-28,2011-06-28,2011-06-28,38530.0,-861.0,-0.01975215538378816
BRENT,2011-07-05,2011-07-05,2011-07-05,62694.0,24164.0,0.040451198362916996
BRENT,2011-07-12,2011-07-12,2011-07-12,75998.0,13304.0,0.032504816978441875
BRENT,2011-07-19,2011-07-19,2011-07-19,86020.0,10022.0,0.0010256411155502576
BRENT,2011-07-26,2011-07-26,2011-07-26,93168.0,7148.0,0.010368071121201416
BRENT,2011-08-02,2011-08-02,2011-08-02,91994.0,-1174.0,-0.01611349322941702
BRENT,2011-08-09,2011-08-09,2011-08-09,50457.0,-41537.0,-0.12508281106851604
BRENT,2011-08-16,2011-08-16,2011-08-16,44786.0,-5671.0,0.06248193062912821
BRENT,2011-08-23,2011-08-23,2011-08-23,38646.0,-6140.0,0.0016480501807455417
BRENT,2011-08-30,2011-08-30,2011-08-30,60588.0,21942.0,0.04218598929769157
BRENT,2011-09-06,2011-09-06,2011-09-06,69527.0,8939.0,-0.01177322323313812
BRENT,2011-09-13,2011-09-13,2011-09-13,66664.0,-2863.0,-0.019486408201951133
BRENT,2011-09-20,2011-09-20,2011-09-20,69977.0,3313.0,0.006990178705891803
BRENT,2011-09-27,2011-09-27,2011-09-27,43314.0,-26663.0,-0.031241055952302754
BRENT,2011-10-04,2011-10-04,2011-10-04,24776.0,-18538.0,-0.07090853365736666
BRENT,2011-10-11,2011-10-11,2011-10-11,35944.0,11168.0,0.09783070674246602
BRENT,2011-10-18,2011-10-18,2011-10-18,49704.0,13760.0,0.02828655745731079
BRENT,2011-10-25,2011-10-25,2011-10-25,43987.0,-5717.0,-0.002071419662628249
BRENT,2011-11-01,2011-11-01,2011-11-01,51212.0,7225.0,-0.016572220129777326
BRENT,2011-11-08,2011-11-08,2011-11-08,61559.0,10347.0,0.049150383643629
BRENT,2011-11-15,2011-11-15,2011-11-15,62114.0,555.0,-0.01468922970140596
BRENT,2011-11-22,2011-11-22,2011-11-22,55639.0,-6475.0,-0.028481650361900535
BRENT,2011-11-29,2011-11-29,2011-11-29,70743.0,15104.0,0.016284189720913056
BRENT,2011-12-06,2011-12-06,2011-12-06,85516.0,14773.0,0.0020967201370343247
BRENT,2011-12-13,2011-12-13,2011-12-13,78932.0,-6584.0,-0.013024456623303204
BRENT,2011-12-20,2011-12-20,2011-12-20,65394.0,-13538.0,-0.021779277051514168
BRENT,2011-12-27,2011-12-27,2011-12-27,78772.0,13378.0,0.023519602656780436
BRENT,2012-01-03,2012-01-03,2012-01-03,94315.0,15543.0,0.025232531881409503
BRENT,2012-01-10,2012-01-10,2012-01-10,90551.0,-3764.0,0.012740160738486495
BRENT,2012-01-17,2012-01-17,2012-01-17,83077.0,-7474.0,-0.012740160738486495
BRENT,2012-01-24,2012-01-24,2012-01-24,82865.0,-212.0,-0.01354055712462432
BRENT,2012-01-31,2012-01-31,2012-01-31,84417.0,1552.0,0.008596949015933886
BRENT,2012-02-07,2012-02-07,2012-02-07,88706.0,4289.0,0.04513106374136211
BRENT,2012-02-14,2012-02-14,2012-02-14,96703.0,7997.0,0.013296357158137706
BRENT,2012-02-21,2012-02-21,2012-02-21,106978.0,10275.0,0.03606934659552685
BRENT,2012-02-28,2012-02-28,2012-02-28,122288.0,15310.0,-0.0009045681304269415
BRENT,2012-03-06,2012-03-06,2012-03-06,128094.0,5806.0,0.007855878942996664
BRENT,2012-03-13,2012-03-13,2012-03-13,132952.0,4858.0,0.03448617607116922
BRENT,2012-03-20,2012-03-20,2012-03-20,131877.0,-1075.0,-0.012410584046873674
BRENT,2012-03-27,2012-03-27,2012-03-27,138365.0,6488.0,0.011375593309206566
BRENT,2012-04-03,2012-04-03,2012-04-03,125076.0,-13289.0,-0.0027513353504274862
BRENT,2012-04-10,2012-04-10,2012-04-10,109474.0,-15602.0,-0.04002502430417787
BRENT,2012-04-17,2012-04-17,2012-04-17,108098.0,-1376.0,-0.006043328783851165
BRENT,2012-04-24,2012-04-24,2012-04-24,102391.0,-5707.0,-0.005233404364589855
BRENT,2012-05-01,2012-05-01,2012-05-01,115227.0,12836.0,0.012283570149840939
BRENT,2012-05-08,2012-05-08,2012-05-08,92469.0,-22758.0,-0.059833994116371914
BRENT,2012-05-15,2012-05-15,2012-05-15,83473.0,-8996.0,-0.00839890569829771
BRENT,2012-05-22,2012-05-22,2012-05-22,79395.0,-4078.0,-0.027655724158677453
BRENT,2012-05-29,2012-05-29,2012-05-29,71646.0,-7749.0,-0.016086636359386675
BRENT,2012-06-05,2012-06-05,2012-06-05,57303.0,-14343.0,-0.07687089675175107
BRENT,2012-06-12,2012-06-12,2012-06-12,46766.0,-10537.0,-0.014232565031537026
BRENT,2012-06-19,2012-06-19,2012-06-19,45645.0,-1121.0,-0.012556591066737177
BRENT,2012-06-26,2012-06-26,2012-06-26,37816.0,-7829.0,-0.029030537453766714
BRENT,2012-07-03,2012-07-03,2012-07-03,53187.0,15371.0,0.0763265173902386
BRENT,2012-07-10,2012-07-10,2012-07-10,49120.0,-4067.0,-0.02938863360003008
BRENT,2012-07-17,2012-07-17,2012-07-17,69081.0,19961.0,0.06382083002151417
BRENT,2012-07-24,2012-07-24,2012-07-24,68151.0,-930.0,-0.005592532173297249
BRENT,2012-07-31,2012-07-31,2012-07-31,78672.0,10521.0,0.014399788030597493
BRENT,2012-08-07,2012-08-07,2012-08-07,83291.0,4619.0,0.06098710482901293
BRENT,2012-08-14,2012-08-14,2012-08-14,83063.0,-228.0,0.015998903181424495
BRENT,2012-08-21,2012-08-21,2012-08-21,94448.0,11385.0,0.02195952255369904
BRENT,2012-08-28,2012-08-28,2012-08-28,93838.0,-610.0,-0.01813270348403606
BRENT,2012-09-04,2012-09-04,2012-09-04,94723.0,885.0,0.013920518125244308
BRENT,2012-09-11,2012-09-11,2012-09-11,102771.0,8048.0,0.00989456870658978
BRENT,2012-09-18,2012-09-18,2012-09-18,100391.0,-2380.0,-0.02416343312194502
BRENT,2012-09-25,2012-09-25,2012-09-25,100551.0,160.0,-0.01420376270450563
BRENT,2012-10-02,2012-10-02,2012-10-02,107764.0,7213.0,0.010667709034228978
BRENT,2012-10-09,2012-10-09,2012-10-09,106023.0,-1741.0,0.023012075039677393
BRENT,2012-10-16,2012-10-16,2012-10-16,111211.0,5188.0,0.005188877567256167
BRENT,2012-10-23,2012-10-23,2012-10-23,86424.0,-24787.0,-0.05175508151189612
BRENT,2012-10-30,2012-10-30,2012-10-30,86509.0,85.0,0.007638191094788582
BRENT,2012-11-06,2012-11-06,2012-11-06,83007.0,-3502.0,0.020213688583447298
BRENT,2012-11-13,2012-11-13,2012-11-13,75908.0,-7099.0,-0.02575091708565269
BRENT,2012-11-20,2012-11-20,2012-11-20,94733.0,18825.0,0.0229323490515716
BRENT,2012-11-27,2012-11-27,2012-11-27,105679.0,10946.0,0.000364132912535009
BRENT,2012-12-04,2012-12-04,2012-12-04,110167.0,4488.0,0.0002572406585468201
BRENT,2012-12-11,2012-12-11,2012-12-11,92760.0,-17407.0,-0.02077804089098434
BRENT,2012-12-18,2012-12-18,2012-12-18,104984.0,12224.0,0.01995148071167585
BRENT,2012-12-25,2012-12-25,2012-12-24,124488.0,19504.0,-0.0003675794932034293
BRENT,2013-01-01,2013-01-01,2012-12-31,137572.0,13084.0,0.02100936717407509
BRENT,2013-01-08,2013-01-08,2013-01-08,147701.0,10129.0,0.01023049980318258
BRENT,2013-01-15,2013-01-15,2013-01-15,138093.0,-9608.0,-0.012599305575566766
BRENT,2013-01-22,2013-01-22,2013-01-22,147812.0,9719.0,0.025130797887480405
BRENT,2013-01-29,2013-01-29,2013-01-29,172628.0,24816.0,0.017109509880182228
BRENT,2013-02-05,2013-02-05,2013-02-05,183892.0,11264.0,0.019304269287916953
BRENT,2013-02-12,2013-02-12,2013-02-12,181943.0,-1949.0,0.01868732590917732
BRENT,2013-02-19,2013-02-19,2013-02-19,179320.0,-2623.0,-0.001955201030905518
BRENT,2013-02-26,2013-02-26,2013-02-26,149435.0,-29885.0,-0.04179038361163456
BRENT,2013-03-05,2013-03-05,2013-03-05,125418.0,-24017.0,-0.009518492029637837
BRENT,2013-03-12,2013-03-12,2013-03-12,114613.0,-10805.0,-0.013187404063273567
BRENT,2013-03-19,2013-03-19,2013-03-19,121128.0,6515.0,-0.01643012776693209
BRENT,2013-03-26,2013-03-26,2013-03-26,126734.0,5606.0,0.017619569327174678
BRENT,2013-04-02,2013-04-02,2013-04-02,136885.0,10151.0,0.012734502107840773
BRENT,2013-04-09,2013-04-09,2013-04-09,109365.0,-27520.0,-0.040433789173598744
BRENT,2013-04-16,2013-04-16,2013-04-16,102075.0,-7290.0,-0.060583407404337986
BRENT,2013-04-23,2013-04-23,2013-04-23,95291.0,-6784.0,0.0039956101504667885
BRENT,2013-04-30,2013-04-30,2013-04-30,108199.0,12908.0,0.020328310036285657
BRENT,2013-05-07,2013-05-07,2013-05-07,122454.0,14255.0,0.019698856376157203
BRENT,2013-05-14,2013-05-14,2013-05-14,127596.0,5142.0,-0.015103394854457775
BRENT,2013-05-21,2013-05-21,2013-05-21,143165.0,15569.0,0.013564785069245078
BRENT,2013-05-28,2013-05-28,2013-05-28,159610.0,16445.0,0.003074855886675887
BRENT,2013-06-04,2013-06-04,2013-06-04,165718.0,6108.0,-0.011045127310841174
BRENT,2013-06-11,2013-06-11,2013-06-11,156307.0,-9411.0,0.0007772272809406511
BRENT,2013-06-18,2013-06-18,2013-06-18,181935.0,25628.0,0.029190071891000202
BRENT,2013-06-25,2013-06-25,2013-06-25,137556.0,-44379.0,-0.0459362890178967
BRENT,2013-07-02,2013-07-02,2013-07-02,144146.0,6590.0,0.026003161946430042
BRENT,2013-07-09,2013-07-09,2013-07-09,168539.0,24393.0,0.03410446885235041
BRENT,2013-07-16,2013-07-16,2013-07-16,177875.0,9336.0,0.009943857783680454
BRENT,2013-07-23,2013-07-23,2013-07-23,192045.0,14170.0,0.002585889878333414
BRENT,2013-07-30,2013-07-30,2013-07-30,184717.0,-7328.0,-0.014025214806783537
BRENT,2013-08-06,2013-08-06,2013-08-06,193012.0,8295.0,0.009137843565228954
BRENT,2013-08-13,2013-08-13,2013-08-13,190713.0,-2299.0,0.0128028467383825
BRENT,2013-08-20,2013-08-20,2013-08-20,203795.0,13082.0,0.015277249056266706
BRENT,2013-08-27,2013-08-27,2013-08-27,224342.0,20547.0,0.03750829420575874
BRENT,2013-09-03,2013-09-03,2013-09-03,214236.0,-10106.0,0.009849615436517745
BRENT,2013-09-10,2013-09-10,2013-09-10,202588.0,-11648.0,-0.03360459187518938
BRENT,2013-09-17,2013-09-17,2013-09-17,185880.0,-16708.0,-0.016773226747830106
BRENT,2013-09-24,2013-09-24,2013-09-24,167871.0,-18009.0,0.00415072311090392
BRENT,2013-10-01,2013-10-01,2013-10-01,160654.0,-7217.0,-0.005471494777395058
BRENT,2013-10-08,2013-10-08,2013-10-08,165186.0,4532.0,0.021245949712160206
BRENT,2013-10-15,2013-10-15,2013-10-15,162972.0,-2214.0,9.139514698142115e-05
BRENT,2013-10-22,2013-10-22,2013-10-22,153180.0,-9792.0,0.005013912687163002
BRENT,2013-10-29,2013-10-29,2013-10-29,124642.0,-28538.0,-0.008767980182575963
BRENT,2013-11-05,2013-11-05,2013-11-05,110205.0,-14437.0,-0.03288485209387404
BRENT,2013-11-12,2013-11-12,2013-11-12,89256.0,-20949.0,0.00246656040051485
BRENT,2013-11-19,2013-11-19,2013-11-19,107293.0,18037.0,0.012990863293196209
BRENT,2013-11-26,2013-11-26,2013-11-26,127968.0,20675.0,0.0363676441708749
BRENT,2013-12-03,2013-12-03,2013-12-03,130075.0,2107.0,0.014497751008045512
BRENT,2013-12-10,2013-12-10,2013-12-10,116275.0,-13800.0,-0.02711908034779109
BRENT,2013-12-17,2013-12-17,2013-12-17,88448.0,-27827.0,-0.006342807494533753
BRENT,2013-12-24,2013-12-24,2013-12-24,123739.0,35291.0,0.03140859068741486
BRENT,2013-12-31,2013-12-31,2013-12-31,130716.0,6977.0,-0.00987884100469627
BRENT,2014-01-07,2014-01-07,2014-01-07,93338.0,-37378.0,-0.032551605172348785
BRENT,2014-01-14,2014-01-14,2014-01-14,83167.0,-10171.0,-0.013077000878354172
BRENT,2014-01-21,2014-01-21,2014-01-21,89522.0,6355.0,0.010643909653712647
BRENT,2014-01-28,2014-01-28,2014-01-28,98343.0,8821.0,0.00635100668408195
BRENT,2014-02-04,2014-02-04,2014-02-04,86423.0,-11920.0,-0.015514655086544704
BRENT,2014-02-11,2014-02-11,2014-02-11,112808.0,26385.0,0.02821841791134372
BRENT,2014-02-18,2014-02-18,2014-02-18,126481.0,13673.0,0.020856958029760397
BRENT,2014-02-25,2014-02-25,2014-02-25,145903.0,19422.0,-0.008637595185373659
BRENT,2014-03-04,2014-03-04,2014-03-04,152887.0,6984.0,-0.0019109507866217346
BRENT,2014-03-11,2014-03-11,2014-03-11,140164.0,-12723.0,-0.009043154734524661
BRENT,2014-03-18,2014-03-18,2014-03-18,140917.0,753.0,-0.010155209088075101
BRENT,2014-03-25,2014-03-25,2014-03-25,135985.0,-4932.0,0.0018710829670613993
BRENT,2014-04-01,2014-04-01,2014-04-01,133586.0,-2399.0,-0.012434552223655526
BRENT,2014-04-08,2014-04-08,2014-04-08,140524.0,6938.0,0.019326992426150547
BRENT,2014-04-15,2014-04-15,2014-04-15,173665.0,33141.0,0.016038688354420683
BRENT,2014-04-22,2014-04-22,2014-04-22,206571.0,32906.0,-0.0008233088330401594
BRENT,2014-04-29,2014-04-29,2014-04-29,206893.0,322.0,-0.002657504427701629
BRENT,2014-05-06,2014-05-06,2014-05-06,172330.0,-34563.0,-0.018104008215020673
BRENT,2014-05-13,2014-05-13,2014-05-13,180306.0,7976.0,0.019067684607966373
BRENT,2014-05-20,2014-05-20,2014-05-20,204656.0,24350.0,0.010539436787983969
BRENT,2014-05-27,2014-05-27,2014-05-27,216025.0,11369.0,0.0030039620240690512
BRENT,2014-06-03,2014-06-03,2014-06-03,203549.0,-12476.0,-0.010633451559314833
BRENT,2014-06-10,2014-06-10,2014-06-10,203534.0,-15.0,0.006728446048608339
BRENT,2014-06-17,2014-06-17,2014-06-17,222956.0,19422.0,0.041299558219796806
BRENT,2014-06-24,2014-06-24,2014-06-24,240441.0,17485.0,0.008863205755105463
BRENT,2014-07-01,2014-07-01,2014-07-01,240092.0,-349.0,-0.01824976073073581
BRENT,2014-07-08,2014-07-08,2014-07-08,211961.0,-28131.0,-0.027493140580198694
BRENT,2014-07-15,2014-07-15,2014-07-15,163747.0,-48214.0,-0.020191479709579796
BRENT,2014-07-22,2014-07-22,2014-07-22,128619.0,-35128.0,0.004201490705097566
BRENT,2014-07-29,2014-07-29,2014-07-29,130215.0,1596.0,0.0036270674499651046
BRENT,2014-08-05,2014-08-05,2014-08-05,106476.0,-23739.0,-0.027995675444353663
BRENT,2014-08-12,2014-08-12,2014-08-12,78510.0,-27966.0,-0.013005825480050581
BRENT,2014-08-19,2014-08-19,2014-08-19,67331.0,-11179.0,-0.022682890245962706
BRENT,2014-08-26,2014-08-26,2014-08-26,68418.0,1087.0,0.009213041741985117
BRENT,2014-09-02,2014-09-02,2014-09-02,65941.0,-2477.0,-0.020743362275123967
BRENT,2014-09-09,2014-09-09,2014-09-09,71173.0,5232.0,-0.010254457919204873
BRENT,2014-09-16,2014-09-16,2014-09-16,69036.0,-2137.0,-0.008845167729138237
BRENT,2014-09-23,2014-09-23,2014-09-23,43718.0,-25318.0,-0.022461383291555226
BRENT,2014-09-30,2014-09-30,2014-09-30,37384.0,-6334.0,-0.02276622971220499
BRENT,2014-10-07,2014-10-07,2014-10-07,43949.0,6565.0,-0.029274537151421476
BRENT,2014-10-14,2014-10-14,2014-10-14,50013.0,6064.0,-0.08050192512106413
BRENT,2014-10-21,2014-10-21,2014-10-21,38471.0,-11542.0,0.009438979360932631
BRENT,2014-10-28,2014-10-28,2014-10-28,41453.0,2982.0,-0.0022060966857315734
BRENT,2014-11-04,2014-11-04,2014-11-04,44194.0,2741.0,-0.03686252751152275
BRENT,2014-11-11,2014-11-11,2014-11-11,67332.0,23138.0,-0.011944402125151854
BRENT,2014-11-18,2014-11-18,2014-11-18,59755.0,-7577.0,-0.04874768418811698
BRENT,2014-11-25,2014-11-25,2014-11-25,62345.0,2590.0,-0.0017857147602347023
BRENT,2014-12-02,2014-12-02,2014-12-02,90116.0,27771.0,-0.10534820786380572
BRENT,2014-12-09,2014-12-09,2014-12-09,95479.0,5363.0,-0.053722652917035846
BRENT,2014-12-16,2014-12-16,2014-12-16,139581.0,44102.0,-0.11345960729553808
BRENT,2014-12-23,2014-12-23,2014-12-23,117462.0,-22119.0,0.027610628220125832
BRENT,2014-12-30,2014-12-30,2014-12-30,119020.0,1558.0,-0.06340445864259782
BRENT,2015-01-06,2015-01-06,2015-01-06,142286.0,23266.0,-0.12020990016228766
BRENT,2015-01-13,2015-01-13,2015-01-13,142751.0,465.0,-0.08629663674983584
BRENT,2015-01-20,2015-01-20,2015-01-20,127801.0,-14950.0,0.0035486938399754697
BRENT,2015-01-27,2015-01-27,2015-01-27,129740.0,1939.0,0.032998177860727604
BRENT,2015-02-03,2015-02-03,2015-02-03,124499.0,-5241.0,0.15559213497536473
BRENT,2015-02-10,2015-02-10,2015-02-10,152235.0,27736.0,-0.025926424270519798
BRENT,2015-02-17,2015-02-17,2015-02-17,164249.0,12014.0,0.08403542194400698
BRENT,2015-02-24,2015-02-24,2015-02-24,176940.0,12691.0,-0.06388837802990154
BRENT,2015-03-03,2015-03-03,2015-03-03,188410.0,11470.0,0.04275451338536694
BRENT,2015-03-10,2015-03-10,2015-03-10,183732.0,-4678.0,-0.08281172617172741
BRENT,2015-03-17,2015-03-17,2015-03-17,185798.0,2066.0,-0.060899408995495105
BRENT,2015-03-24,2015-03-24,2015-03-24,193298.0,7500.0,0.02946263557193058
BRENT,2015-03-31,2015-03-31,2015-03-31,220226.0,26928.0,6.071532165918825e-17
BRENT,2015-04-07,2015-04-07,2015-04-07,237473.0,17247.0,0.06791300262760064
BRENT,2015-04-14,2015-04-14,2015-04-14,265217.0,27744.0,-0.005834808585118728
BRENT,2015-04-21,2015-04-21,2015-04-21,269594.0,4377.0,0.03725100481849766
BRENT,2015-04-28,2015-04-28,2015-04-28,277591.0,7997.0,0.040409538337876805
BRENT,2015-05-05,2015-05-05,2015-05-05,291733.0,14142.0,0.044654069079092557
BRENT,2015-05-12,2015-05-12,2015-05-12,280844.0,-10889.0,-0.013122193451782005
BRENT,2015-05-19,2015-05-19,2015-05-19,243058.0,-37786.0,-0.051152703436689845
BRENT,2015-05-26,2015-05-26,2015-05-26,222816.0,-20242.0,-0.004697049499869113
BRENT,2015-06-02,2015-06-02,2015-06-02,207476.0,-15340.0,0.02937402422309708
BRENT,2015-06-09,2015-06-09,2015-06-09,203463.0,-4013.0,-0.011241193869928306
BRENT,2015-06-16,2015-06-16,2015-06-16,195222.0,-8241.0,-0.027254706494916764
BRENT,2015-06-23,2015-06-23,2015-06-23,193762.0,-1460.0,0.01170516680707881
BRENT,2015-06-30,2015-06-30,2015-06-30,200466.0,6704.0,-0.01343350410587986
BRENT,2015-07-07,2015-07-07,2015-07-07,207941.0,7475.0,-0.11172099797364392
BRENT,2015-07-14,2015-07-14,2015-07-14,227513.0,19572.0,0.02275175698341598
BRENT,2015-07-21,2015-07-21,2015-07-21,214607.0,-12906.0,-0.02834617716874044
BRENT,2015-07-28,2015-07-28,2015-07-28,178690.0,-35917.0,-0.06781644493424165
BRENT,2015-08-04,2015-08-04,2015-08-04,150054.0,-28636.0,-0.06357571008376668
BRENT,2015-08-11,2015-08-11,2015-08-11,130074.0,-19980.0,-0.018338165875236567
BRENT,2015-08-18,2015-08-18,2015-08-18,143376.0,13302.0,-0.018270910207525054
BRENT,2015-08-25,2015-08-25,2015-08-25,145242.0,1866.0,-0.12186325995521444
BRENT,2015-09-01,2015-09-01,2015-09-01,145021.0,-221.0,0.13773188215958093
BRENT,2015-09-08,2015-09-08,2015-09-08,171954.0,26933.0,0.0009923589183929438
BRENT,2015-09-15,2015-09-15,2015-09-15,163554.0,-8400.0,-0.05421050116780016
BRENT,2015-09-22,2015-09-22,2015-09-22,180002.0,16448.0,0.027472552915971254
BRENT,2015-09-29,2015-09-29,2015-09-29,175895.0,-4107.0,-0.017470385761829993
BRENT,2015-10-06,2015-10-06,2015-10-06,189404.0,13509.0,0.06991870158494554
BRENT,2015-10-13,2015-10-13,2015-10-13,207076.0,17672.0,-0.05405662922807694
BRENT,2015-10-20,2015-10-20,2015-10-20,189193.0,-17883.0,-0.019919357795777692
BRENT,2015-10-27,2015-10-27,2015-10-27,169437.0,-19756.0,-0.03978749250647204
BRENT,2015-11-03,2015-11-03,2015-11-03,187865.0,18428.0,0.07735351238872964
BRENT,2015-11-10,2015-11-10,2015-11-10,202243.0,14378.0,-0.06518799833127875
BRENT,2015-11-17,2015-11-17,2015-11-17,175333.0,-26910.0,-0.09891333698236485
BRENT,2015-11-24,2015-11-24,2015-11-24,194656.0,19323.0,0.056877855271507405
BRENT,2015-12-01,2015-12-01,2015-12-01,187613.0,-7043.0,-0.03660980507561168
BRENT,2015-12-08,2015-12-08,2015-12-08,198451.0,10838.0,-0.1051387615821866
BRENT,2015-12-15,2015-12-15,2015-12-15,177201.0,-21250.0,-0.04690723732414581
BRENT,2015-12-22,2015-12-22,2015-12-22,172345.0,-4856.0,-0.07004465823729444
BRENT,2015-12-29,2015-12-29,2015-12-29,167415.0,-4930.0,0.04547468207203126
BRENT,2016-01-05,2016-01-05,2016-01-05,187743.0,20328.0,-0.03350954945770773
BRENT,2016-01-12,2016-01-12,2016-01-12,204256.0,16513.0,-0.17142011381472488
BRENT,2016-01-19,2016-01-19,2016-01-19,215648.0,11392.0,-0.07672222616003743
BRENT,2016-01-26,2016-01-26,2016-01-26,254020.0,38372.0,0.10001882253853889
BRENT,2016-02-02,2016-02-02,2016-02-02,285329.0,31309.0,0.004457842221100461
BRENT,2016-02-09,2016-02-09,2016-02-09,263341.0,-21988.0,-0.07730768023451251
BRENT,2016-02-16,2016-02-16,2016-02-16,277353.0,14012.0,0.0583054495955051
BRENT,2016-02-23,2016-02-23,2016-02-23,310704.0,33351.0,0.03383049758826484
BRENT,2016-03-01,2016-03-01,2016-03-01,326091.0,15387.0,0.0801761749097677
BRENT,2016-03-08,2016-03-08,2016-03-08,316059.0,-10032.0,0.07132091298588761
BRENT,2016-03-15,2016-03-15,2016-03-15,330901.0,14842.0,-0.021349548808669128
BRENT,2016-03-22,2016-03-22,2016-03-22,344157.0,13256.0,0.07622736538788444
BRENT,2016-03-29,2016-03-29,2016-03-29,348354.0,4197.0,-0.06461693713447458
BRENT,2016-04-05,2016-04-05,2016-04-05,350821.0,2467.0,-0.057597991241941204
BRENT,2016-04-12,2016-04-12,2016-04-12,392072.0,41251.0,0.16226909550458807
BRENT,2016-04-19,2016-04-19,2016-04-19,408122.0,16050.0,-0.01986969862656457
BRENT,2016-04-26,2016-04-26,2016-04-26,408710.0,588.0,0.038694304999346174
BRENT,2016-05-03,2016-05-03,2016-05-03,381052.0,-27658.0,-0.012398434116689339
BRENT,2016-05-10,2016-05-10,2016-05-10,350173.0,-30879.0,0.014007670491504753
BRENT,2016-05-17,2016-05-17,2016-05-17,383690.0,33517.0,0.0779506742078816
BRENT,2016-05-24,2016-05-24,2016-05-24,367701.0,-15989.0,-0.011322401587212094
BRENT,2016-05-31,2016-05-31,2016-05-31,373351.0,5650.0,0.01433354508489948
BRENT,2016-06-07,2016-06-07,2016-06-07,378490.0,5139.0,0.0313198431957748
BRENT,2016-06-14,2016-06-14,2016-06-14,366368.0,-12122.0,-0.0305247725913797
BRENT,2016-06-21,2016-06-21,2016-06-21,355351.0,-11017.0,0.01830940014765642
BRENT,2016-06-28,2016-06-28,2016-06-28,334985.0,-20366.0,-0.039798328243533077
BRENT,2016-07-05,2016-07-05,2016-07-05,319370.0,-15615.0,-0.023118112552822256
BRENT,2016-07-12,2016-07-12,2016-07-12,315708.0,-3662.0,0.009834129653718604
BRENT,2016-07-19,2016-07-19,2016-07-19,311039.0,-4669.0,-0.03887011203184304
BRENT,2016-07-26,2016-07-26,2016-07-26,293931.0,-17108.0,-0.042209490489777124
BRENT,2016-08-02,2016-08-02,2016-08-02,260337.0,-33594.0,-0.07891434410630849
BRENT,2016-08-09,2016-08-09,2016-08-09,293791.0,33454.0,0.07127930761529327
BRENT,2016-08-16,2016-08-16,2016-08-16,357006.0,63215.0,0.08715837096314122
BRENT,2016-08-23,2016-08-23,2016-08-23,393331.0,36325.0,0.016834064867898013
BRENT,2016-08-30,2016-08-30,2016-08-30,392887.0,-444.0,-0.03210775553677003
BRENT,2016-09-06,2016-09-06,2016-09-06,355230.0,-37657.0,-0.030483638458853712
BRENT,2016-09-13,2016-09-13,2016-09-13,357267.0,2037.0,-0.0014701252253995767
BRENT,2016-09-20,2016-09-20,2016-09-20,310099.0,-47168.0,-0.02597548640326075
BRENT,2016-09-27,2016-09-27,2016-09-27,295060.0,-15039.0,0.0034453091789126145
BRENT,2016-10-04,2016-10-04,2016-10-04,365686.0,70626.0,0.08924351788130652
BRENT,2016-10-11,2016-10-11,2016-10-11,405442.0,39756.0,0.030636131362213714
BRENT,2016-10-18,2016-10-18,2016-10-18,397714.0,-7728.0,-0.010997456306732711
BRENT,2016-10-25,2016-10-25,2016-10-25,379811.0,-17903.0,-0.01266325440650623
BRENT,2016-11-01,2016-11-01,2016-11-01,340842.0,-38969.0,-0.07049252145056095
BRENT,2016-11-08,2016-11-08,2016-11-08,260678.0,-80164.0,-0.03682929499699045
BRENT,2016-11-15,2016-11-15,2016-11-15,240850.0,-19828.0,0.016188727349918053
BRENT,2016-11-22,2016-11-22,2016-11-22,281677.0,40827.0,0.0440617876421861
BRENT,2016-11-29,2016-11-29,2016-11-29,303185.0,21508.0,-0.057287549861447185
BRENT,2016-12-06,2016-12-06,2016-12-06,428855.0,125670.0,0.13079379259051066
BRENT,2016-12-13,2016-12-13,2016-12-13,451463.0,22608.0,0.03134262319654302
BRENT,2016-12-20,2016-12-20,2016-12-20,429256.0,-22207.0,-0.0065830679871280995
BRENT,2016-12-27,2016-12-27,2016-12-27,445888.0,16632.0,0.01435558547706739
BRENT,2017-01-03,2017-01-03,2017-01-03,447936.0,2048.0,-0.02393842758445125
BRENT,2017-01-10,2017-01-10,2017-01-10,441151.0,-6785.0,-0.03406126370295087
BRENT,2017-01-17,2017-01-17,2017-01-17,455842.0,14691.0,0.030492380543027886
BRENT,2017-01-24,2017-01-24,2017-01-24,442408.0,-13434.0,-0.0016101622586038311
BRENT,2017-01-31,2017-01-31,2017-01-31,472648.0,30240.0,-0.004846101200852104
BRENT,2017-02-07,2017-02-07,2017-02-07,462187.0,-10461.0,-0.010427998128535787
BRENT,2017-02-14,2017-02-14,2017-02-14,481062.0,18875.0,0.017201642565916775
BRENT,2017-02-21,2017-02-21,2017-02-21,510031.0,28969.0,0.008314952815906607
BRENT,2017-02-28,2017-02-28,2017-02-28,469268.0,-40763.0,-0.00441423865008983
BRENT,2017-03-07,2017-03-07,2017-03-07,469527.0,259.0,-0.012569874274791948
BRENT,2017-03-14,2017-03-14,2017-03-14,405970.0,-63557.0,-0.0936902561739198
BRENT,2017-03-21,2017-03-21,2017-03-21,397741.0,-8229.0,0.001564027689303582
BRENT,2017-03-28,2017-03-28,2017-03-28,367611.0,-30130.0,0.004483001368251693
BRENT,2017-04-04,2017-04-04,2017-04-04,393869.0,26258.0,0.05222664406566058
BRENT,2017-04-11,2017-04-11,2017-04-11,421468.0,27599.0,0.03890980742587191
BRENT,2017-04-18,2017-04-18,2017-04-18,415134.0,-6334.0,-0.020707630327489346
BRENT,2017-04-25,2017-04-25,2017-04-25,346173.0,-68961.0,-0.053155740050291
BRENT,2017-05-02,2017-05-02,2017-05-02,310155.0,-36018.0,-0.04116608521558818
BRENT,2017-05-09,2017-05-09,2017-05-09,267987.0,-42168.0,-0.03304596279503352
BRENT,2017-05-16,2017-05-16,2017-05-16,280775.0,12788.0,0.05544876978798435
BRENT,2017-05-23,2017-05-23,2017-05-23,327021.0,46246.0,0.04703651065869635
BRENT,2017-05-30,2017-05-30,2017-05-30,334305.0,7284.0,-0.04069947552965836
BRENT,2017-06-06,2017-06-06,2017-06-06,298528.0,-35777.0,-0.0419407037049217
BRENT,2017-06-13,2017-06-13,2017-06-13,277983.0,-20545.0,-0.027547735748401914
BRENT,2017-06-20,2017-06-20,2017-06-20,227852.0,-50131.0,-0.05877872205293794
BRENT,2017-06-27,2017-06-27,2017-06-27,206206.0,-21646.0,0.014382559826840502
BRENT,2017-07-04,2017-07-04,2017-07-03,237859.0,31653.0,0.056056057066203535
BRENT,2017-07-11,2017-07-11,2017-07-11,238644.0,785.0,-0.04278618011946084
BRENT,2017-07-18,2017-07-18,2017-07-18,272207.0,33563.0,0.02621679720469855
BRENT,2017-07-25,2017-07-25,2017-07-25,300011.0,27804.0,0.02574558933343596
BRENT,2017-08-01,2017-08-01,2017-08-01,358555.0,58544.0,0.028050817005348783
BRENT,2017-08-08,2017-08-08,2017-08-08,417285.0,58730.0,0.004801699420719507
BRENT,2017-08-15,2017-08-15,2017-08-15,431112.0,13827.0,-0.030346619673503883
BRENT,2017-08-22,2017-08-22,2017-08-22,431587.0,475.0,0.018589714471380858
BRENT,2017-08-29,2017-08-29,2017-08-29,430824.0,-763.0,0.0015497872144956681
BRENT,2017-09-05,2017-09-05,2017-09-05,430174.0,-650.0,0.03275604346169242
BRENT,2017-09-12,2017-09-12,2017-09-12,449136.0,18962.0,0.012478046248606212
BRENT,2017-09-19,2017-09-19,2017-09-19,486920.0,37784.0,0.01597390065951043
BRENT,2017-09-26,2017-09-26,2017-09-26,523701.0,36781.0,0.05354939956197596
BRENT,2017-10-03,2017-10-03,2017-10-03,524305.0,604.0,-0.03411940314320938
BRENT,2017-10-10,2017-10-10,2017-10-10,509398.0,-14907.0,0.01034430483113663
BRENT,2017-10-17,2017-10-17,2017-10-17,514894.0,5496.0,0.020720671092922305
BRENT,2017-10-24,2017-10-24,2017-10-24,529218.0,14324.0,0.010889399799268284
BRENT,2017-10-31,2017-10-31,2017-10-31,546808.0,17590.0,0.04652001563489261
BRENT,2017-11-07,2017-11-07,2017-11-07,549681.0,2873.0,0.045282851057943746
BRENT,2017-11-14,2017-11-14,2017-11-14,547975.0,-1706.0,-0.022465694298144517
BRENT,2017-11-21,2017-11-21,2017-11-21,533314.0,-14661.0,0.004180742542258503
BRENT,2017-11-28,2017-11-28,2017-11-28,529590.0,-3724.0,0.014654610778778665
BRENT,2017-12-05,2017-12-05,2017-12-05,527797.0,-1793.0,-0.004891838460592934
BRENT,2017-12-12,2017-12-12,2017-12-12,537421.0,9624.0,0.0014357504261041099
BRENT,2017-12-19,2017-12-19,2017-12-19,522425.0,-14996.0,0.010624059334528202
BRENT,2017-12-26,2017-12-26,2017-12-26,556619.0,34194.0,0.047136401483268184
BRENT,2018-01-02,2018-01-02,2018-01-02,560890.0,4271.0,0.0014733900809160427
BRENT,2018-01-09,2018-01-09,2018-01-09,567852.0,6962.0,0.03287274500057487
BRENT,2018-01-16,2018-01-16,2018-01-16,565368.0,-2484.0,0.006417758316974498
BRENT,2018-01-23,2018-01-23,2018-01-23,579260.0,13892.0,0.010989121575595326
BRENT,2018-01-30,2018-01-30,2018-01-30,582565.0,3305.0,-0.014776453123796607
BRENT,2018-02-06,2018-02-06,2018-02-06,581849.0,-716.0,-0.02556861459989472
BRENT,2018-02-13,2018-02-13,2018-02-13,553828.0,-28021.0,-0.06269505489996166
BRENT,2018-02-20,2018-02-20,2018-02-20,525040.0,-28788.0,0.04095010931128307
BRENT,2018-02-27,2018-02-27,2018-02-27,538108.0,13068.0,0.022346449366212995
BRENT,2018-03-06,2018-03-06,2018-03-06,531543.0,-6565.0,-0.010509547944890799
BRENT,2018-03-13,2018-03-13,2018-03-13,540130.0,8587.0,-0.015837956952700752
BRENT,2018-03-20,2018-03-20,2018-03-20,561208.0,21078.0,0.03965578469365222
BRENT,2018-03-27,2018-03-27,2018-03-27,595596.0,34388.0,0.03412000936526784
BRENT,2018-04-03,2018-04-03,2018-04-03,600519.0,4923.0,-0.019016381989579903
BRENT,2018-04-10,2018-04-10,2018-04-10,614615.0,14096.0,0.03983436348277213
BRENT,2018-04-17,2018-04-17,2018-04-17,607051.0,-7564.0,0.007779938809984996
BRENT,2018-04-24,2018-04-24,2018-04-24,599641.0,-7410.0,0.02916063326623464
BRENT,2018-05-01,2018-05-01,2018-05-01,574917.0,-24724.0,0.0019099573568558499
BRENT,2018-05-08,2018-05-08,2018-05-08,548405.0,-26512.0,0.02539689701622976
BRENT,2018-05-15,2018-05-15,2018-05-15,518935.0,-29470.0,0.04842610626104314
BRENT,2018-05-22,2018-05-22,2018-05-22,473866.0,-45069.0,0.016724069001011407
BRENT,2018-05-29,2018-05-29,2018-05-29,435275.0,-38591.0,-0.05288825966622456
BRENT,2018-06-05,2018-06-05,2018-06-05,419948.0,-15327.0,-0.0007753361738681783
BRENT,2018-06-12,2018-06-12,2018-06-12,437185.0,17237.0,0.006897493853295897
BRENT,2018-06-19,2018-06-19,2018-06-19,442179.0,4994.0,-0.013440883695276518
BRENT,2018-06-26,2018-06-26,2018-06-26,432808.0,-9371.0,0.019897194415262727
BRENT,2018-07-03,2018-07-03,2018-07-03,433958.0,1150.0,0.02122310678993996
BRENT,2018-07-10,2018-07-10,2018-07-10,425860.0,-8098.0,0.015510148777092378
BRENT,2018-07-17,2018-07-17,2018-07-17,341015.0,-84845.0,-0.08463221088498458
BRENT,2018-07-24,2018-07-24,2018-07-24,354428.0,13413.0,0.021364822497696848
BRENT,2018-07-31,2018-07-31,2018-07-31,357985.0,3557.0,0.0055401803756151904
BRENT,2018-08-07,2018-08-07,2018-08-07,344002.0,-13983.0,0.008033247110047943
BRENT,2018-08-14,2018-08-14,2018-08-14,333206.0,-10796.0,-0.029913579129284128
BRENT,2018-08-21,2018-08-21,2018-08-21,318496.0,-14710.0,0.0017846116343254136
BRENT,2018-08-28,2018-08-28,2018-08-28,381752.0,63256.0,0.04531606428379907
BRENT,2018-09-04,2018-09-04,2018-09-04,410260.0,28508.0,0.023980062479692858
BRENT,2018-09-11,2018-09-11,2018-09-11,433487.0,23227.0,0.008436711169507768
BRENT,2018-09-18,2018-09-18,2018-09-18,451213.0,17726.0,-0.0003819466594270904
BRENT,2018-09-25,2018-09-25,2018-09-25,482190.0,30977.0,0.034173173172797736
BRENT,2018-10-02,2018-10-02,2018-10-02,468911.0,-13279.0,0.04326140992763308
BRENT,2018-10-09,2018-10-09,2018-10-09,463895.0,-5016.0,0.002249986146666605
BRENT,2018-10-16,2018-10-16,2018-10-16,402191.0,-61704.0,-0.04228193519821605
BRENT,2018-10-23,2018-10-23,2018-10-23,358579.0,-43612.0,-0.0622377805992573
BRENT,2018-10-30,2018-10-30,2018-10-30,309944.0,-48635.0,-0.002629850299389204
BRENT,2018-11-06,2018-11-06,2018-11-06,266170.0,-43774.0,-0.05145584229631914
BRENT,2018-11-13,2018-11-13,2018-11-13,218366.0,-47804.0,-0.09211407328634046
BRENT,2018-11-20,2018-11-20,2018-11-20,185097.0,-33269.0,-0.04617998908060722
BRENT,2018-11-27,2018-11-27,2018-11-27,175433.0,-9664.0,-0.039602708446651314
BRENT,2018-12-04,2018-12-04,2018-12-04,145720.0,-29713.0,0.02767125681353716
BRENT,2018-12-11,2018-12-11,2018-12-11,147844.0,2124.0,-0.030515543925950267
BRENT,2018-12-18,2018-12-18,2018-12-18,159560.0,11716.0,-0.0707105252394302
BRENT,2018-12-25,2018-12-25,2018-12-24,165053.0,5493.0,-0.1021447933448072
BRENT,2019-01-01,2019-01-01,2018-12-31,157091.0,-7962.0,0.05796783820843554
BRENT,2019-01-08,2019-01-08,2019-01-08,165154.0,8063.0,0.08631694859201006
BRENT,2019-01-15,2019-01-15,2019-01-15,181101.0,15947.0,0.031589490532167724
BRENT,2019-01-22,2019-01-22,2019-01-22,209896.0,28795.0,0.00982326170294301
BRENT,2019-01-29,2019-01-29,2019-01-29,245692.0,35796.0,-0.002936859673309783
BRENT,2019-02-05,2019-02-05,2019-02-05,246353.0,661.0,0.012637394037970207
BRENT,2019-02-12,2019-02-12,2019-02-12,278624.0,32271.0,0.005302494949820463
BRENT,2019-02-19,2019-02-19,2019-02-19,295371.0,16747.0,0.06318544267810841
BRENT,2019-02-26,2019-02-26,2019-02-26,310352.0,14981.0,-0.016840267501742764
BRENT,2019-03-05,2019-03-05,2019-03-05,303814.0,-6538.0,0.00822986689278049
BRENT,2019-03-12,2019-03-12,2019-03-12,306372.0,2558.0,0.00996234654566247
BRENT,2019-03-19,2019-03-19,2019-03-19,319528.0,13156.0,0.012537477659035776
BRENT,2019-03-26,2019-03-26,2019-03-26,332062.0,12534.0,0.00014831294057585098
BRENT,2019-04-02,2019-04-02,2019-04-02,365683.0,33621.0,0.027491509455339083
BRENT,2019-04-09,2019-04-09,2019-04-09,378956.0,13273.0,0.01768685116636717
BRENT,2019-04-16,2019-04-16,2019-04-16,401145.0,22189.0,0.014854909930105704
BRENT,2019-04-23,2019-04-23,2019-04-23,425635.0,24490.0,0.03694424280652291
BRENT,2019-04-30,2019-04-30,2019-04-30,419200.0,-6435.0,-0.025078395480609004
BRENT,2019-05-07,2019-05-07,2019-05-07,414886.0,-4314.0,-0.03387742127499499
BRENT,2019-05-14,2019-05-14,2019-05-14,408159.0,-6727.0,0.017793553110188615
BRENT,2019-05-21,2019-05-21,2019-05-21,405607.0,-2552.0,0.014122533829142284
BRENT,2019-05-28,2019-05-28,2019-05-28,358229.0,-47378.0,-0.037724147407627154
BRENT,2019-06-04,2019-06-04,2019-06-04,305020.0,-53209.0,-0.10364824162918701
BRENT,2019-06-11,2019-06-11,2019-06-11,295227.0,-9793.0,0.00603935566161215
BRENT,2019-06-18,2019-06-18,2019-06-18,280868.0,-14359.0,-0.001954716374151677
BRENT,2019-06-25,2019-06-25,2019-06-25,265781.0,-15087.0,0.046979421231419516
BRENT,2019-07-02,2019-07-02,2019-07-02,253808.0,-11973.0,-0.027494520353957413
BRENT,2019-07-09,2019-07-09,2019-07-09,252512.0,-1296.0,0.02807702871924332
BRENT,2019-07-16,2019-07-16,2019-07-16,288047.0,35535.0,-0.0014087816370822182
BRENT,2019-07-23,2019-07-23,2019-07-23,261732.0,-26315.0,-0.0014107691030179476
BRENT,2019-07-30,2019-07-30,2019-07-30,275316.0,13584.0,0.013709515236268552
BRENT,2019-08-06,2019-08-06,2019-08-06,256250.0,-19066.0,-0.09142316830581175
BRENT,2019-08-13,2019-08-13,2019-08-13,228523.0,-27727.0,0.04002208472383148
BRENT,2019-08-20,2019-08-20,2019-08-20,220870.0,-7653.0,-0.02224158074182475
BRENT,2019-08-27,2019-08-27,2019-08-27,228150.0,7280.0,-0.009274158032538282
BRENT,2019-09-03,2019-09-03,2019-09-03,246639.0,18489.0,-0.01335969640080717
BRENT,2019-09-10,2019-09-10,2019-09-10,295929.0,49290.0,0.06679801631976644
BRENT,2019-09-17,2019-09-17,2019-09-17,280799.0,-15130.0,0.03392325282909853
BRENT,2019-09-24,2019-09-24,2019-09-24,264896.0,-15903.0,-0.02291634338802899
BRENT,2019-10-01,2019-10-01,2019-10-01,241939.0,-22957.0,-0.052617275784098555
BRENT,2019-10-08,2019-10-08,2019-10-08,191295.0,-50644.0,-0.007073263338099517
BRENT,2019-10-15,2019-10-15,2019-10-15,189578.0,-1717.0,0.013413786679168982
BRENT,2019-10-22,2019-10-22,2019-10-22,195838.0,6260.0,0.015257119145764164
BRENT,2019-10-29,2019-10-29,2019-10-29,242575.0,46737.0,0.029669865080359348
BRENT,2019-11-05,2019-11-05,2019-11-05,277365.0,34790.0,0.026571931302068932
BRENT,2019-11-12,2019-11-12,2019-11-12,304036.0,26671.0,-0.014428393286119542
BRENT,2019-11-19,2019-11-19,2019-11-19,303224.0,-812.0,-0.02012273077726201
BRENT,2019-11-26,2019-11-26,2019-11-26,352213.0,48989.0,0.05178467647198633
BRENT,2019-12-03,2019-12-03,2019-12-03,326151.0,-26062.0,-0.03964966931829583
BRENT,2019-12-10,2019-12-10,2019-12-10,378478.0,52327.0,0.05423356910397867
BRENT,2019-12-17,2019-12-17,2019-12-17,412916.0,34438.0,0.026282517415804858
BRENT,2019-12-24,2019-12-24,2019-12-24,409951.0,-2965.0,0.015383747144581574
BRENT,2019-12-31,2019-12-31,2019-12-31,417289.0,7338.0,-0.002421308689010344
BRENT,2020-01-07,2020-01-07,2020-01-07,437112.0,19823.0,0.03432521236554101
BRENT,2020-01-14,2020-01-14,2020-01-14,430615.0,-6497.0,-0.05882256143568629
BRENT,2020-01-21,2020-01-21,2020-01-21,432068.0,1453.0,0.0018817631395691183
BRENT,2020-01-28,2020-01-28,2020-01-28,397760.0,-34308.0,-0.0819113907961013
BRENT,2020-02-04,2020-02-04,2020-02-04,342896.0,-54864.0,-0.07938477355307458
BRENT,2020-02-11,2020-02-11,2020-02-11,274184.0,-68712.0,0.0014768324633602226
BRENT,2020-02-18,2020-02-18,2020-02-18,275868.0,1684.0,0.05909345245341585
BRENT,2020-02-25,2020-02-25,2020-02-25,284840.0,8972.0,-0.058171538494877134
BRENT,2020-03-03,2020-03-03,2020-03-03,226829.0,-58011.0,-0.045364547698759
BRENT,2020-03-10,2020-03-10,2020-03-10,144748.0,-82081.0,-0.30685905042329736
BRENT,2020-03-17,2020-03-17,2020-03-17,70461.0,-74287.0,-0.2251802788012396
BRENT,2020-03-24,2020-03-24,2020-03-24,56858.0,-13603.0,-0.022278560657264412
BRENT,2020-03-31,2020-03-31,2020-03-31,64011.0,7153.0,-0.12102466604463746
BRENT,2020-04-07,2020-04-07,2020-04-07,106432.0,42421.0,0.15087009023896347
BRENT,2020-04-14,2020-04-14,2020-04-14,110932.0,4500.0,-0.027036615956806065
BRENT,2020-04-21,2020-04-21,2020-04-21,138891.0,27959.0,-0.37293476718776664
BRENT,2020-04-28,2020-04-28,2020-04-28,158438.0,19547.0,-0.016572555481787044
BRENT,2020-05-05,2020-05-05,2020-05-05,195268.0,36830.0,0.27196858391276146
BRENT,2020-05-12,2020-05-12,2020-05-12,175563.0,-19705.0,-0.035080127681575535
BRENT,2020-05-19,2020-05-19,2020-05-19,179298.0,3735.0,0.12579299209733408
BRENT,2020-05-26,2020-05-26,2020-05-26,188633.0,9335.0,0.05023377508106919
BRENT,2020-06-02,2020-06-02,2020-06-02,190739.0,2106.0,0.06779392073120927
BRENT,2020-06-09,2020-06-09,2020-06-09,199540.0,8801.0,0.04559123897329753
BRENT,2020-06-16,2020-06-16,2020-06-16,204060.0,4520.0,-0.00919657982261457
BRENT,2020-06-23,2020-06-23,2020-06-23,222080.0,18020.0,0.03816346741360066
BRENT,2020-06-30,2020-06-30,2020-06-30,221773.0,-307.0,-0.034765405891442946
BRENT,2020-07-07,2020-07-07,2020-07-07,210354.0,-11419.0,0.04418911476427145
BRENT,2020-07-14,2020-07-14,2020-07-14,217202.0,6848.0,-0.003009609865160967
BRENT,2020-07-21,2020-07-21,2020-07-21,219541.0,2339.0,0.032393343257066776
BRENT,2020-07-28,2020-07-28,2020-07-28,195267.0,-24274.0,-0.021325672062142864
BRENT,2020-08-04,2020-08-04,2020-08-04,191388.0,-3879.0,0.020260000078779594
BRENT,2020-08-11,2020-08-11,2020-08-11,207998.0,16610.0,0.0033396446491217313
BRENT,2020-08-18,2020-08-18,2020-08-18,205224.0,-2774.0,0.022418521314296225
BRENT,2020-08-25,2020-08-25,2020-08-25,203163.0,-2061.0,0.006067190875801987
BRENT,2020-09-01,2020-09-01,2020-09-01,184179.0,-18984.0,-0.014641765760806114
BRENT,2020-09-08,2020-09-08,2020-09-08,111394.0,-72785.0,-0.13080220100368678
BRENT,2020-09-15,2020-09-15,2020-09-15,70382.0,-41012.0,0.019384731637670405
BRENT,2020-09-22,2020-09-22,2020-09-22,94050.0,23668.0,0.02495929901316829
BRENT,2020-09-29,2020-09-29,2020-09-29,93144.0,-906.0,-0.015045059905220537
BRENT,2020-10-06,2020-10-06,2020-10-06,81291.0,-11853.0,0.026498535098188225
BRENT,2020-10-13,2020-10-13,2020-10-13,116237.0,34946.0,-0.005346984725780546
BRENT,2020-10-20,2020-10-20,2020-10-20,137500.0,21263.0,0.014578529630234871
BRENT,2020-10-27,2020-10-27,2020-10-27,138462.0,962.0,-0.04510983256935641
BRENT,2020-11-03,2020-11-03,2020-11-03,88578.0,-49884.0,-0.04776957768889223
BRENT,2020-11-10,2020-11-10,2020-11-10,126212.0,37634.0,0.08951964418085512
BRENT,2020-11-17,2020-11-17,2020-11-17,175398.0,49186.0,0.0011380449617947042
BRENT,2020-11-24,2020-11-24,2020-11-24,226810.0,51412.0,0.08332701236224282
BRENT,2020-12-01,2020-12-01,2020-12-01,246276.0,19466.0,-0.009445833836307926
BRENT,2020-12-08,2020-12-08,2020-12-08,274556.0,28280.0,0.029312981198025168
BRENT,2020-12-15,2020-12-15,2020-12-15,285751.0,11195.0,0.03818791990787146
BRENT,2020-12-22,2020-12-22,2020-12-21,283216.0,-2535.0,-0.010905233482262744
BRENT,2020-12-29,2020-12-29,2020-12-29,277412.0,-5804.0,0.021107401626445865
BRENT,2021-01-05,2021-01-05,2021-01-05,288790.0,11378.0,0.04371771427256882
BRENT,2021-01-12,2021-01-12,2021-01-12,314832.0,26042.0,0.05363459324496417
BRENT,2021-01-19,2021-01-19,2021-01-19,309361.0,-5471.0,-0.011573172883053873
BRENT,2021-01-26,2021-01-26,2021-01-26,332178.0,22817.0,-0.0035880913988748375
BRENT,2021-02-02,2021-02-02,2021-02-02,339292.0,7114.0,0.03183906589757313
BRENT,2021-02-09,2021-02-09,2021-02-09,341989.0,2697.0,0.05955453075659062
BRENT,2021-02-16,2021-02-16,2021-02-16,344818.0,2829.0,0.03320949872248902
BRENT,2021-02-23,2021-02-23,2021-02-23,345675.0,857.0,0.027037170333541083
BRENT,2021-03-02,2021-03-02,2021-03-02,344353.0,-1322.0,-0.025552958990915142
BRENT,2021-03-09,2021-03-09,2021-03-09,340221.0,-4132.0,0.0754052050970796
BRENT,2021-03-16,2021-03-16,2021-03-16,334430.0,-5791.0,0.012155500987979656
BRENT,2021-03-23,2021-03-23,2021-03-23,283723.0,-50707.0,-0.1090179662468421
BRENT,2021-03-30,2021-03-30,2021-03-30,291245.0,7522.0,0.05295966729359891
BRENT,2021-04-06,2021-04-06,2021-04-06,269298.0,-21947.0,-0.020612606482369844
BRENT,2021-04-13,2021-04-13,2021-04-13,290491.0,21193.0,0.013523394385745846
BRENT,2021-04-20,2021-04-20,2021-04-20,302572.0,12081.0,0.04087256214181767
BRENT,2021-04-27,2021-04-27,2021-04-27,293722.0,-8850.0,-0.0007587829486146724
BRENT,2021-05-04,2021-05-04,2021-05-04,303920.0,10198.0,0.04563635531712845
BRENT,2021-05-11,2021-05-11,2021-05-11,284895.0,-19025.0,-0.0011694198087551788
BRENT,2021-05-18,2021-05-18,2021-05-18,270808.0,-14087.0,0.0021915415302164454
BRENT,2021-05-25,2021-05-25,2021-05-25,247157.0,-23651.0,-0.0004379242461053645
BRENT,2021-06-01,2021-06-01,2021-06-01,256949.0,9792.0,0.02501419710125119
BRENT,2021-06-08,2021-06-08,2021-06-08,278234.0,21285.0,0.027673656419255455
BRENT,2021-06-15,2021-06-15,2021-06-15,296315.0,18081.0,0.020536866770379428
BRENT,2021-06-22,2021-06-22,2021-06-22,290162.0,-6153.0,0.010584981445318206
BRENT,2021-06-29,2021-06-29,2021-06-29,285086.0,-5076.0,0.00269614614658098
BRENT,2021-07-06,2021-07-06,2021-07-06,282131.0,-2955.0,0.0017168599148597308
BRENT,2021-07-13,2021-07-13,2021-07-13,287271.0,5140.0,0.028537002438586943
BRENT,2021-07-20,2021-07-20,2021-07-20,253039.0,-34232.0,-0.09614264878347062
BRENT,2021-07-27,2021-07-27,2021-07-27,290204.0,37165.0,0.06678987471568694
BRENT,2021-08-03,2021-08-03,2021-08-03,294230.0,4026.0,-0.0131574743579672
BRENT,2021-08-10,2021-08-10,2021-08-10,267642.0,-26588.0,-0.02183339070169424
BRENT,2021-08-17,2021-08-17,2021-08-17,245101.0,-22541.0,-0.0231948740374866
BRENT,2021-08-24,2021-08-24,2021-08-24,236896.0,-8205.0,0.025897001828242228
BRENT,2021-08-31,2021-08-31,2021-08-31,265181.0,28285.0,0.01717868209531813
BRENT,2021-09-07,2021-09-07,2021-09-07,269784.0,4603.0,0.0008447135515656373
BRENT,2021-09-14,2021-09-14,2021-09-14,285217.0,15433.0,0.02652380718464755
BRENT,2021-09-21,2021-09-21,2021-09-21,306980.0,21763.0,0.00818893616664438
BRENT,2021-09-28,2021-09-28,2021-09-28,307226.0,246.0,0.06294863485785693
BRENT,2021-10-05,2021-10-05,2021-10-05,299819.0,-7407.0,0.053468306269239194
BRENT,2021-10-12,2021-10-12,2021-10-12,274047.0,-25772.0,0.010938368662801165
BRENT,2021-10-19,2021-10-19,2021-10-19,250125.0,-23922.0,0.019511062408482424
BRENT,2021-10-26,2021-10-26,2021-10-26,240897.0,-9228.0,0.015175869159554975
BRENT,2021-11-02,2021-11-02,2021-11-02,232572.0,-8325.0,-0.012067686865950097
BRENT,2021-11-09,2021-11-09,2021-11-09,222133.0,-10439.0,0.0014371259958481375
BRENT,2021-11-16,2021-11-16,2021-11-16,203576.0,-18557.0,-0.025943993613532265
BRENT,2021-11-23,2021-11-23,2021-11-23,193490.0,-10086.0,-0.001105990896148934
BRENT,2021-11-30,2021-11-30,2021-11-30,138859.0,-54631.0,-0.1610806574887499
BRENT,2021-12-07,2021-12-07,2021-12-07,133568.0,-5291.0,0.08645469865061363
BRENT,2021-12-14,2021-12-14,2021-12-14,133024.0,-544.0,-0.019768007389463483
BRENT,2021-12-21,2021-12-21,2021-12-21,133667.0,643.0,0.004471855138298616
BRENT,2021-12-28,2021-12-28,2021-12-28,175583.0,41916.0,0.06173748182222702
BRENT,2022-01-04,2022-01-04,2022-01-04,196416.0,20833.0,0.016667618151170842
BRENT,2022-01-11,2022-01-11,2022-01-11,240858.0,44442.0,0.04341824422411568
BRENT,2022-01-18,2022-01-18,2022-01-18,242458.0,1600.0,0.04357218136229314
BRENT,2022-01-25,2022-01-25,2022-01-25,233322.0,-9136.0,0.004598766440041979
BRENT,2022-02-01,2022-02-01,2022-02-01,212147.0,-21175.0,0.022667454361797235
BRENT,2022-02-08,2022-02-08,2022-02-08,202876.0,-9271.0,0.018177186901279146
BRENT,2022-02-15,2022-02-15,2022-02-15,203836.0,960.0,0.019060860760607312
BRENT,2022-02-22,2022-02-22,2022-02-22,213253.0,9417.0,0.02973995876660493
BRENT,2022-03-01,2022-03-01,2022-03-01,229157.0,15904.0,0.10444139468676755
BRENT,2022-03-08,2022-03-08,2022-03-08,129065.0,-100092.0,0.1996723817198795
BRENT,2022-03-15,2022-03-15,2022-03-15,141025.0,11960.0,-0.23540664524626748
BRENT,2022-03-22,2022-03-22,2022-03-22,146581.0,5556.0,0.1363073066524061
BRENT,2022-03-29,2022-03-29,2022-03-29,141521.0,-5060.0,-0.03753743067741827
BRENT,2022-04-05,2022-04-05,2022-04-05,141215.0,-306.0,-0.004488692987870968
BRENT,2022-04-12,2022-04-12,2022-04-12,140317.0,-898.0,-0.009359250822541076
BRENT,2022-04-19,2022-04-19,2022-04-19,166908.0,26591.0,0.022860848549019375
BRENT,2022-04-26,2022-04-26,2022-04-26,150221.0,-16687.0,-0.019125748674418463
BRENT,2022-05-03,2022-05-03,2022-05-03,152609.0,2388.0,0.007451703616097982
BRENT,2022-05-10,2022-05-10,2022-05-10,154532.0,1923.0,-0.02429743376681376
BRENT,2022-05-17,2022-05-17,2022-05-17,176122.0,21590.0,0.08162186315369602
BRENT,2022-05-24,2022-05-24,2022-05-24,190141.0,14019.0,0.007617702566913576
BRENT,2022-05-31,2022-05-31,2022-05-31,197902.0,7761.0,0.04340245484074462
BRENT,2022-06-07,2022-06-07,2022-06-07,213693.0,15791.0,0.04820628184320863
BRENT,2022-06-14,2022-06-14,2022-06-14,224274.0,10581.0,-0.0030518843626642367
BRENT,2022-06-21,2022-06-21,2022-06-21,198329.0,-25945.0,-0.052375289118904655
BRENT,2022-06-28,2022-06-28,2022-06-28,189117.0,-9212.0,0.017999333294710707
BRENT,2022-07-05,2022-07-05,2022-07-05,141492.0,-47625.0,-0.10736428286064725
BRENT,2022-07-12,2022-07-12,2022-07-12,140985.0,-507.0,-0.029421424063447665
BRENT,2022-07-19,2022-07-19,2022-07-19,150952.0,9967.0,0.06796584962104091
BRENT,2022-07-26,2022-07-26,2022-07-26,159844.0,8892.0,-0.0338077072027167
BRENT,2022-08-02,2022-08-02,2022-08-02,154323.0,-5521.0,0.01635621087045952
BRENT,2022-08-09,2022-08-09,2022-08-09,133879.0,-20444.0,-0.03918016247506567
BRENT,2022-08-16,2022-08-16,2022-08-16,121146.0,-12733.0,-0.033338207211997484
BRENT,2022-08-23,2022-08-23,2022-08-23,147277.0,26131.0,0.07787706002900802
BRENT,2022-08-30,2022-08-30,2022-08-30,163385.0,16108.0,-0.01350205781911673
BRENT,2022-09-06,2022-09-06,2022-09-06,144592.0,-18793.0,-0.04680624493476321
BRENT,2022-09-13,2022-09-13,2022-09-13,147402.0,2810.0,0.0027145898639530652
BRENT,2022-09-20,2022-09-20,2022-09-20,152303.0,4901.0,-0.031056344599091068
BRENT,2022-09-27,2022-09-27,2022-09-27,143740.0,-8563.0,-0.05200000819788286
BRENT,2022-10-04,2022-10-04,2022-10-04,169396.0,25656.0,0.07589782994368416
BRENT,2022-10-11,2022-10-11,2022-10-11,182445.0,13049.0,0.029292862906576844
BRENT,2022-10-18,2022-10-18,2022-10-18,161847.0,-20598.0,-0.04296867295513357
BRENT,2022-10-25,2022-10-25,2022-10-25,192720.0,30873.0,0.034826631557990484
BRENT,2022-11-01,2022-11-01,2022-11-01,209892.0,17172.0,0.030855516214867762
BRENT,2022-11-08,2022-11-08,2022-11-08,218706.0,8814.0,0.012743118309581747
BRENT,2022-11-15,2022-11-15,2022-11-15,191502.0,-27204.0,-0.013174292187125125
BRENT,2022-11-22,2022-11-22,2022-11-22,123245.0,-68257.0,-0.05598580210940707
BRENT,2022-11-29,2022-11-29,2022-11-29,89247.0,-33998.0,-0.040133330145666224
BRENT,2022-12-06,2022-12-06,2022-12-06,86706.0,-2541.0,-0.05612540375797198
BRENT,2022-12-13,2022-12-13,2022-12-13,80962.0,-5744.0,0.01482616082035021
BRENT,2022-12-20,2022-12-20,2022-12-20,93332.0,12370.0,-0.004089478405171321
BRENT,2022-12-27,2022-12-27,2022-12-27,134756.0,41424.0,0.05024966045921103
BRENT,2023-01-03,2023-01-03,2023-01-03,151553.0,16797.0,-0.027666842236095557
BRENT,2023-01-10,2023-01-10,2023-01-10,146351.0,-5202.0,-0.022661068222595282
BRENT,2023-01-17,2023-01-17,2023-01-17,203236.0,56885.0,0.06987273674172578
BRENT,2023-01-24,2023-01-24,2023-01-24,237585.0,34349.0,0.001856795241605591
BRENT,2023-01-31,2023-01-31,2023-01-31,251190.0,13605.0,-0.00920162569559041
BRENT,2023-02-07,2023-02-07,2023-02-07,239437.0,-11753.0,-0.021360726730467294
BRENT,2023-02-14,2023-02-14,2023-02-14,285183.0,45746.0,0.022885922075111365
BRENT,2023-02-21,2023-02-21,2023-02-21,264419.0,-20764.0,-0.030108777600329095
BRENT,2023-02-28,2023-02-28,2023-02-28,279915.0,15496.0,0.00818197321053954
BRENT,2023-03-07,2023-03-07,2023-03-07,291966.0,12051.0,-0.0003622532189586636
BRENT,2023-03-14,2023-03-14,2023-03-14,225684.0,-66282.0,-0.07262263953753034
BRENT,2023-03-21,2023-03-21,2023-03-21,164747.0,-60937.0,-0.025917388296046506
BRENT,2023-03-28,2023-03-28,2023-03-28,164261.0,-486.0,0.04061405606928714
BRENT,2023-04-04,2023-04-04,2023-04-04,244331.0,80070.0,0.08084574769721115
BRENT,2023-04-11,2023-04-11,2023-04-11,245964.0,1633.0,0.007306183808400424
BRENT,2023-04-18,2023-04-18,2023-04-18,252943.0,6979.0,-0.008489615899180514
BRENT,2023-04-25,2023-04-25,2023-04-25,201342.0,-51601.0,-0.046660993741226564
BRENT,2023-05-02,2023-05-02,2023-05-02,128000.0,-73342.0,-0.06636032896919011
BRENT,2023-05-09,2023-05-09,2023-05-09,99501.0,-28499.0,0.029284477247523172
BRENT,2023-05-16,2023-05-16,2023-05-16,90616.0,-8885.0,-0.033557988024905366
BRENT,2023-05-23,2023-05-23,2023-05-23,125257.0,34641.0,0.026675290898219378
BRENT,2023-05-30,2023-05-30,2023-05-30,154907.0,29650.0,-0.040284609617608935
BRENT,2023-06-06,2023-06-06,2023-06-06,176280.0,21373.0,0.0332946755051981
BRENT,2023-06-13,2023-06-13,2023-06-13,168505.0,-7775.0,-0.025017938206389256
BRENT,2023-06-20,2023-06-20,2023-06-20,185075.0,16570.0,0.02238601143377933
BRENT,2023-06-27,2023-06-27,2023-06-27,159148.0,-25927.0,-0.04556044003232007
BRENT,2023-07-04,2023-07-04,2023-07-03,182922.0,23774.0,0.04912629273050817
BRENT,2023-07-11,2023-07-11,2023-07-11,229590.0,46668.0,0.0389425173775339
BRENT,2023-07-18,2023-07-18,2023-07-18,187626.0,-41964.0,0.0054234855774506485
BRENT,2023-07-25,2023-07-25,2023-07-25,188072.0,446.0,0.046091107200266934
BRENT,2023-08-01,2023-08-01,2023-08-01,214305.0,26233.0,0.02018279192443817
BRENT,2023-08-08,2023-08-08,2023-08-08,214711.0,406.0,0.014106264236547372
BRENT,2023-08-15,2023-08-15,2023-08-15,234060.0,19349.0,-0.016358117039964537
BRENT,2023-08-22,2023-08-22,2023-08-22,221687.0,-12373.0,-0.007025092891205564
BRENT,2023-08-29,2023-08-29,2023-08-29,200933.0,-20754.0,0.014472375966489204
BRENT,2023-09-05,2023-09-05,2023-09-05,223717.0,22784.0,0.05790340870248545
BRENT,2023-09-12,2023-09-12,2023-09-12,246550.0,22833.0,0.021918079098150578
BRENT,2023-09-19,2023-09-19,2023-09-19,263302.0,16752.0,0.019624416850643478
BRENT,2023-09-26,2023-09-26,2023-09-26,237843.0,-25459.0,-0.007652136277544852
BRENT,2023-10-03,2023-10-03,2023-10-03,217248.0,-20595.0,-0.015524236635824806
BRENT,2023-10-10,2023-10-10,2023-10-10,138740.0,-78508.0,-0.03375078071388271
BRENT,2023-10-17,2023-10-17,2023-10-17,205311.0,66571.0,0.026662143436148422
BRENT,2023-10-24,2023-10-24,2023-10-24,205460.0,149.0,-0.01593477832396234
BRENT,2023-10-31,2023-10-31,2023-10-31,197027.0,-8433.0,-0.024858987145775113
BRENT,2023-11-07,2023-11-07,2023-11-07,175328.0,-21699.0,-0.03789063303406287
BRENT,2023-11-14,2023-11-14,2023-11-14,171929.0,-3399.0,0.011007938944295526
BRENT,2023-11-21,2023-11-21,2023-11-21,160650.0,-11279.0,0.0032788905446626826
BRENT,2023-11-28,2023-11-28,2023-11-28,164744.0,4094.0,-0.01232098538615406
BRENT,2023-12-05,2023-12-05,2023-12-05,138784.0,-25960.0,-0.05075528940361518
BRENT,2023-12-12,2023-12-12,2023-12-12,88675.0,-50109.0,-0.048453302422080125
BRENT,2023-12-19,2023-12-19,2023-12-19,155738.0,67063.0,0.07656298505535253
BRENT,2023-12-26,2023-12-26,2023-12-26,199688.0,43950.0,0.018475122920331433
BRENT,2024-01-02,2024-01-02,2024-01-02,165800.0,-33888.0,-0.062017189341455226
BRENT,2024-01-09,2024-01-09,2024-01-09,206502.0,40702.0,0.01828682097738249
BRENT,2024-01-16,2024-01-16,2024-01-16,222225.0,15723.0,0.007864412350759353
BRENT,2024-01-23,2024-01-23,2024-01-23,206945.0,-15280.0,0.015798519444410186
BRENT,2024-01-30,2024-01-30,2024-01-30,260840.0,53895.0,0.04195900430733057
BRENT,2024-02-06,2024-02-06,2024-02-06,236744.0,-24096.0,-0.049151748044390764
BRENT,2024-02-13,2024-02-13,2024-02-13,278977.0,42233.0,0.0474081538248734
BRENT,2024-02-20,2024-02-20,2024-02-20,274741.0,-4236.0,-0.006969521394803224
BRENT,2024-02-27,2024-02-27,2024-02-27,252321.0,-22420.0,0.014132788836769494
BRENT,2024-03-05,2024-03-05,2024-03-05,230395.0,-21926.0,-0.007268684788143576
BRENT,2024-03-12,2024-03-12,2024-03-12,228358.0,-2037.0,0.0015971500415827289
BRENT,2024-03-19,2024-03-19,2024-03-19,286532.0,58174.0,0.06141863356621413
BRENT,2024-03-26,2024-03-26,2024-03-26,291490.0,4958.0,-0.011495046748380089
BRENT,2024-04-02,2024-04-02,2024-04-02,303287.0,11797.0,0.035868499219098404
BRENT,2024-04-09,2024-04-09,2024-04-09,305834.0,2547.0,0.007255445046403797
BRENT,2024-04-16,2024-04-16,2024-04-16,326564.0,20730.0,0.007875828289102216
BRENT,2024-04-23,2024-04-23,2024-04-23,293398.0,-33166.0,-0.02083644627260728
BRENT,2024-04-30,2024-04-30,2024-04-30,310692.0,17294.0,-0.012203697392021595
BRENT,2024-05-07,2024-05-07,2024-05-07,249727.0,-60965.0,-0.03434068799427542
BRENT,2024-05-14,2024-05-14,2024-05-14,203237.0,-46490.0,-0.009230087389419883
BRENT,2024-05-21,2024-05-21,2024-05-21,136629.0,-66608.0,0.00898827865894647
BRENT,2024-05-28,2024-05-28,2024-05-28,141201.0,4572.0,0.014882655875799011
BRENT,2024-06-04,2024-06-04,2024-06-04,37323.0,-103878.0,-0.07983314498542982
BRENT,2024-06-11,2024-06-11,2024-06-11,68712.0,31389.0,0.05378791544561501
BRENT,2024-06-18,2024-06-18,2024-06-18,142723.0,74011.0,0.03601280354972902
BRENT,2024-06-25,2024-06-25,2024-06-25,154936.0,12213.0,-0.0036740782070545652
BRENT,2024-07-02,2024-07-02,2024-07-02,192281.0,37345.0,0.02395705961884681
BRENT,2024-07-09,2024-07-09,2024-07-09,197388.0,5107.0,-0.018307958353681486
BRENT,2024-07-16,2024-07-16,2024-07-16,179270.0,-18118.0,-0.0130783554669891
BRENT,2024-07-23,2024-07-23,2024-07-23,143760.0,-35510.0,-0.03352680930667151
BRENT,2024-07-30,2024-07-30,2024-07-30,70097.0,-73663.0,-0.025295391952342705
BRENT,2024-08-06,2024-08-06,2024-08-06,13929.0,-56168.0,-0.018903478121998663
BRENT,2024-08-13,2024-08-13,2024-08-13,60346.0,46417.0,0.05002325239758215
BRENT,2024-08-20,2024-08-20,2024-08-20,52403.0,-7943.0,-0.04281530558877922
BRENT,2024-08-27,2024-08-27,2024-08-27,69768.0,17365.0,0.0267988209545148
BRENT,2024-09-03,2024-09-03,2024-09-03,24902.0,-44866.0,-0.06156449998616076
BRENT,2024-09-10,2024-09-10,2024-09-10,-33789.0,-58691.0,-0.06292091248233311
BRENT,2024-09-17,2024-09-17,2024-09-17,-26660.0,7129.0,0.058956721657721645
BRENT,2024-09-24,2024-09-24,2024-09-24,970.0,27630.0,0.019799941654559727
BRENT,2024-10-01,2024-10-01,2024-10-01,22265.0,21295.0,-0.01371144105369193
BRENT,2024-10-08,2024-10-08,2024-10-08,148775.0,126510.0,0.04774239968390109
BRENT,2024-10-15,2024-10-15,2024-10-15,120843.0,-27932.0,-0.03863226801141323
BRENT,2024-10-22,2024-10-22,2024-10-22,119242.0,-1601.0,0.023278643131747545
BRENT,2024-10-29,2024-10-29,2024-10-29,97087.0,-22155.0,-0.06685098741488815
BRENT,2024-11-05,2024-11-05,2024-11-05,114108.0,17021.0,0.0654398687378524
BRENT,2024-11-12,2024-11-12,2024-11-12,99760.0,-14348.0,-0.04755988587164184
BRENT,2024-11-19,2024-11-19,2024-11-19,133064.0,33304.0,0.01852929118936003
BRENT,2024-11-26,2024-11-26,2024-11-26,134532.0,1468.0,-0.009221729379619903
BRENT,2024-12-03,2024-12-03,2024-12-03,164223.0,29691.0,0.016838679177327065
BRENT,2024-12-10,2024-12-10,2024-12-10,169728.0,5505.0,-0.017919156240264855
BRENT,2024-12-17,2024-12-17,2024-12-17,187559.0,17831.0,0.013126267914212564
BRENT,2024-12-24,2024-12-24,2024-12-24,159846.0,-27713.0,0.004382968254725006
BRENT,2024-12-31,2024-12-31,2024-12-31,194466.0,34620.0,0.019891055643150024
BRENT,2025-01-07,2025-01-07,2025-01-07,237797.0,43331.0,0.028679607694530096
BRENT,2025-01-14,2025-01-14,2025-01-14,272165.0,34368.0,0.031945014121905035
BRENT,2025-01-21,2025-01-21,2025-01-21,279618.0,7453.0,-0.006103782938017721
BRENT,2025-01-28,2025-01-28,2025-01-28,301821.0,22203.0,-0.024663914022587774
BRENT,2025-02-04,2025-02-04,2025-02-04,285222.0,-16599.0,-0.0022720675699232085
BRENT,2025-02-11,2025-02-11,2025-02-11,285648.0,426.0,0.013931096639194174
BRENT,2025-02-18,2025-02-18,2025-02-18,261686.0,-23962.0,-0.01565306540696343
BRENT,2025-02-25,2025-02-25,2025-02-25,217090.0,-44596.0,-0.03961851200491051
BRENT,2025-03-04,2025-03-04,2025-03-04,155245.0,-61845.0,-0.019817307479501167
BRENT,2025-03-11,2025-03-11,2025-03-11,146398.0,-8847.0,-0.02163253184323477
BRENT,2025-03-18,2025-03-18,2025-03-18,194704.0,48306.0,0.015377180197733042
BRENT,2025-03-25,2025-03-25,2025-03-25,250215.0,55511.0,0.03186010825201646
BRENT,2025-04-01,2025-04-01,2025-04-01,312728.0,62513.0,0.02936995632692685
BRENT,2025-04-08,2025-04-08,2025-04-08,151216.0,-161512.0,-0.1680777208807381
BRENT,2025-04-15,2025-04-15,2025-04-15,88058.0,-63158.0,0.024403049007620747
BRENT,2025-04-22,2025-04-22,2025-04-22,112802.0,24744.0,0.03989482720038098
BRENT,2025-04-29,2025-04-29,2025-04-29,106722.0,-6080.0,-0.04933182708779446
BRENT,2025-05-06,2025-05-06,2025-05-06,96156.0,-10566.0,-0.018067702598786484
BRENT,2025-05-13,2025-05-13,2025-05-13,145373.0,49217.0,0.06852852617848423
BRENT,2025-05-20,2025-05-20,2025-05-20,152782.0,7409.0,-0.020934372877136453
BRENT,2025-05-27,2025-05-27,2025-05-27,147831.0,-4951.0,-0.018546467861116994
BRENT,2025-06-03,2025-06-03,2025-06-03,155519.0,7688.0,0.033018145489573686
BRENT,2025-06-10,2025-06-10,2025-06-10,182440.0,26921.0,0.018158735011871152
BRENT,2025-06-17,2025-06-17,2025-06-17,216664.0,34224.0,0.12453138883660281
BRENT,2025-06-24,2025-06-24,2025-06-24,190507.0,-26157.0,-0.12392670249920568
BRENT,2025-07-01,2025-07-01,2025-07-01,166510.0,-23997.0,0.014179540847929772
BRENT,2025-07-08,2025-07-08,2025-07-08,217832.0,51322.0,0.040683075011806624
BRENT,2025-07-15,2025-07-15,2025-07-15,238821.0,20989.0,-0.01754944132978975
BRENT,2025-07-22,2025-07-22,2025-07-22,227245.0,-11576.0,-0.00014754703088382115
BRENT,2025-07-29,2025-07-29,2025-07-29,249973.0,22728.0,0.056092149518653545
BRENT,2025-08-05,2025-08-05,2025-08-05,230414.0,-19559.0,-0.055335263838815485
BRENT,2025-08-12,2025-08-12,2025-08-12,199820.0,-30594.0,-0.02036423038900298
BRENT,2025-08-19,2025-08-19,2025-08-19,176893.0,-22927.0,-0.004888491250570448
BRENT,2025-08-26,2025-08-26,2025-08-26,202146.0,25253.0,0.02121291663919278
BRENT,2025-09-02,2025-09-02,2025-09-02,240729.0,38583.0,0.036723577137103114
BRENT,2025-09-09,2025-09-09,2025-09-09,205775.0,-34954.0,-0.03682673016574328
BRENT,2025-09-16,2025-09-16,2025-09-16,220410.0,14635.0,0.0283347318420607
BRENT,2025-09-23,2025-09-23,2025-09-23,212383.0,-8027.0,-0.01540999526558856
BRENT,2025-09-30,2025-09-30,2025-09-30,202480.0,-9903.0,-0.01413557371547891
BRENT,2025-10-07,2025-10-07,2025-10-07,141656.0,-60824.0,-0.010416760858255714
BRENT,2025-10-14,2025-10-14,2025-10-14,110311.0,-31345.0,-0.04600685300239682
BRENT,2025-10-21,2025-10-21,2025-10-21,51791.0,-58520.0,-0.016091367115899452
BRENT,2025-10-28,2025-10-28,2025-10-28,173887.0,122096.0,0.0448577527115622
BRENT,2025-11-04,2025-11-04,2025-11-04,152761.0,-21126.0,0.012592258881874263
BRENT,2025-11-11,2025-11-11,2025-11-10,164578.0,11817.0,0.01240903157403389
BRENT,2025-11-18,2025-11-18,2025-11-18,177827.0,13249.0,-0.006805904074412783
BRENT,2025-11-25,2025-11-25,2025-11-25,125587.0,-52240.0,-0.04167599868690597
BRENT,2025-12-02,2025-12-02,2025-12-02,146447.0,20860.0,0.01063146139261234
BRENT,2025-12-09,2025-12-09,2025-12-09,113859.0,-32588.0,-0.006467282040262812
BRENT,2025-12-16,2025-12-16,2025-12-16,40988.0,-72871.0,-0.04954470667258484
BRENT,2025-12-23,2025-12-23,2025-12-23,99095.0,58107.0,0.05310688660512894
BRENT,2025-12-30,2025-12-30,2025-12-30,126906.0,27811.0,-0.008766289905004943
BRENT,2026-01-06,2026-01-06,2026-01-06,120686.0,-6220.0,-0.010837434860283712
BRENT,2026-01-13,2026-01-13,2026-01-13,193366.0,72680.0,0.07103577311675169
BRENT,2026-01-20,2026-01-20,2026-01-20,205771.0,12405.0,-0.008686265255960224
BRENT,2026-01-27,2026-01-27,2026-01-27,217962.0,12191.0,0.03670698079884438
BRENT,2026-02-03,2026-02-03,2026-02-03,244306.0,26344.0,0.011645809904667903
BRENT,2026-02-10,2026-02-10,2026-02-10,250542.0,6236.0,0.02121898737063349
BRENT,2026-02-17,2026-02-17,2026-02-17,250016.0,-526.0,-0.018373609187339657
BRENT,2026-02-24,2026-02-24,2026-02-24,300712.0,50696.0,0.05399638218123681
BRENT,2026-03-03,2026-03-03,2026-03-03,246514.0,-54198.0,0.11281319919434657
BRENT,2026-03-10,2026-03-10,2026-03-10,286968.0,40454.0,0.08425389998247301
BRENT,2026-03-17,2026-03-17,2026-03-17,328704.0,41736.0,0.15322881222595597
BRENT,2026-03-24,2026-03-24,2026-03-24,315830.0,-12874.0,0.008416040056860474
BRENT,2026-03-31,2026-03-31,2026-03-31,382072.0,66242.0,0.036634850953103926
BRENT,2026-04-07,2026-04-07,2026-04-07,374726.0,-7346.0,0.0396525473356687
BRENT,2026-04-14,2026-04-14,2026-04-14,350520.0,-24206.0,-0.10130452419359992
BRENT,2026-04-21,2026-04-21,2026-04-21,344387.0,-6133.0,0.030711332301096905
BRENT,2026-04-28,2026-04-28,2026-04-28,354542.0,10155.0,0.11305286128098191
BRENT,2026-05-05,2026-05-05,2026-05-05,342042.0,-12500.0,0.07028439476936732
BRENT,2026-05-12,2026-05-12,2026-05-12,315849.0,-26193.0,-0.010157235658149966
BRENT,2026-05-19,2026-05-19,2026-05-19,313264.0,-2585.0,0.02735992831311085
BRENT,2026-05-26,2026-05-26,2026-05-26,272627.0,-40637.0,-0.09881175815195908
BRENT,2026-06-02,2026-06-02,2026-06-02,246909.0,-25718.0,-0.011142880258991572
BRENT,2026-06-09,2026-06-09,2026-06-09,218090.0,-28819.0,-0.03915653722564982
BRENT,2026-06-16,2026-06-16,2026-06-16,174807.0,-43283.0,-0.1334360531364236
BRENT,2026-06-23,2026-06-23,2026-06-23,138638.0,-36169.0,-0.02405724818752475
BRENT,2026-06-30,2026-06-30,2026-06-30,101151.0,-37487.0,-0.051430365184831794
BRENT,2026-07-07,2026-07-07,2026-07-07,96437.0,-4714.0,0.01481508578514068
BRENT,2026-07-14,2026-07-14,2026-07-14,167751.0,71314.0,0.11700321497561206
BRENT,2026-07-21,2026-07-21,2026-07-21,188075.0,20324.0,0.060539898790077595
BRENT,2026-07-28,2026-07-28,2026-07-28,204525.0,16450.0,-0.07553413376038931
BRENT,2026-08-04,2026-08-04,2026-08-04,194084.0,-10441.0,-0.01304018222042147
BRENT,2026-08-11,2026-08-11,2026-08-11,245941.0,51857.0,0.10571974793101102
BRENT,2026-08-18,2026-08-18,2026-08-18,247091.0,1150.0,0.032149074168247416
BRENT,2026-08-25,2026-08-25,2026-08-25,225261.0,-21830.0,-0.024673048779508266
WTI,2009-01-13,2009-01-13,2009-01-13,34967.0,-11611.0,-0.17120346820997767
WTI,2009-01-20,2009-01-20,2009-01-20,48928.0,13961.0,-0.09187627895640926
WTI,2009-01-27,2009-01-27,2009-01-27,50032.0,1104.0,0.01795728913340211
WTI,2009-02-03,2009-02-03,2009-02-03,45080.0,-4952.0,-0.043963070700005324
WTI,2009-02-10,2009-02-10,2009-02-10,20865.0,-24215.0,-0.006378153740753567
WTI,2009-02-17,2009-02-17,2009-02-17,31337.0,10472.0,-0.12702349512750555
WTI,2009-02-24,2009-02-24,2009-02-24,22059.0,-9278.0,0.0361822907941326
WTI,2009-03-03,2009-03-03,2009-03-03,2123.0,-19936.0,0.047773581135502896
WTI,2009-03-10,2009-03-10,2009-03-10,20488.0,18365.0,0.06757989465714062
WTI,2009-03-17,2009-03-17,2009-03-17,47721.0,27233.0,0.06310070636794352
WTI,2009-03-24,2009-03-24,2009-03-24,52228.0,4507.0,0.07579092199114806
WTI,2009-03-31,2009-03-31,2009-03-31,33404.0,-18824.0,-0.08341382750983795
WTI,2009-04-07,2009-04-07,2009-04-07,44946.0,11542.0,0.010457105359961166
WTI,2009-04-14,2009-04-14,2009-04-14,35795.0,-9151.0,0.011682599595457949
WTI,2009-04-21,2009-04-21,2009-04-21,9340.0,-26455.0,-0.07859985469726172
WTI,2009-04-28,2009-04-28,2009-04-28,22221.0,12881.0,0.027827529323838224
WTI,2009-05-05,2009-05-05,2009-05-05,33313.0,11092.0,0.08244155213373348
WTI,2009-05-12,2009-05-12,2009-05-12,56373.0,23060.0,0.07419815567725332
WTI,2009-05-19,2009-05-19,2009-05-19,69542.0,13169.0,0.006510330982260691
WTI,2009-05-26,2009-05-26,2009-05-26,76687.0,7145.0,0.03835639503042491
WTI,2009-06-02,2009-06-02,2009-06-02,70209.0,-6478.0,0.09455667946272583
WTI,2009-06-09,2009-06-09,2009-06-09,80060.0,9851.0,0.018692133012152487
WTI,2009-06-16,2009-06-16,2009-06-16,59684.0,-20376.0,0.005919679020299967
WTI,2009-06-23,2009-06-23,2009-06-23,71581.0,11897.0,-0.027352132489626035
WTI,2009-06-30,2009-06-30,2009-06-30,76924.0,5343.0,0.009343847181029263
WTI,2009-07-07,2009-07-07,2009-07-07,49320.0,-27604.0,-0.10373062562799688
WTI,2009-07-14,2009-07-14,2009-07-14,46443.0,-2877.0,-0.055869658966826
WTI,2009-07-21,2009-07-21,2009-07-21,36409.0,-10034.0,0.08290459503697635
WTI,2009-07-28,2009-07-28,2009-07-28,46724.0,10315.0,0.02439145312415924
WTI,2009-08-04,2009-08-04,2009-08-04,85363.0,38639.0,0.062257777076151766
WTI,2009-08-11,2009-08-11,2009-08-11,80971.0,-4392.0,-0.02696326496976041
WTI,2009-08-18,2009-08-18,2009-08-18,65789.0,-15182.0,-0.003650663981453514
WTI,2009-08-25,2009-08-25,2009-08-25,85797.0,20008.0,0.013413642504139331
WTI,2009-09-01,2009-09-01,2009-09-01,62004.0,-23793.0,-0.05727603655012901
WTI,2009-09-08,2009-09-08,2009-09-08,70858.0,8854.0,0.0409151217320937
WTI,2009-09-15,2009-09-15,2009-09-15,89910.0,19052.0,-0.004059071987843638
WTI,2009-09-22,2009-09-22,2009-09-22,98031.0,8121.0,0.006430890330290637
WTI,2009-09-29,2009-09-29,2009-09-29,60002.0,-38029.0,-0.07297235102911664
WTI,2009-10-06,2009-10-06,2009-10-06,88715.0,28713.0,0.05963222798166486
WTI,2009-10-13,2009-10-13,2009-10-13,111317.0,22602.0,0.04896418546740075
WTI,2009-10-20,2009-10-20,2009-10-20,130712.0,19395.0,0.05735173532674692
WTI,2009-10-27,2009-10-27,2009-10-27,157563.0,26851.0,0.005420067469339068
WTI,2009-11-03,2009-11-03,2009-11-03,155661.0,-1902.0,0.0006082736078492634
WTI,2009-11-10,2009-11-09,2009-11-09,134224.0,-21437.0,-0.0023701127542283817
WTI,2009-11-17,2009-11-17,2009-11-17,147978.0,13754.0,-0.004380756739948283
WTI,2009-11-24,2009-11-24,2009-11-24,114973.0,-33005.0,-0.047524031783491266
WTI,2009-12-01,2009-12-01,2009-12-01,124468.0,9495.0,0.030451453262534373
WTI,2009-12-08,2009-12-08,2009-12-08,101743.0,-22725.0,-0.06673892613002622
WTI,2009-12-15,2009-12-15,2009-12-15,93213.0,-8530.0,-0.02620474429646788
WTI,2009-12-22,2009-12-22,2009-12-22,109056.0,15843.0,0.023252118342502293
WTI,2009-12-29,2009-12-29,2009-12-29,133539.0,24483.0,0.05834498557085338
WTI,2010-01-05,2010-01-05,2010-01-05,154775.0,21236.0,0.035623720912921125
WTI,2010-01-12,2010-01-12,2010-01-12,175619.0,20844.0,-0.01516106800220765
WTI,2010-01-19,2010-01-19,2010-01-19,177004.0,1385.0,-0.023055417121489258
WTI,2010-01-26,2010-01-26,2010-01-26,133155.0,-43849.0,-0.05987635166388543
WTI,2010-02-02,2010-02-02,2010-02-02,121074.0,-12081.0,0.03320762332666059
WTI,2010-02-09,2010-02-09,2010-02-09,88821.0,-32253.0,-0.04634847433590439
WTI,2010-02-16,2010-02-16,2010-02-16,120441.0,31620.0,0.04248099497616728
WTI,2010-02-23,2010-02-23,2010-02-23,132504.0,12063.0,0.018428983299979024
WTI,2010-03-02,2010-03-02,2010-03-02,144058.0,11554.0,0.01071817600641195
WTI,2010-03-09,2010-03-09,2010-03-09,159400.0,15342.0,0.022234117499829537
WTI,2010-03-16,2010-03-16,2010-03-16,170419.0,11019.0,0.0013428556006821746
WTI,2010-03-23,2010-03-23,2010-03-23,157575.0,-12844.0,-0.0007322431374287841
WTI,2010-03-30,2010-03-30,2010-03-30,169478.0,11903.0,0.005600209425646735
WTI,2010-04-06,2010-04-06,2010-04-06,186732.0,17254.0,0.054157769906152176
WTI,2010-04-13,2010-04-13,2010-04-13,175504.0,-11228.0,-0.02643632215058317
WTI,2010-04-20,2010-04-20,2010-04-20,167019.0,-8485.0,-0.0149150492196517
WTI,2010-04-27,2010-04-27,2010-04-27,146930.0,-20089.0,-0.016958732246959513
WTI,2010-05-04,2010-05-04,2010-05-04,154982.0,8052.0,0.014152525722255782
WTI,2010-05-11,2010-05-11,2010-05-11,133442.0,-21540.0,-0.06677983698058526
WTI,2010-05-18,2010-05-18,2010-05-18,88414.0,-45028.0,-0.09843147580243303
WTI,2010-05-25,2010-05-25,2010-05-25,75856.0,-12558.0,-0.05586464799279294
WTI,2010-06-01,2010-06-01,2010-06-01,65828.0,-10028.0,0.05627652246198732
WTI,2010-06-08,2010-06-08,2010-06-08,67643.0,1815.0,-0.011431806587019661
WTI,2010-06-15,2010-06-15,2010-06-15,91266.0,23623.0,0.06427329297563025
WTI,2010-06-22,2010-06-22,2010-06-22,79033.0,-12233.0,-0.0007704160627593076
WTI,2010-06-29,2010-06-29,2010-06-29,74216.0,-4817.0,-0.0248403434763511
WTI,2010-07-06,2010-07-06,2010-07-06,55116.0,-19100.0,-0.05320243203532649
WTI,2010-07-13,2010-07-13,2010-07-13,85962.0,30846.0,0.06771406952235655
WTI,2010-07-20,2010-07-20,2010-07-20,97472.0,11510.0,-0.00012889089403683718
WTI,2010-07-27,2010-07-27,2010-07-27,107716.0,10244.0,-0.0010317256525196605
WTI,2010-08-03,2010-08-03,2010-08-03,133664.0,25948.0,0.06288450721568398
WTI,2010-08-10,2010-08-10,2010-08-10,128902.0,-4762.0,-0.02785763527407567
WTI,2010-08-17,2010-08-17,2010-08-17,108874.0,-20028.0,-0.058026092853170896
WTI,2010-08-24,2010-08-24,2010-08-24,73475.0,-35399.0,-0.06132240985675008
WTI,2010-08-31,2010-08-31,2010-08-31,71495.0,-1980.0,0.004040409537004953
WTI,2010-09-07,2010-09-07,2010-09-07,77545.0,6050.0,0.03092822992141511
WTI,2010-09-14,2010-09-14,2010-09-14,113760.0,36215.0,0.02576925517675551
WTI,2010-09-21,2010-09-21,2010-09-21,96933.0,-16827.0,-0.03743892745632629
WTI,2010-09-28,2010-09-28,2010-09-28,107116.0,10183.0,0.016010927535487576
WTI,2010-10-05,2010-10-05,2010-10-05,165113.0,57997.0,0.0812427977301293
WTI,2010-10-12,2010-10-12,2010-10-12,174835.0,9722.0,-0.01432982555482476
WTI,2010-10-19,2010-10-19,2010-10-19,150681.0,-24154.0,-0.028167411669053274
WTI,2010-10-26,2010-10-26,2010-10-26,166058.0,15377.0,0.029379533029582558
WTI,2010-11-02,2010-11-02,2010-11-02,177752.0,11694.0,0.015254082191608176
WTI,2010-11-09,2010-11-09,2010-11-09,189002.0,11250.0,0.03246169501808337
WTI,2010-11-16,2010-11-16,2010-11-16,170392.0,-18610.0,-0.05301200005268214
WTI,2010-11-23,2010-11-23,2010-11-23,126905.0,-43487.0,-0.019380215317536573
WTI,2010-11-30,2010-11-30,2010-11-30,152065.0,25160.0,0.034594644764499013
WTI,2010-12-07,2010-12-07,2010-12-07,191171.0,39106.0,0.052580121120974294
WTI,2010-12-14,2010-12-14,2010-12-14,193048.0,1877.0,-0.0042682306738920095
WTI,2010-12-21,2010-12-21,2010-12-21,194304.0,1256.0,0.010970668633365155
WTI,2010-12-28,2010-12-28,2010-12-28,202221.0,7917.0,0.01842200903185201
WTI,2011-01-04,2011-01-04,2011-01-04,175862.0,-26359.0,-0.02091458546841879
WTI,2011-01-11,2011-01-11,2011-01-11,195655.0,19793.0,0.02122850261983547
WTI,2011-01-18,2011-01-18,2011-01-18,191203.0,-4452.0,-0.0005415064842342887
WTI,2011-01-25,2011-01-25,2011-01-25,155487.0,-35716.0,-0.06859831634275229
WTI,2011-02-01,2011-02-01,2011-02-01,176448.0,20961.0,0.05898986137790599
WTI,2011-02-08,2011-02-08,2011-02-08,178432.0,1984.0,-0.035488648544892615
WTI,2011-02-15,2011-02-15,2011-02-15,163670.0,-14762.0,-0.030034314215615726
WTI,2011-02-22,2011-02-22,2011-02-22,206023.0,42353.0,0.08584972655382819
WTI,2011-03-01,2011-03-01,2011-03-01,268622.0,62599.0,0.04370968452948795
WTI,2011-03-08,2011-03-08,2011-03-08,274235.0,5613.0,0.04389419355722521
WTI,2011-03-15,2011-03-15,2011-03-15,251380.0,-22855.0,-0.07820390850387943
WTI,2011-03-22,2011-03-22,2011-03-22,252218.0,838.0,0.06891121883727769
WTI,2011-03-29,2011-03-29,2011-03-29,261759.0,9541.0,-0.0017162475608560879
WTI,2011-04-05,2011-04-05,2011-04-05,267539.0,5780.0,0.03443705621392512
WTI,2011-04-12,2011-04-12,2011-04-12,251247.0,-16292.0,-0.018707713583180685
WTI,2011-04-19,2011-04-19,2011-04-19,259011.0,7764.0,0.012172043428061052
WTI,2011-04-26,2011-04-26,2011-04-26,263236.0,4225.0,0.03565165093067424
WTI,2011-05-03,2011-05-03,2011-05-03,258668.0,-4568.0,-0.01018861053708564
WTI,2011-05-10,2011-05-10,2011-05-10,233569.0,-25099.0,-0.0656626139098716
WTI,2011-05-17,2011-05-17,2011-05-17,212008.0,-21561.0,-0.06976577741216658
WTI,2011-05-24,2011-05-24,2011-05-24,212940.0,932.0,0.021927586506298086
WTI,2011-05-31,2011-05-31,2011-05-31,205827.0,-7113.0,0.030750358990964427
WTI,2011-06-07,2011-06-07,2011-06-07,178217.0,-27610.0,-0.03528154664869995
WTI,2011-06-14,2011-06-14,2011-06-14,183113.0,4896.0,0.0017038340378506822
WTI,2011-06-21,2011-06-21,2011-06-21,162190.0,-20923.0,-0.05866754555049117
WTI,2011-06-28,2011-06-28,2011-06-28,150004.0,-12186.0,-0.01368566212254238
WTI,2011-07-05,2011-07-05,2011-07-05,159641.0,9637.0,0.041561615471592483
WTI,2011-07-12,2011-07-12,2011-07-12,162288.0,2647.0,0.004814843087530524
WTI,2011-07-19,2011-07-19,2011-07-19,171390.0,9102.0,0.00010219201889247187
WTI,2011-07-26,2011-07-26,2011-07-26,180013.0,8623.0,0.01752387208257078
WTI,2011-08-02,2011-08-02,2011-08-02,157139.0,-22874.0,-0.06012471998004695
WTI,2011-08-09,2011-08-09,2011-08-09,147112.0,-10027.0,-0.1675270781900426
WTI,2011-08-16,2011-08-16,2011-08-16,148595.0,1483.0,0.0862893892948393
WTI,2011-08-23,2011-08-23,2011-08-23,138771.0,-9824.0,-0.016368117475229385
WTI,2011-08-30,2011-08-30,2011-08-30,155728.0,16957.0,0.03969776730797442
WTI,2011-09-06,2011-09-06,2011-09-06,154127.0,-1601.0,-0.03349992853554797
WTI,2011-09-13,2011-09-13,2011-09-13,168798.0,14671.0,0.044970485717768675
WTI,2011-09-20,2011-09-20,2011-09-20,152875.0,-15923.0,-0.03792779656110583
WTI,2011-09-27,2011-09-27,2011-09-27,141534.0,-11341.0,-0.028828512134419823
WTI,2011-10-04,2011-10-04,2011-10-04,126093.0,-15441.0,-0.10877836239735673
WTI,2011-10-11,2011-10-11,2011-10-11,147448.0,21355.0,0.12544221921340457
WTI,2011-10-18,2011-10-18,2011-10-18,158521.0,11073.0,0.028877909059569516
WTI,2011-10-25,2011-10-25,2011-10-25,184147.0,25626.0,0.05108430383937557
WTI,2011-11-01,2011-11-01,2011-11-01,179845.0,-4302.0,-0.01091279241977379
WTI,2011-11-08,2011-11-08,2011-11-08,188181.0,8336.0,0.049281494780161944
WTI,2011-11-15,2011-11-15,2011-11-15,191796.0,3615.0,0.027840476532733693
WTI,2011-11-22,2011-11-22,2011-11-22,166033.0,-25763.0,-0.01438436471089366
WTI,2011-11-29,2011-11-29,2011-11-29,173395.0,7362.0,0.017998463615132798
WTI,2011-12-06,2011-12-06,2011-12-06,174323.0,928.0,0.015502171551925459
WTI,2011-12-13,2011-12-13,2011-12-13,174381.0,58.0,-0.011200989387213228
WTI,2011-12-20,2011-12-20,2011-12-20,151304.0,-23077.0,-0.031182927436687963
WTI,2011-12-27,2011-12-27,2011-12-27,165505.0,14201.0,0.04129905059984115
WTI,2012-01-03,2012-01-03,2012-01-03,170031.0,4526.0,0.01588744082855159
WTI,2012-01-10,2012-01-10,2012-01-10,174085.0,4054.0,-0.006810027291488385
WTI,2012-01-17,2012-01-17,2012-01-17,164170.0,-9915.0,-0.015444702264580445
WTI,2012-01-24,2012-01-24,2012-01-24,175377.0,11207.0,-0.019217887018169344
WTI,2012-01-31,2012-01-31,2012-01-31,172921.0,-2456.0,-0.004761190172376861
WTI,2012-02-07,2012-02-07,2012-02-07,173469.0,548.0,-0.0003035361990220975
WTI,2012-02-14,2012-02-14,2012-02-14,202222.0,28753.0,0.022612269102389754
WTI,2012-02-21,2012-02-21,2012-02-21,215802.0,13580.0,0.04988252528453305
WTI,2012-02-28,2012-02-28,2012-02-28,228392.0,12590.0,0.002819550740099791
WTI,2012-03-06,2012-03-06,2012-03-06,209535.0,-18857.0,-0.01685005632909034
WTI,2012-03-13,2012-03-13,2012-03-13,211932.0,2397.0,0.019110960547561978
WTI,2012-03-20,2012-03-20,2012-03-20,203691.0,-8241.0,-0.010970059850379715
WTI,2012-03-27,2012-03-27,2012-03-27,197396.0,-6295.0,0.01180894697605439
WTI,2012-04-03,2012-04-03,2012-04-03,179501.0,-17895.0,-0.03127764195510663
WTI,2012-04-10,2012-04-10,2012-04-10,158966.0,-20535.0,-0.029015669038164937
WTI,2012-04-17,2012-04-17,2012-04-17,161324.0,2358.0,0.02987613087241059
WTI,2012-04-24,2012-04-24,2012-04-24,164522.0,3198.0,-0.010471299867295475
WTI,2012-05-01,2012-05-01,2012-05-01,186101.0,21579.0,0.02437840522856749
WTI,2012-05-08,2012-05-08,2012-05-08,129143.0,-56958.0,-0.08962683015881492
WTI,2012-05-15,2012-05-15,2012-05-15,123616.0,-5527.0,-0.0315068831761057
WTI,2012-05-22,2012-05-22,2012-05-22,121711.0,-1905.0,-0.026854460153424534
WTI,2012-05-29,2012-05-29,2012-05-29,126238.0,4527.0,-0.011938151749493642
WTI,2012-06-05,2012-06-05,2012-06-05,119910.0,-6328.0,-0.07433038418597644
WTI,2012-06-12,2012-06-12,2012-06-12,109578.0,-10332.0,-0.011296867865711824
WTI,2012-06-19,2012-06-19,2012-06-19,101548.0,-8030.0,0.008692083063558368
WTI,2012-06-26,2012-06-26,2012-06-26,99765.0,-1783.0,-0.06098034601535993
WTI,2012-07-03,2012-07-03,2012-07-03,113898.0,14133.0,0.09886900896761107
WTI,2012-07-10,2012-07-10,2012-07-10,107720.0,-6178.0,-0.04329580046500517
WTI,2012-07-17,2012-07-17,2012-07-17,115229.0,7509.0,0.060303587805009926
WTI,2012-07-24,2012-07-24,2012-07-24,124133.0,8904.0,-0.011682900798935532
WTI,2012-07-31,2012-07-31,2012-07-31,119858.0,-4275.0,-0.004984151686276153
WTI,2012-08-07,2012-08-07,2012-08-07,150770.0,30912.0,0.06146327443046849
WTI,2012-08-14,2012-08-14,2012-08-14,139067.0,-11703.0,-0.0021312881042891835
WTI,2012-08-21,2012-08-21,2012-08-21,161880.0,22813.0,0.032535139575298064
WTI,2012-08-28,2012-08-28,2012-08-28,175109.0,13229.0,-0.005280335300325387
WTI,2012-09-04,2012-09-04,2012-09-04,177037.0,1928.0,-0.010190260738772772
WTI,2012-09-11,2012-09-11,2012-09-11,185227.0,8190.0,0.019261235413677566
WTI,2012-09-18,2012-09-18,2012-09-18,192474.0,7247.0,-0.019470374805844057
WTI,2012-09-25,2012-09-25,2012-09-25,154102.0,-38372.0,-0.04546480618742818
WTI,2012-10-02,2012-10-02,2012-10-02,141327.0,-12775.0,0.005796446505016997
WTI,2012-10-09,2012-10-09,2012-10-09,135000.0,-6327.0,0.005512037733133163
WTI,2012-10-16,2012-10-16,2012-10-16,140812.0,5812.0,-0.0025901158447442785
WTI,2012-10-23,2012-10-23,2012-10-23,112939.0,-27873.0,-0.06553318033260015
WTI,2012-10-30,2012-10-30,2012-10-30,97963.0,-14976.0,-0.011488377006760208
WTI,2012-11-06,2012-11-06,2012-11-06,98840.0,877.0,0.03425949647161727
WTI,2012-11-13,2012-11-13,2012-11-13,79207.0,-19633.0,-0.038059561824345035
WTI,2012-11-20,2012-11-20,2012-11-20,90550.0,11343.0,0.010545320504525408
WTI,2012-11-27,2012-11-27,2012-11-27,98216.0,7666.0,0.004944527983277856
WTI,2012-12-04,2012-12-04,2012-12-04,112197.0,13981.0,0.015057630517201093
WTI,2012-12-11,2012-12-11,2012-12-11,83512.0,-28685.0,-0.031473521439287694
WTI,2012-12-18,2012-12-18,2012-12-18,103023.0,19511.0,0.023810648693718774
WTI,2012-12-25,2012-12-24,2012-12-24,117481.0,14458.0,0.0023727484156130726
WTI,2013-01-01,2012-12-31,2012-12-31,136473.0,18992.0,0.03558542076186491
WTI,2013-01-08,2013-01-08,2013-01-08,161164.0,24691.0,0.014311321893081971
WTI,2013-01-15,2013-01-15,2013-01-15,172686.0,11522.0,0.0012812301560488348
WTI,2013-01-22,2013-01-22,2013-01-22,197408.0,24722.0,0.03109494219568719
WTI,2013-01-29,2013-01-29,2013-01-29,207054.0,9646.0,0.009163513284576263
WTI,2013-02-05,2013-02-05,2013-02-05,201833.0,-5221.0,-0.009535135956382765
WTI,2013-02-12,2013-02-12,2013-02-12,209565.0,7732.0,0.00983715279796625
WTI,2013-02-19,2013-02-19,2013-02-19,181536.0,-28029.0,-0.009940134106949744
WTI,2013-02-26,2013-02-26,2013-02-26,150425.0,-31111.0,-0.047128312031343045
WTI,2013-03-05,2013-03-05,2013-03-05,143030.0,-7395.0,-0.019125568593108565
WTI,2013-03-12,2013-03-12,2013-03-12,145029.0,1999.0,0.017807202348388222
WTI,2013-03-19,2013-03-19,2013-03-19,150313.0,5284.0,-0.004314070538970156
WTI,2013-03-26,2013-03-26,2013-03-26,175874.0,25561.0,0.0404587638388361
WTI,2013-04-02,2013-04-02,2013-04-02,180796.0,4922.0,0.009298273982112512
WTI,2013-04-09,2013-04-09,2013-04-09,171631.0,-9165.0,-0.03114672899683678
WTI,2013-04-16,2013-04-16,2013-04-16,160662.0,-10969.0,-0.059732257421384924
WTI,2013-04-23,2013-04-23,2013-04-23,163696.0,3034.0,0.001683407613750628
WTI,2013-04-30,2013-04-30,2013-04-30,172115.0,8419.0,0.046876738072949536
WTI,2013-05-07,2013-05-07,2013-05-07,187390.0,15275.0,0.023004074442023202
WTI,2013-05-14,2013-05-14,2013-05-14,195080.0,7690.0,-0.014500621842378256
WTI,2013-05-21,2013-05-21,2013-05-21,213749.0,18669.0,0.017833263960409865
WTI,2013-05-28,2013-05-28,2013-05-28,202796.0,-10953.0,-0.012239286630858479
WTI,2013-06-04,2013-06-04,2013-06-04,199735.0,-3061.0,-0.018092244135003356
WTI,2013-06-11,2013-06-11,2013-06-11,215957.0,16222.0,0.021676767337256812
WTI,2013-06-18,2013-06-18,2013-06-18,241454.0,25497.0,0.031608128811719816
WTI,2013-06-25,2013-06-25,2013-06-25,221089.0,-20365.0,-0.034541296638533905
WTI,2013-07-02,2013-07-02,2013-07-02,243879.0,22790.0,0.043357171912291284
WTI,2013-07-09,2013-07-09,2013-07-09,256824.0,12945.0,0.038380876194827496
WTI,2013-07-16,2013-07-16,2013-07-16,275822.0,18998.0,0.022776104159901805
WTI,2013-07-23,2013-07-23,2013-07-23,305844.0,30022.0,0.014465779210798363
WTI,2013-07-30,2013-07-30,2013-07-30,300993.0,-4851.0,-0.03947067444788996
WTI,2013-08-06,2013-08-06,2013-08-06,286291.0,-14702.0,0.023908608008962273
WTI,2013-08-13,2013-08-13,2013-08-13,275059.0,-11232.0,0.015533557268032766
WTI,2013-08-20,2013-08-20,2013-08-20,269322.0,-5737.0,-0.012198156072281308
WTI,2013-08-27,2013-08-27,2013-08-27,273887.0,4565.0,0.03643220030500416
WTI,2013-09-03,2013-09-03,2013-09-03,262018.0,-11869.0,-0.005389243146881523
WTI,2013-09-10,2013-09-10,2013-09-10,247784.0,-14234.0,-0.012690288807873096
WTI,2013-09-17,2013-09-17,2013-09-17,245409.0,-2375.0,-0.015806490653272165
WTI,2013-09-24,2013-09-24,2013-09-24,243711.0,-1698.0,-0.016254265046042493
WTI,2013-10-01,2013-10-01,2013-10-01,225134.0,-18577.0,-0.009850413654946655
WTI,2013-10-08,2013-10-08,2013-10-08,222423.0,-2711.0,0.01580520705830804
WTI,2013-10-15,2013-10-15,2013-10-15,218517.0,-3906.0,-0.01856247123744892
WTI,2013-10-22,2013-10-22,2013-10-22,229257.0,10740.0,-0.031147678470784312
WTI,2013-10-29,2013-10-29,2013-10-29,222999.0,-6258.0,-0.0010178117927005098
WTI,2013-11-05,2013-11-05,2013-11-05,217541.0,-5458.0,-0.049385401044179045
WTI,2013-11-12,2013-11-12,2013-11-12,210253.0,-7288.0,-0.0022429915945815088
WTI,2013-11-19,2013-11-19,2013-11-19,224176.0,13923.0,0.003948567106643347
WTI,2013-11-26,2013-11-26,2013-11-26,217694.0,-6482.0,-0.002239164980994149
WTI,2013-12-03,2013-12-03,2013-12-03,234071.0,16377.0,0.02414920927753393
WTI,2013-12-10,2013-12-10,2013-12-10,240828.0,6757.0,0.024522852015716967
WTI,2013-12-17,2013-12-17,2013-12-17,242905.0,2077.0,-0.012134957456473527
WTI,2013-12-24,2013-12-24,2013-12-24,255588.0,12683.0,0.017794968523784038
WTI,2013-12-31,2013-12-31,2013-12-31,262359.0,6771.0,-0.008095571435070559
WTI,2014-01-07,2014-01-07,2014-01-07,240668.0,-21691.0,-0.04897282925350897
WTI,2014-01-14,2014-01-14,2014-01-14,221375.0,-19293.0,-0.011360105021622532
WTI,2014-01-21,2014-01-21,2014-01-21,221930.0,555.0,0.023329952931263317
WTI,2014-01-28,2014-01-28,2014-01-28,250303.0,28373.0,0.025367822528003084
WTI,2014-02-04,2014-02-04,2014-02-04,269712.0,19409.0,-0.0017674612297300385
WTI,2014-02-11,2014-02-11,2014-02-11,292058.0,22346.0,0.03042603256162993
WTI,2014-02-18,2014-02-18,2014-02-18,323772.0,31714.0,0.026398277968164047
WTI,2014-02-25,2014-02-25,2014-02-25,329129.0,5357.0,-0.0026479689870457512
WTI,2014-03-04,2014-03-04,2014-03-04,339278.0,10149.0,0.015159261932792961
WTI,2014-03-11,2014-03-11,2014-03-11,326589.0,-12689.0,-0.030555598059391453
WTI,2014-03-18,2014-03-18,2014-03-18,290221.0,-36368.0,-0.007154764234167721
WTI,2014-03-25,2014-03-25,2014-03-25,282636.0,-7585.0,0.003130209048521654
WTI,2014-04-01,2014-04-01,2014-04-01,293765.0,11129.0,0.006097487105271832
WTI,2014-04-08,2014-04-08,2014-04-08,319895.0,26130.0,0.02748355797454441
WTI,2014-04-15,2014-04-15,2014-04-15,331375.0,11480.0,0.011620657110531535
WTI,2014-04-22,2014-04-22,2014-04-22,322788.0,-8587.0,-0.012210163906931443
WTI,2014-04-29,2014-04-29,2014-04-29,320305.0,-2483.0,-0.004629865926838339
WTI,2014-05-06,2014-05-06,2014-05-06,292654.0,-27651.0,-0.019974270227882313
WTI,2014-05-13,2014-05-13,2014-05-13,296627.0,3973.0,0.024037211381005452
WTI,2014-05-20,2014-05-20,2014-05-20,311892.0,15265.0,0.012587441249034131
WTI,2014-05-27,2014-05-27,2014-05-27,335526.0,23634.0,0.0172451473879974
WTI,2014-06-03,2014-06-03,2014-06-03,336164.0,638.0,-0.013636612559823957
WTI,2014-06-10,2014-06-10,2014-06-10,329396.0,-6768.0,0.014796337303947249
WTI,2014-06-17,2014-06-17,2014-06-17,332282.0,2886.0,0.02273693667520682
WTI,2014-06-24,2014-06-24,2014-06-24,322988.0,-9294.0,0.0015101465824182425
WTI,2014-07-01,2014-07-01,2014-07-01,311395.0,-11593.0,-0.006148628259983385
WTI,2014-07-08,2014-07-08,2014-07-08,295308.0,-16087.0,-0.018793016826510966
WTI,2014-07-15,2014-07-15,2014-07-15,263941.0,-31367.0,-0.03222896576685863
WTI,2014-07-22,2014-07-22,2014-07-22,261270.0,-2671.0,0.028329945328752992
WTI,2014-07-29,2014-07-29,2014-07-29,265500.0,4230.0,-0.01396560857049578
WTI,2014-08-05,2014-08-05,2014-08-05,237094.0,-28406.0,-0.035859157248295
WTI,2014-08-12,2014-08-12,2014-08-12,218475.0,-18619.0,-0.0009324009999510663
WTI,2014-08-19,2014-08-19,2014-08-19,196693.0,-21782.0,-0.038242750387099705
WTI,2014-08-26,2014-08-26,2014-08-26,195742.0,-951.0,0.010711327774495696
WTI,2014-09-02,2014-09-02,2014-09-02,182206.0,-13536.0,-0.00908532489229169
WTI,2014-09-09,2014-09-09,2014-09-09,198162.0,15956.0,-0.002282733748467436
WTI,2014-09-16,2014-09-16,2014-09-16,208750.0,10588.0,0.020679250625066162
WTI,2014-09-23,2014-09-23,2014-09-23,194069.0,-14681.0,-0.02427696505349361
WTI,2014-09-30,2014-09-30,2014-09-30,207954.0,13885.0,-0.004378290706882587
WTI,2014-10-07,2014-10-07,2014-10-07,199970.0,-7984.0,-0.025695663389489823
WTI,2014-10-14,2014-10-14,2014-10-14,202186.0,2216.0,-0.08019426875294147
WTI,2014-10-21,2014-10-21,2014-10-21,211357.0,9171.0,0.015761826705007937
WTI,2014-10-28,2014-10-28,2014-10-28,205734.0,-5623.0,-0.013056130797807597
WTI,2014-11-04,2014-11-04,2014-11-04,192671.0,-13063.0,-0.05185997415889004
WTI,2014-11-11,2014-11-11,2014-11-11,203264.0,10593.0,0.00877085462713232
WTI,2014-11-18,2014-11-18,2014-11-18,182375.0,-20889.0,-0.04236421304980631
WTI,2014-11-25,2014-11-25,2014-11-25,168388.0,-13987.0,-0.007395986110522834
WTI,2014-12-02,2014-12-02,2014-12-02,197643.0,29255.0,-0.10224945734838473
WTI,2014-12-09,2014-12-09,2014-12-09,202921.0,5278.0,-0.04612208486959407
WTI,2014-12-16,2014-12-16,2014-12-16,215139.0,12218.0,-0.1285867314596612
WTI,2014-12-23,2014-12-23,2014-12-23,200896.0,-14243.0,0.015170514969618132
WTI,2014-12-30,2014-12-30,2014-12-30,194484.0,-6412.0,-0.05395051472874152
WTI,2015-01-06,2015-01-06,2015-01-06,188251.0,-6233.0,-0.1185047685001187
WTI,2015-01-13,2015-01-13,2015-01-13,204795.0,16544.0,-0.04107137215237422
WTI,2015-01-20,2015-01-20,2015-01-20,205706.0,911.0,-0.000860400139118811
WTI,2015-01-27,2015-01-27,2015-01-27,203744.0,-1962.0,-0.0051780050967528135
WTI,2015-02-03,2015-02-03,2015-02-03,193444.0,-10300.0,0.1373315061517652
WTI,2015-02-10,2015-02-10,2015-02-10,195046.0,1602.0,-0.05593594648693978
WTI,2015-02-17,2015-02-17,2015-02-17,208558.0,13512.0,0.06388790702084673
WTI,2015-02-24,2015-02-24,2015-02-24,198427.0,-10131.0,-0.09682172869209527
WTI,2015-03-03,2015-03-03,2015-03-03,164194.0,-34233.0,0.016573890297882032
WTI,2015-03-10,2015-03-10,2015-03-10,160285.0,-3909.0,-0.0473911432557248
WTI,2015-03-17,2015-03-17,2015-03-17,144496.0,-15789.0,-0.10254620291866512
WTI,2015-03-24,2015-03-24,2015-03-24,141964.0,-2532.0,0.05006439177564148
WTI,2015-03-31,2015-03-31,2015-03-31,175453.0,33489.0,0.0018925460385442738
WTI,2015-04-07,2015-04-07,2015-04-07,216421.0,40968.0,0.11277117281188553
WTI,2015-04-14,2015-04-14,2015-04-14,238556.0,22135.0,-0.0065395328422122034
WTI,2015-04-21,2015-04-21,2015-04-21,259286.0,20730.0,0.031218896977684762
WTI,2015-04-28,2015-04-28,2015-04-28,257353.0,-1933.0,0.007917697736785467
WTI,2015-05-05,2015-05-05,2015-05-05,266310.0,8957.0,0.056984203019790014
WTI,2015-05-12,2015-05-12,2015-05-12,263032.0,-3278.0,0.003894844261540964
WTI,2015-05-19,2015-05-19,2015-05-19,250573.0,-12459.0,-0.06266143718566397
WTI,2015-05-26,2015-05-26,2015-05-26,251015.0,442.0,0.0006895363141675714
WTI,2015-06-02,2015-06-02,2015-06-02,244522.0,-6493.0,0.053439417652742294
WTI,2015-06-09,2015-06-09,2015-06-09,236618.0,-7904.0,-0.014902429234195047
WTI,2015-06-16,2015-06-16,2015-06-16,239044.0,2426.0,-0.002643318902391889
WTI,2015-06-23,2015-06-23,2015-06-23,235807.0,-3237.0,0.009221208102959455
WTI,2015-06-30,2015-06-30,2015-06-30,221052.0,-14755.0,-0.025565801445258773
WTI,2015-07-07,2015-07-07,2015-07-07,181030.0,-40022.0,-0.12670201653482488
WTI,2015-07-14,2015-07-14,2015-07-14,147349.0,-33681.0,0.014502561366626976
WTI,2015-07-21,2015-07-21,2015-07-21,114187.0,-33162.0,-0.05023099223976879
WTI,2015-07-28,2015-07-28,2015-07-28,106466.0,-7721.0,-0.05829250258242513
WTI,2015-08-04,2015-08-04,2015-08-04,115972.0,9506.0,-0.04798431112440604
WTI,2015-08-11,2015-08-11,2015-08-11,100132.0,-15840.0,-0.050232782391606556
WTI,2015-08-18,2015-08-18,2015-08-18,82554.0,-17578.0,-0.017243788577380625
WTI,2015-08-25,2015-08-25,2015-08-25,89234.0,6680.0,-0.09250798716697273
WTI,2015-09-01,2015-09-01,2015-09-01,110190.0,20956.0,0.1428687441591956
WTI,2015-09-08,2015-09-08,2015-09-08,130080.0,19890.0,0.012309841221485374
WTI,2015-09-15,2015-09-15,2015-09-15,144287.0,14207.0,-0.03472343605838568
WTI,2015-09-22,2015-09-22,2015-09-22,163841.0,19554.0,0.029774528701231207
WTI,2015-09-29,2015-09-29,2015-09-29,150390.0,-13451.0,-0.02467643498179939
WTI,2015-10-06,2015-10-06,2015-10-06,173467.0,23077.0,0.07009814846422635
WTI,2015-10-13,2015-10-13,2015-10-13,182342.0,8875.0,-0.03889436902050014
WTI,2015-10-20,2015-10-20,2015-10-20,159793.0,-22549.0,-0.018408054036287202
WTI,2015-10-27,2015-10-27,2015-10-27,139172.0,-20621.0,-0.06908545979311442
WTI,2015-11-03,2015-11-03,2015-11-03,165718.0,26546.0,0.10317781087451561
WTI,2015-11-10,2015-11-10,2015-11-10,138597.0,-27121.0,-0.07133753844620572
WTI,2015-11-17,2015-11-17,2015-11-17,109958.0,-28639.0,-0.08565186620404175
WTI,2015-11-24,2015-11-24,2015-11-24,85108.0,-24850.0,0.027431372401031884
WTI,2015-12-01,2015-12-01,2015-12-01,79252.0,-5856.0,-0.02492155153789155
WTI,2015-12-08,2015-12-08,2015-12-08,74253.0,-4999.0,-0.10040078714118672
WTI,2015-12-15,2015-12-15,2015-12-15,79408.0,5155.0,-0.012900075691747559
WTI,2015-12-22,2015-12-22,2015-12-22,62057.0,-17351.0,-0.06351766266273517
WTI,2015-12-29,2015-12-29,2015-12-29,73751.0,11694.0,0.04675895674962083
WTI,2016-01-05,2016-01-05,2016-01-05,49436.0,-24315.0,-0.04843971659956525
WTI,2016-01-12,2016-01-12,2016-01-12,36372.0,-13064.0,-0.16514871730361924
WTI,2016-01-19,2016-01-19,2016-01-19,56663.0,20291.0,-0.06386193112529237
WTI,2016-01-26,2016-01-26,2016-01-26,77084.0,20421.0,0.06163864928206375
WTI,2016-02-02,2016-02-02,2016-02-02,66270.0,-10814.0,-0.04312056007704412
WTI,2016-02-09,2016-02-09,2016-02-09,72403.0,6133.0,-0.06098058519551719
WTI,2016-02-16,2016-02-16,2016-02-16,57861.0,-14542.0,0.04052605295310241
WTI,2016-02-23,2016-02-23,2016-02-23,102252.0,44391.0,0.028646134444133775
WTI,2016-03-01,2016-03-01,2016-03-01,124411.0,22159.0,0.07320855525637837
WTI,2016-03-08,2016-03-08,2016-03-08,165251.0,40840.0,0.06090120873563687
WTI,2016-03-15,2016-03-15,2016-03-15,194945.0,29694.0,-0.008888947417245996
WTI,2016-03-22,2016-03-22,2016-03-22,226086.0,31141.0,0.0847986716581397
WTI,2016-03-29,2016-03-29,2016-03-29,209182.0,-16904.0,-0.0795603149965507
WTI,2016-04-05,2016-04-05,2016-04-05,176508.0,-32674.0,-0.06715719499508976
WTI,2016-04-12,2016-04-12,2016-04-12,201020.0,24512.0,0.15887446302213237
WTI,2016-04-19,2016-04-19,2016-04-19,221871.0,20851.0,-0.02396299376945854
WTI,2016-04-26,2016-04-26,2016-04-26,223467.0,1596.0,0.03630036752929966
WTI,2016-05-03,2016-05-03,2016-05-03,212757.0,-10710.0,-0.008262899522002876
WTI,2016-05-10,2016-05-10,2016-05-10,191731.0,-21026.0,0.02094550725713451
WTI,2016-05-17,2016-05-17,2016-05-17,221826.0,30095.0,0.077206019089338
WTI,2016-05-24,2016-05-24,2016-05-24,210985.0,-10841.0,-0.007581226762506055
WTI,2016-05-31,2016-05-31,2016-05-31,210646.0,-339.0,0.009824065912497737
WTI,2016-06-07,2016-06-07,2016-06-07,192591.0,-18055.0,0.02767722708905962
WTI,2016-06-14,2016-06-14,2016-06-14,152698.0,-39893.0,-0.03721173485886253
WTI,2016-06-21,2016-06-21,2016-06-21,180976.0,28278.0,0.015974457577504375
WTI,2016-06-28,2016-06-28,2016-06-28,152611.0,-28365.0,-0.04094737850888408
WTI,2016-07-05,2016-07-05,2016-07-05,145365.0,-7246.0,-0.02574413430764244
WTI,2016-07-12,2016-07-12,2016-07-12,154529.0,9164.0,0.005903453788405955
WTI,2016-07-19,2016-07-19,2016-07-19,136086.0,-18443.0,-0.04558948982070232
WTI,2016-07-26,2016-07-26,2016-07-26,100607.0,-35479.0,-0.05727490286099002
WTI,2016-08-02,2016-08-02,2016-08-02,64691.0,-35916.0,-0.08038233607547518
WTI,2016-08-09,2016-08-09,2016-08-09,74984.0,10293.0,0.0764094691420012
WTI,2016-08-16,2016-08-16,2016-08-16,133577.0,58593.0,0.08205659356272865
WTI,2016-08-23,2016-08-23,2016-08-23,220106.0,86529.0,0.018464645454348894
WTI,2016-08-30,2016-08-30,2016-08-30,195716.0,-24390.0,-0.03706088509985128
WTI,2016-09-06,2016-09-06,2016-09-06,148352.0,-47364.0,-0.032942730646990714
WTI,2016-09-13,2016-09-13,2016-09-13,170395.0,22043.0,0.00043985045793770716
WTI,2016-09-20,2016-09-20,2016-09-20,128554.0,-41841.0,-0.031947316500146705
WTI,2016-09-27,2016-09-27,2016-09-27,154939.0,26385.0,0.013976782981838909
WTI,2016-10-04,2016-10-04,2016-10-04,222831.0,67892.0,0.08667043313873335
WTI,2016-10-11,2016-10-11,2016-10-11,254375.0,31544.0,0.038596395979889064
WTI,2016-10-18,2016-10-18,2016-10-18,264486.0,10111.0,-0.012173721911555746
WTI,2016-10-25,2016-10-25,2016-10-25,244625.0,-19861.0,-0.013124069859600906
WTI,2016-11-01,2016-11-01,2016-11-01,211409.0,-33216.0,-0.06870451185618309
WTI,2016-11-08,2016-11-08,2016-11-08,130892.0,-80517.0,-0.03511400060555259
WTI,2016-11-15,2016-11-15,2016-11-15,123893.0,-6999.0,0.01695692804004323
WTI,2016-11-22,2016-11-22,2016-11-22,154821.0,30928.0,0.034741896913080605
WTI,2016-11-29,2016-11-29,2016-11-29,158680.0,3859.0,-0.060065232186981454
WTI,2016-12-06,2016-12-06,2016-12-06,242525.0,83845.0,0.12086586897286433
WTI,2016-12-13,2016-12-13,2016-12-13,274757.0,32232.0,0.037205688691233196
WTI,2016-12-20,2016-12-20,2016-12-20,283753.0,8996.0,-0.011935986539785004
WTI,2016-12-27,2016-12-27,2016-12-27,285239.0,1486.0,0.011194146743152777
WTI,2017-01-03,2017-01-03,2017-01-03,279697.0,-5542.0,-0.02872859045114573
WTI,2017-01-10,2017-01-10,2017-01-10,278360.0,-1337.0,-0.030290914794307233
WTI,2017-01-17,2017-01-17,2017-01-17,343415.0,65055.0,0.029727798871402866
WTI,2017-01-24,2017-01-24,2017-01-24,366821.0,23406.0,-0.001503194570912303
WTI,2017-01-31,2017-01-31,2017-01-31,374464.0,7643.0,-0.006981819096032127
WTI,2017-02-07,2017-02-07,2017-02-07,352023.0,-22441.0,-0.012052876606636675
WTI,2017-02-14,2017-02-14,2017-02-14,383532.0,31509.0,0.01746687284218984
WTI,2017-02-21,2017-02-21,2017-02-21,405328.0,21796.0,0.011477356646063752
WTI,2017-02-28,2017-02-28,2017-02-28,368602.0,-36726.0,-0.005907345958632071
WTI,2017-03-07,2017-03-07,2017-03-07,357178.0,-11424.0,-0.014620414032630702
WTI,2017-03-14,2017-03-14,2017-03-14,254820.0,-102358.0,-0.10382883651417418
WTI,2017-03-21,2017-03-21,2017-03-21,233399.0,-21421.0,-0.0022776694803732234
WTI,2017-03-28,2017-03-28,2017-03-28,210245.0,-23154.0,0.002691234415961752
WTI,2017-04-04,2017-04-04,2017-04-04,227992.0,17747.0,0.05365051237646945
WTI,2017-04-11,2017-04-11,2017-04-11,277021.0,49029.0,0.043311612707657376
WTI,2017-04-18,2017-04-18,2017-04-18,293105.0,16084.0,-0.017629863968904536
WTI,2017-04-25,2017-04-25,2017-04-25,220950.0,-72155.0,-0.06427365555530495
WTI,2017-05-02,2017-05-02,2017-05-02,163005.0,-57945.0,-0.03805296390879587
WTI,2017-05-09,2017-05-09,2017-05-09,115851.0,-47154.0,-0.036498852951246
WTI,2017-05-16,2017-05-16,2017-05-16,115560.0,-291.0,0.057326495191718285
WTI,2017-05-23,2017-05-23,2017-05-23,172744.0,57184.0,0.04917881555403625
WTI,2017-05-30,2017-05-30,2017-05-30,185196.0,12452.0,-0.03579933358464249
WTI,2017-06-06,2017-06-06,2017-06-06,201590.0,16394.0,-0.031894997929366786
WTI,2017-06-13,2017-06-13,2017-06-13,168627.0,-32963.0,-0.035157815313612506
WTI,2017-06-20,2017-06-20,2017-06-20,110749.0,-57878.0,-0.07011076322913534
WTI,2017-06-27,2017-06-27,2017-06-27,105983.0,-4766.0,0.016638560481490927
WTI,2017-07-04,2017-07-03,2017-07-03,127968.0,21985.0,0.06125412825220766
WTI,2017-07-11,2017-07-11,2017-07-11,157255.0,29287.0,-0.04453827316603287
WTI,2017-07-18,2017-07-18,2017-07-18,209341.0,52086.0,0.029625342338953642
WTI,2017-07-25,2017-07-25,2017-07-25,236860.0,27519.0,0.027520788525812412
WTI,2017-08-01,2017-08-01,2017-08-01,289879.0,53019.0,0.02702221274348382
WTI,2017-08-08,2017-08-08,2017-08-08,285264.0,-4615.0,0.0012165451622041523
WTI,2017-08-15,2017-08-15,2017-08-15,269297.0,-15967.0,-0.03400636798519496
WTI,2017-08-22,2017-08-22,2017-08-22,252295.0,-17002.0,0.002721659797910281
WTI,2017-08-29,2017-08-29,2017-08-29,138559.0,-113736.0,-0.02949190086251474
WTI,2017-09-05,2017-09-05,2017-09-05,169675.0,31116.0,0.04117416401205465
WTI,2017-09-12,2017-09-12,2017-09-12,154078.0,-15597.0,-0.007968169649176904
WTI,2017-09-19,2017-09-19,2017-09-19,208459.0,54381.0,0.023315805313616655
WTI,2017-09-26,2017-09-26,2017-09-26,261107.0,52648.0,0.03891235669077053
WTI,2017-10-03,2017-10-03,2017-10-03,250173.0,-10934.0,-0.027623180523250745
WTI,2017-10-10,2017-10-10,2017-10-10,238624.0,-11549.0,0.00961074377997484
WTI,2017-10-17,2017-10-17,2017-10-17,222134.0,-16490.0,0.017031570970012178
WTI,2017-10-24,2017-10-24,2017-10-24,239964.0,17830.0,0.006884708777497028
WTI,2017-10-31,2017-10-31,2017-10-31,295232.0,55268.0,0.03575486150570428
WTI,2017-11-07,2017-11-07,2017-11-07,340269.0,45037.0,0.050716099082538935
WTI,2017-11-14,2017-11-14,2017-11-14,372239.0,31970.0,-0.027181341594598285
WTI,2017-11-21,2017-11-21,2017-11-21,339492.0,-32747.0,0.016678882027423403
WTI,2017-11-28,2017-11-28,2017-11-28,398106.0,58614.0,0.020206226579319253
WTI,2017-12-05,2017-12-05,2017-12-05,395080.0,-3026.0,-0.006404175230272147
WTI,2017-12-12,2017-12-12,2017-12-12,390146.0,-4934.0,-0.008882754565654571
WTI,2017-12-19,2017-12-19,2017-12-19,375625.0,-14521.0,0.006973528957500474
WTI,2017-12-26,2017-12-26,2017-12-26,404238.0,28613.0,0.04101655516125158
WTI,2018-01-02,2018-01-02,2018-01-02,389136.0,-15102.0,0.006482525652261595
WTI,2018-01-09,2018-01-09,2018-01-09,432650.0,43514.0,0.040411178116277036
WTI,2018-01-16,2018-01-16,2018-01-16,483829.0,51179.0,0.012644391633964358
WTI,2018-01-23,2018-01-23,2018-01-23,478557.0,-5272.0,0.01248650529359474
WTI,2018-01-30,2018-01-30,2018-01-30,482780.0,4223.0,0.0004652244791979454
WTI,2018-02-06,2018-02-06,2018-02-06,467783.0,-14997.0,-0.019156239609853354
WTI,2018-02-13,2018-02-13,2018-02-13,448400.0,-19383.0,-0.06683344634355015
WTI,2018-02-20,2018-02-20,2018-02-20,437931.0,-10469.0,0.04569574982029012
WTI,2018-02-27,2018-02-27,2018-02-27,460337.0,22406.0,0.019551904881076054
WTI,2018-03-06,2018-03-06,2018-03-06,441124.0,-19213.0,-0.006165447849380223
WTI,2018-03-13,2018-03-13,2018-03-13,425007.0,-16117.0,-0.027599154350928856
WTI,2018-03-20,2018-03-20,2018-03-20,456228.0,31221.0,0.044902546620712136
WTI,2018-03-27,2018-03-27,2018-03-27,463424.0,7196.0,0.02655641736143266
WTI,2018-04-03,2018-04-03,2018-04-03,421064.0,-42360.0,-0.02673776059801769
WTI,2018-04-10,2018-04-10,2018-04-10,416802.0,-4262.0,0.03072390613944176
WTI,2018-04-17,2018-04-17,2018-04-17,431557.0,14755.0,0.01621862000183827
WTI,2018-04-24,2018-04-24,2018-04-24,424596.0,-6961.0,0.017733867621899546
WTI,2018-05-01,2018-05-01,2018-05-01,406101.0,-18495.0,-0.0071417525047833275
WTI,2018-05-08,2018-05-08,2018-05-08,403121.0,-2980.0,0.027040589492539735
WTI,2018-05-15,2018-05-15,2018-05-15,377456.0,-25665.0,0.034205985539776385
WTI,2018-05-22,2018-05-22,2018-05-22,354281.0,-23175.0,0.011562432915804388
WTI,2018-05-29,2018-05-29,2018-05-29,300987.0,-53294.0,-0.0787854189832653
WTI,2018-06-05,2018-06-05,2018-06-05,286176.0,-14811.0,-0.017274334463378782
WTI,2018-06-12,2018-06-12,2018-06-12,290467.0,4291.0,0.012448923485327779
WTI,2018-06-19,2018-06-19,2018-06-19,295863.0,5396.0,-0.02104056884831773
WTI,2018-06-26,2018-06-26,2018-06-26,378871.0,83008.0,0.08319052751004363
WTI,2018-07-03,2018-07-03,2018-07-03,430828.0,51957.0,0.03797263130501605
WTI,2018-07-10,2018-07-10,2018-07-10,429716.0,-1112.0,0.013458406398787592
WTI,2018-07-17,2018-07-17,2018-07-17,390762.0,-38954.0,-0.07733597359754119
WTI,2018-07-24,2018-07-24,2018-07-24,383645.0,-7117.0,0.020047841246579323
WTI,2018-07-31,2018-07-31,2018-07-31,384445.0,800.0,0.0034965070587293923
WTI,2018-08-07,2018-08-07,2018-08-07,379245.0,-5200.0,0.010297237205838194
WTI,2018-08-14,2018-08-14,2018-08-14,332508.0,-46737.0,-0.029706625255222385
WTI,2018-08-21,2018-08-21,2018-08-21,331660.0,-848.0,-0.007414727168649993
WTI,2018-08-28,2018-08-28,2018-08-28,358237.0,26577.0,0.04004404922891802
WTI,2018-09-04,2018-09-04,2018-09-04,377741.0,19504.0,0.02109759625946661
WTI,2018-09-11,2018-09-11,2018-09-11,348568.0,-29173.0,-0.0075036427109096415
WTI,2018-09-18,2018-09-18,2018-09-18,326757.0,-21811.0,0.007934832081586074
WTI,2018-09-25,2018-09-25,2018-09-25,333641.0,6884.0,0.0379265868672688
WTI,2018-10-02,2018-10-02,2018-10-02,329499.0,-4142.0,0.04007106550398176
WTI,2018-10-09,2018-10-09,2018-10-09,296677.0,-32822.0,-0.003069738813655909
WTI,2018-10-16,2018-10-16,2018-10-16,249552.0,-47125.0,-0.041624348133772915
WTI,2018-10-23,2018-10-23,2018-10-23,199449.0,-50103.0,-0.07717845607339102
WTI,2018-10-30,2018-10-30,2018-10-30,186510.0,-12939.0,-0.003770459183683794
WTI,2018-11-06,2018-11-06,2018-11-06,148169.0,-38341.0,-0.06176355653420085
WTI,2018-11-13,2018-11-13,2018-11-13,135681.0,-12488.0,-0.11011281588507393
WTI,2018-11-20,2018-11-20,2018-11-20,132950.0,-2731.0,-0.04411807248443722
WTI,2018-11-27,2018-11-27,2018-11-27,128444.0,-4506.0,-0.03562620789869353
WTI,2018-12-04,2018-12-04,2018-12-04,103980.0,-24464.0,0.03305089019359264
WTI,2018-12-11,2018-12-11,2018-12-11,94640.0,-9340.0,-0.030771658666753576
WTI,2018-12-18,2018-12-18,2018-12-18,67296.0,-27344.0,-0.10656151091241906
WTI,2018-12-25,2018-12-24,2018-12-24,76210.0,8914.0,-0.09139083186605812
WTI,2019-01-01,2018-12-31,2018-12-31,78117.0,1907.0,0.06552263584431728
WTI,2019-01-08,2019-01-08,2019-01-08,59699.0,-18418.0,0.09168475004502308
WTI,2019-01-15,2019-01-15,2019-01-15,96462.0,36763.0,0.044495144448495005
WTI,2019-01-22,2019-01-22,2019-01-22,125231.0,28769.0,0.01176484157958635
WTI,2019-01-29,2019-01-29,2019-01-29,153642.0,28411.0,0.0056433558349548996
WTI,2019-02-05,2019-02-05,2019-02-05,148005.0,-5637.0,0.008223178922758034
WTI,2019-02-12,2019-02-12,2019-02-12,136383.0,-11622.0,-0.009863297603633914
WTI,2019-02-19,2019-02-19,2019-02-19,143449.0,7066.0,0.05423454163503094
WTI,2019-02-26,2019-02-26,2019-02-26,147914.0,4465.0,-0.01697226984328215
WTI,2019-03-05,2019-03-05,2019-03-05,176067.0,28153.0,0.018822384975175077
WTI,2019-03-12,2019-03-12,2019-03-12,183808.0,7741.0,0.004555816535860457
WTI,2019-03-19,2019-03-19,2019-03-19,238665.0,54857.0,0.03588675933352414
WTI,2019-03-26,2019-03-26,2019-03-26,267051.0,28386.0,0.01090340416924096
WTI,2019-04-02,2019-04-02,2019-04-02,285702.0,18651.0,0.04125575167079032
WTI,2019-04-09,2019-04-09,2019-04-09,320058.0,34356.0,0.021332878208534467
WTI,2019-04-16,2019-04-16,2019-04-16,320048.0,-10.0,0.003589547357933154
WTI,2019-04-23,2019-04-23,2019-04-23,330396.0,10348.0,0.03234246186813006
WTI,2019-04-30,2019-04-30,2019-04-30,315998.0,-14398.0,-0.03671405352962642
WTI,2019-05-07,2019-05-07,2019-05-07,281128.0,-34870.0,-0.03937077130109512
WTI,2019-05-14,2019-05-14,2019-05-14,264539.0,-16589.0,0.00728925232839106
WTI,2019-05-21,2019-05-21,2019-05-21,238734.0,-25805.0,0.018707076830866365
WTI,2019-05-28,2019-05-28,2019-05-28,201307.0,-37427.0,-0.06528857795520315
WTI,2019-06-04,2019-06-04,2019-06-04,170376.0,-30931.0,-0.10041230594101447
WTI,2019-06-11,2019-06-11,2019-06-11,118401.0,-51975.0,-0.0020531971748610767
WTI,2019-06-18,2019-06-18,2019-06-18,152679.0,34278.0,0.010963595834670659
WTI,2019-06-25,2019-06-25,2019-06-25,161211.0,8532.0,0.06648866051548263
WTI,2019-07-02,2019-07-02,2019-07-02,173609.0,12398.0,-0.026957683686244516
WTI,2019-07-09,2019-07-09,2019-07-09,177037.0,3428.0,0.028003229892977655
WTI,2019-07-16,2019-07-16,2019-07-16,219643.0,42606.0,-0.0034578181064151003
WTI,2019-07-23,2019-07-23,2019-07-23,178724.0,-40919.0,-0.016942157052154072
WTI,2019-07-30,2019-07-30,2019-07-30,180620.0,1896.0,0.02229669096126574
WTI,2019-08-06,2019-08-06,2019-08-06,178649.0,-1971.0,-0.08079539421367798
WTI,2019-08-13,2019-08-13,2019-08-13,210389.0,31740.0,0.06344163315520546
WTI,2019-08-20,2019-08-20,2019-08-20,220432.0,10043.0,-0.017133687707856504
WTI,2019-08-27,2019-08-27,2019-08-27,193681.0,-26751.0,-0.021610781599579187
WTI,2019-09-03,2019-09-03,2019-09-03,179596.0,-14085.0,-0.017711417542564
WTI,2019-09-10,2019-09-10,2019-09-10,220488.0,40892.0,0.06359639220559243
WTI,2019-09-17,2019-09-17,2019-09-17,226814.0,6326.0,0.031104835991566326
WTI,2019-09-24,2019-09-24,2019-09-24,208712.0,-18102.0,-0.031104835991566215
WTI,2019-10-01,2019-10-01,2019-10-01,141223.0,-67489.0,-0.06677853871447059
WTI,2019-10-08,2019-10-08,2019-10-08,97063.0,-44160.0,-0.01658537828981388
WTI,2019-10-15,2019-10-15,2019-10-15,90462.0,-6601.0,0.0049289199312841925
WTI,2019-10-22,2019-10-22,2019-10-22,99852.0,9390.0,0.029808466297825742
WTI,2019-10-29,2019-10-29,2019-10-29,111453.0,11601.0,0.019269820037396634
WTI,2019-11-05,2019-11-05,2019-11-05,130202.0,18749.0,0.02973145077821293
WTI,2019-11-12,2019-11-12,2019-11-12,163519.0,33317.0,-0.007709868223941374
WTI,2019-11-19,2019-11-19,2019-11-19,138070.0,-25449.0,-0.02673956104189923
WTI,2019-11-26,2019-11-26,2019-11-26,209187.0,71117.0,0.05381044889757203
WTI,2019-12-03,2019-12-03,2019-12-03,151189.0,-57998.0,-0.04105592478633613
WTI,2019-12-10,2019-12-10,2019-12-10,241017.0,89828.0,0.05402025284713796
WTI,2019-12-17,2019-12-17,2019-12-17,285329.0,44312.0,0.02883292808150173
WTI,2019-12-24,2019-12-24,2019-12-24,293720.0,8391.0,0.003935076400991222
WTI,2019-12-31,2019-12-31,2019-12-31,300778.0,7058.0,-0.0008185316000924869
WTI,2020-01-07,2020-01-07,2020-01-07,310527.0,9749.0,0.028230297796457027
WTI,2020-01-14,2020-01-14,2020-01-14,237049.0,-73478.0,-0.07041079241243264
WTI,2020-01-21,2020-01-21,2020-01-21,243696.0,6647.0,0.002057613894680399
WTI,2020-01-28,2020-01-28,2020-01-28,178459.0,-65237.0,-0.08766561319222632
WTI,2020-02-04,2020-02-04,2020-02-04,126709.0,-51750.0,-0.07361744960649508
WTI,2020-02-11,2020-02-11,2020-02-11,112393.0,-14316.0,0.007402254465554314
WTI,2020-02-18,2020-02-18,2020-02-18,105323.0,-7070.0,0.04138790970387762
WTI,2020-02-25,2020-02-25,2020-02-25,134431.0,29108.0,-0.04678414544256615
WTI,2020-03-03,2020-03-03,2020-03-03,110488.0,-23943.0,-0.05689004215277493
WTI,2020-03-10,2020-03-10,2020-03-10,146784.0,36296.0,-0.3095404771621739
WTI,2020-03-17,2020-03-17,2020-03-17,158167.0,11383.0,-0.23961886681600575
WTI,2020-03-24,2020-03-24,2020-03-24,165060.0,6893.0,-0.12951458970681462
WTI,2020-03-31,2020-03-31,2020-03-31,166202.0,1142.0,-0.1590216100618549
WTI,2020-04-07,2020-04-07,2020-04-07,180323.0,14121.0,0.15746743245325256
WTI,2020-04-14,2020-04-14,2020-04-14,195355.0,15032.0,-0.046005616599248844
WTI,2020-04-21,2020-04-21,2020-04-21,247478.0,52123.0,-0.8621274721884395
WTI,2020-04-28,2020-04-28,2020-04-28,318366.0,70888.0,0.06443047727165663
WTI,2020-05-05,2020-05-05,2020-05-05,328601.0,10235.0,0.6157026324133543
WTI,2020-05-12,2020-05-12,2020-05-12,351685.0,23084.0,-0.00605832977575993
WTI,2020-05-19,2020-05-19,2020-05-19,360183.0,8498.0,0.19377614738985605
WTI,2020-05-26,2020-05-26,2020-05-26,374810.0,14627.0,0.0721168977702844
WTI,2020-06-02,2020-06-02,2020-06-02,394131.0,19321.0,0.06612258074053079
WTI,2020-06-09,2020-06-09,2020-06-09,397549.0,3418.0,0.05511759680509565
WTI,2020-06-16,2020-06-16,2020-06-16,373061.0,-24488.0,-0.013109042628878909
WTI,2020-06-23,2020-06-23,2020-06-23,370088.0,-2973.0,0.04354015983141868
WTI,2020-06-30,2020-06-30,2020-06-30,374867.0,4779.0,-0.027626066274931027
WTI,2020-07-07,2020-07-07,2020-07-07,361008.0,-13859.0,0.033986279487635995
WTI,2020-07-14,2020-07-14,2020-07-14,359989.0,-1019.0,-0.0036923118871279303
WTI,2020-07-21,2020-07-21,2020-07-21,370122.0,10133.0,0.03322725945136473
WTI,2020-07-28,2020-07-28,2020-07-28,351776.0,-18346.0,-0.02121583915027281
WTI,2020-08-04,2020-08-04,2020-08-04,362193.0,10417.0,0.013555158719472882
WTI,2020-08-11,2020-08-11,2020-08-11,347996.0,-14197.0,-0.0009548819059281843
WTI,2020-08-18,2020-08-18,2020-08-18,336736.0,-11260.0,0.02941734656968986
WTI,2020-08-25,2020-08-25,2020-08-25,331785.0,-4951.0,0.0053197766258092916
WTI,2020-09-01,2020-09-01,2020-09-01,329588.0,-2197.0,-0.013030709360513315
WTI,2020-09-08,2020-09-08,2020-09-08,261119.0,-68469.0,-0.14701894435120932
WTI,2020-09-15,2020-09-15,2020-09-15,291866.0,30747.0,0.03591619207235963
WTI,2020-09-22,2020-09-22,2020-09-22,323216.0,31350.0,0.031910812281053635
WTI,2020-09-29,2020-09-29,2020-09-29,302458.0,-20758.0,-0.012896878720023652
WTI,2020-10-06,2020-10-06,2020-10-06,306695.0,4237.0,0.03469668239067536
WTI,2020-10-13,2020-10-13,2020-10-13,298039.0,-8656.0,-0.010808260460241526
WTI,2020-10-20,2020-10-20,2020-10-20,337537.0,39498.0,0.029446098760685713
WTI,2020-10-27,2020-10-27,2020-10-27,300339.0,-37198.0,-0.05242987340742289
WTI,2020-11-03,2020-11-03,2020-11-03,263439.0,-36900.0,-0.05075671202463772
WTI,2020-11-10,2020-11-10,2020-11-10,294341.0,30902.0,0.09245847823482811
WTI,2020-11-17,2020-11-17,2020-11-17,299828.0,5487.0,-0.0004800768215105222
WTI,2020-11-24,2020-11-24,2020-11-24,330102.0,30274.0,0.075359118486795
WTI,2020-12-01,2020-12-01,2020-12-01,338534.0,8432.0,-0.007758506604057525
WTI,2020-12-08,2020-12-08,2020-12-08,339362.0,828.0,0.023639673675382555
WTI,2020-12-15,2020-12-15,2020-12-15,345617.0,6255.0,0.04232305077752452
WTI,2020-12-22,2020-12-21,2020-12-21,335769.0,-9848.0,0.0039686736163091485
WTI,2020-12-29,2020-12-29,2020-12-29,332363.0,-3406.0,0.0006251953939182542
WTI,2021-01-05,2021-01-05,2021-01-05,331199.0,-1164.0,0.03875743418307653
WTI,2021-01-12,2021-01-12,2021-01-12,348044.0,16845.0,0.06258700809609863
WTI,2021-01-19,2021-01-19,2021-01-19,344709.0,-3335.0,-0.0048955096829874645
WTI,2021-01-26,2021-01-26,2021-01-26,336241.0,-8468.0,-0.007008268101207582
WTI,2021-02-02,2021-02-02,2021-02-02,345233.0,8992.0,0.039795397291122026
WTI,2021-02-09,2021-02-09,2021-02-09,369481.0,24248.0,0.06434397640025113
WTI,2021-02-16,2021-02-16,2021-02-16,378972.0,9491.0,0.03093291501006923
WTI,2021-02-23,2021-02-23,2021-02-23,364230.0,-14742.0,0.02612058154752206
WTI,2021-03-02,2021-03-02,2021-03-02,363391.0,-839.0,-0.03024558804019639
WTI,2021-03-09,2021-03-09,2021-03-09,364146.0,755.0,0.07157472951077315
WTI,2021-03-16,2021-03-16,2021-03-16,362433.0,-1713.0,0.013504279727803103
WTI,2021-03-23,2021-03-23,2021-03-23,353364.0,-9069.0,-0.11593460629460117
WTI,2021-03-30,2021-03-30,2021-03-30,355918.0,2554.0,0.04717297541453025
WTI,2021-04-06,2021-04-06,2021-04-06,334393.0,-21525.0,-0.020018430845981428
WTI,2021-04-13,2021-04-13,2021-04-13,343591.0,9198.0,0.014547535209054052
WTI,2021-04-20,2021-04-20,2021-04-20,337741.0,-5850.0,0.03954628074494604
WTI,2021-04-27,2021-04-27,2021-04-27,344937.0,7196.0,0.00429902739967658
WTI,2021-05-04,2021-05-04,2021-05-04,355316.0,10379.0,0.04312029154497399
WTI,2021-05-11,2021-05-11,2021-05-11,331020.0,-24296.0,-0.004736087074400874
WTI,2021-05-18,2021-05-18,2021-05-18,314834.0,-16186.0,0.003058106358820867
WTI,2021-05-25,2021-05-25,2021-05-25,326274.0,11440.0,0.008664643400587702
WTI,2021-06-01,2021-06-01,2021-06-01,346046.0,19772.0,0.025031828215306362
WTI,2021-06-08,2021-06-08,2021-06-08,371409.0,25363.0,0.03421252227665761
WTI,2021-06-15,2021-06-15,2021-06-15,382611.0,11202.0,0.028083409121012926
WTI,2021-06-22,2021-06-22,2021-06-22,374397.0,-8214.0,0.01368275095584126
WTI,2021-06-29,2021-06-29,2021-06-29,356103.0,-18294.0,0.0017828983670877818
WTI,2021-07-06,2021-07-06,2021-07-06,325879.0,-30224.0,0.004077348049813745
WTI,2021-07-13,2021-07-13,2021-07-13,328943.0,3064.0,0.02865681258405095
WTI,2021-07-20,2021-07-20,2021-07-20,280351.0,-48592.0,-0.10567296683987126
WTI,2021-07-27,2021-07-27,2021-07-27,277610.0,-2741.0,0.06411990674507706
WTI,2021-08-03,2021-08-03,2021-08-03,260240.0,-17370.0,-0.013085416522924387
WTI,2021-08-10,2021-08-10,2021-08-10,247542.0,-12698.0,-0.02853405259466668
WTI,2021-08-17,2021-08-17,2021-08-17,249175.0,1633.0,-0.025596635553853275
WTI,2021-08-24,2021-08-24,2021-08-24,240128.0,-9047.0,0.017926981438515455
WTI,2021-08-31,2021-08-31,2021-08-31,238944.0,-1184.0,0.014113730310758132
WTI,2021-09-07,2021-09-07,2021-09-07,235457.0,-3487.0,-0.0019062986929843095
WTI,2021-09-14,2021-09-14,2021-09-14,258231.0,22774.0,0.030357925385352535
WTI,2021-09-21,2021-09-21,2021-09-21,245810.0,-12421.0,0.003695285614855104
WTI,2021-09-28,2021-09-28,2021-09-28,257917.0,12107.0,0.06587646807624692
WTI,2021-10-05,2021-10-05,2021-10-05,278106.0,20189.0,0.04705056474456493
WTI,2021-10-12,2021-10-12,2021-10-12,294148.0,16042.0,0.017036187152567828
WTI,2021-10-19,2021-10-19,2021-10-19,301474.0,7326.0,0.031044621681960205
WTI,2021-10-26,2021-10-26,2021-10-26,291608.0,-9866.0,0.02645435255688633
WTI,2021-11-02,2021-11-02,2021-11-02,277817.0,-13791.0,-0.004802463480037655
WTI,2021-11-09,2021-11-09,2021-11-09,296233.0,18416.0,0.0014545457109944593
WTI,2021-11-16,2021-11-16,2021-11-16,271747.0,-24486.0,-0.03475395978004381
WTI,2021-11-23,2021-11-23,2021-11-23,268340.0,-3407.0,-0.015672717164845862
WTI,2021-11-30,2021-11-30,2021-11-30,233706.0,-34634.0,-0.17072032229489653
WTI,2021-12-07,2021-12-07,2021-12-07,226493.0,-7213.0,0.08706199580465435
WTI,2021-12-14,2021-12-14,2021-12-14,211854.0,-14639.0,-0.018545066464274784
WTI,2021-12-21,2021-12-21,2021-12-21,216913.0,5059.0,0.008472233675979934
WTI,2021-12-28,2021-12-28,2021-12-28,233873.0,16960.0,0.06610155655383054
WTI,2022-01-04,2022-01-04,2022-01-04,233355.0,-518.0,0.014350305728301871
WTI,2022-01-11,2022-01-11,2022-01-11,258654.0,25299.0,0.04994367413007694
WTI,2022-01-18,2022-01-18,2022-01-18,279511.0,20857.0,0.0502824948707602
WTI,2022-01-25,2022-01-25,2022-01-25,263854.0,-15657.0,0.00903602932805303
WTI,2022-02-01,2022-02-01,2022-02-01,269135.0,5281.0,0.02900770461724811
WTI,2022-02-08,2022-02-08,2022-02-08,260644.0,-8491.0,0.016517925451645543
WTI,2022-02-15,2022-02-15,2022-02-15,253455.0,-7189.0,0.025940480977415636
WTI,2022-02-22,2022-02-22,2022-02-22,233237.0,-20218.0,0.018669551701470666
WTI,2022-03-01,2022-03-01,2022-03-01,244277.0,11040.0,0.10992397344575067
WTI,2022-03-08,2022-03-08,2022-03-08,234837.0,-9440.0,0.177302830284145
WTI,2022-03-15,2022-03-15,2022-03-15,223651.0,-11186.0,-0.2329068958894321
WTI,2022-03-22,2022-03-22,2022-03-22,216624.0,-7027.0,0.1421579651177034
WTI,2022-03-29,2022-03-29,2022-03-29,212034.0,-4590.0,-0.047125950766064295
WTI,2022-04-05,2022-04-05,2022-04-05,205595.0,-6439.0,-0.017042062511718803
WTI,2022-04-12,2022-04-12,2022-04-12,207317.0,1722.0,-0.005278108155287842
WTI,2022-04-19,2022-04-19,2022-04-19,206784.0,-533.0,0.018793827144026554
WTI,2022-04-26,2022-04-26,2022-04-26,220951.0,14167.0,-0.0034355862013397687
WTI,2022-05-03,2022-05-03,2022-05-03,224526.0,3575.0,0.008959932411704008
WTI,2022-05-10,2022-05-10,2022-05-10,222101.0,-2425.0,-0.024581122274428657
WTI,2022-05-17,2022-05-17,2022-05-17,263848.0,41747.0,0.10756225460131408
WTI,2022-05-24,2022-05-24,2022-05-24,257659.0,-6189.0,0.0012762080127764475
WTI,2022-05-31,2022-05-31,2022-05-31,265707.0,8048.0,0.04367117035098805
WTI,2022-06-07,2022-06-07,2022-06-07,263481.0,-2226.0,0.045333293773735794
WTI,2022-06-14,2022-06-14,2022-06-14,249840.0,-13641.0,-0.007199208330467333
WTI,2022-06-21,2022-06-21,2022-06-21,216353.0,-33487.0,-0.059721881293010926
WTI,2022-06-28,2022-06-28,2022-06-28,225749.0,9396.0,0.02024653396851306
WTI,2022-07-05,2022-07-05,2022-07-05,191702.0,-34047.0,-0.12113048911141344
WTI,2022-07-12,2022-07-12,2022-07-12,200495.0,8793.0,-0.033822957510900586
WTI,2022-07-19,2022-07-19,2022-07-19,211412.0,10917.0,0.0766156570715738
WTI,2022-07-26,2022-07-26,2022-07-26,200176.0,-11236.0,-0.0588765971965286
WTI,2022-08-02,2022-08-02,2022-08-02,178543.0,-21633.0,0.00043969670970767094
WTI,2022-08-09,2022-08-09,2022-08-09,149917.0,-28626.0,-0.03882602598063867
WTI,2022-08-16,2022-08-16,2022-08-16,135318.0,-14599.0,-0.03993023211582325
WTI,2022-08-23,2022-08-23,2022-08-23,160327.0,25009.0,0.08431895964642655
WTI,2022-08-30,2022-08-30,2022-08-30,147655.0,-12672.0,-0.022657134909265353
WTI,2022-09-06,2022-09-06,2022-09-06,145210.0,-2445.0,-0.05178410647187082
WTI,2022-09-13,2022-09-13,2022-09-13,158348.0,13138.0,0.004382936658831493
WTI,2022-09-20,2022-09-20,2022-09-20,165028.0,6680.0,-0.03454069294566953
WTI,2022-09-27,2022-09-27,2022-09-27,139167.0,-25861.0,-0.0670036331170819
WTI,2022-10-04,2022-10-04,2022-10-04,158876.0,19709.0,0.09515172599537491
WTI,2022-10-11,2022-10-11,2022-10-11,177489.0,18613.0,0.028479471321868566
WTI,2022-10-18,2022-10-18,2022-10-18,147979.0,-29510.0,-0.06942330562296295
WTI,2022-10-25,2022-10-25,2022-10-25,153683.0,5704.0,0.038836351961529236
WTI,2022-11-01,2022-11-01,2022-11-01,169413.0,15730.0,0.03482582566069703
WTI,2022-11-08,2022-11-08,2022-11-08,185656.0,16243.0,0.00924716903848255
WTI,2022-11-15,2022-11-15,2022-11-15,166291.0,-19365.0,-0.02008675856673736
WTI,2022-11-22,2022-11-22,2022-11-22,147163.0,-19128.0,-0.06341837578782472
WTI,2022-11-29,2022-11-29,2022-11-29,139797.0,-7366.0,-0.034562032572378665
WTI,2022-12-06,2022-12-06,2022-12-06,144081.0,4284.0,-0.05037225892893338
WTI,2022-12-13,2022-12-13,2022-12-13,144483.0,402.0,0.01307556988063141
WTI,2022-12-20,2022-12-20,2022-12-20,162672.0,18189.0,0.010417447674980429
WTI,2022-12-27,2022-12-27,2022-12-27,169002.0,6330.0,0.04237922296886121
WTI,2023-01-03,2023-01-03,2023-01-03,138840.0,-30162.0,-0.03313616726637525
WTI,2023-01-10,2023-01-10,2023-01-10,129332.0,-9508.0,-0.022953332446911667
WTI,2023-01-17,2023-01-17,2023-01-17,158815.0,29483.0,0.06522655558301382
WTI,2023-01-24,2023-01-24,2023-01-24,163010.0,4195.0,-0.0039855576484132405
WTI,2023-01-31,2023-01-31,2023-01-31,157426.0,-5584.0,-0.01584938838007932
WTI,2023-02-07,2023-02-07,2023-02-07,146006.0,-11420.0,-0.022739865900974654
WTI,2023-02-14,2023-02-14,2023-02-14,163779.0,17773.0,0.023623648547982268
WTI,2023-02-21,2023-02-21,2023-02-21,134036.0,-29743.0,-0.03702222297280333
WTI,2023-02-28,2023-02-28,2023-02-28,139954.0,5918.0,0.008995562908577837
WTI,2023-03-07,2023-03-07,2023-03-07,146937.0,6983.0,0.0068427095474768995
WTI,2023-03-14,2023-03-14,2023-03-14,96286.0,-50651.0,-0.0835550447304787
WTI,2023-03-21,2023-03-21,2023-03-21,52147.0,-44139.0,-0.025787770736732774
WTI,2023-03-28,2023-03-28,2023-03-28,97927.0,45780.0,0.04942561192523842
WTI,2023-04-04,2023-04-04,2023-04-04,166263.0,68336.0,0.09607444313619173
WTI,2023-04-11,2023-04-11,2023-04-11,188294.0,22031.0,0.009493937286774834
WTI,2023-04-18,2023-04-18,2023-04-18,191741.0,3447.0,-0.007266489267682252
WTI,2023-04-25,2023-04-25,2023-04-25,174090.0,-17651.0,-0.0484997242745443
WTI,2023-05-02,2023-05-02,2023-05-02,131831.0,-42259.0,-0.07210102074351987
WTI,2023-05-09,2023-05-09,2023-05-09,147256.0,15425.0,0.028520221948415192
WTI,2023-05-16,2023-05-16,2023-05-16,131670.0,-15586.0,-0.0384929150362423
WTI,2023-05-23,2023-05-23,2023-05-23,119658.0,-12012.0,0.028801990903706165
WTI,2023-05-30,2023-05-30,2023-05-30,78440.0,-41218.0,-0.04847475650241084
WTI,2023-06-06,2023-06-06,2023-06-06,81354.0,2914.0,0.031629021520557576
WTI,2023-06-13,2023-06-13,2023-06-13,71044.0,-10310.0,-0.03210344280123811
WTI,2023-06-20,2023-06-20,2023-06-20,91742.0,20698.0,0.02287518939198596
WTI,2023-06-27,2023-06-27,2023-06-27,56220.0,-35522.0,-0.050266179197552385
WTI,2023-07-04,2023-07-03,2023-07-03,78028.0,21808.0,0.030142601984051387
WTI,2023-07-11,2023-07-11,2023-07-11,122303.0,44275.0,0.06640525146381593
WTI,2023-07-18,2023-07-18,2023-07-18,161921.0,39618.0,0.01263566721717313
WTI,2023-07-25,2023-07-25,2023-07-25,182850.0,20929.0,0.05114128706447041
WTI,2023-08-01,2023-08-01,2023-08-01,198935.0,16085.0,0.021955360878746832
WTI,2023-08-08,2023-08-08,2023-08-08,205375.0,6440.0,0.017638869860044037
WTI,2023-08-15,2023-08-15,2023-08-15,173842.0,-31533.0,-0.022842697735071082
WTI,2023-08-22,2023-08-22,2023-08-22,144208.0,-29634.0,-0.010740705228522218
WTI,2023-08-29,2023-08-29,2023-08-29,171765.0,27557.0,0.018906035761618423
WTI,2023-09-05,2023-09-05,2023-09-05,232918.0,61153.0,0.0660847970779368
WTI,2023-09-12,2023-09-12,2023-09-12,264030.0,31112.0,0.024689776841216204
WTI,2023-09-19,2023-09-19,2023-09-19,281620.0,17590.0,0.025975486403260417
WTI,2023-09-26,2023-09-26,2023-09-26,301660.0,20040.0,-0.0009951899975455536
WTI,2023-10-03,2023-10-03,2023-10-03,293235.0,-8425.0,-0.011018300556494665
WTI,2023-10-10,2023-10-10,2023-10-10,254544.0,-38691.0,-0.038589622305560956
WTI,2023-10-17,2023-10-17,2023-10-17,203144.0,-51400.0,0.015451153649162497
WTI,2023-10-24,2023-10-24,2023-10-24,195976.0,-7168.0,-0.02009761462088755
WTI,2023-10-31,2023-10-31,2023-10-31,136064.0,-59912.0,-0.03302072281645274
WTI,2023-11-07,2023-11-07,2023-11-07,111309.0,-24755.0,-0.041728202103793466
WTI,2023-11-14,2023-11-14,2023-11-14,99563.0,-11746.0,0.012356959911514753
WTI,2023-11-21,2023-11-21,2023-11-21,84929.0,-14634.0,-0.005130189525387241
WTI,2023-11-28,2023-11-28,2023-11-28,78316.0,-6613.0,-0.01764217504737664
WTI,2023-12-05,2023-12-05,2023-12-05,62777.0,-15539.0,-0.05329744104537093
WTI,2023-12-12,2023-12-12,2023-12-12,45912.0,-16865.0,-0.052070044200657195
WTI,2023-12-19,2023-12-19,2023-12-19,87328.0,41416.0,0.07132372833382172
WTI,2023-12-26,2023-12-26,2023-12-26,107403.0,20075.0,0.02180542552414244
WTI,2024-01-02,2024-01-02,2024-01-02,66563.0,-40840.0,-0.07039425825215129
WTI,2024-01-09,2024-01-09,2024-01-09,90956.0,24393.0,0.02337241651196542
WTI,2024-01-16,2024-01-16,2024-01-16,72473.0,-18483.0,0.0031765788744444468
WTI,2024-01-23,2024-01-23,2024-01-23,121750.0,49277.0,0.025190248828558914
WTI,2024-01-30,2024-01-30,2024-01-30,137515.0,15765.0,0.04534583284119842
WTI,2024-02-06,2024-02-06,2024-02-06,77073.0,-60442.0,-0.0570358811511783
WTI,2024-02-13,2024-02-13,2024-02-13,100188.0,23115.0,0.05553669764854818
WTI,2024-02-20,2024-02-20,2024-02-20,123396.0,23208.0,-0.006727062884581025
WTI,2024-02-27,2024-02-27,2024-02-27,166538.0,43142.0,0.023476159920029382
WTI,2024-03-05,2024-03-05,2024-03-05,174585.0,8047.0,-0.008280906273888777
WTI,2024-03-12,2024-03-12,2024-03-12,160593.0,-13992.0,-0.002069055438767342
WTI,2024-03-19,2024-03-19,2024-03-19,205684.0,45091.0,0.06853537742423654
WTI,2024-03-26,2024-03-26,2024-03-26,205794.0,110.0,-0.01350796322443204
WTI,2024-04-02,2024-04-02,2024-04-02,215843.0,10049.0,0.040416672726046876
WTI,2024-04-09,2024-04-09,2024-04-09,222132.0,6289.0,0.002845626772015719
WTI,2024-04-16,2024-04-16,2024-04-16,185786.0,-36346.0,0.004371204313846078
WTI,2024-04-23,2024-04-23,2024-04-23,161402.0,-24384.0,-0.017480675814586566
WTI,2024-04-30,2024-04-30,2024-04-30,158705.0,-2697.0,-0.017303353851333414
WTI,2024-05-07,2024-05-07,2024-05-07,104519.0,-54186.0,-0.04042222207770274
WTI,2024-05-14,2024-05-14,2024-05-14,119232.0,14713.0,-0.005266212157772898
WTI,2024-05-21,2024-05-21,2024-05-21,161547.0,42315.0,0.01292321740896718
WTI,2024-05-28,2024-05-28,2024-05-28,196185.0,34638.0,0.014764606654043888
WTI,2024-06-04,2024-06-04,2024-06-04,145312.0,-50873.0,-0.08523557519018676
WTI,2024-06-11,2024-06-11,2024-06-11,186682.0,41370.0,0.0596418682554114
WTI,2024-06-18,2024-06-18,2024-06-18,180634.0,-6048.0,0.039939593713733124
WTI,2024-06-25,2024-06-25,2024-06-25,224638.0,44004.0,0.001485700409471935
WTI,2024-07-02,2024-07-02,2024-07-02,233203.0,8565.0,0.02437179284980684
WTI,2024-07-09,2024-07-09,2024-07-09,240012.0,6809.0,-0.016618835117203634
WTI,2024-07-16,2024-07-16,2024-07-16,248501.0,8489.0,-0.01060719997047499
WTI,2024-07-23,2024-07-23,2024-07-23,225041.0,-23460.0,-0.035109242082380754
WTI,2024-07-30,2024-07-30,2024-07-30,199250.0,-25791.0,-0.029404188415252275
WTI,2024-08-06,2024-08-06,2024-08-06,172634.0,-26616.0,-0.018675414975836135
WTI,2024-08-13,2024-08-13,2024-08-13,191765.0,19131.0,0.059827413629674586
WTI,2024-08-20,2024-08-20,2024-08-20,169913.0,-21852.0,-0.048419139257687815
WTI,2024-08-27,2024-08-27,2024-08-27,179969.0,10056.0,0.03174442742941819
WTI,2024-09-03,2024-09-03,2024-09-03,115268.0,-64701.0,-0.06959699243744322
WTI,2024-09-10,2024-09-10,2024-09-10,95833.0,-19435.0,-0.06608207900867125
WTI,2024-09-17,2024-09-17,2024-09-17,130773.0,34940.0,0.0713848503023139
WTI,2024-09-24,2024-09-24,2024-09-24,159082.0,28309.0,0.02261260849011726
WTI,2024-10-01,2024-10-01,2024-10-01,136929.0,-22153.0,-0.024908527502388367
WTI,2024-10-08,2024-10-08,2024-10-08,131063.0,-5866.0,0.05044266609684411
WTI,2024-10-15,2024-10-15,2024-10-15,118546.0,-12517.0,-0.0415473420191953
WTI,2024-10-22,2024-10-22,2024-10-22,101946.0,-16600.0,0.024410383115030077
WTI,2024-10-29,2024-10-29,2024-10-29,91633.0,-10313.0,-0.06522642612226226
WTI,2024-11-05,2024-11-05,2024-11-05,146651.0,55018.0,0.06923266841853148
WTI,2024-11-12,2024-11-12,2024-11-12,133663.0,-12988.0,-0.05146982728197169
WTI,2024-11-19,2024-11-19,2024-11-19,104941.0,-28722.0,0.018512298949461825
WTI,2024-11-26,2024-11-26,2024-11-26,106409.0,1468.0,-0.006811126976263626
WTI,2024-12-03,2024-12-03,2024-12-03,114821.0,8412.0,0.015260671159142869
WTI,2024-12-10,2024-12-10,2024-12-10,104968.0,-9853.0,-0.018431695149526472
WTI,2024-12-17,2024-12-17,2024-12-17,164387.0,59419.0,0.02001226879562601
WTI,2024-12-24,2024-12-24,2024-12-24,186914.0,22527.0,0.006440093814729542
WTI,2024-12-31,2024-12-31,2024-12-31,203048.0,16134.0,0.02284685469638781
WTI,2025-01-07,2025-01-07,2025-01-07,253879.0,50831.0,0.03204251479541309
WTI,2025-01-14,2025-01-14,2025-01-14,236242.0,-17637.0,0.037352614956119856
WTI,2025-01-21,2025-01-21,2025-01-21,247445.0,11203.0,-0.007095956187448738
WTI,2025-01-28,2025-01-28,2025-01-28,191531.0,-55914.0,-0.02754184781663349
WTI,2025-02-04,2025-02-04,2025-02-04,144136.0,-47395.0,-0.011962951647822684
WTI,2025-02-11,2025-02-11,2025-02-11,130304.0,-13832.0,0.010177504985854124
WTI,2025-02-18,2025-02-18,2025-02-18,105892.0,-24412.0,-0.017252515423095582
WTI,2025-02-25,2025-02-25,2025-02-25,68773.0,-37119.0,-0.041210719189149536
WTI,2025-03-04,2025-03-04,2025-03-04,98649.0,29876.0,-0.011966477635484307
WTI,2025-03-11,2025-03-11,2025-03-11,107744.0,9095.0,-0.02649260679302068
WTI,2025-03-18,2025-03-18,2025-03-18,92263.0,-15481.0,0.01236072415515066
WTI,2025-03-25,2025-03-25,2025-03-25,93243.0,980.0,0.033152207316900384
WTI,2025-04-01,2025-04-01,2025-04-01,101417.0,8174.0,0.032346965865250765
WTI,2025-04-08,2025-04-08,2025-04-08,48539.0,-52878.0,-0.17978025936528208
WTI,2025-04-15,2025-04-15,2025-04-15,79913.0,31374.0,0.02753615780860541
WTI,2025-04-22,2025-04-22,2025-04-22,131735.0,51822.0,0.04694641180827619
WTI,2025-04-29,2025-04-29,2025-04-29,140031.0,8296.0,-0.052393318070408146
WTI,2025-05-06,2025-05-06,2025-05-06,128575.0,-11456.0,-0.019033791056483285
WTI,2025-05-13,2025-05-13,2025-05-13,118096.0,-10479.0,0.07499617433284889
WTI,2025-05-20,2025-05-20,2025-05-20,111879.0,-6217.0,-0.019476988622603386
WTI,2025-05-27,2025-05-27,2025-05-27,103947.0,-7932.0,-0.018549181364543643
WTI,2025-06-03,2025-06-03,2025-06-03,144631.0,40684.0,0.04236442677876584
WTI,2025-06-10,2025-06-10,2025-06-10,161577.0,16946.0,0.022629338130759846
WTI,2025-06-17,2025-06-17,2025-06-17,170605.0,9028.0,0.13667540450968219
WTI,2025-06-24,2025-06-24,2025-06-24,161487.0,-9118.0,-0.1295035621073477
WTI,2025-07-01,2025-07-01,2025-07-01,174633.0,13146.0,0.016117969767343476
WTI,2025-07-08,2025-07-08,2025-07-08,145697.0,-28936.0,0.043169976304413105
WTI,2025-07-15,2025-07-15,2025-07-15,91769.0,-53928.0,-0.024330629741420196
WTI,2025-07-22,2025-07-22,2025-07-22,98237.0,6468.0,-0.0009182737100724703
WTI,2025-07-29,2025-07-29,2025-07-29,97387.0,-850.0,0.058000196939205995
WTI,2025-08-05,2025-08-05,2025-08-05,81337.0,-16050.0,-0.0597191760329967
WTI,2025-08-12,2025-08-12,2025-08-12,48865.0,-32472.0,-0.027156705164485095
WTI,2025-08-19,2025-08-19,2025-08-19,27445.0,-21420.0,-0.011428695823622492
WTI,2025-08-26,2025-08-26,2025-08-26,24621.0,-2824.0,0.023677317899821637
WTI,2025-09-02,2025-09-02,2025-09-02,27323.0,2702.0,0.03715168974207017
WTI,2025-09-09,2025-09-09,2025-09-09,10002.0,-17321.0,-0.04381638308478297
WTI,2025-09-16,2025-09-16,2025-09-16,36799.0,26797.0,0.029579064292204804
WTI,2025-09-23,2025-09-23,2025-09-23,26483.0,-10316.0,-0.011758385846318609
WTI,2025-09-30,2025-09-30,2025-09-30,14053.0,-12430.0,-0.016537187173909174
WTI,2025-10-07,2025-10-07,2025-10-07,-17481.0,-31534.0,-0.010382961545054692
WTI,2025-10-14,2025-10-14,2025-10-14,-18766.0,-1285.0,-0.0510186728486306
WTI,2025-10-21,2025-10-21,2025-10-21,-38154.0,-19388.0,-0.017834426466732833
WTI,2025-10-28,2025-10-28,2025-10-28,-8600.0,29554.0,0.0495884877324374
WTI,2025-11-04,2025-11-04,2025-11-04,7737.0,16337.0,0.00890753352704765
WTI,2025-11-11,2025-11-10,2025-11-10,-11646.0,-19383.0,-0.0046534901991439614
WTI,2025-11-18,2025-11-18,2025-11-18,-12671.0,-1025.0,0.010604904690454497
WTI,2025-11-25,2025-11-25,2025-11-25,-37010.0,-24339.0,-0.04586877216844554
WTI,2025-12-02,2025-12-02,2025-12-02,-34768.0,2242.0,0.011843333626475827
WTI,2025-12-09,2025-12-09,2025-12-09,6878.0,41646.0,-0.0051519949094280815
WTI,2025-12-16,2025-12-16,2025-12-16,74.0,-6804.0,-0.0521273379149485
WTI,2025-12-23,2025-12-23,2025-12-23,11360.0,11286.0,0.05727933282437647
WTI,2025-12-30,2025-12-30,2025-12-30,15743.0,4383.0,-0.007392795640208005
WTI,2026-01-06,2026-01-06,2026-01-06,24528.0,8785.0,-0.01409330086491567
WTI,2026-01-13,2026-01-13,2026-01-13,47570.0,23042.0,0.06772758241051147
WTI,2026-01-20,2026-01-20,2026-01-20,47500.0,-70.0,-0.009399030360754512
WTI,2026-01-27,2026-01-27,2026-01-27,59047.0,11547.0,0.03307837222304677
WTI,2026-02-03,2026-02-03,2026-02-03,76760.0,17713.0,0.014261243199173101
WTI,2026-02-10,2026-02-10,2026-02-10,79146.0,2386.0,0.015163771839008633
WTI,2026-02-17,2026-02-17,2026-02-17,63785.0,-15361.0,-0.024277273240401853
WTI,2026-02-24,2026-02-24,2026-02-24,67700.0,3915.0,0.05271374347216906
WTI,2026-03-03,2026-03-03,2026-03-03,68385.0,685.0,0.11587414174066268
WTI,2026-03-10,2026-03-10,2026-03-10,92122.0,23737.0,0.10997256941093592
WTI,2026-03-17,2026-03-17,2026-03-17,96371.0,4249.0,0.15150231782353468
WTI,2026-03-24,2026-03-24,2026-03-24,94336.0,-2035.0,-0.03385462763666808
WTI,2026-03-31,2026-03-31,2026-03-31,73347.0,-20989.0,0.09329012639895415
WTI,2026-04-07,2026-04-07,2026-04-07,78700.0,5353.0,0.06463244115803427
WTI,2026-04-14,2026-04-14,2026-04-14,98368.0,19668.0,-0.11945730827408485
WTI,2026-04-21,2026-04-21,2026-04-21,99887.0,1519.0,0.016642687063866624
WTI,2026-04-28,2026-04-28,2026-04-28,80331.0,-19556.0,0.10833367590974191
WTI,2026-05-05,2026-05-05,2026-05-05,70791.0,-9540.0,0.03930537063878675
WTI,2026-05-12,2026-05-12,2026-05-12,72801.0,2010.0,0.004476556463358844
WTI,2026-05-19,2026-05-19,2026-05-19,98219.0,25418.0,0.055674101839393225
WTI,2026-05-26,2026-05-26,2026-05-26,79924.0,-18295.0,-0.10370828343652494
WTI,2026-06-02,2026-06-02,2026-06-02,90765.0,10841.0,-0.013242522733844408
WTI,2026-06-09,2026-06-09,2026-06-09,94725.0,3960.0,-0.043949462023815944
WTI,2026-06-16,2026-06-16,2026-06-16,96228.0,1503.0,-0.13998719296739404
WTI,2026-06-23,2026-06-23,2026-06-23,82872.0,-13356.0,-0.027749625387889387
WTI,2026-06-30,2026-06-30,2026-06-30,81282.0,-1590.0,-0.05200527108780495
WTI,2026-07-07,2026-07-07,2026-07-07,64041.0,-17241.0,0.015328715011322935
WTI,2026-07-14,2026-07-14,2026-07-14,61974.0,-2067.0,0.11204836647502209
WTI,2026-07-21,2026-07-21,2026-07-21,63979.0,2005.0,0.06946725479755539
WTI,2026-07-28,2026-07-28,2026-07-28,92943.0,28964.0,-0.06212266055612481
WTI,2026-08-04,2026-08-04,2026-08-04,86958.0,-5985.0,-0.024996611601185326
WTI,2026-08-11,2026-08-11,2026-08-11,79916.0,-7042.0,0.09665336335079225
WTI,2026-08-18,2026-08-18,2026-08-18,87479.0,7563.0,0.025421524387131994
WTI,2026-08-25,2026-08-25,2026-08-25,84020.0,-3459.0,-0.020430947417381995
GASOIL,2011-01-11,2011-01-11,2011-01-11,48715.0,2795.0,0.03301887257984615
GASOIL,2011-01-18,2011-01-18,2011-01-18,61392.0,12677.0,0.02162580416597787
GASOIL,2011-01-25,2011-01-25,2011-01-25,64869.0,3477.0,-0.023501390836472513
GASOIL,2011-02-01,2011-02-01,2011-02-01,68472.0,3603.0,0.05708457799387784
GASOIL,2011-02-08,2011-02-08,2011-02-08,64907.0,-3565.0,0.00439689994603637
GASOIL,2011-02-15,2011-02-15,2011-02-15,64196.0,-711.0,0.014229948261131053
GASOIL,2011-02-22,2011-02-22,2011-02-22,59481.0,-4715.0,0.025901547609760045
GASOIL,2011-03-01,2011-03-01,2011-03-01,60018.0,537.0,0.05570310947665591
GASOIL,2011-03-08,2011-03-08,2011-03-08,57637.0,-2381.0,0.009748463447907252
GASOIL,2011-03-15,2011-03-15,2011-03-15,51680.0,-5957.0,-0.001574390249108104
GASOIL,2011-03-22,2011-03-22,2011-03-22,50593.0,-1087.0,0.03661146198391141
GASOIL,2011-03-29,2011-03-29,2011-03-29,51958.0,1365.0,-0.009411235684755215
GASOIL,2011-04-05,2011-04-05,2011-04-05,53601.0,1643.0,0.04385906921763916
GASOIL,2011-04-12,2011-04-12,2011-04-12,48477.0,-5124.0,-0.009621389134255476
GASOIL,2011-04-19,2011-04-19,2011-04-19,47194.0,-1283.0,-0.00821410965692193
GASOIL,2011-04-26,2011-04-26,2011-04-26,46732.0,-462.0,0.017344339645743667
GASOIL,2011-05-03,2011-05-03,2011-05-03,42152.0,-4580.0,0.0012652077336164913
GASOIL,2011-05-10,2011-05-10,2011-05-10,23198.0,-18954.0,-0.07835178021478828
GASOIL,2011-05-17,2011-05-17,2011-05-17,23299.0,101.0,-0.05913723949988198
GASOIL,2011-05-24,2011-05-24,2011-05-24,21825.0,-1474.0,0.03177501745166472
GASOIL,2011-05-31,2011-05-31,2011-05-31,29761.0,7936.0,0.04545633048432507
GASOIL,2011-06-07,2011-06-07,2011-06-07,34602.0,4841.0,-0.006501128085119046
GASOIL,2011-06-14,2011-06-14,2011-06-14,41322.0,6720.0,0.03461440302420826
GASOIL,2011-06-21,2011-06-21,2011-06-21,31143.0,-10179.0,-0.0739916637813266
GASOIL,2011-06-28,2011-06-28,2011-06-28,22015.0,-9128.0,-0.033667639017601
GASOIL,2011-07-05,2011-07-05,2011-07-05,30208.0,8193.0,0.042036248763561546
GASOIL,2011-07-12,2011-07-12,2011-07-12,45423.0,15215.0,0.036865680767703135
GASOIL,2011-07-19,2011-07-19,2011-07-19,51503.0,6080.0,0.009264090959797966
GASOIL,2011-07-26,2011-07-26,2011-07-26,56338.0,4835.0,0.002558200423038226
GASOIL,2011-08-02,2011-08-02,2011-08-02,63709.0,7371.0,-0.01129978214664118
GASOIL,2011-08-09,2011-08-09,2011-08-09,43524.0,-20185.0,-0.08954766128568514
GASOIL,2011-08-16,2011-08-16,2011-08-16,32884.0,-10640.0,0.04577584387650946
GASOIL,2011-08-23,2011-08-23,2011-08-23,34210.0,1326.0,0.0034979182712360224
GASOIL,2011-08-30,2011-08-30,2011-08-30,48592.0,14382.0,0.0449071120594281
GASOIL,2011-09-06,2011-09-06,2011-09-06,56457.0,7865.0,-0.03381268253543179
GASOIL,2011-09-13,2011-09-13,2011-09-13,56586.0,129.0,-0.013959958249433413
GASOIL,2011-09-20,2011-09-20,2011-09-20,61438.0,4852.0,0.01529204849569965
GASOIL,2011-09-27,2011-09-27,2011-09-27,39793.0,-21645.0,-0.03494870104525122
GASOIL,2011-10-04,2011-10-04,2011-10-04,26071.0,-13722.0,-0.04839666133332021
GASOIL,2011-10-11,2011-10-11,2011-10-11,30998.0,4927.0,0.05127875939819743
GASOIL,2011-10-18,2011-10-18,2011-10-18,55390.0,24392.0,0.03393837323839266
GASOIL,2011-10-25,2011-10-25,2011-10-25,60701.0,5311.0,0.02165386956881099
GASOIL,2011-11-01,2011-11-01,2011-11-01,61446.0,745.0,-0.020482868253134057
GASOIL,2011-11-08,2011-11-08,2011-11-08,57384.0,-4062.0,0.05562819165918098
GASOIL,2011-11-15,2011-11-15,2011-11-15,55441.0,-1943.0,0.014443428583946427
GASOIL,2011-11-22,2011-11-22,2011-11-22,53189.0,-2252.0,-0.04292063117717637
GASOIL,2011-11-29,2011-11-29,2011-11-29,57905.0,4716.0,0.010449415874341117
GASOIL,2011-12-06,2011-12-06,2011-12-06,62052.0,4147.0,-0.003972574149327945
GASOIL,2011-12-13,2011-12-13,2011-12-13,49525.0,-12527.0,-0.018066378734370114
GASOIL,2011-12-20,2011-12-20,2011-12-20,35038.0,-14487.0,-0.032977507995072486
GASOIL,2011-12-27,2011-12-27,2011-12-27,38694.0,3656.0,0.0243614073042816
GASOIL,2012-01-03,2012-01-03,2012-01-03,46452.0,7758.0,0.03029669697591819
GASOIL,2012-01-10,2012-01-10,2012-01-10,69099.0,22647.0,0.028376236860630955
GASOIL,2012-01-17,2012-01-17,2012-01-17,68008.0,-1091.0,-0.022058763888565647
GASOIL,2012-01-24,2012-01-24,2012-01-24,67116.0,-892.0,-0.011612693181819012
GASOIL,2012-01-31,2012-01-31,2012-01-31,64605.0,-2511.0,0.007932352539761545
GASOIL,2012-02-07,2012-02-07,2012-02-07,75069.0,10464.0,0.04604130622629177
GASOIL,2012-02-14,2012-02-14,2012-02-14,74106.0,-963.0,-0.002265006630852273
GASOIL,2012-02-21,2012-02-21,2012-02-21,71049.0,-3057.0,0.02143651376644784
GASOIL,2012-02-28,2012-02-28,2012-02-28,79470.0,8421.0,0.008349753815128924
GASOIL,2012-03-06,2012-03-06,2012-03-06,82271.0,2801.0,-0.013795360122510703
GASOIL,2012-03-13,2012-03-13,2012-03-13,81167.0,-1104.0,0.02664217214278397
GASOIL,2012-03-20,2012-03-20,2012-03-20,79258.0,-1909.0,-0.00435098583432636
GASOIL,2012-03-27,2012-03-27,2012-03-27,84146.0,4888.0,-0.0060746147192124456
GASOIL,2012-04-03,2012-04-03,2012-04-03,80446.0,-3700.0,0.008020144456461376
GASOIL,2012-04-10,2012-04-10,2012-04-10,63059.0,-17387.0,-0.03871769503402278
GASOIL,2012-04-17,2012-04-17,2012-04-17,63546.0,487.0,1.1102230246251565e-16
GASOIL,2012-04-24,2012-04-24,2012-04-24,73064.0,9518.0,0.0017585734967980882
GASOIL,2012-05-01,2012-05-01,2012-05-01,79877.0,6813.0,0.018434182483505923
GASOIL,2012-05-08,2012-05-08,2012-05-08,59452.0,-20425.0,-0.07287141950450471
GASOIL,2012-05-15,2012-05-15,2012-05-15,48891.0,-10561.0,-0.007480665395148023
GASOIL,2012-05-22,2012-05-22,2012-05-22,40296.0,-8595.0,-0.015675996681986604
GASOIL,2012-05-29,2012-05-29,2012-05-29,31728.0,-8568.0,-0.0073821251169852165
GASOIL,2012-06-05,2012-06-05,2012-06-05,27305.0,-4423.0,-0.07237867059295777
GASOIL,2012-06-12,2012-06-12,2012-06-12,27852.0,547.0,0.0029594576202002787
GASOIL,2012-06-19,2012-06-19,2012-06-19,26731.0,-1121.0,-0.0011827322490494674
GASOIL,2012-06-26,2012-06-26,2012-06-26,20849.0,-5882.0,-0.031557840407712145
GASOIL,2012-07-03,2012-07-03,2012-07-03,27002.0,6153.0,0.07265171014067384
GASOIL,2012-07-10,2012-07-10,2012-07-10,28235.0,1233.0,-0.006305552563276973
GASOIL,2012-07-17,2012-07-17,2012-07-17,30252.0,2017.0,0.02834656915443573
GASOIL,2012-07-24,2012-07-24,2012-07-24,37801.0,7549.0,-0.0070116680476374205
GASOIL,2012-07-31,2012-07-31,2012-07-31,38148.0,347.0,0.020061971267748113
GASOIL,2012-08-07,2012-08-07,2012-08-07,41715.0,3567.0,0.0431799404544716
GASOIL,2012-08-14,2012-08-14,2012-08-14,54719.0,13004.0,0.01155475040542342
GASOIL,2012-08-21,2012-08-21,2012-08-21,65805.0,11086.0,0.03211579802706266
GASOIL,2012-08-28,2012-08-28,2012-08-28,77081.0,11276.0,-0.009909876551353336
GASOIL,2012-09-04,2012-09-04,2012-09-04,87056.0,9975.0,0.018722396801747032
GASOIL,2012-09-11,2012-09-11,2012-09-11,93216.0,6160.0,-0.0005017561570397344
GASOIL,2012-09-18,2012-09-18,2012-09-18,91490.0,-1726.0,-0.007809587493753156
GASOIL,2012-09-25,2012-09-25,2012-09-25,82688.0,-8802.0,-0.011446137937607404
GASOIL,2012-10-02,2012-10-02,2012-10-02,86894.0,4206.0,0.0022915479595477795
GASOIL,2012-10-09,2012-10-09,2012-10-09,88536.0,1642.0,0.01655877855205523
GASOIL,2012-10-16,2012-10-16,2012-10-16,94374.0,5838.0,0.013800244104405612
GASOIL,2012-10-23,2012-10-23,2012-10-23,75883.0,-18491.0,-0.04955048304140053
GASOIL,2012-10-30,2012-10-30,2012-10-30,73368.0,-2515.0,0.009122961748795455
GASOIL,2012-11-06,2012-11-06,2012-11-06,58438.0,-14930.0,-0.01924380246210433
GASOIL,2012-11-13,2012-11-13,2012-11-13,48527.0,-9911.0,-0.014516383941124422
GASOIL,2012-11-20,2012-11-20,2012-11-20,55212.0,6685.0,0.023020288496925834
GASOIL,2012-11-27,2012-11-27,2012-11-27,56877.0,1665.0,-0.004774544879152409
GASOIL,2012-12-04,2012-12-04,2012-12-04,58017.0,1140.0,-0.006085537519268103
GASOIL,2012-12-11,2012-12-11,2012-12-11,40407.0,-17610.0,-0.032256489477015426
GASOIL,2012-12-18,2012-12-18,2012-12-18,39619.0,-788.0,0.022607526918183574
GASOIL,2012-12-25,2012-12-25,2012-12-24,49416.0,9797.0,-0.0008082985755991645
GASOIL,2013-01-01,2013-01-01,2012-12-31,52225.0,2809.0,-0.0005392289157352126
GASOIL,2013-01-08,2013-01-08,2013-01-08,56871.0,4646.0,0.020817405083522367
GASOIL,2013-01-15,2013-01-15,2013-01-15,62280.0,5409.0,0.014943258795575454
GASOIL,2013-01-22,2013-01-22,2013-01-22,66819.0,4539.0,0.009324076875123488
GASOIL,2013-01-29,2013-01-29,2013-01-29,77270.0,10451.0,0.016871565840007485
GASOIL,2013-02-05,2013-02-05,2013-02-05,91066.0,13796.0,0.02322080623167244
GASOIL,2013-02-12,2013-02-12,2013-02-12,106148.0,15082.0,0.009464578745712826
GASOIL,2013-02-19,2013-02-19,2013-02-19,117331.0,11183.0,-0.008714109667338765
GASOIL,2013-02-26,2013-02-26,2013-02-26,105789.0,-11542.0,-0.04396312342111597
GASOIL,2013-03-05,2013-03-05,2013-03-05,80461.0,-25328.0,-0.03184837101735383
GASOIL,2013-03-12,2013-03-12,2013-03-12,70844.0,-9617.0,-0.0035101966648488636
GASOIL,2013-03-19,2013-03-19,2013-03-19,59407.0,-11437.0,-0.026587834492430518
GASOIL,2013-03-26,2013-03-26,2013-03-26,45935.0,-13472.0,0.0022197567383129835
GASOIL,2013-04-02,2013-04-02,2013-04-02,46094.0,159.0,0.030255310870135665
GASOIL,2013-04-09,2013-04-09,2013-04-09,32764.0,-13330.0,-0.055677095511179275
GASOIL,2013-04-16,2013-04-16,2013-04-16,19082.0,-13682.0,-0.05386253070658337
GASOIL,2013-04-23,2013-04-23,2013-04-23,3164.0,-15918.0,0.004476951217387559
GASOIL,2013-04-30,2013-04-30,2013-04-30,-7329.0,-10493.0,0.007417331143222239
GASOIL,2013-05-07,2013-05-07,2013-05-07,-9933.0,-2604.0,0.025560496979534997
GASOIL,2013-05-14,2013-05-14,2013-05-14,-14743.0,-4810.0,-0.012698583337127256
GASOIL,2013-05-21,2013-05-21,2013-05-21,-8970.0,5773.0,0.01727655985896326
GASOIL,2013-05-28,2013-05-28,2013-05-28,-7851.0,1119.0,1.1102230246251565e-16
GASOIL,2013-06-04,2013-06-04,2013-06-04,-8357.0,-506.0,-0.022530186224052007
GASOIL,2013-06-11,2013-06-11,2013-06-11,-3072.0,5285.0,0.0008747631407792777
GASOIL,2013-06-18,2013-06-18,2013-06-18,26176.0,29248.0,0.03999390473599862
GASOIL,2013-06-25,2013-06-25,2013-06-25,18512.0,-7664.0,-0.024090721514482105
GASOIL,2013-07-02,2013-07-02,2013-07-02,25333.0,6821.0,0.014247000450971048
GASOIL,2013-07-09,2013-07-09,2013-07-09,42122.0,16789.0,0.033873077466194945
GASOIL,2013-07-16,2013-07-16,2013-07-16,55330.0,13208.0,0.012582222883572358
GASOIL,2013-07-23,2013-07-23,2013-07-23,62644.0,7314.0,-2.220446049250313e-16
GASOIL,2013-07-30,2013-07-30,2013-07-30,61387.0,-1257.0,-0.012857515383590479
GASOIL,2013-08-06,2013-08-06,2013-08-06,58883.0,-2504.0,0.0019274901049546322
GASOIL,2013-08-13,2013-08-13,2013-08-13,57653.0,-1230.0,0.01712230986637553
GASOIL,2013-08-20,2013-08-20,2013-08-20,65584.0,7931.0,0.011786903137637528
GASOIL,2013-08-27,2013-08-27,2013-08-27,75577.0,9993.0,0.02420533855406004
GASOIL,2013-09-03,2013-09-03,2013-09-03,83360.0,7783.0,-0.0007824140557830539
GASOIL,2013-09-10,2013-09-10,2013-09-10,83101.0,-259.0,-0.022632544990875192
GASOIL,2013-09-17,2013-09-17,2013-09-17,80183.0,-2918.0,-0.014477464660355932
GASOIL,2013-09-24,2013-09-24,2013-09-24,62086.0,-18097.0,-0.021564913750742654
GASOIL,2013-10-01,2013-10-01,2013-10-01,59895.0,-2191.0,-8.471822416256103e-06
GASOIL,2013-10-08,2013-10-08,2013-10-08,70200.0,10305.0,0.03287892952832938
GASOIL,2013-10-15,2013-10-15,2013-10-15,70134.0,-66.0,0.00533192412219019
GASOIL,2013-10-22,2013-10-22,2013-10-22,76191.0,6057.0,-0.003996275466302546
GASOIL,2013-10-29,2013-10-29,2013-10-29,65105.0,-11086.0,-0.006427445801837739
GASOIL,2013-11-05,2013-11-05,2013-11-05,53148.0,-11957.0,-0.02695187584358505
GASOIL,2013-11-12,2013-11-12,2013-11-12,41102.0,-12046.0,-0.003068770716298408
GASOIL,2013-11-19,2013-11-19,2013-11-19,52366.0,11264.0,0.01772408624253785
GASOIL,2013-11-26,2013-11-26,2013-11-26,72672.0,20306.0,0.03638725105289109
GASOIL,2013-12-03,2013-12-03,2013-12-03,82672.0,10000.0,0.003436396510008377
GASOIL,2013-12-10,2013-12-10,2013-12-10,88919.0,6247.0,-0.01998734092461263
GASOIL,2013-12-17,2013-12-17,2013-12-17,66979.0,-21940.0,-0.010009551987593346
GASOIL,2013-12-24,2013-12-24,2013-12-24,78903.0,11924.0,0.026560917548190677
GASOIL,2013-12-31,2013-12-31,2013-12-31,86156.0,7253.0,-1.1102230246251565e-16
GASOIL,2014-01-07,2014-01-07,2014-01-07,60300.0,-25856.0,-0.03725127063112621
GASOIL,2014-01-14,2014-01-14,2014-01-14,47498.0,-12802.0,-0.009672591648494322
GASOIL,2014-01-21,2014-01-21,2014-01-21,49499.0,2001.0,0.02061361982670229
GASOIL,2014-01-28,2014-01-28,2014-01-28,52579.0,3080.0,-0.001633542426961787
GASOIL,2014-02-04,2014-02-04,2014-02-04,45456.0,-7123.0,-0.01157361757740194
GASOIL,2014-02-11,2014-02-11,2014-02-11,52635.0,7179.0,0.019492724260727234
GASOIL,2014-02-18,2014-02-18,2014-02-18,64256.0,11621.0,0.014575156802968059
GASOIL,2014-02-25,2014-02-25,2014-02-25,77786.0,13530.0,-0.008341229581078413
GASOIL,2014-03-04,2014-03-04,2014-03-04,73511.0,-4275.0,-0.005420078263923878
GASOIL,2014-03-11,2014-03-11,2014-03-11,49706.0,-23805.0,-0.012058244213931535
GASOIL,2014-03-18,2014-03-18,2014-03-18,33727.0,-15979.0,-0.016961340859816598
GASOIL,2014-03-25,2014-03-25,2014-03-25,36573.0,2846.0,0.01059982030514306
GASOIL,2014-04-01,2014-04-01,2014-04-01,32908.0,-3665.0,-0.009197106701461788
GASOIL,2014-04-08,2014-04-08,2014-04-08,32511.0,-397.0,-0.0022402697692164297
GASOIL,2014-04-15,2014-04-15,2014-04-15,51565.0,19054.0,0.02873919813794268
GASOIL,2014-04-22,2014-04-22,2014-04-22,68986.0,17421.0,0.003263532948230896
GASOIL,2014-04-29,2014-04-29,2014-04-29,73313.0,4327.0,-0.0005431830660439507
GASOIL,2014-05-06,2014-05-06,2014-05-06,59059.0,-14254.0,-0.022538139477285002
GASOIL,2014-05-13,2014-05-13,2014-05-13,61619.0,2560.0,0.00942618568054543
GASOIL,2014-05-20,2014-05-20,2014-05-20,68954.0,7335.0,0.0035807778241190302
GASOIL,2014-05-27,2014-05-27,2014-05-27,74601.0,5647.0,0.003019906207232914
GASOIL,2014-06-03,2014-06-03,2014-06-03,44342.0,-30259.0,-0.03004049258241759
GASOIL,2014-06-10,2014-06-10,2014-06-10,32309.0,-12033.0,0.0014094435032335761
GASOIL,2014-06-17,2014-06-17,2014-06-17,61182.0,28873.0,0.0475821914032557
GASOIL,2014-06-24,2014-06-24,2014-06-24,76145.0,14963.0,0.0056247637247655025
GASOIL,2014-07-01,2014-07-01,2014-07-01,74814.0,-1331.0,-0.023508071108626738
GASOIL,2014-07-08,2014-07-08,2014-07-08,53885.0,-20929.0,-0.03069506846260328
GASOIL,2014-07-15,2014-07-15,2014-07-15,34101.0,-19784.0,-0.018994192583775993
GASOIL,2014-07-22,2014-07-22,2014-07-22,20643.0,-13458.0,0.010250659233340453
GASOIL,2014-07-29,2014-07-29,2014-07-29,23268.0,2625.0,0.012946986366062174
GASOIL,2014-08-05,2014-08-05,2014-08-05,24176.0,908.0,-0.02715764589324221
GASOIL,2014-08-12,2014-08-12,2014-08-12,19804.0,-4372.0,0.0025754771712149793
GASOIL,2014-08-19,2014-08-19,2014-08-19,11264.0,-8540.0,-0.021959853837502985
GASOIL,2014-08-26,2014-08-26,2014-08-26,7623.0,-3641.0,0.009883801391439406
GASOIL,2014-09-02,2014-09-02,2014-09-02,5032.0,-2591.0,-0.011876534927056315
GASOIL,2014-09-09,2014-09-09,2014-09-09,8180.0,3148.0,-0.009076332254197128
GASOIL,2014-09-16,2014-09-16,2014-09-16,-1664.0,-9844.0,-0.018104070660598104
GASOIL,2014-09-23,2014-09-23,2014-09-23,-6272.0,-4608.0,-0.028247891869117858
GASOIL,2014-09-30,2014-09-30,2014-09-30,-15338.0,-9066.0,-0.0074211843376168485
GASOIL,2014-10-07,2014-10-07,2014-10-07,-15613.0,-275.0,-0.035257035454653696
GASOIL,2014-10-14,2014-10-14,2014-10-14,-13142.0,2471.0,-0.04455371644407691
GASOIL,2014-10-21,2014-10-21,2014-10-21,-7259.0,5883.0,-0.014170277593229919
GASOIL,2014-10-28,2014-10-28,2014-10-28,-8454.0,-1195.0,0.0054219041667367684
GASOIL,2014-11-04,2014-11-04,2014-11-04,-8402.0,52.0,-0.018432379516583886
GASOIL,2014-11-11,2014-11-11,2014-11-11,-1395.0,7007.0,-0.003105056833200559
GASOIL,2014-11-18,2014-11-18,2014-11-18,487.0,1882.0,-0.035881443309166206
GASOIL,2014-11-25,2014-11-25,2014-11-25,743.0,256.0,-0.0053869765754636645
GASOIL,2014-12-02,2014-12-02,2014-12-02,11200.0,10457.0,-0.07794076399161684
GASOIL,2014-12-09,2014-12-09,2014-12-09,17135.0,5935.0,-0.05750327710508313
GASOIL,2014-12-16,2014-12-16,2014-12-16,15560.0,-1575.0,-0.09183938878190037
GASOIL,2014-12-23,2014-12-23,2014-12-23,14376.0,-1184.0,-0.0009078529901797167
GASOIL,2014-12-30,2014-12-30,2014-12-30,16516.0,2140.0,-0.04600114157992549
GASOIL,2015-01-06,2015-01-06,2015-01-06,14264.0,-2252.0,-0.07566687385188355
GASOIL,2015-01-13,2015-01-13,2015-01-13,20131.0,5867.0,-0.07916104000511315
GASOIL,2015-01-20,2015-01-20,2015-01-20,17237.0,-2894.0,0.03431972209530927
GASOIL,2015-01-27,2015-01-27,2015-01-27,22974.0,5737.0,0.0021063725534150035
GASOIL,2015-02-03,2015-02-03,2015-02-03,32342.0,9368.0,0.12104288295948896
GASOIL,2015-02-10,2015-02-10,2015-02-10,39047.0,6705.0,0.033091254626328406
GASOIL,2015-02-17,2015-02-17,2015-02-17,44292.0,5245.0,0.042050895531528396
GASOIL,2015-02-24,2015-02-24,2015-02-24,48771.0,4479.0,0.004325266258622673
GASOIL,2015-03-03,2015-03-03,2015-03-03,54360.0,5589.0,0.01824608689394619
GASOIL,2015-03-10,2015-03-10,2015-03-10,50981.0,-3379.0,-0.055681271078046254
GASOIL,2015-03-17,2015-03-17,2015-03-17,37095.0,-13886.0,-0.06971297887953042
GASOIL,2015-03-24,2015-03-24,2015-03-24,29432.0,-7663.0,0.027611344775586508
GASOIL,2015-03-31,2015-03-31,2015-03-31,32515.0,3083.0,0.006191970247921008
GASOIL,2015-04-07,2015-04-07,2015-04-07,35075.0,2560.0,0.02915110037714721
GASOIL,2015-04-14,2015-04-14,2015-04-14,41553.0,6478.0,0.011518210731863973
GASOIL,2015-04-21,2015-04-21,2015-04-21,49979.0,8426.0,0.04303667269574035
GASOIL,2015-04-28,2015-04-28,2015-04-28,55373.0,5394.0,0.028974999967736476
GASOIL,2015-05-05,2015-05-05,2015-05-05,69750.0,14377.0,0.05312452373901244
GASOIL,2015-05-12,2015-05-12,2015-05-12,77552.0,7802.0,-0.018356623950260526
GASOIL,2015-05-19,2015-05-19,2015-05-19,80086.0,2534.0,-0.02332467256640894
GASOIL,2015-05-26,2015-05-26,2015-05-26,76590.0,-3496.0,-0.013576788944852841
GASOIL,2015-06-02,2015-06-02,2015-06-02,76080.0,-510.0,0.019453864782901426
GASOIL,2015-06-09,2015-06-09,2015-06-09,60194.0,-15886.0,-0.014334140875291418
GASOIL,2015-06-16,2015-06-16,2015-06-16,53146.0,-7048.0,-0.018860396176137467
GASOIL,2015-06-23,2015-06-23,2015-06-23,53799.0,653.0,0.009474661747049501
GASOIL,2015-06-30,2015-06-30,2015-06-30,47969.0,-5830.0,-0.016422149526784377
GASOIL,2015-07-07,2015-07-07,2015-07-07,27219.0,-20750.0,-0.10131777264086761
GASOIL,2015-07-14,2015-07-14,2015-07-14,16913.0,-10306.0,0.01667102195995098
GASOIL,2015-07-21,2015-07-21,2015-07-21,-4433.0,-21346.0,-0.03460220265796307
GASOIL,2015-07-28,2015-07-28,2015-07-28,-6119.0,-1686.0,-0.03129135358696879
GASOIL,2015-08-04,2015-08-04,2015-08-04,-2172.0,3947.0,-0.04779284885119083
GASOIL,2015-08-11,2015-08-11,2015-08-11,-3835.0,-1663.0,-0.01002911546919949
GASOIL,2015-08-18,2015-08-18,2015-08-18,-2182.0,1653.0,-0.0005306447458027497
GASOIL,2015-08-25,2015-08-25,2015-08-25,-1751.0,431.0,-0.09049165892476896
GASOIL,2015-09-01,2015-09-01,2015-09-01,20943.0,22694.0,0.11314764845396987
GASOIL,2015-09-08,2015-09-08,2015-09-08,33713.0,12770.0,-0.0030848353512102356
GASOIL,2015-09-15,2015-09-15,2015-09-15,23720.0,-9993.0,-0.060495896837174865
GASOIL,2015-09-22,2015-09-22,2015-09-22,17355.0,-6365.0,0.00599947259022568
GASOIL,2015-09-29,2015-09-29,2015-09-29,15644.0,-1711.0,0.011354542102925982
GASOIL,2015-10-06,2015-10-06,2015-10-06,15891.0,247.0,0.04643335404645711
GASOIL,2015-10-13,2015-10-13,2015-10-13,3019.0,-12872.0,-0.07242265556206945
GASOIL,2015-10-20,2015-10-20,2015-10-20,-11645.0,-14664.0,-0.02948753285144326
GASOIL,2015-10-27,2015-10-27,2015-10-27,-24151.0,-12506.0,-0.02689718655919518
GASOIL,2015-11-03,2015-11-03,2015-11-03,-10784.0,13367.0,0.07518043766914656
GASOIL,2015-11-10,2015-11-10,2015-11-10,-13623.0,-2839.0,-0.036328201884794936
GASOIL,2015-11-17,2015-11-17,2015-11-17,-24075.0,-10452.0,-0.06737707575027815
GASOIL,2015-11-24,2015-11-24,2015-11-24,-21262.0,2813.0,0.02450531024782418
GASOIL,2015-12-01,2015-12-01,2015-12-01,-46965.0,-25703.0,-0.07351793537193427
GASOIL,2015-12-08,2015-12-08,2015-12-08,-44160.0,2805.0,-0.08009361509839552
GASOIL,2015-12-15,2015-12-15,2015-12-15,-45004.0,-844.0,-0.0885166306079812
GASOIL,2015-12-22,2015-12-22,2015-12-22,-39808.0,5196.0,-0.033826754562814976
GASOIL,2015-12-29,2015-12-29,2015-12-29,-41304.0,-1496.0,0.02072613051711686
GASOIL,2016-01-05,2016-01-05,2016-01-05,-45260.0,-3956.0,-0.037499788553845614
GASOIL,2016-01-12,2016-01-12,2016-01-12,-36016.0,9244.0,-0.14087614861856218
GASOIL,2016-01-19,2016-01-19,2016-01-19,-33948.0,2068.0,-0.07819256838537503
GASOIL,2016-01-26,2016-01-26,2016-01-26,-17610.0,16338.0,0.04429101670969382
GASOIL,2016-02-02,2016-02-02,2016-02-02,-15979.0,1631.0,0.0307407430385922
GASOIL,2016-02-09,2016-02-09,2016-02-09,-8860.0,7119.0,-0.010919890114022057
GASOIL,2016-02-16,2016-02-16,2016-02-16,-1274.0,7586.0,0.03240832024322138
GASOIL,2016-02-23,2016-02-23,2016-02-23,2168.0,3442.0,-0.0123407571924119
GASOIL,2016-03-01,2016-03-01,2016-03-01,5556.0,3388.0,0.06730270223341428
GASOIL,2016-03-08,2016-03-08,2016-03-08,10913.0,5357.0,0.10261702971207554
GASOIL,2016-03-15,2016-03-15,2016-03-15,13748.0,2835.0,-0.03922071315328135
GASOIL,2016-03-22,2016-03-22,2016-03-22,18784.0,5036.0,0.0663226429310727
GASOIL,2016-03-29,2016-03-29,2016-03-29,12716.0,-6068.0,-0.09090811840368718
GASOIL,2016-04-05,2016-04-05,2016-04-05,-1772.0,-14488.0,-0.07640127575751432
GASOIL,2016-04-12,2016-04-12,2016-04-12,11895.0,13667.0,0.16283186957230505
GASOIL,2016-04-19,2016-04-19,2016-04-19,28439.0,16544.0,0.00662692948760879
GASOIL,2016-04-26,2016-04-26,2016-04-26,37890.0,9451.0,0.047720207809687
GASOIL,2016-05-03,2016-05-03,2016-05-03,37906.0,16.0,-0.006203874343763349
GASOIL,2016-05-10,2016-05-10,2016-05-10,33655.0,-4251.0,-0.0018981340719569917
GASOIL,2016-05-17,2016-05-17,2016-05-17,44831.0,11176.0,0.10168054195983833
GASOIL,2016-05-24,2016-05-24,2016-05-24,56565.0,11734.0,0.02318452729323839
GASOIL,2016-05-31,2016-05-31,2016-05-31,56952.0,387.0,0.013877547166362858
GASOIL,2016-06-07,2016-06-07,2016-06-07,63418.0,6466.0,0.006042314455962622
GASOIL,2016-06-14,2016-06-14,2016-06-14,59612.0,-3806.0,-0.02889089828538885
GASOIL,2016-06-21,2016-06-21,2016-06-21,59119.0,-493.0,0.005621150270429809
GASOIL,2016-06-28,2016-06-28,2016-06-28,58332.0,-787.0,-0.04002821398222961
GASOIL,2016-07-05,2016-07-05,2016-07-05,45446.0,-12886.0,-0.018996151451741494
GASOIL,2016-07-12,2016-07-12,2016-07-12,50813.0,5367.0,-0.0011799411398485948
GASOIL,2016-07-19,2016-07-19,2016-07-19,38250.0,-12563.0,-0.034227297840864535
GASOIL,2016-07-26,2016-07-26,2016-07-26,28208.0,-10042.0,-0.057841388039289066
GASOIL,2016-08-02,2016-08-02,2016-08-02,-2962.0,-31170.0,-0.07536336810626343
GASOIL,2016-08-09,2016-08-09,2016-08-09,-6650.0,-3688.0,0.07538266958572254
GASOIL,2016-08-16,2016-08-16,2016-08-16,13101.0,19751.0,0.08833746125768671
GASOIL,2016-08-23,2016-08-23,2016-08-23,43649.0,30548.0,0.026468748896166128
GASOIL,2016-08-30,2016-08-30,2016-08-30,52069.0,8420.0,-0.02821955179451885
GASOIL,2016-09-06,2016-09-06,2016-09-06,26462.0,-25607.0,-0.04886743416386008
GASOIL,2016-09-13,2016-09-13,2016-09-13,26312.0,-150.0,0.007843177461025863
GASOIL,2016-09-20,2016-09-20,2016-09-20,14118.0,-12194.0,-0.006632523560129777
GASOIL,2016-09-27,2016-09-27,2016-09-27,9412.0,-4706.0,-0.007895577002780041
GASOIL,2016-10-04,2016-10-04,2016-10-04,38736.0,29324.0,0.10793013695498299
GASOIL,2016-10-11,2016-10-11,2016-10-11,64702.0,25966.0,0.02747277547081417
GASOIL,2016-10-18,2016-10-18,2016-10-18,73391.0,8689.0,-0.022569469542293774
GASOIL,2016-10-25,2016-10-25,2016-10-25,71770.0,-1621.0,0.005420067469339096
GASOIL,2016-11-01,2016-11-01,2016-11-01,58036.0,-13734.0,-0.057838712026001826
GASOIL,2016-11-08,2016-11-08,2016-11-08,31361.0,-26675.0,-0.03963222638466629
GASOIL,2016-11-15,2016-11-15,2016-11-15,3833.0,-27528.0,-0.008358257614201337
GASOIL,2016-11-22,2016-11-22,2016-11-22,15924.0,12091.0,0.06554970037096969
GASOIL,2016-11-29,2016-11-29,2016-11-29,27086.0,11162.0,-0.04537097415634239
GASOIL,2016-12-06,2016-12-06,2016-12-06,56316.0,29230.0,0.10224496600812066
GASOIL,2016-12-13,2016-12-13,2016-12-13,62628.0,6312.0,0.03056440973613364
GASOIL,2016-12-20,2016-12-20,2016-12-20,71859.0,9231.0,0.0030565484825489653
GASOIL,2016-12-27,2016-12-27,2016-12-27,78001.0,6142.0,0.01914416149764367
GASOIL,2017-01-03,2017-01-03,2017-01-03,83289.0,5288.0,-0.01245966779105398
GASOIL,2017-01-10,2017-01-10,2017-01-10,79096.0,-4193.0,-0.041469981081530605
GASOIL,2017-01-17,2017-01-17,2017-01-17,85035.0,5939.0,0.025801224836208086
GASOIL,2017-01-24,2017-01-24,2017-01-24,82742.0,-2293.0,-0.004595361673733034
GASOIL,2017-01-31,2017-01-31,2017-01-31,89997.0,7255.0,0.010689844732494375
GASOIL,2017-02-07,2017-02-07,2017-02-07,100719.0,10722.0,-0.01671348097374062
GASOIL,2017-02-14,2017-02-14,2017-02-14,112271.0,11552.0,0.015708455763516593
GASOIL,2017-02-21,2017-02-21,2017-02-21,117518.0,5247.0,0.00900906994236586
GASOIL,2017-02-28,2017-02-28,2017-02-28,109354.0,-8164.0,-0.025228381400261984
GASOIL,2017-03-07,2017-03-07,2017-03-07,98812.0,-10542.0,-0.0020345886977877203
GASOIL,2017-03-14,2017-03-14,2017-03-14,71128.0,-27684.0,-0.0916508953795355
GASOIL,2017-03-21,2017-03-21,2017-03-21,57262.0,-13866.0,0.011650617219975345
GASOIL,2017-03-28,2017-03-28,2017-03-28,50724.0,-6538.0,0.014239013849470017
GASOIL,2017-04-04,2017-04-04,2017-04-04,65549.0,14825.0,0.0378279385583844
GASOIL,2017-04-11,2017-04-11,2017-04-11,98368.0,32819.0,0.031846553651851406
GASOIL,2017-04-18,2017-04-18,2017-04-18,118199.0,19831.0,-0.006593987879295937
GASOIL,2017-04-25,2017-04-25,2017-04-25,103916.0,-14283.0,-0.05760754926182615
GASOIL,2017-05-02,2017-05-02,2017-05-02,60913.0,-43003.0,-0.03673545108145915
GASOIL,2017-05-09,2017-05-09,2017-05-09,26571.0,-34342.0,-0.03171273679340397
GASOIL,2017-05-16,2017-05-16,2017-05-16,21333.0,-5238.0,0.052673239408738304
GASOIL,2017-05-23,2017-05-23,2017-05-23,55323.0,33990.0,0.04483141329673018
GASOIL,2017-05-30,2017-05-30,2017-05-30,66367.0,11044.0,-0.047017206516710486
GASOIL,2017-06-06,2017-06-06,2017-06-06,29995.0,-36372.0,-0.06320490094900555
GASOIL,2017-06-13,2017-06-13,2017-06-13,4890.0,-25105.0,-0.00760015350821458
GASOIL,2017-06-20,2017-06-20,2017-06-20,9012.0,4122.0,-0.03159726346913311
GASOIL,2017-06-27,2017-06-27,2017-06-27,6142.0,-2870.0,0.02512093821300737
GASOIL,2017-07-04,2017-07-04,2017-07-03,31125.0,24983.0,0.0652046205644683
GASOIL,2017-07-11,2017-07-11,2017-07-11,53942.0,22817.0,-0.03955317838602179
GASOIL,2017-07-18,2017-07-18,2017-07-18,70990.0,17048.0,0.028411001832779947
GASOIL,2017-07-25,2017-07-25,2017-07-25,94029.0,23039.0,0.034144285985500455
GASOIL,2017-08-01,2017-08-01,2017-08-01,129617.0,35588.0,0.0454738872520965
GASOIL,2017-08-08,2017-08-08,2017-08-08,137373.0,7756.0,0.0036260075988731044
GASOIL,2017-08-15,2017-08-15,2017-08-15,134813.0,-2560.0,-0.025132212819836852
GASOIL,2017-08-22,2017-08-22,2017-08-22,125382.0,-9431.0,0.004760654323124058
GASOIL,2017-08-29,2017-08-29,2017-08-29,128473.0,3091.0,0.02243767493418458
GASOIL,2017-09-05,2017-09-05,2017-09-05,156766.0,28293.0,0.06451098111279346
GASOIL,2017-09-12,2017-09-12,2017-09-12,169119.0,12353.0,0.005323022488914919
GASOIL,2017-09-19,2017-09-19,2017-09-19,171381.0,2262.0,0.0200675630508092
GASOIL,2017-09-26,2017-09-26,2017-09-26,176230.0,4849.0,0.033033941099507635
GASOIL,2017-10-03,2017-10-03,2017-10-03,180796.0,4566.0,-0.034404920936147304
GASOIL,2017-10-10,2017-10-10,2017-10-10,165188.0,-15608.0,0.007633624855071353
GASOIL,2017-10-17,2017-10-17,2017-10-17,162877.0,-2311.0,0.02116232278490976
GASOIL,2017-10-24,2017-10-24,2017-10-24,155188.0,-7689.0,-0.02116232278491001
GASOIL,2017-10-31,2017-10-31,2017-10-31,163003.0,7815.0,0.0464335964152047
GASOIL,2017-11-07,2017-11-07,2017-11-07,160953.0,-2050.0,0.027904600836777815
GASOIL,2017-11-14,2017-11-14,2017-11-14,160245.0,-708.0,-0.02289662314961924
GASOIL,2017-11-21,2017-11-21,2017-11-21,155082.0,-5163.0,0.014427662346520695
GASOIL,2017-11-28,2017-11-28,2017-11-28,157912.0,2830.0,0.012897666004391406
GASOIL,2017-12-05,2017-12-05,2017-12-05,146827.0,-11085.0,-0.017829700830196707
GASOIL,2017-12-12,2017-12-12,2017-12-12,161082.0,14255.0,0.0265855267654138
GASOIL,2017-12-19,2017-12-19,2017-12-19,163869.0,2787.0,-0.004821398776559502
GASOIL,2017-12-26,2017-12-26,2017-12-26,175558.0,11689.0,0.05138116398911851
GASOIL,2018-01-02,2018-01-02,2018-01-02,183732.0,8174.0,-0.0033309146792402725
GASOIL,2018-01-09,2018-01-09,2018-01-09,181971.0,-1761.0,0.013278203386077096
GASOIL,2018-01-16,2018-01-16,2018-01-16,183544.0,1573.0,0.013510952712197117
GASOIL,2018-01-23,2018-01-23,2018-01-23,192267.0,8723.0,0.004868163772417532
GASOIL,2018-01-30,2018-01-30,2018-01-30,197111.0,4844.0,-0.010168889741492253
GASOIL,2018-02-06,2018-02-06,2018-02-06,195342.0,-1769.0,-0.026888900216330995
GASOIL,2018-02-13,2018-02-13,2018-02-13,144954.0,-50388.0,-0.08849904677249765
GASOIL,2018-02-20,2018-02-20,2018-02-20,131957.0,-12997.0,0.0509038461391543
GASOIL,2018-02-27,2018-02-27,2018-02-27,152439.0,20482.0,0.034655874561629024
GASOIL,2018-03-06,2018-03-06,2018-03-06,135181.0,-17258.0,-0.038555293648425956
GASOIL,2018-03-13,2018-03-13,2018-03-13,140265.0,5084.0,-0.008752791109594718
GASOIL,2018-03-20,2018-03-20,2018-03-20,164470.0,24205.0,0.043017385083690726
GASOIL,2018-03-27,2018-03-27,2018-03-27,190747.0,26277.0,0.04043455105267478
GASOIL,2018-04-03,2018-04-03,2018-04-03,204623.0,13876.0,-0.009377482806066578
GASOIL,2018-04-10,2018-04-10,2018-04-10,205481.0,858.0,0.024662660962248534
GASOIL,2018-04-17,2018-04-17,2018-04-17,212246.0,6765.0,0.0031897953681004065
GASOIL,2018-04-24,2018-04-24,2018-04-24,209187.0,-3059.0,0.040184848910934066
GASOIL,2018-05-01,2018-05-01,2018-05-01,211674.0,2487.0,-0.006981160595463651
GASOIL,2018-05-08,2018-05-08,2018-05-08,214257.0,2583.0,0.00464576909917247
GASOIL,2018-05-15,2018-05-15,2018-05-15,214811.0,554.0,0.06069278117303689
GASOIL,2018-05-22,2018-05-22,2018-05-22,214947.0,136.0,0.021220001403216865
GASOIL,2018-05-29,2018-05-29,2018-05-29,210526.0,-4421.0,-0.0447591537123003
GASOIL,2018-06-05,2018-06-05,2018-06-05,196873.0,-13653.0,-0.020529184868974912
GASOIL,2018-06-12,2018-06-12,2018-06-12,186697.0,-10176.0,0.019293202934678844
GASOIL,2018-06-19,2018-06-19,2018-06-19,176089.0,-10608.0,-0.029659968842414036
GASOIL,2018-06-26,2018-06-26,2018-06-26,155660.0,-20429.0,-0.0061943674642734245
GASOIL,2018-07-03,2018-07-03,2018-07-03,151117.0,-4543.0,0.01927526829419108
GASOIL,2018-07-10,2018-07-10,2018-07-10,156359.0,5242.0,0.0310828243304051
GASOIL,2018-07-17,2018-07-17,2018-07-17,123010.0,-33349.0,-0.06986240239032109
GASOIL,2018-07-24,2018-07-24,2018-07-24,137398.0,14388.0,0.03649473319690828
GASOIL,2018-07-31,2018-07-31,2018-07-31,143511.0,6113.0,-0.002290077336727772
GASOIL,2018-08-07,2018-08-07,2018-08-07,144065.0,554.0,0.005311089874407829
GASOIL,2018-08-14,2018-08-14,2018-08-14,149313.0,5248.0,-0.009122070096577464
GASOIL,2018-08-21,2018-08-21,2018-08-21,142786.0,-6527.0,-0.004976086822921666
GASOIL,2018-08-28,2018-08-28,2018-08-28,165290.0,22504.0,0.048680521057650514
GASOIL,2018-09-04,2018-09-04,2018-09-04,169229.0,3939.0,0.01808718239532983
GASOIL,2018-09-11,2018-09-11,2018-09-11,154784.0,-14445.0,-0.01152335401502233
GASOIL,2018-09-18,2018-09-18,2018-09-18,142163.0,-12621.0,-0.007635012548038611
GASOIL,2018-09-25,2018-09-25,2018-09-25,147200.0,5037.0,0.041113922707994605
GASOIL,2018-10-02,2018-10-02,2018-10-02,142223.0,-4977.0,0.03881648219716055
GASOIL,2018-10-09,2018-10-09,2018-10-09,149677.0,7454.0,0.0036993484260112175
GASOIL,2018-10-16,2018-10-16,2018-10-16,137807.0,-11870.0,-0.04006699259688595
GASOIL,2018-10-23,2018-10-23,2018-10-23,135797.0,-2010.0,-0.01833619778860479
GASOIL,2018-10-30,2018-10-30,2018-10-30,133206.0,-2591.0,-0.0010681859659089354
GASOIL,2018-11-06,2018-11-06,2018-11-06,121170.0,-12036.0,-0.03960885366371199
GASOIL,2018-11-13,2018-11-13,2018-11-13,111492.0,-9678.0,-0.03950657574559452
GASOIL,2018-11-20,2018-11-20,2018-11-20,93036.0,-18456.0,-0.04153951844132339
GASOIL,2018-11-27,2018-11-27,2018-11-27,67042.0,-25994.0,-0.05792638930248023
GASOIL,2018-12-04,2018-12-04,2018-12-04,39916.0,-27126.0,0.007031984094590951
GASOIL,2018-12-11,2018-12-11,2018-12-11,24512.0,-15404.0,-0.03037873933887475
GASOIL,2018-12-18,2018-12-18,2018-12-18,16007.0,-8505.0,-0.05324800692544729
GASOIL,2018-12-25,2018-12-25,2018-12-24,14973.0,-1034.0,-0.031125327989626722
GASOIL,2019-01-01,2019-01-01,2018-12-31,2811.0,-12162.0,-0.006343031757433754
GASOIL,2019-01-08,2019-01-08,2019-01-08,6982.0,4171.0,0.06713295219986562
GASOIL,2019-01-15,2019-01-15,2019-01-15,14443.0,7461.0,0.018573580370406795
GASOIL,2019-01-22,2019-01-22,2019-01-22,20298.0,5855.0,0.014702871230795292
GASOIL,2019-01-29,2019-01-29,2019-01-29,29265.0,8967.0,0.012307847674596924
GASOIL,2019-02-05,2019-02-05,2019-02-05,39650.0,10385.0,0.013854781987374012
GASOIL,2019-02-12,2019-02-12,2019-02-12,54301.0,14651.0,0.008613317678114768
GASOIL,2019-02-19,2019-02-19,2019-02-19,67766.0,13465.0,0.04609110720026692
GASOIL,2019-02-26,2019-02-26,2019-02-26,85086.0,17320.0,0.008562743449888166
GASOIL,2019-03-05,2019-03-05,2019-03-05,100123.0,15037.0,0.0064171339719862885
GASOIL,2019-03-12,2019-03-12,2019-03-12,102083.0,1960.0,-0.012260063658341154
GASOIL,2019-03-19,2019-03-19,2019-03-19,89798.0,-12285.0,0.00205381053914867
GASOIL,2019-03-26,2019-03-26,2019-03-26,81045.0,-8753.0,-0.0008210181085161368
GASOIL,2019-04-02,2019-04-02,2019-04-02,70426.0,-10619.0,0.00772829916359484
GASOIL,2019-04-09,2019-04-09,2019-04-09,79031.0,8605.0,0.015316704111893113
GASOIL,2019-04-16,2019-04-16,2019-04-16,85818.0,6787.0,0.013508350024792441
GASOIL,2019-04-23,2019-04-23,2019-04-23,96459.0,10641.0,0.023016424657580116
GASOIL,2019-04-30,2019-04-30,2019-04-30,86124.0,-10335.0,-0.015938141073983933
GASOIL,2019-05-07,2019-05-07,2019-05-07,107375.0,21251.0,-0.011433201616946657
GASOIL,2019-05-14,2019-05-14,2019-05-14,112886.0,5511.0,0.009078412459758121
GASOIL,2019-05-21,2019-05-21,2019-05-21,128583.0,15697.0,0.013658748931040104
GASOIL,2019-05-28,2019-05-28,2019-05-28,101669.0,-26914.0,-0.04154900291287254
GASOIL,2019-06-04,2019-06-04,2019-06-04,65051.0,-36618.0,-0.09753487482643611
GASOIL,2019-06-11,2019-06-11,2019-06-11,41228.0,-23823.0,-0.0013371965442493805
GASOIL,2019-06-18,2019-06-18,2019-06-18,39956.0,-1272.0,0.003561891566360678
GASOIL,2019-06-25,2019-06-25,2019-06-25,43998.0,4042.0,0.04603504957301141
GASOIL,2019-07-02,2019-07-02,2019-07-02,51270.0,7272.0,-0.019590958371157593
GASOIL,2019-07-09,2019-07-09,2019-07-09,56649.0,5379.0,-0.00043112740482405265
GASOIL,2019-07-16,2019-07-16,2019-07-16,72231.0,15582.0,0.034332679080505385
GASOIL,2019-07-23,2019-07-23,2019-07-23,76128.0,3897.0,-0.025317807984289658
GASOIL,2019-07-30,2019-07-30,2019-07-30,84268.0,8140.0,0.012316995807038383
GASOIL,2019-08-06,2019-08-06,2019-08-06,68004.0,-16264.0,-0.05708053228603182
GASOIL,2019-08-13,2019-08-13,2019-08-13,62678.0,-5326.0,0.025941221639426977
GASOIL,2019-08-20,2019-08-20,2019-08-20,63435.0,757.0,-0.021940327216060297
GASOIL,2019-08-27,2019-08-27,2019-08-27,56857.0,-6578.0,-0.017905581331139384
GASOIL,2019-09-03,2019-09-03,2019-09-03,53030.0,-3827.0,-0.004486595165193799
GASOIL,2019-09-10,2019-09-10,2019-09-10,80675.0,27645.0,0.08625660300859439
GASOIL,2019-09-17,2019-09-17,2019-09-17,91181.0,10506.0,0.029462032730316206
GASOIL,2019-09-24,2019-09-24,2019-09-24,95391.0,4210.0,-0.022839491969822646
GASOIL,2019-10-01,2019-10-01,2019-10-01,90237.0,-5154.0,-0.03231929184672992
GASOIL,2019-10-08,2019-10-08,2019-10-08,83281.0,-6956.0,-0.01468708906168216
GASOIL,2019-10-15,2019-10-15,2019-10-15,82542.0,-739.0,0.015544354437800265
GASOIL,2019-10-22,2019-10-22,2019-10-22,86384.0,3842.0,0.016149947271114788
GASOIL,2019-10-29,2019-10-29,2019-10-29,83689.0,-2695.0,-0.0029554591915825924
GASOIL,2019-11-05,2019-11-05,2019-11-05,67821.0,-15868.0,-0.00017072353990774634
GASOIL,2019-11-12,2019-11-12,2019-11-12,49631.0,-18190.0,-0.021506205220963637
GASOIL,2019-11-19,2019-11-19,2019-11-19,38620.0,-11011.0,-0.013129291441792722
GASOIL,2019-11-26,2019-11-26,2019-11-26,61529.0,22909.0,0.03803397062186777
GASOIL,2019-12-03,2019-12-03,2019-12-03,49618.0,-11911.0,-0.033201200671922344
GASOIL,2019-12-10,2019-12-10,2019-12-10,59880.0,10262.0,0.03575655523842111
GASOIL,2019-12-17,2019-12-17,2019-12-17,87562.0,27682.0,0.037787348083949096
GASOIL,2019-12-24,2019-12-24,2019-12-24,107830.0,20268.0,0.0028484251201991544
GASOIL,2019-12-31,2019-12-31,2019-12-31,116545.0,8715.0,-0.002033761124022676
GASOIL,2020-01-07,2020-01-07,2020-01-07,117164.0,619.0,0.007709512723812262
GASOIL,2020-01-14,2020-01-14,2020-01-14,86154.0,-31010.0,-0.0651315290527363
GASOIL,2020-01-21,2020-01-21,2020-01-21,82295.0,-3859.0,-0.018285228653475455
GASOIL,2020-01-28,2020-01-28,2020-01-28,55323.0,-26972.0,-0.08048217153470728
GASOIL,2020-02-04,2020-02-04,2020-02-04,29818.0,-25505.0,-0.06638585540716027
GASOIL,2020-02-11,2020-02-11,2020-02-11,28902.0,-916.0,0.005060739545830917
GASOIL,2020-02-18,2020-02-18,2020-02-18,29705.0,803.0,0.017513582492708346
GASOIL,2020-02-25,2020-02-25,2020-02-25,16050.0,-13655.0,-0.03688217981381911
GASOIL,2020-03-03,2020-03-03,2020-03-03,-821.0,-16871.0,-0.05432663823941572
GASOIL,2020-03-10,2020-03-10,2020-03-10,5782.0,6603.0,-0.22191747664253297
GASOIL,2020-03-17,2020-03-17,2020-03-17,16025.0,10243.0,-0.20226034039778568
GASOIL,2020-03-24,2020-03-24,2020-03-24,24400.0,8375.0,0.010775073167958671
GASOIL,2020-03-31,2020-03-31,2020-03-31,27623.0,3223.0,-0.03523854534633275
GASOIL,2020-04-07,2020-04-07,2020-04-07,31435.0,3812.0,0.03418423718993102
GASOIL,2020-04-14,2020-04-14,2020-04-14,26658.0,-4777.0,-0.08730948401225791
GASOIL,2020-04-21,2020-04-21,2020-04-21,19557.0,-7101.0,-0.25772388491098885
GASOIL,2020-04-28,2020-04-28,2020-04-28,19080.0,-477.0,-0.12039059906346417
GASOIL,2020-05-05,2020-05-05,2020-05-05,21345.0,2265.0,0.23155388132198973
GASOIL,2020-05-12,2020-05-12,2020-05-12,8685.0,-12660.0,-0.03825871211709042
GASOIL,2020-05-19,2020-05-19,2020-05-19,12030.0,3345.0,0.14928170271575436
GASOIL,2020-05-26,2020-05-26,2020-05-26,15733.0,3703.0,0.022989518224698746
GASOIL,2020-06-02,2020-06-02,2020-06-02,26694.0,10961.0,0.04511192030218447
GASOIL,2020-06-09,2020-06-09,2020-06-09,28854.0,2160.0,0.04912207765369836
GASOIL,2020-06-16,2020-06-16,2020-06-16,34899.0,6045.0,0.02043866767727387
GASOIL,2020-06-23,2020-06-23,2020-06-23,41539.0,6640.0,0.06096458442382269
GASOIL,2020-06-30,2020-06-30,2020-06-30,43290.0,1751.0,-0.04306220870275723
GASOIL,2020-07-07,2020-07-07,2020-07-07,44309.0,1019.0,0.04808618666763764
GASOIL,2020-07-14,2020-07-14,2020-07-14,53740.0,9431.0,-0.01690943231814168
GASOIL,2020-07-21,2020-07-21,2020-07-21,66280.0,12540.0,0.05377996812646946
GASOIL,2020-07-28,2020-07-28,2020-07-28,59189.0,-7091.0,-0.04157642684574048
GASOIL,2020-08-04,2020-08-04,2020-08-04,67338.0,8149.0,0.0005590970270613616
GASOIL,2020-08-11,2020-08-11,2020-08-11,66221.0,-1117.0,0.011968227963569111
GASOIL,2020-08-18,2020-08-18,2020-08-18,70550.0,4329.0,0.004615900051966215
GASOIL,2020-08-25,2020-08-25,2020-08-25,63503.0,-7047.0,-0.003955179842928036
GASOIL,2020-09-01,2020-09-01,2020-09-01,55166.0,-8337.0,-0.035112331054207635
GASOIL,2020-09-08,2020-09-08,2020-09-08,21114.0,-34052.0,-0.15853147874576734
GASOIL,2020-09-15,2020-09-15,2020-09-15,4675.0,-16439.0,0.008630889199275127
GASOIL,2020-09-22,2020-09-22,2020-09-22,8097.0,3422.0,0.007006646025524588
GASOIL,2020-09-29,2020-09-29,2020-09-29,3994.0,-4103.0,0.010034819829327302
GASOIL,2020-10-06,2020-10-06,2020-10-06,8290.0,4296.0,0.04681432578720324
GASOIL,2020-10-13,2020-10-13,2020-10-13,15665.0,7375.0,-0.018255344492746017
GASOIL,2020-10-20,2020-10-20,2020-10-20,10249.0,-5416.0,-0.00591280362711355
GASOIL,2020-10-27,2020-10-27,2020-10-27,883.0,-9366.0,-0.02324814114530338
GASOIL,2020-11-03,2020-11-03,2020-11-03,-2009.0,-2892.0,-0.038137830009698614
GASOIL,2020-11-10,2020-11-10,2020-11-10,26380.0,28389.0,0.10120152665198812
GASOIL,2020-11-17,2020-11-17,2020-11-17,34510.0,8130.0,-0.00852883634752033
GASOIL,2020-11-24,2020-11-24,2020-11-24,42984.0,8474.0,0.10428927827632717
GASOIL,2020-12-01,2020-12-01,2020-12-01,54475.0,11491.0,-0.006436698873246383
GASOIL,2020-12-08,2020-12-08,2020-12-08,54307.0,-168.0,0.03966525639243157
GASOIL,2020-12-15,2020-12-15,2020-12-15,61248.0,6941.0,0.035772228851110754
GASOIL,2020-12-22,2020-12-22,2020-12-21,64673.0,3425.0,-0.004177863432894058
GASOIL,2020-12-29,2020-12-29,2020-12-29,70701.0,6028.0,0.016019328027285007
GASOIL,2021-01-05,2021-01-05,2021-01-05,73516.0,2815.0,0.01736183817804271
GASOIL,2021-01-12,2021-01-12,2021-01-12,70259.0,-3257.0,0.05811691098991467
GASOIL,2021-01-19,2021-01-19,2021-01-19,77906.0,7647.0,-0.0027181316001264055
GASOIL,2021-01-26,2021-01-26,2021-01-26,78690.0,784.0,-0.018127384592556695
GASOIL,2021-02-02,2021-02-02,2021-02-02,91665.0,12975.0,0.04372431036741464
GASOIL,2021-02-09,2021-02-09,2021-02-09,100976.0,9311.0,0.050976286935220605
GASOIL,2021-02-16,2021-02-16,2021-02-16,101943.0,967.0,0.03405214274591556
GASOIL,2021-02-23,2021-02-23,2021-02-23,99213.0,-2730.0,0.0319912695710759
GASOIL,2021-03-02,2021-03-02,2021-03-02,92379.0,-6834.0,-0.026630199433818613
GASOIL,2021-03-09,2021-03-09,2021-03-09,97215.0,4836.0,0.04014706801341178
GASOIL,2021-03-16,2021-03-16,2021-03-16,103519.0,6304.0,-0.00278164296187694
GASOIL,2021-03-23,2021-03-23,2021-03-23,93641.0,-9878.0,-0.07969457886236159
GASOIL,2021-03-30,2021-03-30,2021-03-30,99021.0,5380.0,0.018431405954656255
GASOIL,2021-04-06,2021-04-06,2021-04-06,98375.0,-646.0,-0.004937059900201268
GASOIL,2021-04-13,2021-04-13,2021-04-13,101309.0,2934.0,0.006399234242030871
GASOIL,2021-04-20,2021-04-20,2021-04-20,100883.0,-426.0,0.01847403050310914
GASOIL,2021-04-27,2021-04-27,2021-04-27,116147.0,15264.0,0.012446307151117109
GASOIL,2021-05-04,2021-05-04,2021-05-04,125682.0,9535.0,0.047311469630048564
GASOIL,2021-05-11,2021-05-11,2021-05-11,136196.0,10514.0,0.00946166103404722
GASOIL,2021-05-18,2021-05-18,2021-05-18,142138.0,5942.0,0.01513157486890937
GASOIL,2021-05-25,2021-05-25,2021-05-25,133943.0,-8195.0,-0.013339459693927413
GASOIL,2021-06-01,2021-06-01,2021-06-01,150678.0,16735.0,0.025165168313175085
GASOIL,2021-06-08,2021-06-08,2021-06-08,155419.0,4741.0,0.013829088151045249
GASOIL,2021-06-15,2021-06-15,2021-06-15,161804.0,6385.0,0.023750056098115258
GASOIL,2021-06-22,2021-06-22,2021-06-22,151922.0,-9882.0,0.006266993563391665
GASOIL,2021-06-29,2021-06-29,2021-06-29,152831.0,909.0,-2.7755575615628914e-17
GASOIL,2021-07-06,2021-07-06,2021-07-06,144838.0,-7993.0,-0.003343794951101736
GASOIL,2021-07-13,2021-07-13,2021-07-13,140022.0,-4816.0,0.02185203421640744
GASOIL,2021-07-20,2021-07-20,2021-07-20,104693.0,-35329.0,-0.08641834509678623
GASOIL,2021-07-27,2021-07-27,2021-07-27,117746.0,13053.0,0.06581605068061305
GASOIL,2021-08-03,2021-08-03,2021-08-03,125923.0,8177.0,-0.014619244837213136
GASOIL,2021-08-10,2021-08-10,2021-08-10,97007.0,-28916.0,-0.02002196809360368
GASOIL,2021-08-17,2021-08-17,2021-08-17,93146.0,-3861.0,-0.011685915282703463
GASOIL,2021-08-24,2021-08-24,2021-08-24,87916.0,-5230.0,0.01769193934291552
GASOIL,2021-08-31,2021-08-31,2021-08-31,114924.0,27008.0,0.02866975450261061
GASOIL,2021-09-07,2021-09-07,2021-09-07,133467.0,18543.0,0.0012455887016286915
GASOIL,2021-09-14,2021-09-14,2021-09-14,130205.0,-3262.0,0.02053460244170774
GASOIL,2021-09-21,2021-09-21,2021-09-21,123826.0,-6379.0,0.008097210232619528
GASOIL,2021-09-28,2021-09-28,2021-09-28,138336.0,14510.0,0.06893910660078571
GASOIL,2021-10-05,2021-10-05,2021-10-05,137760.0,-576.0,0.08066009055217202
GASOIL,2021-10-12,2021-10-12,2021-10-12,138291.0,531.0,0.001042209578443849
GASOIL,2021-10-19,2021-10-19,2021-10-19,150665.0,12374.0,0.020619287202735596
GASOIL,2021-10-26,2021-10-26,2021-10-26,151782.0,1117.0,0.010825545504922431
GASOIL,2021-11-02,2021-11-02,2021-11-02,138997.0,-12785.0,-0.026883471977076922
GASOIL,2021-11-09,2021-11-09,2021-11-09,143726.0,4729.0,0.014881742026112314
GASOIL,2021-11-16,2021-11-16,2021-11-16,128474.0,-15252.0,-0.03638036738374071
GASOIL,2021-11-23,2021-11-23,2021-11-23,113542.0,-14932.0,-0.022699587516106647
GASOIL,2021-11-30,2021-11-30,2021-11-30,83676.0,-29866.0,-0.1343647260060814
GASOIL,2021-12-07,2021-12-07,2021-12-07,81628.0,-2048.0,0.07840059187347798
GASOIL,2021-12-14,2021-12-14,2021-12-14,86599.0,4971.0,-0.0065955622219190935
GASOIL,2021-12-21,2021-12-21,2021-12-21,85066.0,-1533.0,-0.004682021818696994
GASOIL,2021-12-28,2021-12-28,2021-12-28,94665.0,9599.0,0.0588516737690995
GASOIL,2022-01-04,2022-01-04,2022-01-04,99201.0,4536.0,0.009935700117724301
GASOIL,2022-01-11,2022-01-11,2022-01-11,114311.0,15110.0,0.053720900920494245
GASOIL,2022-01-18,2022-01-18,2022-01-18,125830.0,11519.0,0.05852375928247784
GASOIL,2022-01-25,2022-01-25,2022-01-25,130214.0,4384.0,-0.004912405490305305
GASOIL,2022-02-01,2022-02-01,2022-02-01,150071.0,19857.0,0.051624972769811636
GASOIL,2022-02-08,2022-02-08,2022-02-08,145643.0,-4428.0,0.010725654872275628
GASOIL,2022-02-15,2022-02-15,2022-02-15,141738.0,-3905.0,0.026626960083843937
GASOIL,2022-02-22,2022-02-22,2022-02-22,135375.0,-6363.0,0.019365204250193557
GASOIL,2022-03-01,2022-03-01,2022-03-01,127789.0,-7586.0,0.13945257520231613
GASOIL,2022-03-08,2022-03-08,2022-03-08,95975.0,-31814.0,0.3557876920757766
GASOIL,2022-03-15,2022-03-15,2022-03-15,86635.0,-9340.0,-0.3844116989103321
GASOIL,2022-03-22,2022-03-22,2022-03-22,89866.0,3231.0,0.2589974731604555
GASOIL,2022-03-29,2022-03-29,2022-03-29,87009.0,-2857.0,-0.09697645521068399
GASOIL,2022-04-05,2022-04-05,2022-04-05,81860.0,-5149.0,0.02431436280864191
GASOIL,2022-04-12,2022-04-12,2022-04-12,83563.0,1703.0,-0.004357305368955733
GASOIL,2022-04-19,2022-04-19,2022-04-19,82151.0,-1412.0,0.06844282536627727
GASOIL,2022-04-26,2022-04-26,2022-04-26,83316.0,1165.0,0.02306674883792237
GASOIL,2022-05-03,2022-05-03,2022-05-03,84048.0,732.0,0.05496559122966116
GASOIL,2022-05-10,2022-05-10,2022-05-10,80528.0,-3520.0,-0.06677500020526306
GASOIL,2022-05-17,2022-05-17,2022-05-17,73934.0,-6594.0,0.027660101559249695
GASOIL,2022-05-24,2022-05-24,2022-05-24,70298.0,-3636.0,0.0025186046513462346
GASOIL,2022-05-31,2022-05-31,2022-05-31,78656.0,8358.0,0.12937802744563376
GASOIL,2022-06-07,2022-06-07,2022-06-07,76440.0,-2216.0,0.05733215465384023
GASOIL,2022-06-14,2022-06-14,2022-06-14,79405.0,2965.0,0.021811965025983926
GASOIL,2022-06-21,2022-06-21,2022-06-21,80155.0,750.0,0.017189116879704147
GASOIL,2022-06-28,2022-06-28,2022-06-28,74967.0,-5188.0,-0.07999536927498552
GASOIL,2022-07-05,2022-07-05,2022-07-05,65112.0,-9855.0,-0.07372030839005295
GASOIL,2022-07-12,2022-07-12,2022-07-12,58380.0,-6732.0,-0.021189185206420436
GASOIL,2022-07-19,2022-07-19,2022-07-19,56070.0,-2310.0,-0.005368200544675683
GASOIL,2022-07-26,2022-07-26,2022-07-26,55377.0,-693.0,0.001169453998326131
GASOIL,2022-08-02,2022-08-02,2022-08-02,54108.0,-1269.0,-0.05247925538035392
GASOIL,2022-08-09,2022-08-09,2022-08-09,50008.0,-4100.0,-0.013352005890817087
GASOIL,2022-08-16,2022-08-16,2022-08-16,61553.0,11545.0,0.03219242435273151
GASOIL,2022-08-23,2022-08-23,2022-08-23,76381.0,14828.0,0.09459551120145704
GASOIL,2022-08-30,2022-08-30,2022-08-30,79123.0,2742.0,0.002677377770716416
GASOIL,2022-09-06,2022-09-06,2022-09-06,68866.0,-10257.0,-0.046836801040834986
GASOIL,2022-09-13,2022-09-13,2022-09-13,67979.0,-887.0,0.009024046039445621
GASOIL,2022-09-20,2022-09-20,2022-09-20,47989.0,-19990.0,-0.07994420976653727
GASOIL,2022-09-27,2022-09-27,2022-09-27,44729.0,-3260.0,-0.00926170757327327
GASOIL,2022-10-04,2022-10-04,2022-10-04,52908.0,8179.0,0.10756820071614825
GASOIL,2022-10-11,2022-10-11,2022-10-11,62646.0,9738.0,0.027762796977356508
GASOIL,2022-10-18,2022-10-18,2022-10-18,65971.0,3325.0,0.05105517080028399
GASOIL,2022-10-25,2022-10-25,2022-10-25,62728.0,-3243.0,-0.03008609055486333
GASOIL,2022-11-01,2022-11-01,2022-11-01,61152.0,-1576.0,0.0014593659769700507
GASOIL,2022-11-08,2022-11-08,2022-11-08,60520.0,-632.0,0.05236029590098934
GASOIL,2022-11-15,2022-11-15,2022-11-15,54137.0,-6383.0,-0.05739682127938983
GASOIL,2022-11-22,2022-11-22,2022-11-22,46026.0,-8111.0,-0.04862607765760607
GASOIL,2022-11-29,2022-11-29,2022-11-29,44881.0,-1145.0,-0.05558499647415016
GASOIL,2022-12-06,2022-12-06,2022-12-06,37870.0,-7011.0,-0.08645446278749624
GASOIL,2022-12-13,2022-12-13,2022-12-13,38385.0,515.0,0.06881098165106014
GASOIL,2022-12-20,2022-12-20,2022-12-20,48039.0,9654.0,-0.01798763701785555
GASOIL,2022-12-27,2022-12-27,2022-12-27,57539.0,9500.0,0.11113465157818081
GASOIL,2023-01-03,2023-01-03,2023-01-03,60882.0,3343.0,-0.0730544824540178
GASOIL,2023-01-10,2023-01-10,2023-01-10,58123.0,-2759.0,-0.024833586721851875
GASOIL,2023-01-17,2023-01-17,2023-01-17,70447.0,12324.0,0.06949370943782085
GASOIL,2023-01-24,2023-01-24,2023-01-24,80543.0,10096.0,0.061179556388036405
GASOIL,2023-01-31,2023-01-31,2023-01-31,72259.0,-8284.0,-0.07420552075739095
GASOIL,2023-02-07,2023-02-07,2023-02-07,40148.0,-32111.0,-0.08401000015741855
GASOIL,2023-02-14,2023-02-14,2023-02-14,39082.0,-1066.0,0.027423477085583348
GASOIL,2023-02-21,2023-02-21,2023-02-21,33965.0,-5117.0,-0.059981635398037025
GASOIL,2023-02-28,2023-02-28,2023-02-28,39050.0,5085.0,0.039784928698581745
GASOIL,2023-03-07,2023-03-07,2023-03-07,45424.0,6374.0,-0.008826719916187775
GASOIL,2023-03-14,2023-03-14,2023-03-14,35882.0,-9542.0,-0.018513333448869962
GASOIL,2023-03-21,2023-03-21,2023-03-21,22051.0,-13831.0,-0.04100367820945283
GASOIL,2023-03-28,2023-03-28,2023-03-28,24001.0,1950.0,0.0157737054463446
GASOIL,2023-04-04,2023-04-04,2023-04-04,20919.0,-3082.0,-0.009719069311853734
GASOIL,2023-04-11,2023-04-11,2023-04-11,17544.0,-3375.0,0.005547411844073369
GASOIL,2023-04-18,2023-04-18,2023-04-18,18410.0,866.0,-0.012113423614964147
GASOIL,2023-04-25,2023-04-25,2023-04-25,-625.0,-19035.0,-0.057972509366680525
GASOIL,2023-05-02,2023-05-02,2023-05-02,-32499.0,-31874.0,-0.07993403117415698
GASOIL,2023-05-09,2023-05-09,2023-05-09,-28518.0,3981.0,0.020225408535440526
GASOIL,2023-05-16,2023-05-16,2023-05-16,-20674.0,7844.0,0.008491836150312904
GASOIL,2023-05-23,2023-05-23,2023-05-23,-11203.0,9471.0,0.01314847284350612
GASOIL,2023-05-30,2023-05-30,2023-05-30,-22224.0,-11021.0,-0.02461097586468447
GASOIL,2023-06-06,2023-06-06,2023-06-06,-16267.0,5957.0,0.03877235951600516
GASOIL,2023-06-13,2023-06-13,2023-06-13,4010.0,20277.0,0.008268966763792573
GASOIL,2023-06-20,2023-06-20,2023-06-20,16128.0,12118.0,0.01879821270462112
GASOIL,2023-06-27,2023-06-27,2023-06-27,15678.0,-450.0,-0.0017583967956097402
GASOIL,2023-07-04,2023-07-04,2023-07-03,9907.0,-5771.0,0.0063897454404823195
GASOIL,2023-07-11,2023-07-11,2023-07-11,32825.0,22918.0,0.05629488982349973
GASOIL,2023-07-18,2023-07-18,2023-07-18,41631.0,8806.0,0.009302392662313586
GASOIL,2023-07-25,2023-07-25,2023-07-25,55083.0,13452.0,0.06435249193044934
GASOIL,2023-08-01,2023-08-01,2023-08-01,81148.0,26065.0,0.12093188968579838
GASOIL,2023-08-08,2023-08-08,2023-08-08,88123.0,6975.0,-0.015534841434073021
GASOIL,2023-08-15,2023-08-15,2023-08-15,93394.0,5271.0,0.00539390945802376
GASOIL,2023-08-22,2023-08-22,2023-08-22,87314.0,-6080.0,0.03477885642553069
GASOIL,2023-08-29,2023-08-29,2023-08-29,86744.0,-570.0,0.017618019052815015
GASOIL,2023-09-05,2023-09-05,2023-09-05,80055.0,-6689.0,0.02046829685300322
GASOIL,2023-09-12,2023-09-12,2023-09-12,65257.0,-14798.0,0.041046148739295796
GASOIL,2023-09-19,2023-09-19,2023-09-19,58103.0,-7154.0,0.0005121639036412828
GASOIL,2023-09-26,2023-09-26,2023-09-26,48997.0,-9106.0,-0.02278710715093113
GASOIL,2023-10-03,2023-10-03,2023-10-03,48586.0,-411.0,0.0009179491526927208
GASOIL,2023-10-10,2023-10-10,2023-10-10,32200.0,-16386.0,-0.04976704474207094
GASOIL,2023-10-17,2023-10-17,2023-10-17,26339.0,-5861.0,0.027553050271188817
GASOIL,2023-10-24,2023-10-24,2023-10-24,27727.0,1388.0,-0.022718688516893626
GASOIL,2023-10-31,2023-10-31,2023-10-31,22012.0,-5715.0,0.0014174346809733285
GASOIL,2023-11-07,2023-11-07,2023-11-07,16362.0,-5650.0,-0.03285839212454167
GASOIL,2023-11-14,2023-11-14,2023-11-14,9061.0,-7301.0,0.0015172207431798368
GASOIL,2023-11-21,2023-11-21,2023-11-21,22072.0,13011.0,0.003329804802068237
GASOIL,2023-11-28,2023-11-28,2023-11-28,27848.0,5776.0,0.007226770386127623
GASOIL,2023-12-05,2023-12-05,2023-12-05,12226.0,-15622.0,-0.05940181287640356
GASOIL,2023-12-12,2023-12-12,2023-12-12,541.0,-11685.0,-0.06259362587296524
GASOIL,2023-12-19,2023-12-19,2023-12-19,4957.0,4416.0,0.09137719274764322
GASOIL,2023-12-26,2023-12-26,2023-12-26,14720.0,9763.0,-0.004423387939151424
GASOIL,2024-01-02,2024-01-02,2024-01-02,8500.0,-6220.0,-0.05268760676827289
GASOIL,2024-01-09,2024-01-09,2024-01-09,7963.0,-537.0,0.031569327063090236
GASOIL,2024-01-16,2024-01-16,2024-01-16,10350.0,2387.0,0.03850331237868143
GASOIL,2024-01-23,2024-01-23,2024-01-23,19900.0,9550.0,0.023947653509466815
GASOIL,2024-01-30,2024-01-30,2024-01-30,43080.0,23180.0,0.04094491259551292
GASOIL,2024-02-06,2024-02-06,2024-02-06,66772.0,23692.0,-0.007146354990603343
GASOIL,2024-02-13,2024-02-13,2024-02-13,81336.0,14564.0,0.06007104543108066
GASOIL,2024-02-20,2024-02-20,2024-02-20,76721.0,-4615.0,-0.04321840463037763
GASOIL,2024-02-27,2024-02-27,2024-02-27,64525.0,-12196.0,0.010095097609065018
GASOIL,2024-03-05,2024-03-05,2024-03-05,57981.0,-6544.0,-0.028286060484598474
GASOIL,2024-03-12,2024-03-12,2024-03-12,58901.0,920.0,0.00652277510684518
GASOIL,2024-03-19,2024-03-19,2024-03-19,83286.0,24385.0,0.05335000144426427
GASOIL,2024-03-26,2024-03-26,2024-03-26,61087.0,-22199.0,-0.041042153769667356
GASOIL,2024-04-02,2024-04-02,2024-04-02,74902.0,13815.0,0.03195841239126318
GASOIL,2024-04-09,2024-04-09,2024-04-09,92752.0,17850.0,-0.004803371589060412
GASOIL,2024-04-16,2024-04-16,2024-04-16,81443.0,-11309.0,-0.015772240816210314
GASOIL,2024-04-23,2024-04-23,2024-04-23,49981.0,-31462.0,-0.04182881934770588
GASOIL,2024-04-30,2024-04-30,2024-04-30,50094.0,113.0,-0.013155973481060457
GASOIL,2024-05-07,2024-05-07,2024-05-07,33699.0,-16395.0,-0.028750755208517886
GASOIL,2024-05-14,2024-05-14,2024-05-14,39172.0,5473.0,-0.017048716461183777
GASOIL,2024-05-21,2024-05-21,2024-05-21,54253.0,15081.0,0.023985160457840826
GASOIL,2024-05-28,2024-05-28,2024-05-28,42903.0,-11350.0,-1.1102230246251565e-16
GASOIL,2024-06-04,2024-06-04,2024-06-04,20277.0,-22626.0,-0.07679615458452205
GASOIL,2024-06-11,2024-06-11,2024-06-11,42518.0,22241.0,0.05578037948600301
GASOIL,2024-06-18,2024-06-18,2024-06-18,80342.0,37824.0,0.043898302704392655
GASOIL,2024-06-25,2024-06-25,2024-06-25,99806.0,19464.0,0.007026538012038119
GASOIL,2024-07-02,2024-07-02,2024-07-02,95808.0,-3998.0,0.03293382167124892
GASOIL,2024-07-09,2024-07-09,2024-07-09,83460.0,-12348.0,-0.04415728404109842
GASOIL,2024-07-16,2024-07-16,2024-07-16,53596.0,-29864.0,-0.019209446281210574
GASOIL,2024-07-23,2024-07-23,2024-07-23,25984.0,-27612.0,-0.03138821951001103
GASOIL,2024-07-30,2024-07-30,2024-07-30,14554.0,-11430.0,-0.021948754904387302
GASOIL,2024-08-06,2024-08-06,2024-08-06,-2697.0,-17251.0,-0.025086147887408705
GASOIL,2024-08-13,2024-08-13,2024-08-13,-471.0,2226.0,0.038907304008707566
GASOIL,2024-08-20,2024-08-20,2024-08-20,-27441.0,-26970.0,-0.05858241552463672
GASOIL,2024-08-27,2024-08-27,2024-08-27,-26815.0,626.0,0.022858138076050305
GASOIL,2024-09-03,2024-09-03,2024-09-03,-38718.0,-11903.0,-0.04496518436924479
GASOIL,2024-09-10,2024-09-10,2024-09-10,-64541.0,-25823.0,-0.0671851922899459
GASOIL,2024-09-17,2024-09-17,2024-09-17,-72597.0,-8056.0,0.020595249030116558
GASOIL,2024-09-24,2024-09-24,2024-09-24,-61606.0,10991.0,0.028437935320533514
GASOIL,2024-10-01,2024-10-01,2024-10-01,-55574.0,6032.0,0.013488857475671967
GASOIL,2024-10-08,2024-10-08,2024-10-08,-23759.0,31815.0,0.029612838283597398
GASOIL,2024-10-15,2024-10-15,2024-10-15,-30621.0,-6862.0,-0.05288716213038591
GASOIL,2024-10-22,2024-10-22,2024-10-22,-41031.0,-10410.0,0.02438687727139177
GASOIL,2024-10-29,2024-10-29,2024-10-29,-55859.0,-14828.0,-0.058380107783078006
GASOIL,2024-11-05,2024-11-05,2024-11-05,-18442.0,37417.0,0.09087979757888731
GASOIL,2024-11-12,2024-11-12,2024-11-12,-10060.0,8382.0,-0.04593863021129041
GASOIL,2024-11-19,2024-11-19,2024-11-19,20620.0,30680.0,0.03474111389958767
GASOIL,2024-11-26,2024-11-26,2024-11-26,23987.0,3367.0,0.0025394535685883124
GASOIL,2024-12-03,2024-12-03,2024-12-03,15260.0,-8727.0,-0.019020324679030032
GASOIL,2024-12-10,2024-12-10,2024-12-10,-6420.0,-21680.0,-0.011980674939451985
GASOIL,2024-12-17,2024-12-17,2024-12-17,13980.0,20400.0,0.014211159135559925
GASOIL,2024-12-24,2024-12-24,2024-12-24,14157.0,177.0,0.0011133792205987314
GASOIL,2024-12-31,2024-12-31,2024-12-31,24108.0,9951.0,0.03104138220176711
GASOIL,2025-01-07,2025-01-07,2025-01-07,33298.0,9190.0,0.013996280875480327
GASOIL,2025-01-14,2025-01-14,2025-01-14,37932.0,4634.0,0.05545426203547099
GASOIL,2025-01-21,2025-01-21,2025-01-21,43992.0,6060.0,-0.006087269388650229
GASOIL,2025-01-28,2025-01-28,2025-01-28,19388.0,-24604.0,-0.05008000515474653
GASOIL,2025-02-04,2025-02-04,2025-02-04,5310.0,-14078.0,0.017340959041505233
GASOIL,2025-02-11,2025-02-11,2025-02-11,7308.0,1998.0,0.027818205476530578
GASOIL,2025-02-18,2025-02-18,2025-02-18,21560.0,14252.0,-0.013117205681235422
GASOIL,2025-02-25,2025-02-25,2025-02-25,28271.0,6711.0,-0.034285033213348304
GASOIL,2025-03-04,2025-03-04,2025-03-04,-8468.0,-36739.0,-0.029637526127396008
GASOIL,2025-03-11,2025-03-11,2025-03-11,-15743.0,-7275.0,-0.013305651536286267
GASOIL,2025-03-18,2025-03-18,2025-03-18,-35198.0,-19455.0,-0.001531980383883913
GASOIL,2025-03-25,2025-03-25,2025-03-25,-6836.0,28362.0,0.030945865590177424
GASOIL,2025-04-01,2025-04-01,2025-04-01,-1828.0,5008.0,0.0206029406292223
GASOIL,2025-04-08,2025-04-08,2025-04-08,-37118.0,-35290.0,-0.11801191574710368
GASOIL,2025-04-15,2025-04-15,2025-04-15,-34848.0,2270.0,0.0020580373594561996
GASOIL,2025-04-22,2025-04-22,2025-04-22,-11635.0,23213.0,0.03594168410186216
GASOIL,2025-04-29,2025-04-29,2025-04-29,-8909.0,2726.0,-0.024494298261511283
GASOIL,2025-05-06,2025-05-06,2025-05-06,-19214.0,-10305.0,-0.025188767400847523
GASOIL,2025-05-13,2025-05-13,2025-05-13,7865.0,27079.0,0.05129329438755037
GASOIL,2025-05-20,2025-05-20,2025-05-20,10783.0,2918.0,-0.02224560894731953
GASOIL,2025-05-27,2025-05-27,2025-05-27,2861.0,-7922.0,-0.008626054719767295
GASOIL,2025-06-03,2025-06-03,2025-06-03,19821.0,16960.0,0.03347715343680824
GASOIL,2025-06-10,2025-06-10,2025-06-10,31631.0,11810.0,0.029495960539770327
GASOIL,2025-06-17,2025-06-17,2025-06-17,47744.0,16113.0,0.13842904175231718
GASOIL,2025-06-24,2025-06-24,2025-06-24,69937.0,22193.0,-0.0897511047307501
GASOIL,2025-07-01,2025-07-01,2025-07-01,71537.0,1600.0,0.031000407686287867
GASOIL,2025-07-08,2025-07-08,2025-07-08,83906.0,12369.0,0.0524627440442329
GASOIL,2025-07-15,2025-07-15,2025-07-15,90432.0,6526.0,-0.007784894235060347
GASOIL,2025-07-22,2025-07-22,2025-07-22,98396.0,7964.0,0.01655841954260573
GASOIL,2025-07-29,2025-07-29,2025-07-29,101213.0,2817.0,-0.009831539865770456
GASOIL,2025-08-05,2025-08-05,2025-08-05,86606.0,-14607.0,-0.054865737589729124
GASOIL,2025-08-12,2025-08-12,2025-08-12,88717.0,2111.0,-0.00679504313282886
GASOIL,2025-08-19,2025-08-19,2025-08-19,83041.0,-5676.0,-0.0007578628631019768
GASOIL,2025-08-26,2025-08-26,2025-08-26,88517.0,5476.0,0.022489703490441215
GASOIL,2025-09-02,2025-09-02,2025-09-02,98444.0,9927.0,0.03940223001822918
GASOIL,2025-09-09,2025-09-09,2025-09-09,107542.0,9098.0,-0.004662013105811491
GASOIL,2025-09-16,2025-09-16,2025-09-16,118132.0,10590.0,0.02344690004847816
GASOIL,2025-09-23,2025-09-23,2025-09-23,114137.0,-3995.0,-0.008816844278377256
GASOIL,2025-09-30,2025-09-30,2025-09-30,117337.0,3200.0,-0.016068904939200435
GASOIL,2025-10-07,2025-10-07,2025-10-07,83056.0,-34281.0,-0.03217138236455086
GASOIL,2025-10-14,2025-10-14,2025-10-14,56820.0,-26236.0,-0.036353725802107495
GASOIL,2025-10-21,2025-10-21,2025-10-21,45092.0,-11728.0,0.0031128429804901936
GASOIL,2025-10-28,2025-10-28,2025-10-28,79256.0,34164.0,0.0979907683168989
GASOIL,2025-11-04,2025-11-04,2025-11-04,86213.0,6957.0,0.020433642256193152
GASOIL,2025-11-11,2025-11-11,2025-11-10,97000.0,10787.0,0.05981163906317366
GASOIL,2025-11-18,2025-11-18,2025-11-18,100021.0,3021.0,0.03701093785661658
GASOIL,2025-11-25,2025-11-25,2025-11-25,80658.0,-19363.0,-0.12812572643083875
GASOIL,2025-12-02,2025-12-02,2025-12-02,64679.0,-15979.0,0.0014347638986725864
GASOIL,2025-12-09,2025-12-09,2025-12-09,57516.0,-7163.0,-0.03692141536677429
GASOIL,2025-12-16,2025-12-16,2025-12-16,37031.0,-20485.0,-0.05827666309782209
GASOIL,2025-12-23,2025-12-23,2025-12-23,18316.0,-18715.0,0.03075920358289963
GASOIL,2025-12-30,2025-12-30,2025-12-30,25012.0,6696.0,0.002388536167417188
GASOIL,2026-01-06,2026-01-06,2026-01-06,35555.0,10543.0,-0.02094310937458488
GASOIL,2026-01-13,2026-01-13,2026-01-13,51047.0,15492.0,0.06627029969904041
GASOIL,2026-01-20,2026-01-20,2026-01-20,64418.0,13371.0,0.017404903983511577
GASOIL,2026-01-27,2026-01-27,2026-01-27,72539.0,8121.0,0.023356019969684394
GASOIL,2026-02-03,2026-02-03,2026-02-03,78552.0,6013.0,0.015462474679435512
GASOIL,2026-02-10,2026-02-10,2026-02-10,74600.0,-3952.0,-0.0003673094623480866
GASOIL,2026-02-17,2026-02-17,2026-02-17,71104.0,-3496.0,-0.01219752694254661
GASOIL,2026-02-24,2026-02-24,2026-02-24,96374.0,25270.0,0.08480863042302078
GASOIL,2026-03-03,2026-03-03,2026-03-03,73800.0,-22574.0,0.28687248923594444
GASOIL,2026-03-10,2026-03-10,2026-03-10,76239.0,2439.0,0.02108047213811437
GASOIL,2026-03-17,2026-03-17,2026-03-17,71048.0,-5191.0,0.17076517138646063
GASOIL,2026-03-24,2026-03-24,2026-03-24,75134.0,4086.0,0.1055320643137343
GASOIL,2026-03-31,2026-03-31,2026-03-31,67369.0,-7765.0,0.05225770761689552
GASOIL,2026-04-07,2026-04-07,2026-04-07,64137.0,-3232.0,0.0986606960432519
GASOIL,2026-04-14,2026-04-14,2026-04-14,51108.0,-13029.0,-0.1860939713983223
GASOIL,2026-04-21,2026-04-21,2026-04-21,53795.0,2687.0,-0.009290046907092675
GASOIL,2026-04-28,2026-04-28,2026-04-28,59571.0,5776.0,0.09207262133089067
GASOIL,2026-05-05,2026-05-05,2026-05-05,59089.0,-482.0,0.057461456088058194
GASOIL,2026-05-12,2026-05-12,2026-05-12,59360.0,271.0,-0.02029381933981389
GASOIL,2026-05-19,2026-05-19,2026-05-19,58278.0,-1082.0,0.0022753138371358617
GASOIL,2026-05-26,2026-05-26,2026-05-26,54373.0,-3905.0,-0.11042381761437281
GASOIL,2026-06-02,2026-06-02,2026-06-02,52360.0,-2013.0,-0.015610269187845915
GASOIL,2026-06-09,2026-06-09,2026-06-09,51763.0,-597.0,-0.038294865889723084
GASOIL,2026-06-16,2026-06-16,2026-06-16,61053.0,9290.0,-0.1265062165008053
GASOIL,2026-06-23,2026-06-23,2026-06-23,62036.0,983.0,-0.01685906747233723
GASOIL,2026-06-30,2026-06-30,2026-06-30,60005.0,-2031.0,0.054320727486263376
GASOIL,2026-07-07,2026-07-07,2026-07-07,71636.0,11631.0,0.04086590134996926
GASOIL,2026-07-14,2026-07-14,2026-07-14,72246.0,610.0,0.17787720281941843
GASOIL,2026-07-21,2026-07-21,2026-07-21,83841.0,11595.0,0.061571057519734795
GASOIL,2026-07-28,2026-07-28,2026-07-28,88971.0,5130.0,0.01543081744314101
GASOIL,2026-08-04,2026-08-04,2026-08-04,87595.0,-1376.0,-0.04213543168695466
GASOIL,2026-08-11,2026-08-11,2026-08-11,89663.0,2068.0,0.10542900646296283
GASOIL,2026-08-18,2026-08-18,2026-08-18,90987.0,1324.0,0.06541136795703584
GASOIL,2026-08-25,2026-08-25,2026-08-25,87253.0,-3734.0,-0.04446925869981588
HEATOIL,2009-01-13,2009-01-13,2009-01-13,3630.0,1873.0,-0.07952385341415877
HEATOIL,2009-01-20,2009-01-20,2009-01-20,-920.0,-4550.0,-0.09887330985313036
HEATOIL,2009-01-27,2009-01-27,2009-01-27,708.0,1628.0,-0.0037290285598669953
HEATOIL,2009-02-03,2009-02-03,2009-02-03,694.0,-14.0,-0.026089321416660177
HEATOIL,2009-02-10,2009-02-10,2009-02-10,1361.0,667.0,-0.01580219769650941
HEATOIL,2009-02-17,2009-02-17,2009-02-17,-441.0,-1802.0,-0.09892340767467017
HEATOIL,2009-02-24,2009-02-24,2009-02-24,-3628.0,-3187.0,0.016100976758517127
HEATOIL,2009-03-03,2009-03-03,2009-03-03,-1078.0,2550.0,-0.017734708705207047
HEATOIL,2009-03-10,2009-03-10,2009-03-10,960.0,2038.0,0.018399553328790452
HEATOIL,2009-03-17,2009-03-17,2009-03-17,1115.0,155.0,0.060809004595605565
HEATOIL,2009-03-24,2009-03-24,2009-03-24,10363.0,9248.0,0.1613771507622769
HEATOIL,2009-03-31,2009-03-31,2009-03-31,11003.0,640.0,-0.10134632877966823
HEATOIL,2009-04-07,2009-04-07,2009-04-07,10422.0,-581.0,0.01717239106241343
HEATOIL,2009-04-14,2009-04-14,2009-04-14,12361.0,1939.0,0.007109952164590608
HEATOIL,2009-04-21,2009-04-21,2009-04-21,9104.0,-3257.0,-0.042852440189555585
HEATOIL,2009-04-28,2009-04-28,2009-04-28,5516.0,-3588.0,-0.024308296348280245
HEATOIL,2009-05-05,2009-05-05,2009-05-05,7745.0,2229.0,0.06587801894947527
HEATOIL,2009-05-12,2009-05-12,2009-05-12,11054.0,3309.0,0.05079268919343183
HEATOIL,2009-05-19,2009-05-19,2009-05-19,11002.0,-52.0,-0.015034915388902663
HEATOIL,2009-05-26,2009-05-26,2009-05-26,11305.0,303.0,0.03847751390095933
HEATOIL,2009-06-02,2009-06-02,2009-06-02,14100.0,2795.0,0.13057338893052745
HEATOIL,2009-06-09,2009-06-09,2009-06-09,20357.0,6257.0,0.006380389743210424
HEATOIL,2009-06-16,2009-06-16,2009-06-16,21631.0,1274.0,0.010867027710214638
HEATOIL,2009-06-23,2009-06-23,2009-06-23,21641.0,10.0,-0.024935961012059638
HEATOIL,2009-06-30,2009-06-30,2009-06-30,21820.0,179.0,-0.014549345942880737
HEATOIL,2009-07-07,2009-07-07,2009-07-07,12826.0,-8994.0,-0.10951751794161653
HEATOIL,2009-07-14,2009-07-14,2009-07-14,2511.0,-10315.0,-0.06090171266794679
HEATOIL,2009-07-21,2009-07-21,2009-07-21,6050.0,3539.0,0.10827977419058128
HEATOIL,2009-07-28,2009-07-28,2009-07-28,14319.0,8269.0,0.035109292941440995
HEATOIL,2009-08-04,2009-08-04,2009-08-04,19591.0,5272.0,0.05953810363818461
HEATOIL,2009-08-11,2009-08-11,2009-08-11,25467.0,5876.0,0.004292184999337201
HEATOIL,2009-08-18,2009-08-18,2009-08-18,22257.0,-3210.0,-0.023917589194488414
HEATOIL,2009-08-25,2009-08-25,2009-08-25,21303.0,-954.0,-0.0066815393334824225
HEATOIL,2009-09-01,2009-09-01,2009-09-01,17484.0,-3819.0,-0.06617885052198438
HEATOIL,2009-09-08,2009-09-08,2009-09-08,11275.0,-6209.0,0.016188400979640458
HEATOIL,2009-09-15,2009-09-15,2009-09-15,13454.0,2179.0,-0.0025329015248663628
HEATOIL,2009-09-22,2009-09-22,2009-09-22,19232.0,5778.0,0.01629608983288619
HEATOIL,2009-09-29,2009-09-29,2009-09-29,10408.0,-8824.0,-0.06556602504493099
HEATOIL,2009-10-06,2009-10-06,2009-10-06,16242.0,5834.0,0.0510454100492848
HEATOIL,2009-10-13,2009-10-13,2009-10-13,21472.0,5230.0,0.056730369063547476
HEATOIL,2009-10-20,2009-10-20,2009-10-20,27079.0,5607.0,0.062582483253001
HEATOIL,2009-10-27,2009-10-27,2009-10-27,31723.0,4644.0,0.001058659451168037
HEATOIL,2009-11-03,2009-11-03,2009-11-03,32162.0,439.0,-0.0028973472412493484
HEATOIL,2009-11-10,2009-11-09,2009-11-09,33028.0,866.0,-0.003184640379579884
HEATOIL,2009-11-17,2009-11-17,2009-11-17,25823.0,-7205.0,-0.0029560429649712616
HEATOIL,2009-11-24,2009-11-24,2009-11-24,13784.0,-12039.0,-0.05133601777748212
HEATOIL,2009-12-01,2009-12-01,2009-12-01,18389.0,4605.0,0.042643133717006926
HEATOIL,2009-12-08,2009-12-08,2009-12-08,16983.0,-1406.0,-0.04374242723570547
HEATOIL,2009-12-15,2009-12-15,2009-12-15,9483.0,-7500.0,-0.045899387884239015
HEATOIL,2009-12-22,2009-12-22,2009-12-22,16825.0,7342.0,0.02217294697596872
HEATOIL,2009-12-29,2009-12-29,2009-12-29,31020.0,14195.0,0.07177748492759004
HEATOIL,2010-01-05,2010-01-05,2010-01-05,38879.0,7859.0,0.03599101037763611
HEATOIL,2010-01-12,2010-01-12,2010-01-12,38261.0,-618.0,-0.027175585378964917
HEATOIL,2010-01-19,2010-01-19,2010-01-19,26215.0,-12046.0,-0.03937947814873502
HEATOIL,2010-01-26,2010-01-26,2010-01-26,13379.0,-12836.0,-0.048459961285897316
HEATOIL,2010-02-02,2010-02-02,2010-02-02,9543.0,-3836.0,0.034819452380199054
HEATOIL,2010-02-09,2010-02-09,2010-02-09,3115.0,-6428.0,-0.046966419694065425
HEATOIL,2010-02-16,2010-02-16,2010-02-16,5297.0,2182.0,0.031139391659351617
HEATOIL,2010-02-23,2010-02-23,2010-02-23,22136.0,16839.0,0.018130668313346754
HEATOIL,2010-03-02,2010-03-02,2010-03-02,20886.0,-1250.0,0.0050702109097739145
HEATOIL,2010-03-09,2010-03-09,2010-03-09,26574.0,5688.0,0.017269929361476144
HEATOIL,2010-03-16,2010-03-16,2010-03-16,29052.0,2478.0,0.010738294722914848
HEATOIL,2010-03-23,2010-03-23,2010-03-23,27665.0,-1387.0,-0.005189180433822188
HEATOIL,2010-03-30,2010-03-30,2010-03-30,34373.0,6708.0,0.008149082991803946
HEATOIL,2010-04-06,2010-04-06,2010-04-06,44153.0,9780.0,0.06422371735126509
HEATOIL,2010-04-13,2010-04-13,2010-04-13,43799.0,-354.0,-0.022972218727146942
HEATOIL,2010-04-20,2010-04-20,2010-04-20,40008.0,-3791.0,-0.01284293163307737
HEATOIL,2010-04-27,2010-04-27,2010-04-27,43947.0,3939.0,0.0225121614729184
HEATOIL,2010-05-04,2010-05-04,2010-05-04,45314.0,1367.0,0.003031984800968307
HEATOIL,2010-05-11,2010-05-11,2010-05-11,27056.0,-18258.0,-0.056350399529645795
HEATOIL,2010-05-18,2010-05-18,2010-05-18,19989.0,-7067.0,-0.08767664297318045
HEATOIL,2010-05-25,2010-05-25,2010-05-25,9526.0,-10463.0,-0.04883565421091161
HEATOIL,2010-06-01,2010-06-01,2010-06-01,10943.0,1417.0,0.045651865225716896
HEATOIL,2010-06-08,2010-06-08,2010-06-08,11137.0,194.0,-0.003269702855169282
HEATOIL,2010-06-15,2010-06-15,2010-06-15,16153.0,5016.0,0.050164022950024686
HEATOIL,2010-06-22,2010-06-22,2010-06-22,27277.0,11124.0,0.020818772063083135
HEATOIL,2010-06-29,2010-06-29,2010-06-29,23114.0,-4163.0,-0.03870833681385824
HEATOIL,2010-07-06,2010-07-06,2010-07-06,6951.0,-16163.0,-0.06870971186774558
HEATOIL,2010-07-13,2010-07-13,2010-07-13,10669.0,3718.0,0.06431321254431394
HEATOIL,2010-07-20,2010-07-20,2010-07-20,11770.0,1101.0,-0.009899149159593432
HEATOIL,2010-07-27,2010-07-27,2010-07-27,12347.0,577.0,-0.0103922503910083
HEATOIL,2010-08-03,2010-08-03,2010-08-03,33048.0,20701.0,0.08069131795088251
HEATOIL,2010-08-10,2010-08-10,2010-08-10,32266.0,-782.0,-0.03219171879487376
HEATOIL,2010-08-17,2010-08-17,2010-08-17,2582.0,-29684.0,-0.050659379944769406
HEATOIL,2010-08-24,2010-08-24,2010-08-24,-12024.0,-14606.0,-0.04879747627572063
HEATOIL,2010-08-31,2010-08-31,2010-08-31,-5769.0,6255.0,0.019263534795633468
HEATOIL,2010-09-07,2010-09-07,2010-09-07,6524.0,12293.0,0.03964237674639778
HEATOIL,2010-09-14,2010-09-14,2010-09-14,18190.0,11666.0,0.02244636136423528
HEATOIL,2010-09-21,2010-09-21,2010-09-21,28982.0,10792.0,-0.003877875301340053
HEATOIL,2010-09-28,2010-09-28,2010-09-28,28993.0,11.0,0.0023378698636312423
HEATOIL,2010-10-05,2010-10-05,2010-10-05,55146.0,26153.0,0.07464514137705987
HEATOIL,2010-10-12,2010-10-12,2010-10-12,47688.0,-7458.0,-0.017069930407249967
HEATOIL,2010-10-19,2010-10-19,2010-10-19,38243.0,-9445.0,-0.03250219315952749
HEATOIL,2010-10-26,2010-10-26,2010-10-26,37972.0,-271.0,0.026217977448813823
HEATOIL,2010-11-02,2010-11-02,2010-11-02,33654.0,-4318.0,0.010700814910559325
HEATOIL,2010-11-09,2010-11-09,2010-11-09,55586.0,21932.0,0.04583529574979345
HEATOIL,2010-11-16,2010-11-16,2010-11-16,54820.0,-766.0,-0.041357933353605464
HEATOIL,2010-11-23,2010-11-23,2010-11-23,30284.0,-24536.0,-0.026596270476848927
HEATOIL,2010-11-30,2010-11-30,2010-11-30,28573.0,-1711.0,0.025048681826470853
HEATOIL,2010-12-07,2010-12-07,2010-12-07,46102.0,17529.0,0.062381669624538394
HEATOIL,2010-12-14,2010-12-14,2010-12-14,40369.0,-5733.0,-0.003340782756574845
HEATOIL,2010-12-21,2010-12-21,2010-12-21,42530.0,2161.0,0.01948398762395165
HEATOIL,2010-12-28,2010-12-28,2010-12-28,40488.0,-2042.0,0.002527348026166054
HEATOIL,2011-01-04,2011-01-04,2011-01-04,41476.0,988.0,-0.009918243016303951
HEATOIL,2011-01-11,2011-01-11,2011-01-11,46834.0,5358.0,0.03694083855337321
HEATOIL,2011-01-18,2011-01-18,2011-01-18,44761.0,-2073.0,0.014334573695354014
HEATOIL,2011-01-25,2011-01-25,2011-01-25,42542.0,-2219.0,-0.019941562538988655
HEATOIL,2011-02-01,2011-02-01,2011-02-01,44076.0,1534.0,0.06082860225804615
HEATOIL,2011-02-08,2011-02-08,2011-02-08,43292.0,-784.0,-0.007879226580530141
HEATOIL,2011-02-15,2011-02-15,2011-02-15,41748.0,-1544.0,0.0006589786070431147
HEATOIL,2011-02-22,2011-02-22,2011-02-22,38663.0,-3085.0,0.025688292706032956
HEATOIL,2011-03-01,2011-03-01,2011-03-01,27056.0,-11607.0,0.07470931836799422
HEATOIL,2011-03-08,2011-03-08,2011-03-08,29307.0,2251.0,-0.004521534461142229
HEATOIL,2011-03-15,2011-03-15,2011-03-15,34996.0,5689.0,-0.020823292882520217
HEATOIL,2011-03-22,2011-03-22,2011-03-22,36819.0,1823.0,0.043390969638910815
HEATOIL,2011-03-29,2011-03-29,2011-03-29,38624.0,1805.0,-0.011318298208099098
HEATOIL,2011-04-05,2011-04-05,2011-04-05,39669.0,1045.0,0.04127937987325275
HEATOIL,2011-04-12,2011-04-12,2011-04-12,36860.0,-2809.0,-0.0034150577562603313
HEATOIL,2011-04-19,2011-04-19,2011-04-19,34196.0,-2664.0,-0.004340448407061048
HEATOIL,2011-04-26,2011-04-26,2011-04-26,37494.0,3298.0,0.017125953745112332
HEATOIL,2011-05-03,2011-05-03,2011-05-03,41563.0,4069.0,-0.011278335742816392
HEATOIL,2011-05-10,2011-05-10,2011-05-10,32793.0,-8770.0,-0.0617148335210308
HEATOIL,2011-05-17,2011-05-17,2011-05-17,29202.0,-3591.0,-0.053032022583636484
HEATOIL,2011-05-24,2011-05-24,2011-05-24,30052.0,850.0,0.021626766321400814
HEATOIL,2011-05-31,2011-05-31,2011-05-31,36323.0,6271.0,0.04409599106765355
HEATOIL,2011-06-07,2011-06-07,2011-06-07,45656.0,9333.0,0.008055129951853424
HEATOIL,2011-06-14,2011-06-14,2011-06-14,48138.0,2482.0,0.015376769595710882
HEATOIL,2011-06-21,2011-06-21,2011-06-21,36562.0,-11576.0,-0.07708974872731411
HEATOIL,2011-06-28,2011-06-28,2011-06-28,30445.0,-6117.0,-0.022514304149419462
HEATOIL,2011-07-05,2011-07-05,2011-07-05,32492.0,2047.0,0.0399926708949484
HEATOIL,2011-07-12,2011-07-12,2011-07-12,40460.0,7968.0,0.041865583268899664
HEATOIL,2011-07-19,2011-07-19,2011-07-19,44230.0,3770.0,0.0034779283439233533
HEATOIL,2011-07-26,2011-07-26,2011-07-26,43223.0,-1007.0,0.004618501426170707
HEATOIL,2011-08-02,2011-08-02,2011-08-02,39197.0,-4026.0,-0.01079870877875061
HEATOIL,2011-08-09,2011-08-09,2011-08-09,30335.0,-8862.0,-0.11192681501622698
HEATOIL,2011-08-16,2011-08-16,2011-08-16,27707.0,-2628.0,0.058004506114475385
HEATOIL,2011-08-23,2011-08-23,2011-08-23,22209.0,-5498.0,0.0024103350491112563
HEATOIL,2011-08-30,2011-08-30,2011-08-30,31715.0,9506.0,0.042323646890789435
HEATOIL,2011-09-06,2011-09-06,2011-09-06,30796.0,-919.0,-0.0207400666647668
HEATOIL,2011-09-13,2011-09-13,2011-09-13,23190.0,-7606.0,-0.02457257873240143
HEATOIL,2011-09-20,2011-09-20,2011-09-20,25487.0,2297.0,0.008381542189218494
HEATOIL,2011-09-27,2011-09-27,2011-09-27,13505.0,-11982.0,-0.029232062640507095
HEATOIL,2011-10-04,2011-10-04,2011-10-04,9454.0,-4051.0,-0.05977132129766943
HEATOIL,2011-10-11,2011-10-11,2011-10-11,13150.0,3696.0,0.06645745539680492
HEATOIL,2011-10-18,2011-10-18,2011-10-18,30047.0,16897.0,0.041619279662139186
HEATOIL,2011-10-25,2011-10-25,2011-10-25,34199.0,4152.0,0.007929890360863001
HEATOIL,2011-11-01,2011-11-01,2011-11-01,38538.0,4339.0,-0.004281206079407851
HEATOIL,2011-11-08,2011-11-08,2011-11-08,43359.0,4821.0,0.028153475061919897
HEATOIL,2011-11-15,2011-11-15,2011-11-15,43882.0,523.0,0.01731988953551339
HEATOIL,2011-11-22,2011-11-22,2011-11-22,40685.0,-3197.0,-0.040999231397805425
HEATOIL,2011-11-29,2011-11-29,2011-11-29,35799.0,-4886.0,-0.004243357627846112
HEATOIL,2011-12-06,2011-12-06,2011-12-06,31232.0,-4567.0,-0.0035315258558435425
HEATOIL,2011-12-13,2011-12-13,2011-12-13,26494.0,-4738.0,-0.030384034591270037
HEATOIL,2011-12-20,2011-12-20,2011-12-20,16320.0,-10174.0,-0.02786771592756382
HEATOIL,2011-12-27,2011-12-27,2011-12-27,19546.0,3226.0,0.019636654582535662
HEATOIL,2012-01-03,2012-01-03,2012-01-03,26211.0,6665.0,0.04084016807126156
HEATOIL,2012-01-10,2012-01-10,2012-01-10,30085.0,3874.0,0.0212659295350745
HEATOIL,2012-01-17,2012-01-17,2012-01-17,28023.0,-2062.0,-0.01971536260778034
HEATOIL,2012-01-24,2012-01-24,2012-01-24,33284.0,5261.0,-0.00608407127524202
HEATOIL,2012-01-31,2012-01-31,2012-01-31,33794.0,510.0,0.011803631933438752
HEATOIL,2012-02-07,2012-02-07,2012-02-07,40845.0,7051.0,0.04221426992735744
HEATOIL,2012-02-14,2012-02-14,2012-02-14,39379.0,-1466.0,-0.004568101082082443
HEATOIL,2012-02-21,2012-02-21,2012-02-21,43207.0,3828.0,0.02812141609023977
HEATOIL,2012-02-28,2012-02-28,2012-02-28,43659.0,452.0,-0.004554687264816837
HEATOIL,2012-03-06,2012-03-06,2012-03-06,45140.0,1481.0,-0.007544555332860858
HEATOIL,2012-03-13,2012-03-13,2012-03-13,46931.0,1791.0,0.02650020726621427
HEATOIL,2012-03-20,2012-03-20,2012-03-20,47759.0,828.0,-0.009463068458217927
HEATOIL,2012-03-27,2012-03-27,2012-03-27,44658.0,-3101.0,-0.004286227441249235
HEATOIL,2012-04-03,2012-04-03,2012-04-03,36266.0,-8392.0,-0.003207526431738994
HEATOIL,2012-04-10,2012-04-10,2012-04-10,34674.0,-1592.0,-0.04130380614123563
HEATOIL,2012-04-17,2012-04-17,2012-04-17,32062.0,-2612.0,0.008532529713598691
HEATOIL,2012-04-24,2012-04-24,2012-04-24,36325.0,4263.0,0.0012130112892846934
HEATOIL,2012-05-01,2012-05-01,2012-05-01,42064.0,5739.0,0.013751657283880836
HEATOIL,2012-05-08,2012-05-08,2012-05-08,28295.0,-13769.0,-0.060606932737376995
HEATOIL,2012-05-15,2012-05-15,2012-05-15,23196.0,-5099.0,-0.01830953955966641
HEATOIL,2012-05-22,2012-05-22,2012-05-22,14629.0,-8567.0,-0.025190422450053873
HEATOIL,2012-05-29,2012-05-29,2012-05-29,8902.0,-5727.0,-0.018420229557928935
HEATOIL,2012-06-05,2012-06-05,2012-06-05,1112.0,-7790.0,-0.06701098187809884
HEATOIL,2012-06-12,2012-06-12,2012-06-12,-1084.0,-2196.0,-0.006383000395035587
HEATOIL,2012-06-19,2012-06-19,2012-06-19,-1361.0,-277.0,0.004032110145365753
HEATOIL,2012-06-26,2012-06-26,2012-06-26,-5955.0,-4594.0,-0.023429270028100913
HEATOIL,2012-07-03,2012-07-03,2012-07-03,-5914.0,41.0,0.06956197618667664
HEATOIL,2012-07-10,2012-07-10,2012-07-10,-4560.0,1354.0,-0.015921461026251194
HEATOIL,2012-07-17,2012-07-17,2012-07-17,-1443.0,3117.0,0.045160491727587126
HEATOIL,2012-07-24,2012-07-24,2012-07-24,1709.0,3152.0,-0.005609964435029313
HEATOIL,2012-07-31,2012-07-31,2012-07-31,5168.0,3459.0,0.007648557809134593
HEATOIL,2012-08-07,2012-08-07,2012-08-07,8925.0,3757.0,0.05115847193713219
HEATOIL,2012-08-14,2012-08-14,2012-08-14,15021.0,6096.0,0.012924731608558115
HEATOIL,2012-08-21,2012-08-21,2012-08-21,18658.0,3637.0,0.028140770540477478
HEATOIL,2012-08-28,2012-08-28,2012-08-28,23083.0,4425.0,-0.0010223316439442187
HEATOIL,2012-09-04,2012-09-04,2012-09-04,25342.0,2259.0,0.006621610570965442
HEATOIL,2012-09-11,2012-09-11,2012-09-11,24291.0,-1051.0,0.01156045723746535
HEATOIL,2012-09-18,2012-09-18,2012-09-18,25743.0,1452.0,-0.018350301782808165
HEATOIL,2012-09-25,2012-09-25,2012-09-25,22889.0,-2854.0,-0.006256738361210712
HEATOIL,2012-10-02,2012-10-02,2012-10-02,26093.0,3204.0,0.006107892928191028
HEATOIL,2012-10-09,2012-10-09,2012-10-09,27384.0,1291.0,0.022318522955695308
HEATOIL,2012-10-16,2012-10-16,2012-10-16,37722.0,10338.0,0.001351033117292566
HEATOIL,2012-10-23,2012-10-23,2012-10-23,32676.0,-5046.0,-0.0495942802818895
HEATOIL,2012-10-30,2012-10-30,2012-10-30,29623.0,-3053.0,0.012753225879420182
HEATOIL,2012-11-06,2012-11-06,2012-11-06,29582.0,-41.0,-0.0001879277299718929
HEATOIL,2012-11-13,2012-11-13,2012-11-13,26066.0,-3516.0,-0.028923113269768097
HEATOIL,2012-11-20,2012-11-20,2012-11-20,24012.0,-2054.0,0.025517182353230028
HEATOIL,2012-11-27,2012-11-27,2012-11-27,23238.0,-774.0,-0.007772145166744293
HEATOIL,2012-12-04,2012-12-04,2012-12-04,21435.0,-1803.0,-0.005437010917597851
HEATOIL,2012-12-11,2012-12-11,2012-12-11,15970.0,-5465.0,-0.0277538627821709
HEATOIL,2012-12-18,2012-12-18,2012-12-18,22373.0,6403.0,0.021062647883906715
HEATOIL,2012-12-25,2012-12-24,2012-12-24,23985.0,1612.0,-0.0018052960238671978
HEATOIL,2013-01-01,2012-12-31,2012-12-31,28135.0,4150.0,0.014384913261609122
HEATOIL,2013-01-08,2013-01-08,2013-01-08,32825.0,4690.0,0.008548612172011971
HEATOIL,2013-01-15,2013-01-15,2013-01-15,33091.0,266.0,-0.013000298869978888
HEATOIL,2013-01-22,2013-01-22,2013-01-22,29013.0,-4078.0,0.0172637186822156
HEATOIL,2013-01-29,2013-01-29,2013-01-29,33497.0,4484.0,0.013941697633795602
HEATOIL,2013-02-05,2013-02-05,2013-02-05,38373.0,4876.0,0.02455333465759807
HEATOIL,2013-02-12,2013-02-12,2013-02-12,49105.0,10732.0,0.017300168219225975
HEATOIL,2013-02-19,2013-02-19,2013-02-19,53896.0,4791.0,-0.011468696509353948
HEATOIL,2013-02-26,2013-02-26,2013-02-26,45168.0,-8728.0,-0.049909689305857874
HEATOIL,2013-03-05,2013-03-05,2013-03-05,18227.0,-26941.0,-0.015909073261127782
HEATOIL,2013-03-12,2013-03-12,2013-03-12,8252.0,-9975.0,-0.003805279490052882
HEATOIL,2013-03-19,2013-03-19,2013-03-19,9304.0,1052.0,-0.024689325933049844
HEATOIL,2013-03-26,2013-03-26,2013-03-26,-497.0,-9801.0,0.010189121532928669
HEATOIL,2013-04-02,2013-04-02,2013-04-02,3953.0,4450.0,0.029437767459052744
HEATOIL,2013-04-09,2013-04-09,2013-04-09,4422.0,469.0,-0.039579895470797544
HEATOIL,2013-04-16,2013-04-16,2013-04-16,-890.0,-5312.0,-0.052952933373719424
HEATOIL,2013-04-23,2013-04-23,2013-04-23,-16166.0,-15276.0,-0.001606999720888569
HEATOIL,2013-04-30,2013-04-30,2013-04-30,-15445.0,721.0,0.014758320939804448
HEATOIL,2013-05-07,2013-05-07,2013-05-07,-9407.0,6038.0,0.027882298555739038
HEATOIL,2013-05-14,2013-05-14,2013-05-14,-8281.0,1126.0,-0.018699240087019564
HEATOIL,2013-05-21,2013-05-21,2013-05-21,-4579.0,3702.0,0.01835675087208183
HEATOIL,2013-05-28,2013-05-28,2013-05-28,-5855.0,-1276.0,-0.005254764551366309
HEATOIL,2013-06-04,2013-06-04,2013-06-04,-16200.0,-10345.0,-0.015992346400326707
HEATOIL,2013-06-11,2013-06-11,2013-06-11,-19806.0,-3606.0,-0.0025135289895955593
HEATOIL,2013-06-18,2013-06-18,2013-06-18,-4754.0,15052.0,0.03516725155710421
HEATOIL,2013-06-25,2013-06-25,2013-06-25,-13785.0,-9031.0,-0.03600650047862286
HEATOIL,2013-07-02,2013-07-02,2013-07-02,-10816.0,2969.0,0.014804463957214131
HEATOIL,2013-07-09,2013-07-09,2013-07-09,-497.0,10319.0,0.02920088782605429
HEATOIL,2013-07-16,2013-07-16,2013-07-16,13157.0,13654.0,0.018085352656685538
HEATOIL,2013-07-23,2013-07-23,2013-07-23,29220.0,16063.0,0.008530996843143512
HEATOIL,2013-07-30,2013-07-30,2013-07-30,34567.0,5347.0,-0.020883764810144867
HEATOIL,2013-08-06,2013-08-06,2013-08-06,38067.0,3500.0,0.0011408685297014665
HEATOIL,2013-08-13,2013-08-13,2013-08-13,32380.0,-5687.0,0.012689061707463478
HEATOIL,2013-08-20,2013-08-20,2013-08-20,37765.0,5385.0,0.010360761237002358
HEATOIL,2013-08-27,2013-08-27,2013-08-27,37811.0,46.0,0.02572612601137053
HEATOIL,2013-09-03,2013-09-03,2013-09-03,40576.0,2765.0,-0.00481038732256267
HEATOIL,2013-09-10,2013-09-10,2013-09-10,36357.0,-4219.0,-0.02573813418315385
HEATOIL,2013-09-17,2013-09-17,2013-09-17,30805.0,-5552.0,-0.02267730665790696
HEATOIL,2013-09-24,2013-09-24,2013-09-24,21910.0,-8895.0,-0.013154552103922912
HEATOIL,2013-10-01,2013-10-01,2013-10-01,15735.0,-6175.0,-0.0013596565972785468
HEATOIL,2013-10-08,2013-10-08,2013-10-08,15831.0,96.0,0.02565057781352026
HEATOIL,2013-10-15,2013-10-15,2013-10-15,16563.0,732.0,-0.0054959746340161875
HEATOIL,2013-10-22,2013-10-22,2013-10-22,14053.0,-2510.0,-0.0055597313415717275
HEATOIL,2013-10-29,2013-10-29,2013-10-29,1859.0,-12194.0,-0.010673033015793476
HEATOIL,2013-11-05,2013-11-05,2013-11-05,-1414.0,-3273.0,-0.03303812291266195
HEATOIL,2013-11-12,2013-11-12,2013-11-12,-7187.0,-5773.0,-0.004259634247018695
HEATOIL,2013-11-19,2013-11-19,2013-11-19,-5184.0,2003.0,0.01679312241717934
HEATOIL,2013-11-26,2013-11-26,2013-11-26,10582.0,15766.0,0.04576434395468992
HEATOIL,2013-12-03,2013-12-03,2013-12-03,19398.0,8816.0,0.008293893904599392
HEATOIL,2013-12-10,2013-12-10,2013-12-10,25493.0,6095.0,-0.015554663402147673
HEATOIL,2013-12-17,2013-12-17,2013-12-17,19508.0,-5985.0,-0.018531437456414446
HEATOIL,2013-12-24,2013-12-24,2013-12-24,19720.0,212.0,0.03535788854363836
HEATOIL,2013-12-31,2013-12-31,2013-12-31,26640.0,6920.0,-0.0010760227329025818
HEATOIL,2014-01-07,2014-01-07,2014-01-07,16299.0,-10341.0,-0.03753505627731968
HEATOIL,2014-01-14,2014-01-14,2014-01-14,3580.0,-12719.0,-0.01076731019080307
HEATOIL,2014-01-21,2014-01-21,2014-01-21,6944.0,3364.0,0.014093631905533865
HEATOIL,2014-01-28,2014-01-28,2014-01-28,21394.0,14450.0,0.014398903101354166
HEATOIL,2014-02-04,2014-02-04,2014-02-04,27195.0,5801.0,-0.006831503456834254
HEATOIL,2014-02-11,2014-02-11,2014-02-11,29225.0,2030.0,0.02589273023545763
HEATOIL,2014-02-18,2014-02-18,2014-02-18,35124.0,5899.0,0.01862769714811985
HEATOIL,2014-02-25,2014-02-25,2014-02-25,45693.0,10569.0,-0.003486960340916667
HEATOIL,2014-03-04,2014-03-04,2014-03-04,42277.0,-3416.0,-0.0024747082566417
HEATOIL,2014-03-11,2014-03-11,2014-03-11,33247.0,-9030.0,-0.018814185584247578
HEATOIL,2014-03-18,2014-03-18,2014-03-18,22872.0,-10375.0,-0.013304572331363007
HEATOIL,2014-03-25,2014-03-25,2014-03-25,23709.0,837.0,0.005630722835335167
HEATOIL,2014-04-01,2014-04-01,2014-04-01,22091.0,-1618.0,-0.011945723264145391
HEATOIL,2014-04-08,2014-04-08,2014-04-08,15553.0,-6538.0,0.017140326699654984
HEATOIL,2014-04-15,2014-04-15,2014-04-15,20510.0,4957.0,0.01638160237188596
HEATOIL,2014-04-22,2014-04-22,2014-04-22,33108.0,12598.0,0.005590627687489191
HEATOIL,2014-04-29,2014-04-29,2014-04-29,35751.0,2643.0,-0.010740160296086765
HEATOIL,2014-05-06,2014-05-06,2014-05-06,24805.0,-10946.0,-0.02579299934847823
HEATOIL,2014-05-13,2014-05-13,2014-05-13,25299.0,494.0,0.018722957133571028
HEATOIL,2014-05-20,2014-05-20,2014-05-20,28545.0,3246.0,0.002617224178830202
HEATOIL,2014-05-27,2014-05-27,2014-05-27,27583.0,-962.0,-0.002208894242572923
HEATOIL,2014-06-03,2014-06-03,2014-06-03,19920.0,-7663.0,-0.024542610870211423
HEATOIL,2014-06-10,2014-06-10,2014-06-10,16109.0,-3811.0,0.006106253577555287
HEATOIL,2014-06-17,2014-06-17,2014-06-17,27025.0,10916.0,0.045538466785383314
HEATOIL,2014-06-24,2014-06-24,2014-06-24,39805.0,12780.0,0.007638148677520107
HEATOIL,2014-07-01,2014-07-01,2014-07-01,38816.0,-989.0,-0.022862313943753765
HEATOIL,2014-07-08,2014-07-08,2014-07-08,23640.0,-15176.0,-0.03467100122270206
HEATOIL,2014-07-15,2014-07-15,2014-07-15,9859.0,-13781.0,-0.0068437501139611
HEATOIL,2014-07-22,2014-07-22,2014-07-22,-191.0,-10050.0,-0.0017793909410355746
HEATOIL,2014-07-29,2014-07-29,2014-07-29,-7318.0,-7127.0,0.01720688474638793
HEATOIL,2014-08-05,2014-08-05,2014-08-05,-16931.0,-9613.0,-0.023114458966939033
HEATOIL,2014-08-12,2014-08-12,2014-08-12,-11336.0,5595.0,-0.001086213950768966
HEATOIL,2014-08-19,2014-08-19,2014-08-19,-5158.0,6178.0,-0.010502299174242113
HEATOIL,2014-08-26,2014-08-26,2014-08-26,-11002.0,-5844.0,0.009309609518001416
HEATOIL,2014-09-02,2014-09-02,2014-09-02,-15696.0,-4694.0,-0.017870237052010796
HEATOIL,2014-09-09,2014-09-09,2014-09-09,-18116.0,-2420.0,-0.00232006243307481
HEATOIL,2014-09-16,2014-09-16,2014-09-16,-19303.0,-1187.0,-0.012658396871923216
HEATOIL,2014-09-23,2014-09-23,2014-09-23,-23976.0,-4673.0,-0.027368816372261684
HEATOIL,2014-09-30,2014-09-30,2014-09-30,-27478.0,-3502.0,-0.014272310592291781
HEATOIL,2014-10-07,2014-10-07,2014-10-07,-27522.0,-44.0,-0.017045759415977524
HEATOIL,2014-10-14,2014-10-14,2014-10-14,-29336.0,-1814.0,-0.056269147673529196
HEATOIL,2014-10-21,2014-10-21,2014-10-21,-26549.0,2787.0,0.011237657279979912
HEATOIL,2014-10-28,2014-10-28,2014-10-28,-30026.0,-3477.0,-0.006429081492645511
HEATOIL,2014-11-04,2014-11-04,2014-11-04,-24406.0,5620.0,-0.015516764699174873
HEATOIL,2014-11-11,2014-11-11,2014-11-11,-22561.0,1845.0,0.006864174040280946
HEATOIL,2014-11-18,2014-11-18,2014-11-18,-17354.0,5207.0,-0.03873058531129203
HEATOIL,2014-11-25,2014-11-25,2014-11-25,-21461.0,-4107.0,-0.006326582042957052
HEATOIL,2014-12-02,2014-12-02,2014-12-02,-18485.0,2976.0,-0.08156117175335964
HEATOIL,2014-12-09,2014-12-09,2014-12-09,-20493.0,-2008.0,-0.040187796076348925
HEATOIL,2014-12-16,2014-12-16,2014-12-16,-21465.0,-972.0,-0.08062048430016171
HEATOIL,2014-12-23,2014-12-23,2014-12-23,-22054.0,-589.0,0.025111565943417666
HEATOIL,2014-12-30,2014-12-30,2014-12-30,-26549.0,-4495.0,-0.05806602866953778
HEATOIL,2015-01-06,2015-01-06,2015-01-06,-22682.0,3867.0,-0.07432167048530391
HEATOIL,2015-01-13,2015-01-13,2015-01-13,-27219.0,-4537.0,-0.056450449208608616
HEATOIL,2015-01-20,2015-01-20,2015-01-20,-28223.0,-1004.0,-0.006829814449334393
HEATOIL,2015-01-27,2015-01-27,2015-01-27,-29037.0,-814.0,0.03076975341311175
HEATOIL,2015-02-03,2015-02-03,2015-02-03,-28427.0,610.0,0.11597072932657335
HEATOIL,2015-02-10,2015-02-10,2015-02-10,-32431.0,-4004.0,-0.006615603818392574
HEATOIL,2015-02-17,2015-02-17,2015-02-17,-20214.0,12217.0,0.06041961809799096
HEATOIL,2015-02-24,2015-02-24,2015-02-24,-14897.0,5317.0,-0.02429696059237378
HEATOIL,2015-03-03,2015-03-03,2015-03-03,-11307.0,3590.0,0.037195139073167224
HEATOIL,2015-03-10,2015-03-10,2015-03-10,-12703.0,-1396.0,-0.06911278185409576
HEATOIL,2015-03-17,2015-03-17,2015-03-17,-19929.0,-7226.0,-0.060178543696194284
HEATOIL,2015-03-24,2015-03-24,2015-03-24,-25448.0,-5519.0,0.015167066028726722
HEATOIL,2015-03-31,2015-03-31,2015-03-31,-25489.0,-41.0,0.004283164350147528
HEATOIL,2015-04-07,2015-04-07,2015-04-07,-32072.0,-6583.0,0.04354956936934777
HEATOIL,2015-04-14,2015-04-14,2015-04-14,-23251.0,8821.0,0.00650490159612601
HEATOIL,2015-04-21,2015-04-21,2015-04-21,-20407.0,2844.0,0.028517173330582353
HEATOIL,2015-04-28,2015-04-28,2015-04-28,-13690.0,6717.0,0.03373277924335988
HEATOIL,2015-05-05,2015-05-05,2015-05-05,-8944.0,4746.0,0.047690928819785
HEATOIL,2015-05-12,2015-05-12,2015-05-12,-8719.0,225.0,-0.008751485420741216
HEATOIL,2015-05-19,2015-05-19,2015-05-19,-4772.0,3947.0,-0.036051391265786374
HEATOIL,2015-05-26,2015-05-26,2015-05-26,-3972.0,800.0,-0.014183155681226547
HEATOIL,2015-06-02,2015-06-02,2015-06-02,-5340.0,-1368.0,0.02207948537179624
HEATOIL,2015-06-09,2015-06-09,2015-06-09,-6251.0,-911.0,-0.014276753251395782
HEATOIL,2015-06-16,2015-06-16,2015-06-16,-3343.0,2908.0,-0.018282811041417615
HEATOIL,2015-06-23,2015-06-23,2015-06-23,-1243.0,2100.0,0.014329825554824802
HEATOIL,2015-06-30,2015-06-30,2015-06-30,-4575.0,-3332.0,-0.01517607302691711
HEATOIL,2015-07-07,2015-07-07,2015-07-07,-15931.0,-11356.0,-0.0968026546462331
HEATOIL,2015-07-14,2015-07-14,2015-07-14,-17387.0,-1456.0,0.0075498154192013
HEATOIL,2015-07-21,2015-07-21,2015-07-21,-18985.0,-1598.0,-0.030192292168961243
HEATOIL,2015-07-28,2015-07-28,2015-07-28,-18568.0,417.0,-0.04706964971927752
HEATOIL,2015-08-04,2015-08-04,2015-08-04,-25298.0,-6730.0,-0.0401023288115859
HEATOIL,2015-08-11,2015-08-11,2015-08-11,-28498.0,-3200.0,0.004589210680418315
HEATOIL,2015-08-18,2015-08-18,2015-08-18,-27513.0,985.0,-0.002674479434216559
HEATOIL,2015-08-25,2015-08-25,2015-08-25,-28859.0,-1346.0,-0.10590619505992246
HEATOIL,2015-09-01,2015-09-01,2015-09-01,-27015.0,1844.0,0.11360531815905489
HEATOIL,2015-09-08,2015-09-08,2015-09-08,-23707.0,3308.0,0.008545194676314039
HEATOIL,2015-09-15,2015-09-15,2015-09-15,-25845.0,-2138.0,-0.0559425682668408
HEATOIL,2015-09-22,2015-09-22,2015-09-22,-25892.0,-47.0,0.022021741526346422
HEATOIL,2015-09-29,2015-09-29,2015-09-29,-29826.0,-3934.0,-0.02031548044826012
HEATOIL,2015-10-06,2015-10-06,2015-10-06,-23136.0,6690.0,0.05637005885793078
HEATOIL,2015-10-13,2015-10-13,2015-10-13,-27358.0,-4222.0,-0.08111433864518364
HEATOIL,2015-10-20,2015-10-20,2015-10-20,-30232.0,-2874.0,-0.019030325040807816
HEATOIL,2015-10-27,2015-10-27,2015-10-27,-34915.0,-4683.0,-0.022300671072767564
HEATOIL,2015-11-03,2015-11-03,2015-11-03,-30614.0,4301.0,0.07631292278145646
HEATOIL,2015-11-10,2015-11-10,2015-11-10,-28428.0,2186.0,-0.05289912349288828
HEATOIL,2015-11-17,2015-11-17,2015-11-17,-37045.0,-8617.0,-0.08088425350993622
HEATOIL,2015-11-24,2015-11-24,2015-11-24,-44557.0,-7512.0,0.026853925937852074
HEATOIL,2015-12-01,2015-12-01,2015-12-01,-40883.0,3674.0,-0.03895919032423378
HEATOIL,2015-12-08,2015-12-08,2015-12-08,-39105.0,1778.0,-0.08223605142850937
HEATOIL,2015-12-15,2015-12-15,2015-12-15,-40381.0,-1276.0,-0.08080133711945353
HEATOIL,2015-12-22,2015-12-22,2015-12-22,-37958.0,2423.0,-0.05708401295305554
HEATOIL,2015-12-29,2015-12-29,2015-12-29,-34729.0,3229.0,0.03388071998532294
HEATOIL,2016-01-05,2016-01-05,2016-01-05,-30582.0,4147.0,-0.03450577401444532
HEATOIL,2016-01-12,2016-01-12,2016-01-12,-21981.0,8601.0,-0.12603159067295944
HEATOIL,2016-01-19,2016-01-19,2016-01-19,-24145.0,-2164.0,-0.08953781569586039
HEATOIL,2016-01-26,2016-01-26,2016-01-26,-20952.0,3193.0,0.06189925425759846
HEATOIL,2016-02-02,2016-02-02,2016-02-02,-23343.0,-2391.0,0.028068457532054336
HEATOIL,2016-02-09,2016-02-09,2016-02-09,-21571.0,1772.0,-0.03623729156689681
HEATOIL,2016-02-16,2016-02-16,2016-02-16,-19163.0,2408.0,0.052817881816052625
HEATOIL,2016-02-23,2016-02-23,2016-02-23,-22531.0,-3368.0,-0.0008658425669596514
HEATOIL,2016-03-01,2016-03-01,2016-03-01,-25833.0,-3302.0,0.05623539430622082
HEATOIL,2016-03-08,2016-03-08,2016-03-08,-21673.0,4160.0,0.0801733219388624
HEATOIL,2016-03-15,2016-03-15,2016-03-15,-19092.0,2581.0,-0.020416525170777966
HEATOIL,2016-03-22,2016-03-22,2016-03-22,-13041.0,6051.0,0.06107023035176551
HEATOIL,2016-03-29,2016-03-29,2016-03-29,-16765.0,-3724.0,-0.07847969727490778
HEATOIL,2016-04-05,2016-04-05,2016-04-05,-21073.0,-4308.0,-0.07933977489387323
HEATOIL,2016-04-12,2016-04-12,2016-04-12,-9338.0,11735.0,0.1615211766471536
HEATOIL,2016-04-19,2016-04-19,2016-04-19,-8680.0,658.0,-0.010564718523068839
HEATOIL,2016-04-26,2016-04-26,2016-04-26,-580.0,8100.0,0.051816326491228915
HEATOIL,2016-05-03,2016-05-03,2016-05-03,3777.0,4357.0,-0.0022425873616149783
HEATOIL,2016-05-10,2016-05-10,2016-05-10,2438.0,-1339.0,0.0032691908156541327
HEATOIL,2016-05-17,2016-05-17,2016-05-17,5811.0,3373.0,0.08840125703509827
HEATOIL,2016-05-24,2016-05-24,2016-05-24,12936.0,7125.0,0.01369006780707377
HEATOIL,2016-05-31,2016-05-31,2016-05-31,15419.0,2483.0,0.00274238491660056
HEATOIL,2016-06-07,2016-06-07,2016-06-07,14045.0,-1374.0,0.02783323640676927
HEATOIL,2016-06-14,2016-06-14,2016-06-14,15903.0,1858.0,-0.02551158765740874
HEATOIL,2016-06-21,2016-06-21,2016-06-21,16233.0,330.0,0.011200538755693656
HEATOIL,2016-06-28,2016-06-28,2016-06-28,12613.0,-3620.0,-0.0281053611937504
HEATOIL,2016-07-05,2016-07-05,2016-07-05,17051.0,4438.0,-0.024397100405099736
HEATOIL,2016-07-12,2016-07-12,2016-07-12,19453.0,2402.0,0.011788754412529023
HEATOIL,2016-07-19,2016-07-19,2016-07-19,15267.0,-4186.0,-0.051764881286174846
HEATOIL,2016-07-26,2016-07-26,2016-07-26,12115.0,-3152.0,-0.04119741373046065
HEATOIL,2016-08-02,2016-08-02,2016-08-02,6520.0,-5595.0,-0.07290428905889668
HEATOIL,2016-08-09,2016-08-09,2016-08-09,1461.0,-5059.0,0.05535909189379562
HEATOIL,2016-08-16,2016-08-16,2016-08-16,10166.0,8705.0,0.08881719664046844
HEATOIL,2016-08-23,2016-08-23,2016-08-23,21318.0,11152.0,0.024603701308953396
HEATOIL,2016-08-30,2016-08-30,2016-08-30,21928.0,610.0,-0.022378556262191984
HEATOIL,2016-09-06,2016-09-06,2016-09-06,9403.0,-12525.0,-0.052595212849595396
HEATOIL,2016-09-13,2016-09-13,2016-09-13,3777.0,-5626.0,0.009342604383517028
HEATOIL,2016-09-20,2016-09-20,2016-09-20,-2512.0,-6289.0,-0.01693650953089826
HEATOIL,2016-09-27,2016-09-27,2016-09-27,-2273.0,239.0,-0.0004941932396105297
HEATOIL,2016-10-04,2016-10-04,2016-10-04,5969.0,8242.0,0.09356346120635756
HEATOIL,2016-10-11,2016-10-11,2016-10-11,8912.0,2943.0,0.024862461853454698
HEATOIL,2016-10-18,2016-10-18,2016-10-18,8265.0,-647.0,-0.010022006840340825
HEATOIL,2016-10-25,2016-10-25,2016-10-25,12081.0,3816.0,-0.004922387826220842
HEATOIL,2016-11-01,2016-11-01,2016-11-01,17422.0,5341.0,-0.04384331863924695
HEATOIL,2016-11-08,2016-11-08,2016-11-08,8232.0,-9190.0,-0.04646713117653395
HEATOIL,2016-11-15,2016-11-15,2016-11-15,558.0,-7674.0,-0.002192382352523947
HEATOIL,2016-11-22,2016-11-22,2016-11-22,4138.0,3580.0,0.05510631735026189
HEATOIL,2016-11-29,2016-11-29,2016-11-29,9801.0,5663.0,-0.04161745556431812
HEATOIL,2016-12-06,2016-12-06,2016-12-06,24482.0,14681.0,0.10499271281655431
HEATOIL,2016-12-13,2016-12-13,2016-12-13,27547.0,3065.0,0.02247688623307048
HEATOIL,2016-12-20,2016-12-20,2016-12-20,27706.0,159.0,-0.0017157229471351787
HEATOIL,2016-12-27,2016-12-27,2016-12-27,33329.0,5623.0,0.016618603785646224
HEATOIL,2017-01-03,2017-01-03,2017-01-03,38935.0,5606.0,-0.021030512193411954
HEATOIL,2017-01-10,2017-01-10,2017-01-10,31944.0,-6991.0,-0.04055343595131494
HEATOIL,2017-01-17,2017-01-17,2017-01-17,33689.0,1745.0,0.023193856637812205
HEATOIL,2017-01-24,2017-01-24,2017-01-24,34081.0,392.0,-0.001806902858654813
HEATOIL,2017-01-31,2017-01-31,2017-01-31,31642.0,-2439.0,-0.01702375742712786
HEATOIL,2017-02-07,2017-02-07,2017-02-07,33298.0,1656.0,-0.004283185890989416
HEATOIL,2017-02-14,2017-02-14,2017-02-14,30235.0,-3063.0,0.01146214231759718
HEATOIL,2017-02-21,2017-02-21,2017-02-21,31129.0,894.0,0.0019379851026785633
HEATOIL,2017-02-28,2017-02-28,2017-02-28,31575.0,446.0,-0.007835555015974105
HEATOIL,2017-03-07,2017-03-07,2017-03-07,31771.0,196.0,-0.015767606505669718
HEATOIL,2017-03-14,2017-03-14,2017-03-14,25942.0,-5829.0,-0.07979120959052544
HEATOIL,2017-03-21,2017-03-21,2017-03-21,18157.0,-7785.0,0.007576800835745912
HEATOIL,2017-03-28,2017-03-28,2017-03-28,17879.0,-278.0,0.006467815577677838
HEATOIL,2017-04-04,2017-04-04,2017-04-04,18522.0,643.0,0.04685940339604078
HEATOIL,2017-04-11,2017-04-11,2017-04-11,28502.0,9980.0,0.03640560411420746
HEATOIL,2017-04-18,2017-04-18,2017-04-18,32607.0,4105.0,-0.016779529192012144
HEATOIL,2017-04-25,2017-04-25,2017-04-25,24467.0,-8140.0,-0.05112874349013474
HEATOIL,2017-05-02,2017-05-02,2017-05-02,-722.0,-25189.0,-0.05475992056386442
HEATOIL,2017-05-09,2017-05-09,2017-05-09,-9313.0,-8591.0,-0.019026032442444385
HEATOIL,2017-05-16,2017-05-16,2017-05-16,-3722.0,5591.0,0.05098232225160321
HEATOIL,2017-05-23,2017-05-23,2017-05-23,11130.0,14852.0,0.05697965707453223
HEATOIL,2017-05-30,2017-05-30,2017-05-30,16938.0,5808.0,-0.037151281136591996
HEATOIL,2017-06-06,2017-06-06,2017-06-06,-5447.0,-22385.0,-0.05677237240621613
HEATOIL,2017-06-13,2017-06-13,2017-06-13,-24416.0,-18969.0,-0.014060705337368029
HEATOIL,2017-06-20,2017-06-20,2017-06-20,-26196.0,-1780.0,-0.03682600233996669
HEATOIL,2017-06-27,2017-06-27,2017-06-27,-32528.0,-6332.0,0.012121360532344916
HEATOIL,2017-07-04,2017-07-03,2017-07-03,-21372.0,11156.0,0.06336943436873571
HEATOIL,2017-07-11,2017-07-11,2017-07-11,-11080.0,10292.0,-0.026264674660769705
HEATOIL,2017-07-18,2017-07-18,2017-07-18,-12817.0,-1737.0,0.022969561622631973
HEATOIL,2017-07-25,2017-07-25,2017-07-25,-2540.0,10277.0,0.03763519389400005
HEATOIL,2017-08-01,2017-08-01,2017-08-01,17614.0,20154.0,0.04343631461263836
HEATOIL,2017-08-08,2017-08-08,2017-08-08,23884.0,6270.0,-0.007260778107647303
HEATOIL,2017-08-15,2017-08-15,2017-08-15,31813.0,7929.0,-0.01785596234766973
HEATOIL,2017-08-22,2017-08-22,2017-08-22,18995.0,-12818.0,-0.0048744003523623625
HEATOIL,2017-08-29,2017-08-29,2017-08-29,29187.0,10192.0,0.03550814531320329
HEATOIL,2017-09-05,2017-09-05,2017-09-05,40211.0,11024.0,0.058673058275093226
HEATOIL,2017-09-12,2017-09-12,2017-09-12,45605.0,5394.0,0.0012115269604319745
HEATOIL,2017-09-19,2017-09-19,2017-09-19,50796.0,5191.0,0.017772404123114094
HEATOIL,2017-09-26,2017-09-26,2017-09-26,61710.0,10914.0,0.04046169172605013
HEATOIL,2017-10-03,2017-10-03,2017-10-03,61754.0,44.0,-0.04694964042365629
HEATOIL,2017-10-10,2017-10-10,2017-10-10,56801.0,-4953.0,0.007966356003122455
HEATOIL,2017-10-17,2017-10-17,2017-10-17,59105.0,2304.0,0.024963517164510562
HEATOIL,2017-10-24,2017-10-24,2017-10-24,59885.0,780.0,0.0074898466667314145
HEATOIL,2017-10-31,2017-10-31,2017-10-31,66300.0,6415.0,0.03127364584836473
HEATOIL,2017-11-07,2017-11-07,2017-11-07,69575.0,3275.0,0.024635539555030256
HEATOIL,2017-11-14,2017-11-14,2017-11-14,71975.0,2400.0,-0.00844106721007018
HEATOIL,2017-11-21,2017-11-21,2017-11-21,71972.0,-3.0,0.014029119211766417
HEATOIL,2017-11-28,2017-11-28,2017-11-28,73690.0,1718.0,0.0076073355820345245
HEATOIL,2017-12-05,2017-12-05,2017-12-05,60860.0,-12830.0,-0.020439770779262456
HEATOIL,2017-12-12,2017-12-12,2017-12-12,63337.0,2477.0,0.009718653528997867
HEATOIL,2017-12-19,2017-12-19,2017-12-19,64693.0,1356.0,0.003871472121658448
HEATOIL,2017-12-26,2017-12-26,2017-12-26,81292.0,16599.0,0.04876563061365985
HEATOIL,2018-01-02,2018-01-02,2018-01-02,90949.0,9657.0,0.009412278208028757
HEATOIL,2018-01-09,2018-01-09,2018-01-09,95303.0,4354.0,0.011541034745236739
HEATOIL,2018-01-16,2018-01-16,2018-01-16,93817.0,-1486.0,0.0009233835370452137
HEATOIL,2018-01-23,2018-01-23,2018-01-23,97269.0,3452.0,0.011446911921188574
HEATOIL,2018-01-30,2018-01-30,2018-01-30,95897.0,-1372.0,-0.007326393208457488
HEATOIL,2018-02-06,2018-02-06,2018-02-06,80730.0,-15167.0,-0.03873627016874512
HEATOIL,2018-02-13,2018-02-13,2018-02-13,49224.0,-31506.0,-0.07392514435171699
HEATOIL,2018-02-20,2018-02-20,2018-02-20,40020.0,-9204.0,0.04779393109304525
HEATOIL,2018-02-27,2018-02-27,2018-02-27,44974.0,4954.0,0.021772361957929448
HEATOIL,2018-03-06,2018-03-06,2018-03-06,39782.0,-5192.0,-0.031214976522922683
HEATOIL,2018-03-13,2018-03-13,2018-03-13,37726.0,-2056.0,-0.017324681979164036
HEATOIL,2018-03-20,2018-03-20,2018-03-20,44405.0,6679.0,0.03974517221447493
HEATOIL,2018-03-27,2018-03-27,2018-03-27,50633.0,6228.0,0.03580790887812174
HEATOIL,2018-04-03,2018-04-03,2018-04-03,50806.0,173.0,-0.015547436599820913
HEATOIL,2018-04-10,2018-04-10,2018-04-10,49442.0,-1364.0,0.031784797612766674
HEATOIL,2018-04-17,2018-04-17,2018-04-17,61866.0,12424.0,-0.0012658229538296817
HEATOIL,2018-04-24,2018-04-24,2018-04-24,69249.0,7383.0,0.0314578804672776
HEATOIL,2018-05-01,2018-05-01,2018-05-01,70504.0,1255.0,-0.00754908220945022
HEATOIL,2018-05-08,2018-05-08,2018-05-08,77357.0,6853.0,0.025384583718012985
HEATOIL,2018-05-15,2018-05-15,2018-05-15,86232.0,8875.0,0.0422049663451491
HEATOIL,2018-05-22,2018-05-22,2018-05-22,86464.0,232.0,0.015043865860639792
HEATOIL,2018-05-29,2018-05-29,2018-05-29,86409.0,-55.0,-0.0432109215923508
HEATOIL,2018-06-05,2018-06-05,2018-06-05,74367.0,-12042.0,-0.017451205788715604
HEATOIL,2018-06-12,2018-06-12,2018-06-12,66722.0,-7645.0,0.008723953241166024
HEATOIL,2018-06-19,2018-06-19,2018-06-19,65336.0,-1386.0,-0.018936249798835167
HEATOIL,2018-06-26,2018-06-26,2018-06-26,54309.0,-11027.0,0.00408806339608897
HEATOIL,2018-07-03,2018-07-03,2018-07-03,55956.0,1647.0,0.015001693363191501
HEATOIL,2018-07-10,2018-07-10,2018-07-10,60556.0,4600.0,0.02555613801724675
HEATOIL,2018-07-17,2018-07-17,2018-07-17,43982.0,-16574.0,-0.07068436802982417
HEATOIL,2018-07-24,2018-07-24,2018-07-24,56197.0,12215.0,0.02971831727874752
HEATOIL,2018-07-31,2018-07-31,2018-07-31,59170.0,2973.0,-0.00023390171556580963
HEATOIL,2018-08-07,2018-08-07,2018-08-07,57204.0,-1966.0,0.013381378047439885
HEATOIL,2018-08-14,2018-08-14,2018-08-14,56782.0,-422.0,-0.01908446007212794
HEATOIL,2018-08-21,2018-08-21,2018-08-21,50596.0,-6186.0,-0.002346757859146148
HEATOIL,2018-08-28,2018-08-28,2018-08-28,59244.0,8648.0,0.04092536777768549
HEATOIL,2018-09-04,2018-09-04,2018-09-04,62899.0,3655.0,0.016589548576815244
HEATOIL,2018-09-11,2018-09-11,2018-09-11,56969.0,-5930.0,-0.0008865248807568976
HEATOIL,2018-09-18,2018-09-18,2018-09-18,53416.0,-3553.0,-0.00716529913132731
HEATOIL,2018-09-25,2018-09-25,2018-09-25,55607.0,2191.0,0.031132972146662316
HEATOIL,2018-10-02,2018-10-02,2018-10-02,62777.0,7170.0,0.04138704149762198
HEATOIL,2018-10-09,2018-10-09,2018-10-09,62436.0,-341.0,0.00591240636575357
HEATOIL,2018-10-16,2018-10-16,2018-10-16,56485.0,-5951.0,-0.03519880117697598
HEATOIL,2018-10-23,2018-10-23,2018-10-23,49386.0,-7099.0,-0.04007679493146647
HEATOIL,2018-10-30,2018-10-30,2018-10-30,45281.0,-4105.0,0.004213520526490502
HEATOIL,2018-11-06,2018-11-06,2018-11-06,39387.0,-5894.0,-0.034531369411517215
HEATOIL,2018-11-13,2018-11-13,2018-11-13,31176.0,-8211.0,-0.058468019646813515
HEATOIL,2018-11-20,2018-11-20,2018-11-20,24858.0,-6318.0,-0.036805461899756864
HEATOIL,2018-11-27,2018-11-27,2018-11-27,14740.0,-10118.0,-0.05145796421164617
HEATOIL,2018-12-04,2018-12-04,2018-12-04,7602.0,-7138.0,0.009290553161067194
HEATOIL,2018-12-11,2018-12-11,2018-12-11,7258.0,-344.0,-0.028673686595901804
HEATOIL,2018-12-18,2018-12-18,2018-12-18,1305.0,-5953.0,-0.05125895510397893
HEATOIL,2018-12-25,2018-12-24,2018-12-24,2309.0,1004.0,-0.05463333403088272
HEATOIL,2019-01-01,2018-12-31,2018-12-31,1122.0,-1187.0,0.014998181435352864
HEATOIL,2019-01-08,2019-01-08,2019-01-08,-265.0,-1387.0,0.08574303200957495
HEATOIL,2019-01-15,2019-01-15,2019-01-15,4489.0,4754.0,0.024754276689954613
HEATOIL,2019-01-22,2019-01-22,2019-01-22,2915.0,-1574.0,0.015007465954177013
HEATOIL,2019-01-29,2019-01-29,2019-01-29,2205.0,-710.0,0.0006864324265623833
HEATOIL,2019-02-05,2019-02-05,2019-02-05,-960.0,-3165.0,0.0018892802923090035
HEATOIL,2019-02-12,2019-02-12,2019-02-12,963.0,1923.0,0.006537693976973624
HEATOIL,2019-02-19,2019-02-19,2019-02-19,6870.0,5907.0,0.047766139563448134
HEATOIL,2019-02-26,2019-02-26,2019-02-26,9331.0,2461.0,0.0010515511346777806
HEATOIL,2019-03-05,2019-03-05,2019-03-05,10574.0,1243.0,0.009549523582306235
HEATOIL,2019-03-12,2019-03-12,2019-03-12,8102.0,-2472.0,-0.012756870265267894
HEATOIL,2019-03-19,2019-03-19,2019-03-19,3731.0,-4371.0,0.002413759594938031
HEATOIL,2019-03-26,2019-03-26,2019-03-26,-1042.0,-4773.0,5.022475579261054e-05
HEATOIL,2019-04-02,2019-04-02,2019-04-02,-4717.0,-3675.0,0.009066677263593836
HEATOIL,2019-04-09,2019-04-09,2019-04-09,1046.0,5763.0,0.01738660292244637
HEATOIL,2019-04-16,2019-04-16,2019-04-16,3762.0,2716.0,0.01742541671385911
HEATOIL,2019-04-23,2019-04-23,2019-04-23,4300.0,538.0,0.017221299965739706
HEATOIL,2019-04-30,2019-04-30,2019-04-30,2017.0,-2283.0,-0.020152655533162867
HEATOIL,2019-05-07,2019-05-07,2019-05-07,446.0,-1571.0,-0.02048018781599978
HEATOIL,2019-05-14,2019-05-14,2019-05-14,-1378.0,-1824.0,0.010971705819291883
HEATOIL,2019-05-21,2019-05-21,2019-05-21,4732.0,6110.0,0.009988743268065176
HEATOIL,2019-05-28,2019-05-28,2019-05-28,-7390.0,-12122.0,-0.04362276325636691
HEATOIL,2019-06-04,2019-06-04,2019-06-04,-13109.0,-5719.0,-0.09019133561978929
HEATOIL,2019-06-11,2019-06-11,2019-06-11,-19096.0,-5987.0,0.0013131259751927304
HEATOIL,2019-06-18,2019-06-18,2019-06-18,-14393.0,4703.0,0.0031117808650253376
HEATOIL,2019-06-25,2019-06-25,2019-06-25,-3839.0,10554.0,0.0511597413729378
HEATOIL,2019-07-02,2019-07-02,2019-07-02,1716.0,5555.0,-0.02357304346946046
HEATOIL,2019-07-09,2019-07-09,2019-07-09,4844.0,3128.0,0.012543133301046755
HEATOIL,2019-07-16,2019-07-16,2019-07-16,7317.0,2473.0,-0.002245138653560713
HEATOIL,2019-07-23,2019-07-23,2019-07-23,6249.0,-1068.0,0.00863958741297452
HEATOIL,2019-07-30,2019-07-30,2019-07-30,12804.0,6555.0,0.011797267389260874
HEATOIL,2019-08-06,2019-08-06,2019-08-06,11819.0,-985.0,-0.06857599787393842
HEATOIL,2019-08-13,2019-08-13,2019-08-13,3110.0,-8709.0,0.029783820923290183
HEATOIL,2019-08-20,2019-08-20,2019-08-20,4953.0,1843.0,-0.012763517372731792
HEATOIL,2019-08-27,2019-08-27,2019-08-27,670.0,-4283.0,-0.02041552065579516
HEATOIL,2019-09-03,2019-09-03,2019-09-03,-3593.0,-4263.0,-0.010675467260445215
HEATOIL,2019-09-10,2019-09-10,2019-09-10,5287.0,8880.0,0.06765192076265716
HEATOIL,2019-09-17,2019-09-17,2019-09-17,10013.0,4726.0,0.02887071884824624
HEATOIL,2019-09-24,2019-09-24,2019-09-24,10614.0,601.0,-0.013107806792739651
HEATOIL,2019-10-01,2019-10-01,2019-10-01,5299.0,-5315.0,-0.034041846792654595
HEATOIL,2019-10-08,2019-10-08,2019-10-08,-1134.0,-6433.0,0.0012700430346623826
HEATOIL,2019-10-15,2019-10-15,2019-10-15,5294.0,6428.0,0.0051167195900407025
HEATOIL,2019-10-22,2019-10-22,2019-10-22,14604.0,9310.0,0.0150394479592382
HEATOIL,2019-10-29,2019-10-29,2019-10-29,21118.0,6514.0,0.008515521227656975
HEATOIL,2019-11-05,2019-11-05,2019-11-05,13184.0,-7934.0,0.006162366939131136
HEATOIL,2019-11-12,2019-11-12,2019-11-12,7108.0,-6076.0,-0.028609045721430776
HEATOIL,2019-11-19,2019-11-19,2019-11-19,7440.0,332.0,-0.021117406072111794
HEATOIL,2019-11-26,2019-11-26,2019-11-26,14828.0,7388.0,0.053769342589803454
HEATOIL,2019-12-03,2019-12-03,2019-12-03,4255.0,-10573.0,-0.040970354539488635
HEATOIL,2019-12-10,2019-12-10,2019-12-10,15170.0,10915.0,0.0451047655973891
HEATOIL,2019-12-17,2019-12-17,2019-12-17,16336.0,1166.0,0.0340933578196673
HEATOIL,2019-12-24,2019-12-24,2019-12-24,20298.0,3962.0,0.0027525207842908073
HEATOIL,2019-12-31,2019-12-31,2019-12-31,20967.0,669.0,-0.007142711582027311
HEATOIL,2020-01-07,2020-01-07,2020-01-07,18564.0,-2403.0,0.007854025406154125
HEATOIL,2020-01-14,2020-01-14,2020-01-14,2784.0,-15780.0,-0.061067546108230286
HEATOIL,2020-01-21,2020-01-21,2020-01-21,1607.0,-1177.0,-0.04126883422667246
HEATOIL,2020-01-28,2020-01-28,2020-01-28,-14312.0,-15919.0,-0.06676843601165322
HEATOIL,2020-02-04,2020-02-04,2020-02-04,-21850.0,-7538.0,-0.07954747859836381
HEATOIL,2020-02-11,2020-02-11,2020-02-11,-17853.0,3997.0,0.02248545419789616
HEATOIL,2020-02-18,2020-02-18,2020-02-18,-15961.0,1892.0,0.027578738697092542
HEATOIL,2020-02-25,2020-02-25,2020-02-25,-25174.0,-9213.0,-0.0638916363443578
HEATOIL,2020-03-03,2020-03-03,2020-03-03,-28931.0,-3757.0,-0.022559684859527473
HEATOIL,2020-03-10,2020-03-10,2020-03-10,-19004.0,9927.0,-0.19817603078430035
HEATOIL,2020-03-17,2020-03-17,2020-03-17,-2429.0,16575.0,-0.1853144449222136
HEATOIL,2020-03-24,2020-03-24,2020-03-24,-2779.0,-350.0,0.04126044426132447
HEATOIL,2020-03-31,2020-03-31,2020-03-31,-4166.0,-1387.0,-0.07878995510506703
HEATOIL,2020-04-07,2020-04-07,2020-04-07,-1335.0,2831.0,0.037325322243258796
HEATOIL,2020-04-14,2020-04-14,2020-04-14,-1316.0,19.0,-0.0683641893664465
HEATOIL,2020-04-21,2020-04-21,2020-04-21,-3795.0,-2479.0,-0.2520677348978214
HEATOIL,2020-04-28,2020-04-28,2020-04-28,-3601.0,194.0,-0.07570449428435277
HEATOIL,2020-05-05,2020-05-05,2020-05-05,-4949.0,-1348.0,0.2143935485419286
HEATOIL,2020-05-12,2020-05-12,2020-05-12,-11155.0,-6206.0,-0.06357652010138026
HEATOIL,2020-05-19,2020-05-19,2020-05-19,-8273.0,2882.0,0.14310084364067321
HEATOIL,2020-05-26,2020-05-26,2020-05-26,-12135.0,-3862.0,0.015095366038182179
HEATOIL,2020-06-02,2020-06-02,2020-06-02,-11784.0,351.0,0.05304258642854209
HEATOIL,2020-06-09,2020-06-09,2020-06-09,-12688.0,-904.0,0.054716434474928355
HEATOIL,2020-06-16,2020-06-16,2020-06-16,-10981.0,1707.0,0.014622109258579985
HEATOIL,2020-06-23,2020-06-23,2020-06-23,-11958.0,-977.0,0.013917878543123763
HEATOIL,2020-06-30,2020-06-30,2020-06-30,-12515.0,-557.0,-0.024147717880359743
HEATOIL,2020-07-07,2020-07-07,2020-07-07,-10576.0,1939.0,0.04213718112754106
HEATOIL,2020-07-14,2020-07-14,2020-07-14,-9794.0,782.0,-0.015654797287741773
HEATOIL,2020-07-21,2020-07-21,2020-07-21,-6175.0,3619.0,0.042532643156674155
HEATOIL,2020-07-28,2020-07-28,2020-07-28,-3716.0,2459.0,-0.031668656692894315
HEATOIL,2020-08-04,2020-08-04,2020-08-04,-2293.0,1423.0,0.00731548537768989
HEATOIL,2020-08-11,2020-08-11,2020-08-11,-527.0,1766.0,-0.011128326041811465
HEATOIL,2020-08-18,2020-08-18,2020-08-18,4733.0,5260.0,0.017699577099400843
HEATOIL,2020-08-25,2020-08-25,2020-08-25,1716.0,-3017.0,-0.0061788941647310525
HEATOIL,2020-09-01,2020-09-01,2020-09-01,-9493.0,-11209.0,-0.0367678827953255
HEATOIL,2020-09-08,2020-09-08,2020-09-08,-18564.0,-9071.0,-0.13364552051636203
HEATOIL,2020-09-15,2020-09-15,2020-09-15,-12047.0,6517.0,0.018724259217416495
HEATOIL,2020-09-22,2020-09-22,2020-09-22,-17408.0,-5361.0,-0.006202545841288543
HEATOIL,2020-09-29,2020-09-29,2020-09-29,-14879.0,2529.0,0.006023302248766793
HEATOIL,2020-10-06,2020-10-06,2020-10-06,-9416.0,5463.0,0.0602786044363911
HEATOIL,2020-10-13,2020-10-13,2020-10-13,-9324.0,92.0,-0.01852372574317085
HEATOIL,2020-10-20,2020-10-20,2020-10-20,-6764.0,2560.0,0.002970005153185018
HEATOIL,2020-10-27,2020-10-27,2020-10-27,-13209.0,-6445.0,-0.018126351283316633
HEATOIL,2020-11-03,2020-11-03,2020-11-03,-15035.0,-1826.0,-0.02652874728104404
HEATOIL,2020-11-10,2020-11-10,2020-11-10,317.0,15352.0,0.10471866429032095
HEATOIL,2020-11-17,2020-11-17,2020-11-17,1723.0,1406.0,-0.011464180966952342
HEATOIL,2020-11-24,2020-11-24,2020-11-24,3041.0,1318.0,0.0883050123515795
HEATOIL,2020-12-01,2020-12-01,2020-12-01,8913.0,5872.0,-0.01111548476158164
HEATOIL,2020-12-08,2020-12-08,2020-12-08,10485.0,1572.0,0.04130551075400335
HEATOIL,2020-12-15,2020-12-15,2020-12-15,10880.0,395.0,0.03776128816897384
HEATOIL,2020-12-22,2020-12-21,2020-12-21,9552.0,-1328.0,0.0069242011763256395
HEATOIL,2020-12-29,2020-12-29,2020-12-29,10095.0,543.0,0.006406171812411654
HEATOIL,2021-01-05,2021-01-05,2021-01-05,4275.0,-5820.0,0.021128010207254744
HEATOIL,2021-01-12,2021-01-12,2021-01-12,3451.0,-824.0,0.049763424621572905
HEATOIL,2021-01-19,2021-01-19,2021-01-19,9517.0,6066.0,0.0010629319161274964
HEATOIL,2021-01-26,2021-01-26,2021-01-26,14978.0,5461.0,-0.0011254925217345502
HEATOIL,2021-02-02,2021-02-02,2021-02-02,17985.0,3007.0,0.04387072008792048
HEATOIL,2021-02-09,2021-02-09,2021-02-09,18748.0,763.0,0.04828119864514713
HEATOIL,2021-02-16,2021-02-16,2021-02-16,18539.0,-209.0,0.030143976475266787
HEATOIL,2021-02-23,2021-02-23,2021-02-23,11971.0,-6568.0,0.032329578025527106
HEATOIL,2021-03-02,2021-03-02,2021-03-02,15088.0,3117.0,-0.02798163799236464
HEATOIL,2021-03-09,2021-03-09,2021-03-09,18091.0,3003.0,0.05633468675244946
HEATOIL,2021-03-16,2021-03-16,2021-03-16,20819.0,2728.0,0.013860163520980018
HEATOIL,2021-03-23,2021-03-23,2021-03-23,16020.0,-4799.0,-0.09908443435984621
HEATOIL,2021-03-30,2021-03-30,2021-03-30,13271.0,-2749.0,0.02326736993936418
HEATOIL,2021-04-06,2021-04-06,2021-04-06,16642.0,3371.0,0.0008708611013352185
HEATOIL,2021-04-13,2021-04-13,2021-04-13,16894.0,252.0,0.011679853792866512
HEATOIL,2021-04-20,2021-04-20,2021-04-20,16959.0,65.0,0.035093217490313744
HEATOIL,2021-04-27,2021-04-27,2021-04-27,18407.0,1448.0,0.01324872246514791
HEATOIL,2021-05-04,2021-05-04,2021-05-04,19515.0,1108.0,0.04647359027852843
HEATOIL,2021-05-11,2021-05-11,2021-05-11,22309.0,2794.0,0.019656530888959856
HEATOIL,2021-05-18,2021-05-18,2021-05-18,24454.0,2145.0,0.007230124314641206
HEATOIL,2021-05-25,2021-05-25,2021-05-25,30885.0,6431.0,-0.010028702304192505
HEATOIL,2021-06-01,2021-06-01,2021-06-01,28575.0,-2310.0,0.018646888733568234
HEATOIL,2021-06-08,2021-06-08,2021-06-08,27280.0,-1295.0,0.030635722074386973
HEATOIL,2021-06-15,2021-06-15,2021-06-15,26424.0,-856.0,-0.010864304391905721
HEATOIL,2021-06-22,2021-06-22,2021-06-22,32309.0,5885.0,0.018599304049449428
HEATOIL,2021-06-29,2021-06-29,2021-06-29,32363.0,54.0,-0.013975781942523025
HEATOIL,2021-07-06,2021-07-06,2021-07-06,28533.0,-3830.0,-0.009208545632001464
HEATOIL,2021-07-13,2021-07-13,2021-07-13,31886.0,3353.0,0.036938597890849634
HEATOIL,2021-07-20,2021-07-20,2021-07-20,31061.0,-825.0,-0.08217146384223267
HEATOIL,2021-07-27,2021-07-27,2021-07-27,37933.0,6872.0,0.06319713931336984
HEATOIL,2021-08-03,2021-08-03,2021-08-03,38473.0,540.0,-0.008553969417771368
HEATOIL,2021-08-10,2021-08-10,2021-08-10,42459.0,3986.0,-0.021420400577654042
HEATOIL,2021-08-17,2021-08-17,2021-08-17,41280.0,-1179.0,-0.021251588199066418
HEATOIL,2021-08-24,2021-08-24,2021-08-24,37938.0,-3342.0,0.014701136108944579
HEATOIL,2021-08-31,2021-08-31,2021-08-31,44781.0,6843.0,0.028957161838215117
HEATOIL,2021-09-07,2021-09-07,2021-09-07,45560.0,779.0,-0.0033007999036067104
HEATOIL,2021-09-14,2021-09-14,2021-09-14,38780.0,-6780.0,0.01959700719803581
HEATOIL,2021-09-21,2021-09-21,2021-09-21,47129.0,8349.0,0.00549642269642342
HEATOIL,2021-09-28,2021-09-28,2021-09-28,44379.0,-2750.0,0.051615674476463924
HEATOIL,2021-10-05,2021-10-05,2021-10-05,47688.0,3309.0,0.0868184084812137
HEATOIL,2021-10-12,2021-10-12,2021-10-12,49504.0,1816.0,0.005974955118830477
HEATOIL,2021-10-19,2021-10-19,2021-10-19,42905.0,-6599.0,0.019989187002489653
HEATOIL,2021-10-26,2021-10-26,2021-10-26,44295.0,1390.0,0.006562267211690495
HEATOIL,2021-11-02,2021-11-02,2021-11-02,38399.0,-5896.0,-0.022834934726072925
HEATOIL,2021-11-09,2021-11-09,2021-11-09,29430.0,-8969.0,0.00012029592812790035
HEATOIL,2021-11-16,2021-11-16,2021-11-16,27130.0,-2300.0,-0.02945936853247294
HEATOIL,2021-11-23,2021-11-23,2021-11-23,22249.0,-4881.0,-0.016362071138233875
HEATOIL,2021-11-30,2021-11-30,2021-11-30,14495.0,-7754.0,-0.1452148043208615
HEATOIL,2021-12-07,2021-12-07,2021-12-07,14915.0,420.0,0.07722081513421217
HEATOIL,2021-12-14,2021-12-14,2021-12-14,10159.0,-4756.0,-0.001263424046772016
HEATOIL,2021-12-21,2021-12-21,2021-12-21,14025.0,3866.0,0.016390138971891705
HEATOIL,2021-12-28,2021-12-28,2021-12-28,15513.0,1488.0,0.0475330131648094
HEATOIL,2022-01-04,2022-01-04,2022-01-04,19648.0,4135.0,0.01833029204269257
HEATOIL,2022-01-11,2022-01-11,2022-01-11,27175.0,7527.0,0.054772489654118586
HEATOIL,2022-01-18,2022-01-18,2022-01-18,27326.0,151.0,0.03828069709158258
HEATOIL,2022-01-25,2022-01-25,2022-01-25,31839.0,4513.0,0.0035052996342786052
HEATOIL,2022-02-01,2022-02-01,2022-02-01,34188.0,2349.0,0.03864590540229945
HEATOIL,2022-02-08,2022-02-08,2022-02-08,24038.0,-10150.0,0.016520652324720022
HEATOIL,2022-02-15,2022-02-15,2022-02-15,24349.0,311.0,0.024424949540381036
HEATOIL,2022-02-22,2022-02-22,2022-02-22,22480.0,-1869.0,0.009433352880571354
HEATOIL,2022-03-01,2022-03-01,2022-03-01,23609.0,1129.0,0.11433223975974283
HEATOIL,2022-03-08,2022-03-08,2022-03-08,12714.0,-10895.0,0.308375920125612
HEATOIL,2022-03-15,2022-03-15,2022-03-15,11493.0,-1221.0,-0.3392278130765186
HEATOIL,2022-03-22,2022-03-22,2022-03-22,8785.0,-2708.0,0.19938607063675184
HEATOIL,2022-03-29,2022-03-29,2022-03-29,10331.0,1546.0,-0.059172592367885385
HEATOIL,2022-04-05,2022-04-05,2022-04-05,11491.0,1160.0,0.015538368148662357
HEATOIL,2022-04-12,2022-04-12,2022-04-12,10870.0,-621.0,0.015016024456464105
HEATOIL,2022-04-19,2022-04-19,2022-04-19,11755.0,885.0,0.07220884853092685
HEATOIL,2022-04-26,2022-04-26,2022-04-26,13026.0,1271.0,0.06496299494054825
HEATOIL,2022-05-03,2022-05-03,2022-05-03,13361.0,335.0,0.06281800511646618
HEATOIL,2022-05-10,2022-05-10,2022-05-10,15986.0,2625.0,-0.016710627916761367
HEATOIL,2022-05-17,2022-05-17,2022-05-17,17820.0,1834.0,0.003662461195675759
HEATOIL,2022-05-24,2022-05-24,2022-05-24,15359.0,-2461.0,-0.010480421499702686
HEATOIL,2022-05-31,2022-05-31,2022-05-31,17867.0,2508.0,0.0740063254774807
HEATOIL,2022-06-07,2022-06-07,2022-06-07,18546.0,679.0,0.08960101793178132
HEATOIL,2022-06-14,2022-06-14,2022-06-14,18954.0,408.0,0.013643871363631543
HEATOIL,2022-06-21,2022-06-21,2022-06-21,15282.0,-3672.0,-0.008003243998830123
HEATOIL,2022-06-28,2022-06-28,2022-06-28,13040.0,-2242.0,-0.027943346985939033
HEATOIL,2022-07-05,2022-07-05,2022-07-05,12778.0,-262.0,-0.1328827118313365
HEATOIL,2022-07-12,2022-07-12,2022-07-12,12951.0,173.0,0.007343767617127461
HEATOIL,2022-07-19,2022-07-19,2022-07-19,14026.0,1075.0,0.0004764640850238311
HEATOIL,2022-07-26,2022-07-26,2022-07-26,22682.0,8656.0,-0.012207134654959872
HEATOIL,2022-08-02,2022-08-02,2022-08-02,26068.0,3386.0,-0.039926772256307475
HEATOIL,2022-08-09,2022-08-09,2022-08-09,28329.0,2261.0,-0.011232182167958293
HEATOIL,2022-08-16,2022-08-16,2022-08-16,28539.0,210.0,0.042276934612366424
HEATOIL,2022-08-23,2022-08-23,2022-08-23,28123.0,-416.0,0.09931872900647898
HEATOIL,2022-08-30,2022-08-30,2022-08-30,30716.0,2593.0,-0.007042747018857987
HEATOIL,2022-09-06,2022-09-06,2022-09-06,22461.0,-8255.0,-0.057416575231853895
HEATOIL,2022-09-13,2022-09-13,2022-09-13,18927.0,-3534.0,-0.005083836956937093
HEATOIL,2022-09-20,2022-09-20,2022-09-20,15758.0,-3169.0,-0.055455323295783954
HEATOIL,2022-09-27,2022-09-27,2022-09-27,12132.0,-3626.0,-0.043644527389854915
HEATOIL,2022-10-04,2022-10-04,2022-10-04,17733.0,5601.0,0.09899714169940982
HEATOIL,2022-10-11,2022-10-11,2022-10-11,24047.0,6314.0,0.066619994024057
HEATOIL,2022-10-18,2022-10-18,2022-10-18,28588.0,4541.0,0.0016822717388349506
HEATOIL,2022-10-25,2022-10-25,2022-10-25,23997.0,-4591.0,-0.012979631426463523
HEATOIL,2022-11-01,2022-11-01,2022-11-01,25457.0,1460.0,0.016292531376142505
HEATOIL,2022-11-08,2022-11-08,2022-11-08,29936.0,4479.0,0.03537059403801224
HEATOIL,2022-11-15,2022-11-15,2022-11-15,28148.0,-1788.0,-0.023678241317931392
HEATOIL,2022-11-22,2022-11-22,2022-11-22,30630.0,2482.0,-0.04174362292223699
HEATOIL,2022-11-29,2022-11-29,2022-11-29,31702.0,1072.0,-0.03706761448373491
HEATOIL,2022-12-06,2022-12-06,2022-12-06,21482.0,-10220.0,-0.0958046513952528
HEATOIL,2022-12-13,2022-12-13,2022-12-13,14947.0,-6535.0,0.058035556258700216
HEATOIL,2022-12-20,2022-12-20,2022-12-20,20284.0,5337.0,-0.00995327261078005
HEATOIL,2022-12-27,2022-12-27,2022-12-27,20126.0,-158.0,0.08961876128913077
HEATOIL,2023-01-03,2023-01-03,2023-01-03,18031.0,-2095.0,-0.06409562325024609
HEATOIL,2023-01-10,2023-01-10,2023-01-10,17054.0,-977.0,0.004824578058468476
HEATOIL,2023-01-17,2023-01-17,2023-01-17,17769.0,715.0,0.05061094925217058
HEATOIL,2023-01-24,2023-01-24,2023-01-24,26268.0,8499.0,0.04826261076496041
HEATOIL,2023-01-31,2023-01-31,2023-01-31,22911.0,-3357.0,-0.05595995154616329
HEATOIL,2023-02-07,2023-02-07,2023-02-07,13464.0,-9447.0,-0.06394624051086595
HEATOIL,2023-02-14,2023-02-14,2023-02-14,16935.0,3471.0,0.02035287148091358
HEATOIL,2023-02-21,2023-02-21,2023-02-21,16886.0,-49.0,-0.04752575037279616
HEATOIL,2023-02-28,2023-02-28,2023-02-28,12287.0,-4599.0,0.011471304455154319
HEATOIL,2023-03-07,2023-03-07,2023-03-07,12731.0,444.0,-0.0008717762993092903
HEATOIL,2023-03-14,2023-03-14,2023-03-14,16436.0,3705.0,-0.047441049196536356
HEATOIL,2023-03-21,2023-03-21,2023-03-21,10555.0,-5881.0,-0.019780526408675503
HEATOIL,2023-03-28,2023-03-28,2023-03-28,15866.0,5311.0,0.02805319046719923
HEATOIL,2023-04-04,2023-04-04,2023-04-04,13132.0,-2734.0,0.012164074703239103
HEATOIL,2023-04-11,2023-04-11,2023-04-11,17357.0,4225.0,-0.0002668343927244021
HEATOIL,2023-04-18,2023-04-18,2023-04-18,14112.0,-3245.0,-0.01594807554716987
HEATOIL,2023-04-25,2023-04-25,2023-04-25,8099.0,-6013.0,-0.053221817216839384
HEATOIL,2023-05-02,2023-05-02,2023-05-02,-2368.0,-10467.0,-0.06795941434834352
HEATOIL,2023-05-09,2023-05-09,2023-05-09,79.0,2447.0,0.04288140422738068
HEATOIL,2023-05-16,2023-05-16,2023-05-16,7268.0,7189.0,-0.01907794324801032
HEATOIL,2023-05-23,2023-05-23,2023-05-23,6009.0,-1259.0,0.0024685065309853482
HEATOIL,2023-05-30,2023-05-30,2023-05-30,7897.0,1888.0,-0.03613938667969285
HEATOIL,2023-06-06,2023-06-06,2023-06-06,14820.0,6923.0,0.040402842615088086
HEATOIL,2023-06-13,2023-06-13,2023-06-13,14242.0,-578.0,0.005564234732858997
HEATOIL,2023-06-20,2023-06-20,2023-06-20,10365.0,-3877.0,0.024006468921485835
HEATOIL,2023-06-27,2023-06-27,2023-06-27,16811.0,6446.0,-0.027079832039493823
HEATOIL,2023-07-04,2023-07-03,2023-07-03,18944.0,2133.0,0.003765285930020512
HEATOIL,2023-07-11,2023-07-11,2023-07-11,23916.0,4972.0,0.0806934806107521
HEATOIL,2023-07-18,2023-07-18,2023-07-18,18556.0,-5360.0,0.0075066131782444145
HEATOIL,2023-07-25,2023-07-25,2023-07-25,24725.0,6169.0,0.06683436868526932
HEATOIL,2023-08-01,2023-08-01,2023-08-01,28350.0,3625.0,0.08672306197809543
HEATOIL,2023-08-08,2023-08-08,2023-08-08,33038.0,4688.0,0.022818450361660858
HEATOIL,2023-08-15,2023-08-15,2023-08-15,32693.0,-345.0,-0.015652350200885734
HEATOIL,2023-08-22,2023-08-22,2023-08-22,38066.0,5373.0,0.03315401229122927
HEATOIL,2023-08-29,2023-08-29,2023-08-29,37000.0,-1066.0,0.01909365881557956
HEATOIL,2023-09-05,2023-09-05,2023-09-05,36029.0,-971.0,0.01627559174895976
HEATOIL,2023-09-12,2023-09-12,2023-09-12,33946.0,-2083.0,0.03444198053501879
HEATOIL,2023-09-19,2023-09-19,2023-09-19,35442.0,1496.0,0.011454878974766602
HEATOIL,2023-09-26,2023-09-26,2023-09-26,37622.0,2180.0,-0.03750555617470919
HEATOIL,2023-10-03,2023-10-03,2023-10-03,39158.0,1536.0,0.01738401158910796
HEATOIL,2023-10-10,2023-10-10,2023-10-10,31692.0,-7466.0,-0.05413920333237687
HEATOIL,2023-10-17,2023-10-17,2023-10-17,35587.0,3895.0,0.04303250174653661
HEATOIL,2023-10-24,2023-10-24,2023-10-24,31745.0,-3842.0,-0.030156714480928715
HEATOIL,2023-10-31,2023-10-31,2023-10-31,31437.0,-308.0,-0.0178804252778485
HEATOIL,2023-11-07,2023-11-07,2023-11-07,28031.0,-3406.0,-0.027545844132125574
HEATOIL,2023-11-14,2023-11-14,2023-11-14,33868.0,5837.0,0.00025190276686448687
HEATOIL,2023-11-21,2023-11-21,2023-11-21,32225.0,-1643.0,0.025927509815826033
HEATOIL,2023-11-28,2023-11-28,2023-11-28,35930.0,3705.0,-0.012595646967898166
HEATOIL,2023-12-05,2023-12-05,2023-12-05,28644.0,-7286.0,-0.06424590790348961
HEATOIL,2023-12-12,2023-12-12,2023-12-12,18632.0,-10012.0,-0.04897637622326517
HEATOIL,2023-12-19,2023-12-19,2023-12-19,17408.0,-1224.0,0.0809385998048136
HEATOIL,2023-12-26,2023-12-26,2023-12-26,18740.0,1332.0,-0.016004539437568854
HEATOIL,2024-01-02,2024-01-02,2024-01-02,18941.0,201.0,-0.046451350273730874
HEATOIL,2024-01-09,2024-01-09,2024-01-09,25728.0,6787.0,0.042218587925757
HEATOIL,2024-01-16,2024-01-16,2024-01-16,22714.0,-3014.0,0.0048719766455377345
HEATOIL,2024-01-23,2024-01-23,2024-01-23,16812.0,-5902.0,0.019066246092193095
HEATOIL,2024-01-30,2024-01-30,2024-01-30,23871.0,7059.0,0.04162365553265768
HEATOIL,2024-02-06,2024-02-06,2024-02-06,17008.0,-6863.0,-0.012056753015165844
HEATOIL,2024-02-13,2024-02-13,2024-02-13,27068.0,10060.0,0.054153646940325206
HEATOIL,2024-02-20,2024-02-20,2024-02-20,22778.0,-4290.0,-0.05441493359193017
HEATOIL,2024-02-27,2024-02-27,2024-02-27,24528.0,1750.0,0.007067955917318458
HEATOIL,2024-03-05,2024-03-05,2024-03-05,17005.0,-7523.0,-0.03079106729133707
HEATOIL,2024-03-12,2024-03-12,2024-03-12,11237.0,-5768.0,0.008704830934898489
HEATOIL,2024-03-19,2024-03-19,2024-03-19,11549.0,312.0,0.057914775262039475
HEATOIL,2024-03-26,2024-03-26,2024-03-26,3935.0,-7614.0,-0.045838634351382024
HEATOIL,2024-04-02,2024-04-02,2024-04-02,6258.0,2323.0,0.034638219821835015
HEATOIL,2024-04-09,2024-04-09,2024-04-09,9141.0,2883.0,-0.010816139938482183
HEATOIL,2024-04-16,2024-04-16,2024-04-16,3610.0,-5531.0,-0.006787059444692822
HEATOIL,2024-04-23,2024-04-23,2024-04-23,3641.0,31.0,-0.027386432565604468
HEATOIL,2024-04-30,2024-04-30,2024-04-30,-1814.0,-5455.0,-0.022842044432502706
HEATOIL,2024-05-07,2024-05-07,2024-05-07,2851.0,4665.0,-0.023757494918886346
HEATOIL,2024-05-14,2024-05-14,2024-05-14,3905.0,1054.0,-0.018113856412434848
HEATOIL,2024-05-21,2024-05-21,2024-05-21,8862.0,4957.0,0.01783144461381364
HEATOIL,2024-05-28,2024-05-28,2024-05-28,10348.0,1486.0,0.0020154795600475506
HEATOIL,2024-06-04,2024-06-04,2024-06-04,-5345.0,-15693.0,-0.08243809880557629
HEATOIL,2024-06-11,2024-06-11,2024-06-11,-9991.0,-4646.0,0.05543150597398511
HEATOIL,2024-06-18,2024-06-18,2024-06-18,-5375.0,4616.0,0.03982346595295033
HEATOIL,2024-06-25,2024-06-25,2024-06-25,-12478.0,-7103.0,-0.003713804592469949
HEATOIL,2024-07-02,2024-07-02,2024-07-02,-525.0,11953.0,0.03833352866864914
HEATOIL,2024-07-09,2024-07-09,2024-07-09,-7151.0,-6626.0,-0.03847444615640039
HEATOIL,2024-07-16,2024-07-16,2024-07-16,-10535.0,-3384.0,-0.02292181533787685
HEATOIL,2024-07-23,2024-07-23,2024-07-23,-15517.0,-4982.0,-0.023253547100879568
HEATOIL,2024-07-30,2024-07-30,2024-07-30,-16154.0,-637.0,-0.02858650921938405
HEATOIL,2024-08-06,2024-08-06,2024-08-06,-25051.0,-8897.0,-0.026283693665680063
HEATOIL,2024-08-13,2024-08-13,2024-08-13,-20891.0,4160.0,0.041755652972850055
HEATOIL,2024-08-20,2024-08-20,2024-08-20,-25351.0,-4460.0,-0.05599774383732198
HEATOIL,2024-08-27,2024-08-27,2024-08-27,-20876.0,4475.0,0.013463375705069225
HEATOIL,2024-09-03,2024-09-03,2024-09-03,-24755.0,-3879.0,-0.045836223244508645
HEATOIL,2024-09-10,2024-09-10,2024-09-10,-39640.0,-14885.0,-0.0689767985802463
HEATOIL,2024-09-17,2024-09-17,2024-09-17,-46282.0,-6642.0,0.03589740488276122
HEATOIL,2024-09-24,2024-09-24,2024-09-24,-42915.0,3367.0,0.022719888234711882
HEATOIL,2024-10-01,2024-10-01,2024-10-01,-40919.0,1996.0,-0.009593285314591637
HEATOIL,2024-10-08,2024-10-08,2024-10-08,-19396.0,21523.0,0.0548057977278647
HEATOIL,2024-10-15,2024-10-15,2024-10-15,-23378.0,-3982.0,-0.04887890885427881
HEATOIL,2024-10-22,2024-10-22,2024-10-22,-26898.0,-3520.0,0.02122859121002324
HEATOIL,2024-10-29,2024-10-29,2024-10-29,-26699.0,199.0,-0.047153837357191364
HEATOIL,2024-11-05,2024-11-05,2024-11-05,-16220.0,10479.0,0.07297444184204993
HEATOIL,2024-11-12,2024-11-12,2024-11-12,-20412.0,-4192.0,-0.04135172712579199
HEATOIL,2024-11-19,2024-11-19,2024-11-19,-24562.0,-4150.0,0.014448597399150998
HEATOIL,2024-11-26,2024-11-26,2024-11-26,-26936.0,-2374.0,-0.0017780153148327926
HEATOIL,2024-12-03,2024-12-03,2024-12-03,-27491.0,-555.0,-0.011441351013757206
HEATOIL,2024-12-10,2024-12-10,2024-12-10,-46489.0,-18998.0,-0.012465315634760221
HEATOIL,2024-12-17,2024-12-17,2024-12-17,-31892.0,14597.0,0.018080405742317174
HEATOIL,2024-12-24,2024-12-24,2024-12-24,-18692.0,13200.0,-0.002781143855153101
HEATOIL,2024-12-31,2024-12-31,2024-12-31,-12677.0,6015.0,0.039718160292509186
HEATOIL,2025-01-07,2025-01-07,2025-01-07,-9923.0,2754.0,0.023390612176676873
HEATOIL,2025-01-14,2025-01-14,2025-01-14,-483.0,9440.0,0.06190861302742651
HEATOIL,2025-01-21,2025-01-21,2025-01-21,3652.0,4135.0,-0.0062225456205048935
HEATOIL,2025-01-28,2025-01-28,2025-01-28,274.0,-3378.0,-0.03972019354294848
HEATOIL,2025-02-04,2025-02-04,2025-02-04,6853.0,6579.0,0.01669298694624738
HEATOIL,2025-02-11,2025-02-11,2025-02-11,14740.0,7887.0,0.029688548327005515
HEATOIL,2025-02-18,2025-02-18,2025-02-18,12653.0,-2087.0,-0.02633199570849326
HEATOIL,2025-02-25,2025-02-25,2025-02-25,18226.0,5573.0,-0.022535687682684713
HEATOIL,2025-03-04,2025-03-04,2025-03-04,14202.0,-4024.0,-0.0239503241965639
HEATOIL,2025-03-11,2025-03-11,2025-03-11,3378.0,-10824.0,-0.029499050230343382
HEATOIL,2025-03-18,2025-03-18,2025-03-18,-12361.0,-15739.0,-0.0018526243083101246
HEATOIL,2025-03-25,2025-03-25,2025-03-25,-4711.0,7650.0,0.03918326901858843
HEATOIL,2025-04-01,2025-04-01,2025-04-01,-4812.0,-101.0,0.018793235646391238
HEATOIL,2025-04-08,2025-04-08,2025-04-08,-6249.0,-1437.0,-0.12215142436652338
HEATOIL,2025-04-15,2025-04-15,2025-04-15,-8398.0,-2149.0,0.016619236993642816
HEATOIL,2025-04-22,2025-04-22,2025-04-22,-10947.0,-2549.0,0.03129178535161564
HEATOIL,2025-04-29,2025-04-29,2025-04-29,-9770.0,1177.0,-0.02002419790940574
HEATOIL,2025-05-06,2025-05-06,2025-05-06,-20014.0,-10244.0,-0.02465949454512706
HEATOIL,2025-05-13,2025-05-13,2025-05-13,-16381.0,3633.0,0.06638242823749746
HEATOIL,2025-05-20,2025-05-20,2025-05-20,3397.0,19778.0,-0.017702090423158567
HEATOIL,2025-05-27,2025-05-27,2025-05-27,8485.0,5088.0,-0.019821728763172897
HEATOIL,2025-06-03,2025-06-03,2025-06-03,6005.0,-2480.0,0.021578627001127004
HEATOIL,2025-06-10,2025-06-10,2025-06-10,15589.0,9584.0,0.018026198464601184
HEATOIL,2025-06-17,2025-06-17,2025-06-17,15236.0,-353.0,0.14990384594570788
HEATOIL,2025-06-24,2025-06-24,2025-06-24,28284.0,13048.0,-0.093910972998967
HEATOIL,2025-07-01,2025-07-01,2025-07-01,27225.0,-1059.0,0.028664483485098202
HEATOIL,2025-07-08,2025-07-08,2025-07-08,33759.0,6534.0,0.044328350433948116
HEATOIL,2025-07-15,2025-07-15,2025-07-15,41002.0,7243.0,-0.006453798278743261
HEATOIL,2025-07-22,2025-07-22,2025-07-22,39711.0,-1291.0,0.017710641065722288
HEATOIL,2025-07-29,2025-07-29,2025-07-29,41753.0,2042.0,0.01153993217352367
HEATOIL,2025-08-05,2025-08-05,2025-08-05,26784.0,-14969.0,-0.08341532985741001
HEATOIL,2025-08-12,2025-08-12,2025-08-12,27395.0,611.0,-0.00329680419785211
HEATOIL,2025-08-19,2025-08-19,2025-08-19,31771.0,4376.0,0.0012041477650768795
HEATOIL,2025-08-26,2025-08-26,2025-08-26,33342.0,1571.0,0.014864899442744828
HEATOIL,2025-09-02,2025-09-02,2025-09-02,39671.0,6329.0,0.03984813691533079
HEATOIL,2025-09-09,2025-09-09,2025-09-09,26121.0,-13550.0,-0.021752088632025046
HEATOIL,2025-09-16,2025-09-16,2025-09-16,24303.0,-1818.0,0.03195023854248913
HEATOIL,2025-09-23,2025-09-23,2025-09-23,21820.0,-2483.0,-0.026855236156311357
HEATOIL,2025-09-30,2025-09-30,2025-09-30,32767.0,10947.0,0.0009470512976466061
HEATOIL,2025-10-07,2025-10-07,2025-10-07,18646.0,-14121.0,-0.021709412974180442
HEATOIL,2025-10-14,2025-10-14,2025-10-14,12152.0,-6494.0,-0.033749899702881225
HEATOIL,2025-10-21,2025-10-21,2025-10-21,11948.0,-204.0,0.003989824375067452
HEATOIL,2025-10-28,2025-10-28,2025-10-28,26431.0,14483.0,0.0784888864942615
HEATOIL,2025-11-04,2025-11-04,2025-11-04,33113.0,6682.0,0.03027206343826072
HEATOIL,2025-11-11,2025-11-10,2025-11-10,38673.0,5560.0,0.021531834021373708
HEATOIL,2025-11-18,2025-11-18,2025-11-18,38656.0,-17.0,0.06484590508667454
HEATOIL,2025-11-25,2025-11-25,2025-11-25,21954.0,-16702.0,-0.123830545524797
HEATOIL,2025-12-02,2025-12-02,2025-12-02,21237.0,-717.0,0.0007599765003005743
HEATOIL,2025-12-09,2025-12-09,2025-12-09,19969.0,-1268.0,-0.018140986977508322
HEATOIL,2025-12-16,2025-12-16,2025-12-16,12455.0,-7514.0,-0.05742831902101514
HEATOIL,2025-12-23,2025-12-23,2025-12-23,3161.0,-9294.0,0.029240897951877343
HEATOIL,2025-12-30,2025-12-30,2025-12-30,3628.0,467.0,-0.01165884960370328
HEATOIL,2026-01-06,2026-01-06,2026-01-06,451.0,-3177.0,-0.028929597725704415
HEATOIL,2026-01-13,2026-01-13,2026-01-13,-5460.0,-5911.0,0.06920459113243821
HEATOIL,2026-01-20,2026-01-20,2026-01-20,-443.0,5017.0,0.03129813879204657
HEATOIL,2026-01-27,2026-01-27,2026-01-27,11174.0,11617.0,0.04796705657058553
HEATOIL,2026-02-03,2026-02-03,2026-02-03,24377.0,13203.0,0.01033442899733883
HEATOIL,2026-02-10,2026-02-10,2026-02-10,20575.0,-3802.0,0.0042889069003821945
HEATOIL,2026-02-17,2026-02-17,2026-02-17,12880.0,-7695.0,-0.01127621158454084
HEATOIL,2026-02-24,2026-02-24,2026-02-24,22876.0,9996.0,0.08441466241313544
HEATOIL,2026-03-03,2026-03-03,2026-03-03,23352.0,476.0,0.19451514777261614
HEATOIL,2026-03-10,2026-03-10,2026-03-10,20439.0,-2913.0,0.04895486706097962
HEATOIL,2026-03-17,2026-03-17,2026-03-17,24319.0,3880.0,0.19563158000526992
HEATOIL,2026-03-24,2026-03-24,2026-03-24,19571.0,-4748.0,0.053876208027494155
HEATOIL,2026-03-31,2026-03-31,2026-03-31,19425.0,-146.0,0.0247333300316932
HEATOIL,2026-04-07,2026-04-07,2026-04-07,17766.0,-1659.0,0.09095318218225357
HEATOIL,2026-04-14,2026-04-14,2026-04-14,16582.0,-1184.0,-0.16537581344245122
HEATOIL,2026-04-21,2026-04-21,2026-04-21,13866.0,-2716.0,0.04595308025884948
HEATOIL,2026-04-28,2026-04-28,2026-04-28,12499.0,-1367.0,0.06824633107994504
HEATOIL,2026-05-05,2026-05-05,2026-05-05,11779.0,-720.0,0.04407191648278008
HEATOIL,2026-05-12,2026-05-12,2026-05-12,9770.0,-2009.0,0.0231056105569305
HEATOIL,2026-05-19,2026-05-19,2026-05-19,11023.0,1253.0,0.02238657617025397
HEATOIL,2026-05-26,2026-05-26,2026-05-26,7689.0,-3334.0,-0.11346280336265013
HEATOIL,2026-06-02,2026-06-02,2026-06-02,11997.0,4308.0,0.01997145944548162
HEATOIL,2026-06-09,2026-06-09,2026-06-09,9507.0,-2490.0,-0.03307680936089108
HEATOIL,2026-06-16,2026-06-16,2026-06-16,9519.0,12.0,-0.11770130945687307
HEATOIL,2026-06-23,2026-06-23,2026-06-23,6408.0,-3111.0,-0.004711924736830575
HEATOIL,2026-06-30,2026-06-30,2026-06-30,8481.0,2073.0,0.03680932787631286
HEATOIL,2026-07-07,2026-07-07,2026-07-07,4786.0,-3695.0,0.028851003844480028
HEATOIL,2026-07-14,2026-07-14,2026-07-14,10705.0,5919.0,0.17753959889612814
HEATOIL,2026-07-21,2026-07-21,2026-07-21,13381.0,2676.0,0.03692097284291318
HEATOIL,2026-07-28,2026-07-28,2026-07-28,11246.0,-2135.0,-0.0043761569664722
HEATOIL,2026-08-04,2026-08-04,2026-08-04,11097.0,-149.0,-0.05307823113404475
HEATOIL,2026-08-11,2026-08-11,2026-08-11,13574.0,2477.0,0.1142964337368979
HEATOIL,2026-08-18,2026-08-18,2026-08-18,15883.0,2309.0,0.04734654120009463
HEATOIL,2026-08-25,2026-08-25,2026-08-25,16641.0,758.0,-0.04299018493136808
RBOB,2009-01-13,2009-01-13,2009-01-13,44193.0,240.0,-0.037379047301204504
RBOB,2009-01-20,2009-01-20,2009-01-20,42840.0,-1353.0,-0.014225472742378616
RBOB,2009-01-27,2009-01-27,2009-01-27,39588.0,-3252.0,-0.029951169843838422
RBOB,2009-02-03,2009-02-03,2009-02-03,38191.0,-1397.0,0.03696307734638796
RBOB,2009-02-10,2009-02-10,2009-02-10,41513.0,3322.0,0.05213057774972587
RBOB,2009-02-17,2009-02-17,2009-02-17,37118.0,-4395.0,-0.10119072675400284
RBOB,2009-02-24,2009-02-24,2009-02-24,36474.0,-644.0,-0.006273808691627358
RBOB,2009-03-03,2009-03-03,2009-03-03,43941.0,7467.0,0.10027923810983233
RBOB,2009-03-10,2009-03-10,2009-03-10,44818.0,877.0,-0.0027363957482200996
RBOB,2009-03-17,2009-03-17,2009-03-17,46036.0,1218.0,0.08907703521784457
RBOB,2009-03-24,2009-03-24,2009-03-24,49050.0,3014.0,0.05697272143887655
RBOB,2009-03-31,2009-03-31,2009-03-31,40040.0,-9010.0,-0.06740151237012748
RBOB,2009-04-07,2009-04-07,2009-04-07,40964.0,924.0,0.0323252132107468
RBOB,2009-04-14,2009-04-14,2009-04-14,38295.0,-2669.0,-0.001828959019573223
RBOB,2009-04-21,2009-04-21,2009-04-21,37106.0,-1189.0,-0.03835594377457427
RBOB,2009-04-28,2009-04-28,2009-04-28,32645.0,-4461.0,-0.014119217135374368
RBOB,2009-05-05,2009-05-05,2009-05-05,44950.0,12305.0,0.11527447948852207
RBOB,2009-05-12,2009-05-12,2009-05-12,49683.0,4733.0,0.053172157420525695
RBOB,2009-05-19,2009-05-19,2009-05-19,50382.0,699.0,0.06563928633680888
RBOB,2009-05-26,2009-05-26,2009-05-26,53999.0,3617.0,0.025742949927566816
RBOB,2009-06-02,2009-06-02,2009-06-02,52401.0,-1598.0,0.05752598041950535
RBOB,2009-06-09,2009-06-09,2009-06-09,55251.0,2850.0,0.020117032645094124
RBOB,2009-06-16,2009-06-16,2009-06-16,54873.0,-378.0,0.04519497081682683
RBOB,2009-06-23,2009-06-23,2009-06-23,49072.0,-5801.0,-0.07771689315044872
RBOB,2009-06-30,2009-06-30,2009-06-30,44053.0,-5019.0,0.005958833251452245
RBOB,2009-07-07,2009-07-07,2009-07-07,34743.0,-9310.0,-0.0947250623292552
RBOB,2009-07-14,2009-07-14,2009-07-14,28180.0,-6563.0,-0.05046683419738751
RBOB,2009-07-21,2009-07-21,2009-07-21,31798.0,3618.0,0.0906881034223797
RBOB,2009-07-28,2009-07-28,2009-07-28,44663.0,12865.0,0.04533986532001216
RBOB,2009-08-04,2009-08-04,2009-08-04,49699.0,5036.0,0.09312875498684992
RBOB,2009-08-11,2009-08-11,2009-08-11,52795.0,3096.0,-0.013655620051639672
RBOB,2009-08-18,2009-08-18,2009-08-18,44024.0,-8771.0,-0.02601112114713955
RBOB,2009-08-25,2009-08-25,2009-08-25,40270.0,-3754.0,0.0008014747563757085
RBOB,2009-09-01,2009-09-01,2009-09-01,36449.0,-3821.0,-0.05328581860471332
RBOB,2009-09-08,2009-09-08,2009-09-08,37569.0,1120.0,0.02790048177934079
RBOB,2009-09-15,2009-09-15,2009-09-15,28843.0,-8726.0,-0.013573991624455106
RBOB,2009-09-22,2009-09-22,2009-09-22,32591.0,3748.0,0.00178342576389795
RBOB,2009-09-29,2009-09-29,2009-09-29,24162.0,-8429.0,-0.09001767828680085
RBOB,2009-10-06,2009-10-06,2009-10-06,29086.0,4924.0,0.07372694300138488
RBOB,2009-10-13,2009-10-13,2009-10-13,34225.0,5139.0,0.03742205042340857
RBOB,2009-10-20,2009-10-20,2009-10-20,55830.0,21605.0,0.07871858471140508
RBOB,2009-10-27,2009-10-27,2009-10-27,61607.0,5777.0,0.03304785404620025
RBOB,2009-11-03,2009-11-03,2009-11-03,62621.0,1014.0,-0.0316891903081703
RBOB,2009-11-10,2009-11-09,2009-11-09,54863.0,-7758.0,-0.007235993311256905
RBOB,2009-11-17,2009-11-17,2009-11-17,52535.0,-2328.0,0.01235865252844881
RBOB,2009-11-24,2009-11-24,2009-11-24,48010.0,-4525.0,-0.03784993255611291
RBOB,2009-12-01,2009-12-01,2009-12-01,51962.0,3952.0,0.041195628766040215
RBOB,2009-12-08,2009-12-08,2009-12-08,40938.0,-11024.0,-0.05846240657659185
RBOB,2009-12-15,2009-12-15,2009-12-15,37014.0,-3924.0,-0.04173052676883826
RBOB,2009-12-22,2009-12-22,2009-12-22,35873.0,-1141.0,0.022364727126487904
RBOB,2009-12-29,2009-12-29,2009-12-29,50409.0,14536.0,0.059079487910372486
RBOB,2010-01-05,2010-01-05,2010-01-05,65874.0,15465.0,0.04260489176279747
RBOB,2010-01-12,2010-01-12,2010-01-12,68058.0,2184.0,-0.012243513274797335
RBOB,2010-01-19,2010-01-19,2010-01-19,64857.0,-3201.0,-0.017734266550553768
RBOB,2010-01-26,2010-01-26,2010-01-26,53167.0,-11690.0,-0.04780921309855202
RBOB,2010-02-02,2010-02-02,2010-02-02,49853.0,-3314.0,0.018144962251085195
RBOB,2010-02-09,2010-02-09,2010-02-09,41197.0,-8656.0,-0.03898559053575351
RBOB,2010-02-16,2010-02-16,2010-02-16,44619.0,3422.0,0.03290023553002824
RBOB,2010-02-23,2010-02-23,2010-02-23,60789.0,16170.0,0.025645425363241547
RBOB,2010-03-02,2010-03-02,2010-03-02,57496.0,-3293.0,0.012819694635577972
RBOB,2010-03-09,2010-03-09,2010-03-09,59172.0,1676.0,0.026743514145867398
RBOB,2010-03-16,2010-03-16,2010-03-16,65810.0,6638.0,0.005070445818295299
RBOB,2010-03-23,2010-03-23,2010-03-23,61576.0,-4234.0,-0.0049820441209249555
RBOB,2010-03-30,2010-03-30,2010-03-30,61156.0,-420.0,0.004234117382876379
RBOB,2010-04-06,2010-04-06,2010-04-06,66127.0,4971.0,0.03622874754161465
RBOB,2010-04-13,2010-04-13,2010-04-13,63792.0,-2335.0,-0.013797459432788761
RBOB,2010-04-20,2010-04-20,2010-04-20,58470.0,-5322.0,-0.010365483678092091
RBOB,2010-04-27,2010-04-27,2010-04-27,61421.0,2951.0,0.014971505467158197
RBOB,2010-05-04,2010-05-04,2010-05-04,68922.0,7501.0,-0.00027502700811465886
RBOB,2010-05-11,2010-05-11,2010-05-11,38779.0,-30143.0,-0.05732759913739249
RBOB,2010-05-18,2010-05-18,2010-05-18,33750.0,-5029.0,-0.07614860703355114
RBOB,2010-05-25,2010-05-25,2010-05-25,14880.0,-18870.0,-0.06030276152248015
RBOB,2010-06-01,2010-06-01,2010-06-01,11034.0,-3846.0,0.0335342826440887
RBOB,2010-06-08,2010-06-08,2010-06-08,12558.0,1524.0,-0.00025162930104327685
RBOB,2010-06-15,2010-06-15,2010-06-15,19827.0,7269.0,0.06158343438286118
RBOB,2010-06-22,2010-06-22,2010-06-22,30381.0,10554.0,0.006227610238447978
RBOB,2010-06-29,2010-06-29,2010-06-29,29464.0,-917.0,-0.029157697481758782
RBOB,2010-07-06,2010-07-06,2010-07-06,21858.0,-7606.0,-0.04649120920237432
RBOB,2010-07-13,2010-07-13,2010-07-13,26121.0,4263.0,0.05641151175124576
RBOB,2010-07-20,2010-07-20,2010-07-20,28050.0,1929.0,-0.0008182715674020513
RBOB,2010-07-27,2010-07-27,2010-07-27,37096.0,9046.0,-0.006085799308721274
RBOB,2010-08-03,2010-08-03,2010-08-03,41965.0,4869.0,0.06554777798797207
RBOB,2010-08-10,2010-08-10,2010-08-10,38405.0,-3560.0,-0.03626184981384717
RBOB,2010-08-17,2010-08-17,2010-08-17,9685.0,-28720.0,-0.060334626349438036
RBOB,2010-08-24,2010-08-24,2010-08-24,1007.0,-8678.0,-0.052591296475368365
RBOB,2010-08-31,2010-08-31,2010-08-31,-1553.0,-2560.0,0.026237630216857544
RBOB,2010-09-07,2010-09-07,2010-09-07,5656.0,7209.0,0.038283700788764696
RBOB,2010-09-14,2010-09-14,2010-09-14,15313.0,9657.0,0.01667432111562006
RBOB,2010-09-21,2010-09-21,2010-09-21,19962.0,4649.0,-0.02404791356427305
RBOB,2010-09-28,2010-09-28,2010-09-28,22435.0,2473.0,0.009492511042942409
RBOB,2010-10-05,2010-10-05,2010-10-05,49692.0,27257.0,0.08869462662149552
RBOB,2010-10-12,2010-10-12,2010-10-12,56584.0,6892.0,-0.0076592497737540954
RBOB,2010-10-19,2010-10-19,2010-10-19,57719.0,1135.0,-0.03590017623927266
RBOB,2010-10-26,2010-10-26,2010-10-26,51762.0,-5957.0,0.02165587440524752
RBOB,2010-11-02,2010-11-02,2010-11-02,50526.0,-1236.0,0.01627276959011692
RBOB,2010-11-09,2010-11-09,2010-11-09,53147.0,2621.0,0.030744503764470243
RBOB,2010-11-16,2010-11-16,2010-11-16,61305.0,8158.0,-0.03367290185188887
RBOB,2010-11-23,2010-11-23,2010-11-23,61288.0,-17.0,-0.012997397852848813
RBOB,2010-11-30,2010-11-30,2010-11-30,65470.0,4182.0,0.046807495872606464
RBOB,2010-12-07,2010-12-07,2010-12-07,68411.0,2941.0,0.06215773837085781
RBOB,2010-12-14,2010-12-14,2010-12-14,66737.0,-1674.0,-0.010479461944380652
RBOB,2010-12-21,2010-12-21,2010-12-21,68881.0,2144.0,0.03608154071142544
RBOB,2010-12-28,2010-12-28,2010-12-28,67642.0,-1239.0,0.006779119571986625
RBOB,2011-01-04,2011-01-04,2011-01-04,69906.0,2264.0,0.008147292194066291
RBOB,2011-01-11,2011-01-11,2011-01-11,69651.0,-255.0,0.02843137088529224
RBOB,2011-01-18,2011-01-18,2011-01-18,66916.0,-2735.0,0.0015248799102454136
RBOB,2011-01-25,2011-01-25,2011-01-25,62138.0,-4778.0,-0.050704662559752034
RBOB,2011-02-01,2011-02-01,2011-02-01,65788.0,3650.0,0.06036046286856889
RBOB,2011-02-08,2011-02-08,2011-02-08,60424.0,-5364.0,-0.013329491509946001
RBOB,2011-02-15,2011-02-15,2011-02-15,54270.0,-6154.0,0.00015247388914196858
RBOB,2011-02-22,2011-02-22,2011-02-22,52433.0,-1837.0,0.04574354272390169
RBOB,2011-03-01,2011-03-01,2011-03-01,49561.0,-2872.0,0.08140042297746819
RBOB,2011-03-08,2011-03-08,2011-03-08,55484.0,5923.0,-0.013507816015189245
RBOB,2011-03-15,2011-03-15,2011-03-15,56580.0,1096.0,-0.05182758708579405
RBOB,2011-03-22,2011-03-22,2011-03-22,58140.0,1560.0,0.07112596139553284
RBOB,2011-03-29,2011-03-29,2011-03-29,61253.0,3113.0,0.009905647924536187
RBOB,2011-04-05,2011-04-05,2011-04-05,64418.0,3165.0,0.05013247428722334
RBOB,2011-04-12,2011-04-12,2011-04-12,61091.0,-3327.0,-0.012261949293022267
RBOB,2011-04-19,2011-04-19,2011-04-19,62959.0,1868.0,0.01714994273190995
RBOB,2011-04-26,2011-04-26,2011-04-26,62424.0,-535.0,0.033169874068956995
RBOB,2011-05-03,2011-05-03,2011-05-03,62866.0,442.0,0.00507528791728884
RBOB,2011-05-10,2011-05-10,2011-05-10,60638.0,-2228.0,-0.006830146462535769
RBOB,2011-05-17,2011-05-17,2011-05-17,51780.0,-8858.0,-0.1205759789470997
RBOB,2011-05-24,2011-05-24,2011-05-24,46370.0,-5410.0,0.025265799142775047
RBOB,2011-05-31,2011-05-31,2011-05-31,47758.0,1388.0,0.03072658214935786
RBOB,2011-06-07,2011-06-07,2011-06-07,48598.0,840.0,-0.014481884114467825
RBOB,2011-06-14,2011-06-14,2011-06-14,49189.0,591.0,0.016599827854081317
RBOB,2011-06-21,2011-06-21,2011-06-21,40286.0,-8903.0,-0.0667403925139427
RBOB,2011-06-28,2011-06-28,2011-06-28,42109.0,1823.0,-0.004995316217023094
RBOB,2011-07-05,2011-07-05,2011-07-05,52800.0,10691.0,0.05587842907762319
RBOB,2011-07-12,2011-07-12,2011-07-12,57504.0,4704.0,0.036139046615873194
RBOB,2011-07-19,2011-07-19,2011-07-19,61891.0,4387.0,0.006317016342364701
RBOB,2011-07-26,2011-07-26,2011-07-26,63300.0,1409.0,0.01090318099151033
RBOB,2011-08-02,2011-08-02,2011-08-02,60580.0,-2720.0,-0.01937084365749908
RBOB,2011-08-09,2011-08-09,2011-08-09,43754.0,-16826.0,-0.14120282011194152
RBOB,2011-08-16,2011-08-16,2011-08-16,40519.0,-3235.0,0.0692678786282932
RBOB,2011-08-23,2011-08-23,2011-08-23,44409.0,3890.0,0.016738021071853293
RBOB,2011-08-30,2011-08-30,2011-08-30,52120.0,7711.0,0.03374987059396484
RBOB,2011-09-06,2011-09-06,2011-09-06,58780.0,6660.0,-0.005696099471009797
RBOB,2011-09-13,2011-09-13,2011-09-13,51219.0,-7561.0,-0.022785335148758024
RBOB,2011-09-20,2011-09-20,2011-09-20,44888.0,-6331.0,-0.011813858352155426
RBOB,2011-09-27,2011-09-27,2011-09-27,33995.0,-10893.0,-0.018157369695414705
RBOB,2011-10-04,2011-10-04,2011-10-04,36239.0,2244.0,-0.064387381426243
RBOB,2011-10-11,2011-10-11,2011-10-11,44892.0,8653.0,0.09592313103409456
RBOB,2011-10-18,2011-10-18,2011-10-18,52672.0,7780.0,0.015166132322188886
RBOB,2011-10-25,2011-10-25,2011-10-25,61326.0,8654.0,-0.015801515722683068
RBOB,2011-11-01,2011-11-01,2011-11-01,59800.0,-1526.0,-0.022481810375706957
RBOB,2011-11-08,2011-11-08,2011-11-08,58009.0,-1791.0,0.03508337627393365
RBOB,2011-11-15,2011-11-15,2011-11-15,58643.0,634.0,-0.03989413083265614
RBOB,2011-11-22,2011-11-22,2011-11-22,54948.0,-3695.0,-0.010509879370010577
RBOB,2011-11-29,2011-11-29,2011-11-29,51228.0,-3720.0,-0.009873140849936735
RBOB,2011-12-06,2011-12-06,2011-12-06,58725.0,7497.0,0.03601342733679924
RBOB,2011-12-13,2011-12-13,2011-12-13,60531.0,1806.0,-0.004691291896874339
RBOB,2011-12-20,2011-12-20,2011-12-20,53711.0,-6820.0,-0.020303321450794387
RBOB,2011-12-27,2011-12-27,2011-12-27,61235.0,7524.0,0.03685127333346705
RBOB,2012-01-03,2012-01-03,2012-01-03,67407.0,6172.0,0.0274748721443262
RBOB,2012-01-10,2012-01-10,2012-01-10,71394.0,3987.0,0.009326604857997522
RBOB,2012-01-17,2012-01-17,2012-01-17,71416.0,22.0,0.00014391595333163032
RBOB,2012-01-24,2012-01-24,2012-01-24,77352.0,5936.0,0.011055371001957526
RBOB,2012-01-31,2012-01-31,2012-01-31,84207.0,6855.0,0.028205468868735317
RBOB,2012-02-07,2012-02-07,2012-02-07,87770.0,3563.0,0.02078570147480774
RBOB,2012-02-14,2012-02-14,2012-02-14,88575.0,805.0,0.023519883107421258
RBOB,2012-02-21,2012-02-21,2012-02-21,91640.0,3065.0,0.03384317099648526
RBOB,2012-02-28,2012-02-28,2012-02-28,93195.0,1555.0,-0.007353428673457896
RBOB,2012-03-06,2012-03-06,2012-03-06,96012.0,2817.0,0.003423045662268809
RBOB,2012-03-13,2012-03-13,2012-03-13,92669.0,-3343.0,0.03767954011471042
RBOB,2012-03-20,2012-03-20,2012-03-20,87271.0,-5398.0,-0.0005966053334496291
RBOB,2012-03-27,2012-03-27,2012-03-27,89133.0,1862.0,0.010419079961801803
RBOB,2012-04-03,2012-04-03,2012-04-03,94768.0,5635.0,-0.0034960395943290923
RBOB,2012-04-10,2012-04-10,2012-04-10,88689.0,-6079.0,-0.04070132358973555
RBOB,2012-04-17,2012-04-17,2012-04-17,88046.0,-643.0,-0.002265006630852051
RBOB,2012-04-24,2012-04-24,2012-04-24,81594.0,-6452.0,-0.016224380778317782
RBOB,2012-05-01,2012-05-01,2012-05-01,82613.0,1019.0,-0.006313112841646262
RBOB,2012-05-08,2012-05-08,2012-05-08,73767.0,-8846.0,-0.0416136794220604
RBOB,2012-05-15,2012-05-15,2012-05-15,69906.0,-3861.0,-0.016395496746441918
RBOB,2012-05-22,2012-05-22,2012-05-22,71273.0,1367.0,-0.011268116720978494
RBOB,2012-05-29,2012-05-29,2012-05-29,69868.0,-1405.0,-0.00902916879548965
RBOB,2012-06-05,2012-06-05,2012-06-05,63276.0,-6592.0,-0.060147983367761726
RBOB,2012-06-12,2012-06-12,2012-06-12,55131.0,-8145.0,-0.011852218629267663
RBOB,2012-06-19,2012-06-19,2012-06-19,57093.0,1962.0,-0.005200663743833767
RBOB,2012-06-26,2012-06-26,2012-06-26,52338.0,-4755.0,-0.018457954125575826
RBOB,2012-07-03,2012-07-03,2012-07-03,51941.0,-397.0,0.07032667849700358
RBOB,2012-07-10,2012-07-10,2012-07-10,52796.0,855.0,-0.005986785979805065
RBOB,2012-07-17,2012-07-17,2012-07-17,47842.0,-4954.0,0.044983749988579014
RBOB,2012-07-24,2012-07-24,2012-07-24,59526.0,11684.0,-0.003332909122925831
RBOB,2012-07-31,2012-07-31,2012-07-31,53991.0,-5535.0,0.017636500113919373
RBOB,2012-08-07,2012-08-07,2012-08-07,61761.0,7770.0,0.07402778667637488
RBOB,2012-08-14,2012-08-14,2012-08-14,66177.0,4416.0,0.01353181295697059
RBOB,2012-08-21,2012-08-21,2012-08-21,66602.0,425.0,0.030386859311220205
RBOB,2012-08-28,2012-08-28,2012-08-28,71915.0,5313.0,0.009075249354777437
RBOB,2012-09-04,2012-09-04,2012-09-04,73260.0,1345.0,0.00547542329795192
RBOB,2012-09-11,2012-09-11,2012-09-11,74841.0,1581.0,0.020509460180185624
RBOB,2012-09-18,2012-09-18,2012-09-18,76909.0,2068.0,-0.039060512367954825
RBOB,2012-09-25,2012-09-25,2012-09-25,80320.0,3411.0,0.0046878415276068175
RBOB,2012-10-02,2012-10-02,2012-10-02,83393.0,3073.0,0.020798420137104756
RBOB,2012-10-09,2012-10-09,2012-10-09,81555.0,-1838.0,0.025300568333637363
RBOB,2012-10-16,2012-10-16,2012-10-16,81962.0,407.0,-0.008457761860367397
RBOB,2012-10-23,2012-10-23,2012-10-23,75454.0,-6508.0,-0.07828664009949149
RBOB,2012-10-30,2012-10-30,2012-10-30,71860.0,-3594.0,0.009372787856316123
RBOB,2012-11-06,2012-11-06,2012-11-06,68174.0,-3686.0,0.035437942252732
RBOB,2012-11-13,2012-11-13,2012-11-13,64308.0,-3866.0,-0.02076694752519881
RBOB,2012-11-20,2012-11-20,2012-11-20,71793.0,7485.0,0.023560609595800974
RBOB,2012-11-27,2012-11-27,2012-11-27,78923.0,7130.0,0.0026745929762510556
RBOB,2012-12-04,2012-12-04,2012-12-04,79249.0,326.0,-0.001964835870299053
RBOB,2012-12-11,2012-12-11,2012-12-11,63640.0,-15609.0,-0.02651057088747466
RBOB,2012-12-18,2012-12-18,2012-12-18,58684.0,-4956.0,0.024017592721484293
RBOB,2012-12-25,2012-12-24,2012-12-24,64415.0,5731.0,0.015342543879377057
RBOB,2013-01-01,2012-12-31,2012-12-31,67208.0,2793.0,0.01312115628266386
RBOB,2013-01-08,2013-01-08,2013-01-08,75245.0,8037.0,0.014013380121477459
RBOB,2013-01-15,2013-01-15,2013-01-15,73184.0,-2061.0,-0.027675541366706247
RBOB,2013-01-22,2013-01-22,2013-01-22,76463.0,3279.0,0.04131928473894697
RBOB,2013-01-29,2013-01-29,2013-01-29,83971.0,7508.0,0.0464896172156084
RBOB,2013-02-05,2013-02-05,2013-02-05,89395.0,5424.0,0.025865701925845475
RBOB,2013-02-12,2013-02-12,2013-02-12,90139.0,744.0,0.01735461866347121
RBOB,2013-02-19,2013-02-19,2013-02-19,90619.0,480.0,0.016576057387857945
RBOB,2013-02-26,2013-02-26,2013-02-26,87923.0,-2696.0,-0.03574221416737444
RBOB,2013-03-05,2013-03-05,2013-03-05,82024.0,-5899.0,-0.014149296620342922
RBOB,2013-03-12,2013-03-12,2013-03-12,76430.0,-5594.0,0.005912732760364525
RBOB,2013-03-19,2013-03-19,2013-03-19,77501.0,1071.0,-0.03166132647487996
RBOB,2013-03-26,2013-03-26,2013-03-26,79792.0,2291.0,0.02025204333693531
RBOB,2013-04-02,2013-04-02,2013-04-02,77028.0,-2764.0,-0.014960734394945607
RBOB,2013-04-09,2013-04-09,2013-04-09,63660.0,-13368.0,-0.030562308985504938
RBOB,2013-04-16,2013-04-16,2013-04-16,53475.0,-10185.0,-0.05764093642125623
RBOB,2013-04-23,2013-04-23,2013-04-23,39932.0,-13543.0,-0.020908461821528723
RBOB,2013-04-30,2013-04-30,2013-04-30,36968.0,-2964.0,0.030915539466778386
RBOB,2013-05-07,2013-05-07,2013-05-07,33397.0,-3571.0,0.013379915954884636
RBOB,2013-05-14,2013-05-14,2013-05-14,33278.0,-119.0,-0.0003899395643092163
RBOB,2013-05-21,2013-05-21,2013-05-21,34146.0,868.0,0.006185623172549448
RBOB,2013-05-28,2013-05-28,2013-05-28,30049.0,-4097.0,0.002639313199631843
RBOB,2013-06-04,2013-06-04,2013-06-04,30464.0,415.0,-0.009524045297157224
RBOB,2013-06-11,2013-06-11,2013-06-11,33352.0,2888.0,0.0037437870193945955
RBOB,2013-06-18,2013-06-18,2013-06-18,39381.0,6029.0,0.02137217163133953
RBOB,2013-06-25,2013-06-25,2013-06-25,23119.0,-16262.0,-0.052126036228856254
RBOB,2013-07-02,2013-07-02,2013-07-02,22656.0,-463.0,0.02027246838836705
RBOB,2013-07-09,2013-07-09,2013-07-09,31748.0,9092.0,0.046488762473591905
RBOB,2013-07-16,2013-07-16,2013-07-16,51074.0,19326.0,0.05317414563871692
RBOB,2013-07-23,2013-07-23,2013-07-23,66192.0,15118.0,-0.007892181707640722
RBOB,2013-07-30,2013-07-30,2013-07-30,71566.0,5374.0,-0.017988493047506937
RBOB,2013-08-06,2013-08-06,2013-08-06,70075.0,-1491.0,-0.013776488356628258
RBOB,2013-08-13,2013-08-13,2013-08-13,58304.0,-11771.0,0.011414834651415573
RBOB,2013-08-20,2013-08-20,2013-08-20,59780.0,1476.0,-0.00035474830979720373
RBOB,2013-08-27,2013-08-27,2013-08-27,62791.0,3011.0,0.03291113801718115
RBOB,2013-09-03,2013-09-03,2013-09-03,67198.0,4407.0,-0.013377461738808938
RBOB,2013-09-10,2013-09-10,2013-09-10,60308.0,-6890.0,-0.04060321485473217
RBOB,2013-09-17,2013-09-17,2013-09-17,47271.0,-13037.0,-0.027913982090336242
RBOB,2013-09-24,2013-09-24,2013-09-24,41544.0,-5727.0,-0.0009817990366480789
RBOB,2013-10-01,2013-10-01,2013-10-01,35311.0,-6233.0,-0.01323742429752528
RBOB,2013-10-08,2013-10-08,2013-10-08,36496.0,1185.0,0.010352059321032225
RBOB,2013-10-15,2013-10-15,2013-10-15,30994.0,-5502.0,0.008621234157814461
RBOB,2013-10-22,2013-10-22,2013-10-22,30487.0,-507.0,-0.014320781001197602
RBOB,2013-10-29,2013-10-29,2013-10-29,33180.0,2693.0,-0.005809384425276898
RBOB,2013-11-05,2013-11-05,2013-11-05,29436.0,-3744.0,-0.032776139908579305
RBOB,2013-11-12,2013-11-12,2013-11-12,30845.0,1409.0,0.02441782902924383
RBOB,2013-11-19,2013-11-19,2013-11-19,36411.0,5566.0,0.017519651849678297
RBOB,2013-11-26,2013-11-26,2013-11-26,42291.0,5880.0,0.023613046417056527
RBOB,2013-12-03,2013-12-03,2013-12-03,45545.0,3254.0,0.016690038459414414
RBOB,2013-12-10,2013-12-10,2013-12-10,45707.0,162.0,-0.015679378998457727
RBOB,2013-12-17,2013-12-17,2013-12-17,42204.0,-3503.0,-0.013858242442677637
RBOB,2013-12-24,2013-12-24,2013-12-24,48267.0,6063.0,0.05659404789009681
RBOB,2013-12-31,2013-12-31,2013-12-31,54230.0,5963.0,-0.009822735382527537
RBOB,2014-01-07,2014-01-07,2014-01-07,47817.0,-6413.0,-0.03811097418600329
RBOB,2014-01-14,2014-01-14,2014-01-14,37822.0,-9995.0,-0.019614365948691814
RBOB,2014-01-21,2014-01-21,2014-01-21,31611.0,-6211.0,-0.0007212405649830167
RBOB,2014-01-28,2014-01-28,2014-01-28,26764.0,-4847.0,0.0015936258352777788
RBOB,2014-02-04,2014-02-04,2014-02-04,25721.0,-1043.0,-0.009559470236813583
RBOB,2014-02-11,2014-02-11,2014-02-11,25380.0,-341.0,0.04679175233509425
RBOB,2014-02-18,2014-02-18,2014-02-18,40636.0,15256.0,0.024901752331058846
RBOB,2014-02-25,2014-02-25,2014-02-25,55456.0,14820.0,-0.009745066487940823
RBOB,2014-03-04,2014-03-04,2014-03-04,59286.0,3830.0,0.0043396368399799545
RBOB,2014-03-11,2014-03-11,2014-03-11,58085.0,-1201.0,-0.005866701475552238
RBOB,2014-03-18,2014-03-18,2014-03-18,56383.0,-1702.0,-0.021154142101745155
RBOB,2014-03-25,2014-03-25,2014-03-25,54644.0,-1739.0,-0.004708334818831927
RBOB,2014-04-01,2014-04-01,2014-04-01,59140.0,4496.0,-0.004816726242394598
RBOB,2014-04-08,2014-04-08,2014-04-08,56769.0,-2371.0,0.03434065115511631
RBOB,2014-04-15,2014-04-15,2014-04-15,72507.0,15738.0,0.019348411448190994
RBOB,2014-04-22,2014-04-22,2014-04-22,75236.0,2729.0,0.011064069137289412
RBOB,2014-04-29,2014-04-29,2014-04-29,81845.0,6609.0,-0.012094123555423275
RBOB,2014-05-06,2014-05-06,2014-05-06,69895.0,-11950.0,-0.03648860361617445
RBOB,2014-05-13,2014-05-13,2014-05-13,59772.0,-10123.0,0.017507280359218003
RBOB,2014-05-20,2014-05-20,2014-05-20,57780.0,-1992.0,0.011797334137890525
RBOB,2014-05-27,2014-05-27,2014-05-27,60055.0,2275.0,0.010285207597832802
RBOB,2014-06-03,2014-06-03,2014-06-03,60117.0,62.0,-0.009650707415114645
RBOB,2014-06-10,2014-06-10,2014-06-10,57163.0,-2954.0,0.008734275928564239
RBOB,2014-06-17,2014-06-17,2014-06-17,61874.0,4711.0,0.038059843730521514
RBOB,2014-06-24,2014-06-24,2014-06-24,66640.0,4766.0,0.012511333889108078
RBOB,2014-07-01,2014-07-01,2014-07-01,67073.0,433.0,-0.01846188813441052
RBOB,2014-07-08,2014-07-08,2014-07-08,65307.0,-1766.0,-0.020562384210524698
RBOB,2014-07-15,2014-07-15,2014-07-15,43975.0,-21332.0,-0.02509986993885449
RBOB,2014-07-22,2014-07-22,2014-07-22,34501.0,-9474.0,-0.005524103272151137
RBOB,2014-07-29,2014-07-29,2014-07-29,31009.0,-3492.0,-0.0024923224836290725
RBOB,2014-08-05,2014-08-05,2014-08-05,29705.0,-1304.0,-0.041462348253163306
RBOB,2014-08-12,2014-08-12,2014-08-12,33475.0,3770.0,0.005351209089090814
RBOB,2014-08-19,2014-08-19,2014-08-19,28821.0,-4654.0,-0.015828197555174395
RBOB,2014-08-26,2014-08-26,2014-08-26,19526.0,-9295.0,0.014137385178337292
RBOB,2014-09-02,2014-09-02,2014-09-02,17988.0,-1538.0,-0.021525321444762602
RBOB,2014-09-09,2014-09-09,2014-09-09,17138.0,-850.0,-7.968762455412559e-05
RBOB,2014-09-16,2014-09-16,2014-09-16,8179.0,-8959.0,-0.0014354641804568136
RBOB,2014-09-23,2014-09-23,2014-09-23,11976.0,3797.0,-0.0008383066697201791
RBOB,2014-09-30,2014-09-30,2014-09-30,10240.0,-1736.0,-0.02699858399642885
RBOB,2014-10-07,2014-10-07,2014-10-07,20449.0,10209.0,-0.02905773447954263
RBOB,2014-10-14,2014-10-14,2014-10-14,24193.0,3744.0,-0.0813726719605431
RBOB,2014-10-21,2014-10-21,2014-10-21,31153.0,6960.0,0.008056860441405078
RBOB,2014-10-28,2014-10-28,2014-10-28,31175.0,22.0,-0.0003247431078620133
RBOB,2014-11-04,2014-11-04,2014-11-04,31052.0,-123.0,-0.0366068575101437
RBOB,2014-11-11,2014-11-11,2014-11-11,32286.0,1234.0,0.004566327721076013
RBOB,2014-11-18,2014-11-18,2014-11-18,39291.0,7005.0,-0.029986670476169985
RBOB,2014-11-25,2014-11-25,2014-11-25,39096.0,-195.0,-0.005599756945458556
RBOB,2014-12-02,2014-12-02,2014-12-02,42418.0,3322.0,-0.10158615879715627
RBOB,2014-12-09,2014-12-09,2014-12-09,48583.0,6165.0,-0.04802181991342247
RBOB,2014-12-16,2014-12-16,2014-12-16,50136.0,1553.0,-0.11049399715706498
RBOB,2014-12-23,2014-12-23,2014-12-23,49641.0,-495.0,0.01936859732111096
RBOB,2014-12-30,2014-12-30,2014-12-30,45777.0,-3864.0,-0.07444779612817498
RBOB,2015-01-06,2015-01-06,2015-01-06,45863.0,86.0,-0.08087685260903593
RBOB,2015-01-13,2015-01-13,2015-01-13,39830.0,-6033.0,-0.06181554925649485
RBOB,2015-01-20,2015-01-20,2015-01-20,42159.0,2329.0,0.028816514620209233
RBOB,2015-01-27,2015-01-27,2015-01-27,55769.0,13610.0,0.031410815994611596
RBOB,2015-02-03,2015-02-03,2015-02-03,55921.0,152.0,0.13702852949065641
RBOB,2015-02-10,2015-02-10,2015-02-10,57451.0,1530.0,-0.013973881799225207
RBOB,2015-02-17,2015-02-17,2015-02-17,47671.0,-9780.0,0.02276574730450298
RBOB,2015-02-24,2015-02-24,2015-02-24,42150.0,-5521.0,-0.00912101137472543
RBOB,2015-03-03,2015-03-03,2015-03-03,43188.0,1038.0,0.06792261378966669
RBOB,2015-03-10,2015-03-10,2015-03-10,36036.0,-7152.0,-0.07034273937178692
RBOB,2015-03-17,2015-03-17,2015-03-17,31715.0,-4321.0,-0.04847000342392416
RBOB,2015-03-24,2015-03-24,2015-03-24,28340.0,-3375.0,0.04093325397742387
RBOB,2015-03-31,2015-03-31,2015-03-31,24255.0,-4085.0,-0.015528523484495738
RBOB,2015-04-07,2015-04-07,2015-04-07,25542.0,1287.0,0.052242624669433524
RBOB,2015-04-14,2015-04-14,2015-04-14,16547.0,-8995.0,-0.007748826331100855
RBOB,2015-04-21,2015-04-21,2015-04-21,24166.0,7619.0,0.029110313585306025
RBOB,2015-04-28,2015-04-28,2015-04-28,26522.0,2356.0,0.05364443297521371
RBOB,2015-05-05,2015-05-05,2015-05-05,25875.0,-647.0,0.03492599716428213
RBOB,2015-05-12,2015-05-12,2015-05-12,24973.0,-902.0,-0.009598036563440382
RBOB,2015-05-19,2015-05-19,2015-05-19,24777.0,-196.0,-0.024456454875280365
RBOB,2015-05-26,2015-05-26,2015-05-26,23150.0,-1627.0,0.000352902627745566
RBOB,2015-06-02,2015-06-02,2015-06-02,27019.0,3869.0,0.04003478366868818
RBOB,2015-06-09,2015-06-09,2015-06-09,19445.0,-7574.0,0.005155536423588347
RBOB,2015-06-16,2015-06-16,2015-06-16,27234.0,7789.0,0.018294820580571747
RBOB,2015-06-23,2015-06-23,2015-06-23,19681.0,-7553.0,-0.017609419594178166
RBOB,2015-06-30,2015-06-30,2015-06-30,16800.0,-2881.0,0.0029809194502351533
RBOB,2015-07-07,2015-07-07,2015-07-07,7469.0,-9331.0,-0.0599716120902557
RBOB,2015-07-14,2015-07-14,2015-07-14,12132.0,4663.0,-0.006819782412500808
RBOB,2015-07-21,2015-07-21,2015-07-21,16528.0,4396.0,0.002136182387765584
RBOB,2015-07-28,2015-07-28,2015-07-28,13913.0,-2615.0,-0.069640873186807
RBOB,2015-08-04,2015-08-04,2015-08-04,15297.0,1384.0,-0.03294866314457956
RBOB,2015-08-11,2015-08-11,2015-08-11,14304.0,-993.0,0.0026620540144928206
RBOB,2015-08-18,2015-08-18,2015-08-18,15612.0,1308.0,-0.014932146606307373
RBOB,2015-08-25,2015-08-25,2015-08-25,21914.0,6302.0,-0.1362432128937302
RBOB,2015-09-01,2015-09-01,2015-09-01,16532.0,-5382.0,0.0751993298915965
RBOB,2015-09-08,2015-09-08,2015-09-08,16148.0,-384.0,0.00668898815079666
RBOB,2015-09-15,2015-09-15,2015-09-15,16662.0,514.0,-0.04293775773961894
RBOB,2015-09-22,2015-09-22,2015-09-22,16727.0,65.0,0.055610738408214955
RBOB,2015-09-29,2015-09-29,2015-09-29,17760.0,1033.0,-0.03502232636178748
RBOB,2015-10-06,2015-10-06,2015-10-06,24290.0,6530.0,0.07085760980169253
RBOB,2015-10-13,2015-10-13,2015-10-13,17626.0,-6664.0,-0.07099117662085985
RBOB,2015-10-20,2015-10-20,2015-10-20,13460.0,-4166.0,-0.023225663627921944
RBOB,2015-10-27,2015-10-27,2015-10-27,12350.0,-1110.0,-0.008723476147423359
RBOB,2015-11-03,2015-11-03,2015-11-03,18353.0,6003.0,0.11264481503212809
RBOB,2015-11-10,2015-11-10,2015-11-10,15699.0,-2654.0,-0.061118521293893835
RBOB,2015-11-17,2015-11-17,2015-11-17,-1228.0,-16927.0,-0.09268264260935632
RBOB,2015-11-24,2015-11-24,2015-11-24,15127.0,16355.0,0.10060362269213752
RBOB,2015-12-01,2015-12-01,2015-12-01,25053.0,9926.0,0.0029631251676964787
RBOB,2015-12-08,2015-12-08,2015-12-08,16580.0,-8473.0,-0.11101875906702546
RBOB,2015-12-15,2015-12-15,2015-12-15,23414.0,6834.0,0.028891615743742494
RBOB,2015-12-22,2015-12-22,2015-12-22,21340.0,-2074.0,-0.058305500950035616
RBOB,2015-12-29,2015-12-29,2015-12-29,28311.0,6971.0,0.08049017414533649
RBOB,2016-01-05,2016-01-05,2016-01-05,27055.0,-1256.0,-0.020086050335055783
RBOB,2016-01-12,2016-01-12,2016-01-12,16972.0,-10083.0,-0.14799109268442623
RBOB,2016-01-19,2016-01-19,2016-01-19,19981.0,3009.0,-0.05273141624923888
RBOB,2016-01-26,2016-01-26,2016-01-26,17198.0,-2783.0,0.014897503501923093
RBOB,2016-02-02,2016-02-02,2016-02-02,14158.0,-3040.0,-0.03445708573763415
RBOB,2016-02-09,2016-02-09,2016-02-09,14134.0,-24.0,-0.08766220682060796
RBOB,2016-02-16,2016-02-16,2016-02-16,23991.0,9857.0,0.06504332090643059
RBOB,2016-02-23,2016-02-23,2016-02-23,20357.0,-3634.0,0.014534899538983986
RBOB,2016-03-01,2016-03-01,2016-03-01,25852.0,5495.0,0.06964298544291458
RBOB,2016-03-08,2016-03-08,2016-03-08,29283.0,3431.0,0.0633485857877309
RBOB,2016-03-15,2016-03-15,2016-03-15,33789.0,4506.0,0.012229790082892156
RBOB,2016-03-22,2016-03-22,2016-03-22,29268.0,-4521.0,0.058215174312093054
RBOB,2016-03-29,2016-03-29,2016-03-29,32533.0,3265.0,-0.030067450585114286
RBOB,2016-04-05,2016-04-05,2016-04-05,22362.0,-10171.0,-0.07396777670100646
RBOB,2016-04-12,2016-04-12,2016-04-12,21160.0,-1202.0,0.10779079029568633
RBOB,2016-04-19,2016-04-19,2016-04-19,23815.0,2655.0,-0.032249207175693684
RBOB,2016-04-26,2016-04-26,2016-04-26,26094.0,2279.0,0.05284738954014445
RBOB,2016-05-03,2016-05-03,2016-05-03,23695.0,-2399.0,-0.04135118869262577
RBOB,2016-05-10,2016-05-10,2016-05-10,15648.0,-8047.0,-0.014921195962974698
RBOB,2016-05-17,2016-05-17,2016-05-17,24592.0,8944.0,0.09100663689730931
RBOB,2016-05-24,2016-05-24,2016-05-24,21979.0,-2613.0,0.01086010977083618
RBOB,2016-05-31,2016-05-31,2016-05-31,16703.0,-5276.0,-0.026785677700372656
RBOB,2016-06-07,2016-06-07,2016-06-07,13212.0,-3491.0,-0.009722125685811323
RBOB,2016-06-14,2016-06-14,2016-06-14,4650.0,-8562.0,-0.040057736706471836
RBOB,2016-06-21,2016-06-21,2016-06-21,8068.0,3418.0,0.0441824847581237
RBOB,2016-06-28,2016-06-28,2016-06-28,8801.0,733.0,-0.05348183140643559
RBOB,2016-07-05,2016-07-05,2016-07-05,2412.0,-6389.0,-0.057153972104468764
RBOB,2016-07-12,2016-07-12,2016-07-12,2149.0,-263.0,-0.001736051267587968
RBOB,2016-07-19,2016-07-19,2016-07-19,1768.0,-381.0,-0.03796489929320174
RBOB,2016-07-26,2016-07-26,2016-07-26,-4766.0,-6534.0,-0.030491954790129117
RBOB,2016-08-02,2016-08-02,2016-08-02,-3964.0,802.0,-0.033213368313907865
RBOB,2016-08-09,2016-08-09,2016-08-09,-932.0,3032.0,0.04453052443438038
RBOB,2016-08-16,2016-08-16,2016-08-16,-1473.0,-541.0,0.07061398726382195
RBOB,2016-08-23,2016-08-23,2016-08-23,15650.0,17123.0,0.04098050243277379
RBOB,2016-08-30,2016-08-30,2016-08-30,16817.0,1167.0,-0.032285113167041246
RBOB,2016-09-06,2016-09-06,2016-09-06,11535.0,-5282.0,-0.04084676681341998
RBOB,2016-09-13,2016-09-13,2016-09-13,20633.0,9098.0,0.030549362344842512
RBOB,2016-09-20,2016-09-20,2016-09-20,21494.0,861.0,-0.017945748539198392
RBOB,2016-09-27,2016-09-27,2016-09-27,22962.0,1468.0,0.027680338685441508
RBOB,2016-10-04,2016-10-04,2016-10-04,30817.0,7855.0,0.09513092253839162
RBOB,2016-10-11,2016-10-11,2016-10-11,36632.0,5815.0,0.0050234305624108355
RBOB,2016-10-18,2016-10-18,2016-10-18,39963.0,3331.0,0.010373956288826425
RBOB,2016-10-25,2016-10-25,2016-10-25,40617.0,654.0,-0.004230891775112544
RBOB,2016-11-01,2016-11-01,2016-11-01,41941.0,1324.0,-0.026012946491712152
RBOB,2016-11-08,2016-11-08,2016-11-08,39651.0,-2290.0,-0.058697947152347774
RBOB,2016-11-15,2016-11-15,2016-11-15,25639.0,-14012.0,-0.018811189366095604
RBOB,2016-11-22,2016-11-22,2016-11-22,16804.0,-8835.0,0.055333417542549834
RBOB,2016-11-29,2016-11-29,2016-11-29,22025.0,5221.0,-0.02615792840861808
RBOB,2016-12-06,2016-12-06,2016-12-06,40372.0,18347.0,0.11182988249561965
RBOB,2016-12-13,2016-12-13,2016-12-13,38377.0,-1995.0,0.012443236684334336
RBOB,2016-12-20,2016-12-20,2016-12-20,42419.0,4042.0,0.02660617961480427
RBOB,2016-12-27,2016-12-27,2016-12-27,50246.0,7827.0,0.030923999210226816
RBOB,2017-01-03,2017-01-03,2017-01-03,61421.0,11175.0,-0.022073777252956894
RBOB,2017-01-10,2017-01-10,2017-01-10,63258.0,1837.0,-0.041635085326306775
RBOB,2017-01-17,2017-01-17,2017-01-17,63453.0,195.0,0.033863421818091655
RBOB,2017-01-24,2017-01-24,2017-01-24,61213.0,-2240.0,-0.01610141300335932
RBOB,2017-01-31,2017-01-31,2017-01-31,56060.0,-5153.0,-0.03280855192833332
RBOB,2017-02-07,2017-02-07,2017-02-07,48754.0,-7306.0,-0.025701881267294002
RBOB,2017-02-14,2017-02-14,2017-02-14,49341.0,587.0,0.02315555084917298
RBOB,2017-02-21,2017-02-21,2017-02-21,40955.0,-8386.0,-0.0235615244664642
RBOB,2017-02-28,2017-02-28,2017-02-28,39225.0,-1730.0,0.003185361625396954
RBOB,2017-03-07,2017-03-07,2017-03-07,30617.0,-8608.0,-0.028131819043791695
RBOB,2017-03-14,2017-03-14,2017-03-14,28362.0,-2255.0,-0.0634884350628494
RBOB,2017-03-21,2017-03-21,2017-03-21,20380.0,-7982.0,0.009382155869669007
RBOB,2017-03-28,2017-03-28,2017-03-28,17549.0,-2831.0,0.011926126478136512
RBOB,2017-04-04,2017-04-04,2017-04-04,27960.0,10411.0,0.05236906086621035
RBOB,2017-04-11,2017-04-11,2017-04-11,33418.0,5458.0,0.023017300173445387
RBOB,2017-04-18,2017-04-18,2017-04-18,32910.0,-508.0,-0.023832580908098533
RBOB,2017-04-25,2017-04-25,2017-04-25,20364.0,-12546.0,-0.0541028240660702
RBOB,2017-05-02,2017-05-02,2017-05-02,-3259.0,-23623.0,-0.07221904874118579
RBOB,2017-05-09,2017-05-09,2017-05-09,-20790.0,-17531.0,-0.016010971490766635
RBOB,2017-05-16,2017-05-16,2017-05-16,-13153.0,7637.0,0.07001922200878408
RBOB,2017-05-23,2017-05-23,2017-05-23,-3149.0,10004.0,0.03346436589599211
RBOB,2017-05-30,2017-05-30,2017-05-30,3650.0,6799.0,-0.019328102219854926
RBOB,2017-06-06,2017-06-06,2017-06-06,3916.0,266.0,-0.042956459819691095
RBOB,2017-06-13,2017-06-13,2017-06-13,-12849.0,-16765.0,-0.03330789044240101
RBOB,2017-06-20,2017-06-20,2017-06-20,-21408.0,-8559.0,-0.05164564279329592
RBOB,2017-06-27,2017-06-27,2017-06-27,-20524.0,884.0,0.022923839567915827
RBOB,2017-07-04,2017-07-03,2017-07-03,-10379.0,10145.0,0.057080097003863184
RBOB,2017-07-11,2017-07-11,2017-07-11,6075.0,16454.0,-0.017457297138455563
RBOB,2017-07-18,2017-07-18,2017-07-18,14660.0,8585.0,0.02743683402559216
RBOB,2017-07-25,2017-07-25,2017-07-25,27607.0,12947.0,0.020046931945290836
RBOB,2017-08-01,2017-08-01,2017-08-01,44388.0,16781.0,0.05604937320091946
RBOB,2017-08-08,2017-08-08,2017-08-08,46798.0,2410.0,-0.012294836936834697
RBOB,2017-08-15,2017-08-15,2017-08-15,39166.0,-7632.0,-0.02498556032584498
RBOB,2017-08-22,2017-08-22,2017-08-22,36514.0,-2652.0,0.007621376641970601
RBOB,2017-08-29,2017-08-29,2017-08-29,48635.0,12121.0,0.06472581628405277
RBOB,2017-09-05,2017-09-05,2017-09-05,64675.0,16040.0,0.09420445079727346
RBOB,2017-09-12,2017-09-12,2017-09-12,67700.0,3025.0,0.007337986452912948
RBOB,2017-09-19,2017-09-19,2017-09-19,70259.0,2559.0,0.0034932354155007284
RBOB,2017-09-26,2017-09-26,2017-09-26,69346.0,-913.0,0.02654533746727905
RBOB,2017-10-03,2017-10-03,2017-10-03,64231.0,-5115.0,-0.048873175283049686
RBOB,2017-10-10,2017-10-10,2017-10-10,59956.0,-4275.0,0.010850246860354518
RBOB,2017-10-17,2017-10-17,2017-10-17,61374.0,1418.0,0.023216000657770852
RBOB,2017-10-24,2017-10-24,2017-10-24,67856.0,6482.0,0.03719575389180452
RBOB,2017-10-31,2017-10-31,2017-10-31,80204.0,12348.0,0.03470796720256042
RBOB,2017-11-07,2017-11-07,2017-11-07,91243.0,11039.0,0.04610320681799818
RBOB,2017-11-14,2017-11-14,2017-11-14,101271.0,10028.0,-0.02267184859454996
RBOB,2017-11-21,2017-11-21,2017-11-21,94399.0,-6872.0,0.006708382178691741
RBOB,2017-11-28,2017-11-28,2017-11-28,90136.0,-4263.0,0.002094241603114999
RBOB,2017-12-05,2017-12-05,2017-12-05,81957.0,-8179.0,-0.026383542336110732
RBOB,2017-12-12,2017-12-12,2017-12-12,73816.0,-8141.0,-0.012070012487902737
RBOB,2017-12-19,2017-12-19,2017-12-19,72250.0,-1566.0,-0.0011682926733361798
RBOB,2017-12-26,2017-12-26,2017-12-26,79440.0,7190.0,0.04675909565611447
RBOB,2018-01-02,2018-01-02,2018-01-02,81367.0,1927.0,-0.014170063941666311
RBOB,2018-01-09,2018-01-09,2018-01-09,91856.0,10489.0,0.037499583167037165
RBOB,2018-01-16,2018-01-16,2018-01-16,96020.0,4164.0,-5.3967996990977873e-05
RBOB,2018-01-23,2018-01-23,2018-01-23,108240.0,12220.0,0.029041504870243262
RBOB,2018-01-30,2018-01-30,2018-01-30,110901.0,2661.0,-0.019480791803753394
RBOB,2018-02-06,2018-02-06,2018-02-06,111230.0,329.0,-0.024431226992314592
RBOB,2018-02-13,2018-02-13,2018-02-13,91389.0,-19841.0,-0.06438110332525337
RBOB,2018-02-20,2018-02-20,2018-02-20,81683.0,-9706.0,0.035996308948525124
RBOB,2018-02-27,2018-02-27,2018-02-27,90098.0,8415.0,0.025365620342759798
RBOB,2018-03-06,2018-03-06,2018-03-06,79898.0,-10200.0,-0.02632863762619797
RBOB,2018-03-13,2018-03-13,2018-03-13,79597.0,-301.0,-0.024692612590371588
RBOB,2018-03-20,2018-03-20,2018-03-20,89139.0,9542.0,0.03876514381028029
RBOB,2018-03-27,2018-03-27,2018-03-27,95335.0,6196.0,0.02297340843880924
RBOB,2018-04-03,2018-04-03,2018-04-03,92925.0,-2410.0,-0.02317597534806315
RBOB,2018-04-10,2018-04-10,2018-04-10,88703.0,-4222.0,0.031240105132349427
RBOB,2018-04-17,2018-04-17,2018-04-17,97993.0,9290.0,0.0024458261960217387
RBOB,2018-04-24,2018-04-24,2018-04-24,111418.0,13425.0,0.0254692524472081
RBOB,2018-05-01,2018-05-01,2018-05-01,112744.0,1326.0,-0.004763326662894918
RBOB,2018-05-08,2018-05-08,2018-05-08,113580.0,836.0,0.013240810704255424
RBOB,2018-05-15,2018-05-15,2018-05-15,124232.0,10652.0,0.04215538479114744
RBOB,2018-05-22,2018-05-22,2018-05-22,131931.0,7699.0,0.0264557404703768
RBOB,2018-05-29,2018-05-29,2018-05-29,118282.0,-13649.0,-0.057506696472223395
RBOB,2018-06-05,2018-06-05,2018-06-05,101377.0,-16905.0,-0.01513325449549241
RBOB,2018-06-12,2018-06-12,2018-06-12,83443.0,-17934.0,-0.008907251688292983
RBOB,2018-06-19,2018-06-19,2018-06-19,85277.0,1834.0,-0.025232707426829815
RBOB,2018-06-26,2018-06-26,2018-06-26,77545.0,-7732.0,0.014496556329175125
RBOB,2018-07-03,2018-07-03,2018-07-03,81250.0,3705.0,0.029038463671927417
RBOB,2018-07-10,2018-07-10,2018-07-10,87557.0,6307.0,0.019396091883449484
RBOB,2018-07-17,2018-07-17,2018-07-17,79497.0,-8060.0,-0.06887269603064061
RBOB,2018-07-24,2018-07-24,2018-07-24,90558.0,11061.0,0.030328515988808258
RBOB,2018-07-31,2018-07-31,2018-07-31,105426.0,14868.0,0.010533533807733142
RBOB,2018-08-07,2018-08-07,2018-08-07,104437.0,-989.0,0.008458530437404632
RBOB,2018-08-14,2018-08-14,2018-08-14,90270.0,-14167.0,-0.029585533823927146
RBOB,2018-08-21,2018-08-21,2018-08-21,80513.0,-9757.0,-0.007247353080316654
RBOB,2018-08-28,2018-08-28,2018-08-28,86677.0,6164.0,0.032992364724538925
RBOB,2018-09-04,2018-09-04,2018-09-04,82932.0,-3745.0,0.011481949017193127
RBOB,2018-09-11,2018-09-11,2018-09-11,74893.0,-8039.0,0.0078025112056223644
RBOB,2018-09-18,2018-09-18,2018-09-18,79073.0,4180.0,-0.0008026085206371825
RBOB,2018-09-25,2018-09-25,2018-09-25,91139.0,12066.0,0.03102862429939468
RBOB,2018-10-02,2018-10-02,2018-10-02,96754.0,5615.0,0.03570304545783931
RBOB,2018-10-09,2018-10-09,2018-10-09,98909.0,2155.0,-0.021358554103878657
RBOB,2018-10-16,2018-10-16,2018-10-16,84361.0,-14548.0,-0.05009691582427278
RBOB,2018-10-23,2018-10-23,2018-10-23,73389.0,-10972.0,-0.07324316619421212
RBOB,2018-10-30,2018-10-30,2018-10-30,62423.0,-10966.0,-0.01765382554493511
RBOB,2018-11-06,2018-11-06,2018-11-06,57348.0,-5075.0,-0.06668484465874303
RBOB,2018-11-13,2018-11-13,2018-11-13,52428.0,-4920.0,-0.09651429529575739
RBOB,2018-11-20,2018-11-20,2018-11-20,46701.0,-5727.0,-0.03487682859759311
RBOB,2018-11-27,2018-11-27,2018-11-27,47027.0,326.0,-0.05217609548715857
RBOB,2018-12-04,2018-12-04,2018-12-04,44356.0,-2671.0,0.02933519241798377
RBOB,2018-12-11,2018-12-11,2018-12-11,51328.0,6972.0,-0.0078279641872267
RBOB,2018-12-18,2018-12-18,2018-12-18,54090.0,2762.0,-0.06634370561501174
RBOB,2018-12-25,2018-12-24,2018-12-24,53482.0,-608.0,-0.08261612109699035
RBOB,2019-01-01,2018-12-31,2018-12-31,56049.0,2567.0,0.04975445661298955
RBOB,2019-01-08,2019-01-08,2019-01-08,53459.0,-2590.0,0.0469010405966373
RBOB,2019-01-15,2019-01-15,2019-01-15,53219.0,-240.0,0.03733081653505116
RBOB,2019-01-22,2019-01-22,2019-01-22,50120.0,-3099.0,-0.00808980529563369
RBOB,2019-01-29,2019-01-29,2019-01-29,47449.0,-2671.0,-0.03127945108329849
RBOB,2019-02-05,2019-02-05,2019-02-05,55437.0,7988.0,0.02190205704516912
RBOB,2019-02-12,2019-02-12,2019-02-12,57265.0,1828.0,0.003902746164780868
RBOB,2019-02-19,2019-02-19,2019-02-19,64548.0,7283.0,0.07070608921278149
RBOB,2019-02-26,2019-02-26,2019-02-26,73888.0,9340.0,-0.0067048398684174115
RBOB,2019-03-05,2019-03-05,2019-03-05,72367.0,-1521.0,0.023105810927843806
RBOB,2019-03-12,2019-03-12,2019-03-12,79132.0,6765.0,0.018719209548148874
RBOB,2019-03-19,2019-03-19,2019-03-19,91154.0,12022.0,0.03407447707719813
RBOB,2019-03-26,2019-03-26,2019-03-26,97203.0,6049.0,0.01661150190176197
RBOB,2019-04-02,2019-04-02,2019-04-02,97087.0,-116.0,0.011345950829721008
RBOB,2019-04-09,2019-04-09,2019-04-09,104389.0,7302.0,0.02936236486370203
RBOB,2019-04-16,2019-04-16,2019-04-16,114541.0,10152.0,0.01920622134610428
RBOB,2019-04-23,2019-04-23,2019-04-23,111752.0,-2789.0,0.036139968806499834
RBOB,2019-04-30,2019-04-30,2019-04-30,115372.0,3620.0,-0.007327452761884512
RBOB,2019-05-07,2019-05-07,2019-05-07,107314.0,-8058.0,-0.0569212036619412
RBOB,2019-05-14,2019-05-14,2019-05-14,108042.0,728.0,0.01513966964698632
RBOB,2019-05-21,2019-05-21,2019-05-21,102363.0,-5679.0,0.02396689591333334
RBOB,2019-05-28,2019-05-28,2019-05-28,91806.0,-10557.0,-0.031172279634603894
RBOB,2019-06-04,2019-06-04,2019-06-04,82835.0,-8971.0,-0.11312245139513333
RBOB,2019-06-11,2019-06-11,2019-06-11,75376.0,-7459.0,0.015838559085373016
RBOB,2019-06-18,2019-06-18,2019-06-18,76661.0,1285.0,-0.014366888473916761
RBOB,2019-06-25,2019-06-25,2019-06-25,86961.0,10300.0,0.08109193080204613
RBOB,2019-07-02,2019-07-02,2019-07-02,92503.0,5542.0,0.010493756303963875
RBOB,2019-07-09,2019-07-09,2019-07-09,94557.0,2054.0,0.028844771507887557
RBOB,2019-07-16,2019-07-16,2019-07-16,100188.0,5631.0,-0.016024432797590804
RBOB,2019-07-23,2019-07-23,2019-07-23,91178.0,-9010.0,-0.0168365188397126
RBOB,2019-07-30,2019-07-30,2019-07-30,89313.0,-1865.0,0.017486784387715226
RBOB,2019-08-06,2019-08-06,2019-08-06,81700.0,-7613.0,-0.09582567001604492
RBOB,2019-08-13,2019-08-13,2019-08-13,66309.0,-15391.0,0.033977483879107595
RBOB,2019-08-20,2019-08-20,2019-08-20,61128.0,-5181.0,-0.026326535580244337
RBOB,2019-08-27,2019-08-27,2019-08-27,60751.0,-377.0,-0.006155061707280529
RBOB,2019-09-03,2019-09-03,2019-09-03,41912.0,-18839.0,-0.039428279686879786
RBOB,2019-09-10,2019-09-10,2019-09-10,51132.0,9220.0,0.07947086154809524
RBOB,2019-09-17,2019-09-17,2019-09-17,59149.0,8017.0,0.04680886768110726
RBOB,2019-09-24,2019-09-24,2019-09-24,63174.0,4025.0,-0.01367876726211259
RBOB,2019-10-01,2019-10-01,2019-10-01,57745.0,-5429.0,-0.0368060331382446
RBOB,2019-10-08,2019-10-08,2019-10-08,55855.0,-1890.0,-0.0005883314436739839
RBOB,2019-10-15,2019-10-15,2019-10-15,65274.0,9419.0,0.026520249608173563
RBOB,2019-10-22,2019-10-22,2019-10-22,69752.0,4478.0,-0.0008918902292185393
RBOB,2019-10-29,2019-10-29,2019-10-29,92442.0,22690.0,0.04523290224341803
RBOB,2019-11-05,2019-11-05,2019-11-05,96197.0,3755.0,0.02337665833128255
RBOB,2019-11-12,2019-11-12,2019-11-12,88130.0,-8067.0,-0.02866087176599197
RBOB,2019-11-19,2019-11-19,2019-11-19,90000.0,1870.0,-0.00704513653081229
RBOB,2019-11-26,2019-11-26,2019-11-26,103718.0,13718.0,0.06027492448511074
RBOB,2019-12-03,2019-12-03,2019-12-03,77580.0,-26138.0,-0.08084397874712346
RBOB,2019-12-10,2019-12-10,2019-12-10,89184.0,11604.0,0.05364795866319694
RBOB,2019-12-17,2019-12-17,2019-12-17,93362.0,4178.0,0.0202642996235729
RBOB,2019-12-24,2019-12-24,2019-12-24,105889.0,12527.0,0.02194803227740738
RBOB,2019-12-31,2019-12-31,2019-12-31,105848.0,-41.0,-0.021593044698244523
RBOB,2020-01-07,2020-01-07,2020-01-07,106448.0,600.0,0.01763570428457628
RBOB,2020-01-14,2020-01-14,2020-01-14,109932.0,3484.0,-0.04068257848093537
RBOB,2020-01-21,2020-01-21,2020-01-21,114881.0,4949.0,-0.00802393373250676
RBOB,2020-01-28,2020-01-28,2020-01-28,86847.0,-28034.0,-0.08636730777121293
RBOB,2020-02-04,2020-02-04,2020-02-04,87124.0,277.0,-0.039408307868603054
RBOB,2020-02-11,2020-02-11,2020-02-11,94313.0,7189.0,0.03216928293339172
RBOB,2020-02-18,2020-02-18,2020-02-18,105425.0,11112.0,0.045618546178730845
RBOB,2020-02-25,2020-02-25,2020-02-25,100812.0,-4613.0,-0.05940936536071395
RBOB,2020-03-03,2020-03-03,2020-03-03,75448.0,-25364.0,-0.0715832217158468
RBOB,2020-03-10,2020-03-10,2020-03-10,69502.0,-5946.0,-0.27182699584014813
RBOB,2020-03-17,2020-03-17,2020-03-17,56303.0,-13199.0,-0.47848632531091717
RBOB,2020-03-24,2020-03-24,2020-03-24,46197.0,-10106.0,-0.34247072011632673
RBOB,2020-03-31,2020-03-31,2020-03-31,40130.0,-6067.0,0.14929773118907236
RBOB,2020-04-07,2020-04-07,2020-04-07,35101.0,-5029.0,0.08127924878276588
RBOB,2020-04-14,2020-04-14,2020-04-14,35996.0,895.0,0.08677818434813273
RBOB,2020-04-21,2020-04-21,2020-04-21,34464.0,-1532.0,-0.3140221847461688
RBOB,2020-04-28,2020-04-28,2020-04-28,33230.0,-1234.0,0.2120195732708055
RBOB,2020-05-05,2020-05-05,2020-05-05,32447.0,-783.0,0.23140579207743206
RBOB,2020-05-12,2020-05-12,2020-05-12,34841.0,2394.0,0.02333979528252475
RBOB,2020-05-19,2020-05-19,2020-05-19,34015.0,-826.0,0.11936010796532348
RBOB,2020-05-26,2020-05-26,2020-05-26,32594.0,-1421.0,0.009246221170734958
RBOB,2020-06-02,2020-06-02,2020-06-02,24648.0,-7946.0,0.04675908167963758
RBOB,2020-06-09,2020-06-09,2020-06-09,21756.0,-2892.0,0.08090112945658257
RBOB,2020-06-16,2020-06-16,2020-06-16,22204.0,448.0,-0.007217287130926023
RBOB,2020-06-23,2020-06-23,2020-06-23,26698.0,4494.0,0.0663939475055112
RBOB,2020-06-30,2020-06-30,2020-06-30,25600.0,-1098.0,-0.07748494018968403
RBOB,2020-07-07,2020-07-07,2020-07-07,26714.0,1114.0,0.052976229823468876
RBOB,2020-07-14,2020-07-14,2020-07-14,31748.0,5034.0,-0.02082231633145623
RBOB,2020-07-21,2020-07-21,2020-07-21,38158.0,6410.0,0.027509174554532
RBOB,2020-07-28,2020-07-28,2020-07-28,36367.0,-1791.0,-0.020196230612608085
RBOB,2020-08-04,2020-08-04,2020-08-04,37591.0,1224.0,-0.01435181152440948
RBOB,2020-08-11,2020-08-11,2020-08-11,42516.0,4925.0,0.00392482297029062
RBOB,2020-08-18,2020-08-18,2020-08-18,53676.0,11160.0,0.0641412886996803
RBOB,2020-08-25,2020-08-25,2020-08-25,62845.0,9169.0,0.03497589204569673
RBOB,2020-09-01,2020-09-01,2020-09-01,60056.0,-2789.0,-0.03311171874043581
RBOB,2020-09-08,2020-09-08,2020-09-08,47642.0,-12414.0,-0.10201760606300332
RBOB,2020-09-15,2020-09-15,2020-09-15,44388.0,-3254.0,0.031935944542476016
RBOB,2020-09-22,2020-09-22,2020-09-22,46408.0,2020.0,0.02111665689256803
RBOB,2020-09-29,2020-09-29,2020-09-29,48274.0,1866.0,0.02358742556687568
RBOB,2020-10-06,2020-10-06,2020-10-06,49336.0,1062.0,0.03710400295823804
RBOB,2020-10-13,2020-10-13,2020-10-13,46841.0,-2495.0,-0.029809981051718337
RBOB,2020-10-20,2020-10-20,2020-10-20,47388.0,547.0,0.007877427497713696
RBOB,2020-10-27,2020-10-27,2020-10-27,39556.0,-7832.0,-0.03798309978183034
RBOB,2020-11-03,2020-11-03,2020-11-03,26577.0,-12979.0,-0.04929509999706344
RBOB,2020-11-10,2020-11-10,2020-11-10,44696.0,18119.0,0.1057719151699491
RBOB,2020-11-17,2020-11-17,2020-11-17,52093.0,7397.0,-0.030582378247247993
RBOB,2020-11-24,2020-11-24,2020-11-24,52580.0,487.0,0.08174946578159883
RBOB,2020-12-01,2020-12-01,2020-12-01,47224.0,-5356.0,-0.02347831196206443
RBOB,2020-12-08,2020-12-08,2020-12-08,52835.0,5611.0,0.02784179836127379
RBOB,2020-12-15,2020-12-15,2020-12-15,56175.0,3340.0,0.04858725352832738
RBOB,2020-12-22,2020-12-21,2020-12-21,65307.0,9132.0,0.018099030525872528
RBOB,2020-12-29,2020-12-29,2020-12-29,70904.0,5597.0,0.01719701375677668
RBOB,2021-01-05,2021-01-05,2021-01-05,72844.0,1940.0,0.04937203250003763
RBOB,2021-01-12,2021-01-12,2021-01-12,79750.0,6906.0,0.06544110646091822
RBOB,2021-01-19,2021-01-19,2021-01-19,80564.0,814.0,-0.0089976980139711
RBOB,2021-01-26,2021-01-26,2021-01-26,85601.0,5037.0,0.023710430623704593
RBOB,2021-02-02,2021-02-02,2021-02-02,66487.0,-19114.0,0.02102926318967946
RBOB,2021-02-09,2021-02-09,2021-02-09,60842.0,-5645.0,0.04340066758355193
RBOB,2021-02-16,2021-02-16,2021-02-16,60961.0,119.0,0.04068339097312368
RBOB,2021-02-23,2021-02-23,2021-02-23,56791.0,-4170.0,0.04141204415518318
RBOB,2021-03-02,2021-03-02,2021-03-02,54350.0,-2441.0,-0.004320192951633106
RBOB,2021-03-09,2021-03-09,2021-03-09,59957.0,5607.0,0.06177879574847789
RBOB,2021-03-16,2021-03-16,2021-03-16,67355.0,7398.0,0.022975092333553104
RBOB,2021-03-23,2021-03-23,2021-03-23,63669.0,-3686.0,-0.1001939666179048
RBOB,2021-03-30,2021-03-30,2021-03-30,61795.0,-1874.0,0.05165189878746135
RBOB,2021-04-06,2021-04-06,2021-04-06,62887.0,1092.0,-0.0138050111230833
RBOB,2021-04-13,2021-04-13,2021-04-13,55329.0,-7558.0,0.008522346513682777
RBOB,2021-04-20,2021-04-20,2021-04-20,60003.0,4674.0,0.020597638666717155
RBOB,2021-04-27,2021-04-27,2021-04-27,62376.0,2373.0,0.003901528518704289
RBOB,2021-05-04,2021-05-04,2021-05-04,68133.0,5757.0,0.05766851870812828
RBOB,2021-05-11,2021-05-11,2021-05-11,66331.0,-1802.0,-0.002105707242578081
RBOB,2021-05-18,2021-05-18,2021-05-18,66746.0,415.0,0.009603355702941574
RBOB,2021-05-25,2021-05-25,2021-05-25,60762.0,-5984.0,-0.01519324272477518
RBOB,2021-06-01,2021-06-01,2021-06-01,59809.0,-953.0,0.023341858826153916
RBOB,2021-06-08,2021-06-08,2021-06-08,57452.0,-2357.0,0.023239341093187926
RBOB,2021-06-15,2021-06-15,2021-06-15,49293.0,-8159.0,-0.019550831217182374
RBOB,2021-06-22,2021-06-22,2021-06-22,57458.0,8165.0,0.02598374662868208
RBOB,2021-06-29,2021-06-29,2021-06-29,64627.0,7169.0,0.0050988570974218606
RBOB,2021-07-06,2021-07-06,2021-07-06,50212.0,-14415.0,-0.004102891539431663
RBOB,2021-07-13,2021-07-13,2021-07-13,54428.0,4216.0,0.03884714606106621
RBOB,2021-07-20,2021-07-20,2021-07-20,34889.0,-19539.0,-0.08677047736659793
RBOB,2021-07-27,2021-07-27,2021-07-27,44577.0,9688.0,0.0778679529357792
RBOB,2021-08-03,2021-08-03,2021-08-03,45525.0,948.0,-0.00597282708362501
RBOB,2021-08-10,2021-08-10,2021-08-10,50119.0,4594.0,-0.0072467495151646855
RBOB,2021-08-17,2021-08-17,2021-08-17,47538.0,-2581.0,-0.03738618270875571
RBOB,2021-08-24,2021-08-24,2021-08-24,42790.0,-4748.0,0.008737516842776571
RBOB,2021-08-31,2021-08-31,2021-08-31,50966.0,8176.0,0.04015303053379626
RBOB,2021-09-07,2021-09-07,2021-09-07,47325.0,-3641.0,-0.0020345886977873873
RBOB,2021-09-14,2021-09-14,2021-09-14,50081.0,2756.0,0.02381464213648532
RBOB,2021-09-21,2021-09-21,2021-09-21,48970.0,-1111.0,-0.024979125528627355
RBOB,2021-09-28,2021-09-28,2021-09-28,52135.0,3165.0,0.04169548416670921
RBOB,2021-10-05,2021-10-05,2021-10-05,60881.0,8746.0,0.08963227568421106
RBOB,2021-10-12,2021-10-12,2021-10-12,60382.0,-499.0,0.010643670171477382
RBOB,2021-10-19,2021-10-19,2021-10-19,68199.0,7817.0,0.03562031949704514
RBOB,2021-10-26,2021-10-26,2021-10-26,72039.0,3840.0,0.012169201318218414
RBOB,2021-11-02,2021-11-02,2021-11-02,66843.0,-5196.0,-0.005703630682158289
RBOB,2021-11-09,2021-11-09,2021-11-09,61883.0,-4960.0,-0.019770700398690222
RBOB,2021-11-16,2021-11-16,2021-11-16,70801.0,8918.0,-0.017375204802847044
RBOB,2021-11-23,2021-11-23,2021-11-23,71802.0,1001.0,-0.0066930847641557545
RBOB,2021-11-30,2021-11-30,2021-11-30,58988.0,-12814.0,-0.16069003268434778
RBOB,2021-12-07,2021-12-07,2021-12-07,57431.0,-1557.0,0.07885316750205384
RBOB,2021-12-14,2021-12-14,2021-12-14,61142.0,3711.0,0.005115345204739996
RBOB,2021-12-21,2021-12-21,2021-12-21,69550.0,8408.0,0.022490869984675865
RBOB,2021-12-28,2021-12-28,2021-12-28,67471.0,-2079.0,0.04610454837663902
RBOB,2022-01-04,2022-01-04,2022-01-04,74660.0,7189.0,0.014104933668607766
RBOB,2022-01-11,2022-01-11,2022-01-11,73329.0,-1331.0,0.033905933787026665
RBOB,2022-01-18,2022-01-18,2022-01-18,76267.0,2938.0,0.03250692521158893
RBOB,2022-01-25,2022-01-25,2022-01-25,75443.0,-824.0,0.009752591938134492
RBOB,2022-02-01,2022-02-01,2022-02-01,80700.0,5257.0,0.04255841621938239
RBOB,2022-02-08,2022-02-08,2022-02-08,80307.0,-393.0,0.023048111651297276
RBOB,2022-02-15,2022-02-15,2022-02-15,81212.0,905.0,0.025523176313108298
RBOB,2022-02-22,2022-02-22,2022-02-22,81064.0,-148.0,0.01582009758745828
RBOB,2022-03-01,2022-03-01,2022-03-01,74217.0,-6847.0,0.07835462463540321
RBOB,2022-03-08,2022-03-08,2022-03-08,61551.0,-12666.0,0.1726629221782321
RBOB,2022-03-15,2022-03-15,2022-03-15,55118.0,-6433.0,-0.20465078499856815
RBOB,2022-03-22,2022-03-22,2022-03-22,58373.0,3255.0,0.10820234495966452
RBOB,2022-03-29,2022-03-29,2022-03-29,55026.0,-3347.0,-0.0394725151123716
RBOB,2022-04-05,2022-04-05,2022-04-05,53523.0,-1503.0,0.0025374025727784577
RBOB,2022-04-12,2022-04-12,2022-04-12,57012.0,3489.0,0.0020419239459235072
RBOB,2022-04-19,2022-04-19,2022-04-19,59873.0,2861.0,0.028715217498322954
RBOB,2022-04-26,2022-04-26,2022-04-26,57428.0,-2445.0,0.02510873660888424
RBOB,2022-05-03,2022-05-03,2022-05-03,60992.0,3564.0,0.051961475087455744
RBOB,2022-05-10,2022-05-10,2022-05-10,56502.0,-4490.0,0.004727451316349107
RBOB,2022-05-17,2022-05-17,2022-05-17,60679.0,4177.0,0.0947568811108459
RBOB,2022-05-24,2022-05-24,2022-05-24,56263.0,-4416.0,-0.023199540345542058
RBOB,2022-05-31,2022-05-31,2022-05-31,59574.0,3311.0,0.05957664195275214
RBOB,2022-06-07,2022-06-07,2022-06-07,58747.0,-827.0,0.06042514689032097
RBOB,2022-06-14,2022-06-14,2022-06-14,59341.0,594.0,-0.03501323039885329
RBOB,2022-06-21,2022-06-21,2022-06-21,56193.0,-3148.0,-0.038905293994521806
RBOB,2022-06-28,2022-06-28,2022-06-28,53607.0,-2586.0,0.039503776988147
RBOB,2022-07-05,2022-07-05,2022-07-05,45637.0,-7970.0,-0.14760964826843037
RBOB,2022-07-12,2022-07-12,2022-07-12,46901.0,1264.0,-0.022856869900719445
RBOB,2022-07-19,2022-07-19,2022-07-19,48792.0,1891.0,0.01603240753104873
RBOB,2022-07-26,2022-07-26,2022-07-26,49817.0,1025.0,-0.02787068264947279
RBOB,2022-08-02,2022-08-02,2022-08-02,55776.0,5959.0,-0.019115119095039823
RBOB,2022-08-09,2022-08-09,2022-08-09,52690.0,-3086.0,-0.0273600425326308
RBOB,2022-08-16,2022-08-16,2022-08-16,60541.0,7851.0,-0.017586801503920002
RBOB,2022-08-23,2022-08-23,2022-08-23,66034.0,5493.0,0.031815652807280825
RBOB,2022-08-30,2022-08-30,2022-08-30,58418.0,-7616.0,-0.08191667841154748
RBOB,2022-09-06,2022-09-06,2022-09-06,55540.0,-2878.0,-0.04848605309062792
RBOB,2022-09-13,2022-09-13,2022-09-13,50362.0,-5178.0,0.028722057621310082
RBOB,2022-09-20,2022-09-20,2022-09-20,51951.0,1589.0,-0.01842893029809689
RBOB,2022-09-27,2022-09-27,2022-09-27,51914.0,-37.0,-0.008310297133628186
RBOB,2022-10-04,2022-10-04,2022-10-04,55628.0,3714.0,0.09747622651470134
RBOB,2022-10-11,2022-10-11,2022-10-11,52785.0,-2843.0,-0.01393192797316467
RBOB,2022-10-18,2022-10-18,2022-10-18,50030.0,-2755.0,-0.029912825795469056
RBOB,2022-10-25,2022-10-25,2022-10-25,55649.0,5619.0,0.0601700374722145
RBOB,2022-11-01,2022-11-01,2022-11-01,53245.0,-2404.0,0.014288250107195255
RBOB,2022-11-08,2022-11-08,2022-11-08,60589.0,7344.0,0.015562069864516248
RBOB,2022-11-15,2022-11-15,2022-11-15,56597.0,-3992.0,-0.03584641640059183
RBOB,2022-11-22,2022-11-22,2022-11-22,59730.0,3133.0,-0.012362906546309338
RBOB,2022-11-29,2022-11-29,2022-11-29,57159.0,-2571.0,-0.0659635477908489
RBOB,2022-12-06,2022-12-06,2022-12-06,52644.0,-4515.0,-0.05628172248986907
RBOB,2022-12-13,2022-12-13,2022-12-13,47512.0,-5132.0,0.00710236809294873
RBOB,2022-12-20,2022-12-20,2022-12-20,50256.0,2744.0,0.025409715525368082
RBOB,2022-12-27,2022-12-27,2022-12-27,50899.0,643.0,0.059274353667486235
RBOB,2023-01-03,2023-01-03,2023-01-03,51785.0,886.0,-0.0010138989504449025
RBOB,2023-01-10,2023-01-10,2023-01-10,55682.0,3897.0,-0.013789212828372976
RBOB,2023-01-17,2023-01-17,2023-01-17,56538.0,856.0,0.09036977667229129
RBOB,2023-01-24,2023-01-24,2023-01-24,67091.0,10553.0,0.03761271592333437
RBOB,2023-01-31,2023-01-31,2023-01-31,68250.0,1159.0,-0.0326917921091352
RBOB,2023-02-07,2023-02-07,2023-02-07,57958.0,-10292.0,-0.0372834274056002
RBOB,2023-02-14,2023-02-14,2023-02-14,59339.0,1381.0,0.022068825837001205
RBOB,2023-02-21,2023-02-21,2023-02-21,55392.0,-3947.0,-0.026556890574186642
RBOB,2023-02-28,2023-02-28,2023-02-28,54106.0,-1286.0,0.007103138899964501
RBOB,2023-03-07,2023-03-07,2023-03-07,62584.0,8478.0,0.02176000473849049
RBOB,2023-03-14,2023-03-14,2023-03-14,50754.0,-11830.0,-0.05883712038289901
RBOB,2023-03-21,2023-03-21,2023-03-21,35825.0,-14929.0,-0.011859335820232575
RBOB,2023-03-28,2023-03-28,2023-03-28,50028.0,14203.0,0.06719578228702616
RBOB,2023-04-04,2023-04-04,2023-04-04,49719.0,-309.0,0.024396403500423824
RBOB,2023-04-11,2023-04-11,2023-04-11,62365.0,12646.0,0.03954350712355037
RBOB,2023-04-18,2023-04-18,2023-04-18,64745.0,2380.0,-0.03369228871138508
RBOB,2023-04-25,2023-04-25,2023-04-25,51896.0,-12849.0,-0.05694123216227842
RBOB,2023-05-02,2023-05-02,2023-05-02,47861.0,-4035.0,-0.05114444155261477
RBOB,2023-05-09,2023-05-09,2023-05-09,39216.0,-8645.0,0.020251235613290675
RBOB,2023-05-16,2023-05-16,2023-05-16,44399.0,5183.0,-0.0040258034078748395
RBOB,2023-05-23,2023-05-23,2023-05-23,55729.0,11330.0,0.05236294520743745
RBOB,2023-05-30,2023-05-30,2023-05-30,56500.0,771.0,-0.03207133100006998
RBOB,2023-06-06,2023-06-06,2023-06-06,53015.0,-3485.0,0.03168663049691234
RBOB,2023-06-13,2023-06-13,2023-06-13,56767.0,3752.0,-0.009370020089318531
RBOB,2023-06-20,2023-06-20,2023-06-20,55140.0,-1627.0,0.02227084803799828
RBOB,2023-06-27,2023-06-27,2023-06-27,48597.0,-6543.0,-0.039584285726132595
RBOB,2023-07-04,2023-07-03,2023-07-03,45740.0,-2857.0,0.020032841071830232
RBOB,2023-07-11,2023-07-11,2023-07-11,57349.0,11609.0,0.06347673058713066
RBOB,2023-07-18,2023-07-18,2023-07-18,64411.0,7062.0,0.03239978351018835
RBOB,2023-07-25,2023-07-25,2023-07-25,71130.0,6719.0,0.06066708954934619
RBOB,2023-08-01,2023-08-01,2023-08-01,77734.0,6604.0,0.030508378191759444
RBOB,2023-08-08,2023-08-08,2023-08-08,68789.0,-8945.0,-0.0019532378244129234
RBOB,2023-08-15,2023-08-15,2023-08-15,74365.0,5576.0,0.001187716850031162
RBOB,2023-08-22,2023-08-22,2023-08-22,72275.0,-2090.0,-0.015084871604274186
RBOB,2023-08-29,2023-08-29,2023-08-29,67600.0,-4675.0,-0.006239053188150434
RBOB,2023-09-05,2023-09-05,2023-09-05,64441.0,-3159.0,0.0174441502745033
RBOB,2023-09-12,2023-09-12,2023-09-12,71274.0,6833.0,0.05436646928109701
RBOB,2023-09-19,2023-09-19,2023-09-19,65076.0,-6198.0,-0.019087306218297462
RBOB,2023-09-26,2023-09-26,2023-09-26,51461.0,-13615.0,-0.03452389102959952
RBOB,2023-10-03,2023-10-03,2023-10-03,48511.0,-2950.0,-0.06382380548228617
RBOB,2023-10-10,2023-10-10,2023-10-10,33065.0,-15446.0,-0.035530139948412476
RBOB,2023-10-17,2023-10-17,2023-10-17,26037.0,-7028.0,0.01834098973835485
RBOB,2023-10-24,2023-10-24,2023-10-24,29448.0,3411.0,-0.008751050277685968
RBOB,2023-10-31,2023-10-31,2023-10-31,39528.0,10080.0,-0.01583925731499769
RBOB,2023-11-07,2023-11-07,2023-11-07,42468.0,2940.0,-0.027038582374274478
RBOB,2023-11-14,2023-11-14,2023-11-14,51268.0,8800.0,0.022007182235411316
RBOB,2023-11-21,2023-11-21,2023-11-21,64380.0,13112.0,0.0033570779611735713
RBOB,2023-11-28,2023-11-28,2023-11-28,66329.0,1949.0,-0.0069990741565464365
RBOB,2023-12-05,2023-12-05,2023-12-05,65489.0,-840.0,-0.037992752182495426
RBOB,2023-12-12,2023-12-12,2023-12-12,58833.0,-6656.0,-0.058272694575672856
RBOB,2023-12-19,2023-12-19,2023-12-19,68848.0,10015.0,0.10166616230235248
RBOB,2023-12-26,2023-12-26,2023-12-26,67825.0,-1023.0,-0.015575002548911643
RBOB,2024-01-02,2024-01-02,2024-01-02,69259.0,1434.0,-0.03646600813867584
RBOB,2024-01-09,2024-01-09,2024-01-09,62064.0,-7195.0,-0.005121893014511603
RBOB,2024-01-16,2024-01-16,2024-01-16,59190.0,-2874.0,0.021123736064259768
RBOB,2024-01-23,2024-01-23,2024-01-23,66932.0,7742.0,0.03889658174649813
RBOB,2024-01-30,2024-01-30,2024-01-30,68417.0,1485.0,0.028036537580424792
RBOB,2024-02-06,2024-02-06,2024-02-06,56954.0,-11463.0,-0.036230196914617485
RBOB,2024-02-13,2024-02-13,2024-02-13,62140.0,5186.0,0.06885381957537695
RBOB,2024-02-20,2024-02-20,2024-02-20,61425.0,-715.0,-0.043296805753324064
RBOB,2024-02-27,2024-02-27,2024-02-27,61003.0,-422.0,0.03363044740253396
RBOB,2024-03-05,2024-03-05,2024-03-05,60034.0,-969.0,-0.02418242164846718
RBOB,2024-03-12,2024-03-12,2024-03-12,66769.0,6735.0,0.021645357480325256
RBOB,2024-03-19,2024-03-19,2024-03-19,76541.0,9772.0,0.06422571765199003
RBOB,2024-03-26,2024-03-26,2024-03-26,79049.0,2508.0,-0.02340837809427443
RBOB,2024-04-02,2024-04-02,2024-04-02,83632.0,4583.0,0.02702195196316559
RBOB,2024-04-09,2024-04-09,2024-04-09,84909.0,1277.0,0.001429488010305846
RBOB,2024-04-16,2024-04-16,2024-04-16,79032.0,-5877.0,0.022060916777394635
RBOB,2024-04-23,2024-04-23,2024-04-23,72588.0,-6444.0,-0.032776685914307935
RBOB,2024-04-30,2024-04-30,2024-04-30,67543.0,-5045.0,-0.0036719066533348332
RBOB,2024-05-07,2024-05-07,2024-05-07,48757.0,-18786.0,-0.05252154347369231
RBOB,2024-05-14,2024-05-14,2024-05-14,44088.0,-4669.0,-0.026883988592469654
RBOB,2024-05-21,2024-05-21,2024-05-21,44339.0,251.0,0.018870390440520746
RBOB,2024-05-28,2024-05-28,2024-05-28,39456.0,-4883.0,0.0014400002488319519
RBOB,2024-06-04,2024-06-04,2024-06-04,33161.0,-6295.0,-0.06543348711657204
RBOB,2024-06-11,2024-06-11,2024-06-11,33447.0,286.0,0.02969739347027711
RBOB,2024-06-18,2024-06-18,2024-06-18,27217.0,-6230.0,0.028597476373144692
RBOB,2024-06-25,2024-06-25,2024-06-25,34184.0,6967.0,0.013137404340896497
RBOB,2024-07-02,2024-07-02,2024-07-02,31300.0,-2884.0,0.0272086960152913
RBOB,2024-07-09,2024-07-09,2024-07-09,36541.0,5241.0,-0.017908075377227828
RBOB,2024-07-16,2024-07-16,2024-07-16,31549.0,-4992.0,-0.018111959625533247
RBOB,2024-07-23,2024-07-23,2024-07-23,22520.0,-9029.0,-0.029039249617388574
RBOB,2024-07-30,2024-07-30,2024-07-30,13377.0,-9143.0,-0.013305281029003968
RBOB,2024-08-06,2024-08-06,2024-08-06,7912.0,-5465.0,-0.011420425756677455
RBOB,2024-08-13,2024-08-13,2024-08-13,14313.0,6401.0,0.028820703929364644
RBOB,2024-08-20,2024-08-20,2024-08-20,17139.0,2826.0,-0.05599783341953368
RBOB,2024-08-27,2024-08-27,2024-08-27,17850.0,711.0,0.0067446621469273715
RBOB,2024-09-03,2024-09-03,2024-09-03,16834.0,-1016.0,-0.05163738596131684
RBOB,2024-09-10,2024-09-10,2024-09-10,5233.0,-11601.0,-0.05952884332876596
RBOB,2024-09-17,2024-09-17,2024-09-17,8542.0,3309.0,0.06975611847056373
RBOB,2024-09-24,2024-09-24,2024-09-24,24080.0,15538.0,0.015122496736080793
RBOB,2024-10-01,2024-10-01,2024-10-01,25898.0,1818.0,-0.017436770720405725
RBOB,2024-10-08,2024-10-08,2024-10-08,39538.0,13640.0,0.052819377707277404
RBOB,2024-10-15,2024-10-15,2024-10-15,49946.0,10408.0,-0.019388387605703494
RBOB,2024-10-22,2024-10-22,2024-10-22,49945.0,-1.0,0.014392295708767211
RBOB,2024-10-29,2024-10-29,2024-10-29,46557.0,-3388.0,-0.06000181064767651
RBOB,2024-11-05,2024-11-05,2024-11-05,54307.0,7750.0,0.06343802325857606
RBOB,2024-11-12,2024-11-12,2024-11-12,61064.0,6757.0,-0.04386091794914626
RBOB,2024-11-19,2024-11-19,2024-11-19,68407.0,7343.0,0.02881779705446652
RBOB,2024-11-26,2024-11-26,2024-11-26,67310.0,-1097.0,-0.022330285885606482
RBOB,2024-12-03,2024-12-03,2024-12-03,66609.0,-701.0,0.007226108766177131
RBOB,2024-12-10,2024-12-10,2024-12-10,73149.0,6540.0,-0.002947156604727219
RBOB,2024-12-17,2024-12-17,2024-12-17,67150.0,-5999.0,-0.005562232083478502
RBOB,2024-12-24,2024-12-24,2024-12-24,56418.0,-10732.0,0.007595683040881651
RBOB,2024-12-31,2024-12-31,2024-12-31,53469.0,-2949.0,0.020160047324765173
RBOB,2025-01-07,2025-01-07,2025-01-07,53497.0,28.0,0.01239148952206337
RBOB,2025-01-14,2025-01-14,2025-01-14,57330.0,3833.0,0.03824859270237502
RBOB,2025-01-21,2025-01-21,2025-01-21,50714.0,-6616.0,-0.008941236037894207
RBOB,2025-01-28,2025-01-28,2025-01-28,40512.0,-10202.0,-0.018992744987247345
RBOB,2025-02-04,2025-02-04,2025-02-04,46868.0,6356.0,0.010294910263292767
RBOB,2025-02-11,2025-02-11,2025-02-11,48788.0,1920.0,0.01872554502281898
RBOB,2025-02-18,2025-02-18,2025-02-18,45902.0,-2886.0,-0.02113414833778915
RBOB,2025-02-25,2025-02-25,2025-02-25,27906.0,-17996.0,-0.04708203811007339
RBOB,2025-03-04,2025-03-04,2025-03-04,20417.0,-7489.0,-0.01022772782769188
RBOB,2025-03-11,2025-03-11,2025-03-11,6085.0,-14332.0,-0.039834437468287076
RBOB,2025-03-18,2025-03-18,2025-03-18,29104.0,23019.0,0.0281603515372586
RBOB,2025-03-25,2025-03-25,2025-03-25,33796.0,4692.0,0.01938177733562041
RBOB,2025-04-01,2025-04-01,2025-04-01,43567.0,9771.0,0.03777545737381671
RBOB,2025-04-08,2025-04-08,2025-04-08,26718.0,-16849.0,-0.1451628977122521
RBOB,2025-04-15,2025-04-15,2025-04-15,15499.0,-11219.0,0.018417095473407974
RBOB,2025-04-22,2025-04-22,2025-04-22,17007.0,1508.0,0.0361338428796516
RBOB,2025-04-29,2025-04-29,2025-04-29,22555.0,5548.0,-0.016298157185809625
RBOB,2025-05-06,2025-05-06,2025-05-06,28641.0,6086.0,0.002795451139586236
RBOB,2025-05-13,2025-05-13,2025-05-13,38367.0,9726.0,0.04557799450592537
RBOB,2025-05-20,2025-05-20,2025-05-20,40493.0,2126.0,-0.012933859790291491
RBOB,2025-05-27,2025-05-27,2025-05-27,30144.0,-10349.0,-0.027356743566684605
RBOB,2025-06-03,2025-06-03,2025-06-03,28656.0,-1488.0,0.016809124571089074
RBOB,2025-06-10,2025-06-10,2025-06-10,19576.0,-9080.0,0.008867840924435821
RBOB,2025-06-17,2025-06-17,2025-06-17,19960.0,384.0,0.08580052584675846
RBOB,2025-06-24,2025-06-24,2025-06-24,22860.0,2900.0,-0.08671758071711944
RBOB,2025-07-01,2025-07-01,2025-07-01,16006.0,-6854.0,0.01279504029533185
RBOB,2025-07-08,2025-07-08,2025-07-08,18682.0,2676.0,0.037455428461755425
RBOB,2025-07-15,2025-07-15,2025-07-15,30756.0,12074.0,-0.010727354305278824
RBOB,2025-07-22,2025-07-22,2025-07-22,17593.0,-13163.0,-0.025712772016897922
RBOB,2025-07-29,2025-07-29,2025-07-29,23642.0,6049.0,0.05018366186662626
RBOB,2025-08-05,2025-08-05,2025-08-05,19358.0,-4284.0,-0.045824468225193815
RBOB,2025-08-12,2025-08-12,2025-08-12,16498.0,-2860.0,-0.011418019002112256
RBOB,2025-08-19,2025-08-19,2025-08-19,25972.0,9474.0,0.0035951582294992956
RBOB,2025-08-26,2025-08-26,2025-08-26,37465.0,11493.0,0.016506280780685056
RBOB,2025-09-02,2025-09-02,2025-09-02,45318.0,7853.0,0.042008763925024395
RBOB,2025-09-09,2025-09-09,2025-09-09,45473.0,155.0,-0.025303570980894197
RBOB,2025-09-16,2025-09-16,2025-09-16,48283.0,2810.0,0.02484917468902781
RBOB,2025-09-23,2025-09-23,2025-09-23,48695.0,412.0,-0.020612974728972056
RBOB,2025-09-30,2025-09-30,2025-09-30,53565.0,4870.0,-0.00906248920062791
RBOB,2025-10-07,2025-10-07,2025-10-07,41176.0,-12389.0,-0.016836954043581764
RBOB,2025-10-14,2025-10-14,2025-10-14,34162.0,-7014.0,-0.033707027529758626
RBOB,2025-10-21,2025-10-21,2025-10-21,36103.0,1941.0,-0.005908686051873557
RBOB,2025-10-28,2025-10-28,2025-10-28,50255.0,14152.0,0.05040679703839257
RBOB,2025-11-04,2025-11-04,2025-11-04,62158.0,11903.0,0.029496787526210877
RBOB,2025-11-11,2025-11-10,2025-11-10,77000.0,14842.0,0.016571174491204932
RBOB,2025-11-18,2025-11-18,2025-11-18,99395.0,22395.0,0.005948981694330113
RBOB,2025-11-25,2025-11-25,2025-11-25,89653.0,-9742.0,-0.06435816972930097
RBOB,2025-12-02,2025-12-02,2025-12-02,95291.0,5638.0,0.01662825544290225
RBOB,2025-12-09,2025-12-09,2025-12-09,84498.0,-10793.0,-0.020320964299003208
RBOB,2025-12-16,2025-12-16,2025-12-16,62939.0,-21559.0,-0.061782828818399915
RBOB,2025-12-23,2025-12-23,2025-12-23,52651.0,-10288.0,0.03778867803725072
RBOB,2025-12-30,2025-12-30,2025-12-30,52631.0,-20.0,-0.009818918426505618
RBOB,2026-01-06,2026-01-06,2026-01-06,49065.0,-3566.0,-0.019323212528978173
RBOB,2026-01-13,2026-01-13,2026-01-13,57380.0,8315.0,0.0724513415264354
RBOB,2026-01-20,2026-01-20,2026-01-20,60994.0,3614.0,-0.002589836345581409
RBOB,2026-01-27,2026-01-27,2026-01-27,65207.0,4213.0,0.01692776653962258
RBOB,2026-02-03,2026-02-03,2026-02-03,67731.0,2524.0,0.012844013689725875
RBOB,2026-02-10,2026-02-10,2026-02-10,79741.0,12010.0,0.02388408567998601
RBOB,2026-02-17,2026-02-17,2026-02-17,77784.0,-1957.0,-0.019341709750565483
RBOB,2026-02-24,2026-02-24,2026-02-24,88820.0,11036.0,0.04132460145391903
RBOB,2026-03-03,2026-03-03,2026-03-03,85285.0,-3535.0,0.09143878815174444
RBOB,2026-03-10,2026-03-10,2026-03-10,76098.0,-9187.0,0.062096405312889846
RBOB,2026-03-17,2026-03-17,2026-03-17,78523.0,2425.0,0.1663345052911216
RBOB,2026-03-24,2026-03-24,2026-03-24,71252.0,-7271.0,0.004242165653274732
RBOB,2026-03-31,2026-03-31,2026-03-31,63483.0,-7769.0,0.03471016065933741
RBOB,2026-04-07,2026-04-07,2026-04-07,59177.0,-4306.0,0.03580879487143518
RBOB,2026-04-14,2026-04-14,2026-04-14,56451.0,-2726.0,-0.06408814367576943
RBOB,2026-04-21,2026-04-21,2026-04-21,58127.0,1676.0,0.051793102131848956
RBOB,2026-04-28,2026-04-28,2026-04-28,61800.0,3673.0,0.09125387525871087
RBOB,2026-05-05,2026-05-05,2026-05-05,65703.0,3903.0,0.059738606735046273
RBOB,2026-05-12,2026-05-12,2026-05-12,62935.0,-2768.0,0.019155869148735905
RBOB,2026-05-19,2026-05-19,2026-05-19,61674.0,-1261.0,0.01060383738665216
RBOB,2026-05-26,2026-05-26,2026-05-26,67062.0,5388.0,-0.12735531140760958
RBOB,2026-06-02,2026-06-02,2026-06-02,67773.0,711.0,0.0026923974120995897
RBOB,2026-06-09,2026-06-09,2026-06-09,64125.0,-3648.0,-0.031893363775953754
RBOB,2026-06-16,2026-06-16,2026-06-16,67420.0,3295.0,-0.057869095413460636
RBOB,2026-06-23,2026-06-23,2026-06-23,71095.0,3675.0,0.015939402275336745
RBOB,2026-06-30,2026-06-30,2026-06-30,71924.0,829.0,0.012688540386961433
RBOB,2026-07-07,2026-07-07,2026-07-07,71249.0,-675.0,0.02108620985110221
RBOB,2026-07-14,2026-07-14,2026-07-14,68725.0,-2524.0,0.08636285593853099
RBOB,2026-07-21,2026-07-21,2026-07-21,73707.0,4982.0,0.059182445564862185
RBOB,2026-07-28,2026-07-28,2026-07-28,73877.0,170.0,-0.025744679937534265
RBOB,2026-08-04,2026-08-04,2026-08-04,69885.0,-3992.0,-0.09415354631048123
RBOB,2026-08-11,2026-08-11,2026-08-11,69851.0,-34.0,0.10192142904934332
RBOB,2026-08-18,2026-08-18,2026-08-18,74081.0,4230.0,0.04233849682018631
RBOB,2026-08-25,2026-08-25,2026-08-25,79652.0,5571.0,-0.026408621507494123
NATGAS,2009-01-13,2009-01-13,2009-01-13,-149590.0,-2827.0,-0.15029572116022724
NATGAS,2009-01-20,2009-01-20,2009-01-20,-144231.0,5359.0,-0.10835753166797502
NATGAS,2009-01-27,2009-01-27,2009-01-27,-131654.0,12577.0,-0.04099295853274698
NATGAS,2009-02-03,2009-02-03,2009-02-03,-132183.0,-529.0,0.013313125379101287
NATGAS,2009-02-10,2009-02-10,2009-02-10,-118261.0,13922.0,0.005446043304729642
NATGAS,2009-02-17,2009-02-17,2009-02-17,-108346.0,9915.0,-0.08758429007068169
NATGAS,2009-02-24,2009-02-24,2009-02-24,-104879.0,3467.0,-0.005469042284694359
NATGAS,2009-03-03,2009-03-03,2009-03-03,-80677.0,24202.0,0.017643523359092195
NATGAS,2009-03-10,2009-03-10,2009-03-10,-80271.0,406.0,-0.107406029027659
NATGAS,2009-03-17,2009-03-17,2009-03-17,-84592.0,-4321.0,-0.0064193313261149965
NATGAS,2009-03-24,2009-03-24,2009-03-24,-69283.0,15309.0,0.13475424072541708
NATGAS,2009-03-31,2009-03-31,2009-03-31,-92278.0,-22995.0,-0.16243947718898172
NATGAS,2009-04-07,2009-04-07,2009-04-07,-100563.0,-8285.0,-0.0581054476657184
NATGAS,2009-04-14,2009-04-14,2009-04-14,-94745.0,5818.0,0.03510998924101305
NATGAS,2009-04-21,2009-04-21,2009-04-21,-95905.0,-1160.0,-0.051210760032578406
NATGAS,2009-04-28,2009-04-28,2009-04-28,-97082.0,-1177.0,-0.0551376396001757
NATGAS,2009-05-05,2009-05-05,2009-05-05,-98773.0,-1691.0,0.04584707958446177
NATGAS,2009-05-12,2009-05-12,2009-05-12,-83871.0,14902.0,0.19542478179238165
NATGAS,2009-05-19,2009-05-19,2009-05-19,-101456.0,-17585.0,-0.12421392598667391
NATGAS,2009-05-26,2009-05-26,2009-05-26,-103840.0,-2384.0,-0.10095885793216508
NATGAS,2009-06-02,2009-06-02,2009-06-02,-105671.0,-1831.0,0.12442263608370668
NATGAS,2009-06-09,2009-06-09,2009-06-09,-117484.0,-11813.0,-0.07939707302161542
NATGAS,2009-06-16,2009-06-16,2009-06-16,-111140.0,6344.0,0.09199934015702349
NATGAS,2009-06-23,2009-06-23,2009-06-23,-118539.0,-7399.0,-0.07335900195268852
NATGAS,2009-06-30,2009-06-30,2009-06-30,-127457.0,-8918.0,-0.04387339683478797
NATGAS,2009-07-07,2009-07-07,2009-07-07,-133051.0,-5594.0,-0.1125856163983614
NATGAS,2009-07-14,2009-07-14,2009-07-14,-132295.0,756.0,0.003647079368668149
NATGAS,2009-07-21,2009-07-21,2009-07-21,-110239.0,22056.0,0.0741879785542765
NATGAS,2009-07-28,2009-07-28,2009-07-28,-122098.0,-11859.0,-0.04222052791458064
NATGAS,2009-08-04,2009-08-04,2009-08-04,-89272.0,32826.0,0.08023814413904407
NATGAS,2009-08-11,2009-08-11,2009-08-11,-115487.0,-26215.0,-0.11463011659676803
NATGAS,2009-08-18,2009-08-18,2009-08-18,-145415.0,-29928.0,-0.09572999509176683
NATGAS,2009-08-25,2009-08-25,2009-08-25,-145391.0,24.0,-0.052144513506255374
NATGAS,2009-09-01,2009-09-01,2009-09-01,-139508.0,5883.0,-0.13242005364745468
NATGAS,2009-09-08,2009-09-08,2009-09-08,-132660.0,6848.0,-0.0028478983649569134
NATGAS,2009-09-15,2009-09-15,2009-09-15,-122232.0,10428.0,0.10895787457550832
NATGAS,2009-09-22,2009-09-22,2009-09-22,-108115.0,14117.0,0.04966444004254045
NATGAS,2009-09-29,2009-09-29,2009-09-29,-93812.0,14303.0,0.07560811060567085
NATGAS,2009-10-06,2009-10-06,2009-10-06,-98196.0,-4384.0,-0.015316689427770869
NATGAS,2009-10-13,2009-10-13,2009-10-13,-114699.0,-16503.0,-0.027384164748577522
NATGAS,2009-10-20,2009-10-20,2009-10-20,-102461.0,12238.0,0.08067475235906685
NATGAS,2009-10-27,2009-10-27,2009-10-27,-119842.0,-17381.0,-0.11656221418669077
NATGAS,2009-11-03,2009-11-03,2009-11-03,-125737.0,-5895.0,-0.07260549334848587
NATGAS,2009-11-10,2009-11-09,2009-11-09,-134674.0,-8937.0,-0.04242706753014003
NATGAS,2009-11-17,2009-11-17,2009-11-17,-153241.0,-18567.0,-0.024757227003881388
NATGAS,2009-11-24,2009-11-24,2009-11-24,-147502.0,5739.0,-0.02915537843121596
NATGAS,2009-12-01,2009-12-01,2009-12-01,-148894.0,-1392.0,-0.0027639921332258677
NATGAS,2009-12-08,2009-12-08,2009-12-08,-122277.0,26617.0,0.06550554567864841
NATGAS,2009-12-15,2009-12-15,2009-12-15,-102819.0,19458.0,0.07537749818391903
NATGAS,2009-12-22,2009-12-22,2009-12-22,-95105.0,7714.0,0.03418835170632717
NATGAS,2009-12-29,2009-12-29,2009-12-29,-97515.0,-2410.0,0.01171215592851127
NATGAS,2010-01-05,2010-01-05,2010-01-05,-108448.0,-10933.0,-0.036010338885637094
NATGAS,2010-01-12,2010-01-12,2010-01-12,-113180.0,-4732.0,-0.007357592634947618
NATGAS,2010-01-19,2010-01-19,2010-01-19,-111865.0,1315.0,-0.00288600488913493
NATGAS,2010-01-26,2010-01-26,2010-01-26,-109996.0,1869.0,-0.01933308436952441
NATGAS,2010-02-02,2010-02-02,2010-02-02,-103219.0,6777.0,0.0025143892189622985
NATGAS,2010-02-09,2010-02-09,2010-02-09,-97538.0,5681.0,-0.031226244670456205
NATGAS,2010-02-16,2010-02-16,2010-02-16,-103392.0,-5854.0,0.007002962280895031
NATGAS,2010-02-23,2010-02-23,2010-02-23,-130902.0,-27510.0,-0.0975949455713081
NATGAS,2010-03-02,2010-03-02,2010-03-02,-147330.0,-16428.0,-0.020714878875559672
NATGAS,2010-03-09,2010-03-09,2010-03-09,-151307.0,-3977.0,-0.042787275205208974
NATGAS,2010-03-16,2010-03-16,2010-03-16,-165427.0,-14120.0,-0.034919593729558995
NATGAS,2010-03-23,2010-03-23,2010-03-23,-163869.0,1558.0,-0.052986371063878934
NATGAS,2010-03-30,2010-03-30,2010-03-30,-149620.0,14249.0,-0.053179257101584554
NATGAS,2010-04-06,2010-04-06,2010-04-06,-160484.0,-10864.0,0.028430785764000488
NATGAS,2010-04-13,2010-04-13,2010-04-13,-166054.0,-5570.0,0.01516257430659862
NATGAS,2010-04-20,2010-04-20,2010-04-20,-179538.0,-13484.0,-0.04545690599531582
NATGAS,2010-04-27,2010-04-27,2010-04-27,-148220.0,31318.0,0.059929614259210284
NATGAS,2010-05-04,2010-05-04,2010-05-04,-181406.0,-33186.0,-0.07571901632187283
NATGAS,2010-05-11,2010-05-11,2010-05-11,-152857.0,28549.0,0.02201572527954143
NATGAS,2010-05-18,2010-05-18,2010-05-18,-136634.0,16223.0,0.04873380867898347
NATGAS,2010-05-25,2010-05-25,2010-05-25,-149703.0,-13069.0,-0.07535727825735505
NATGAS,2010-06-01,2010-06-01,2010-06-01,-142782.0,6921.0,0.032390086106778515
NATGAS,2010-06-08,2010-06-08,2010-06-08,-95265.0,47517.0,0.11973766824208032
NATGAS,2010-06-15,2010-06-15,2010-06-15,-96224.0,-959.0,0.07425478269498242
NATGAS,2010-06-22,2010-06-22,2010-06-22,-108247.0,-12023.0,-0.0889563623207581
NATGAS,2010-06-29,2010-06-29,2010-06-29,-120514.0,-12267.0,-0.0526775601239029
NATGAS,2010-07-06,2010-07-06,2010-07-06,-110576.0,9938.0,0.025531668778968397
NATGAS,2010-07-13,2010-07-13,2010-07-13,-129844.0,-19268.0,-0.07459888214705357
NATGAS,2010-07-20,2010-07-20,2010-07-20,-121042.0,8802.0,0.04743618610667233
NATGAS,2010-07-27,2010-07-27,2010-07-27,-103674.0,17368.0,0.01518138027072058
NATGAS,2010-08-03,2010-08-03,2010-08-03,-93090.0,10584.0,0.0026948586005546282
NATGAS,2010-08-10,2010-08-10,2010-08-10,-122804.0,-29714.0,-0.08118589156482625
NATGAS,2010-08-17,2010-08-17,2010-08-17,-118918.0,3886.0,-0.004891124226249488
NATGAS,2010-08-24,2010-08-24,2010-08-24,-127377.0,-8459.0,-0.053717060776473424
NATGAS,2010-08-31,2010-08-31,2010-08-31,-127457.0,-80.0,-0.061733884270720685
NATGAS,2010-09-07,2010-09-07,2010-09-07,-125225.0,2232.0,-0.012127240550573015
NATGAS,2010-09-14,2010-09-14,2010-09-14,-131548.0,-6323.0,0.017177149081952114
NATGAS,2010-09-21,2010-09-21,2010-09-21,-133209.0,-1661.0,-0.024770571973572242
NATGAS,2010-09-28,2010-09-28,2010-09-28,-149261.0,-16052.0,-0.02893691549583388
NATGAS,2010-10-05,2010-10-05,2010-10-05,-139257.0,10004.0,-0.03363039755810271
NATGAS,2010-10-12,2010-10-12,2010-10-12,-141976.0,-2719.0,-0.01861326847586997
NATGAS,2010-10-19,2010-10-19,2010-10-19,-138743.0,3233.0,-0.024598679126505596
NATGAS,2010-10-26,2010-10-26,2010-10-26,-125681.0,13062.0,-0.033680249087751024
NATGAS,2010-11-02,2010-11-02,2010-11-02,-102405.0,23276.0,0.03563239118031003
NATGAS,2010-11-09,2010-11-09,2010-11-09,-98730.0,3675.0,0.05888208784602478
NATGAS,2010-11-16,2010-11-16,2010-11-16,-107871.0,-9141.0,-0.09042733532066838
NATGAS,2010-11-23,2010-11-23,2010-11-23,-89646.0,18225.0,0.10021459906229979
NATGAS,2010-11-30,2010-11-30,2010-11-30,-110467.0,-20821.0,-0.05469658751925843
NATGAS,2010-12-07,2010-12-07,2010-12-07,-93535.0,16932.0,0.046985386126898065
NATGAS,2010-12-14,2010-12-14,2010-12-14,-100382.0,-6847.0,-0.026944635243452142
NATGAS,2010-12-21,2010-12-21,2010-12-21,-136047.0,-35665.0,-0.04781025228308322
NATGAS,2010-12-28,2010-12-28,2010-12-28,-134774.0,1273.0,0.048743523466081795
NATGAS,2011-01-04,2011-01-04,2011-01-04,-89699.0,45075.0,0.0733164934550814
NATGAS,2011-01-11,2011-01-11,2011-01-11,-96116.0,-6417.0,-0.034258949821015294
NATGAS,2011-01-18,2011-01-18,2011-01-18,-118480.0,-22364.0,-0.006724974907673875
NATGAS,2011-01-25,2011-01-25,2011-01-25,-103764.0,14716.0,0.009847886212158041
NATGAS,2011-02-01,2011-02-01,2011-02-01,-120287.0,-16523.0,-0.030491039754156457
NATGAS,2011-02-08,2011-02-08,2011-02-08,-141542.0,-21255.0,-0.06971297887953076
NATGAS,2011-02-15,2011-02-15,2011-02-15,-173434.0,-31892.0,-0.010367903289629998
NATGAS,2011-02-22,2011-02-22,2011-02-22,-188610.0,-15176.0,-0.03099655988565808
NATGAS,2011-03-01,2011-03-01,2011-03-01,-207413.0,-18803.0,-0.006975423797242586
NATGAS,2011-03-08,2011-03-08,2011-03-08,-191186.0,16227.0,-0.006604037209913871
NATGAS,2011-03-15,2011-03-15,2011-03-15,-174921.0,16265.0,0.02217832839657219
NATGAS,2011-03-22,2011-03-22,2011-03-22,-135979.0,38942.0,0.07650859213280059
NATGAS,2011-03-29,2011-03-29,2011-03-29,-103984.0,31995.0,-0.015825324449416867
NATGAS,2011-04-05,2011-04-05,2011-04-05,-96642.0,7342.0,-0.006027139181170149
NATGAS,2011-04-12,2011-04-12,2011-04-12,-124864.0,-28222.0,-0.03210851840841733
NATGAS,2011-04-19,2011-04-19,2011-04-19,-118919.0,5945.0,0.03350159966459043
NATGAS,2011-04-26,2011-04-26,2011-04-26,-97466.0,21453.0,0.03061696766172739
NATGAS,2011-05-03,2011-05-03,2011-05-03,-53857.0,43609.0,0.05073938998354954
NATGAS,2011-05-10,2011-05-10,2011-05-10,-113097.0,-59240.0,-0.0963026518801311
NATGAS,2011-05-17,2011-05-17,2011-05-17,-107010.0,6087.0,-0.013335090575398167
NATGAS,2011-05-24,2011-05-24,2011-05-24,-90382.0,16628.0,0.03357962829851591
NATGAS,2011-05-31,2011-05-31,2011-05-31,-36738.0,53644.0,0.060745182019657396
NATGAS,2011-06-07,2011-06-07,2011-06-07,3547.0,40285.0,0.033064321863967905
NATGAS,2011-06-14,2011-06-14,2011-06-14,-6093.0,-9640.0,-0.05174842600429708
NATGAS,2011-06-21,2011-06-21,2011-06-21,-65879.0,-59786.0,-0.04206020568949387
NATGAS,2011-06-28,2011-06-28,2011-06-28,-97926.0,-32047.0,-0.015723236073833746
NATGAS,2011-07-05,2011-07-05,2011-07-05,-102611.0,-4685.0,-0.0004375896702444315
NATGAS,2011-07-12,2011-07-12,2011-07-12,-122417.0,-19806.0,-0.013589982274481605
NATGAS,2011-07-19,2011-07-19,2011-07-19,-88896.0,33521.0,0.04511702481956292
NATGAS,2011-07-26,2011-07-26,2011-07-26,-93266.0,-4370.0,-0.040720396193769215
NATGAS,2011-08-02,2011-08-02,2011-08-02,-119689.0,-26423.0,-0.044136260678751205
NATGAS,2011-08-09,2011-08-09,2011-08-09,-127579.0,-7890.0,-0.03451572583825624
NATGAS,2011-08-16,2011-08-16,2011-08-16,-132186.0,-4607.0,-0.018349138668196208
NATGAS,2011-08-23,2011-08-23,2011-08-23,-127544.0,4642.0,0.006573980692097692
NATGAS,2011-08-30,2011-08-30,2011-08-30,-119734.0,7810.0,-0.014980602611808669
NATGAS,2011-09-06,2011-09-06,2011-09-06,-123992.0,-4258.0,0.004774250268208879
NATGAS,2011-09-13,2011-09-13,2011-09-13,-111928.0,12064.0,0.0027170573711745583
NATGAS,2011-09-20,2011-09-20,2011-09-20,-137636.0,-25708.0,-0.04258106421019758
NATGAS,2011-09-27,2011-09-27,2011-09-27,-134444.0,3192.0,-0.0025773210143005265
NATGAS,2011-10-04,2011-10-04,2011-10-04,-123967.0,10477.0,-0.05999802492376727
NATGAS,2011-10-11,2011-10-11,2011-10-11,-126698.0,-2731.0,-0.02178735418490696
NATGAS,2011-10-18,2011-10-18,2011-10-18,-126361.0,337.0,-0.018569907231650085
NATGAS,2011-10-25,2011-10-25,2011-10-25,-121774.0,4587.0,0.016754318612047125
NATGAS,2011-11-01,2011-11-01,2011-11-01,-123169.0,-1395.0,-0.01304138645552233
NATGAS,2011-11-08,2011-11-08,2011-11-08,-139199.0,-16030.0,-0.019838342219664185
NATGAS,2011-11-15,2011-11-15,2011-11-15,-149848.0,-10649.0,-0.08156177222206518
NATGAS,2011-11-22,2011-11-22,2011-11-22,-143428.0,6420.0,0.005349864934999005
NATGAS,2011-11-29,2011-11-29,2011-11-29,-136286.0,7142.0,0.02001734894342455
NATGAS,2011-12-06,2011-12-06,2011-12-06,-124037.0,12249.0,-0.03860223547916708
NATGAS,2011-12-13,2011-12-13,2011-12-13,-119702.0,4335.0,-0.05904695696449069
NATGAS,2011-12-20,2011-12-20,2011-12-20,-116913.0,2789.0,-0.04653435450542043
NATGAS,2011-12-27,2011-12-27,2011-12-27,-125138.0,-8225.0,-0.006329135051647672
NATGAS,2012-01-03,2012-01-03,2012-01-03,-109118.0,16020.0,-0.050476155830903036
NATGAS,2012-01-10,2012-01-10,2012-01-10,-104180.0,4938.0,-0.017356911035939504
NATGAS,2012-01-17,2012-01-17,2012-01-17,-86899.0,17281.0,-0.1611334765299972
NATGAS,2012-01-24,2012-01-24,2012-01-24,-81710.0,5189.0,0.028467510181903855
NATGAS,2012-01-31,2012-01-31,2012-01-31,-76742.0,4968.0,-0.038405974016876954
NATGAS,2012-02-07,2012-02-07,2012-02-07,-72125.0,4617.0,-0.0037979536727585916
NATGAS,2012-02-14,2012-02-14,2012-02-14,-62314.0,9811.0,0.027028672387919617
NATGAS,2012-02-21,2012-02-21,2012-02-21,-70832.0,-8518.0,0.02667799362335721
NATGAS,2012-02-28,2012-02-28,2012-02-28,-81736.0,-10904.0,-0.09606776926316751
NATGAS,2012-03-06,2012-03-06,2012-03-06,-87584.0,-5848.0,-0.05819017090486822
NATGAS,2012-03-13,2012-03-13,2012-03-13,-102137.0,-14553.0,-0.022177500315687215
NATGAS,2012-03-20,2012-03-20,2012-03-20,-97969.0,4168.0,0.009917436657346013
NATGAS,2012-03-27,2012-03-27,2012-03-27,-113177.0,-15208.0,-0.05841694539674158
NATGAS,2012-04-03,2012-04-03,2012-04-03,-94688.0,18489.0,-0.050272231355729335
NATGAS,2012-04-10,2012-04-10,2012-04-10,-101638.0,-6950.0,-0.07430710261802176
NATGAS,2012-04-17,2012-04-17,2012-04-17,-104675.0,-3037.0,-0.049533935122275885
NATGAS,2012-04-24,2012-04-24,2012-04-24,-108873.0,-4198.0,0.007297526911853147
NATGAS,2012-05-01,2012-05-01,2012-05-01,-103377.0,5496.0,0.13264728916441326
NATGAS,2012-05-08,2012-05-08,2012-05-08,-76280.0,27097.0,0.002832289977512392
NATGAS,2012-05-15,2012-05-15,2012-05-15,-62431.0,13849.0,0.03688698980706118
NATGAS,2012-05-22,2012-05-22,2012-05-22,-59719.0,2712.0,0.0778836568168435
NATGAS,2012-05-29,2012-05-29,2012-05-29,-58574.0,1145.0,-0.11073838309596562
NATGAS,2012-06-05,2012-06-05,2012-06-05,-62738.0,-4164.0,-0.019651268620173745
NATGAS,2012-06-12,2012-06-12,2012-06-12,-68613.0,-5875.0,-0.08744853546653752
NATGAS,2012-06-19,2012-06-19,2012-06-19,-77993.0,-9380.0,0.11822019413329077
NATGAS,2012-06-26,2012-06-26,2012-06-26,-52902.0,25091.0,0.08665518820581042
NATGAS,2012-07-03,2012-07-03,2012-07-03,-11692.0,41210.0,0.03319846616635713
NATGAS,2012-07-10,2012-07-10,2012-07-10,-4081.0,7611.0,-0.06492792478227072
NATGAS,2012-07-17,2012-07-17,2012-07-17,25963.0,30044.0,0.021038135376398426
NATGAS,2012-07-24,2012-07-24,2012-07-24,39470.0,13507.0,0.131330479929765
NATGAS,2012-07-31,2012-07-31,2012-07-31,40132.0,662.0,0.01002200684034138
NATGAS,2012-08-07,2012-08-07,2012-08-07,27701.0,-12431.0,-0.07429957974196855
NATGAS,2012-08-14,2012-08-14,2012-08-14,28174.0,473.0,-0.03793381520361949
NATGAS,2012-08-21,2012-08-21,2012-08-21,14523.0,-13651.0,-0.021831853016820446
NATGAS,2012-08-28,2012-08-28,2012-08-28,-18067.0,-32590.0,-0.06470466760793414
NATGAS,2012-09-04,2012-09-04,2012-09-04,-20873.0,-2806.0,0.07354835009582539
NATGAS,2012-09-11,2012-09-11,2012-09-11,-23670.0,-2797.0,0.034079313652862986
NATGAS,2012-09-18,2012-09-18,2012-09-18,-11966.0,11704.0,-0.047164553201518356
NATGAS,2012-09-25,2012-09-25,2012-09-25,-10320.0,1646.0,0.047486666265987854
NATGAS,2012-10-02,2012-10-02,2012-10-02,33969.0,44289.0,0.10866892621722535
NATGAS,2012-10-09,2012-10-09,2012-10-09,43045.0,9076.0,-0.00026535757088153034
NATGAS,2012-10-16,2012-10-16,2012-10-16,35286.0,-7759.0,-0.00026542800421269774
NATGAS,2012-10-23,2012-10-23,2012-10-23,38205.0,2919.0,0.024647288572195336
NATGAS,2012-10-30,2012-10-30,2012-10-30,36281.0,-1924.0,-0.045028793234237696
NATGAS,2012-11-06,2012-11-06,2012-11-06,16284.0,-19997.0,-0.018757165649563756
NATGAS,2012-11-13,2012-11-13,2012-11-13,-2583.0,-18867.0,0.02866731484991547
NATGAS,2012-11-20,2012-11-20,2012-11-20,12073.0,14656.0,0.022305757514297753
NATGAS,2012-11-27,2012-11-27,2012-11-27,18482.0,6409.0,-0.01327227241663076
NATGAS,2012-12-04,2012-12-04,2012-12-04,-44085.0,-62567.0,-0.09503907027333236
NATGAS,2012-12-11,2012-12-11,2012-12-11,-49988.0,-5903.0,-0.034560058052126585
NATGAS,2012-12-18,2012-12-18,2012-12-18,-65832.0,-15844.0,0.004060330404289658
NATGAS,2012-12-25,2012-12-24,2012-12-24,-92422.0,-26590.0,-0.022538638834024738
NATGAS,2013-01-01,2012-12-31,2012-12-31,-89971.0,2451.0,-0.008025009630435509
NATGAS,2013-01-08,2013-01-08,2013-01-08,-84911.0,5060.0,-0.03970820194177582
NATGAS,2013-01-15,2013-01-15,2013-01-15,-82704.0,2207.0,0.06552365725294029
NATGAS,2013-01-22,2013-01-22,2013-01-22,-60745.0,21959.0,0.02995517083578836
NATGAS,2013-01-29,2013-01-29,2013-01-29,-63241.0,-2496.0,-0.08808507906378926
NATGAS,2013-02-05,2013-02-05,2013-02-05,-57163.0,6078.0,0.04151236389527657
NATGAS,2013-02-12,2013-02-12,2013-02-12,-69447.0,-12284.0,-0.04566461899604324
NATGAS,2013-02-19,2013-02-19,2013-02-19,-82685.0,-13238.0,0.010562947164316938
NATGAS,2013-02-26,2013-02-26,2013-02-26,-67690.0,14995.0,0.03683929173026668
NATGAS,2013-03-05,2013-03-05,2013-03-05,-33181.0,34509.0,0.021027155355742178
NATGAS,2013-03-12,2013-03-12,2013-03-12,1462.0,34643.0,0.030033942247089218
NATGAS,2013-03-19,2013-03-19,2013-03-19,44052.0,42590.0,0.08104446082517791
NATGAS,2013-03-26,2013-03-26,2013-03-26,62696.0,18644.0,-0.0010017531516410827
NATGAS,2013-04-02,2013-04-02,2013-04-02,74641.0,11945.0,-0.0033919930082495497
NATGAS,2013-04-09,2013-04-09,2013-04-09,87157.0,12516.0,0.009410668757245944
NATGAS,2013-04-16,2013-04-16,2013-04-16,69883.0,-17274.0,0.031779508783979615
NATGAS,2013-04-23,2013-04-23,2013-04-23,82091.0,12208.0,0.021262317651923546
NATGAS,2013-04-30,2013-04-30,2013-04-30,96849.0,14758.0,0.01507974289247116
NATGAS,2013-05-07,2013-05-07,2013-05-07,79294.0,-17555.0,-0.10046682983279309
NATGAS,2013-05-14,2013-05-14,2013-05-14,59058.0,-20236.0,0.02337833405668821
NATGAS,2013-05-21,2013-05-21,2013-05-21,57064.0,-1994.0,0.04117591418418698
NATGAS,2013-05-28,2013-05-28,2013-05-28,75918.0,18854.0,-0.0035448459665397003
NATGAS,2013-06-04,2013-06-04,2013-06-04,48207.0,-27711.0,-0.055502939293320175
NATGAS,2013-06-11,2013-06-11,2013-06-11,27633.0,-20574.0,-0.07014991847643293
NATGAS,2013-06-18,2013-06-18,2013-06-18,14215.0,-13418.0,0.04798834667358065
NATGAS,2013-06-25,2013-06-25,2013-06-25,7574.0,-6641.0,-0.06768411352939374
NATGAS,2013-07-02,2013-07-02,2013-07-02,-1428.0,-9002.0,-0.0035061120547754676
NATGAS,2013-07-09,2013-07-09,2013-07-09,-5167.0,-3739.0,0.001915447295174566
NATGAS,2013-07-16,2013-07-16,2013-07-16,-1100.0,4067.0,0.004908654524766742
NATGAS,2013-07-23,2013-07-23,2013-07-23,15509.0,16609.0,0.01939715988273516
NATGAS,2013-07-30,2013-07-30,2013-07-30,-6053.0,-21562.0,-0.08807918275045923
NATGAS,2013-08-06,2013-08-06,2013-08-06,-20887.0,-14834.0,-0.033503172961665495
NATGAS,2013-08-13,2013-08-13,2013-08-13,-31009.0,-10122.0,-0.009316370914948191
NATGAS,2013-08-20,2013-08-20,2013-08-20,-18013.0,12996.0,0.04746653723892402
NATGAS,2013-08-27,2013-08-27,2013-08-27,-3597.0,14416.0,0.028386805279335903
NATGAS,2013-09-03,2013-09-03,2013-09-03,-196.0,3401.0,0.022656350983765616
NATGAS,2013-09-10,2013-09-10,2013-09-10,-2399.0,-2203.0,-0.02640951114948331
NATGAS,2013-09-17,2013-09-17,2013-09-17,8893.0,11292.0,0.04276439956576317
NATGAS,2013-09-24,2013-09-24,2013-09-24,-3154.0,-12047.0,-0.07129423929002554
NATGAS,2013-10-01,2013-10-01,2013-10-01,-22696.0,-19542.0,0.009888698391056217
NATGAS,2013-10-08,2013-10-08,2013-10-08,-23147.0,-451.0,0.027248214466518927
NATGAS,2013-10-15,2013-10-15,2013-10-15,20342.0,43489.0,0.01691480615099028
NATGAS,2013-10-22,2013-10-22,2013-10-22,13891.0,-6451.0,-0.05995775400619863
NATGAS,2013-10-29,2013-10-29,2013-10-29,-19588.0,-33479.0,-0.02099599963223442
NATGAS,2013-11-05,2013-11-05,2013-11-05,-76956.0,-57368.0,-0.04436826705036356
NATGAS,2013-11-12,2013-11-12,2013-11-12,-91572.0,-14616.0,0.03187189545656244
NATGAS,2013-11-19,2013-11-19,2013-11-19,-79772.0,11800.0,-0.016779378680601198
NATGAS,2013-11-26,2013-11-26,2013-11-26,-17803.0,61969.0,0.06938114561335906
NATGAS,2013-12-03,2013-12-03,2013-12-03,24206.0,42009.0,0.027311790124491253
NATGAS,2013-12-10,2013-12-10,2013-12-10,54436.0,30230.0,0.06266522760830551
NATGAS,2013-12-17,2013-12-17,2013-12-17,120817.0,66381.0,0.017106451121552624
NATGAS,2013-12-24,2013-12-24,2013-12-24,135090.0,14273.0,0.03761984709183119
NATGAS,2013-12-31,2013-12-31,2013-12-31,137080.0,1990.0,-0.054962676893127504
NATGAS,2014-01-07,2014-01-07,2014-01-07,125742.0,-11338.0,0.017494536017237383
NATGAS,2014-01-14,2014-01-14,2014-01-14,130566.0,4824.0,0.011186320329528154
NATGAS,2014-01-21,2014-01-21,2014-01-21,157380.0,26814.0,0.00991591198703734
NATGAS,2014-01-28,2014-01-28,2014-01-28,174752.0,17372.0,0.1255545033411849
NATGAS,2014-02-04,2014-02-04,2014-02-04,155225.0,-19527.0,0.04668995992534075
NATGAS,2014-02-11,2014-02-11,2014-02-11,166472.0,11247.0,-0.020574629393193877
NATGAS,2014-02-18,2014-02-18,2014-02-18,175453.0,8981.0,0.039262792725759166
NATGAS,2014-02-25,2014-02-25,2014-02-25,169950.0,-5503.0,-0.01313021828555172
NATGAS,2014-03-04,2014-03-04,2014-03-04,150764.0,-19186.0,-0.010408293043821182
NATGAS,2014-03-11,2014-03-11,2014-03-11,147546.0,-3218.0,-0.008546124108137043
NATGAS,2014-03-18,2014-03-18,2014-03-18,136285.0,-11261.0,-0.026763417198816253
NATGAS,2014-03-25,2014-03-25,2014-03-25,119368.0,-16917.0,-0.0022629563854890122
NATGAS,2014-04-01,2014-04-01,2014-04-01,96511.0,-22857.0,-0.03159685218009933
NATGAS,2014-04-08,2014-04-08,2014-04-08,115155.0,18644.0,0.054421374329157945
NATGAS,2014-04-15,2014-04-15,2014-04-15,118405.0,3250.0,0.008098982652176012
NATGAS,2014-04-22,2014-04-22,2014-04-22,117782.0,-623.0,0.036601196265730884
NATGAS,2014-04-29,2014-04-29,2014-04-29,109421.0,-8361.0,0.015226073691503972
NATGAS,2014-05-06,2014-05-06,2014-05-06,105551.0,-3870.0,-0.008492899550592847
NATGAS,2014-05-13,2014-05-13,2014-05-13,81958.0,-23593.0,-0.09942823641324239
NATGAS,2014-05-20,2014-05-20,2014-05-20,71689.0,-10269.0,0.042855688573208095
NATGAS,2014-05-27,2014-05-27,2014-05-27,72789.0,1100.0,-0.009267497926386259
NATGAS,2014-06-03,2014-06-03,2014-06-03,74750.0,1961.0,0.02698055620903217
NATGAS,2014-06-10,2014-06-10,2014-06-10,70147.0,-4603.0,-0.020353038710092086
NATGAS,2014-06-17,2014-06-17,2014-06-17,77330.0,7183.0,0.043056948167615294
NATGAS,2014-06-24,2014-06-24,2014-06-24,59856.0,-17474.0,-0.03578739307838519
NATGAS,2014-07-01,2014-07-01,2014-07-01,49504.0,-10352.0,-0.021973396394820988
NATGAS,2014-07-08,2014-07-08,2014-07-08,31478.0,-18026.0,-0.05609813700839261
NATGAS,2014-07-15,2014-07-15,2014-07-15,31974.0,496.0,-0.024132445240630407
NATGAS,2014-07-22,2014-07-22,2014-07-22,21313.0,-10661.0,-0.07847660034968573
NATGAS,2014-07-29,2014-07-29,2014-07-29,10645.0,-10668.0,0.010251108299743183
NATGAS,2014-08-05,2014-08-05,2014-08-05,-4895.0,-15540.0,0.01804839535182401
NATGAS,2014-08-12,2014-08-12,2014-08-12,-3067.0,1828.0,0.020452676072726383
NATGAS,2014-08-19,2014-08-19,2014-08-19,15441.0,18508.0,-0.023518595694561828
NATGAS,2014-08-26,2014-08-26,2014-08-26,21999.0,6558.0,0.0104366481239766
NATGAS,2014-09-02,2014-09-02,2014-09-02,16630.0,-5369.0,-0.01525747705960745
NATGAS,2014-09-09,2014-09-09,2014-09-09,14209.0,-2421.0,0.024333321504978578
NATGAS,2014-09-16,2014-09-16,2014-09-16,8808.0,-5401.0,0.0069153152836780585
NATGAS,2014-09-23,2014-09-23,2014-09-23,10270.0,1462.0,-0.04892554128721338
NATGAS,2014-09-30,2014-09-30,2014-09-30,28788.0,18518.0,0.06309977663830413
NATGAS,2014-10-07,2014-10-07,2014-10-07,9232.0,-19556.0,-0.03349014754761015
NATGAS,2014-10-14,2014-10-14,2014-10-14,4240.0,-4992.0,-0.03823403325083552
NATGAS,2014-10-21,2014-10-21,2014-10-21,-12476.0,-16716.0,-0.02597548640326064
NATGAS,2014-10-28,2014-10-28,2014-10-28,-28027.0,-15551.0,-0.01832477249331932
NATGAS,2014-11-04,2014-11-04,2014-11-04,-3220.0,24807.0,0.10261755736346556
NATGAS,2014-11-11,2014-11-11,2014-11-11,12349.0,15569.0,0.02753966343776959
NATGAS,2014-11-18,2014-11-18,2014-11-18,22591.0,10242.0,0.004822606659931061
NATGAS,2014-11-25,2014-11-25,2014-11-25,36221.0,13630.0,0.00866793748205108
NATGAS,2014-12-02,2014-12-02,2014-12-02,-1395.0,-37616.0,-0.12649034349538768
NATGAS,2014-12-09,2014-12-09,2014-12-09,-25718.0,-24323.0,-0.05187720429190801
NATGAS,2014-12-16,2014-12-16,2014-12-16,-30284.0,-4566.0,-0.012575343411401985
NATGAS,2014-12-23,2014-12-23,2014-12-23,-38472.0,-8188.0,-0.12620908177936974
NATGAS,2014-12-30,2014-12-30,2014-12-30,-47987.0,-9515.0,-0.0349352770552378
NATGAS,2015-01-06,2015-01-06,2015-01-06,-38883.0,9104.0,-0.05893226330271384
NATGAS,2015-01-13,2015-01-13,2015-01-13,-40263.0,-1380.0,0.0027322421368731753
NATGAS,2015-01-20,2015-01-20,2015-01-20,-44073.0,-3810.0,-0.038947899074382786
NATGAS,2015-01-27,2015-01-27,2015-01-27,-52015.0,-7942.0,0.03997056833003798
NATGAS,2015-02-03,2015-02-03,2015-02-03,-65418.0,-13403.0,-0.0610767791269855
NATGAS,2015-02-10,2015-02-10,2015-02-10,-61612.0,3806.0,-0.019410973860941816
NATGAS,2015-02-17,2015-02-17,2015-02-17,-56417.0,5195.0,0.027358992579649133
NATGAS,2015-02-24,2015-02-24,2015-02-24,-64005.0,-7588.0,0.03881927072373159
NATGAS,2015-03-03,2015-03-03,2015-03-03,-77455.0,-13450.0,-0.06238846712074464
NATGAS,2015-03-10,2015-03-10,2015-03-10,-73605.0,3850.0,0.004352563998842207
NATGAS,2015-03-17,2015-03-17,2015-03-17,-50446.0,23159.0,0.03869160524469839
NATGAS,2015-03-24,2015-03-24,2015-03-24,-71693.0,-21247.0,-0.02182416784032304
NATGAS,2015-03-31,2015-03-31,2015-03-31,-113055.0,-41362.0,-0.06240556618742943
NATGAS,2015-04-07,2015-04-07,2015-04-07,-115445.0,-2390.0,0.012555556370438925
NATGAS,2015-04-14,2015-04-14,2015-04-14,-131145.0,-15700.0,-0.05778462173983412
NATGAS,2015-04-21,2015-04-21,2015-04-21,-131043.0,102.0,0.01849051139763258
NATGAS,2015-04-28,2015-04-28,2015-04-28,-152891.0,-21848.0,-0.03219203715586083
NATGAS,2015-05-05,2015-05-05,2015-05-05,-116666.0,36225.0,0.0930433620803588
NATGAS,2015-05-12,2015-05-12,2015-05-12,-96225.0,20441.0,0.037714208433668794
NATGAS,2015-05-19,2015-05-19,2015-05-19,-78709.0,17516.0,0.015498962544260309
NATGAS,2015-05-26,2015-05-26,2015-05-26,-94416.0,-15707.0,-0.04863972413203976
NATGAS,2015-06-02,2015-06-02,2015-06-02,-154826.0,-60410.0,-0.053167478918238587
NATGAS,2015-06-09,2015-06-09,2015-06-09,-167250.0,-12424.0,0.05462718034996916
NATGAS,2015-06-16,2015-06-16,2015-06-16,-138800.0,28450.0,0.013802841635417451
NATGAS,2015-06-23,2015-06-23,2015-06-23,-140258.0,-1458.0,-0.06075314275481469
NATGAS,2015-06-30,2015-06-30,2015-06-30,-131938.0,8320.0,0.03083786848569403
NATGAS,2015-07-07,2015-07-07,2015-07-07,-146604.0,-14666.0,-0.04167269640056803
NATGAS,2015-07-14,2015-07-14,2015-07-14,-118294.0,28310.0,0.040616544216492745
NATGAS,2015-07-21,2015-07-21,2015-07-21,-91852.0,26442.0,0.017804624633506627
NATGAS,2015-07-28,2015-07-28,2015-07-28,-91001.0,851.0,-0.02593906382854483
NATGAS,2015-08-04,2015-08-04,2015-08-04,-111799.0,-20798.0,-0.0032383349104043724
NATGAS,2015-08-11,2015-08-11,2015-08-11,-106882.0,4917.0,0.010504298266875711
NATGAS,2015-08-18,2015-08-18,2015-08-18,-147682.0,-40800.0,-0.04670248073894845
NATGAS,2015-08-25,2015-08-25,2015-08-25,-157938.0,-10256.0,-0.016559716039018735
NATGAS,2015-09-01,2015-09-01,2015-09-01,-146282.0,11656.0,0.001386505858591569
NATGAS,2015-09-08,2015-09-08,2015-09-08,-139448.0,6834.0,0.007549919019284701
NATGAS,2015-09-15,2015-09-15,2015-09-15,-121302.0,18146.0,0.002861232281032411
NATGAS,2015-09-22,2015-09-22,2015-09-22,-196078.0,-74776.0,-0.05921935965997127
NATGAS,2015-09-29,2015-09-29,2015-09-29,-209871.0,-13793.0,-0.020287777171521082
NATGAS,2015-10-06,2015-10-06,2015-10-06,-215540.0,-5669.0,-0.034687973324396104
NATGAS,2015-10-13,2015-10-13,2015-10-13,-212996.0,2544.0,0.017798022644327727
NATGAS,2015-10-20,2015-10-20,2015-10-20,-215687.0,-2691.0,-0.018546525673285963
NATGAS,2015-10-27,2015-10-27,2015-10-27,-215090.0,597.0,-0.12336767602444798
NATGAS,2015-11-03,2015-11-03,2015-11-03,-233984.0,-18894.0,-0.027989722149291296
NATGAS,2015-11-10,2015-11-10,2015-11-10,-208605.0,25379.0,0.008490044932831786
NATGAS,2015-11-17,2015-11-17,2015-11-17,-202099.0,6506.0,0.01716266433482483
NATGAS,2015-11-24,2015-11-24,2015-11-24,-181668.0,20431.0,-0.0837429894163928
NATGAS,2015-12-01,2015-12-01,2015-12-01,-183548.0,-1880.0,-0.04123440414411261
NATGAS,2015-12-08,2015-12-08,2015-12-08,-176332.0,7216.0,-0.07165348812806771
NATGAS,2015-12-15,2015-12-15,2015-12-15,-182137.0,-5805.0,-0.12025435200683399
NATGAS,2015-12-22,2015-12-22,2015-12-22,-188592.0,-6455.0,0.03593200922606332
NATGAS,2015-12-29,2015-12-29,2015-12-29,-166391.0,22201.0,0.19249976170971017
NATGAS,2016-01-05,2016-01-05,2016-01-05,-133634.0,32757.0,-0.021242147563806046
NATGAS,2016-01-12,2016-01-12,2016-01-12,-120354.0,13280.0,-0.03690455693545047
NATGAS,2016-01-19,2016-01-19,2016-01-19,-132184.0,-11830.0,-0.0700675626167171
NATGAS,2016-01-26,2016-01-26,2016-01-26,-155815.0,-23631.0,0.02344223615682628
NATGAS,2016-02-02,2016-02-02,2016-02-02,-163137.0,-7322.0,-0.032452867213704106
NATGAS,2016-02-09,2016-02-09,2016-02-09,-138857.0,24280.0,0.013586528976452072
NATGAS,2016-02-16,2016-02-16,2016-02-16,-153602.0,-14745.0,-0.0874768180033847
NATGAS,2016-02-23,2016-02-23,2016-02-23,-167483.0,-13881.0,-0.07375643024826006
NATGAS,2016-03-01,2016-03-01,2016-03-01,-170820.0,-3337.0,-0.044808663249165104
NATGAS,2016-03-08,2016-03-08,2016-03-08,-177985.0,-7165.0,-0.024652028998312314
NATGAS,2016-03-15,2016-03-15,2016-03-15,-155864.0,22121.0,0.07581003284922927
NATGAS,2016-03-22,2016-03-22,2016-03-22,-122800.0,33064.0,-0.004121592645550454
NATGAS,2016-03-29,2016-03-29,2016-03-29,-91242.0,31558.0,0.022461383291554782
NATGAS,2016-04-05,2016-04-05,2016-04-05,-72860.0,18382.0,-0.013116947110060284
NATGAS,2016-04-12,2016-04-12,2016-04-12,-81683.0,-8823.0,0.015969369128518096
NATGAS,2016-04-19,2016-04-19,2016-04-19,-57511.0,24172.0,0.04917872228089948
NATGAS,2016-04-26,2016-04-26,2016-04-26,-55079.0,2432.0,-0.013342733027064568
NATGAS,2016-05-03,2016-05-03,2016-05-03,-79409.0,-24330.0,-0.020960594680016875
NATGAS,2016-05-10,2016-05-10,2016-05-10,-66650.0,12759.0,0.013659608728583628
NATGAS,2016-05-17,2016-05-17,2016-05-17,-76231.0,-9581.0,-0.04475019579861428
NATGAS,2016-05-24,2016-05-24,2016-05-24,-113557.0,-37326.0,-0.018010184339046553
NATGAS,2016-05-31,2016-05-31,2016-05-31,-100136.0,13421.0,0.06407242930904467
NATGAS,2016-06-07,2016-06-07,2016-06-07,-57134.0,43002.0,0.07047449819244456
NATGAS,2016-06-14,2016-06-14,2016-06-14,-43551.0,13583.0,0.04174452544746732
NATGAS,2016-06-21,2016-06-21,2016-06-21,-29851.0,13700.0,0.04832565448677251
NATGAS,2016-06-28,2016-06-28,2016-06-28,-28137.0,1714.0,0.03235162588105078
NATGAS,2016-07-05,2016-07-05,2016-07-05,-30378.0,-2241.0,-0.04469663096629217
NATGAS,2016-07-12,2016-07-12,2016-07-12,-30251.0,127.0,-0.021254006360826416
NATGAS,2016-07-19,2016-07-19,2016-07-19,-42294.0,-12043.0,-0.004082395723555621
NATGAS,2016-07-26,2016-07-26,2016-07-26,-44464.0,-2170.0,-0.004472612748512184
NATGAS,2016-08-02,2016-08-02,2016-08-02,-32222.0,12242.0,0.024677466978754392
NATGAS,2016-08-09,2016-08-09,2016-08-09,-54580.0,-22358.0,-0.04557937028287107
NATGAS,2016-08-16,2016-08-16,2016-08-16,-72729.0,-18149.0,-0.0007524454832057437
NATGAS,2016-08-23,2016-08-23,2016-08-23,-36878.0,35851.0,0.05027659405709395
NATGAS,2016-08-30,2016-08-30,2016-08-30,11605.0,48483.0,0.011741817876683491
NATGAS,2016-09-06,2016-09-06,2016-09-06,-1896.0,-13501.0,-0.03410193735693978
NATGAS,2016-09-13,2016-09-13,2016-09-13,87851.0,89747.0,0.05043085362689226
NATGAS,2016-09-20,2016-09-20,2016-09-20,113567.0,25716.0,0.039362247774815895
NATGAS,2016-09-27,2016-09-27,2016-09-27,124158.0,10591.0,-0.019159540457296398
NATGAS,2016-10-04,2016-10-04,2016-10-04,99311.0,-24847.0,-0.03221165529982972
NATGAS,2016-10-11,2016-10-11,2016-10-11,121872.0,22561.0,0.07444452518082745
NATGAS,2016-10-18,2016-10-18,2016-10-18,146370.0,24498.0,0.021921847005769823
NATGAS,2016-10-25,2016-10-25,2016-10-25,136034.0,-10336.0,-0.1071055783676651
NATGAS,2016-11-01,2016-11-01,2016-11-01,70947.0,-65087.0,-0.07715037916553369
NATGAS,2016-11-08,2016-11-08,2016-11-08,36904.0,-34043.0,-0.09109555207103304
NATGAS,2016-11-15,2016-11-15,2016-11-15,14965.0,-21939.0,0.026340416614408557
NATGAS,2016-11-22,2016-11-22,2016-11-22,23312.0,8347.0,0.07187721153103821
NATGAS,2016-11-29,2016-11-29,2016-11-29,53555.0,30243.0,0.0670555121467249
NATGAS,2016-12-06,2016-12-06,2016-12-06,101107.0,47552.0,0.08758636068451464
NATGAS,2016-12-13,2016-12-13,2016-12-13,157507.0,56400.0,-0.04253563331590371
NATGAS,2016-12-20,2016-12-20,2016-12-20,163719.0,6212.0,-0.052581514927161344
NATGAS,2016-12-27,2016-12-27,2016-12-27,174069.0,10350.0,0.13300046614536631
NATGAS,2017-01-03,2017-01-03,2017-01-03,171528.0,-2541.0,-0.11615342924828553
NATGAS,2017-01-10,2017-01-10,2017-01-10,140255.0,-31273.0,-0.012742890877700308
NATGAS,2017-01-17,2017-01-17,2017-01-17,162054.0,21799.0,0.03892707051426081
NATGAS,2017-01-24,2017-01-24,2017-01-24,138203.0,-23851.0,-0.03283877164700533
NATGAS,2017-01-31,2017-01-31,2017-01-31,125445.0,-12758.0,-0.05553516716927076
NATGAS,2017-02-07,2017-02-07,2017-02-07,118392.0,-7053.0,0.008494623991422756
NATGAS,2017-02-14,2017-02-14,2017-02-14,100120.0,-18272.0,-0.06037011160039141
NATGAS,2017-02-21,2017-02-21,2017-02-21,72218.0,-27902.0,-0.11036469624240253
NATGAS,2017-02-28,2017-02-28,2017-02-28,77171.0,4953.0,0.030377450147870633
NATGAS,2017-03-07,2017-03-07,2017-03-07,87054.0,9883.0,0.01761399363407401
NATGAS,2017-03-14,2017-03-14,2017-03-14,110113.0,23059.0,0.02435020546495803
NATGAS,2017-03-21,2017-03-21,2017-03-21,138507.0,28394.0,0.052712267122614787
NATGAS,2017-03-28,2017-03-28,2017-03-28,149904.0,11397.0,0.006948859294202858
NATGAS,2017-04-04,2017-04-04,2017-04-04,176464.0,26560.0,0.037626515809219274
NATGAS,2017-04-11,2017-04-11,2017-04-11,176607.0,143.0,-0.042805138452309155
NATGAS,2017-04-18,2017-04-18,2017-04-18,187459.0,10852.0,0.0037151745518633206
NATGAS,2017-04-25,2017-04-25,2017-04-25,180732.0,-6727.0,-0.02218494360010581
NATGAS,2017-05-02,2017-05-02,2017-05-02,205183.0,24451.0,0.01062712185953485
NATGAS,2017-05-09,2017-05-09,2017-05-09,217663.0,12480.0,0.012445144688882692
NATGAS,2017-05-16,2017-05-16,2017-05-16,245723.0,28060.0,-4.440892098500626e-16
NATGAS,2017-05-23,2017-05-23,2017-05-23,234445.0,-11278.0,-0.0009053871148130277
NATGAS,2017-05-30,2017-05-30,2017-05-30,172302.0,-62143.0,-0.05173834637060981
NATGAS,2017-06-06,2017-06-06,2017-06-06,96605.0,-75697.0,-0.03448172812693784
NATGAS,2017-06-13,2017-06-13,2017-06-13,80825.0,-15780.0,-0.028691168341596907
NATGAS,2017-06-20,2017-06-20,2017-06-20,54168.0,-26657.0,-0.019936460272824696
NATGAS,2017-06-27,2017-06-27,2017-06-27,80715.0,26547.0,0.04471882884936873
NATGAS,2017-07-04,2017-07-03,2017-07-03,92147.0,11432.0,-0.0355808226807639
NATGAS,2017-07-11,2017-07-11,2017-07-11,87552.0,-4595.0,0.028377801411795023
NATGAS,2017-07-18,2017-07-18,2017-07-18,89977.0,2425.0,0.01145487897476638
NATGAS,2017-07-25,2017-07-25,2017-07-25,73092.0,-16885.0,-0.04731062141959175
NATGAS,2017-08-01,2017-08-01,2017-08-01,54875.0,-18217.0,-0.040486699054500974
NATGAS,2017-08-08,2017-08-08,2017-08-08,39427.0,-15448.0,0.0017497817237877022
NATGAS,2017-08-15,2017-08-15,2017-08-15,84472.0,45045.0,0.03605540761792758
NATGAS,2017-08-22,2017-08-22,2017-08-22,81939.0,-2533.0,0.0010112928554453227
NATGAS,2017-08-29,2017-08-29,2017-08-29,69913.0,-12026.0,0.005041180227477682
NATGAS,2017-09-05,2017-09-05,2017-09-05,80656.0,10743.0,5.3385130611260934e-05
NATGAS,2017-09-12,2017-09-12,2017-09-12,87360.0,6704.0,0.00752744513267567
NATGAS,2017-09-19,2017-09-19,2017-09-19,138308.0,50948.0,0.03460774721254012
NATGAS,2017-09-26,2017-09-26,2017-09-26,90424.0,-47884.0,-0.05669534367654494
NATGAS,2017-10-03,2017-10-03,2017-10-03,56576.0,-33848.0,-0.02831334007137354
NATGAS,2017-10-10,2017-10-10,2017-10-10,35339.0,-21237.0,-0.004548415898665503
NATGAS,2017-10-17,2017-10-17,2017-10-17,64228.0,28889.0,0.01839058122437942
NATGAS,2017-10-24,2017-10-24,2017-10-24,52181.0,-12047.0,0.0022353514018194076
NATGAS,2017-10-31,2017-10-31,2017-10-31,11722.0,-40459.0,-0.07929869956141378
NATGAS,2017-11-07,2017-11-07,2017-11-07,42436.0,30714.0,0.07172102595560403
NATGAS,2017-11-14,2017-11-14,2017-11-14,75987.0,33551.0,-0.014874770694747408
NATGAS,2017-11-21,2017-11-21,2017-11-21,72858.0,-3129.0,-0.029465144435878443
NATGAS,2017-11-28,2017-11-28,2017-11-28,20664.0,-52194.0,0.005771096491921757
NATGAS,2017-12-05,2017-12-05,2017-12-05,-14052.0,-34716.0,-0.07112158270019453
NATGAS,2017-12-12,2017-12-12,2017-12-12,-63022.0,-48970.0,-0.08055653829201814
NATGAS,2017-12-19,2017-12-19,2017-12-19,-61104.0,1918.0,0.0011129661694209148
NATGAS,2017-12-26,2017-12-26,2017-12-26,-53408.0,7696.0,-0.01607210824757699
NATGAS,2018-01-02,2018-01-02,2018-01-02,5208.0,58616.0,0.12954764571963961
NATGAS,2018-01-09,2018-01-09,2018-01-09,45077.0,39869.0,-0.04155104146391109
NATGAS,2018-01-16,2018-01-16,2018-01-16,111252.0,66175.0,0.03784421329355725
NATGAS,2018-01-23,2018-01-23,2018-01-23,166634.0,55382.0,0.02566379808904884
NATGAS,2018-01-30,2018-01-30,2018-01-30,219380.0,52746.0,0.05005857389484225
NATGAS,2018-02-06,2018-02-06,2018-02-06,186974.0,-32406.0,-0.11373026740222425
NATGAS,2018-02-13,2018-02-13,2018-02-13,116621.0,-70353.0,-0.0374155128068856
NATGAS,2018-02-20,2018-02-20,2018-02-20,87840.0,-28781.0,0.00986350940519598
NATGAS,2018-02-27,2018-02-27,2018-02-27,88206.0,366.0,0.012753361153554188
NATGAS,2018-03-06,2018-03-06,2018-03-06,114594.0,26388.0,0.023980725038481587
NATGAS,2018-03-13,2018-03-13,2018-03-13,140717.0,26123.0,0.011097303789954438
NATGAS,2018-03-20,2018-03-20,2018-03-20,143622.0,2905.0,-0.038096389941388864
NATGAS,2018-03-27,2018-03-27,2018-03-27,119214.0,-24408.0,0.003691403231959711
NATGAS,2018-04-03,2018-04-03,2018-04-03,112736.0,-6478.0,-0.004973823837404634
NATGAS,2018-04-10,2018-04-10,2018-04-10,114168.0,1432.0,-0.018753996973321918
NATGAS,2018-04-17,2018-04-17,2018-04-17,155588.0,41420.0,0.02782024221107493
NATGAS,2018-04-24,2018-04-24,2018-04-24,158957.0,3369.0,0.015404209308472527
NATGAS,2018-05-01,2018-05-01,2018-05-01,132609.0,-26348.0,-0.004806744920883954
NATGAS,2018-05-08,2018-05-08,2018-05-08,90951.0,-41658.0,-0.02751647609765584
NATGAS,2018-05-15,2018-05-15,2018-05-15,155641.0,64690.0,0.03349083932558594
NATGAS,2018-05-22,2018-05-22,2018-05-22,198246.0,42605.0,0.028326591697624526
NATGAS,2018-05-29,2018-05-29,2018-05-29,189139.0,-9107.0,-0.01130342570977616
NATGAS,2018-06-05,2018-06-05,2018-06-05,193130.0,3991.0,-0.003017189177216828
NATGAS,2018-06-12,2018-06-12,2018-06-12,191105.0,-2025.0,0.00753944626885783
NATGAS,2018-06-19,2018-06-19,2018-06-19,187183.0,-3922.0,-0.008571970883046731
NATGAS,2018-06-26,2018-06-26,2018-06-26,166283.0,-20900.0,0.009254564766205675
NATGAS,2018-07-03,2018-07-03,2018-07-03,122778.0,-43505.0,-0.021532125312829553
NATGAS,2018-07-10,2018-07-10,2018-07-10,84691.0,-38087.0,-0.03140872029655073
NATGAS,2018-07-17,2018-07-17,2018-07-17,44250.0,-40441.0,-0.01866476873894607
NATGAS,2018-07-24,2018-07-24,2018-07-24,24356.0,-19894.0,0.004423155018169478
NATGAS,2018-07-31,2018-07-31,2018-07-31,43421.0,19065.0,0.022905927850917163
NATGAS,2018-08-07,2018-08-07,2018-08-07,98497.0,55076.0,0.03580586074913894
NATGAS,2018-08-14,2018-08-14,2018-08-14,163711.0,65214.0,0.02250350672331214
NATGAS,2018-08-21,2018-08-21,2018-08-21,185523.0,21812.0,-0.0006745362819002843
NATGAS,2018-08-28,2018-08-28,2018-08-28,153390.0,-32133.0,-0.04097663985554645
NATGAS,2018-09-04,2018-09-04,2018-09-04,127426.0,-25964.0,-0.008911611193754165
NATGAS,2018-09-11,2018-09-11,2018-09-11,84384.0,-43042.0,-0.005291950963455694
NATGAS,2018-09-18,2018-09-18,2018-09-18,81016.0,-3368.0,0.024114395812016465
NATGAS,2018-09-25,2018-09-25,2018-09-25,146337.0,65321.0,0.054430632983400784
NATGAS,2018-10-02,2018-10-02,2018-10-02,214899.0,68562.0,0.03028427561993574
NATGAS,2018-10-09,2018-10-09,2018-10-09,252778.0,37879.0,0.01805158394821449
NATGAS,2018-10-16,2018-10-16,2018-10-16,244487.0,-8291.0,0.0009092287336489591
NATGAS,2018-10-23,2018-10-23,2018-10-23,247282.0,2795.0,-0.005467814351600264
NATGAS,2018-10-30,2018-10-30,2018-10-30,227811.0,-19471.0,-0.029677603084256265
NATGAS,2018-11-06,2018-11-06,2018-11-06,245106.0,17295.0,0.10462595419686327
NATGAS,2018-11-13,2018-11-13,2018-11-13,279113.0,34007.0,0.14618474294142736
NATGAS,2018-11-20,2018-11-20,2018-11-20,237841.0,-41272.0,0.08634802704822375
NATGAS,2018-11-27,2018-11-27,2018-11-27,238441.0,600.0,-0.05198038354401646
NATGAS,2018-12-04,2018-12-04,2018-12-04,230839.0,-7602.0,0.045772489369451996
NATGAS,2018-12-11,2018-12-11,2018-12-11,220711.0,-10128.0,-0.010977571408406384
NATGAS,2018-12-18,2018-12-18,2018-12-18,214092.0,-6619.0,-0.12917933861938957
NATGAS,2018-12-25,2018-12-24,2018-12-24,189844.0,-24248.0,-0.08910286830384972
NATGAS,2019-01-01,2018-12-31,2018-12-31,192973.0,3129.0,-0.15210777819745847
NATGAS,2019-01-08,2019-01-08,2019-01-08,186763.0,-6210.0,-0.005627872750819662
NATGAS,2019-01-15,2019-01-15,2019-01-15,204729.0,17966.0,0.1363053195072479
NATGAS,2019-01-22,2019-01-22,2019-01-22,212062.0,7333.0,-0.08911212983145056
NATGAS,2019-01-29,2019-01-29,2019-01-29,202235.0,-9827.0,-0.023490441813019736
NATGAS,2019-02-05,2019-02-05,2019-02-05,182097.0,-20138.0,-0.07361872132646274
NATGAS,2019-02-12,2019-02-12,2019-02-12,151488.0,-30609.0,0.02054227230031369
NATGAS,2019-02-19,2019-02-19,2019-02-19,128015.0,-23473.0,-0.0029618681408516423
NATGAS,2019-02-26,2019-02-26,2019-02-26,110015.0,-18000.0,0.03604978021397098
NATGAS,2019-03-05,2019-03-05,2019-03-05,146254.0,36239.0,0.02708421972820485
NATGAS,2019-03-12,2019-03-12,2019-03-12,156891.0,10637.0,-0.030630805202879863
NATGAS,2019-03-19,2019-03-19,2019-03-19,163246.0,6355.0,0.02646123696615499
NATGAS,2019-03-26,2019-03-26,2019-03-26,150008.0,-13238.0,-0.0430441692435406
NATGAS,2019-04-02,2019-04-02,2019-04-02,131261.0,-18747.0,-0.029574891417038174
NATGAS,2019-04-09,2019-04-09,2019-04-09,108927.0,-22334.0,0.006225986051666688
NATGAS,2019-04-16,2019-04-16,2019-04-16,72827.0,-36100.0,-0.0455642667329319
NATGAS,2019-04-23,2019-04-23,2019-04-23,40401.0,-32426.0,-0.04613797169519307
NATGAS,2019-04-30,2019-04-30,2019-04-30,12088.0,-28313.0,0.029958882262884234
NATGAS,2019-05-07,2019-05-07,2019-05-07,13200.0,1112.0,-0.016956090248401612
NATGAS,2019-05-14,2019-05-14,2019-05-14,10953.0,-2247.0,0.04409684398712077
NATGAS,2019-05-21,2019-05-21,2019-05-21,-1646.0,-12599.0,-0.01801174397173222
NATGAS,2019-05-28,2019-05-28,2019-05-28,-33328.0,-31682.0,-0.02181904739463958
NATGAS,2019-06-04,2019-06-04,2019-06-04,-75705.0,-42377.0,-0.06842635794801666
NATGAS,2019-06-11,2019-06-11,2019-06-11,-118227.0,-42522.0,-0.010806422701653773
NATGAS,2019-06-18,2019-06-18,2019-06-18,-148639.0,-30412.0,-0.03486747763399256
NATGAS,2019-06-25,2019-06-25,2019-06-25,-167295.0,-18656.0,-0.01087676591962472
NATGAS,2019-07-02,2019-07-02,2019-07-02,-167874.0,-579.0,-0.019319537532475284
NATGAS,2019-07-09,2019-07-09,2019-07-09,-151974.0,15900.0,0.08595834943839398
NATGAS,2019-07-16,2019-07-16,2019-07-16,-146898.0,5076.0,-0.05530971469994883
NATGAS,2019-07-23,2019-07-23,2019-07-23,-184136.0,-37238.0,-0.004823512969705401
NATGAS,2019-07-30,2019-07-30,2019-07-30,-223558.0,-39422.0,-0.06257707606590301
NATGAS,2019-08-06,2019-08-06,2019-08-06,-221563.0,1995.0,-0.013686116315626329
NATGAS,2019-08-13,2019-08-13,2019-08-13,-236110.0,-14547.0,0.016344048152977297
NATGAS,2019-08-20,2019-08-20,2019-08-20,-206244.0,29866.0,0.027411492417786842
NATGAS,2019-08-27,2019-08-27,2019-08-27,-211297.0,-5053.0,-0.012242274864687985
NATGAS,2019-09-03,2019-09-03,2019-09-03,-175145.0,36152.0,0.07247977172298148
NATGAS,2019-09-10,2019-09-10,2019-09-10,-95981.0,79164.0,0.08895636232075832
NATGAS,2019-09-17,2019-09-17,2019-09-17,-58952.0,37029.0,0.03007745523727756
NATGAS,2019-09-24,2019-09-24,2019-09-24,-74821.0,-15869.0,-0.06701071028296068
NATGAS,2019-10-01,2019-10-01,2019-10-01,-120331.0,-45510.0,-0.09000368821067495
NATGAS,2019-10-08,2019-10-08,2019-10-08,-169505.0,-49174.0,0.00442567610315292
NATGAS,2019-10-15,2019-10-15,2019-10-15,-196338.0,-26833.0,0.016325268001886606
NATGAS,2019-10-22,2019-10-22,2019-10-22,-214129.0,-17791.0,-0.03332972631189923
NATGAS,2019-10-29,2019-10-29,2019-10-29,-180093.0,34036.0,0.07472027955115612
NATGAS,2019-11-05,2019-11-05,2019-11-05,-96598.0,83495.0,0.07109946263503142
NATGAS,2019-11-12,2019-11-12,2019-11-12,-86038.0,10560.0,-0.07998601993791299
NATGAS,2019-11-19,2019-11-19,2019-11-19,-136685.0,-50647.0,-0.052185753170570504
NATGAS,2019-11-26,2019-11-26,2019-11-26,-183206.0,-46521.0,-0.01683343722256847
NATGAS,2019-12-03,2019-12-03,2019-12-03,-228542.0,-45336.0,-0.04348990185349111
NATGAS,2019-12-10,2019-12-10,2019-12-10,-244537.0,-15995.0,-0.06085853690632392
NATGAS,2019-12-17,2019-12-17,2019-12-17,-239488.0,5049.0,0.017521254187147672
NATGAS,2019-12-24,2019-12-24,2019-12-24,-246502.0,-7014.0,-0.05168187914391753
NATGAS,2019-12-31,2019-12-31,2019-12-31,-242375.0,4127.0,0.0009140768460951243
NATGAS,2020-01-07,2020-01-07,2020-01-07,-251753.0,-9378.0,-0.002319648453716905
NATGAS,2020-01-14,2020-01-14,2020-01-14,-271129.0,-19376.0,-0.0009293680966329099
NATGAS,2020-01-21,2020-01-21,2020-01-21,-297544.0,-26415.0,-0.12988526176622006
NATGAS,2020-01-28,2020-01-28,2020-01-28,-296625.0,919.0,0.010007984506722245
NATGAS,2020-02-04,2020-02-04,2020-02-04,-316439.0,-19814.0,-0.027298890863221015
NATGAS,2020-02-11,2020-02-11,2020-02-11,-331548.0,-15109.0,-0.042422468426671855
NATGAS,2020-02-18,2020-02-18,2020-02-18,-293833.0,37715.0,0.07805753247405711
NATGAS,2020-02-25,2020-02-25,2020-02-25,-310152.0,-16319.0,-0.06281499457922335
NATGAS,2020-03-03,2020-03-03,2020-03-03,-290352.0,19800.0,-0.03515290397797388
NATGAS,2020-03-10,2020-03-10,2020-03-10,-240971.0,49381.0,0.07694089020565809
NATGAS,2020-03-17,2020-03-17,2020-03-17,-129591.0,111380.0,-0.1152044989615062
NATGAS,2020-03-24,2020-03-24,2020-03-24,-86210.0,43381.0,-0.022871208476495042
NATGAS,2020-03-31,2020-03-31,2020-03-31,-69834.0,16376.0,-0.05284696486504625
NATGAS,2020-04-07,2020-04-07,2020-04-07,-41019.0,28815.0,0.10427792531249924
NATGAS,2020-04-14,2020-04-14,2020-04-14,-34793.0,6226.0,-0.06518863835264721
NATGAS,2020-04-21,2020-04-21,2020-04-21,637.0,35430.0,0.08298722668990521
NATGAS,2020-04-28,2020-04-28,2020-04-28,15098.0,14461.0,-0.018311803642338198
NATGAS,2020-05-05,2020-05-05,2020-05-05,51599.0,36501.0,0.06389899856284309
NATGAS,2020-05-12,2020-05-12,2020-05-12,-4961.0,-56560.0,-0.16262070548890506
NATGAS,2020-05-19,2020-05-19,2020-05-19,11652.0,16613.0,0.010126668817929563
NATGAS,2020-05-26,2020-05-26,2020-05-26,-7165.0,-18817.0,-0.020356937068744863
NATGAS,2020-06-02,2020-06-02,2020-06-02,-12221.0,-5056.0,-0.08416314715662576
NATGAS,2020-06-09,2020-06-09,2020-06-09,-13625.0,-1404.0,-0.0069537589645820574
NATGAS,2020-06-16,2020-06-16,2020-06-16,-60619.0,-46994.0,-0.0909717782057271
NATGAS,2020-06-23,2020-06-23,2020-06-23,-31094.0,29525.0,-0.005896243497280906
NATGAS,2020-06-30,2020-06-30,2020-06-30,-6379.0,24715.0,0.034866983387270345
NATGAS,2020-07-07,2020-07-07,2020-07-07,21860.0,28239.0,0.0805155717339332
NATGAS,2020-07-14,2020-07-14,2020-07-14,37175.0,15315.0,-0.08163414008322256
NATGAS,2020-07-21,2020-07-21,2020-07-21,23713.0,-13462.0,-0.041708416001702275
NATGAS,2020-07-28,2020-07-28,2020-07-28,42432.0,18719.0,0.08389489608781187
NATGAS,2020-08-04,2020-08-04,2020-08-04,98942.0,56510.0,0.14067708415542146
NATGAS,2020-08-11,2020-08-11,2020-08-11,123834.0,24892.0,-0.009903202572120406
NATGAS,2020-08-18,2020-08-18,2020-08-18,123630.0,-204.0,0.10076320522304538
NATGAS,2020-08-25,2020-08-25,2020-08-25,133811.0,10181.0,0.015528262326554909
NATGAS,2020-09-01,2020-09-01,2020-09-01,132217.0,-1594.0,0.006483936206906016
NATGAS,2020-09-08,2020-09-08,2020-09-08,118413.0,-13804.0,-0.0031072008427486253
NATGAS,2020-09-15,2020-09-15,2020-09-15,121709.0,3296.0,-0.05362548697587055
NATGAS,2020-09-22,2020-09-22,2020-09-22,98663.0,-23046.0,-0.053965884640038375
NATGAS,2020-09-29,2020-09-29,2020-09-29,112770.0,14107.0,-0.013959125463222755
NATGAS,2020-10-06,2020-10-06,2020-10-06,126886.0,14116.0,-0.02012502386905002
NATGAS,2020-10-13,2020-10-13,2020-10-13,137761.0,10875.0,0.04762053739322791
NATGAS,2020-10-20,2020-10-20,2020-10-20,153986.0,16225.0,0.003995702257907574
NATGAS,2020-10-27,2020-10-27,2020-10-27,122918.0,-31068.0,0.015523063186492436
NATGAS,2020-11-03,2020-11-03,2020-11-03,106521.0,-16397.0,-0.0693758753222058
NATGAS,2020-11-10,2020-11-10,2020-11-10,100391.0,-6130.0,-0.038932804681149236
NATGAS,2020-11-17,2020-11-17,2020-11-17,82483.0,-17908.0,-0.07744277120735443
NATGAS,2020-11-24,2020-11-24,2020-11-24,64677.0,-17806.0,0.0194992250514332
NATGAS,2020-12-01,2020-12-01,2020-12-01,78194.0,13517.0,-0.005179666844427722
NATGAS,2020-12-08,2020-12-08,2020-12-08,30660.0,-47534.0,-0.16902127760647456
NATGAS,2020-12-15,2020-12-15,2020-12-15,46764.0,16104.0,0.10122314939186516
NATGAS,2020-12-22,2020-12-21,2020-12-21,43954.0,-2810.0,0.0033525827639619976
NATGAS,2020-12-29,2020-12-29,2020-12-29,29916.0,-14038.0,-0.0955333359773789
NATGAS,2021-01-05,2021-01-05,2021-01-05,43416.0,13500.0,0.09469867464167603
NATGAS,2021-01-12,2021-01-12,2021-01-12,74894.0,31478.0,0.012639573475382804
NATGAS,2021-01-19,2021-01-19,2021-01-19,58011.0,-16883.0,-0.0680170429443363
NATGAS,2021-01-26,2021-01-26,2021-01-26,59598.0,1587.0,0.04143864895243343
NATGAS,2021-02-02,2021-02-02,2021-02-02,105527.0,45929.0,0.05590355740462272
NATGAS,2021-02-09,2021-02-09,2021-02-09,106732.0,1205.0,0.0017727357948640332
NATGAS,2021-02-16,2021-02-16,2021-02-16,110648.0,3916.0,0.05512935626125959
NATGAS,2021-02-23,2021-02-23,2021-02-23,99330.0,-11318.0,-0.04315738228397592
NATGAS,2021-03-02,2021-03-02,2021-03-02,95904.0,-3426.0,-0.007339731240587177
NATGAS,2021-03-09,2021-03-09,2021-03-09,55091.0,-40813.0,-0.06428348119925253
NATGAS,2021-03-16,2021-03-16,2021-03-16,-3623.0,-58714.0,-0.03741226036944845
NATGAS,2021-03-23,2021-03-23,2021-03-23,5504.0,9127.0,-0.016696175070263664
NATGAS,2021-03-30,2021-03-30,2021-03-30,18845.0,13341.0,0.026657943274389417
NATGAS,2021-04-06,2021-04-06,2021-04-06,-158.0,-19003.0,-0.05610126544522753
NATGAS,2021-04-13,2021-04-13,2021-04-13,18211.0,18369.0,0.061181156475081266
NATGAS,2021-04-20,2021-04-20,2021-04-20,40068.0,21857.0,0.038921079132590464
NATGAS,2021-04-27,2021-04-27,2021-04-27,33809.0,-6259.0,0.04839934999659601
NATGAS,2021-05-04,2021-05-04,2021-05-04,50294.0,16485.0,0.007606415225339447
NATGAS,2021-05-11,2021-05-11,2021-05-11,53546.0,3252.0,-0.004325410170775257
NATGAS,2021-05-18,2021-05-18,2021-05-18,59723.0,6177.0,0.026001135649814877
NATGAS,2021-05-25,2021-05-25,2021-05-25,25763.0,-33960.0,-0.034372187378724384
NATGAS,2021-06-01,2021-06-01,2021-06-01,40457.0,14694.0,0.04283817907192855
NATGAS,2021-06-08,2021-06-08,2021-06-08,52850.0,12393.0,0.0044685679208784634
NATGAS,2021-06-15,2021-06-15,2021-06-15,61622.0,8772.0,0.03627664822013177
NATGAS,2021-06-22,2021-06-22,2021-06-22,51356.0,-10266.0,0.00642892157638375
NATGAS,2021-06-29,2021-06-29,2021-06-29,94923.0,43567.0,0.10230427856008184
NATGAS,2021-07-06,2021-07-06,2021-07-06,103461.0,8538.0,0.001069733337285328
NATGAS,2021-07-13,2021-07-13,2021-07-13,95587.0,-7874.0,0.020302480610509654
NATGAS,2021-07-20,2021-07-20,2021-07-20,89069.0,-6518.0,0.045136411124993
NATGAS,2021-07-27,2021-07-27,2021-07-27,75365.0,-13704.0,0.023095714794649336
NATGAS,2021-08-03,2021-08-03,2021-08-03,77835.0,2470.0,0.021042537210052892
NATGAS,2021-08-10,2021-08-10,2021-08-10,87643.0,9808.0,0.01745588269098164
NATGAS,2021-08-17,2021-08-17,2021-08-17,46419.0,-41224.0,-0.06338555862727668
NATGAS,2021-08-24,2021-08-24,2021-08-24,30776.0,-15643.0,0.016737869835492525
NATGAS,2021-08-31,2021-08-31,2021-08-31,72051.0,41275.0,0.11129283354049413
NATGAS,2021-09-07,2021-09-07,2021-09-07,87133.0,15082.0,0.04204158949492243
NATGAS,2021-09-14,2021-09-14,2021-09-14,78682.0,-8451.0,0.13933790411113112
NATGAS,2021-09-21,2021-09-21,2021-09-21,40617.0,-38065.0,-0.09132191355007979
NATGAS,2021-09-28,2021-09-28,2021-09-28,31042.0,-9575.0,0.19422890339466914
NATGAS,2021-10-05,2021-10-05,2021-10-05,33415.0,2373.0,0.06881385680806451
NATGAS,2021-10-12,2021-10-12,2021-10-12,27870.0,-5545.0,-0.1273317447449971
NATGAS,2021-10-19,2021-10-19,2021-10-19,4602.0,-23268.0,-0.056857226223752555
NATGAS,2021-10-26,2021-10-26,2021-10-26,-4913.0,-9515.0,0.11516278336179075
NATGAS,2021-11-02,2021-11-02,2021-11-02,-13857.0,-8944.0,-0.08118003187879452
NATGAS,2021-11-09,2021-11-09,2021-11-09,-24561.0,-10704.0,-0.10654324790687575
NATGAS,2021-11-16,2021-11-16,2021-11-16,-9398.0,15163.0,0.038689544950178956
NATGAS,2021-11-23,2021-11-23,2021-11-23,-1854.0,7544.0,-0.04561683638274516
NATGAS,2021-11-30,2021-11-30,2021-11-30,-7141.0,-5287.0,-0.09755699196766399
NATGAS,2021-12-07,2021-12-07,2021-12-07,-43714.0,-36573.0,-0.20412885521711877
NATGAS,2021-12-14,2021-12-14,2021-12-14,-33435.0,10279.0,0.010559188402009312
NATGAS,2021-12-21,2021-12-21,2021-12-21,-39337.0,-5902.0,0.01629527175141554
NATGAS,2021-12-28,2021-12-28,2021-12-28,-21392.0,17945.0,0.028987536873252395
NATGAS,2022-01-04,2022-01-04,2022-01-04,-20122.0,1270.0,-0.033710939491685465
NATGAS,2022-01-11,2022-01-11,2022-01-11,14807.0,34929.0,0.10234088578410594
NATGAS,2022-01-18,2022-01-18,2022-01-18,16272.0,1465.0,0.01996074256253877
NATGAS,2022-01-25,2022-01-25,2022-01-25,10126.0,-6146.0,-0.03878602503515616
NATGAS,2022-02-01,2022-02-01,2022-02-01,47851.0,37725.0,0.20241833018827426
NATGAS,2022-02-08,2022-02-08,2022-02-08,35050.0,-12801.0,-0.08080836261933522
NATGAS,2022-02-15,2022-02-15,2022-02-15,-6826.0,-41876.0,0.005438008435870945
NATGAS,2022-02-22,2022-02-22,2022-02-22,-686.0,6140.0,0.050573865653674055
NATGAS,2022-03-01,2022-03-01,2022-03-01,-2079.0,-1393.0,0.026167757209525355
NATGAS,2022-03-08,2022-03-08,2022-03-08,-15049.0,-12970.0,-0.007641124395724397
NATGAS,2022-03-15,2022-03-15,2022-03-15,-13034.0,2015.0,0.011764841579585905
NATGAS,2022-03-22,2022-03-22,2022-03-22,-5920.0,7114.0,0.1240923562059324
NATGAS,2022-03-29,2022-03-29,2022-03-29,630.0,6550.0,0.019513738446968354
NATGAS,2022-04-05,2022-04-05,2022-04-05,16204.0,15574.0,0.12584516370899212
NATGAS,2022-04-12,2022-04-12,2022-04-12,25855.0,9651.0,0.1018671912364173
NATGAS,2022-04-19,2022-04-19,2022-04-19,21994.0,-3861.0,0.07325211077214666
NATGAS,2022-04-26,2022-04-26,2022-04-26,25919.0,3925.0,-0.041956346600366956
NATGAS,2022-05-03,2022-05-03,2022-05-03,20530.0,-5389.0,0.12459251221926326
NATGAS,2022-05-10,2022-05-10,2022-05-10,12249.0,-8281.0,-0.07206835696251446
NATGAS,2022-05-17,2022-05-17,2022-05-17,8647.0,-3602.0,0.11702385285783468
NATGAS,2022-05-24,2022-05-24,2022-05-24,9256.0,609.0,0.05131712064647154
NATGAS,2022-05-31,2022-05-31,2022-05-31,-5614.0,-14870.0,-0.0814300435038624
NATGAS,2022-06-07,2022-06-07,2022-06-07,-5998.0,-384.0,0.1311015567500542
NATGAS,2022-06-14,2022-06-14,2022-06-14,-25785.0,-19787.0,-0.25634662326941937
NATGAS,2022-06-21,2022-06-21,2022-06-21,-35291.0,-9506.0,-0.05687990109619001
NATGAS,2022-06-28,2022-06-28,2022-06-28,-49109.0,-13818.0,-0.03190564946742347
NATGAS,2022-07-05,2022-07-05,2022-07-05,-51080.0,-1971.0,-0.17421499739159207
NATGAS,2022-07-12,2022-07-12,2022-07-12,-67752.0,-16672.0,0.09287170040547288
NATGAS,2022-07-19,2022-07-19,2022-07-19,-52252.0,15500.0,0.1718589982236054
NATGAS,2022-07-26,2022-07-26,2022-07-26,-55199.0,-2947.0,0.21047624611344373
NATGAS,2022-08-02,2022-08-02,2022-08-02,-62090.0,-6891.0,-0.13407283576264417
NATGAS,2022-08-09,2022-08-09,2022-08-09,-65295.0,-3205.0,0.016363181564662543
NATGAS,2022-08-16,2022-08-16,2022-08-16,-51037.0,14258.0,0.17387276048017553
NATGAS,2022-08-23,2022-08-23,2022-08-23,-55208.0,-4171.0,-0.01689631877991893
NATGAS,2022-08-30,2022-08-30,2022-08-30,-51900.0,3308.0,-0.012419789254059843
NATGAS,2022-09-06,2022-09-06,2022-09-06,-71492.0,-19592.0,-0.10305395269973383
NATGAS,2022-09-13,2022-09-13,2022-09-13,-78225.0,-6733.0,0.014747033843574453
NATGAS,2022-09-20,2022-09-20,2022-09-20,-82378.0,-4153.0,-0.06981600148506795
NATGAS,2022-09-27,2022-09-27,2022-09-27,-91982.0,-9604.0,-0.13950464146032093
NATGAS,2022-10-04,2022-10-04,2022-10-04,-98505.0,-6523.0,0.016197543277244097
NATGAS,2022-10-11,2022-10-11,2022-10-11,-93915.0,4590.0,-0.03489220784995739
NATGAS,2022-10-18,2022-10-18,2022-10-18,-87470.0,6445.0,-0.1050718737161489
NATGAS,2022-10-25,2022-10-25,2022-10-25,-85008.0,2462.0,-0.01144896808002649
NATGAS,2022-11-01,2022-11-01,2022-11-01,-75744.0,9264.0,-0.052933421892214394
NATGAS,2022-11-08,2022-11-08,2022-11-08,-71045.0,4699.0,0.07048298878069215
NATGAS,2022-11-15,2022-11-15,2022-11-15,-67235.0,3810.0,-0.019971249727961826
NATGAS,2022-11-22,2022-11-22,2022-11-22,-70715.0,-3480.0,0.14677404746061562
NATGAS,2022-11-29,2022-11-29,2022-11-29,-62913.0,7802.0,-0.023360122407973805
NATGAS,2022-12-06,2022-12-06,2022-12-06,-71927.0,-9014.0,-0.28032016275067395
NATGAS,2022-12-13,2022-12-13,2022-12-13,-48000.0,23927.0,0.22470425171647035
NATGAS,2022-12-20,2022-12-20,2022-12-20,-55403.0,-7403.0,-0.25528998493879174
NATGAS,2022-12-27,2022-12-27,2022-12-27,-63641.0,-8238.0,-0.018967086886754636
NATGAS,2023-01-03,2023-01-03,2023-01-03,-75165.0,-11524.0,-0.25396112468595033
NATGAS,2023-01-10,2023-01-10,2023-01-10,-87515.0,-12350.0,-0.09410245018892649
NATGAS,2023-01-17,2023-01-17,2023-01-17,-87514.0,1.0,-0.018578271513157496
NATGAS,2023-01-24,2023-01-24,2023-01-24,-81961.0,5553.0,-0.06214360458251722
NATGAS,2023-01-31,2023-01-31,2023-01-31,-83495.0,-1534.0,-0.1301258237992613
NATGAS,2023-02-07,2023-02-07,2023-02-07,-70856.0,12639.0,-0.0284940646425067
NATGAS,2023-02-14,2023-02-14,2023-02-14,-67866.0,2990.0,-0.004514680354525957
NATGAS,2023-02-21,2023-02-21,2023-02-21,-77354.0,-9488.0,-0.19736629007120587
NATGAS,2023-02-28,2023-02-28,2023-02-28,-35261.0,42093.0,0.23256162486072718
NATGAS,2023-03-07,2023-03-07,2023-03-07,-34319.0,942.0,-0.008065973942863458
NATGAS,2023-03-14,2023-03-14,2023-03-14,-18501.0,15818.0,-0.05426285855936719
NATGAS,2023-03-21,2023-03-21,2023-03-21,-3096.0,15405.0,-0.07926853406515466
NATGAS,2023-03-28,2023-03-28,2023-03-28,1586.0,4682.0,-0.14620114065194745
NATGAS,2023-04-04,2023-04-04,2023-04-04,-12135.0,-13721.0,-0.018700685791493754
NATGAS,2023-04-11,2023-04-11,2023-04-11,-11058.0,1077.0,0.0029818978431670473
NATGAS,2023-04-18,2023-04-18,2023-04-18,-19731.0,-8673.0,0.06822694659524675
NATGAS,2023-04-25,2023-04-25,2023-04-25,-39503.0,-19772.0,-0.03229994151010995
NATGAS,2023-05-02,2023-05-02,2023-05-02,-52447.0,-12944.0,-0.07562782993615436
NATGAS,2023-05-09,2023-05-09,2023-05-09,-54606.0,-2159.0,0.004128825023118843
NATGAS,2023-05-16,2023-05-16,2023-05-16,-43350.0,11256.0,0.04314315515448275
NATGAS,2023-05-23,2023-05-23,2023-05-23,-32907.0,10443.0,-0.017918058513492596
NATGAS,2023-05-30,2023-05-30,2023-05-30,-45283.0,-12376.0,-0.06730113906530022
NATGAS,2023-06-06,2023-06-06,2023-06-06,-67284.0,-22001.0,-0.016856956324793337
NATGAS,2023-06-13,2023-06-13,2023-06-13,-58643.0,8641.0,0.010860591296208533
NATGAS,2023-06-20,2023-06-20,2023-06-20,-31588.0,27055.0,0.06552474010619225
NATGAS,2023-06-27,2023-06-27,2023-06-27,-21353.0,10235.0,0.081777209738223
NATGAS,2023-07-04,2023-07-03,2023-07-03,141.0,21494.0,-0.023076314756695027
NATGAS,2023-07-11,2023-07-11,2023-07-11,11436.0,11295.0,-0.0037078277555249173
NATGAS,2023-07-18,2023-07-18,2023-07-18,-15404.0,-26840.0,-0.027873744294774738
NATGAS,2023-07-25,2023-07-25,2023-07-25,3545.0,18949.0,0.04809873962542888
NATGAS,2023-08-01,2023-08-01,2023-08-01,-16891.0,-20436.0,-0.06750136543829743
NATGAS,2023-08-08,2023-08-08,2023-08-08,14267.0,31158.0,0.06939199342400038
NATGAS,2023-08-15,2023-08-15,2023-08-15,9852.0,-4415.0,-0.029408673846570643
NATGAS,2023-08-22,2023-08-22,2023-08-22,-18149.0,-28001.0,-0.047496502928211726
NATGAS,2023-08-29,2023-08-29,2023-08-29,-35394.0,-17245.0,0.003763647649303259
NATGAS,2023-09-05,2023-09-05,2023-09-05,-32063.0,3331.0,-0.011794520651956297
NATGAS,2023-09-12,2023-09-12,2023-09-12,-27314.0,4749.0,0.007992050531337114
NATGAS,2023-09-19,2023-09-19,2023-09-19,-32737.0,-5423.0,0.0036417851870149676
NATGAS,2023-09-26,2023-09-26,2023-09-26,-56208.0,-23471.0,-0.06167854778786985
NATGAS,2023-10-03,2023-10-03,2023-10-03,-41039.0,15169.0,0.029399887062048435
NATGAS,2023-10-10,2023-10-10,2023-10-10,25626.0,66665.0,0.09933576271931166
NATGAS,2023-10-17,2023-10-17,2023-10-17,-5687.0,-31313.0,-0.05361182711877266
NATGAS,2023-10-24,2023-10-24,2023-10-24,-22425.0,-16738.0,-0.043011047727192775
NATGAS,2023-10-31,2023-10-31,2023-10-31,15361.0,37786.0,0.07339816495486762
NATGAS,2023-11-07,2023-11-07,2023-11-07,-36486.0,-51847.0,-0.09628101545514145
NATGAS,2023-11-14,2023-11-14,2023-11-14,-70477.0,-33991.0,-0.043376028147236845
NATGAS,2023-11-21,2023-11-21,2023-11-21,-103257.0,-32780.0,-0.10248300840248614
NATGAS,2023-11-28,2023-11-28,2023-11-28,-104735.0,-1478.0,-0.05352907304384669
NATGAS,2023-12-05,2023-12-05,2023-12-05,-122449.0,-17714.0,-0.04777650865330063
NATGAS,2023-12-12,2023-12-12,2023-12-12,-124614.0,-2165.0,-0.1744783793329292
NATGAS,2023-12-19,2023-12-19,2023-12-19,-121738.0,2876.0,0.05472489968924599
NATGAS,2023-12-26,2023-12-26,2023-12-26,-104991.0,16747.0,0.02215346607169444
NATGAS,2024-01-02,2024-01-02,2024-01-02,-78490.0,26501.0,0.06355931789573521
NATGAS,2024-01-09,2024-01-09,2024-01-09,-44055.0,34435.0,0.12252172048186782
NATGAS,2024-01-16,2024-01-16,2024-01-16,-6519.0,37536.0,-0.08509189365036995
NATGAS,2024-01-23,2024-01-23,2024-01-23,-37933.0,-31414.0,-0.13370442795300086
NATGAS,2024-01-30,2024-01-30,2024-01-30,-70521.0,-32588.0,-0.04241917766024539
NATGAS,2024-02-06,2024-02-06,2024-02-06,-96737.0,-26216.0,-0.04423380593294102
NATGAS,2024-02-13,2024-02-13,2024-02-13,-130165.0,-33428.0,-0.14160719138388966
NATGAS,2024-02-20,2024-02-20,2024-02-20,-160729.0,-30564.0,-0.056685776175433134
NATGAS,2024-02-27,2024-02-27,2024-02-27,-121448.0,39281.0,0.09387315971510635
NATGAS,2024-03-05,2024-03-05,2024-03-05,-106598.0,14850.0,0.07076957729974342
NATGAS,2024-03-12,2024-03-12,2024-03-12,-99209.0,7389.0,-0.13907005767757585
NATGAS,2024-03-19,2024-03-19,2024-03-19,-88165.0,11044.0,0.028658354887507898
NATGAS,2024-03-26,2024-03-26,2024-03-26,-86097.0,2068.0,-0.04804417383271087
NATGAS,2024-04-02,2024-04-02,2024-04-02,-83686.0,2411.0,0.03858863936507628
NATGAS,2024-04-09,2024-04-09,2024-04-09,-88547.0,-4861.0,-0.01966961951502899
NATGAS,2024-04-16,2024-04-16,2024-04-16,-115934.0,-27387.0,-0.03751673938493294
NATGAS,2024-04-23,2024-04-23,2024-04-23,-89013.0,26921.0,0.0519470042139627
NATGAS,2024-04-30,2024-04-30,2024-04-30,-103800.0,-14787.0,-0.05043908736628566
NATGAS,2024-05-07,2024-05-07,2024-05-07,-56029.0,47771.0,0.06348686873307852
NATGAS,2024-05-14,2024-05-14,2024-05-14,-11080.0,44949.0,0.0349936301711784
NATGAS,2024-05-21,2024-05-21,2024-05-21,16569.0,27649.0,0.10383532031318321
NATGAS,2024-05-28,2024-05-28,2024-05-28,43206.0,26637.0,-0.004943512892430668
NATGAS,2024-06-04,2024-06-04,2024-06-04,16290.0,-26916.0,-0.08500870895527335
NATGAS,2024-06-11,2024-06-11,2024-06-11,42390.0,26100.0,0.17888244132048658
NATGAS,2024-06-18,2024-06-18,2024-06-18,39561.0,-2829.0,-0.06568752633005026
NATGAS,2024-06-25,2024-06-25,2024-06-25,34632.0,-4929.0,-0.04340336128661715
NATGAS,2024-07-02,2024-07-02,2024-07-02,1997.0,-32635.0,-0.15299661160915168
NATGAS,2024-07-09,2024-07-09,2024-07-09,-35687.0,-37684.0,-0.039057727251202046
NATGAS,2024-07-16,2024-07-16,2024-07-16,-59955.0,-24268.0,-0.06748069820620728
NATGAS,2024-07-23,2024-07-23,2024-07-23,-57511.0,2444.0,0.008126455557024848
NATGAS,2024-07-30,2024-07-30,2024-07-30,-53863.0,3648.0,-0.045065096468579924
NATGAS,2024-08-06,2024-08-06,2024-08-06,-52907.0,956.0,-0.06240122486595112
NATGAS,2024-08-13,2024-08-13,2024-08-13,-61396.0,-8489.0,0.07228776738380382
NATGAS,2024-08-20,2024-08-20,2024-08-20,-40040.0,21356.0,0.021692824611259987
NATGAS,2024-08-27,2024-08-27,2024-08-27,-71539.0,-31499.0,-0.11109941232684584
NATGAS,2024-09-03,2024-09-03,2024-09-03,-70552.0,987.0,0.04054662843428414
NATGAS,2024-09-10,2024-09-10,2024-09-10,-50977.0,19575.0,-0.001962709167847798
NATGAS,2024-09-17,2024-09-17,2024-09-17,-37176.0,13801.0,0.026368336535989023
NATGAS,2024-09-24,2024-09-24,2024-09-24,-12301.0,24875.0,0.06590096801571033
NATGAS,2024-10-01,2024-10-01,2024-10-01,-13198.0,-897.0,0.029023315188666743
NATGAS,2024-10-08,2024-10-08,2024-10-08,-19554.0,-6356.0,-0.02744121622655271
NATGAS,2024-10-15,2024-10-15,2024-10-15,-80721.0,-61167.0,-0.08306906010075021
NATGAS,2024-10-22,2024-10-22,2024-10-22,-132437.0,-51716.0,-0.016784089841671346
NATGAS,2024-10-29,2024-10-29,2024-10-29,-133236.0,-799.0,-0.012513197684783428
NATGAS,2024-11-05,2024-11-05,2024-11-05,-146937.0,-13701.0,-0.06547111726087618
NATGAS,2024-11-12,2024-11-12,2024-11-12,-137491.0,9446.0,0.06494290121778601
NATGAS,2024-11-19,2024-11-19,2024-11-19,-122689.0,14802.0,0.0298717384376479
NATGAS,2024-11-26,2024-11-26,2024-11-26,-61087.0,61602.0,0.0714269162951835
NATGAS,2024-12-03,2024-12-03,2024-12-03,-73046.0,-11959.0,-0.1239578130502732
NATGAS,2024-12-10,2024-12-10,2024-12-10,-79783.0,-6737.0,0.02203105543201822
NATGAS,2024-12-17,2024-12-17,2024-12-17,-66305.0,13478.0,0.03200009145287108
NATGAS,2024-12-24,2024-12-24,2024-12-24,-2709.0,63596.0,0.12897557608866173
NATGAS,2024-12-31,2024-12-31,2024-12-31,-3800.0,-1091.0,0.03615358016491932
NATGAS,2025-01-07,2025-01-07,2025-01-07,21896.0,25696.0,-0.020874861068335804
NATGAS,2025-01-14,2025-01-14,2025-01-14,56860.0,34964.0,0.12413504474797143
NATGAS,2025-01-21,2025-01-21,2025-01-21,47899.0,-8961.0,-0.027148318236350555
NATGAS,2025-01-28,2025-01-28,2025-01-28,52641.0,4742.0,-0.06839478534472221
NATGAS,2025-02-04,2025-02-04,2025-02-04,48667.0,-3974.0,0.036280819035487966
NATGAS,2025-02-11,2025-02-11,2025-02-11,74050.0,25383.0,0.07718788852552017
NATGAS,2025-02-18,2025-02-18,2025-02-18,104031.0,29981.0,0.12008011497163817
NATGAS,2025-02-25,2025-02-25,2025-02-25,106820.0,2789.0,0.0377496407473874
NATGAS,2025-03-04,2025-03-04,2025-03-04,108350.0,1530.0,0.049101923720836105
NATGAS,2025-03-11,2025-03-11,2025-03-11,91617.0,-16733.0,0.021544818986775738
NATGAS,2025-03-18,2025-03-18,2025-03-18,65113.0,-26504.0,-0.09178620093611745
NATGAS,2025-03-25,2025-03-25,2025-03-25,40755.0,-24358.0,-0.058118031212480936
NATGAS,2025-04-01,2025-04-01,2025-04-01,25508.0,-15247.0,0.021994957656342073
NATGAS,2025-04-08,2025-04-08,2025-04-08,20179.0,-5329.0,-0.13940800111350793
NATGAS,2025-04-15,2025-04-15,2025-04-15,5637.0,-14542.0,-0.02500840760694345
NATGAS,2025-04-22,2025-04-22,2025-04-22,-25623.0,-31260.0,-0.10105325846024638
NATGAS,2025-04-29,2025-04-29,2025-04-29,-44712.0,-19089.0,0.07510806315443386
NATGAS,2025-05-06,2025-05-06,2025-05-06,-45177.0,-465.0,0.03097675983740178
NATGAS,2025-05-13,2025-05-13,2025-05-13,-38523.0,6654.0,0.04131440666868791
NATGAS,2025-05-20,2025-05-20,2025-05-20,-56502.0,-17979.0,-0.05450025172187711
NATGAS,2025-05-27,2025-05-27,2025-05-27,-63286.0,-6784.0,-0.006124370094558351
NATGAS,2025-06-03,2025-06-03,2025-06-03,-52418.0,10868.0,-0.007751889190052097
NATGAS,2025-06-10,2025-06-10,2025-06-10,-84200.0,-31782.0,-0.04470318881746671
NATGAS,2025-06-17,2025-06-17,2025-06-17,-62788.0,21412.0,0.08395428987231313
NATGAS,2025-06-24,2025-06-24,2025-06-24,-60968.0,1820.0,-0.07736628910277066
NATGAS,2025-07-01,2025-07-01,2025-07-01,-51820.0,9148.0,-0.06954279411788189
NATGAS,2025-07-08,2025-07-08,2025-07-08,-47083.0,4737.0,-0.021430439992116135
NATGAS,2025-07-15,2025-07-15,2025-07-15,-19387.0,27696.0,0.054285844879372824
NATGAS,2025-07-22,2025-07-22,2025-07-22,-30085.0,-10698.0,-0.07922329456156074
NATGAS,2025-07-29,2025-07-29,2025-07-29,-13009.0,17076.0,-0.04511575484865382
NATGAS,2025-08-05,2025-08-05,2025-08-05,-27669.0,-14660.0,-0.04100764358925968
NATGAS,2025-08-12,2025-08-12,2025-08-12,-50733.0,-23064.0,-0.06548276774191564
NATGAS,2025-08-19,2025-08-19,2025-08-19,-36687.0,14046.0,-0.016975983629226477
NATGAS,2025-08-26,2025-08-26,2025-08-26,-44032.0,-7345.0,-0.025479085300985638
NATGAS,2025-09-02,2025-09-02,2025-09-02,-36762.0,7270.0,0.07217007254323704
NATGAS,2025-09-09,2025-09-09,2025-09-09,-24752.0,12010.0,0.008955283729103591
NATGAS,2025-09-16,2025-09-16,2025-09-16,-23091.0,1661.0,-0.00297619267304583
NATGAS,2025-09-23,2025-09-23,2025-09-23,-63176.0,-40085.0,-0.06622897050348353
NATGAS,2025-09-30,2025-09-30,2025-09-30,-31166.0,32010.0,0.050608346488489886
NATGAS,2025-10-07,2025-10-07,2025-10-07,-33400.0,-2234.0,0.060745900089580473
NATGAS,2025-10-14,2025-10-14,2025-10-14,-75339.0,-41939.0,-0.11095459567232702
NATGAS,2025-10-21,2025-10-21,2025-10-21,-45917.0,29422.0,0.10242939484896763
NATGAS,2025-10-28,2025-10-28,2025-10-28,-41704.0,4213.0,-0.055576840276243544
NATGAS,2025-11-04,2025-11-04,2025-11-04,-43986.0,-2282.0,0.1099798482361729
NATGAS,2025-11-11,2025-11-10,2025-11-10,-52820.0,-8834.0,-0.0028468211496246454
NATGAS,2025-11-18,2025-11-18,2025-11-18,-59654.0,-6834.0,0.007210781817361678
NATGAS,2025-11-25,2025-11-25,2025-11-25,-65346.0,-5692.0,-0.02468716953965089
NATGAS,2025-12-02,2025-12-02,2025-12-02,-39973.0,25373.0,0.0858999210957423
NATGAS,2025-12-09,2025-12-09,2025-12-09,-31091.0,8882.0,-0.05404224156628423
NATGAS,2025-12-16,2025-12-16,2025-12-16,-66328.0,-35237.0,-0.14341121270849744
NATGAS,2025-12-23,2025-12-23,2025-12-23,-106407.0,-40079.0,0.06494928310678905
NATGAS,2025-12-30,2025-12-30,2025-12-30,-83965.0,22442.0,0.01931936040263782
NATGAS,2026-01-06,2026-01-06,2026-01-06,-101384.0,-17419.0,-0.1761911434530301
NATGAS,2026-01-13,2026-01-13,2026-01-13,-105134.0,-3750.0,0.018914749543003317
NATGAS,2026-01-20,2026-01-20,2026-01-20,-77101.0,28033.0,0.11523526357758485
NATGAS,2026-01-27,2026-01-27,2026-01-27,-21934.0,55167.0,0.1665306614635682
NATGAS,2026-02-03,2026-02-03,2026-02-03,-47.0,21887.0,-0.10121622794280061
NATGAS,2026-02-10,2026-02-10,2026-02-10,-8188.0,-8141.0,-0.05371929836648004
NATGAS,2026-02-17,2026-02-17,2026-02-17,-26765.0,-18577.0,-0.029512537614478696
NATGAS,2026-02-24,2026-02-24,2026-02-24,-75875.0,-49110.0,-0.03709907162192305
NATGAS,2026-03-03,2026-03-03,2026-03-03,-76252.0,-377.0,0.07500935236650186
NATGAS,2026-03-10,2026-03-10,2026-03-10,-62982.0,13270.0,-0.014742281737203378
NATGAS,2026-03-17,2026-03-17,2026-03-17,-44628.0,18354.0,-0.006954821873368822
NATGAS,2026-03-24,2026-03-24,2026-03-24,-54155.0,-9527.0,-0.03276766731346825
NATGAS,2026-03-31,2026-03-31,2026-03-31,-67616.0,-13461.0,-0.009661910911737515
NATGAS,2026-04-07,2026-04-07,2026-04-07,-86033.0,-18417.0,-0.006675592213785109
NATGAS,2026-04-14,2026-04-14,2026-04-14,-114095.0,-28062.0,-0.07870401938794025
NATGAS,2026-04-21,2026-04-21,2026-04-21,-100574.0,13521.0,0.029277349945851405
NATGAS,2026-04-28,2026-04-28,2026-04-28,-97245.0,3329.0,-0.054595157930140026
NATGAS,2026-05-05,2026-05-05,2026-05-05,-107489.0,-10244.0,0.037007204346006795
NATGAS,2026-05-12,2026-05-12,2026-05-12,-120065.0,-12576.0,-0.005876608488984303
NATGAS,2026-05-19,2026-05-19,2026-05-19,-96303.0,23762.0,0.0726099847937407
NATGAS,2026-05-26,2026-05-26,2026-05-26,-134426.0,-38123.0,-0.0871221128293973
NATGAS,2026-06-02,2026-06-02,2026-06-02,-114854.0,19572.0,0.05054620798088916
NATGAS,2026-06-09,2026-06-09,2026-06-09,-122617.0,-7763.0,-0.002822645750507391
NATGAS,2026-06-16,2026-06-16,2026-06-16,-84909.0,37708.0,0.022668258311959733
NATGAS,2026-06-23,2026-06-23,2026-06-23,-82722.0,2187.0,-0.022668258311958844
NATGAS,2026-06-30,2026-06-30,2026-06-30,-64808.0,17914.0,0.028179601105078333
NATGAS,2026-07-07,2026-07-07,2026-07-07,-60295.0,4513.0,-0.007227054236610186
NATGAS,2026-07-14,2026-07-14,2026-07-14,-105709.0,-45414.0,-0.10078080865497618
NATGAS,2026-07-21,2026-07-21,2026-07-21,-102756.0,2953.0,-0.009814309410399069
NATGAS,2026-07-28,2026-07-28,2026-07-28,-105826.0,-3070.0,-0.04982980268035586
NATGAS,2026-08-04,2026-08-04,2026-08-04,-126933.0,-21107.0,-0.0045096762159371195
NATGAS,2026-08-11,2026-08-11,2026-08-11,-110630.0,16303.0,0.03670797167393136
NATGAS,2026-08-18,2026-08-18,2026-08-18,-100080.0,10550.0,-0.009586439472495378
NATGAS,2026-08-25,2026-08-25,2026-08-25,-71673.0,28407.0,0.006401159837207793
