market,report_week_tuesday,actual_position,mm_mean_lag,mm_std_lag,predicted_y,y,predicted_position,predicted_position_change,actual_position_change,actual_change,predicted_change
BRENT,2015-01-06,142286.0,122360.86538461539,53496.79719474249,-0.23072469,0.37245471991251833,110017.83331043346,,,,
BRENT,2015-01-13,142751.0,123302.17307692308,53522.55724011179,-0.08075619,0.3633762646247637,118979.89541222788,,,465.0,8962.062101794421
BRENT,2015-01-20,127801.0,124448.01923076923,53357.286975331765,-0.021800041,0.06284016596985004,123284.82817645451,,,-14950.0,4304.932764226629
BRENT,2015-01-27,129740.0,125184.15384615384,53118.270394485444,-0.18079734,0.08576796872360377,115580.51193386618,,,1939.0,-7704.316242588335
BRENT,2015-02-03,124499.0,125787.94230769231,53002.79456851574,-0.025634527,-0.0243183839302307,124429.24072830936,,,-5241.0,8848.728794443188
BRENT,2015-02-10,152235.0,126520.17307692308,52694.946913925836,0.45980513,0.4879941707708827,150749.58004353495,,,27736.0,26320.33931522559
BRENT,2015-02-17,164249.0,127278.38461538461,52916.65582373432,1.024101,0.6986574417658727,181470.38576155,,,12014.0,30720.805718015035
BRENT,2015-02-24,176940.0,128004.69230769231,53346.090450299496,0.97742504,0.9173176005821614,180146.4968366805,,,12691.0,-1323.8889248694759
BRENT,2015-03-03,188410.0,128601.55769230769,53943.21614927318,1.1706944,1.1087296341802964,191752.57612362225,,,11470.0,11606.079286941735
BRENT,2015-03-10,183732.0,129284.69230769231,54724.59281236829,1.0829805,0.9949330802512991,188550.35993668743,,,-4678.0,-3202.21618693482
BRENT,2015-03-17,185798.0,130122.53846153847,55417.98850224785,0.8117566,1.0046460191568165,175108.45698937582,,,2066.0,-13441.90294731161
BRENT,2015-03-24,193298.0,130985.63461538461,56107.63459281107,0.97760093,1.1105862123191221,185836.5104924367,,,7500.0,10728.053503060888
BRENT,2015-03-31,220226.0,132087.8076923077,56915.626624460645,1.1407089,1.548576331931539,197011.97086030873,,,26928.0,11175.46036787203
BRENT,2015-04-07,237473.0,133753.96153846153,58352.3190393891,1.4394479,1.77746215007369,217749.08346061333,,,17247.0,20737.112600304594
BRENT,2015-04-14,265217.0,135618.36538461538,60190.245878024805,1.6518111,2.1531501113654783,235041.28301567875,,,27744.0,17292.199555065425
BRENT,2015-04-21,269594.0,137378.98076923078,62708.72783960634,2.1253154,2.1083990025908843,270654.8075032128,,,4377.0,35613.52448753407
BRENT,2015-04-28,277591.0,138590.96153846153,64787.75599466796,2.254088,2.145467709561945,284628.26001112093,,,7997.0,13973.452507908107
BRENT,2015-05-05,291733.0,139950.53846153847,67057.5828213514,2.3602889,2.263464550203462,298225.80406692787,,,14142.0,13597.544055806939
BRENT,2015-05-12,280844.0,142246.75,70052.6827987954,2.3018901,1.9784716939118179,303500.3294516195,,,-10889.0,5274.525384691602
BRENT,2015-05-19,243058.0,144180.17307692306,72333.27058331926,2.1351674,1.366975751624303,298623.811490593,,,-37786.0,-4876.51796102646
BRENT,2015-05-26,222816.0,144918.67307692306,73161.4489615334,1.7929562,1.064731877631805,276093.94900961535,,,-20242.0,-22529.862480977667
BRENT,2015-06-02,207476.0,145049.26923076922,73399.23857379117,1.4923245,0.8505092420879913,254584.74914197368,,,-15340.0,-21509.19986764167
BRENT,2015-06-09,203463.0,145124.78846153847,73553.0072949385,1.2181504,0.7931451572677714,234723.4120474727,,,-4013.0,-19861.33709450098
BRENT,2015-06-16,195222.0,145123.42307692306,73660.36328611213,1.137923,0.6801293760727689,228943.24481376892,,,-8241.0,-5780.167233703774
BRENT,2015-06-23,193762.0,144590.07692307694,73420.03769867022,0.9133309,0.6697343752223879,211646.8669567976,,,-1460.0,-17296.377856971318
BRENT,2015-06-30,200466.0,143692.40384615384,72885.42558582386,0.7940153,0.7789430561394508,201564.54605941044,,,6704.0,-10082.320897387166
BRENT,2015-07-07,207941.0,142930.36538461538,72481.37758182579,0.63538104,0.8969287944616219,188983.65866753814,,,7475.0,-12580.887391872297
BRENT,2015-07-14,227513.0,142853.0576923077,72657.6499832656,0.676278,1.1651896576229903,191989.82755236258,,,19572.0,3006.1688848244376
BRENT,2015-07-21,214607.0,144079.32692307694,73424.96797347887,0.8135594,0.9605407400708393,203814.90076391096,,,-12906.0,11825.073211548384
BRENT,2015-07-28,178690.0,145732.9423076923,73694.92556719498,0.7827271,0.4472093219262087,203415.9593255184,,,-35917.0,-398.9414383925614
BRENT,2015-08-04,150054.0,146665.15384615384,73565.19528378181,0.6300534,0.04606588945728336,193015.1553294403,,,-28636.0,-10400.803996078088
BRENT,2015-08-11,130074.0,147503.1923076923,73083.19352565732,0.3540358,-0.238484273427015,173377.2588093169,,,-19980.0,-19637.89652012341
BRENT,2015-08-18,143376.0,148494.8076923077,72180.54911866353,0.19388425,-0.07091671862862195,162489.47957553642,,,13302.0,-10887.779233780486
BRENT,2015-08-25,145242.0,149957.21153846153,70939.27857584697,0.019629657,-0.06646827587089309,151349.72526378176,,,1866.0,-11139.75431175466
BRENT,2015-09-01,145021.0,151434.59615384616,69753.84485830778,0.36505142,-0.09194613095341493,176898.33616819012,,,-221.0,25548.610904408357
BRENT,2015-09-08,171954.0,152955.36538461538,68541.50852980545,0.35369715,0.2771843664211595,177198.30167312545,,,26933.0,299.9655049353314
BRENT,2015-09-15,163554.0,154893.46153846153,67384.32848288072,0.30225834,0.1285245198182648,175260.93697647593,,,-8400.0,-1937.3646966495144
BRENT,2015-09-22,180002.0,156711.11538461538,66193.58907152833,0.31457403,0.35186012636687003,177533.8996590422,,,16448.0,2272.9626825662563
BRENT,2015-09-29,175895.0,159331.96153846153,64175.72811245897,0.32099247,0.258088828108254,179931.8870056971,,,-4107.0,2397.9873466549034
BRENT,2015-10-06,189404.0,161995.63461538462,61878.264293136686,0.37364388,0.44294011310293674,185116.06907169987,,,13509.0,5184.182066002773
BRENT,2015-10-13,207076.0,164792.84615384616,59737.61462423032,0.51667947,0.7078145672894557,195658.0449643107,,,17672.0,10541.975892610848
BRENT,2015-10-20,189193.0,167813.28846153847,57764.623794435494,0.49945712,0.3701177318239724,196664.2411515123,,,-17883.0,1006.1961872015963
BRENT,2015-10-27,169437.0,170711.78846153847,55260.71435954975,0.3787963,-0.02306862074283281,191644.34310649903,,,-19756.0,-5019.89804501328
BRENT,2015-11-03,187865.0,173173.01923076922,52978.09621518906,0.35100263,0.2773217955880136,191768.4705239115,,,18428.0,124.1274174124701
BRENT,2015-11-10,202243.0,175935.92307692306,50538.41006745753,0.2833257,0.5205362987866623,190254.75358482252,,,14378.0,-1513.7169390889758
BRENT,2015-11-17,175333.0,178530.36538461538,48832.000082864884,0.20441058,-0.06547684672324795,188512.14297990772,,,-26910.0,-1742.6106049148075
BRENT,2015-11-24,194656.0,180753.01923076922,47087.780060856196,0.1586979,0.2952566621586871,188225.75119071122,,,19323.0,-286.39178919649567
BRENT,2015-12-01,187613.0,183297.46153846153,45153.32951588832,0.22092041,0.0955751991670944,193272.75377651278,,,-7043.0,5047.002585801558
BRENT,2015-12-08,198451.0,185172.40384615384,44330.70463577947,0.047241777,0.29953496708303967,187266.66511686178,,,10838.0,-6006.088659650995
BRENT,2015-12-15,177201.0,187152.63461538462,43528.493485232975,0.028521657,-0.22862345600728665,188394.13937586412,,,-21250.0,1127.474259002338
BRENT,2015-12-22,172345.0,187876.09615384616,43990.13792786909,-0.18981281,-0.35305859188967753,179526.20449539067,,,-4856.0,-8867.934880473447
BRENT,2015-12-29,167415.0,188931.53846153847,44249.82643130354,-0.1870189,-0.4862513640577148,180655.98454806133,,,-4930.0,1129.780052670656
BRENT,2016-01-05,187743.0,189862.21153846153,44693.9548477182,-0.32836738,-0.04741606657280913,175186.17458101918,,,20328.0,-5469.809967042151
BRENT,2016-01-12,204256.0,190736.38461538462,44996.04081742653,-0.5953629,0.3004623326632631,163947.4111898669,,,16513.0,-11238.763391152286
BRENT,2016-01-19,215648.0,191919.17307692306,45057.988477046754,-0.535099,0.5266286340138059,167808.6871697851,,,11392.0,3861.275979918195
BRENT,2016-01-26,254020.0,193608.53846153847,44829.49898020206,0.01396662,1.3475827950952763,194234.65503716937,,,38372.0,26425.967867384286
BRENT,2016-02-02,285329.0,195998.53846153847,44615.84156004265,0.53232676,2.002213976357328,219748.74475052705,,,31309.0,25514.08971335768
BRENT,2016-02-09,263341.0,199091.42307692306,44644.535820911064,0.8135571,1.4391364081107338,235412.30165124094,,,-21988.0,15663.556900713884
BRENT,2016-02-16,277353.0,201228.07692307694,44660.2101129224,1.2146264,1.7045357127618253,255473.54856101965,,,14012.0,20061.24690977871
BRENT,2016-02-23,310704.0,203403.15384615384,44855.17883137009,1.5286393,2.3921618183094573,271970.5437590639,,,33351.0,16496.995198044227
BRENT,2016-03-01,326091.0,205975.53846153847,45645.27662157626,2.053218,2.631498162105203,299695.2369181174,,,15387.0,27724.69315905351
BRENT,2016-03-08,316059.0,208623.25,46710.3882720929,2.4673705,2.300039755057815,323875.0845379445,,,-10032.0,24179.84761982714
BRENT,2016-03-15,330901.0,211168.0,47413.205607407115,2.2610621,2.5253091088465602,318372.2043830645,,,14842.0,-5502.880154879997
BRENT,2016-03-22,344157.0,213958.4423076923,48390.581078861425,2.5548003,2.690576446687528,337586.71200962074,,,13256.0,19214.50762655621
BRENT,2016-03-29,348354.0,216859.57692307694,49595.984836702446,2.2836528,2.651311865464025,330119.5856932737,,,4197.0,-7467.126316347043
BRENT,2016-04-05,350821.0,219323.57692307694,50562.89769963332,2.0918505,2.6006702356751337,325093.6007273152,,,2467.0,-5025.984965958516
BRENT,2016-04-12,392072.0,221503.34615384616,51252.451646380985,2.8240695,3.3280096535284076,366243.8316470514,,,41251.0,41150.230919736205
BRENT,2016-04-19,408122.0,223942.86538461538,52725.468652896285,2.9295208,3.493172072644392,378403.2248874557,,,16050.0,12159.393240404315
BRENT,2016-04-26,408710.0,226606.86538461538,54650.28033157109,3.2557106,3.3321537146843307,404532.3624518163,,,588.0,26129.13756436063
BRENT,2016-05-03,381052.0,229128.38461538462,56219.81970911731,3.1896248,2.7023141691074746,408448.51504522876,,,-27658.0,3916.1525934124365
BRENT,2016-05-10,350173.0,230846.0576923077,56244.06812222249,3.022512,2.1215915969731443,400844.4262188063,,,-30879.0,-7604.088826422463
BRENT,2016-05-17,383690.0,232179.3076923077,55758.496794263534,3.080479,2.7172664440136023,403942.18093251495,,,33517.0,3097.7547137086513
BRENT,2016-05-24,367701.0,234883.76923076922,56994.09973107447,2.7725072,2.3303680801333164,392900.3205628938,,,-15989.0,-11041.860369621136
BRENT,2016-05-31,373351.0,237670.01923076922,57878.236143813425,2.6480894,2.3442487160820926,390936.7633675395,,,5650.0,-1963.5571953543113
BRENT,2016-06-07,378490.0,240859.92307692306,58865.39827221708,2.5558567,2.33804715440165,391311.4459265062,,,5139.0,374.68255896668416
BRENT,2016-06-14,366368.0,244225.82692307694,59852.90705890999,2.329252,2.0407057748540955,383638.33067258185,,,-12122.0,-7673.115253924334
BRENT,2016-06-21,355351.0,247517.09615384616,60440.65294090617,2.21011,1.7841287047574559,381097.58454936463,,,-11017.0,-2540.746123217221
BRENT,2016-06-28,334985.0,250624.57692307694,60757.27495639411,1.9037534,1.3884826654498426,366291.445686869,,,-20366.0,-14806.13886249566
BRENT,2016-07-05,319370.0,253211.48076923078,60830.768296295035,1.6355762,1.0875831603593058,352704.8405525194,,,-15615.0,-13586.60513434955
BRENT,2016-07-12,315708.0,255354.34615384616,60829.35957491646,1.4847382,0.9921796689610591,345670.02186404174,,,-3662.0,-7034.818688477681
BRENT,2016-07-19,311039.0,257050.40384615384,60742.90103668586,1.223236,0.8888050328916557,331353.3049990018,,,-4669.0,-14316.716865039954
BRENT,2016-07-26,293931.0,258904.86538461538,60739.24951580961,1.0219787,0.5766639346814417,320979.08682574076,,,-17108.0,-10374.218173261033
BRENT,2016-08-02,260337.0,261121.03846153847,60732.34067121058,0.71130246,-0.01290973561817834,304320.1017363696,,,-33594.0,-16658.985089371155
BRENT,2016-08-09,293791.0,263241.8653846154,60837.59368366123,0.65553474,0.502142388705111,303123.021801592,,,33454.0,-1197.0799347775755
BRENT,2016-08-16,357006.0,266390.26923076925,60011.93939418929,0.89105535,1.5099617123522706,319864.2286239008,,,63215.0,16741.20682230877
BRENT,2016-08-23,393331.0,270498.53846153844,59357.77319718878,1.1684349,2.06935764133886,339854.22977751365,,,36325.0,19990.00115361286
BRENT,2016-08-30,392887.0,275269.48076923075,59048.75062208925,1.3412458,1.9918714281275633,354468.367791725,,,-444.0,14614.13801421132
BRENT,2016-09-06,355230.0,280036.1346153846,58511.197072063864,1.4785542,1.285119244646537,366548.113649233,,,-37657.0,12079.745857508038
BRENT,2016-09-13,357267.0,283560.67307692306,58086.532430621766,1.4072566,1.268905610971207,365303.3293992861,,,2037.0,-1244.7842499468825
BRENT,2016-09-20,310099.0,287285.92307692306,57439.13022767814,1.2910365,0.39716960950923347,361441.93596089905,,,-47168.0,-3861.39343838708
BRENT,2016-09-27,295060.0,289787.78846153844,57445.0991290698,1.0068505,0.09177826513304048,347626.4141526494,,,-15039.0,-13815.521808249643
BRENT,2016-10-04,365686.0,292079.42307692306,57670.78261243561,0.9384974,1.276323531409908,346203.30400600546,,,70626.0,-1423.1101466439432
BRENT,2016-10-11,405442.0,295469.46153846156,57328.12253354696,1.1030183,1.9183000175382563,358703.42887141276,,,39756.0,12500.124865407299
BRENT,2016-10-18,397714.0,299284.1923076923,57378.00879703951,1.3120766,1.7154622433915185,374568.53320341423,,,-7728.0,15865.104332001472
BRENT,2016-10-25,379811.0,303294.21153846156,56975.61304231528,1.397434,1.3429743775588707,382913.87015816104,,,-17903.0,8345.336954746803
BRENT,2016-11-01,340842.0,307339.8653846154,55943.499019413495,1.1550599,0.5988566178843895,371957.95965082245,,,-38969.0,-10955.910507338587
BRENT,2016-11-08,260678.0,310281.73076923075,55596.11182819661,0.8461952,-0.8922158247777552,357326.8949015005,,,-80164.0,-14631.064749321959
BRENT,2016-11-15,240850.0,311405.48076923075,57841.36772881213,0.54769224,-1.2198100345764373,343084.748983903,,,-19828.0,-14242.145917597518
BRENT,2016-11-22,281677.0,312665.42307692306,60288.05728260172,0.35724822,-0.5140059984295743,334203.22403953504,,,40827.0,-8881.524944367935
BRENT,2016-11-29,303185.0,314338.9038461539,61450.50884036311,-0.029090524,-0.18151035779263638,312551.27636114025,,,21508.0,-21651.94767839479
BRENT,2016-12-06,428855.0,316561.4423076923,61833.97759805095,0.3283711,1.8160493963734148,336865.9340175347,,,125670.0,24314.65765639447
BRENT,2016-12-13,451463.0,320992.28846153844,61467.11429456992,0.771949,2.1226100010682867,368441.7654565113,,,22608.0,31575.831438976573
BRENT,2016-12-20,429256.0,326266.5576923077,60747.74857097602,1.0773345,1.6953622929311074,391712.2044345537,,,-22207.0,23270.438978042395
BRENT,2016-12-27,445888.0,331207.1538461539,59422.01532551151,1.3212659,1.9299386856138903,409719.43853815086,,,16632.0,18007.234103597177
BRENT,2017-01-03,447936.0,336562.4038461539,57875.70080240453,1.4364076,1.9243584891367562,419695.4983703635,,,2048.0,9976.059832212632
BRENT,2017-01-10,441151.0,341566.1153846154,56784.65890711721,1.3204012,1.7537286748217653,416544.64667649975,,,-6785.0,-3150.8516938637476
BRENT,2017-01-17,455842.0,346121.78846153844,55949.860749771164,1.4759907,1.9610453014203493,428703.25996697973,,,14691.0,12158.613290479989
BRENT,2017-01-24,442408.0,350740.9038461539,55343.20728969661,1.4933386,1.6563387024899083,433387.05070397136,,,-13434.0,4683.790736991621
BRENT,2017-01-31,472648.0,354363.75,55211.65981450877,1.5435631,2.142378084581995,439586.4322987265,,,30240.0,6199.381594755163
BRENT,2017-02-07,462187.0,357966.03846153844,55358.06578514096,1.6922679,1.8826698523566592,451646.7159049071,,,-10461.0,12060.283606180572
BRENT,2017-02-14,481062.0,361790.0,55285.68755896547,1.842078,2.1573757199417902,463630.5471365794,,,18875.0,11983.831231672317
BRENT,2017-02-21,510031.0,365707.48076923075,55392.73758025042,2.0413206,2.6054592268829477,478781.8149973554,,,28969.0,15151.267860775988
BRENT,2017-02-28,469268.0,369540.6923076923,55827.91500342687,2.2385976,1.7863340890697093,494516.93060340505,,,-40763.0,15735.115606049658
BRENT,2017-03-07,469527.0,372294.0961538461,55691.15571514336,1.9252292,1.7459307963277662,479512.3348606107,,,259.0,-15004.595742794336
BRENT,2017-03-14,405970.0,375245.4038461539,55647.65396327277,0.8567555,0.55212742974078,422921.8371670202,,,-63557.0,-56590.49769359053
BRENT,2017-03-21,397741.0,376689.03846153844,56074.99732324425,0.84208226,0.3754251010857398,423908.7990513372,,,-8229.0,986.9618843169883
BRENT,2017-03-28,367611.0,377719.5,56503.472925768496,0.790509,-0.17890050781975922,422386.00306087267,,,-30130.0,-1522.7959904645104
BRENT,2017-04-04,393869.0,378089.82692307694,57628.84311805487,1.2629778,0.2738068686299815,450873.7786405091,,,26258.0,28487.77557963645
BRENT,2017-04-11,421468.0,378917.67307692306,57946.16098432159,1.604623,0.7343079541471215,471899.41344147373,,,27599.0,21025.634800964617
BRENT,2017-04-18,415134.0,379482.98076923075,56779.45029247255,1.314163,0.6278859525256029,454100.43177723075,,,-6334.0,-17798.98166424298
BRENT,2017-04-25,346173.0,379617.82692307694,55083.59422103681,0.36700964,-0.607164935332127,399834.0369937235,,,-68961.0,-54266.394783507276
BRENT,2017-05-02,310155.0,378415.1923076923,54953.140427244936,-0.27857354,-1.2421527100542182,363106.70128905727,,,-36018.0,-36727.33570466621
BRENT,2017-05-09,267987.0,377051.78846153844,56943.77179267174,-0.99252576,-1.9153067144662572,320533.62829307694,,,-42168.0,-42573.07299598033
BRENT,2017-05-16,280775.0,375471.28846153844,61303.83515878219,-0.63404393,-1.5447041480564296,336601.96377317153,,,12788.0,16068.335480094596
BRENT,2017-05-23,327021.0,373492.1538461539,63655.56555967039,-0.195857,-0.7300407032373636,361024.7655302851,,,46246.0,24422.801757113542
BRENT,2017-05-30,334305.0,372709.8461538461,64349.39249349146,-0.74948424,-0.596817540394504,324480.990561487,,,7284.0,-36543.7749687981
BRENT,2017-06-06,298528.0,371958.96153846156,64572.72725736435,-1.2996291,-1.1371822851122795,288038.36663103,,,-35777.0,-36442.62393045699
BRENT,2017-06-13,277983.0,370421.23076923075,65624.00248425629,-1.6270162,-1.4086039752209172,263649.9164903747,,,-20545.0,-24388.450140655274
BRENT,2017-06-20,227852.0,368721.51923076925,67480.31550345752,-1.9523677,-2.0875646205825973,236975.13332690363,,,-50131.0,-26674.78316347109
BRENT,2017-06-27,206206.0,366269.6153846154,71367.89093149305,-1.8752584,-2.2427959309917465,232436.3751607,,,-21646.0,-4538.758166203625
BRENT,2017-07-04,237859.0,363793.0961538461,76019.11032137973,-1.2333615,-1.6566110234840281,270034.05354039767,,,31653.0,37597.67837969767
BRENT,2017-07-11,238644.0,362225.57692307694,78936.25559152842,-1.5133259,-1.565587016979558,242769.29454759049,,,785.0,-27264.758992807183
BRENT,2017-07-18,272207.0,360743.57692307694,81550.34438178659,-1.0028589,-1.0856677257987233,278960.0901225525,,,33563.0,36190.79557496199
BRENT,2017-07-25,300011.0,359996.8076923077,82958.17691045342,-0.6226509,-0.7230849317850544,308342.82240593253,,,27804.0,29382.732283380057
BRENT,2017-08-01,358555.0,360113.73076923075,83740.39644232969,-0.010646462,-0.01861384511481526,359222.19178375567,,,58544.0,50879.36937782314
BRENT,2017-08-08,417285.0,362002.53846153844,83743.49913950328,0.008787036,0.6601403345514595,362738.3955983926,,,58730.0,3516.203814636916
BRENT,2017-08-15,431112.0,364377.42307692306,83854.9386579428,-0.29855967,0.7958335906164996,339341.72062559647,,,13827.0,-23396.674972796114
BRENT,2017-08-22,431587.0,365802.53846153844,83584.9319320792,-0.013938665,0.7870373285931221,364637.47606369003,,,475.0,25295.75543809356
BRENT,2017-08-29,430824.0,366538.23076923075,82700.46208948818,0.23233137,0.777332648531119,385752.1420413018,,,-763.0,21114.66597761179
BRENT,2017-09-05,430174.0,367267.78846153844,81897.40297620262,0.6626221,0.76810996750093,421534.81712743314,,,-650.0,35782.67508613132
BRENT,2017-09-12,449136.0,368709.01923076925,81781.72983046042,0.9857511,0.9834345756192958,449325.4487522821,,,18962.0,27790.63162484893
BRENT,2017-09-19,486920.0,370475.73076923075,81896.26857396055,1.1980767,1.4218507296899416,468593.7440125417,,,37784.0,19268.29526025965
BRENT,2017-09-26,523701.0,373876.1346153846,82921.43805266838,1.6901424,1.8068290770530608,514025.17236602516,,,36781.0,45431.42835348344
BRENT,2017-10-03,524305.0,378273.07692307694,84645.8990264285,1.4666008,1.7252096646918285,502414.8180966428,,,604.0,-11610.35426938237
BRENT,2017-10-10,509398.0,381323.4423076923,86017.85388710636,1.2971694,1.4889299361083619,492903.1742618423,,,-14907.0,-9511.643834800518
BRENT,2017-10-17,514894.0,383322.5961538461,86428.58238624799,1.4591955,1.5223135705056843,509438.7941810006,,,5496.0,16535.619919158344
BRENT,2017-10-24,529218.0,385576.0576923077,87106.06212810666,1.4706583,1.6490464474956805,513679.3111422883,,,14324.0,4240.516961287707
BRENT,2017-10-31,546808.0,388449.26923076925,88322.3274153372,2.0790188,1.7929637431829237,572073.0511473529,,,17590.0,58393.74000506458
BRENT,2017-11-07,549681.0,392410.1538461539,90055.91176965192,2.3999956,1.7463689286286819,608543.9427326715,,,2873.0,36470.891585318604
BRENT,2017-11-14,547975.0,397967.9038461539,90869.96747005863,2.2880838,1.6507884874424874,605886.0035696807,,,-1706.0,-2657.939162990777
BRENT,2017-11-21,533314.0,403874.1538461539,90878.33132300449,1.6684391,1.4243202342017516,555499.119699091,,,-14661.0,-50386.88387058978
GASOIL,2015-01-06,14264.0,31967.076923076922,26228.38313354023,-0.5023378,-0.6749587587211447,18791.56829135016,,,,
GASOIL,2015-01-13,20131.0,31081.76923076923,25994.724715043194,-0.46667778,-0.4212689055495941,18950.608681154485,,,5867.0,159.04038980432597
GASOIL,2015-01-20,17237.0,30555.48076923077,25960.740173297272,-0.6188486,-0.5130239230594014,14489.712490903257,,,-2894.0,-4460.896190251227
GASOIL,2015-01-27,22974.0,29935.05769230769,25888.536175489986,-1.0249677,-0.2688857201164616,3400.14507739661,,,5737.0,-11089.567413506647
GASOIL,2015-02-03,32342.0,29365.73076923077,25815.259529768035,-1.3768759,0.11529108306415597,-6178.677345620581,,,9368.0,-9578.82242301719
GASOIL,2015-02-10,39047.0,29113.53846153846,25945.168552228926,-0.39280367,0.3828636348407212,18922.18106202661,,,6705.0,25100.858407647193
GASOIL,2015-02-17,44292.0,28852.23076923077,26105.63442001744,0.73366654,0.5914343617303638,48005.06122758173,,,5245.0,29082.88016555512
GASOIL,2015-02-24,48771.0,28468.30769230769,26144.57542712056,0.960386,0.7765546762955543,53577.19133907894,,,4479.0,5572.130111497208
GASOIL,2015-03-03,54360.0,27910.326923076922,25898.08017116886,1.1668541,1.0212986021399486,58129.60907024711,,,5589.0,4552.417731168171
GASOIL,2015-03-10,50981.0,27542.03846153846,25985.417902444045,0.84130174,0.9020044097985047,49403.61573711534,,,-3379.0,-8725.993333131773
GASOIL,2015-03-17,37095.0,27566.55769230769,26506.9007581821,0.32721138,0.35947025246816483,36239.917269044934,,,-13886.0,-13163.698468070404
GASOIL,2015-03-24,29432.0,27631.326923076922,26786.20346540869,0.49917054,0.06722390051462279,41002.21061868711,,,-7663.0,4762.293349642176
GASOIL,2015-03-31,32515.0,27494.0,26916.250695934974,0.5018232,0.18654158250793437,41001.19870294409,,,3083.0,-1.0119157430162886
GASOIL,2015-04-07,35075.0,27486.44230769231,27100.42982852738,0.6262196,0.28001613776323075,44457.26183898408,,,2560.0,3456.0631360399857
GASOIL,2015-04-14,41553.0,27535.75,27320.362168161537,0.6749091,0.5130696992126755,45974.511447957826,,,6478.0,1517.249608973747
GASOIL,2015-04-21,49979.0,27343.21153846154,27524.93255695909,1.0710081,0.8223739845573386,56822.636879199024,,,8426.0,10848.125431241198
GASOIL,2015-04-28,55373.0,26977.69230769231,27628.607390219295,1.2295383,1.0277502333454496,60948.123863508445,,,5394.0,4125.48698430942
GASOIL,2015-05-05,69750.0,26632.69230769231,27830.998632868886,1.4531509,1.5492547810118968,67075.33213992558,,,14377.0,6127.2082764171355
GASOIL,2015-05-12,77552.0,26838.28846153846,28864.680373467774,1.4165077,1.7569469289906723,67725.33107323057,,,7802.0,649.9989333049889
GASOIL,2015-05-19,80086.0,27144.69230769231,30132.787737897175,1.4792064,1.75693361506426,71717.30607010743,,,2534.0,3991.974996876859
GASOIL,2015-05-26,76590.0,27358.76923076923,31333.076409306286,1.4287966,1.5712223761918418,72127.36380659488,,,-3496.0,410.057736487448
GASOIL,2015-06-02,76080.0,27397.01923076923,32261.56354237444,1.3847035,1.5090087219513515,72069.71973052828,,,-510.0,-57.644076066600974
GASOIL,2015-06-09,60194.0,28007.365384615383,33378.919897563734,1.3248084,0.9642802916979306,72228.03748417652,,,-15886.0,158.3177536482399
GASOIL,2015-06-16,53146.0,28543.615384615383,33869.691079570555,1.2662369,0.7263834960167154,71430.66806463222,,,-7048.0,-797.3694195442949
GASOIL,2015-06-23,53799.0,28389.076923076922,34194.70975573672,1.0548313,0.7430951529764088,64458.72591901049,,,653.0,-6971.9421456217315
GASOIL,2015-06-30,47969.0,27959.346153846152,34382.44509311644,0.9240786,0.5819729746375686,59731.427320232615,,,-5830.0,-4727.298598777874
GASOIL,2015-07-07,27219.0,27443.096153846152,34498.33774866692,0.6878127,-0.006495853669205031,51171.49050213596,,,-20750.0,-8559.936818096656
GASOIL,2015-07-14,16913.0,26930.28846153846,34529.70616903243,0.3211547,-0.2901063916530616,38019.66635800547,,,-10306.0,-13151.824144130493
GASOIL,2015-07-21,-4433.0,26599.75,34446.115933709625,0.032761335,-0.9009070880363251,27728.25075639891,,,-21346.0,-10291.415601606557
GASOIL,2015-07-28,-6119.0,26117.51923076923,34308.773789963685,-0.28868073,-0.9395998652740936,16213.237290475578,,,-1686.0,-11515.013465923332
GASOIL,2015-08-04,-2172.0,25552.384615384617,34238.69644936218,-0.52500975,-0.809738322146347,7576.7351069879405,,,3947.0,-8636.502183487637
GASOIL,2015-08-11,-3835.0,25045.69230769231,34141.39316121558,-0.6819565,-0.8459142885973558,1762.746311169587,,,-1663.0,-5813.9887958183535
GASOIL,2015-08-18,-2182.0,24591.096153846152,33998.190668740914,-0.64913213,-0.7874859110800341,2521.778142877596,,,1653.0,759.0318317080091
GASOIL,2015-08-25,-1751.0,24332.51923076923,33687.70457088933,-0.782779,-0.7742741621318086,-2037.5077361133008,,,431.0,-4559.285878990897
GASOIL,2015-09-01,20943.0,24152.25,33310.39142454472,-0.5056956,-0.09634380932657753,7307.33224069887,,,22694.0,9344.83997681217
GASOIL,2015-09-08,33713.0,24458.23076923077,32806.265959646335,-0.1587306,0.2821037067172823,19250.872610950464,,,12770.0,11943.540370251594
GASOIL,2015-09-15,23720.0,24949.25,32452.29639343693,-0.04912108,-0.03787867536697959,23355.158093316717,,,-9993.0,4104.285482366253
GASOIL,2015-09-22,17355.0,25437.403846153848,31779.778875921267,-0.015634775,-0.25432536449388826,24940.534148738905,,,-6365.0,1585.376055422188
GASOIL,2015-09-29,15644.0,25891.76923076923,30957.267117437717,-0.06622821,-0.33102951859070373,23841.52481442131,,,-1711.0,-1099.009334317594
GASOIL,2015-10-06,15891.0,26487.576923076922,29809.515198216035,-0.082536906,-0.35547632534832635,24027.191769138386,,,247.0,185.666954717075
GASOIL,2015-10-13,3019.0,27093.423076923078,28637.489630088177,-0.11564411,-0.8406610840507863,23781.66601217439,,,-12872.0,-245.52575696399435
GASOIL,2015-10-20,-11645.0,27404.21153846154,27698.24042843323,-0.53705007,-1.4098083825706176,12528.869622408767,,,-14664.0,-11252.796389765625
GASOIL,2015-10-27,-24151.0,27319.865384615383,27317.28887245669,-0.87856853,-1.8841864441574256,3319.7550540965385,,,-12506.0,-9209.114568312229
GASOIL,2015-11-03,-10784.0,27018.0,27318.78179437736,-1.0317467,-1.3837366645602132,-1168.064196707095,,,13367.0,-4487.819250803634
GASOIL,2015-11-10,-13623.0,26972.19230769231,26949.89847209061,-1.1729872,-1.5063207881741303,-4639.694252364392,,,-2839.0,-3471.630055657297
GASOIL,2015-11-17,-24075.0,26737.03846153846,26900.689167942837,-1.4484358,-1.8888749706119214,-12226.88232706031,,,-10452.0,-7587.188074695918
GASOIL,2015-11-24,-21262.0,26264.69230769231,27248.387918648583,-1.5347916,-1.7442019854380235,-15555.904277753052,,,2813.0,-3329.0219506927424
GASOIL,2015-12-01,-46965.0,25841.51923076923,27524.86512413281,-1.6759214,-2.6451181105674193,-20287.992367300376,,,-25703.0,-4732.088089547324
GASOIL,2015-12-08,-44160.0,24722.96153846154,29000.1093392973,-2.1061027,-2.3752655802962783,-36354.24718638137,,,2805.0,-16066.254819080994
GASOIL,2015-12-15,-45004.0,23544.21153846154,30294.279863352614,-2.3551693,-2.2627443810402372,-47803.94624815495,,,-844.0,-11449.69906177358
GASOIL,2015-12-22,-39808.0,22379.51923076923,31488.696059255355,-2.4032989,-1.9749156685861144,-53297.22794846237,,,5196.0,-5493.281700307423
GASOIL,2015-12-29,-41304.0,21337.51923076923,32392.20068405012,-2.2367182,-1.9338457377986622,-51114.70485804259,,,-1496.0,2182.5230904197815
GASOIL,2016-01-05,-45260.0,20225.596153846152,33285.47269648924,-2.208169,-1.9673927046483914,-53274.35225432852,,,-3956.0,-2159.647396285931
GASOIL,2016-01-12,-36016.0,19080.903846153848,34214.70274989864,-2.406223,-1.6103282921643112,-63247.30285723778,,,9244.0,-9972.950602909259
GASOIL,2016-01-19,-33948.0,18001.153846153848,34819.45887438974,-2.329873,-1.4919575296548697,-63123.76622031629,,,2068.0,123.53663692148984
GASOIL,2016-01-26,-17610.0,17016.826923076922,35316.81487986577,-1.9302046,-0.9804629053006075,-51151.85267129309,,,16338.0,11971.9135490232
GASOIL,2016-02-02,-15979.0,16236.365384615385,35482.58136219812,-1.4611828,-0.9079205668766953,-35610.173362344474,,,1631.0,15541.679308948616
GASOIL,2016-02-09,-8860.0,15307.115384615385,35562.87392005175,-1.2573252,-0.6795602469852418,-29406.981198817914,,,7119.0,6203.192163526561
GASOIL,2016-02-16,-1274.0,14385.826923076924,35490.11467109446,-0.92637223,-0.4412447541577357,-18491.2297496197,,,7586.0,10915.751449198215
GASOIL,2016-02-23,2168.0,13509.557692307691,35293.3505393735,-0.7355299,-0.3213511190912569,-12449.756886365354,,,3442.0,6041.472863254345
GASOIL,2016-03-01,5556.0,12613.346153846154,34998.41720609479,-0.359188,-0.2016475805830772,42.33500946262393,,,3388.0,12492.091895827978
GASOIL,2016-03-08,10913.0,11674.807692307691,34578.00674502838,0.07197562,-0.02203156757777034,14163.581117765312,,,5357.0,14121.246108302688
GASOIL,2016-03-15,13748.0,10904.26923076923,34250.61860703347,-0.18628779,0.08302713600176553,4523.797165943597,,,2835.0,-9639.783951821715
GASOIL,2016-03-22,18784.0,10455.288461538461,34181.657048431756,0.076813094,0.24366026277370476,13080.887308342208,,,5036.0,8557.09014239861
GASOIL,2016-03-29,12716.0,10250.51923076923,34251.02883287263,-0.38922328,0.07198267769593272,-3080.7784716655133,,,-6068.0,-16161.665780007721
GASOIL,2016-04-05,-1772.0,9869.76923076923,34229.76666543147,-0.63806236,-0.3401065904000513,-11970.956398229286,,,-14488.0,-8890.177926563772
GASOIL,2016-04-12,11895.0,9161.173076923076,34107.03473181253,0.056369007,0.08015434189964957,11083.75274397845,,,13667.0,23054.709142207736
GASOIL,2016-04-19,28439.0,8590.826923076924,33966.84617725645,0.14730154,0.5843395931828678,13594.195666413369,,,16544.0,2510.4429224349187
GASOIL,2016-04-26,37890.0,8176.596153846154,33910.956193756916,0.55076385,0.8762184019931631,26853.52478979344,,,9451.0,13259.32912338007
GASOIL,2016-05-03,37906.0,7840.384615384615,33943.56778036374,0.62042236,0.885752952640655,28899.733155875176,,,16.0,2046.208366081737
GASOIL,2016-05-10,33655.0,7228.0,33584.0622935015,0.66780335,0.7868911083193654,29655.549209176173,,,-4251.0,755.8160533009977
GASOIL,2016-05-17,44831.0,6383.826923076923,32860.531077712374,1.2801089,1.1700107032962666,48448.886156836954,,,11176.0,18793.33694766078
GASOIL,2016-05-24,56565.0,5705.846153846154,32366.370452887382,1.2117206,1.5713579599598488,44924.84351998501,,,11734.0,-3524.0426368519475
GASOIL,2016-05-31,56952.0,5320.75,32446.833629752917,1.3605981,1.5912569648292418,49467.84977593327,,,387.0,4543.006255948261
GASOIL,2016-06-07,63418.0,4952.903846153846,32599.731950223148,1.3007259,1.793422603692481,47356.22072945925,,,6466.0,-2111.629046474016
GASOIL,2016-06-14,59612.0,5014.903846153846,33540.13983278844,1.2698951,1.6278136115721464,47607.36229337577,,,-3806.0,251.14156391652068
GASOIL,2016-06-21,59119.0,5139.25,34454.15989921958,1.2773117,1.5667121229452092,49147.9509569253,,,-493.0,1540.5886635495262
GASOIL,2016-06-28,58332.0,5241.557692307692,35290.01542488523,1.1616607,1.5044040550420068,46236.5806986427,,,-787.0,-2911.370258282601
GASOIL,2016-07-05,45446.0,5440.846153846154,36165.503374538726,1.1580226,1.1061688657240787,47321.317925794174,,,-12886.0,1084.737227151476
GASOIL,2016-07-12,50813.0,5791.365384615385,36839.26060214854,1.1431454,1.2221101585507625,47903.99822894219,,,5367.0,582.6803031480158
GASOIL,2016-07-19,38250.0,6443.288461538462,37645.643204936896,1.0508024,0.8448975453895384,46001.41881021352,,,-12563.0,-1902.5794187286665
GASOIL,2016-07-26,28208.0,7264.115384615385,37967.92994118212,0.8167133,0.5516203977364518,38273.02773585513,,,-10042.0,-7728.391074358391
GASOIL,2016-08-02,-2962.0,7924.25,38050.89770315135,0.54881614,-0.2860970609662754,28807.196970928926,,,-31170.0,-9465.830764926206
GASOIL,2016-08-09,-6650.0,7909.057692307692,37958.87136709994,0.571039,-0.3835482238527895,29585.054436617105,,,-3688.0,777.8574656881792
GASOIL,2016-08-16,13101.0,7854.923076923077,37860.77448732596,0.6706431,0.13856232457244286,33245.98991439693,,,19751.0,3660.9354777798253
GASOIL,2016-08-23,43649.0,8148.826923076923,37805.718161451376,0.60048383,0.9390159691006968,30850.549539897216,,,30548.0,-2395.4403744997144
GASOIL,2016-08-30,52069.0,9021.903846153846,38145.83344940362,0.60431546,1.1284874981416657,32074.020723847105,,,8420.0,1223.4711839498887
GASOIL,2016-09-06,26462.0,9620.48076923077,38731.13606223794,0.60351,0.434831532018741,32995.10955256531,,,-25607.0,921.0888287182024
GASOIL,2016-09-13,26312.0,9481.038461538461,38805.312873124334,0.5729185,0.4337282782254869,31713.319122064917,,,-150.0,-1281.7904305003904
GASOIL,2016-09-20,14118.0,9530.884615384615,38919.651920382465,0.49681708,0.11786116160543265,28866.832521411532,,,-12194.0,-2846.486600653385
GASOIL,2016-09-27,9412.0,9468.634615384615,38936.05992396924,0.31874833,-0.0014545543512930203,21879.43850251223,,,-4706.0,-6987.394018899304
GASOIL,2016-10-04,38736.0,9348.788461538461,38929.42580727087,0.5478342,0.7548842791555603,30675.659988272033,,,29324.0,8796.221485759805
GASOIL,2016-10-11,64702.0,9788.115384615385,39182.685884265666,0.6711539,1.401483419936662,36085.72794615745,,,25966.0,5410.067957885418
GASOIL,2016-10-18,73391.0,10974.326923076924,39850.33496991404,0.80903435,1.566277250217496,43214.61667447983,,,8689.0,7128.888728322381
GASOIL,2016-10-25,71770.0,12609.634615384615,40423.01597043456,1.035209,1.4635317025301957,54455.90215019454,,,-1621.0,11241.285475714707
GASOIL,2016-11-01,58036.0,14454.26923076923,40523.67965220901,0.93550825,1.0754633128893334,52364.50591399858,,,-13734.0,-2091.3962361959566
GASOIL,2016-11-08,31361.0,15777.73076923077,40495.814377573704,0.84193283,0.3848118495772031,49872.48650066939,,,-26675.0,-2492.0194133291952
GASOIL,2016-11-15,3833.0,16642.80769230769,40037.44325010699,0.6462544,-0.3199456971387268,42517.18236941726,,,-27528.0,-7355.304131252124
GASOIL,2016-11-22,15924.0,17179.5,39361.44712348584,0.56375074,-0.03189669312871577,39369.545095506066,,,12091.0,-3147.6372739111976
GASOIL,2016-11-29,27086.0,17894.615384615383,38670.06206271115,0.2858533,0.23768735101792623,28948.580101809617,,,11162.0,-10420.964993696449
GASOIL,2016-12-06,56316.0,19318.673076923078,37061.21529475088,0.57155013,0.9982761393233911,40501.01552787991,,,29230.0,11552.43542607029
GASOIL,2016-12-13,62628.0,21250.903846153848,35663.93672465505,0.84610754,1.1601943014115297,51426.42970465509,,,6312.0,10925.414176775186
GASOIL,2016-12-20,71859.0,23320.75,34169.288905477,0.9371235,1.420522684398615,55341.592841400256,,,9231.0,3915.163136745163
GASOIL,2016-12-27,78001.0,25468.19230769231,32889.80891618195,1.1346056,1.597236634186138,62785.155204241746,,,6142.0,7443.5623628414905
GASOIL,2017-01-03,83289.0,27762.51923076923,31478.72889076627,1.2506624,1.7639365605235249,67131.78330295943,,,5288.0,4346.628098717687
GASOIL,2017-01-10,79096.0,30234.615384615383,29755.243120257313,1.1754485,1.6421100784795766,65210.372374618186,,,-4193.0,-1921.4109283412472
GASOIL,2017-01-17,85035.0,32448.30769230769,28183.920070224645,1.3551844,1.865840244247938,70642.71751255935,,,5939.0,5432.345137941164
GASOIL,2017-01-24,82742.0,34736.442307692305,26614.846888533524,1.4340172,1.8037134646448005,72902.59002608614,,,-2293.0,2259.8725135267887
GASOIL,2017-01-31,89997.0,36666.28846153846,25597.582474257433,1.6220478,2.083427667128109,78186.79033704338,,,7255.0,5284.20031095724
GASOIL,2017-02-07,100719.0,38704.28846153846,24655.418182916703,1.7192364,2.5152569337246296,81092.78021535801,,,10722.0,2905.9898783146346
GASOIL,2017-02-14,112271.0,40811.57692307692,24128.249916599274,2.039408,2.961649656478477,90018.9220694585,,,11552.0,8926.141854100482
GASOIL,2017-02-21,117518.0,42995.13461538462,24088.66780213026,2.3701773,3.093689779640907,100089.54748005077,,,5247.0,10070.62541059227
GASOIL,2017-02-28,109354.0,45213.403846153844,24189.531002381224,2.4776976,2.6515849417474087,105147.74701845924,,,-8164.0,5058.199538408473
GASOIL,2017-03-07,98812.0,47209.519230769234,24030.29501823686,2.4831402,2.147392727807506,106880.11153361917,,,-10542.0,1732.364515159934
GASOIL,2017-03-14,71128.0,48899.88461538462,23741.203781730972,1.6240132,0.9362674104048624,87455.91259658427,,,-27684.0,-19424.198937034904
GASOIL,2017-03-21,57262.0,50003.346153846156,23437.94543853818,1.4799562,0.3096966782002444,84690.47765026268,,,-13866.0,-2765.4349463215913
GASOIL,2017-03-28,50724.0,50743.307692307695,23480.541901034456,1.2854481,-0.0008222847832504449,80926.32506347138,,,-6538.0,-3764.1525867913006
GASOIL,2017-04-04,65549.0,51474.230769230766,23575.610042902987,1.4789995,0.5970055156645327,86342.54612893722,,,14825.0,5416.221065465841
GASOIL,2017-04-11,98368.0,52768.86538461538,22935.0686947335,1.6806493,1.988183912693289,91314.6720857404,,,32819.0,4972.125956803182
GASOIL,2017-04-18,118199.0,54431.807692307695,22586.47914351565,1.9294769,2.8232462395981366,98011.89648502105,,,19831.0,6697.224399280647
GASOIL,2017-04-25,103916.0,56157.96153846154,22831.07365699474,1.594972,2.0917999380597183,92572.88508069387,,,-14283.0,-5439.011404327175
GASOIL,2017-05-02,60913.0,57427.692307692305,22878.148981180733,1.3446686,0.15234220631986722,88191.22148160561,,,-43003.0,-4381.663599088264
GASOIL,2017-05-09,26571.0,57870.13461538462,23299.71570650018,0.63829714,-1.3433268890337897,72742.27652759691,,,-34342.0,-15448.944954008693
GASOIL,2017-05-16,21333.0,57733.903846153844,25004.766248015752,0.8098792,-1.4557586135820177,77984.74352543714,,,-5238.0,5242.4669978402235
GASOIL,2017-05-23,55323.0,57282.019230769234,26774.431075577217,1.1421283,-0.07316753903152733,87861.8559731432,,,33990.0,9877.112447706066
GASOIL,2017-05-30,66367.0,57258.13461538462,27038.899616556075,0.45403975,0.336880032611903,69534.86990470836,,,11044.0,-18326.98606843484
GASOIL,2017-06-06,29995.0,57439.192307692305,27041.70929575054,-0.4852227,-1.0148837859153013,44317.94118474161,,,-36372.0,-25216.928719966752
GASOIL,2017-06-13,4890.0,56796.442307692305,27864.428216938908,-0.89058393,-1.8628210097682232,31980.830252180305,,,-25105.0,-12337.110932561307
GASOIL,2017-06-20,9012.0,55744.096153846156,29706.750684147384,-1.305791,-1.5731136888957742,16953.28786542185,,,4122.0,-15027.542386758454
GASOIL,2017-06-27,6142.0,54780.5,31086.33260775368,-1.1839788,-1.5646265068870937,17974.941346853084,,,-2870.0,1021.6534814312326
GASOIL,2017-07-04,31125.0,53776.846153846156,32388.346528978574,-0.22179116,-0.699382604591409,46593.397106722725,,,24983.0,28618.45575986964
GASOIL,2017-07-11,53942.0,53501.442307692305,32887.3509415314,-0.44864213,0.013395961659877631,38746.79097775921,,,22817.0,-7846.606128963518
GASOIL,2017-07-18,70990.0,53561.61538461538,32851.52667303971,0.20940366,0.5305197773255264,60440.84543379358,,,17048.0,21694.05445603437
GASOIL,2017-07-25,94029.0,54191.230769230766,32822.36893636891,0.96768755,1.2137383900595575,85953.02845878484,,,23039.0,25512.183024991267
GASOIL,2017-08-01,129617.0,55457.019230769234,32919.87360845053,1.8338523,2.2527419652727314,115827.20487058494,,,35588.0,29874.1764118001
GASOIL,2017-08-08,137373.0,58006.61538461538,33354.77049724268,1.9392678,2.379461271422796,122690.44627049216,,,7756.0,6863.241399907216
GASOIL,2017-08-15,134813.0,60776.28846153846,33776.15433327637,1.479248,2.1919816805645143,110739.5987899861,,,-2560.0,-11950.847480506054
GASOIL,2017-08-22,125382.0,63116.903846153844,34302.05192293697,1.2442886,1.815200335354019,105798.55476627976,,,-9431.0,-4941.044023706345
GASOIL,2017-08-29,128473.0,64688.692307692305,34630.10414709415,1.7079457,1.8418745557731713,123835.02993072919,,,3091.0,18036.475164449424
GASOIL,2017-09-05,156766.0,66158.0,34925.826406320266,2.5228865,2.5942979543528666,154271.89645399063,,,28293.0,30436.866523261444
GASOIL,2017-09-12,169119.0,68663.84615384616,35936.83299701793,2.7647812,2.795325727631305,168021.32772857416,,,12353.0,13749.431274583534
GASOIL,2017-09-19,171381.0,71410.13461538461,37192.259121855175,2.8091018,2.687948184515358,175886.9774042045,,,2262.0,7865.649675630324
GASOIL,2017-09-26,176230.0,74434.42307692308,38191.70918843183,3.0559597,2.6653841654698853,191146.74728963256,,,4849.0,15259.769885428075
GASOIL,2017-10-03,180796.0,77642.46153846153,39067.294594026615,2.4201431,2.64040649687861,172190.90605792386,,,4566.0,-18955.841231708706
GASOIL,2017-10-10,165188.0,80374.38461538461,40172.08573355323,1.9842083,2.111257452429857,160084.1723805558,,,-15608.0,-12106.733677368058
GASOIL,2017-10-17,162877.0,82306.80769230769,40651.40328390263,1.9541776,1.9819781311115756,161746.87013108865,,,-2311.0,1662.6977505328541
GASOIL,2017-10-24,155188.0,84027.69230769231,40954.788116896634,1.63923,1.7375332888842177,151162.01016061057,,,-7689.0,-10584.859970478079
GASOIL,2017-10-31,163003.0,85631.88461538461,41120.132297173994,2.23504,1.8815872192593301,177537.02302488542,,,7815.0,26375.012864274846
GASOIL,2017-11-07,160953.0,87650.48076923077,41484.705126355824,2.4679513,1.7669769860362126,190032.71262301196,,,-2050.0,12495.68959812654
GASOIL,2017-11-14,160245.0,90142.63461538461,41651.55754046065,2.2422595,1.683067081381468,183536.2353006964,,,-708.0,-6496.477322315564
GASOIL,2017-11-21,155082.0,93150.55769230769,41236.84116927307,1.8802055,1.5018473906250478,170684.2937581739,,,-5163.0,-12851.941542522487
HEATOIL,2015-01-06,-22682.0,4831.0,22908.32191489563,-1.1580422,-1.2010046000842287,-21697.80333588473,,,,
HEATOIL,2015-01-13,-27219.0,4081.3653846153848,22955.134823117,-1.1835358,-1.3635452645259267,-23086.85880029074,,,-4537.0,-1389.0554644060103
HEATOIL,2015-01-20,-28223.0,3489.076923076923,23121.41555773672,-1.1972672,-1.37154564969815,-24193.43495727924,,,-1004.0,-1106.5761569884999
HEATOIL,2015-01-27,-29037.0,2812.7884615384614,23274.189779409917,-1.5829395,-1.3684596011035004,-34028.846000587975,,,-814.0,-9835.411043308733
HEATOIL,2015-02-03,-28427.0,1842.9615384615386,23250.017216741486,-1.5792886,-1.3019328655234392,-34875.525645342896,,,610.0,-846.6796447549204
HEATOIL,2015-02-10,-32431.0,773.3076923076923,23051.499245155093,-0.9249635,-1.440440265475856,-20548.487136708114,,,-4004.0,14327.038508634781
HEATOIL,2015-02-17,-20214.0,-412.38461538461536,22798.328211733817,-0.33658814,-0.8685555888446203,-8086.031601368429,,,12217.0,12462.455535339686
HEATOIL,2015-02-24,-14897.0,-1476.576923076923,22189.4734051015,-0.36597013,-0.6048103455144472,-9597.261494843002,,,5317.0,-1511.2298934745731
HEATOIL,2015-03-03,-11307.0,-2641.769230769231,21105.892084379273,0.027408838,-0.4105597969793474,-2063.2812480401954,,,3590.0,7533.9802468028065
HEATOIL,2015-03-10,-12703.0,-3672.230769230769,20137.38210733294,-0.49731478,-0.44845795658218723,-13686.848540856501,,,-1396.0,-11623.567292816306
HEATOIL,2015-03-17,-19929.0,-4555.884615384615,19495.071672927083,-0.9588636,-0.7885641890695954,-23248.999533665556,,,-7226.0,-9562.150992809055
HEATOIL,2015-03-24,-25448.0,-5378.9807692307695,19130.8693451408,-0.71841043,-1.0490385391642811,-19122.79688648883,,,-5519.0,4126.202647176724
HEATOIL,2015-03-31,-25489.0,-6324.307692307692,18731.181134853432,-0.724667,-1.0231438247122726,-19898.176769485268,,,-41.0,-775.3798829964362
HEATOIL,2015-04-07,-32072.0,-7239.307692307692,18363.425301181785,-0.5094614,-1.3522908662412885,-16594.764108169795,,,-6583.0,3303.412661315473
HEATOIL,2015-04-14,-23251.0,-8155.173076923077,18159.868678054347,-0.60231125,-0.831274013634238,-19093.06634466303,,,8821.0,-2498.3022364932367
HEATOIL,2015-04-21,-20407.0,-8996.73076923077,17830.439785887287,-0.24458897,-0.6399320133315167,-13357.859691399011,,,2844.0,5735.20665326402
HEATOIL,2015-04-28,-13690.0,-10025.865384615385,17102.486495380042,-0.106364615,-0.21424572481752413,-11844.964780712418,,,6717.0,1512.894910686593
HEATOIL,2015-05-05,-8944.0,-10976.653846153846,16375.358121042094,0.18280919,0.1241288178938765,-7983.087909084123,,,4746.0,3861.8768716282957
HEATOIL,2015-05-12,-8719.0,-11625.673076923076,16226.587713669807,0.08590338,0.17913027237848658,-10231.754405827625,,,225.0,-2248.6664967435026
HEATOIL,2015-05-19,-4772.0,-12279.865384615385,16106.508054667527,-0.017256983,0.46613861670901846,-12557.815114256648,,,3947.0,-2326.0607084290223
HEATOIL,2015-05-26,-3972.0,-12920.576923076924,16040.431788306163,-0.016794741,0.5578763116339946,-13189.97182295538,,,800.0,-632.1567086987325
HEATOIL,2015-06-02,-5340.0,-13527.403846153846,16083.306858930328,0.12523414,0.5090622169910135,-11513.22471202408,,,-1368.0,1676.7471109312992
HEATOIL,2015-06-09,-6251.0,-14013.173076923076,16343.883640031592,0.14124659,0.4749283125040697,-11704.655293821754,,,-911.0,-191.43058179767286
HEATOIL,2015-06-16,-3343.0,-14443.173076923076,16677.922335213985,0.30823368,0.6655609046389445,-9302.475728456018,,,2908.0,2402.1795653657355
HEATOIL,2015-06-23,-1243.0,-15027.173076923076,16876.178810779034,0.42642856,0.8167828293048748,-7830.688508381104,,,2100.0,1471.7872200749143
HEATOIL,2015-06-30,-4575.0,-15816.557692307691,16749.991780543885,0.4608088,0.671138102011813,-8098.013852575686,,,-3332.0,-267.3253441945817
HEATOIL,2015-07-07,-15931.0,-16651.0,16608.207096782517,0.3324548,0.043352060568866854,-11129.521821219769,,,-11356.0,-3031.507968644083
HEATOIL,2015-07-14,-17387.0,-17411.98076923077,16645.267076393575,0.12659448,0.0015007731096245008,-15304.781775109603,,,-1456.0,-4175.259953889834
HEATOIL,2015-07-21,-18985.0,-17935.94230769231,16870.223393782813,-0.013626635,-0.06218398344946048,-18165.82668550663,,,-1598.0,-2861.044910397026
HEATOIL,2015-07-28,-18568.0,-18297.365384615383,17071.80684665037,-0.06019032,-0.015852722433871598,-19324.922901948747,,,417.0,-1159.096216442118
HEATOIL,2015-08-04,-25298.0,-18513.71153846154,17220.131031548524,-0.07416916,-0.39397426472012054,-19790.914173831403,,,-6730.0,-465.9912718826563
HEATOIL,2015-08-11,-28498.0,-18674.615384615383,17085.195269806976,-0.16854388,-0.5749647259077302,-21554.220404235286,,,-3200.0,-1763.306230403883
HEATOIL,2015-08-18,-27513.0,-19004.653846153848,17021.898048430718,-0.20538598,-0.49984708694871743,-22500.713109190863,,,985.0,-946.4927049555772
HEATOIL,2015-08-25,-28859.0,-19434.55769230769,17047.729272932964,-0.43985608,-0.5528268402675595,-26933.105100723355,,,-1346.0,-4432.391991532491
HEATOIL,2015-09-01,-27015.0,-19777.96153846154,17001.560725853575,-0.05161035,-0.42566906522489983,-20655.418048420084,,,1844.0,6277.68705230327
HEATOIL,2015-09-08,-23707.0,-19995.634615384617,16905.3404839457,-0.0022442043,-0.219538044095587,-20033.573652900213,,,3308.0,621.8443955198709
HEATOIL,2015-09-15,-25845.0,-20103.153846153848,16807.861007492353,-0.14561139,-0.34161670847269854,-22550.56985830582,,,-2138.0,-2516.996205405605
HEATOIL,2015-09-22,-25892.0,-20228.96153846154,16657.399052153985,-0.17105074,-0.3399713510979475,-23078.222010596124,,,-47.0,-527.6521522903058
HEATOIL,2015-09-29,-29826.0,-20265.80769230769,16387.648296354728,-0.22888458,-0.5833779279860967,-24016.687652953355,,,-3934.0,-938.4656423572305
HEATOIL,2015-10-06,-23136.0,-20310.96153846154,15972.397342967499,-0.25334185,-0.17687003402668916,-24357.438288062076,,,6690.0,-340.7506351087213
HEATOIL,2015-10-13,-27358.0,-20226.615384615383,15610.213769730746,-0.20564662,-0.4568409325189929,-23436.803071360828,,,-4222.0,920.6352167012483
HEATOIL,2015-10-20,-30232.0,-20188.576923076922,15127.695656568296,-0.40073788,-0.6639096465800675,-26250.817634894265,,,-2874.0,-2814.0145635334375
HEATOIL,2015-10-27,-34915.0,-20259.403846153848,14715.437275765187,-0.5547648,-0.9959334458910313,-28423.010569664613,,,-4683.0,-2172.192934770348
HEATOIL,2015-11-03,-30614.0,-20353.423076923078,14165.336685438597,-0.53479075,-0.7243440202606964,-27928.914168100586,,,4301.0,494.0964015640275
HEATOIL,2015-11-10,-28428.0,-20472.80769230769,13796.051028019669,-0.6361207,-0.5766282171278851,-29248.7610120998,,,2186.0,-1319.846843999214
HEATOIL,2015-11-17,-37045.0,-20585.634615384617,13476.882591938605,-0.79059434,-1.2213036117462945,-31240.38170493518,,,-8617.0,-1991.6206928353786
HEATOIL,2015-11-24,-44557.0,-20964.30769230769,13304.492496825571,-0.8885656,-1.773287655528498,-32786.2220493589,,,-7512.0,-1545.8403444237192
HEATOIL,2015-12-01,-40883.0,-21408.46153846154,13127.237856044534,-1.1951487,-1.4835214136514838,-37097.462881192914,,,3674.0,-4311.240831834017
HEATOIL,2015-12-08,-39105.0,-21839.19230769231,12981.923185862326,-1.3985324,-1.329988434310768,-39994.83237533028,,,1778.0,-2897.3694941373687
HEATOIL,2015-12-15,-40381.0,-22197.115384615383,12778.32271648991,-1.5030608,-1.4230259337494306,-41403.71157593367,,,-1276.0,-1408.8792006033837
HEATOIL,2015-12-22,-37958.0,-22560.884615384617,12573.09238736417,-1.6153026,-1.2246084662584145,-42870.2329699291,,,2423.0,-1466.5213939954338
HEATOIL,2015-12-29,-34729.0,-22866.73076923077,12338.467706649399,-1.4173654,-0.9614053797277001,-40354.848377838374,,,3229.0,2515.384592090726
HEATOIL,2016-01-05,-30582.0,-23024.03846153846,11957.885994321567,-1.2651031,-0.632048302020155,-38151.997123092544,,,4147.0,2202.8512547458304
HEATOIL,2016-01-12,-21981.0,-23175.96153846154,11704.385977144411,-1.268939,0.10209519241718316,-38028.11358951252,,,8601.0,123.88353358002496
HEATOIL,2016-01-19,-24145.0,-23075.23076923077,11373.877405563044,-1.0903021,-0.09405492890630233,-35476.19330019372,,,-2164.0,2551.9202893187976
HEATOIL,2016-01-26,-20952.0,-22996.80769230769,10954.238426124495,-0.6808964,0.18666817470679473,-30455.509216791896,,,3193.0,5020.684083401826
HEATOIL,2016-02-02,-23343.0,-22841.326923076922,10535.64441123505,-0.3051262,-0.04761674344173021,-26056.02796342672,,,-2391.0,4399.481253365175
HEATOIL,2016-02-09,-21571.0,-22743.55769230769,10101.135462661705,-0.23617512,0.11608177087041223,-25129.19457109424,,,1772.0,926.8333923324826
HEATOIL,2016-02-16,-19163.0,-22534.71153846154,9492.880937120679,0.031810164,0.35518316945037187,-22232.74143473228,,,2408.0,2896.453136361957
HEATOIL,2016-02-23,-22531.0,-22514.5,9405.35790683852,0.19932693,-0.0017543192043763748,-20639.758860021117,,,-3368.0,1592.9825747111645
HEATOIL,2016-03-01,-25833.0,-22661.30769230769,9389.582646353232,0.30738986,-0.3377884222494324,-19775.045240521293,,,-3302.0,864.7136194998238
HEATOIL,2016-03-08,-21673.0,-22940.653846153848,9389.818068636068,0.41952097,0.13500302528630168,-19001.428222821603,,,4160.0,773.6170176996893
HEATOIL,2016-03-15,-19092.0,-23113.153846153848,9425.706965970314,0.17055076,0.4266156226446932,-21505.592325571553,,,2581.0,-2504.16410274995
HEATOIL,2016-03-22,-13041.0,-23097.05769230769,9410.5045242449,0.4178042,1.0685992091496912,-19165.309270885533,,,6051.0,2340.2830546860205
HEATOIL,2016-03-29,-16765.0,-22858.46153846154,9396.572555803952,0.258025,0.6484770380129518,-20433.910993466798,,,-3724.0,-1268.6017225812648
HEATOIL,2016-04-05,-21073.0,-22690.69230769231,9282.348478227537,0.02476126,0.17427618791588467,-22460.849667735376,,,-4308.0,-2026.9386742685783
HEATOIL,2016-04-12,-9338.0,-22479.173076923078,8854.180543058905,0.5870864,1.4841772214849283,-17281.00427821096,,,11735.0,5179.8453895244165
HEATOIL,2016-04-19,-8680.0,-22211.615384615383,8987.795919346077,0.85444736,1.5055543657248394,-14532.01684590586,,,658.0,2748.987432305099
HEATOIL,2016-04-26,-580.0,-21986.096153846152,9187.3811428961,1.2865509,2.329945369731161,-10166.062864349406,,,8100.0,4365.953981556455
HEATOIL,2016-05-03,3777.0,-21733.98076923077,9741.46808792154,1.5914927,2.61880247812564,-6230.505878911372,,,4357.0,3935.5569854380337
HEATOIL,2016-05-10,2438.0,-21489.346153846152,10422.83121721594,1.8965468,2.295666662463467,-1721.9585380223252,,,-1339.0,4508.547340889047
HEATOIL,2016-05-17,5811.0,-21274.78846153846,10968.293620113463,2.4826417,2.469462379441504,5955.554623925771,,,3373.0,7677.513161948096
HEATOIL,2016-05-24,12936.0,-21071.26923076923,11563.956862714775,2.4329023,2.940798693258497,7062.708435327451,,,7125.0,1107.1538114016803
HEATOIL,2016-05-31,15419.0,-20746.115384615383,12429.92173961274,2.5979843,2.9095207630600997,11546.62631870912,,,2483.0,4483.9178833816695
HEATOIL,2016-06-07,14045.0,-20346.903846153848,13339.79706170125,2.6780229,2.5781429572788253,15377.37765259534,,,-1374.0,3830.751333886219
HEATOIL,2016-06-14,15903.0,-19956.596153846152,14093.816482681987,2.4626453,2.544349587488189,14751.474657518567,,,1858.0,-625.9029950767726
HEATOIL,2016-06-21,16233.0,-19586.48076923077,14818.70462897409,2.398152,2.4171802911298443,15951.02704808566,,,330.0,1199.5523905670925
HEATOIL,2016-06-28,12613.0,-19250.403846153848,15454.214838568183,2.2489476,2.061793768172176,15505.315840068422,,,-3620.0,-445.71120801723737
HEATOIL,2016-07-05,17051.0,-18919.865384615383,15936.702717077596,2.0385988,2.257108388303523,13568.677265721868,,,4438.0,-1936.6385743465544
HEATOIL,2016-07-12,19453.0,-18285.596153846152,16587.456334725906,2.1562636,2.275128590683326,17481.331989099486,,,2402.0,3912.654723377618
HEATOIL,2016-07-19,15267.0,-17577.134615384617,17248.98501714925,2.0018778,1.90411984141272,16953.225299569902,,,-4186.0,-528.1066895295844
HEATOIL,2016-07-26,12115.0,-16918.44230769231,17689.486629609815,1.8709986,1.6412823568940798,16178.562782274541,,,-3152.0,-774.6625172953609
HEATOIL,2016-08-02,6520.0,-16328.384615384615,17996.204308438115,1.6302855,1.269622428362374,13010.5663503358,,,-5595.0,-3167.996431938742
HEATOIL,2016-08-09,1461.0,-15716.5,18085.742029303707,1.7067268,0.9497813234407462,15150.920428937316,,,-5059.0,2140.3540786015164
HEATOIL,2016-08-16,10166.0,-15140.365384615385,18031.16068895223,1.7587479,1.4034795552635002,16571.90124805361,,,8705.0,1420.9808191162956
HEATOIL,2016-08-23,21318.0,-14415.76923076923,18109.351042823673,1.7147914,1.9732219639604214,16637.990507112103,,,11152.0,66.08925905849173
HEATOIL,2016-08-30,21928.0,-13450.826923076924,18394.95407326857,1.7431067,1.9232897664305237,18613.54118821837,,,610.0,1975.550681106266
HEATOIL,2016-09-06,9403.0,-12509.615384615385,18662.911304821395,1.6440043,1.174126320739383,18172.291889744294,,,-12525.0,-441.24929847407475
HEATOIL,2016-09-13,3777.0,-11872.884615384615,18678.5071954931,1.5086781,0.8378552124958222,16306.969732388794,,,-5626.0,-1865.3221573555002
HEATOIL,2016-09-20,-2512.0,-11303.23076923077,18592.59486057879,1.2415562,0.4728350633762531,11780.520051656094,,,-6289.0,-4526.4496807327
HEATOIL,2016-09-27,-2273.0,-10853.615384615385,18479.51900298701,0.9778789,0.46433109991815386,7217.116851390825,,,239.0,-4563.403200265269
HEATOIL,2016-10-04,5969.0,-10323.75,18291.319742361164,1.0135424,0.8907367117019641,8215.27836164242,,,8242.0,998.1615102515952
HEATOIL,2016-10-11,8912.0,-9764.038461538461,18226.251235972315,1.0125339,1.024677988893208,8690.658841701821,,,2943.0,475.3804800594007
HEATOIL,2016-10-18,8265.0,-9066.538461538461,18099.234493934957,0.9697652,0.9575840606599273,8485.469049537394,,,-647.0,-205.18979216442676
HEATOIL,2016-10-25,12081.0,-8326.211538461539,17888.765887080983,0.9281509,1.1407836441752164,8277.262481021611,,,3816.0,-208.20656851578315
HEATOIL,2016-11-01,17422.0,-7422.442307692308,17561.206450603862,0.85908675,1.4147343679134303,7664.157502067269,,,5341.0,-613.1049789543422
HEATOIL,2016-11-08,8232.0,-6498.673076923077,17372.75243858691,0.95620203,0.8479182057648237,10113.188074701015,,,-9190.0,2449.0305726337456
HEATOIL,2016-11-15,558.0,-5793.673076923077,17142.56625041791,0.8934605,0.37052055008206447,9522.532944933551,,,-7674.0,-590.6551297674632
HEATOIL,2016-11-22,4138.0,-5070.538461538462,16689.588532189813,0.8479368,0.5517534745555661,9081.177983020301,,,3580.0,-441.35496191325
HEATOIL,2016-11-29,9801.0,-4134.096153846154,15906.172824207197,0.7194293,0.8760810226227825,7309.2708516099465,,,5663.0,-1771.9071314103549
HEATOIL,2016-12-06,24482.0,-3159.403846153846,15223.289368582906,1.0105222,1.8157313558788977,12224.068723586714,,,14681.0,4914.797871976767
HEATOIL,2016-12-13,27547.0,-1936.576923076923,14662.447987538586,1.3177973,2.010822268432571,17385.557493208293,,,3065.0,5161.488769621579
HEATOIL,2016-12-20,27706.0,-630.2692307692307,14014.532409207635,1.5550075,2.021920418276112,21162.43318219163,,,159.0,3776.8756889833385
HEATOIL,2016-12-27,33329.0,632.5,13390.924078990509,1.734032,2.4416910892130805,23852.79132953465,,,5623.0,2690.3581473430204
HEATOIL,2017-01-03,38935.0,1941.3076923076924,12921.752824741221,1.9353698,2.8629004756119967,26949.678508191613,,,5606.0,3096.8871786569616
HEATOIL,2017-01-10,31944.0,3278.173076923077,12667.703228388711,2.0485435,2.2629064169135193,29228.513592728963,,,-6991.0,2278.8350845373498
HEATOIL,2017-01-17,33689.0,4315.192307692308,12490.56673221092,2.0849926,2.3516793370598577,30357.93210335104,,,1745.0,1129.4185106220757
HEATOIL,2017-01-24,34081.0,5427.384615384615,12228.095024506845,2.1132758,2.343260771787384,31268.72149957728,,,392.0,910.7893962262424
HEATOIL,2017-01-31,31642.0,6485.711538461538,12021.496485433485,2.1111457,2.0926087273760365,31864.8425694412,,,-2439.0,596.1210698639188
HEATOIL,2017-02-07,33298.0,7543.115384615385,11676.253859241375,2.1159437,2.2057489436134916,32249.410830575842,,,1656.0,384.56826113464194
HEATOIL,2017-02-14,30235.0,8598.288461538461,11359.835002849204,2.2034533,1.9046677643675944,33629.154413097334,,,-3063.0,1379.7435825214925
HEATOIL,2017-02-21,31129.0,9548.25,11086.09572737765,2.129106,1.9466501580628872,33151.723426050725,,,894.0,-477.4309870466095
HEATOIL,2017-02-28,31575.0,10580.173076923076,10678.42702722516,2.0792425,1.9660973352676014,32783.21204208987,,,446.0,-368.511383960853
HEATOIL,2017-03-07,31771.0,11684.173076923076,10105.105091539755,1.9251983,1.9877900072404107,31138.504387959743,,,196.0,-1644.7076541301285
HEATOIL,2017-03-14,25942.0,12711.942307692309,9687.073650552773,1.5260776,1.3657434814230762,27495.16868790354,,,-5829.0,-3643.3357000562028
HEATOIL,2017-03-21,18157.0,13577.98076923077,9442.205921215835,1.5350692,0.48495227375634364,28072.42051595071,,,-7785.0,577.2518280471704
HEATOIL,2017-03-28,17879.0,14177.942307692309,9629.485601575332,1.3059392,0.3843463550848675,26753.46500693931,,,-278.0,-1318.9555090114009
HEATOIL,2017-04-04,18522.0,14844.173076923076,9734.48171683146,1.4508904,0.37781435417540066,28967.83936171688,,,643.0,2214.3743547775703
HEATOIL,2017-04-11,28502.0,15605.615384615385,9672.716873271727,1.49747,1.3332742790208958,30090.218926358168,,,9980.0,1122.3795646412873
HEATOIL,2017-04-18,32607.0,16333.307692307691,9686.83577388345,1.4372585,1.6799802007140037,30255.794571862876,,,4105.0,165.57564550470852
HEATOIL,2017-04-25,24467.0,17127.28846153846,9651.440651317293,1.1259758,0.7604783372376399,27994.57752603317,,,-8140.0,-2261.217045829708
HEATOIL,2017-05-02,-722.0,17608.96153846154,9889.576076057847,0.65462726,-1.853563934134634,24082.947662761177,,,-25189.0,-3911.629863271992
HEATOIL,2017-05-09,-9313.0,17522.44230769231,11354.561584975236,0.091837406,-2.3634062933087554,18565.21579172278,,,-8591.0,-5517.731871038395
HEATOIL,2017-05-16,-3722.0,17296.46153846154,13150.162871458428,0.04056409,-1.5983422976517456,17829.885928871616,,,5591.0,-735.3298628511657
HEATOIL,2017-05-23,11130.0,17113.134615384617,14300.968729842702,0.27242792,-0.4183726800897932,21009.1177307705,,,14852.0,3179.2318018988844
HEATOIL,2017-05-30,16938.0,17078.403846153848,14580.723940409332,-0.11427164,-0.009629415297050465,15412.240597758217,,,5808.0,-5596.877133012284
HEATOIL,2017-06-06,-5447.0,17107.615384615383,14606.845134649642,-0.72201824,-1.5441127208990824,6561.206741048267,,,-22385.0,-8851.03385670995
HEATOIL,2017-06-13,-24416.0,16732.76923076923,15452.839970211426,-1.2758945,-2.6628612805213847,-2983.4246468721503,,,-18969.0,-9544.631387920417
HEATOIL,2017-06-20,-26196.0,15957.403846153846,17152.319636407887,-1.7948242,-2.4575920190222034,-14827.99525395539,,,-1780.0,-11844.57060708324
HEATOIL,2017-06-27,-32528.0,15141.461538461539,18637.38438789544,-1.9846,-2.557733453704039,-21846.290547295634,,,-6332.0,-7018.295293340243
HEATOIL,2017-07-04,-21372.0,14273.365384615385,20283.65089979913,-1.377933,-1.7573446496739096,-13676.147065093095,,,11156.0,8170.1434822025385
HEATOIL,2017-07-11,-11080.0,13534.461538461539,21055.291931253894,-1.4623163,-1.1690391954112265,-17255.0345199693,,,10292.0,-3578.887454876205
HEATOIL,2017-07-18,-12817.0,12947.288461538461,21283.27274834876,-0.8834153,-1.2105416665083781,-5854.679930487448,,,-1737.0,11400.354589481853
HEATOIL,2017-07-25,-2540.0,12407.211538461539,21593.744456626453,-0.4202031,-0.6922010014745128,3333.4533992914567,,,10277.0,9188.133329778904
HEATOIL,2017-08-01,17614.0,12125.384615384615,21653.864943978988,0.17067528,0.25347047276848994,15821.164028192217,,,20154.0,12487.71062890076
HEATOIL,2017-08-08,23884.0,12338.73076923077,21562.95897590156,0.1950984,0.5354213790265079,16545.629567195392,,,6270.0,724.4655390031749
HEATOIL,2017-08-15,31813.0,12769.942307692309,21531.879487658483,-0.20743096,0.8844122364340131,8303.563901923848,,,7929.0,-8242.065665271544
HEATOIL,2017-08-22,18995.0,13186.23076923077,21455.385569341666,-0.3657184,0.2707371168882455,5339.601605048646,,,-12818.0,-2963.962296875202
HEATOIL,2017-08-29,29187.0,13141.557692307691,21105.758645271428,0.265535,0.7602400168300588,18745.875250575296,,,10192.0,13406.27364552665
HEATOIL,2017-09-05,40211.0,13281.153846153846,20785.866579645164,0.9655982,1.2955844804766314,33351.94973288384,,,11024.0,14606.074482308544
HEATOIL,2017-09-12,45605.0,13873.615384615385,20867.84849441638,1.2791486,1.5205872624518526,40566.69412560223,,,5394.0,7214.744392718392
HEATOIL,2017-09-19,50796.0,14678.0,21107.6882665574,1.3538871,1.7111300652106292,43255.42645695414,,,5191.0,2688.732331351908
HEATOIL,2017-09-26,61710.0,15703.153846153846,21465.094424879524,1.7644906,2.1433330430879005,53578.11128142621,,,10914.0,10322.684824472068
HEATOIL,2017-10-03,61754.0,16933.596153846152,22079.948315417372,1.2695158,2.029914346079239,44964.4383611096,,,44.0,-8613.67292031661
HEATOIL,2017-10-10,56801.0,18006.384615384617,22603.501915799465,1.1411393,1.716309956268263,43800.128265597436,,,-4953.0,-1164.3100955121627
HEATOIL,2017-10-17,59105.0,18927.326923076922,22929.397941454088,1.2640016,1.7522341048600238,47910.12278913684,,,2304.0,4109.994523539404
HEATOIL,2017-10-24,59885.0,19905.01923076923,23285.851277170168,1.47524,1.7169215887085818,54257.2382859151,,,780.0,6347.115496778257
HEATOIL,2017-10-31,66300.0,20824.326923076922,23605.791224904468,2.0051985,1.926462563514734,68158.6235757352,,,6415.0,13901.3852898201
HEATOIL,2017-11-07,69575.0,21764.28846153846,24015.280236635535,2.1063845,1.990845456199418,72349.70289368063,,,3275.0,4191.079317945434
HEATOIL,2017-11-14,71975.0,22943.96153846154,24534.366422769963,2.0802486,1.9984636088272294,73981.54280107873,,,2400.0,1631.8399073980981
HEATOIL,2017-11-21,71972.0,24317.365384615383,25043.233342569667,2.02435,1.902894644773326,75013.63299608481,,,-3.0,1032.0901950060797
NATGAS,2015-01-06,-38883.0,60211.5,76856.35865434607,-1.9264901,-1.2893467988207428,-87851.51164372748,,,,
NATGAS,2015-01-13,-40263.0,57045.63461538462,76503.15712928324,-1.6778175,-1.2719558024375655,-71312.698457686,,,-1380.0,16538.813186041487
NATGAS,2015-01-20,-44073.0,53760.46153846154,75862.39215676974,-1.3983142,-1.2896174080074954,-52319.00151233485,,,-3810.0,18993.69694535115
NATGAS,2015-01-27,-52015.0,49886.36538461538,74199.4010541098,-1.27213,-1.3733448509955486,-44504.91960674758,,,-7942.0,7814.081905587271
NATGAS,2015-02-03,-65418.0,45525.46153846154,71754.97366537138,-1.4216628,-1.546143157348859,-56485.91577219875,,,-13403.0,-11980.996165451172
NATGAS,2015-02-10,-61612.0,41282.32692307692,70145.72494705999,-1.5531106,-1.466865258014409,-67661.74200306369,,,3806.0,-11175.826230864935
NATGAS,2015-02-17,-56417.0,36896.096153846156,67713.15232243385,-1.378563,-1.378064570225759,-56450.753396865664,,,5195.0,11210.988606198021
NATGAS,2015-02-24,-64005.0,32437.05769230769,64483.56401346663,-1.1689943,-1.4956068134225164,-42943.861567907705,,,-7588.0,13506.89182895796
NATGAS,2015-03-03,-77455.0,27937.923076923078,61352.4138683013,-1.3637763,-1.7178284672410584,-55733.04651063334,,,-13450.0,-12789.184942725638
NATGAS,2015-03-10,-73605.0,23549.096153846152,59075.029259435294,-1.4167339,-1.6445882020164888,-60144.49813576236,,,3850.0,-4411.451625129019
NATGAS,2015-03-17,-50446.0,19296.19230769231,56550.69181777442,-1.3479936,-1.2332685961194851,-56933.77903321567,,,23159.0,3210.719102546689
NATGAS,2015-03-24,-71693.0,15705.211538461539,53910.26343815941,-1.1509447,-1.6211794557211954,-46342.52096841731,,,-21247.0,10591.258064798363
NATGAS,2015-03-31,-113055.0,12030.961538461539,51997.465779595404,-1.5514954,-2.4056164980937815,-68642.86913854722,,,-41362.0,-22300.34817012991
NATGAS,2015-04-07,-115445.0,8000.846153846154,51566.190212056325,-1.7478719,-2.3939299305649335,-82130.24745804926,,,-2390.0,-13487.378319502037
NATGAS,2015-04-14,-131145.0,3566.230769230769,50146.68712730984,-2.1089542,-2.686343574945097,-102190.83522309984,,,-15700.0,-20060.587765050586
NATGAS,2015-04-21,-131043.0,-1232.8076923076924,48630.77181938857,-2.2395494,-2.6693015029619245,-110143.82346522863,,,102.0,-7952.988242128791
NATGAS,2015-04-28,-152891.0,-6017.903846153846,46685.70286316633,-2.5280275,-3.145997321371053,-124040.64615101714,,,-21848.0,-13896.822685788502
NATGAS,2015-05-05,-116666.0,-11062.365384615385,45337.47810490702,-2.2441595,-2.3292789768991318,-112806.89576935692,,,36225.0,11233.750381660211
NATGAS,2015-05-12,-96225.0,-15335.76923076923,42805.764714302655,-1.9522221,-1.889680778023884,-98902.12949187437,,,20441.0,13904.766277482559
NATGAS,2015-05-19,-78709.0,-18762.365384615383,40865.14042651173,-1.6068935,-1.4669381773736314,-84428.29552382411,,,17516.0,14473.833968050254
NATGAS,2015-05-26,-94416.0,-21654.634615384617,39205.32848957031,-1.8289028,-1.8559050054630173,-93357.37125717723,,,-15707.0,-8929.075733353122
NATGAS,2015-06-02,-154826.0,-24870.115384615383,37326.699677506505,-2.3280737,-3.481579827259615,-111769.4247048898,,,-60410.0,-18412.053447712562
NATGAS,2015-06-09,-167250.0,-29285.03846153846,35993.26882135316,-2.5573964,-3.833076740632494,-121334.09499766628,,,-12424.0,-9564.670292776485
NATGAS,2015-06-16,-138800.0,-33850.36538461538,34902.48151262504,-2.6511066,-3.006939050377318,-126380.56433926083,,,28450.0,-5046.469341594551
NATGAS,2015-06-23,-140258.0,-38006.71153846154,32439.264549392716,-3.1598265,-3.152084052517543,-140509.15985702016,,,-1458.0,-14128.595517759328
NATGAS,2015-06-30,-131938.0,-41855.057692307695,30632.952855670992,-3.124425,-2.940720169293621,-137565.41940847394,,,8320.0,2943.7404485462175
NATGAS,2015-07-07,-146604.0,-45344.32692307692,29075.879969972397,-3.3393493,-3.482600464078722,-142438.84547154314,,,-14666.0,-4873.426063069201
NATGAS,2015-07-14,-118294.0,-48768.980769230766,28249.618475495055,-3.1447837,-2.4610958654566697,-137607.92147869934,,,28310.0,4830.923992843804
NATGAS,2015-07-21,-91852.0,-51658.75,27358.016933225546,-2.652584,-1.4691580204114292,-124228.1900660354,,,26442.0,13379.73141266394
NATGAS,2015-07-28,-91001.0,-53835.0,27434.552262155266,-2.4601927,-1.3547150193979594,-121329.28466427773,,,851.0,2898.905401757671
NATGAS,2015-08-04,-111799.0,-55789.730769230766,27886.393593472756,-2.1225784,-2.0084801945805957,-114980.78697640126,,,-20798.0,6348.497687876472
NATGAS,2015-08-11,-106882.0,-57845.57692307692,28088.89272875651,-1.9130354,-1.7457584943076505,-111580.6228566617,,,4917.0,3400.164119739551
NATGAS,2015-08-18,-147682.0,-59842.019230769234,28423.822243150622,-2.0713177,-3.090364836150699,-118716.78456952875,,,-40800.0,-7136.161712867048
NATGAS,2015-08-25,-157938.0,-62979.0,28025.30296846031,-2.522946,-3.388330898933257,-133685.3226849682,,,-10256.0,-14968.538115439456
NATGAS,2015-09-01,-146282.0,-66439.32692307692,27461.0694927723,-2.73176,-2.9074859265017885,-141456.37880784977,,,11656.0,-7771.056122881564
NATGAS,2015-09-08,-139448.0,-69572.25,27014.215322364325,-2.6792748,-2.586628897643819,-141950.75628581675,,,6834.0,-494.3774779669766
NATGAS,2015-09-15,-121302.0,-72527.19230769231,26709.982680813373,-2.5153246,-1.8260890796961908,-139711.46861240402,,,18146.0,2239.287673412735
NATGAS,2015-09-22,-196078.0,-75029.30769230769,26943.538235820903,-2.6122832,-4.492679886666127,-145413.46077796892,,,-74776.0,-5701.992165564909
NATGAS,2015-09-29,-209871.0,-78997.53846153847,26997.314680657877,-3.0534425,-4.847647371100405,-161432.2859042499,,,-13793.0,-16018.825126280979
NATGAS,2015-10-06,-215540.0,-83587.13461538461,26708.972280931175,-3.6223125,-4.940394710687648,-180335.37999339483,,,-5669.0,-18903.094089144928
NATGAS,2015-10-13,-212996.0,-87909.67307692308,26955.31342442046,-3.7023168,-4.6405072333439685,-187706.78176661732,,,2544.0,-7371.401773222489
NATGAS,2015-10-20,-215687.0,-92087.28846153847,27063.704657887636,-4.0131316,-4.566991588952282,-200697.49733784646,,,-2691.0,-12990.715571229142
NATGAS,2015-10-27,-215090.0,-95995.19230769231,27334.552830934164,-4.8125176,-4.35693272280385,-227543.2100693912,,,597.0,-26845.712731544743
NATGAS,2015-11-03,-233984.0,-99592.55769230769,27553.967299794687,-4.7030582,-4.877389917955433,-229180.47072338953,,,-18894.0,-1637.2606539983244
NATGAS,2015-11-10,-208605.0,-104030.32692307692,27925.559133062743,-4.5508795,-3.7447655955117782,-231116.1809061023,,,25379.0,-1935.7101827127626
NATGAS,2015-11-17,-202099.0,-108279.44230769231,27499.94766557712,-4.1503296,-3.411626772284578,-222413.2888232916,,,6506.0,8702.892082810693
NATGAS,2015-11-24,-181668.0,-112600.40384615384,26783.20518288911,-4.112703,-2.5787651508554745,-222751.76804094127,,,20431.0,-338.4792176496703
NATGAS,2015-12-01,-183548.0,-116790.57692307692,25843.015724732773,-3.9112787,-2.5831901271891278,-217869.81450854708,,,-1880.0,4881.953532394196
NATGAS,2015-12-08,-176332.0,-120293.51923076923,26032.612528465237,-3.6137443,-2.1526260842224634,-214368.72329917405,,,7216.0,3501.0912093730294
NATGAS,2015-12-15,-182137.0,-123189.94230769231,26636.06591755456,-3.3551087,-2.213054205330619,-212556.83981217345,,,-5805.0,1811.8834870005958
NATGAS,2015-12-22,-188592.0,-126110.19230769231,27117.40035592177,-2.9187784,-2.3041223300250167,-205259.87525935273,,,-6455.0,7296.964552820718
NATGAS,2015-12-29,-166391.0,-128997.11538461539,27452.46979442978,-1.8341762,-1.3621318917896408,-179349.78163913684,,,22201.0,25910.093620215892
NATGAS,2016-01-05,-133634.0,-131274.11538461538,28431.028406731544,-1.5058168,-0.0830038429009441,-174086.03609214036,,,32757.0,5263.745546996477
NATGAS,2016-01-12,-120354.0,-133096.25,31004.340364072854,-1.1914759,0.41098278016472295,-170037.17335403015,,,13280.0,4048.8627381102124
NATGAS,2016-01-19,-132184.0,-134636.46153846153,34089.91410530429,-1.1195066,0.07194097148164817,-172800.345288203,,,-11830.0,-2763.1719341728603
NATGAS,2016-01-26,-155815.0,-136330.90384615384,36291.187171241814,-0.7123591,-0.5368823031858797,-162183.26021688626,,,-23631.0,10617.085071316746
NATGAS,2016-02-02,-163137.0,-138327.0576923077,37396.65529283792,-0.7425144,-0.6634267720847171,-166094.611707181,,,-7322.0,-3911.3514902947354
NATGAS,2016-02-09,-138857.0,-140206.26923076922,38139.109006078674,-0.72241527,0.03537757608742697,-167758.54390073993,,,24280.0,-1663.932193558925
NATGAS,2016-02-16,-153602.0,-141691.75,39784.95136800547,-0.96569526,-0.2993657046311753,-180111.88903320336,,,-14745.0,-12353.345132463437
NATGAS,2016-02-23,-167483.0,-143560.6923076923,40893.12768426266,-0.98814446,-0.5849957938412709,-183969.00977220322,,,-13881.0,-3857.12073899986
NATGAS,2016-03-01,-170820.0,-145550.65384615384,41559.30261198937,-0.8784298,-0.6080310439703155,-182057.58250048303,,,-3337.0,1911.4272717201966
NATGAS,2016-03-08,-177985.0,-147346.13461538462,42042.49637508696,-0.74517167,-0.7287594226391131,-178675.01168811694,,,-7165.0,3382.570812366088
NATGAS,2016-03-15,-155864.0,-149353.4423076923,42442.11633456228,-0.36619073,-0.15339851672301943,-164895.3519357327,,,22121.0,13779.659752384236
NATGAS,2016-03-22,-122800.0,-151380.71153846153,43501.08824608609,-0.18316412,0.6570114149048447,-159348.5500739379,,,33064.0,5546.801861794811
NATGAS,2016-03-29,-91242.0,-152363.53846153847,45701.842926247366,0.30507934,1.337397674754059,-138420.8503420953,,,31558.0,20927.699731842586
NATGAS,2016-04-05,-72860.0,-151944.0576923077,48593.513872492105,0.6670338,1.6274611854541294,-119530.54188958791,,,18382.0,18890.308452507394
NATGAS,2016-04-12,-81683.0,-151125.11538461538,52008.95599352012,1.1146635,1.3351953343048701,-93152.6314166543,,,-8823.0,26377.91047293361
NATGAS,2016-04-19,-57511.0,-150173.92307692306,54226.03114298264,1.5801147,1.7088273127087326,-64490.572938606594,,,24172.0,28662.058478047707
NATGAS,2016-04-26,-55079.0,-148759.84615384616,57276.734380463866,1.5058651,1.6355828796307759,-62508.81097753679,,,2432.0,1981.761961069802
NATGAS,2016-05-03,-79409.0,-146878.84615384616,59447.41829880239,1.2996991,1.1349499790675583,-69615.09199175745,,,-24330.0,-7106.281014220658
NATGAS,2016-05-10,-66650.0,-146162.36538461538,61169.831830701994,1.3137126,1.2998624159157326,-65802.78675877677,,,12759.0,3812.3052329806815
NATGAS,2016-05-17,-76231.0,-145593.61538461538,63454.8049963183,0.9494503,1.0931026482334925,-85346.43085319975,,,-9581.0,-19543.644094422983
NATGAS,2016-05-24,-113557.0,-145545.96153846153,65343.89473795449,0.9204308,0.4895478248847171,-85401.42957204388,,,-37326.0,-54.99871884413005
NATGAS,2016-05-31,-100136.0,-145914.0576923077,66018.58118977936,1.2241898,0.693411716327445,-65094.78674223118,,,13421.0,20306.6428298127
NATGAS,2016-06-07,-57134.0,-144862.32692307694,65904.61380067132,1.6296116,1.3311408999134946,-37463.40303089311,,,43002.0,27631.383711338072
NATGAS,2016-06-14,-43551.0,-142744.71153846153,66586.4423923479,1.7854592,1.489698322580166,-23857.337983646314,,,13583.0,13606.065047246797
NATGAS,2016-06-21,-29851.0,-140913.0,68239.76186423448,1.8495648,1.6275261953721636,-14699.139128405019,,,13700.0,9158.198855241295
NATGAS,2016-06-28,-28137.0,-138789.78846153847,70106.99449252016,1.8747758,1.5783416371292913,-7354.8940668794385,,,1714.0,7344.24506152558
NATGAS,2016-07-05,-30378.0,-136793.61538461538,71921.77712451972,1.3757339,1.479602140536318,-37848.391870618434,,,-2241.0,-30493.497803738996
NATGAS,2016-07-12,-30251.0,-134558.5,73122.52942844975,1.1588345,1.4264755447507418,-49821.593286252566,,,127.0,-11973.201415634132
NATGAS,2016-07-19,-42294.0,-132865.36538461538,74615.46165934503,1.1498866,1.2138417878872962,-47066.04526356122,,,-12043.0,2755.5480226913496
NATGAS,2016-07-26,-44464.0,-131912.32692307694,75885.4894782279,1.0767324,1.1523721797718192,-50203.961933635874,,,-2170.0,-3137.9166700746573
NATGAS,2016-08-02,-32222.0,-131017.38461538461,76999.26219792351,1.1437314,1.2830692372276897,-42950.91407638596,,,12242.0,7253.047857249912
NATGAS,2016-08-09,-54580.0,-129487.05769230769,78108.75542320764,0.9455717,0.9590097459170542,-55629.627432850655,,,-22358.0,-12678.713356464694
NATGAS,2016-08-16,-72729.0,-128481.25,78658.69735831712,0.95978343,0.7087868458592639,-52985.93526720302,,,-18149.0,2643.6921656476334
NATGAS,2016-08-23,-36878.0,-127039.84615384616,78208.70217216758,1.092357,1.15283649580791,-41608.01978970533,,,35851.0,11377.915477497692
NATGAS,2016-08-30,11605.0,-124711.76923076923,78089.64569927915,1.1686554,1.7456446115240551,-33451.883451013215,,,48483.0,8156.136338692115
NATGAS,2016-09-06,-1896.0,-121675.48076923077,79330.91142995401,1.2181078,1.509871481496733,-25041.877223804928,,,-13501.0,8410.006227208287
NATGAS,2016-09-13,87851.0,-119030.25,80089.76426642426,1.5110686,2.5831172297098406,1990.876565611179,,,89747.0,27032.753789416107
NATGAS,2016-09-20,113567.0,-115008.07692307692,84006.26305576996,1.9652162,2.7209289951551687,50082.38876025881,,,25716.0,48091.51219464763
NATGAS,2016-09-27,124158.0,-109053.36538461539,86706.04680971475,2.0859056,2.6896782169808926,71807.25903997167,,,10591.0,21724.870279712864
NATGAS,2016-10-04,99311.0,-102629.73076923077,88712.28537810256,2.147595,2.276355861068563,87888.32342584703,,,-24847.0,16081.064385875361
NATGAS,2016-10-11,121872.0,-96574.90384615384,88911.40814583714,2.4769883,2.4569052318668243,123657.61525305148,,,22561.0,35769.29182720445
NATGAS,2016-10-18,146370.0,-90135.13461538461,89489.34707002394,2.5007062,2.642830039091952,133651.43006352172,,,24498.0,9993.814810470241
NATGAS,2016-10-25,136034.0,-83172.5,90305.49230640777,2.0244021,2.4273883503810527,99642.13202071941,,,-10336.0,-34009.298042802315
NATGAS,2016-11-01,70947.0,-76420.11538461539,90145.560498483,1.8656541,1.6347684186521345,91760.32013953106,,,-65087.0,-7881.811881188347
NATGAS,2016-11-08,36904.0,-70556.05769230769,87099.84527530706,1.5397261,1.2337571594145273,63553.8507038487,,,-34043.0,-28206.46943568236
NATGAS,2016-11-15,14965.0,-65834.73076923077,84319.8843595976,1.5767453,0.9582523906774528,67116.24820360013,,,-21939.0,3562.3974997514306
NATGAS,2016-11-22,23312.0,-61660.42307692308,81529.58409423659,1.6561689,1.0422280945123803,73366.34160217414,,,8347.0,6250.093398574012
NATGAS,2016-11-29,53555.0,-57718.5,79413.43698347287,1.7775081,1.4011923451085198,83439.5306325519,,,30243.0,10073.189030377762
NATGAS,2016-12-06,101107.0,-53158.82692307692,77333.77143490566,2.0557108,1.9948054266683148,105817.0416435965,,,47552.0,22377.511011044597
NATGAS,2016-12-13,157507.0,-47823.46153846154,75973.3390576624,1.9527509,2.702664699028424,100533.54629678093,,,56400.0,-5283.495346815573
NATGAS,2016-12-20,163719.0,-41291.846153846156,75496.96402101089,1.9747108,2.715484639843152,107792.82573454664,,,6212.0,7259.279437765712
NATGAS,2016-12-27,174069.0,-34516.63461538462,74538.96488376135,2.6778011,2.798343590371295,165083.8899435277,,,10350.0,57291.06420898106
NATGAS,2017-01-03,171528.0,-27969.326923076922,74236.7359855667,2.3390908,2.687312747180368,145677.14103391545,,,-2541.0,-19406.748909612244
NATGAS,2017-01-10,140255.0,-22100.826923076922,74446.84456781678,2.0018044,2.180828856690899,126927.19051105126,,,-31273.0,-18749.950522864194
NATGAS,2017-01-17,162054.0,-17089.115384615383,74073.93327806723,2.1788163,2.4184366545263285,144304.37921800383,,,21799.0,17377.18870695257
NATGAS,2017-01-24,138203.0,-11430.692307692309,73630.02851812282,2.1612623,2.0322373265258538,147703.1105464944,,,-23851.0,3398.7313284905686
NATGAS,2017-01-31,125445.0,-5776.5,71950.05224175657,2.0650191,1.8237860281058276,142801.73433458008,,,-12758.0,-4901.376211914321
NATGAS,2017-02-07,118392.0,-226.84615384615384,69750.60627461139,1.9167149,1.700613836772088,133465.18064354127,,,-7053.0,-9336.553691038804
NATGAS,2017-02-14,100120.0,4720.25,68203.8310622091,1.7617159,1.398744740790079,124876.02287140029,,,-18272.0,-8589.157772140985
NATGAS,2017-02-21,72218.0,9599.51923076923,66174.80830470606,1.3989604,0.9462585895360669,102175.45234654556,,,-27902.0,-22700.57052485473
NATGAS,2017-02-28,77171.0,14209.153846153846,63932.12277167857,1.2121838,0.9848233317498689,91706.63948716968,,,4953.0,-10468.812859375874
NATGAS,2017-03-07,87054.0,18978.21153846154,61498.60868275209,1.2771306,1.1069484321623526,97519.96677772707,,,9883.0,5813.327290557383
NATGAS,2017-03-14,110113.0,24075.115384615383,58591.99888891171,1.4531201,1.46842378220462,109216.3273969322,,,23059.0,11696.360619205137
NATGAS,2017-03-21,138507.0,29190.05769230769,56324.00624087856,1.7671506,1.9408587847991678,128723.0613957078,,,28394.0,19506.7339987756
NATGAS,2017-03-28,149904.0,34215.192307692305,54990.607486739595,1.9759358,2.1037921379611024,142873.10322639736,,,11397.0,14150.041830689559
NATGAS,2017-04-04,176464.0,38852.61538461538,54396.70957745354,2.2344522,2.529774055900287,160399.46536306865,,,26560.0,17526.36213667129
NATGAS,2017-04-11,176607.0,43647.307692307695,54115.84200299397,2.2113507,2.456945829288516,163316.41167180068,,,143.0,2916.946308732033
NATGAS,2017-04-18,187459.0,48614.42307692308,53625.46343384619,2.197478,2.589153883851453,166455.2022131626,,,10852.0,3138.79054136193
NATGAS,2017-04-25,180732.0,53325.38461538462,53481.36092908169,2.166839,2.3822620287012026,169210.8770646702,,,-6727.0,2755.6748515075888
NATGAS,2017-05-02,205183.0,57860.21153846154,53307.41935958433,2.2695339,2.7636451029035,178843.20543616413,,,24451.0,9632.328371493932
NATGAS,2017-05-09,217663.0,63333.13461538462,52771.638361466335,2.453267,2.9244850108217695,192796.05868732158,,,12480.0,13952.853251157445
NATGAS,2017-05-16,245723.0,68800.69230769231,52482.68428297447,2.6857796,3.3710605718713547,209757.61361413187,,,28060.0,16961.55492681029
NATGAS,2017-05-23,234445.0,74992.11538461539,52231.26682042028,2.8247635,3.0528243774674273,222533.0933616989,,,-11278.0,12775.479747567035
NATGAS,2017-05-30,172302.0,81684.46153846153,50567.785653923194,2.711051,1.7920013164449904,218776.3067582554,,,-62143.0,-3756.786603443499
NATGAS,2017-06-06,96605.0,86923.65384615384,49528.22419210492,2.1981838,0.19547129564539117,195795.79266723184,,,-75697.0,-22980.514091023564
NATGAS,2017-06-13,80825.0,89880.17307692308,52079.27164201031,1.7704916,-0.1738728824621008,182086.08605512773,,,-15780.0,-13709.706612104113
NATGAS,2017-06-20,54168.0,92272.01923076923,55459.67697795047,1.4278948,-0.6870580808813319,171462.60530008367,,,-26657.0,-10623.48075504406
NATGAS,2017-06-27,80715.0,93887.76923076923,60055.561222157674,1.2272273,-0.21934303772535726,167589.59529357037,,,26547.0,-3873.010006513301
NATGAS,2017-07-04,92147.0,95981.07692307692,63069.46168257327,0.7719958,-0.0607913373729701,144670.4353687802,,,11432.0,-22919.159924790176
NATGAS,2017-07-11,87552.0,98337.32692307692,65487.07849268362,0.6537361,-0.16469396973147743,141148.59516696833,,,-4595.0,-3521.840201811865
NATGAS,2017-07-18,89977.0,100602.76923076923,67996.46382204368,0.6279736,-0.1562694386369616,143302.75450068832,,,2425.0,2154.1593337199884
NATGAS,2017-07-25,73092.0,103146.44230769231,70279.11118482417,0.21215138,-0.4276440296556022,118056.25261779984,,,-16885.0,-25246.50188288848
NATGAS,2017-08-01,54875.0,105407.13461538461,73116.34601019966,-0.14730752,-0.6911195289810492,94636.54736818772,,,-18217.0,-23419.705249612118
NATGAS,2017-08-08,39427.0,107082.07692307692,76611.83962296612,-0.36295086,-0.8830890532851243,79275.74373434491,,,-15448.0,-15360.803633842806
NATGAS,2017-08-15,84472.0,108889.90384615384,80434.53740639506,-0.24381305,-0.3035748651450871,89278.91373267834,,,45045.0,10003.169998333426
NATGAS,2017-08-22,81939.0,111913.0,82274.88015360112,-0.18370079,-0.3643153286159853,96799.03992664118,,,-2533.0,7520.126193962846
NATGAS,2017-08-29,69913.0,114197.94230769231,84452.93670925307,-0.220639,-0.5243742140093067,95564.33035721317,,,-12026.0,-1234.7095694280142
NATGAS,2017-09-05,80656.0,115319.25,86829.27745408016,-0.22934422,-0.39921154495765243,95405.45717862142,,,10743.0,-158.873178591748
NATGAS,2017-09-12,87360.0,116906.78846153847,88828.6737629166,-0.2751675,-0.3326266982258312,92464.02481693338,,,6704.0,-2941.432361688043
NATGAS,2017-09-19,138308.0,116897.34615384616,89261.57822130798,-0.0705781,0.23986416409835362,110597.4337119867,,,50948.0,18133.40889505332
NATGAS,2017-09-26,90424.0,117373.13461538461,87885.0302233008,-0.26109475,-0.3066407845216811,94426.81471067297,,,-47884.0,-16170.619001313724
NATGAS,2017-10-03,56576.0,116724.40384615384,87109.71959032338,-0.43652296,-0.6904901557372876,78699.01114807592,,,-33848.0,-15727.803562597051
NATGAS,2017-10-10,35339.0,115902.57692307692,87876.50252988859,-0.62209463,-0.91678178584401,61235.07649103339,,,-21237.0,-17463.934657042533
NATGAS,2017-10-17,64228.0,114238.48076923077,88515.5638529308,-0.61912644,-0.5649908173473708,59436.15491652003,,,28889.0,-1798.9215745133624
NATGAS,2017-10-24,52181.0,112658.82692307692,87300.89876965652,-0.5657106,-0.69275148108896,63271.78273369236,,,-12047.0,3835.6278171723316
NATGAS,2017-10-31,11722.0,111046.26923076923,86621.1589979181,-0.9678904,-1.1466513537778507,27206.482575185437,,,-40459.0,-36065.30015850692
NATGAS,2017-11-07,42436.0,109907.32692307692,88717.81172547604,-0.76024884,-0.7605161309868285,42459.713484292224,,,30714.0,15253.230909106787
NATGAS,2017-11-14,75987.0,110013.71153846153,90183.0547636343,-0.6140226,-0.37730715185512403,54639.276642796634,,,33551.0,12179.56315850441
NATGAS,2017-11-21,72858.0,111187.21153846153,90991.54626144034,-0.7382937,-0.42123925917615024,44008.725509704906,,,-3129.0,-10630.551133091729
RBOB,2015-01-06,45863.0,43510.78846153846,18355.11599392018,0.2134695,0.1281501865333169,47429.045992669344,,,,
RBOB,2015-01-13,39830.0,43473.21153846154,18368.93605404628,0.16614652,-0.198335468518277,46525.14628116192,,,-6033.0,-903.8997115074235
RBOB,2015-01-20,42159.0,43511.82692307692,18301.414316262573,-0.11866617,-0.07391925562139777,41340.068143475146,,,2329.0,-5185.078137686774
RBOB,2015-01-27,55769.0,43714.67307692308,18148.49620784856,-0.0922935,0.6642052754687117,42039.68482582548,,,13610.0,699.6166823503372
RBOB,2015-02-03,55921.0,44272.46153846154,18005.6591525698,0.5465578,0.6469376301547929,54113.594705798954,,,152.0,12073.909879973471
RBOB,2015-02-10,57451.0,44853.230769230766,17834.832649006956,1.0761151,0.7063575800623326,64045.564048424625,,,1530.0,9931.96934262567
RBOB,2015-02-17,47671.0,45469.980769230766,17671.89183945215,1.3094165,0.12454915697568396,68609.84810465247,,,-9780.0,4564.284056227843
RBOB,2015-02-24,42150.0,45605.269230769234,17657.925114940703,1.1380197,-0.19567809967920102,65700.33553678748,,,-5521.0,-2909.512567864993
RBOB,2015-03-03,43188.0,45349.38461538462,17607.52493597629,1.2781357,-0.12275346042352625,67854.19007303944,,,1038.0,2153.8545362519653
RBOB,2015-03-10,36036.0,45039.807692307695,17491.355735499244,0.8023037,-0.5147575653060552,59073.18662430334,,,-7152.0,-8781.003448736104
RBOB,2015-03-17,31715.0,44615.78846153846,17413.753207564365,0.11304355,-0.7408390544971364,46584.30088507318,,,-4321.0,-12488.885739230158
RBOB,2015-03-24,28340.0,44141.403846153844,17384.609883323683,0.04254657,-0.9089305973619494,44881.059372711105,,,-3375.0,-1703.241512362074
RBOB,2015-03-31,24255.0,43635.557692307695,17399.40100043177,-0.17837834,-1.1138634997737429,40531.88136252901,,,-4085.0,-4349.178010182091
RBOB,2015-04-07,25542.0,42964.692307692305,17369.649786201542,-0.2979713,-1.0030537473203922,37789.035037377376,,,1287.0,-2742.846325151637
RBOB,2015-04-14,16547.0,42364.17307692308,17328.68473084594,-0.52522415,-1.4898518541899026,33262.72938193915,,,-8995.0,-4526.305655438227
RBOB,2015-04-21,24166.0,41288.019230769234,16980.146275330986,-0.47712842,-1.008355225752346,33186.30892988128,,,7619.0,-76.42045205787144
RBOB,2015-04-28,26522.0,40305.903846153844,16320.60111348933,-0.41190028,-0.8445708433350012,33583.44364663013,,,2356.0,397.1347167488493
RBOB,2015-05-05,25875.0,39242.0,15256.18438946667,-0.4170787,-0.876169273965316,32878.97039231958,,,-647.0,-704.4732543105492
RBOB,2015-05-12,24973.0,38395.46153846154,14684.027467987968,-0.6668453,-0.9140858369901095,28603.48651837623,,,-902.0,-4275.483873943347
RBOB,2015-05-19,24777.0,37726.25,14432.604206496284,-0.7598406,-0.8972219992128233,26759.771249863108,,,-196.0,-1843.7152685131223
RBOB,2015-05-26,23150.0,37091.57692307692,14222.635752505454,-0.8387253,-0.9802386256444049,25162.692080197005,,,-1627.0,-1597.0791696661036
RBOB,2015-06-02,27019.0,36381.86538461538,13954.428432812247,-0.91923636,-0.6709601492956654,23554.447358520665,,,3869.0,-1608.2447216763394
RBOB,2015-06-09,19445.0,35745.36538461538,13664.29909484992,-0.83571714,-1.1929163194882786,24325.876402713715,,,-7574.0,771.4290441930498
RBOB,2015-06-16,27234.0,35020.019230769234,13481.163800570517,-0.7705531,-0.5775480029728393,24632.066510453045,,,7789.0,306.1901077393304
RBOB,2015-06-23,19681.0,34353.86538461538,13130.847137677438,-0.7857623,-1.117434787776434,24036.140605088407,,,-7553.0,-595.9259053646383
RBOB,2015-06-30,16800.0,33450.807692307695,12614.158761097458,-0.96467006,-1.320009364687831,21282.306377340476,,,-2881.0,-2753.8342277479314
RBOB,2015-07-07,7469.0,32484.01923076923,12077.627144262133,-1.1785249,-2.071186577626171,18250.235490493986,,,-9331.0,-3032.07088684649
RBOB,2015-07-14,12132.0,31371.75,11706.160952291011,-1.548682,-1.643557617088341,13242.62954363288,,,4663.0,-5007.605946861106
RBOB,2015-07-21,16528.0,30759.384615384617,11733.63657830023,-1.6726743,-1.2128707515710546,11132.832285428201,,,4396.0,-2109.7972582046787
RBOB,2015-07-28,13913.0,30413.75,11718.76447576473,-1.6579833,-1.4080622606696098,10984.234166571416,,,-2615.0,-148.59811885678573
RBOB,2015-08-04,15297.0,30084.98076923077,11688.599616567419,-1.6157529,-1.2651627444121099,11199.091627935071,,,1384.0,214.8574613636556
RBOB,2015-08-11,14304.0,29807.903846153848,11640.435090748671,-1.5404618,-1.3319007172228208,11876.258502106983,,,-993.0,677.1668741719113
RBOB,2015-08-18,15612.0,29439.23076923077,11638.47855833431,-1.4056193,-1.1880617126994744,13079.961108070376,,,1308.0,1203.7026059633936
RBOB,2015-08-25,21914.0,29185.21153846154,11587.616149345115,-1.5230613,-0.6274984815468261,11536.562106242087,,,6302.0,-1543.3990018282893
RBOB,2015-09-01,16532.0,29231.134615384617,11360.376053458585,-1.0915439,-1.11784456391463,16830.785286118145,,,-5382.0,5294.223179876059
RBOB,2015-09-08,16148.0,29203.134615384617,11089.430265279714,-0.97856694,-1.1772592732973304,18351.38472334449,,,-384.0,1520.599437226345
RBOB,2015-09-15,16662.0,29184.096153846152,10803.867930338487,-1.0697408,-1.159038247652277,17626.758130787865,,,514.0,-724.6265925566258
RBOB,2015-09-22,16727.0,29347.23076923077,10146.735726880343,-0.9987004,-1.2437724908709054,19213.681939734888,,,65.0,1586.9238089470236
RBOB,2015-09-29,17760.0,29438.596153846152,9646.20378321438,-1.078557,-1.2106934931406275,19034.61540049826,,,1033.0,-179.06653923662816
RBOB,2015-10-06,24290.0,29583.21153846154,9031.408775616897,-1.044264,-0.5860892436573365,20152.03685571194,,,6530.0,1117.42145521368
RBOB,2015-10-13,17626.0,29657.076923076922,8824.512217470034,-0.8714099,-1.3633701927749386,21967.309675557466,,,-6664.0,1815.272819845526
RBOB,2015-10-20,13460.0,29530.78846153846,8711.218931263295,-1.1096404,-1.8448380861905267,19864.46835167071,,,-4166.0,-2102.841323886758
RBOB,2015-10-27,12350.0,29190.53846153846,8752.027458299366,-1.3589044,-1.9241871145604015,17297.37017451977,,,-1110.0,-2567.0981771509396
RBOB,2015-11-03,18353.0,28828.51923076923,8804.818096269322,-1.4288205,-1.1897485122614626,16248.014716726342,,,6003.0,-1049.3554577934265
RBOB,2015-11-10,15699.0,28584.30769230769,8792.339512864417,-1.3664168,-1.4655152560310816,16570.30716561855,,,-2654.0,322.2924488922072
RBOB,2015-11-17,-1228.0,28265.326923076922,8801.720460807885,-1.5189179,-3.3508593069280246,14896.236004121958,,,-16927.0,-1674.0711614965912
RBOB,2015-11-24,15127.0,27486.115384615383,9199.800937059184,-1.7573881,-1.3434111747820174,11318.494558113061,,,16355.0,-3577.7414460088967
RBOB,2015-12-01,25053.0,27025.173076923078,9181.047049310055,-1.6928024,-0.214809167879309,11483.474329258697,,,9926.0,164.97977114563582
RBOB,2015-12-08,16580.0,26691.23076923077,9170.401797061297,-1.4746466,-1.1025940839877884,13168.1292292774,,,-8473.0,1684.6549000187024
RBOB,2015-12-15,23414.0,26075.78846153846,8938.451311388224,-1.3633429,-0.29779078822604904,13889.614497180408,,,6834.0,721.4852679030082
RBOB,2015-12-22,21340.0,25561.903846153848,8709.262344826926,-1.1611595,-0.48476021033647565,15449.061002509847,,,-2074.0,1559.4465053294389
RBOB,2015-12-29,28311.0,25017.653846153848,8464.97648957839,-0.87473446,0.38905555826418864,17613.047196561623,,,6971.0,2163.9861940517767
RBOB,2016-01-05,27055.0,24681.76923076923,8505.84007358465,-0.5584986,0.27901191989265905,19931.269279336764,,,-1256.0,2318.2220827751407
RBOB,2016-01-12,16972.0,24320.076923076922,8515.836878853968,-0.501978,-0.8628719675600222,20045.31432745473,,,-10083.0,114.04504811796505
RBOB,2016-01-19,19981.0,23880.5,8480.529436236135,-0.7400409,-0.459817990058259,17604.561377752667,,,3009.0,-2440.7529497020623
RBOB,2016-01-26,17198.0,23454.0,8446.892135101689,-0.6515335,-0.740627428400882,17950.566934368522,,,-2783.0,346.0055566158553
RBOB,2016-02-02,14158.0,22712.25,7905.959448242982,-0.7605464,-1.0820002374159778,16699.40111186369,,,-3040.0,-1251.1658225048304
RBOB,2016-02-09,14134.0,21909.115384615383,7310.782129299021,-0.9858297,-1.0635134855757058,14701.929151194157,,,-24.0,-1997.4719606695344
RBOB,2016-02-16,23991.0,21076.096153846152,6590.324449869573,-0.8732701,0.442300507103491,15320.962899416958,,,9857.0,619.0337482228006
RBOB,2016-02-23,20357.0,20620.71153846154,6643.917879667141,-0.47704175,-0.039692173087899595,17451.285318672803,,,-3634.0,2130.3224192558446
RBOB,2016-03-01,25852.0,20201.615384615383,6738.091314819184,-0.103209674,0.8385734700504344,19506.179174215948,,,5495.0,2054.893855543145
RBOB,2016-03-08,29283.0,19868.23076923077,7029.564496744419,0.35474914,1.3393104558795164,22361.96275098312,,,3431.0,2855.7835767671713
RBOB,2016-03-15,33789.0,19738.365384615383,7575.885883086326,0.6673356,1.8546523577861174,24794.023959146136,,,4506.0,2432.061208163017
RBOB,2016-03-22,29268.0,19778.25,8301.19889636245,1.1386386,1.1431782467178768,29230.315619242585,,,-4521.0,4436.291660096449
RBOB,2016-03-29,32533.0,19796.096153846152,8696.128362145255,1.0423567,1.4646637349097007,28860.564072788824,,,3265.0,-369.75154645376097
RBOB,2016-04-05,22362.0,19955.28846153846,9124.255080852223,0.8706959,0.26377074261242023,27899.739850588492,,,-10171.0,-960.8242222003319
RBOB,2016-04-12,21160.0,19894.134615384617,9191.191761507464,0.95373166,0.1377259247181419,28660.06515538565,,,-1202.0,760.3253047971593
RBOB,2016-04-19,23815.0,19982.846153846152,9000.173108845629,0.5657365,0.42578668207920317,25074.572341293788,,,2655.0,-3585.4928140918637
RBOB,2016-04-26,26094.0,19976.096153846152,9076.942850629503,0.6667119,0.674004887640067,26027.80220815909,,,2279.0,953.229866865302
RBOB,2016-05-03,23695.0,19967.865384615383,9248.408134436253,0.49710315,0.403002826130338,24565.27824382011,,,-2399.0,-1462.5239643389796
RBOB,2016-05-10,15648.0,19925.94230769231,9345.802214682966,0.37244293,-0.4577394438084016,23406.720276484593,,,-8047.0,-1158.5579673355169
RBOB,2016-05-17,24592.0,19746.615384615383,9319.342526203884,0.50234586,0.5199277311420297,24428.148520617084,,,8944.0,1021.4282441324904
RBOB,2016-05-24,21979.0,19743.05769230769,9426.688699844668,0.51532,0.23719275971520648,24600.818941699818,,,-2613.0,172.6704210827338
RBOB,2016-05-31,16703.0,19720.53846153846,9456.34447450051,0.30414867,-0.3191020028590751,22596.673094451216,,,-5276.0,-2004.145847248601
RBOB,2016-06-07,13212.0,19522.153846153848,9461.61051996959,0.010305934,-0.6669217500377651,19619.66457643556,,,-3491.0,-2977.0085180156566
RBOB,2016-06-14,4650.0,19402.28846153846,9367.264369394492,-0.41465688,-1.5748769202819095,15518.087867242532,,,-8562.0,-4101.576709193028
RBOB,2016-06-21,8068.0,18967.98076923077,9437.578465416656,-0.5481547,-1.154955247172035,13794.727666154016,,,3418.0,-1723.3602010885152
RBOB,2016-06-28,8801.0,18744.653846153848,9397.979077146625,-0.99896276,-1.0580629904076035,9356.42272909193,,,733.0,-4438.3049370620865
RBOB,2016-07-05,2412.0,18590.826923076922,9314.611404165873,-1.2187886,-1.7369298858609488,7238.284508470395,,,-6389.0,-2118.138220621535
RBOB,2016-07-12,2149.0,18493.576923076922,9078.888726346935,-1.3498744,-1.8002838690648295,6238.217657471212,,,-263.0,-1000.0668509991829
RBOB,2016-07-19,1768.0,18301.596153846152,9016.497372980479,-1.5702732,-1.833704982091159,4143.232323418948,,,-381.0,-2094.985334052264
RBOB,2016-07-26,-4766.0,18017.75,9064.242513903673,-1.6738716,-2.513585659811278,2845.3715506100325,,,-6534.0,-1297.8607728089155
RBOB,2016-08-02,-3964.0,17658.53846153846,9244.498500357013,-1.9563255,-2.338962839434007,-426.70997605534285,,,802.0,-3272.0815266653753
RBOB,2016-08-09,-932.0,17288.134615384617,9413.362050797627,-1.9726886,-1.9355608035750376,-1281.4969730489793,,,3032.0,-854.7869969936364
RBOB,2016-08-16,-1473.0,16995.134615384617,9474.088389960736,-1.7011708,-1.9493310443413707,878.0920697134952,,,-541.0,2159.5890427624745
RBOB,2016-08-23,15650.0,16666.576923076922,9565.604621001343,-1.6399871,-0.10627419419416742,979.1086348363388,,,17123.0,101.01656512284353
RBOB,2016-08-30,16817.0,16546.115384615383,9591.913542687615,-1.3859302,0.028240935886158572,3252.3929165819773,,,1167.0,2273.2842817456385
RBOB,2016-09-06,11535.0,16551.596153846152,9584.485847776545,-1.2081976,-0.5234079567251828,4971.643415816592,,,-5282.0,1719.2504992346148
RBOB,2016-09-13,20633.0,16462.884615384617,9530.219115689717,-0.84919775,0.43756762924265513,8369.844029905027,,,9098.0,3398.200614088435
RBOB,2016-09-20,21494.0,16539.25,9571.02985089841,-0.63910544,0.5176820130317438,10422.352763678335,,,861.0,2052.5087337733075
RBOB,2016-09-27,22962.0,16630.923076923078,9615.065324579506,-0.24006216,0.6584538647795196,14322.709704640278,,,1468.0,3900.356940961943
RBOB,2016-10-04,30817.0,16730.96153846154,9688.83936408235,0.39190894,1.4538416762029347,20528.10433886369,,,7855.0,6205.394634223412
RBOB,2016-10-11,36632.0,16856.48076923077,10025.053552778967,0.7174665,1.9726098346165355,24049.120589187798,,,5815.0,3521.016250324108
RBOB,2016-10-18,39963.0,17221.98076923077,10486.870247677307,1.085571,2.1685229905277073,28606.2235219683,,,3331.0,4557.102932780501
RBOB,2016-10-25,40617.0,17731.653846153848,10941.601417311154,1.3350182,2.091590186939026,32338.890415413996,,,654.0,3732.6668934456975
RBOB,2016-11-01,41941.0,18275.25,11316.97447440068,1.3381999,2.0911728707644084,33419.62358820014,,,1324.0,1080.7331727861456
RBOB,2016-11-08,39651.0,18728.865384615383,11791.014671944326,1.1357851,1.7744134154261535,32120.924196427593,,,-2290.0,-1298.6993917725486
RBOB,2016-11-15,25639.0,19189.48076923077,12071.648886846682,1.2231282,0.5342699486394649,33954.65493812925,,,-14012.0,1833.7307417016564
RBOB,2016-11-22,16804.0,19706.153846153848,11446.633560460088,1.3396075,-0.25353776119633187,35040.149752378544,,,-8835.0,1085.494814249294
RBOB,2016-11-29,22025.0,19738.403846153848,11334.554196266216,0.9227028,0.201736752434374,30196.828618595973,,,5221.0,-4843.3211337825705
RBOB,2016-12-06,40372.0,19680.173076923078,11337.182593547874,1.3457736,1.8251295462818855,34937.4538567682,,,18347.0,4740.62523817223
RBOB,2016-12-13,38377.0,20137.71153846154,11595.110409199875,1.5089962,1.5730155054898758,37634.68964393347,,,-1995.0,2697.235787165264
RBOB,2016-12-20,42419.0,20425.46153846154,11834.862426687863,1.6037836,1.858368747231279,39406.019895198944,,,4042.0,1771.3302512654773
RBOB,2016-12-27,50246.0,20830.826923076922,12154.703630600206,1.8372285,2.420065019345152,43161.79528720217,,,7827.0,3755.7753920032264
RBOB,2017-01-03,61421.0,21252.653846153848,12738.607403407863,1.902158,3.153276090689491,45483.49810672326,,,11175.0,2321.702819521088
RBOB,2017-01-10,63258.0,21913.53846153846,13762.985752151646,1.8236392,3.0040328663420963,47012.25816108229,,,1837.0,1528.7600543590306
RBOB,2017-01-17,63453.0,22803.653846153848,14656.292063281324,2.1421328,2.773508195547338,54199.37720176166,,,195.0,7187.1190406793685
RBOB,2017-01-24,61213.0,23639.653846153848,15456.429274817727,2.101938,2.43092020063536,56128.11002636443,,,-2240.0,1928.7328246027755
RBOB,2017-01-31,56060.0,24486.096153846152,16025.117677801929,1.9620612,1.9702759431146126,55928.35724227348,,,-5153.0,-199.75278409095336
RBOB,2017-02-07,48754.0,25291.903846153848,16302.364170005276,1.7457691,1.4391836612884694,53752.06817380233,,,-7306.0,-2176.289068471153
RBOB,2017-02-14,49341.0,25957.673076923078,16362.902554824137,1.8175037,1.4290451736622372,55697.30886120119,,,587.0,1945.2406873988657
RBOB,2017-02-21,40955.0,26445.173076923078,16512.615783487854,1.5137086,0.8787115932041691,51440.46145588615,,,-8386.0,-4256.847405315042
RBOB,2017-02-28,39225.0,26841.28846153846,16514.39652126621,1.3852615,0.7498736949009651,49718.0467468304,,,-1730.0,-1722.4147090557526
RBOB,2017-03-07,30617.0,27098.46153846154,16527.772844048497,0.9090702,0.21288642424713958,42123.36720034672,,,-8608.0,-7594.679546483676
RBOB,2017-03-14,28362.0,27124.115384615383,16532.8157064457,0.17034948,0.07487439752334499,29940.471922008997,,,-2255.0,-12182.895278337724
RBOB,2017-03-21,20380.0,27019.75,16523.26857901199,0.3193518,-0.40184240595313403,32296.4854359485,,,-7982.0,2356.0135139395024
RBOB,2017-03-28,17549.0,26848.826923076922,16622.558944682725,0.3332358,-0.5594702328339031,32388.058655481444,,,-2831.0,91.57321953294377
RBOB,2017-04-04,27960.0,26560.673076923078,16739.85925313346,1.0063643,0.08359251424500407,43407.07057881083,,,10411.0,11019.011923329388
RBOB,2017-04-11,33418.0,26668.326923076922,16745.79147470182,1.2381352,0.403066829484885,47401.88111157682,,,5458.0,3994.810532765987
RBOB,2017-04-18,32910.0,26904.05769230769,16730.90707978912,0.801059,0.3589729044008299,40306.50151463847,,,-508.0,-7095.37959693835
RBOB,2017-04-25,20364.0,27078.96153846154,16727.4936309704,-0.15096563,-0.4014326166610526,24553.68490727731,,,-12546.0,-15752.816607361157
RBOB,2017-05-02,-3259.0,26968.76923076923,16823.21893482229,-1.07561,-1.7967886733139362,8873.54601213046,,,-23623.0,-15680.13889514685
RBOB,2017-05-09,-20790.0,26450.423076923078,17538.448073057974,-1.3875172,-2.693534962736661,2115.524471842182,,,-17531.0,-6758.021540288279
RBOB,2017-05-16,-13153.0,25749.69230769231,18923.296639692107,-0.8954553,-2.055809463246108,8804.726022918687,,,7637.0,6689.201551076505
RBOB,2017-05-23,-3149.0,25023.826923076922,19831.549867969454,-0.65081346,-1.4206064130458973,12117.18732939941,,,10004.0,3312.4613064807236
RBOB,2017-05-30,3650.0,24540.596153846152,20305.90034361014,-0.9388945,-1.0287943799753752,5475.49779515784,,,6799.0,-6641.68953424157
RBOB,2017-06-06,3916.0,24289.576923076922,20558.418840651368,-1.4156591,-0.9910089429052322,-4814.135173857492,,,266.0,-10289.632969015332
RBOB,2017-06-13,-12849.0,24110.80769230769,20770.013996829133,-1.7155417,-1.7794791904305014,-11521.017852343586,,,-16765.0,-6706.882678486094
RBOB,2017-06-20,-21408.0,23774.28846153846,21348.445867093407,-2.0378115,-2.116420499310568,-19729.820411749366,,,-8559.0,-8208.80255940578
RBOB,2017-06-27,-20524.0,23207.44230769231,22248.61469858936,-1.8792669,-1.9655804597337485,-18603.641934023024,,,884.0,1126.178477726342
RBOB,2017-07-04,-10379.0,22643.5,23048.242325075767,-1.3352283,-1.4327556754326793,-8131.16596939235,,,10145.0,10472.475964630674
RBOB,2017-07-11,6075.0,22397.51923076923,23402.59173981921,-1.1838728,-0.6974663068192004,-5308.173022912531,,,16454.0,2822.992946479819
RBOB,2017-07-18,14660.0,22473.01923076923,23406.05101369817,-0.58724886,-0.3338033923875811,8727.842413983248,,,8585.0,14036.01543689578
RBOB,2017-07-25,27607.0,22720.94230769231,23318.211150131865,-0.14516872,0.20953827293394506,19335.86740325958,,,12947.0,10608.024989276333
RBOB,2017-08-01,44388.0,23343.5,23091.772502945925,0.71032023,0.9113419074830768,39746.05325466496,,,16781.0,20410.185851405382
RBOB,2017-08-08,46798.0,24273.346153846152,23014.937575997268,0.73461723,0.978697151438084,41180.51591995357,,,2410.0,1434.4626652886072
RBOB,2017-08-15,39166.0,25191.23076923077,22996.300016643458,0.26401374,0.6076964216267426,31262.569883918855,,,-7632.0,-9917.946036034715
RBOB,2017-08-22,36514.0,25972.75,22847.611866471583,0.15923332,0.4613720708145027,29610.851017980633,,,-2652.0,-1651.7188659382227
RBOB,2017-08-29,48635.0,26373.98076923077,22858.408446943566,0.9014387,0.9738656688386276,46979.43506255727,,,12121.0,17368.584044576637
RBOB,2017-09-05,64675.0,26985.865384615383,22989.437427368266,1.4984173,1.6394109135753268,61433.635183532926,,,16040.0,14454.200120975656
RBOB,2017-09-12,67700.0,28007.78846153846,23392.83830039572,1.7737103,1.6967676614851004,69499.90555153193,,,3025.0,8066.270367999008
RBOB,2017-09-19,70259.0,28912.923076923078,23862.356411235894,1.6170034,1.7326904439164523,67498.43550084603,,,2559.0,-2001.470050685908
RBOB,2017-09-26,69346.0,29850.71153846154,24348.895766879956,1.622525,1.622056656682602,69357.40307602807,,,-913.0,1858.9675751820469
RBOB,2017-10-03,64231.0,30742.71153846154,24761.362330994238,1.0434047,1.3524412758025262,56578.83333270959,,,-5115.0,-12778.569743318483
RBOB,2017-10-10,59956.0,31385.28846153846,25006.145397694312,0.86031026,1.1425476051617254,52898.3318222343,,,-4275.0,-3680.5015104752893
RBOB,2017-10-17,61374.0,31833.826923076922,25118.929050335722,0.8524669,1.1760124413635487,53246.88203158906,,,1418.0,348.55020935476205
RBOB,2017-10-24,67856.0,32245.576923076922,25217.31790222821,1.2738435,1.4121415772680779,64368.49409710207,,,6482.0,11121.612065513007
RBOB,2017-10-31,80204.0,32769.403846153844,25426.10553372274,1.7542882,1.8655863789652516,77374.12066854714,,,12348.0,13005.626571445071
RBOB,2017-11-07,91243.0,33505.230769230766,25911.388915253014,2.0227895,2.2282776666125095,85918.51563519568,,,11039.0,8544.394966648542
RBOB,2017-11-14,101271.0,34497.38461538462,26725.66655256949,2.0226111,2.498482694651279,88553.01554073705,,,10028.0,2634.4999055413646
RBOB,2017-11-21,94399.0,35951.846153846156,27844.84800693898,1.8221631,2.0990293727438813,86689.70085672906,,,-6872.0,-1863.3146840079862
WTI,2015-01-06,188251.0,256671.4423076923,61166.015866704,-1.0615315,-1.1186022391387649,191741.787060793,,,,
WTI,2015-01-13,204795.0,255663.42307692306,61808.962869096984,-1.109488,-0.8229942829595037,187087.11983799978,,,16544.0,-4654.667222793214
WTI,2015-01-20,205706.0,255344.57692307694,62185.188187964166,-1.0182245,-0.798237946519303,192026.09615548578,,,911.0,4938.976317485998
WTI,2015-01-27,203744.0,255032.57692307694,62525.105753430274,-0.9524522,-0.8202877277062922,195480.40347031123,,,-1962.0,3454.307314825448
WTI,2015-02-03,193444.0,254137.21153846153,62697.61155339939,-0.69100535,-0.9680306798731765,210812.82657555433,,,-10300.0,15332.423105243099
WTI,2015-02-10,195046.0,252670.51923076922,62716.16503819233,-0.49916548,-0.9188144586914323,221364.77489619065,,,1602.0,10551.948320636322
WTI,2015-02-17,208558.0,250804.90384615384,62183.93439951888,-0.4348152,-0.6793861510068863,223766.38408642466,,,13512.0,2401.609190234012
WTI,2015-02-24,198427.0,248589.25,60499.7758546176,-0.5311943,-0.8291311710069982,216452.11214441838,,,-10131.0,-7314.271942006279
WTI,2015-03-03,164194.0,246075.75,58650.845790289386,-0.62602746,-1.3960881364400866,209358.709697621,,,-34233.0,-7093.4024467973795
WTI,2015-03-10,160285.0,242708.75,56821.46820099737,-0.8422043,-1.4505740983045075,194853.46669735995,,,-3909.0,-14505.243000261049
WTI,2015-03-17,144496.0,239510.59615384616,55395.224063093265,-1.172158,-1.7152127780118334,174578.6409484345,,,-15789.0,-20274.825748925447
WTI,2015-03-24,141964.0,236708.1923076923,55331.08027536823,-1.2562995,-1.7123141611581663,167195.78406137577,,,-2532.0,-7382.856887058733
WTI,2015-03-31,175453.0,234002.96153846153,55369.56076604552,-1.2778373,-1.0574395160159251,163249.6728104612,,,33489.0,-3946.111250914575
WTI,2015-04-07,216421.0,231727.73076923078,54476.05007479848,-0.9823302,-0.2809809218585752,178214.2614375469,,,40968.0,14964.5886270857
WTI,2015-04-14,238556.0,229737.84615384616,52638.45915930341,-0.61169696,0.16752302379267703,197539.06078376982,,,22135.0,19324.79934622292
WTI,2015-04-21,259286.0,227952.86538461538,50618.64592426756,-0.11403799,0.6190038086412523,222180.41671803413,,,20730.0,24641.355934264313
WTI,2015-04-28,257353.0,226731.67307692306,49452.05119156798,0.16263276,0.6192124731986476,234774.19681730247,,,-1933.0,12593.780099268333
WTI,2015-05-05,266310.0,225521.0576923077,48441.84442028472,0.4677516,0.8420187710815611,248179.807558577,,,8957.0,13405.610741274548
WTI,2015-05-12,263032.0,225014.4423076923,48659.077676335684,0.6324935,0.7813045274961454,255790.99245647044,,,-3278.0,7611.184897893429
WTI,2015-05-19,250573.0,224368.38461538462,48743.60171269617,0.6244706,0.5376011304841657,254807.330410951,,,-12459.0,-983.6620455194497
WTI,2015-05-26,251015.0,223189.17307692306,48120.82736888505,0.5246886,0.578249137525618,248437.62269182963,,,442.0,-6369.707719121361
WTI,2015-06-02,244522.0,221563.96153846153,46721.48444571437,0.56507546,0.49138075842203566,247965.1257178319,,,-6493.0,-472.4969739977387
WTI,2015-06-09,236618.0,219801.61538461538,45227.888473465864,0.5319907,0.3718144972708686,243862.4317461416,,,-7904.0,-4102.693971690285
WTI,2015-06-16,239044.0,218017.42307692306,43907.67947149307,0.55495536,0.47888153453266363,242384.2252885272,,,2426.0,-1478.206457614404
WTI,2015-06-23,235807.0,216224.38461538462,42592.175954686376,0.5205792,0.45977024995034843,238396.98630361207,,,-3237.0,-3987.238984915137
WTI,2015-06-30,221052.0,214547.82692307694,41665.54076342703,0.411215,0.15610437204819058,231681.3225724824,,,-14755.0,-6715.663731129665
WTI,2015-07-07,181030.0,212810.46153846153,40880.195157214446,0.022977293,-0.7774048390973247,213749.77774158667,,,-40022.0,-17931.544830895728
WTI,2015-07-14,147349.0,210612.8076923077,40107.979141796895,-0.37750092,-1.5773372043663973,195472.00860726557,,,-33681.0,-18277.769134321105
WTI,2015-07-21,114187.0,208370.65384615384,40053.84568204171,-0.8176994,-2.3514259927450967,175618.64935498597,,,-33162.0,-19853.359252279595
WTI,2015-07-28,106466.0,205542.13461538462,40530.77661370137,-1.3265667,-2.4444667211704028,151775.3561898644,,,-7721.0,-23843.293165121577
WTI,2015-08-04,115972.0,202483.78846153847,40988.37252943776,-1.6333762,-2.110642192475583,135534.3546257529,,,9506.0,-16241.001564111502
WTI,2015-08-11,100132.0,200154.51923076922,41386.319512641305,-1.9487727,-2.416801503700219,119501.9909007163,,,-15840.0,-16032.363725036601
WTI,2015-08-18,82554.0,197878.6923076923,42050.41047044206,-2.1172397,-2.7425342824835437,108847.89328359708,,,-17578.0,-10654.097617119216
WTI,2015-08-25,89234.0,195683.71153846153,42936.32146220055,-2.3895612,-2.4792461932766106,93084.74471924856,,,6680.0,-15763.148564348521
WTI,2015-09-01,110190.0,193635.48076923078,43550.24651284924,-1.828893,-1.9160736723869218,113986.74211472453,,,20956.0,20901.997395475977
WTI,2015-09-08,130080.0,192250.5576923077,43490.43873583507,-1.6238728,-1.429522430664298,121627.61904103385,,,19890.0,7640.876926309313
WTI,2015-09-15,144287.0,190941.28846153847,43422.43912505795,-1.5589157,-1.0744280929768293,123249.36488818917,,,14207.0,1621.7458471553255
WTI,2015-09-22,163841.0,189701.61538461538,43388.70256987158,-1.2026974,-0.5960218640548283,137518.1357759337,,,19554.0,14268.77088774454
WTI,2015-09-29,150390.0,189120.3076923077,43313.64930683115,-1.0543689,-0.8941825108742198,143451.74492877309,,,-13451.0,5933.609152839374
WTI,2015-10-06,173467.0,188013.3076923077,43284.82350762845,-0.83080184,-0.3360602288177072,152052.19647912032,,,23077.0,8600.451550347236
WTI,2015-10-13,182342.0,187503.63461538462,43376.704916513976,-0.52332246,-0.11899554438999203,164803.63056010683,,,8875.0,12751.43408098651
WTI,2015-10-20,159793.0,187122.01923076922,43605.53470568889,-0.47625232,-0.6267328084662566,166354.78227447212,,,-22549.0,1551.151714365289
WTI,2015-10-27,139172.0,186130.40384615384,43629.77375140045,-0.7135729,-1.0762926279132161,154997.37881896924,,,-20621.0,-11357.403455502877
WTI,2015-11-03,165718.0,184850.36538461538,43572.80141663506,-0.6071079,-0.43908963304138376,158396.97438975365,,,26546.0,3399.5955707844114
WTI,2015-11-10,138597.0,184332.03846153847,43480.354470297105,-0.6414355,-1.051855234822927,156442.19537953899,,,-27121.0,-1954.7790102146682
WTI,2015-11-17,109958.0,183088.4423076923,43397.86198479175,-1.0156479,-1.685116246816951,139011.4954311555,,,-28639.0,-17430.699948383495
WTI,2015-11-24,85108.0,181695.8076923077,43270.08314297169,-1.186503,-2.2322075826192704,130355.72195209193,,,-24850.0,-8655.773479063559
WTI,2015-12-01,79252.0,180094.26923076922,43328.63412431537,-1.5061686,-2.3273816788556014,114834.04086298111,,,-5856.0,-15521.681089110818
WTI,2015-12-08,74253.0,177817.51923076922,43985.471726970034,-1.943701,-2.3545165065779625,92322.91258175508,,,-4999.0,-22511.128281226032
WTI,2015-12-15,79408.0,175343.13461538462,44736.046806434395,-2.1833744,-2.1444705436419174,77667.59504148409,,,5155.0,-14655.31754027099
WTI,2015-12-22,62057.0,172732.92307692306,45318.200273989794,-2.3213935,-2.4421959038043504,67531.54798972451,,,-17351.0,-10136.047051759582
WTI,2015-12-29,73751.0,170062.9423076923,46191.43597740451,-2.2007651,-2.0850605803812914,68406.44056985063,,,11694.0,874.8925801261212
WTI,2016-01-05,49436.0,167741.15384615384,46658.38062339678,-2.2267365,-2.5355606488157862,63845.23255525963,,,-24315.0,-4561.208014591
WTI,2016-01-12,36372.0,165071.63461538462,47609.85281867386,-2.8118856,-2.703214292754654,31198.175279171497,,,-13064.0,-32647.057276088133
WTI,2016-01-19,56663.0,161832.73076923078,48910.27334277071,-2.976745,-2.1502584954327517,16239.32451721633,,,20291.0,-14958.850761955167
WTI,2016-01-26,77084.0,158966.51923076922,49528.77861708056,-2.5717251,-1.6532311419149572,31592.114598995904,,,20421.0,15352.790081779574
WTI,2016-02-02,66270.0,156530.75,49731.06072487649,-2.3578146,-1.81497737398651,39274.13141607116,,,-10814.0,7682.016817075259
WTI,2016-02-09,72403.0,154085.09615384616,50019.56361680891,-2.2251885,-1.6330029741882266,42782.13873239537,,,6133.0,3508.007316324205
WTI,2016-02-16,57861.0,151726.57692307694,50196.500626059686,-1.7935858,-1.8699625621780156,61694.8473308134,,,-14542.0,18912.70859841803
WTI,2016-02-23,102252.0,148828.5576923077,50522.348535501646,-1.4961376,-0.9219000906020574,73240.17144717669,,,44391.0,11545.324116363292
WTI,2016-03-01,124411.0,146979.03846153847,50526.13927561848,-0.8944633,-0.4466606549617919,101785.26115319045,,,22159.0,28545.089706013765
WTI,2016-03-08,165251.0,146213.98076923078,50499.69565822609,-0.33054316,0.37697294969080086,129521.65176517643,,,40840.0,27736.390611985975
WTI,2016-03-15,194945.0,146309.48076923078,51155.84539189304,-0.16938475,0.9507323915416471,137644.46080191404,,,29694.0,8122.8090367376135
WTI,2016-03-22,226086.0,147279.65384615384,52369.54830963459,0.60334563,1.5048124090722375,178876.59209755049,,,31141.0,41232.13129563644
WTI,2016-03-29,209182.0,148897.38461538462,54528.86714831369,0.30271465,1.1055541502567174,165404.07132347405,,,-16904.0,-13472.52077407643
WTI,2016-04-05,176508.0,149546.01923076922,56217.68888743928,-0.0136650205,0.4795995940568609,148777.8033615795,,,-32674.0,-16626.26796189454
WTI,2016-04-12,201020.0,148778.46153846153,56860.57862382934,1.0387666,0.9187655090031901,207843.3327513965,,,24512.0,59065.52938981698
WTI,2016-04-19,221871.0,148056.61538461538,57858.82659648601,0.839857,1.2757670515887658,196649.75488537495,,,20851.0,-11193.577866021544
WTI,2016-04-26,223467.0,147337.09615384616,59123.78568579726,1.1789472,1.2876358129489973,217040.91835119488,,,1596.0,20391.163465819933
WTI,2016-05-03,212757.0,146685.4423076923,60447.83354736773,1.1252178,1.0930343374594746,214702.4203068756,,,-10710.0,-2338.4980443192762
WTI,2016-05-10,191731.0,145655.57692307694,61188.51382453124,1.1884607,0.7530077165961637,218375.72136391775,,,-21026.0,3673.3010570421466
WTI,2016-05-17,221826.0,144284.40384615384,61406.390232472935,1.6833903,1.2627610230838906,247655.3230494603,,,30095.0,29279.601685542555
WTI,2016-05-24,210985.0,143731.57692307694,62793.987143112055,1.3006232,1.0710169259303066,225402.8920707127,,,-10841.0,-22252.43097874761
WTI,2016-05-31,210646.0,142961.76923076922,63771.62662118793,1.2679836,1.0613533691289427,223823.14311265523,,,-339.0,-1579.748958057462
WTI,2016-06-07,192591.0,142310.3076923077,64819.777597802524,1.2067506,0.7756998584548814,220531.6152312815,,,-18055.0,-3291.5278813737386
WTI,2016-06-14,152698.0,141463.63461538462,65469.902382729706,0.67947096,0.1715958780408826,185948.53179791715,,,-39893.0,-34583.08343336434
WTI,2016-06-21,180976.0,139803.13461538462,65323.55096936446,0.4786107,0.630291292705822,171067.68470605576,,,28278.0,-14880.84709186139
WTI,2016-06-28,152611.0,138748.6923076923,65718.62971005696,0.17924622,0.21093421687984967,150528.5080704591,,,-28365.0,-20539.17663559667
WTI,2016-07-05,145365.0,137432.51923076922,65806.86421403546,-0.011096194,0.12054184413696649,136702.31347348544,,,-7246.0,-13826.194596973655
WTI,2016-07-12,154529.0,136746.65384615384,66034.50278508286,0.07932189,0.2692887112623671,141984.63548289498,,,9164.0,5282.322009409545
WTI,2016-07-19,136086.0,136884.73076923078,66214.20121043612,-0.10742235,-0.012062831758587933,129771.84555018693,,,-18443.0,-12212.789932708052
WTI,2016-07-26,100607.0,137305.86538461538,65718.05866547853,-0.33361742,-0.5584289330794423,115381.17627065604,,,-35479.0,-14390.669279530892
WTI,2016-08-02,64691.0,137193.1923076923,65005.421076504215,-0.72437817,-1.1153253237505412,90104.68444033289,,,-35916.0,-25276.491830323153
WTI,2016-08-09,74984.0,136207.01923076922,64805.63221752966,-0.38945162,-0.9447175675297037,110968.36058651215,,,10293.0,20863.676146179263
WTI,2016-08-16,133577.0,135723.40384615384,64197.20561395133,0.09171523,-0.03343453699622383,141611.26542311837,,,58593.0,30642.90483660622
WTI,2016-08-23,220106.0,136704.61538461538,63031.44743730381,0.28169507,1.3231710202806688,154460.2632492013,,,86529.0,12848.997826082923
WTI,2016-08-30,195716.0,139221.38461538462,63556.58648280794,0.29990864,0.8888868724864128,158282.5539034038,,,-24390.0,3822.2906542025157
WTI,2016-09-06,148352.0,140866.11538461538,63733.9026366355,0.27215236,0.11745529938851713,158211.44767030983,,,-47364.0,-71.10623309397488
WTI,2016-09-13,170395.0,141217.5,63502.86311007971,0.24626449,0.45946747234722246,156856.00003890134,,,22043.0,-1355.4476314084895
WTI,2016-09-20,128554.0,141719.57692307694,63642.330489802145,0.067511946,-0.20686824039522797,146016.19450005784,,,-41841.0,-10839.805538843502
WTI,2016-09-27,154939.0,141040.98076923078,63621.652071705226,0.079967186,0.21844794622914476,146128.62524484537,,,26385.0,112.4307447875326
WTI,2016-10-04,222831.0,141128.46153846153,63639.29850157876,0.7629823,1.2838378232518008,189684.12044371915,,,67892.0,43555.495198873774
WTI,2016-10-11,254375.0,142077.76923076922,64939.45414829936,1.1845562,1.7292604664151097,219002.20524122886,,,31544.0,29318.084797509713
WTI,2016-10-18,264486.0,143463.01923076922,67092.46427807832,1.2018564,1.8038237538514983,224098.52512043365,,,10111.0,5096.3198792047915
WTI,2016-10-25,244625.0,145476.34615384616,69324.33922700724,1.204343,1.4302141924712022,228966.62614945197,,,-19861.0,4868.1010290183185
WTI,2016-11-01,211409.0,147504.28846153847,70526.82777771365,0.6280457,0.9061050036147422,191798.35784016625,,,-33216.0,-37168.26830928572
WTI,2016-11-08,130892.0,148382.96153846153,71077.52654650134,0.47090983,-0.24608286737465954,181854.0677590717,,,-80517.0,-9944.290081094543
WTI,2016-11-15,123893.0,148234.78846153847,70853.90173594041,0.3656988,-0.3435490193928329,174145.97632142552,,,-6999.0,-7708.091437646188
WTI,2016-11-22,154821.0,148502.76923076922,70227.9514273832,0.43632078,0.08996746510203889,179144.6838952999,,,30928.0,4998.707573874388
WTI,2016-11-29,158680.0,149843.40384615384,68931.33921290624,0.075191826,0.12819417488107718,155026.47708457455,,,3859.0,-24118.206810725358
WTI,2016-12-06,242525.0,151370.86538461538,67450.84911952379,0.9497998,1.3514156723788355,215435.6667745608,,,83845.0,60409.18968998626
WTI,2016-12-13,274757.0,154606.86538461538,66764.729952445,1.3452954,1.7996048916990277,244425.1514233973,,,32232.0,28989.484648836486
WTI,2016-12-20,283753.0,158363.57692307694,66879.33475954561,1.4087217,1.8748605010462722,252577.94610461325,,,8996.0,8152.79468121595
WTI,2016-12-27,285239.0,162626.96153846153,66384.99027992118,1.5945833,1.8469843551159444,268483.3566127074,,,1486.0,15905.410508094123
WTI,2017-01-03,279697.0,166694.03846153847,66016.03543660825,1.4508106,1.7117501951018004,262470.79925063247,,,-5542.0,-6012.5573620749055
WTI,2017-01-10,278360.0,171122.13461538462,64270.274298511285,1.2015179,1.6685453198244615,248344.0221659742,,,-1337.0,-14126.777084658272
WTI,2017-01-17,343415.0,175775.75,61560.70721759752,1.3090482,2.723153413547518,256361.68148487835,,,65055.0,8017.65931890416
WTI,2017-01-24,366821.0,181290.21153846153,61433.29586306704,1.4930471,3.020036380191631,273013.0168875401,,,23406.0,16651.33540266176
WTI,2017-01-31,374464.0,186862.07692307694,62565.22532062384,1.814466,2.998501517664677,300384.5510248666,,,7643.0,27371.534137326467
WTI,2017-02-07,352023.0,192788.88461538462,63018.45354978409,2.0501347,2.5267855114664415,321985.20038262417,,,-22441.0,21600.64935775759
WTI,2017-02-14,383532.0,198166.1923076923,62353.92127113743,2.3768027,2.972801131243535,346369.1596728072,,,31509.0,24383.959290183033
WTI,2017-02-21,405328.0,204429.09615384616,61743.80595483697,2.763784,3.2537499225930944,375075.63493581413,,,21796.0,28706.475263006927
WTI,2017-02-28,368602.0,210257.48076923078,63178.04104782589,2.9324086,2.506322079706494,395521.3098522356,,,-36726.0,20445.67491642147
WTI,2017-03-07,357178.0,214953.46153846153,63493.670389106665,2.5212257,2.2399797899530363,375035.3345293106,,,-11424.0,-20485.97532292502
WTI,2017-03-14,254820.0,218644.36538461538,64074.1240613388,0.99266016,0.5645903887933501,282248.19593687844,,,-102358.0,-92787.13859243214
WTI,2017-03-21,233399.0,219795.8076923077,64161.61634118999,0.8930218,0.21201448908885168,277093.5312182235,,,-21421.0,-5154.664718654938
WTI,2017-03-28,210245.0,219936.4423076923,64509.60868536028,0.74824846,-0.15023253907741768,268205.65752680233,,,-23154.0,-8887.873691421177
WTI,2017-04-04,227992.0,219956.88461538462,65284.88094593341,1.6045027,0.12307773665498095,324706.65092065866,,,17747.0,56500.99339385633
WTI,2017-04-11,277021.0,220946.96153846153,65555.86688601857,2.1426756,0.8553626261862103,361411.9204561404,,,49029.0,36705.269535481755
WTI,2017-04-18,293105.0,222408.51923076922,65552.35155137377,1.8799407,1.078473603099128,345643.0560534933,,,16084.0,-15768.86440264713
WTI,2017-04-25,220950.0,223778.40384615384,65535.13817950278,0.5492974,-0.04315858522197295,259776.68435665203,,,-72155.0,-85866.37169684126
WTI,2017-05-02,163005.0,223730.0,66081.89824242289,-0.060911477,-0.9189354666724162,219704.85400072407,,,-57945.0,-40071.83035592796
WTI,2017-05-09,115851.0,222773.23076923078,68099.4970266235,-0.8252735,-1.5700884064889573,166572.51957046887,,,-47154.0,-53132.3344302552
WTI,2017-05-16,115560.0,221314.0,71719.12660381975,-0.21373391,-1.4745578342607362,205985.19054057758,,,-291.0,39412.67097010871
WTI,2017-05-23,172744.0,219270.42307692306,74879.32739315554,0.3553585,-0.6213520433034215,245879.42937972266,,,57184.0,39894.23883914508
WTI,2017-05-30,185196.0,218535.01923076922,76009.67761564754,-0.20583639,-0.43861545367094107,202889.4619282174,,,12452.0,-42989.96745150525
WTI,2017-06-06,201590.0,218045.59615384616,76776.324841794,-0.87918985,-0.21433164699866408,150544.63071710416,,,16394.0,-52344.831211113255
WTI,2017-06-13,168627.0,218218.65384615384,77265.998429183,-1.3484528,-0.6418302339237398,114029.10141940074,,,-32963.0,-36515.52929770341
WTI,2017-06-20,110749.0,218524.98076923078,78261.6376031698,-1.8276575,-1.3771240172064272,75489.51488069803,,,-57878.0,-38539.586538702715
WTI,2017-06-27,105983.0,217174.46153846153,80986.92369319795,-1.5897322,-1.3729557373939423,88426.94358554749,,,-4766.0,12937.428704849459
WTI,2017-07-04,127968.0,216277.76923076922,83596.071324926,-0.651667,-1.056386596058106,161800.968313699,,,21985.0,73374.02472815152
WTI,2017-07-11,157255.0,215943.21153846153,85328.4811583419,-0.8668365,-0.6877915877765983,141977.37058372115,,,29287.0,-19823.59772997786
WTI,2017-07-18,209341.0,215995.63461538462,86313.86939596916,-0.05313459,-0.07709809167349639,211409.38252028308,,,52086.0,69432.01193656193
WTI,2017-07-25,236860.0,217404.38461538462,86375.65376143371,0.41688547,0.2252442040942584,253413.13923152653,,,27519.0,42003.75671124345
WTI,2017-08-01,289879.0,220024.63461538462,85822.85744464965,1.2088888,0.8139366069192819,323774.92311656417,,,53019.0,70361.78388503764
WTI,2017-08-08,285264.0,224355.17307692306,84548.81932720472,1.140659,0.7203983143438019,320796.542638351,,,-4615.0,-2978.380478213192
WTI,2017-08-15,269297.0,228399.01923076922,83401.54798873315,0.17276135,0.4903743606144547,242807.58332596294,,,-15967.0,-77988.95931238803
WTI,2017-08-22,252295.0,231009.01923076922,83169.57346852448,-0.0058163702,0.2559347112353108,230525.27419804197,,,-17002.0,-12282.309127920977
WTI,2017-08-29,138559.0,231628.03846153847,83033.38320171798,-0.46694443,-1.120862897220992,192856.06297881852,,,-113736.0,-37669.21121922345
WTI,2017-09-05,169675.0,230528.86538461538,85012.36911786642,-0.2166754,-0.7158236620866759,212108.7762386594,,,31116.0,19252.71325984088
WTI,2017-09-12,154078.0,230938.92307692306,86019.14312521993,-0.30343097,-0.8935327682238703,204838.0506542028,,,-15597.0,-7270.72558445661
WTI,2017-09-19,208459.0,230625.13461538462,87432.18343509892,0.06869255,-0.25352374542766154,236631.07425312922,,,54381.0,31793.023598926433
WTI,2017-09-26,261107.0,232161.76923076922,87563.97663430615,0.52563787,0.3305609439154972,278188.7109655613,,,52648.0,41557.63671243205
WTI,2017-10-03,250173.0,234203.46153846153,87522.91384794745,0.19848901,0.1824612294019617,251575.79808968987,,,-10934.0,-26612.912875871407
WTI,2017-10-10,238624.0,234729.26923076922,87314.29862060658,-0.07802728,0.044605875907610004,227916.37216278052,,,-11549.0,-23659.425926909345
WTI,2017-10-17,222134.0,234426.36538461538,86704.63551095298,0.2271316,-0.14177287422034707,254119.72842201777,,,-16490.0,26203.356259237247
WTI,2017-10-24,239964.0,233611.90384615384,85998.16008803574,0.17719162,0.07386316343679397,248850.05672818332,,,17830.0,-5269.671693834447
WTI,2017-10-31,295232.0,233522.26923076922,85500.82369962044,0.6830159,0.7217442838448903,291920.68982453394,,,55268.0,43070.63309635062
WTI,2017-11-07,340269.0,235134.25,85477.54080809436,1.3180778,1.2299692879096515,347800.29916494945,,,45037.0,55879.60934041551
WTI,2017-11-14,372239.0,239160.73076923078,85853.75017253908,1.3425633,1.550057731471528,354424.82247335213,,,31970.0,6624.523308402684
WTI,2017-11-21,339492.0,243936.61538461538,86592.00734012602,1.134347,1.1035127553984425,342161.9958422127,,,-32747.0,-12262.82663113944
