market,report_week_tuesday,actual_position,mm_mean_lag,mm_std_lag,predicted_y,y,predicted_position,predicted_position_change,actual_position_change,actual_change,predicted_change
BRENT,2014-12-23,117462.0,122706.5,53410.81729446095,-0.48402202,-0.09819171968641432,96854.4882541897,,,,
BRENT,2014-12-30,119020.0,122585.78846153847,53446.808322212666,-0.35697353,-0.06671658371144522,103506.69268834734,,,1558.0,6652.20443415764
BRENT,2015-01-06,142286.0,122360.86538461539,53496.79719474249,-0.40948915,0.37245471991251833,100454.50711599478,,,23266.0,-3052.1855723525514
BRENT,2015-01-13,142751.0,123302.17307692308,53522.55724011179,-6.4373016e-06,0.3633762646247637,123301.82853607781,,,465.0,22847.321420083026
BRENT,2015-01-20,127801.0,124448.01923076923,53357.286975331765,-0.18917382,0.06284016596985004,114354.21755502174,,,-14950.0,-8947.610981056074
BRENT,2015-01-27,129740.0,125184.15384615384,53118.270394485444,-0.20703423,0.08576796872360377,114186.85362376363,,,1939.0,-167.3639312581072
BRENT,2015-02-03,124499.0,125787.94230769231,53002.79456851574,0.09765184,-0.0243183839302307,130963.76268303099,,,-5241.0,16776.90905926736
BRENT,2015-02-10,152235.0,126520.17307692308,52694.946913925836,0.60150504,0.4879941707708827,158216.44928732864,,,27736.0,27252.686604297647
BRENT,2015-02-17,164249.0,127278.38461538461,52916.65582373432,1.0787629,0.6986574417658727,184362.90912316702,,,12014.0,26146.45983583838
BRENT,2015-02-24,176940.0,128004.69230769231,53346.090450299496,0.886376,0.9173176005821614,175289.387819233,,,12691.0,-9073.521303934016
BRENT,2015-03-03,188410.0,128601.55769230769,53943.21614927318,1.1193361,1.1087296341802964,188982.1484013715,,,11470.0,13692.760582138493
BRENT,2015-03-10,183732.0,129284.69230769231,54724.59281236829,1.0039182,0.9949330802512991,184223.70542871693,,,-4678.0,-4758.442972654564
BRENT,2015-03-17,185798.0,130122.53846153847,55417.98850224785,0.845991,1.0046460191568165,177005.65882787955,,,2066.0,-7218.046600837377
BRENT,2015-03-24,193298.0,130985.63461538461,56107.63459281107,0.97334963,1.1105862123191221,185597.98003319174,,,7500.0,8592.321205312182
BRENT,2015-03-31,220226.0,132087.8076923077,56915.626624460645,1.1485487,1.548576331931539,197458.17792886618,,,26928.0,11860.197895674442
BRENT,2015-04-07,237473.0,133753.96153846153,58352.3190393891,1.4406152,1.77746215007369,217817.19796876935,,,17247.0,20359.020039903175
BRENT,2015-04-14,265217.0,135618.36538461538,60190.245878024805,1.6031317,2.1531501113654783,232111.25368601776,,,27744.0,14294.055717248411
BRENT,2015-04-21,269594.0,137378.98076923078,62708.72783960634,2.1483693,2.1083990025908843,272100.48727235943,,,4377.0,39989.23358634167
BRENT,2015-04-28,277591.0,138590.96153846153,64787.75599466796,2.2705462,2.145467709561945,285694.55458205997,,,7997.0,13594.067309700535
BRENT,2015-05-05,291733.0,139950.53846153847,67057.5828213514,2.3689878,2.263464550203462,298809.13397501747,,,14142.0,13114.579392957501
BRENT,2015-05-12,280844.0,142246.75,70052.6827987954,2.3095543,1.9784716939118179,304037.2274783839,,,-10889.0,5228.093503366457
BRENT,2015-05-19,243058.0,144180.17307692306,72333.27058331926,2.1335356,1.366975751624303,298505.78263434605,,,-37786.0,-5531.4448440378765
BRENT,2015-05-26,222816.0,144918.67307692306,73161.4489615334,1.7854428,1.064731877631805,275544.25749420555,,,-20242.0,-22961.525140140497
BRENT,2015-06-02,207476.0,145049.26923076922,73399.23857379117,1.4956633,0.8505092420879913,254829.81553129296,,,-15340.0,-20714.44196291259
BRENT,2015-06-09,203463.0,145124.78846153847,73553.0072949385,1.2049798,0.7931451572677714,233754.67481419552,,,-4013.0,-21075.14071709744
BRENT,2015-06-16,195222.0,145123.42307692306,73660.36328611213,1.1461247,0.6801293760727689,229547.38636555534,,,-8241.0,-4207.2884486401745
BRENT,2015-06-23,193762.0,144590.07692307694,73420.03769867022,0.90332043,0.6697343752223879,210911.897073152,,,-1460.0,-18635.489292403334
BRENT,2015-06-30,200466.0,143692.40384615384,72885.42558582386,0.7986566,0.7789430561394508,201902.82878280847,,,6704.0,-9009.068290343537
BRENT,2015-07-07,207941.0,142930.36538461538,72481.37758182579,0.67456734,0.8969287944616219,191823.9355903162,,,7475.0,-10078.89319249228
BRENT,2015-07-14,227513.0,142853.0576923077,72657.6499832656,0.6722217,1.1651896576229903,191695.10815110366,,,19572.0,-128.82743921253132
BRENT,2015-07-21,214607.0,144079.32692307694,73424.96797347887,0.82614106,0.9605407400708393,204738.7077509988,,,-12906.0,13043.599599895126
BRENT,2015-07-28,178690.0,145732.9423076923,73694.92556719498,0.7625475,0.4472093219262087,201928.82304437508,,,-35917.0,-2809.8847066237067
BRENT,2015-08-04,150054.0,146665.15384615384,73565.19528378181,0.59379655,0.04606588945728336,190347.91309604613,,,-28636.0,-11580.909948328946
BRENT,2015-08-11,130074.0,147503.1923076923,73083.19352565732,0.40179878,-0.238484273427015,176867.93065069482,,,-19980.0,-13479.982445351314
BRENT,2015-08-18,143376.0,148494.8076923077,72180.54911866353,0.19482166,-0.07091671862862195,162557.14178456974,,,13302.0,-14310.788866125076
BRENT,2015-08-25,145242.0,149957.21153846153,70939.27857584697,0.021330237,-0.06646827587089309,151470.36319066116,,,1866.0,-11086.778593908588
BRENT,2015-09-01,145021.0,151434.59615384616,69753.84485830778,0.36607182,-0.09194613095341493,176969.51311119736,,,-221.0,25499.149920536205
BRENT,2015-09-08,171954.0,152955.36538461538,68541.50852980545,0.32629457,0.2771843664211595,175320.0875170948,,,26933.0,-1649.4255941025622
BRENT,2015-09-15,163554.0,154893.46153846153,67384.32848288072,0.30534875,0.1285245198182648,175469.18227506088,,,-8400.0,149.09475796608604
BRENT,2015-09-22,180002.0,156711.11538461538,66193.58907152833,0.32842723,0.35186012636687003,178450.8921794238,,,16448.0,2981.709904362913
BRENT,2015-09-29,175895.0,159331.96153846153,64175.72811245897,0.3155185,0.258088828108254,179580.59090756066,,,-4107.0,1129.6987281368638
BRENT,2015-10-06,189404.0,161995.63461538462,61878.264293136686,0.36555204,0.44294011310293674,184615.36023281742,,,13509.0,5034.769325256755
BRENT,2015-10-13,207076.0,164792.84615384616,59737.61462423032,0.5231507,0.7078145672894557,196044.62001240798,,,17672.0,11429.25977959056
BRENT,2015-10-20,189193.0,167813.28846153847,57764.623794435494,0.48912257,0.3701177318239724,196067.2696815975,,,-17883.0,22.64966918952996
BRENT,2015-10-27,169437.0,170711.78846153847,55260.71435954975,0.38818732,-0.02306862074283281,192163.2970170238,,,-19756.0,-3903.9726645736955
BRENT,2015-11-03,187865.0,173173.01923076922,52978.09621518906,0.35252136,0.2773217955880136,191848.92975454684,,,18428.0,-314.3672624769679
BRENT,2015-11-10,202243.0,175935.92307692306,50538.41006745753,0.27320647,0.5205362987866623,189743.3438119986,,,14378.0,-2105.585942548234
BRENT,2015-11-17,175333.0,178530.36538461538,48832.000082864884,0.21405697,-0.06547684672324795,188983.1952973727,,,-26910.0,-760.1485146259074
BRENT,2015-11-24,194656.0,180753.01923076922,47087.780060856196,0.15151021,0.2952566621586871,187887.29862184348,,,19323.0,-1095.8966755292204
BRENT,2015-12-01,187613.0,183297.46153846153,45153.32951588832,0.22315118,0.0955751991670944,193373.48017298174,,,-7043.0,5486.181551138259
BRENT,2015-12-08,198451.0,185172.40384615384,44330.70463577947,0.038107693,0.29953496708303967,186861.7447375475,,,10838.0,-6511.735435434239
BRENT,2015-12-15,177201.0,187152.63461538462,43528.493485232975,0.015249014,-0.22862345600728665,187816.40121761995,,,-21250.0,954.6564800724445
BRENT,2015-12-22,172345.0,187876.09615384616,43990.13792786909,-0.16058594,-0.35305859188967753,180811.89850906434,,,-4856.0,-7004.502708555607
BRENT,2015-12-29,167415.0,188931.53846153847,44249.82643130354,-0.1976631,-0.4862513640577148,180184.9806577793,,,-4930.0,-626.9178512850485
BRENT,2016-01-05,187743.0,189862.21153846153,44693.9548477182,-0.3624017,-0.04741606657280913,173665.04658743538,,,20328.0,-6519.934070343908
BRENT,2016-01-12,204256.0,190736.38461538462,44996.04081742653,-0.61658585,0.3004623326632631,162992.46250913615,,,16513.0,-10672.58407829923
BRENT,2016-01-19,215648.0,191919.17307692306,45057.988477046754,-0.5609147,0.5266286340138059,166645.4852011607,,,11392.0,3653.0226920245623
BRENT,2016-01-26,254020.0,193608.53846153847,44829.49898020206,0.016625345,1.3475827950952763,194353.84433720048,,,38372.0,27708.35913603977
BRENT,2016-02-02,285329.0,195998.53846153847,44615.84156004265,0.5525915,2.002213976357328,220652.87339193173,,,31309.0,26299.029054731247
BRENT,2016-02-09,263341.0,199091.42307692306,44644.535820911064,0.8440943,1.4391364081107338,236775.62023714886,,,-21988.0,16122.74684521713
BRENT,2016-02-16,277353.0,201228.07692307694,44660.2101129224,1.1954386,1.7045357127618253,254616.61702248955,,,14012.0,17840.996785340685
BRENT,2016-02-23,310704.0,203403.15384615384,44855.17883137009,1.5328071,2.3921618183094573,272157.49095725245,,,33351.0,17540.8739347629
BRENT,2016-03-01,326091.0,205975.53846153847,45645.27662157626,2.0700035,2.631498162105203,300461.4212612803,,,15387.0,28303.93030402786
BRENT,2016-03-08,316059.0,208623.25,46710.3882720929,2.4700575,2.300039755057815,324000.59429494507,,,-10032.0,23539.17303366476
BRENT,2016-03-15,330901.0,211168.0,47413.205607407115,2.2563357,2.5253091088465602,318148.1101381168,,,14842.0,-5852.484156828257
BRENT,2016-03-22,344157.0,213958.4423076923,48390.581078861425,2.5654314,2.690576446687528,338101.15636327426,,,13256.0,19953.04622515745
BRENT,2016-03-29,348354.0,216859.57692307694,49595.984836702446,2.2758303,2.651311865464025,329731.62042835914,,,4197.0,-8369.535934915126
BRENT,2016-04-05,350821.0,219323.57692307694,50562.89769963332,2.0917559,2.6006702356751337,325088.81483902794,,,2467.0,-4642.805589331198
BRENT,2016-04-12,392072.0,221503.34615384616,51252.451646380985,2.8333738,3.3280096535284076,366720.69906665187,,,41251.0,41631.88422762393
BRENT,2016-04-19,408122.0,223942.86538461538,52725.468652896285,2.929288,3.493172072644392,378390.9432829573,,,16050.0,11670.244216305437
BRENT,2016-04-26,408710.0,226606.86538461538,54650.28033157109,3.2393425,3.3321537146843307,403637.8384269475,,,588.0,25246.895143990172
BRENT,2016-05-03,381052.0,229128.38461538462,56219.81970911731,3.195169,2.7023141691074746,408760.208162255,,,-27658.0,5122.369735307526
BRENT,2016-05-10,350173.0,230846.0576923077,56244.06812222249,3.0400789,2.1215915969731443,401832.4612261194,,,-30879.0,-6927.746936135576
BRENT,2016-05-17,383690.0,232179.3076923077,55758.496794263534,3.070917,2.7172664440136023,403409.01732004655,,,33517.0,1576.5560939271236
BRENT,2016-05-24,367701.0,234883.76923076922,56994.09973107447,2.8002107,2.3303680801333164,394479.25795189844,,,-15989.0,-8929.759368148108
BRENT,2016-05-31,373351.0,237670.01923076922,57878.236143813425,2.6323624,2.3442487160820926,390026.5098501525,,,5650.0,-4452.748101745965
BRENT,2016-06-07,378490.0,240859.92307692306,58865.39827221708,2.5960546,2.33804715440165,393677.70833368803,,,5139.0,3651.1984835355543
BRENT,2016-06-14,366368.0,244225.82692307694,59852.90705890999,2.3026729,2.0407057748540955,382047.4917796847,,,-12122.0,-11630.21655400336
BRENT,2016-06-21,355351.0,247517.09615384616,60440.65294090617,2.220049,1.7841287047574559,381698.3014976706,,,-11017.0,-349.1902820140822
BRENT,2016-06-28,334985.0,250624.57692307694,60757.27495639411,1.8983607,1.3884826654498426,365963.8017145672,,,-20366.0,-15734.499783103412
BRENT,2016-07-05,319370.0,253211.48076923078,60830.768296295035,1.6257929,1.0875831603593058,352109.7095935679,,,-15615.0,-13854.092120999296
BRENT,2016-07-12,315708.0,255354.34615384616,60829.35957491646,1.4770521,0.9921796689610591,345202.4790025858,,,-3662.0,-6907.230590982072
BRENT,2016-07-19,311039.0,257050.40384615384,60742.90103668586,1.2242488,0.8888050328916557,331414.82553819113,,,-4669.0,-13787.65346439468
BRENT,2016-07-26,293931.0,258904.86538461538,60739.24951580961,1.0212204,0.5766639346814417,320933.0288425605,,,-17108.0,-10481.796695630648
BRENT,2016-08-02,260337.0,261121.03846153847,60732.34067121058,0.7057991,-0.01290973561817834,303985.87001720275,,,-33594.0,-16947.158825357736
BRENT,2016-08-09,293791.0,263241.8653846154,60837.59368366123,0.66524225,0.502142388705111,303713.6033793275,,,33454.0,-272.26663787523285
BRENT,2016-08-16,357006.0,266390.26923076925,60011.93939418929,0.89496964,1.5099617123522706,320099.13315585384,,,63215.0,16385.529776526324
BRENT,2016-08-23,393331.0,270498.53846153844,59357.77319718878,1.1644816,2.06935764133886,339619.5755327611,,,36325.0,19520.442376907275
BRENT,2016-08-30,392887.0,275269.48076923075,59048.75062208925,1.3391087,1.9918714281275633,354342.17677738715,,,-444.0,14722.601244626043
BRENT,2016-09-06,355230.0,280036.1346153846,58511.197072063864,1.4782875,1.285119244646537,366532.503424146,,,-37657.0,12190.326646758826
BRENT,2016-09-13,357267.0,283560.67307692306,58086.532430621766,1.4110541,1.268905610971207,365523.9148143049,,,2037.0,-1008.5886098410701
BRENT,2016-09-20,310099.0,287285.92307692306,57439.13022767814,1.2940155,0.39716960950923347,361613.0494357914,,,-47168.0,-3910.865378513525
BRENT,2016-09-27,295060.0,289787.78846153844,57445.0991290698,1.0039387,0.09177826513304048,347459.145162213,,,-15039.0,-14153.904273578373
BRENT,2016-10-04,365686.0,292079.42307692306,57670.78261243561,0.9440437,1.276323531409908,346523.1618413501,,,70626.0,-935.9833208629279
BRENT,2016-10-11,405442.0,295469.46153846156,57328.12253354696,1.1022595,1.9183000175382563,358659.93017652485,,,39756.0,12136.76833517477
BRENT,2016-10-18,397714.0,299284.1923076923,57378.00879703951,1.3129462,1.7154622433915185,374618.430942607,,,-7728.0,15958.500766082143
BRENT,2016-10-25,379811.0,303294.21153846156,56975.61304231528,1.4024509,1.3429743775588707,383199.71241886576,,,-17903.0,8581.281476258766
BRENT,2016-11-01,340842.0,307339.8653846154,55943.499019413495,1.1583964,0.5988566178843895,372144.6111966517,,,-38969.0,-11055.101222214056
BRENT,2016-11-08,260678.0,310281.73076923075,55596.11182819661,0.84750783,-0.8922158247777552,357399.8711077245,,,-80164.0,-14744.74008892721
BRENT,2016-11-15,240850.0,311405.48076923075,57841.36772881213,0.5471354,-1.2198100345764373,343052.54137226334,,,-19828.0,-14347.329735461157
BRENT,2016-11-22,281677.0,312665.42307692306,60288.05728260172,0.35338554,-0.5140059984295743,333970.3506264372,,,40827.0,-9082.190745826112
BRENT,2016-11-29,303185.0,314338.9038461539,61450.50884036311,-0.031110853,-0.18151035779263638,312427.1261015025,,,21508.0,-21543.224524934718
BRENT,2016-12-06,428855.0,316561.4423076923,61833.97759805095,0.31508988,1.8160493963734148,336044.7029767975,,,125670.0,23617.576875294966
BRENT,2016-12-13,451463.0,320992.28846153844,61467.11429456992,0.7525607,2.1226100010682867,367250.0214942254,,,22608.0,31205.31851742795
BRENT,2016-12-20,429256.0,326266.5576923077,60747.74857097602,1.0816382,1.6953622929311074,391973.6441417029,,,-22207.0,24723.62264747749
BRENT,2016-12-27,445888.0,331207.1538461539,59422.01532551151,1.3136723,1.9299386856138903,409268.2096362597,,,16632.0,17294.565494556795
BRENT,2017-01-03,447936.0,336562.4038461539,57875.70080240453,1.4312612,1.9243584891367562,419397.64777592156,,,2048.0,10129.438139661856
BRENT,2017-01-10,441151.0,341566.1153846154,56784.65890711721,1.3279335,1.7537286748217653,416972.3690659242,,,-6785.0,-2425.278709997365
BRENT,2017-01-17,455842.0,346121.78846153844,55949.860749771164,1.4704039,1.9610453014203493,428390.6824542341,,,14691.0,11418.313388309907
BRENT,2017-01-24,442408.0,350740.9038461539,55343.20728969661,1.491762,1.6563387024899083,433299.79976598424,,,-13434.0,4909.117311750131
BRENT,2017-01-31,472648.0,354363.75,55211.65981450877,1.5316979,2.142378084581995,438931.331698446,,,30240.0,5631.531932461774
BRENT,2017-02-07,462187.0,357966.03846153844,55358.06578514096,1.6880137,1.8826698523566592,451411.21040820563,,,-10461.0,12479.878709759621
BRENT,2017-02-14,481062.0,361790.0,55285.68755896547,1.8271945,2.1573757199417902,462807.70159854594,,,18875.0,11396.491190340312
BRENT,2017-02-21,510031.0,365707.48076923075,55392.73758025042,2.0377238,2.6054592268829477,478582.5793579893,,,28969.0,15774.877759443363
BRENT,2017-02-28,469268.0,369540.6923076923,55827.91500342687,2.2408748,1.7863340890697093,494644.05835003423,,,-40763.0,16061.478992044926
BRENT,2017-03-07,469527.0,372294.0961538461,55691.15571514336,1.9241221,1.7459307963277662,479450.6793674554,,,259.0,-15193.378982578812
BRENT,2017-03-14,405970.0,375245.4038461539,55647.65396327277,0.8605678,0.55212742974078,423133.98344608647,,,-63557.0,-56316.695921368955
BRENT,2017-03-21,397741.0,376689.03846153844,56074.99732324425,0.83113515,0.3754251010857398,423294.93998447043,,,-8229.0,160.95653838396538
BRENT,2017-03-28,367611.0,377719.5,56503.472925768496,0.7762967,-0.17890050781975922,421582.9581698229,,,-30130.0,-1711.981814647559
BRENT,2017-04-04,393869.0,378089.82692307694,57628.84311805487,1.2514725,0.2738068686299815,450210.73774448724,,,26258.0,28627.779574664368
BRENT,2017-04-11,421468.0,378917.67307692306,57946.16098432159,1.5763354,0.7343079541471215,470260.25967741036,,,27599.0,20049.52193292312
BRENT,2017-04-18,415134.0,379482.98076923075,56779.45029247255,1.3286729,0.6278859525256029,454924.2968488492,,,-6334.0,-15335.96282856114
BRENT,2017-04-25,346173.0,379617.82692307694,55083.59422103681,0.37831703,-0.607164935332127,400456.8885959853,,,-68961.0,-54467.40825286391
BRENT,2017-05-02,310155.0,378415.1923076923,54953.140427244936,-0.31960502,-1.2421527100542182,360851.8926157188,,,-36018.0,-39604.99598026648
BRENT,2017-05-09,267987.0,377051.78846153844,56943.77179267174,-0.9988238,-1.9153067144662572,320174.99270641577,,,-42168.0,-40676.89990930306
BRENT,2017-05-16,280775.0,375471.28846153844,61303.83515878219,-0.68167484,-1.5447041480564296,333682.00655684463,,,12788.0,13507.013850428862
BRENT,2017-05-23,327021.0,373492.1538461539,63655.56555967039,-0.22498074,-0.7300407032373636,359170.8774907063,,,46246.0,25488.870933861646
BRENT,2017-05-30,334305.0,372709.8461538461,64349.39249349146,-0.766852,-0.596817540394504,323363.3844561039,,,7284.0,-35807.493034602376
BRENT,2017-06-06,298528.0,371958.96153846156,64572.72725736435,-1.3084134,-1.1371822851122795,287471.1408021272,,,-35777.0,-35892.24365397671
BRENT,2017-06-13,277983.0,370421.23076923075,65624.00248425629,-1.5783231,-1.4086039752209172,266845.35003819776,,,-20545.0,-20625.790763929428
BRENT,2017-06-20,227852.0,368721.51923076925,67480.31550345752,-2.0795386,-2.0875646205825973,228393.59949733535,,,-50131.0,-38451.75054086241
BRENT,2017-06-27,206206.0,366269.6153846154,71367.89093149305,-2.0752344,-2.2427959309917465,218164.51212986125,,,-21646.0,-10229.087367474101
BRENT,2017-07-04,237859.0,363793.0961538461,76019.11032137973,-1.2091379,-1.6566110234840281,271875.50748073263,,,31653.0,53710.99535087138
BRENT,2017-07-11,238644.0,362225.57692307694,78936.25559152842,-1.5629116,-1.565587016979558,238855.18505593535,,,785.0,-33020.32242479728
BRENT,2017-07-18,272207.0,360743.57692307694,81550.34438178659,-1.1182106,-1.0856677257987233,269553.121143004,,,33563.0,30697.936087068636
BRENT,2017-07-25,300011.0,359996.8076923077,82958.17691045342,-0.58509827,-0.7230849317850544,311458.1221815756,,,27804.0,41905.001038571645
BRENT,2017-08-01,358555.0,360113.73076923075,83740.39644232969,-0.0017436147,-0.01861384511481526,359967.7197852196,,,58544.0,48509.59760364395
BRENT,2017-08-08,417285.0,362002.53846153844,83743.49913950328,0.040487826,0.6601403345514595,365393.1306724862,,,58730.0,5425.410887266626
BRENT,2017-08-15,431112.0,364377.42307692306,83854.9386579428,-0.30964106,0.7958335906164996,338412.49071518757,,,13827.0,-26980.63995729864
BRENT,2017-08-22,431587.0,365802.53846153844,83584.9319320792,-0.0063114613,0.7870373285931221,365274.99539592356,,,475.0,26862.50468073599
BRENT,2017-08-29,430824.0,366538.23076923075,82700.46208948818,0.23078102,0.777332648531119,385623.9276600136,,,-763.0,20348.93226409005
BRENT,2017-09-05,430174.0,367267.78846153844,81897.40297620262,0.6997571,0.76810996750093,424576.0775962165,,,-650.0,38952.14993620291
BRENT,2017-09-12,449136.0,368709.01923076925,81781.72983046042,0.9288502,0.9834345756192958,444671.99320974026,,,18962.0,20095.915613523743
BRENT,2017-09-19,486920.0,370475.73076923075,81896.26857396055,1.246501,1.4218507296899416,472559.5088986784,,,37784.0,27887.515688938147
BRENT,2017-09-26,523701.0,373876.1346153846,82921.43805266838,1.6918437,1.8068290770530608,514166.2511676437,,,36781.0,41606.74226896529
BRENT,2017-10-03,524305.0,378273.07692307694,84645.8990264285,1.4361942,1.7252096646918285,499841.0245877827,,,604.0,-14325.226579861017
BRENT,2017-10-10,509398.0,381323.4423076923,86017.85388710636,1.349757,1.4889299361083619,497426.6389406475,,,-14907.0,-2414.3856471352046
BRENT,2017-10-17,514894.0,383322.5961538461,86428.58238624799,1.4353139,1.5223135705056843,507374.7452714337,,,5496.0,9948.10633078625
BRENT,2017-10-24,529218.0,385576.0576923077,87106.06212810666,1.5367031,1.6490464474956805,519432.21424188034,,,14324.0,12057.468970446615
BRENT,2017-10-31,546808.0,388449.26923076925,88322.3274153372,2.102273,1.7929637431829237,574126.9123373036,,,17590.0,54694.698095423286
BRENT,2017-11-07,549681.0,392410.1538461539,90055.91176965192,2.376124,1.7463689286286819,606394.1586049744,,,2873.0,32267.246267670766
BRENT,2017-11-14,547975.0,397967.9038461539,90869.96747005863,2.2234502,1.6507884874424874,600012.7497255721,,,-1706.0,-6381.408879402326
BRENT,2017-11-21,533314.0,403874.1538461539,90878.33132300449,1.7072531,1.4243202342017516,559026.466582759,,,-14661.0,-40986.283142813016
GASOIL,2014-12-23,14376.0,34547.21153846154,27805.21595407375,-0.44487453,-0.7254470374112038,22177.379296418898,,,,
GASOIL,2014-12-30,16516.0,33306.307692307695,27153.73968715576,-0.30910444,-0.6183423677825796,24912.966121900703,,,2140.0,2735.586825481805
GASOIL,2015-01-06,14264.0,31967.076923076922,26228.38313354023,-0.6490683,-0.6749587587211447,14943.064976917845,,,-2252.0,-9969.901144982858
GASOIL,2015-01-13,20131.0,31081.76923076923,25994.724715043194,-0.116238415,-0.4212689055495941,28060.183625260277,,,5867.0,13117.118648342432
GASOIL,2015-01-20,17237.0,30555.48076923077,25960.740173297272,-0.9024068,-0.5130239230594014,7128.331999705548,,,-2894.0,-20931.85162555473
GASOIL,2015-01-27,22974.0,29935.05769230769,25888.536175489986,-1.1468029,-0.2688857201164616,246.0092719848326,,,5737.0,-6882.322727720715
GASOIL,2015-02-03,32342.0,29365.73076923077,25815.259529768035,-1.1766987,0.11529108306415597,-1011.0511644397775,,,9368.0,-1257.06043642461
GASOIL,2015-02-10,39047.0,29113.53846153846,25945.168552228926,-0.0077124834,0.3828636348407212,28913.436779611788,,,6705.0,29924.487944051565
GASOIL,2015-02-17,44292.0,28852.23076923077,26105.63442001744,0.99467355,0.5914343617303638,54818.81483615768,,,5245.0,25905.378056545895
GASOIL,2015-02-24,48771.0,28468.30769230769,26144.57542712056,0.9779636,0.7765546762955543,54036.75148730374,,,4479.0,-782.0633488539388
GASOIL,2015-03-03,54360.0,27910.326923076922,25898.08017116886,1.1570835,1.0212986021399486,57876.56846482255,,,5589.0,3839.816977518807
GASOIL,2015-03-10,50981.0,27542.03846153846,25985.417902444045,0.75416285,0.9020044097985047,47139.27523320562,,,-3379.0,-10737.293231616932
GASOIL,2015-03-17,37095.0,27566.55769230769,26506.9007581821,0.3837186,0.35947025246816483,37737.74880160566,,,-13886.0,-9401.52643159996
GASOIL,2015-03-24,29432.0,27631.326923076922,26786.20346540869,0.4904424,0.06722390051462279,40768.41670924149,,,-7663.0,3030.667907635827
GASOIL,2015-03-31,32515.0,27494.0,26916.250695934974,0.51116765,0.18654158250793437,41252.71649270161,,,3083.0,484.2997834601265
GASOIL,2015-04-07,35075.0,27486.44230769231,27100.42982852738,0.6488685,0.28001613776323075,45071.057592035286,,,2560.0,3818.341099333673
GASOIL,2015-04-14,41553.0,27535.75,27320.362168161537,0.6009882,0.5130696992126755,43954.96553543898,,,6478.0,-1116.0920565963024
GASOIL,2015-04-21,49979.0,27343.21153846154,27524.93255695909,1.1086605,0.8223739845573386,57859.015915273674,,,8426.0,13904.05037983469
GASOIL,2015-04-28,55373.0,26977.69230769231,27628.607390219295,1.2442025,1.0277502333454496,61353.274545515,,,5394.0,3494.2586302413256
GASOIL,2015-05-05,69750.0,26632.69230769231,27830.998632868886,1.4771017,1.5492547810118968,67741.9072450353,,,14377.0,6388.632699520298
GASOIL,2015-05-12,77552.0,26838.28846153846,28864.680373467774,1.4426024,1.7569469289906723,68478.54552840494,,,7802.0,736.6382833696407
GASOIL,2015-05-19,80086.0,27144.69230769231,30132.787737897175,1.477962,1.75693361506426,71679.80805241535,,,2534.0,3201.26252401041
GASOIL,2015-05-26,76590.0,27358.76923076923,31333.076409306286,1.4276607,1.5712223761918418,72091.77114508246,,,-3496.0,411.96309266710887
GASOIL,2015-06-02,76080.0,27397.01923076923,32261.56354237444,1.3858703,1.5090087219513515,72107.36318507434,,,-510.0,15.592039991883212
GASOIL,2015-06-09,60194.0,28007.365384615383,33378.919897563734,1.3206749,0.9642802916979306,72090.06695694146,,,-15886.0,-17.29622813288006
GASOIL,2015-06-16,53146.0,28543.615384615383,33869.691079570555,1.2668859,0.7263834960167154,71452.64866001076,,,-7048.0,-637.4182969307003
GASOIL,2015-06-23,53799.0,28389.076923076922,34194.70975573672,1.049067,0.7430951529764088,64261.61920052645,,,653.0,-7191.029459484307
GASOIL,2015-06-30,47969.0,27959.346153846152,34382.44509311644,0.9248721,0.5819729746375686,59758.71036239674,,,-5830.0,-4502.9088381297115
GASOIL,2015-07-07,27219.0,27443.096153846152,34498.33774866692,0.73015213,-0.006495853669205031,52632.130946874386,,,-20750.0,-7126.579415522356
GASOIL,2015-07-14,16913.0,26930.28846153846,34529.70616903243,0.3241793,-0.2901063916530616,38124.10415089324,,,-10306.0,-14508.026795981146
GASOIL,2015-07-21,-4433.0,26599.75,34446.115933709625,0.043045938,-0.9009070880363251,28082.51537133942,,,-21346.0,-10041.588779553818
GASOIL,2015-07-28,-6119.0,26117.51923076923,34308.773789963685,-0.29994512,-0.9395998652740936,15826.77009504242,,,-1686.0,-12255.745276297
GASOIL,2015-08-04,-2172.0,25552.384615384617,34238.69644936218,-0.5748865,-0.809738322146347,5869.02022044472,,,3947.0,-9957.7498745977
GASOIL,2015-08-11,-3835.0,25045.69230769231,34141.39316121558,-0.6493238,-0.8459142885973558,2876.8724436734083,,,-1663.0,-2992.1477767713113
GASOIL,2015-08-18,-2182.0,24591.096153846152,33998.190668740914,-0.64327765,-0.7874859110800341,2720.820122420868,,,1653.0,-156.05232125254042
GASOIL,2015-08-25,-1751.0,24332.51923076923,33687.70457088933,-0.7948007,-0.7742741621318086,-2442.4919016987733,,,431.0,-5163.312024119641
GASOIL,2015-09-01,20943.0,24152.25,33310.39142454472,-0.5019215,-0.09634380932657753,7433.049205576164,,,22694.0,9875.541107274938
GASOIL,2015-09-08,33713.0,24458.23076923077,32806.265959646335,-0.17126034,0.2821037067172823,18839.818441175958,,,12770.0,11406.769235599793
GASOIL,2015-09-15,23720.0,24949.25,32452.29639343693,-0.047688603,-0.03787867536697959,23401.645307835708,,,-9993.0,4561.8268666597505
GASOIL,2015-09-22,17355.0,25437.403846153848,31779.778875921267,0.0022198856,-0.25432536449388826,25507.951319260552,,,-6365.0,2106.3060114248437
GASOIL,2015-09-29,15644.0,25891.76923076923,30957.267117437717,-0.06864706,-0.33102951859070373,23766.64395602822,,,-1711.0,-1741.3073632323321
GASOIL,2015-10-06,15891.0,26487.576923076922,29809.515198216035,-0.08531919,-0.35547632534832635,23944.25319578167,,,247.0,177.6092397534485
GASOIL,2015-10-13,3019.0,27093.423076923078,28637.489630088177,-0.11303857,-0.8406610840507863,23856.282209660156,,,-12872.0,-87.9709861215124
GASOIL,2015-10-20,-11645.0,27404.21153846154,27698.24042843323,-0.5530001,-1.4098083825706176,12087.082019273214,,,-14664.0,-11769.200190386942
GASOIL,2015-10-27,-24151.0,27319.865384615383,27317.28887245669,-0.8757434,-1.8841864441574256,3396.9302456167934,,,-12506.0,-8690.15177365642
GASOIL,2015-11-03,-10784.0,27018.0,27318.78179437736,-1.0277582,-1.3837366645602132,-1059.1031150501258,,,13367.0,-4456.033360666919
GASOIL,2015-11-10,-13623.0,26972.19230769231,26949.89847209061,-1.1851748,-1.5063207881741303,-4968.148838642726,,,-2839.0,-3909.0457235926006
GASOIL,2015-11-17,-24075.0,26737.03846153846,26900.689167942837,-1.4406826,-1.8888749706119214,-12018.317685333735,,,-10452.0,-7050.168846691009
GASOIL,2015-11-24,-21262.0,26264.69230769231,27248.387918648583,-1.5421321,-1.7442019854380235,-15755.922443206324,,,2813.0,-3737.6047578725884
GASOIL,2015-12-01,-46965.0,25841.51923076923,27524.86512413281,-1.672472,-2.6451181105674193,-20193.046996479392,,,-25703.0,-4437.124553273068
GASOIL,2015-12-08,-44160.0,24722.96153846154,29000.1093392973,-2.1154761,-2.3752655802962783,-36626.07757794919,,,2805.0,-16433.030581469797
GASOIL,2015-12-15,-45004.0,23544.21153846154,30294.279863352614,-2.382286,-2.2627443810402372,-48625.42943452825,,,-844.0,-11999.351856579058
GASOIL,2015-12-22,-39808.0,22379.51923076923,31488.696059255355,-2.3750324,-1.9749156685861144,-52407.15492862565,,,5196.0,-3781.7254940974017
GASOIL,2015-12-29,-41304.0,21337.51923076923,32392.20068405012,-2.2442129,-1.9338457377986622,-51357.47429690613,,,-1496.0,1049.680631719515
GASOIL,2016-01-05,-45260.0,20225.596153846152,33285.47269648924,-2.2319407,-1.9673927046483914,-54065.606617549725,,,-3956.0,-2708.132320643592
GASOIL,2016-01-12,-36016.0,19080.903846153848,34214.70274989864,-2.4175198,-1.6103282921643112,-63633.81777024735,,,9244.0,-9568.211152697622
GASOIL,2016-01-19,-33948.0,18001.153846153848,34819.45887438974,-2.353207,-1.4919575296548697,-63936.24439071989,,,2068.0,-302.4266204725427
GASOIL,2016-01-26,-17610.0,17016.826923076922,35316.81487986577,-1.945427,-0.9804629053006075,-51689.456211626544,,,16338.0,12246.788179093346
GASOIL,2016-02-02,-15979.0,16236.365384615385,35482.58136219812,-1.4451668,-0.9079205668766953,-35041.88410968491,,,1631.0,16647.572101941638
GASOIL,2016-02-09,-8860.0,15307.115384615385,35562.87392005175,-1.2091334,-0.6795602469852418,-27693.142795990178,,,7119.0,7348.741313694729
GASOIL,2016-02-16,-1274.0,14385.826923076924,35490.11467109446,-0.94694644,-0.4412447541577357,-19221.410895403307,,,7586.0,8471.73190058687
GASOIL,2016-02-23,2168.0,13509.557692307691,35293.3505393735,-0.7317913,-0.3213511190912569,-12317.809796581143,,,3442.0,6903.601098822164
GASOIL,2016-03-01,5556.0,12613.346153846154,34998.41720609479,-0.33279523,-0.2016475805830772,966.0397614075937,,,3388.0,13283.849557988737
GASOIL,2016-03-08,10913.0,11674.807692307691,34578.00674502838,0.083264485,-0.02203156757777034,14553.927616313087,,,5357.0,13587.887854905493
GASOIL,2016-03-15,13748.0,10904.26923076923,34250.61860703347,-0.20624433,0.08302713600176553,3840.2731872591385,,,2835.0,-10713.65442905395
GASOIL,2016-03-22,18784.0,10455.288461538461,34181.657048431756,0.093873195,0.24366026277370476,13664.029831038415,,,5036.0,9823.756643779278
GASOIL,2016-03-29,12716.0,10250.51923076923,34251.02883287263,-0.3958228,0.07198267769593272,-3306.818673384254,,,-6068.0,-16970.84850442267
GASOIL,2016-04-05,-1772.0,9869.76923076923,34229.76666543147,-0.6319246,-0.3401065904000513,-11760.863377277172,,,-14488.0,-8454.044703892918
GASOIL,2016-04-12,11895.0,9161.173076923076,34107.03473181253,0.076009125,0.08015434189964957,11753.618926774092,,,13667.0,23514.482304051264
GASOIL,2016-04-19,28439.0,8590.826923076924,33966.84617725645,0.13700889,0.5843395931828678,13244.586831933262,,,16544.0,1490.9679051591702
GASOIL,2016-04-26,37890.0,8176.596153846154,33910.956193756916,0.53115416,0.8762184019931631,26188.541460978857,,,9451.0,12943.954629045595
GASOIL,2016-05-03,37906.0,7840.384615384615,33943.56778036374,0.6187072,0.885752952640655,28841.513716699585,,,16.0,2652.972255720728
GASOIL,2016-05-10,33655.0,7228.0,33584.0622935015,0.6746005,0.7868911083193654,29883.824610277527,,,-4251.0,1042.310893577942
GASOIL,2016-05-17,44831.0,6383.826923076923,32860.531077712374,1.2702913,1.1700107032962666,48126.27459870525,,,11176.0,18242.44998842772
GASOIL,2016-05-24,56565.0,5705.846153846154,32366.370452887382,1.2574446,1.5713579599598488,46404.76455304316,,,11734.0,-1721.5100456620858
GASOIL,2016-05-31,56952.0,5320.75,32446.833629752917,1.3257096,1.5912569648292418,48335.82822824797,,,387.0,1931.0636752048085
GASOIL,2016-06-07,63418.0,4952.903846153846,32599.731950223148,1.3431336,1.793422603692481,48738.69816119815,,,6466.0,402.869932950176
GASOIL,2016-06-14,59612.0,5014.903846153846,33540.13983278844,1.2347229,1.6278136115721464,46427.68098068302,,,-3806.0,-2311.017180515126
GASOIL,2016-06-21,59119.0,5139.25,34454.15989921958,1.305264,1.5667121229452092,50111.024433159844,,,-493.0,3683.3434524768236
GASOIL,2016-06-28,58332.0,5241.557692307692,35290.01542488523,1.1540728,1.5044040550420068,45968.80324834048,,,-787.0,-4142.221184819362
GASOIL,2016-07-05,45446.0,5440.846153846154,36165.503374538726,1.1468214,1.1061688657240787,46916.21862998947,,,-12886.0,947.4153816489852
GASOIL,2016-07-12,50813.0,5791.365384615385,36839.26060214854,1.1216706,1.2221101585507625,47112.88106600962,,,5367.0,196.6624360201531
GASOIL,2016-07-19,38250.0,6443.288461538462,37645.643204936896,1.0633918,0.8448975453895384,46475.356928145244,,,-12563.0,-637.5241378643768
GASOIL,2016-07-26,28208.0,7264.115384615385,37967.92994118212,0.8350092,0.5516203977364518,38967.6868458705,,,-10042.0,-7507.670082274744
GASOIL,2016-08-02,-2962.0,7924.25,38050.89770315135,0.56129324,-0.2860970609662754,29281.96182268373,,,-31170.0,-9685.72502318677
GASOIL,2016-08-09,-6650.0,7909.057692307692,37958.87136709994,0.58802265,-0.3835482238527895,30229.73379757894,,,-3688.0,947.7719748952113
GASOIL,2016-08-16,13101.0,7854.923076923077,37860.77448732596,0.6643061,0.13856232457244286,33006.06667795716,,,19751.0,2776.3328803782206
GASOIL,2016-08-23,43649.0,8148.826923076923,37805.718161451376,0.5785298,0.9390159691006968,30020.560550128528,,,30548.0,-2985.506127828634
GASOIL,2016-08-30,52069.0,9021.903846153846,38145.83344940362,0.6006068,1.1284874981416657,31932.550774181123,,,8420.0,1911.9902240525953
GASOIL,2016-09-06,26462.0,9620.48076923077,38731.13606223794,0.60671276,0.434831532018741,33119.15517098211,,,-25607.0,1186.6043968009835
GASOIL,2016-09-13,26312.0,9481.038461538461,38805.312873124334,0.57953835,0.4337282782254869,31970.20527431019,,,-150.0,-1148.9498966719184
GASOIL,2016-09-20,14118.0,9530.884615384615,38919.651920382465,0.5031392,0.11786116160543265,29112.88706228799,,,-12194.0,-2857.3182120221973
GASOIL,2016-09-27,9412.0,9468.634615384615,38936.05992396924,0.32066527,-0.0014545543512930203,21954.076787148653,,,-4706.0,-7158.810275139338
GASOIL,2016-10-04,38736.0,9348.788461538461,38929.42580727087,0.5550719,0.7548842791555603,30957.418434782187,,,29324.0,9003.341647633533
GASOIL,2016-10-11,64702.0,9788.115384615385,39182.685884265666,0.6685164,1.401483419936662,35982.383395406076,,,25966.0,5024.964960623889
GASOIL,2016-10-18,73391.0,10974.326923076924,39850.33496991404,0.8091269,1.566277250217496,43218.30546111811,,,8689.0,7235.922065712031
GASOIL,2016-10-25,71770.0,12609.634615384615,40423.01597043456,1.0406506,1.4635317025301957,54675.87068764657,,,-1621.0,11457.565226528466
GASOIL,2016-11-01,58036.0,14454.26923076923,40523.67965220901,0.9393303,1.0754633128893334,52519.3885781032,,,-13734.0,-2156.4821095433726
GASOIL,2016-11-08,31361.0,15777.73076923077,40495.814377573704,0.84061456,0.3848118495772031,49819.10184337053,,,-26675.0,-2700.2867347326683
GASOIL,2016-11-15,3833.0,16642.80769230769,40037.44325010699,0.64743626,-0.3199456971387268,42564.5002572458,,,-27528.0,-7254.601586124729
GASOIL,2016-11-22,15924.0,17179.5,39361.44712348584,0.5658087,-0.03189669312871577,39450.549755923654,,,12091.0,-3113.9505013221496
GASOIL,2016-11-29,27086.0,17894.615384615383,38670.06206271115,0.2822196,0.23768735101792623,28808.064397144426,,,11162.0,-10642.485358779228
GASOIL,2016-12-06,56316.0,19318.673076923078,37061.21529475088,0.5611155,0.9982761393233911,40114.29555036037,,,29230.0,11306.231153215947
GASOIL,2016-12-13,62628.0,21250.903846153848,35663.93672465505,0.8289125,1.1601943014115297,50813.18667398706,,,6312.0,10698.891123626687
GASOIL,2016-12-20,71859.0,23320.75,34169.288905477,0.9465709,1.420522684398615,55664.40363794761,,,9231.0,4851.216963960549
GASOIL,2016-12-27,78001.0,25468.19230769231,32889.80891618195,1.1304007,1.597236634186138,62646.85393665248,,,6142.0,6982.450298704869
GASOIL,2017-01-03,83289.0,27762.51923076923,31478.72889076627,1.2659776,1.7639365605235249,67613.88554647629,,,5288.0,4967.031609823811
GASOIL,2017-01-10,79096.0,30234.615384615383,29755.243120257313,1.1815671,1.6421100784795766,65392.43090070384,,,-4193.0,-2221.45464577245
GASOIL,2017-01-17,85035.0,32448.30769230769,28183.920070224645,1.3516877,1.865840244247938,70544.16493656344,,,5939.0,5151.7340358595975
GASOIL,2017-01-24,82742.0,34736.442307692305,26614.846888533524,1.4313124,1.8037134646448005,72830.60379654079,,,-2293.0,2286.438859977352
GASOIL,2017-01-31,89997.0,36666.28846153846,25597.582474257433,1.6226751,2.083427667128109,78202.84717018894,,,7255.0,5372.243373648147
GASOIL,2017-02-07,100719.0,38704.28846153846,24655.418182916703,1.7156419,2.5152569337246296,81004.1558781057,,,10722.0,2801.30870791676
GASOIL,2017-02-14,112271.0,40811.57692307692,24128.249916599274,2.025487,2.961649656478477,89683.0321615309,,,11552.0,8678.876283425197
GASOIL,2017-02-21,117518.0,42995.13461538462,24088.66780213026,2.3776743,3.093689779640907,100270.14196224327,,,5247.0,10587.10980071238
GASOIL,2017-02-28,109354.0,45213.403846153844,24189.531002381224,2.483962,2.6515849417474087,105299.28108158094,,,-8164.0,5029.139119337662
GASOIL,2017-03-07,98812.0,47209.519230769234,24030.29501823686,2.4814842,2.147392727807506,106840.31603257856,,,-10542.0,1541.0349509976222
GASOIL,2017-03-14,71128.0,48899.88461538462,23741.203781730972,1.621738,0.9362674104048624,87401.89593310707,,,-27684.0,-19438.420099471492
GASOIL,2017-03-21,57262.0,50003.346153846156,23437.94543853818,1.467472,0.3096966782002444,84397.87381944223,,,-13866.0,-3004.0221136648324
GASOIL,2017-03-28,50724.0,50743.307692307695,23480.541901034456,1.2856886,-0.0008222847832504449,80931.97364468488,,,-6538.0,-3465.9001747573493
GASOIL,2017-04-04,65549.0,51474.230769230766,23575.610042902987,1.4708927,0.5970055156645327,86151.42271955064,,,14825.0,5219.449074865755
GASOIL,2017-04-11,98368.0,52768.86538461538,22935.0686947335,1.6635555,1.988183912693289,90922.6251209348,,,32819.0,4771.202401384158
GASOIL,2017-04-18,118199.0,54431.807692307695,22586.47914351565,1.9450138,2.8232462395981366,98362.82045073881,,,19831.0,7440.195329804017
GASOIL,2017-04-25,103916.0,56157.96153846154,22831.07365699474,1.6094589,2.0917999380597183,92903.63676514095,,,-14283.0,-5459.183685597862
GASOIL,2017-05-02,60913.0,57427.692307692305,22878.148981180733,1.322634,0.15234220631986722,87687.10958870497,,,-43003.0,-5216.527176435979
GASOIL,2017-05-09,26571.0,57870.13461538462,23299.71570650018,0.623426,-1.3433268890337897,72395.78364880767,,,-34342.0,-15291.325939897302
GASOIL,2017-05-16,21333.0,57733.903846153844,25004.766248015752,0.7980118,-1.4557586135820177,77688.0018628447,,,-5238.0,5292.218214037028
GASOIL,2017-05-23,55323.0,57282.019230769234,26774.431075577217,1.1046381,-0.07316753903152733,86858.07589385123,,,33990.0,9170.07403100653
GASOIL,2017-05-30,66367.0,57258.13461538462,27038.899616556075,0.44021624,0.336880032611903,69161.09742666007,,,11044.0,-17696.978467191162
GASOIL,2017-06-06,29995.0,57439.192307692305,27041.70929575054,-0.55573374,-1.0148837859153013,42411.20205585529,,,-36372.0,-26749.895370804777
GASOIL,2017-06-13,4890.0,56796.442307692305,27864.428216938908,-0.86021936,-1.8628210097682232,32826.92171692868,,,-25105.0,-9584.280338926612
GASOIL,2017-06-20,9012.0,55744.096153846156,29706.750684147384,-1.4430915,-1.5731136888957742,12874.536400581252,,,4122.0,-19952.385316347427
GASOIL,2017-06-27,6142.0,54780.5,31086.33260775368,-1.2763286,-1.5646265068870937,15104.125752350366,,,-2870.0,2229.5893517691147
GASOIL,2017-07-04,31125.0,53776.846153846156,32388.346528978574,-0.18055251,-0.699382604591409,47929.048815320726,,,24983.0,32824.92306297036
GASOIL,2017-07-11,53942.0,53501.442307692305,32887.3509415314,-0.5249859,0.013395961659877631,36236.0464638573,,,22817.0,-11693.002351463423
GASOIL,2017-07-18,70990.0,53561.61538461538,32851.52667303971,0.15287513,0.5305197773255264,58583.79664460626,,,17048.0,22347.750180748953
GASOIL,2017-07-25,94029.0,54191.230769230766,32822.36893636891,0.99448156,1.2137383900595575,86832.47154908045,,,23039.0,28248.674904474196
GASOIL,2017-08-01,129617.0,55457.019230769234,32919.87360845053,1.8991393,2.2527419652727314,117976.44446069564,,,35588.0,31143.972911615187
GASOIL,2017-08-08,137373.0,58006.61538461538,33354.77049724268,1.9052842,2.379461271422796,121556.93148478499,,,7756.0,3580.4870240893506
GASOIL,2017-08-15,134813.0,60776.28846153846,33776.15433327637,1.493771,2.1919816805645143,111230.12684350344,,,-2560.0,-10326.804641281546
GASOIL,2017-08-22,125382.0,63116.903846153844,34302.05192293697,1.2680492,1.815200335354019,106613.5947213269,,,-9431.0,-4616.532122176548
GASOIL,2017-08-29,128473.0,64688.692307692305,34630.10414709415,1.6684245,1.8418745557731713,122466.40605801062,,,3091.0,15852.81133668372
GASOIL,2017-09-05,156766.0,66158.0,34925.826406320266,2.6904898,2.5942979543528666,160125.57861944372,,,28293.0,37659.17256143311
GASOIL,2017-09-12,169119.0,68663.84615384616,35936.83299701793,2.6255016,2.795325727631305,163016.05986124004,,,12353.0,2890.481241796311
GASOIL,2017-09-19,171381.0,71410.13461538461,37192.259121855175,2.9102268,2.687948184515358,179648.04467884067,,,2262.0,16631.984817600634
GASOIL,2017-09-26,176230.0,74434.42307692308,38191.70918843183,3.0378637,2.6653841654698853,190455.6312600358,,,4849.0,10807.586581195123
GASOIL,2017-10-03,180796.0,77642.46153846153,39067.294594026615,2.3484268,2.64040649687861,169389.14390289568,,,4566.0,-21066.48735714011
GASOIL,2017-10-10,165188.0,80374.38461538461,40172.08573355323,2.0125055,2.111257452429857,161220.9293584616,,,-15608.0,-8168.214544434071
GASOIL,2017-10-17,162877.0,82306.80769230769,40651.40328390263,2.0014112,1.9819781311115756,163666.981502935,,,-2311.0,2446.0521444733895
GASOIL,2017-10-24,155188.0,84027.69230769231,40954.788116896634,1.6511166,1.7375332888842177,151648.8232090582,,,-7689.0,-12018.158293876797
GASOIL,2017-10-31,163003.0,85631.88461538461,41120.132297173994,2.2060475,1.8815872192593301,176344.85110608,,,7815.0,24696.02789702179
GASOIL,2017-11-07,160953.0,87650.48076923077,41484.705126355824,2.3503075,1.7669769860362126,185152.29289441853,,,-2050.0,8807.441788338532
GASOIL,2017-11-14,160245.0,90142.63461538461,41651.55754046065,2.2005768,1.683067081381468,181800.08508249602,,,-708.0,-3352.2078119225043
GASOIL,2017-11-21,155082.0,93150.55769230769,41236.84116927307,1.8934255,1.5018473906250478,171229.4428431173,,,-5163.0,-10570.642239378736
HEATOIL,2014-12-23,-22054.0,6657.211538461538,22845.39704325279,-1.3917136,-1.2567613285119583,-25137.038663399893,,,,
HEATOIL,2014-12-30,-26549.0,5853.865384615385,22912.388667358777,-1.1908374,-1.41420721580098,-21431.063580493385,,,-4495.0,3705.9750829065088
HEATOIL,2015-01-06,-22682.0,4831.0,22908.32191489563,-1.3042687,-1.2010046000842287,-25047.607650107286,,,3867.0,-3616.5440696139012
HEATOIL,2015-01-13,-27219.0,4081.3653846153848,22955.134823117,-0.9778608,-1.3635452645259267,-18365.561309817473,,,-4537.0,6682.046340289813
HEATOIL,2015-01-20,-28223.0,3489.076923076923,23121.41555773672,-1.4275587,-1.37154564969815,-29518.100099556097,,,-1004.0,-11152.538789738624
HEATOIL,2015-01-27,-29037.0,2812.7884615384614,23274.189779409917,-1.6355897,-1.3684596011035004,-35254.237055498845,,,-814.0,-5736.136955942748
HEATOIL,2015-02-03,-28427.0,1842.9615384615386,23250.017216741486,-1.3462982,-1.3019328655234392,-29458.49520363926,,,610.0,5795.741851859584
HEATOIL,2015-02-10,-32431.0,773.3076923076923,23051.499245155093,-0.6785632,-1.440440265475856,-14868.59088359685,,,-4004.0,14589.904320042411
HEATOIL,2015-02-17,-20214.0,-412.38461538461536,22798.328211733817,-0.18656898,-0.8685555888446203,-4665.8453517888975,,,12217.0,10202.745531807952
HEATOIL,2015-02-24,-14897.0,-1476.576923076923,22189.4734051015,-0.3950307,-0.6048103455144472,-10242.100292934472,,,5317.0,-5576.254941145575
HEATOIL,2015-03-03,-11307.0,-2641.769230769231,21105.892084379273,0.015290886,-0.4105597969793474,-2319.041437523407,,,3590.0,7923.058855411065
HEATOIL,2015-03-10,-12703.0,-3672.230769230769,20137.38210733294,-0.5794761,-0.44845795658218723,-15341.362781238151,,,-1396.0,-13022.321343714744
HEATOIL,2015-03-17,-19929.0,-4555.884615384615,19495.071672927083,-0.9185891,-0.7885641890695954,-22463.845253064603,,,-7226.0,-7122.482471826452
HEATOIL,2015-03-24,-25448.0,-5378.9807692307695,19130.8693451408,-0.71967626,-1.0490385391642811,-19147.013197006785,,,-5519.0,3316.8320560578177
HEATOIL,2015-03-31,-25489.0,-6324.307692307692,18731.181134853432,-0.71533793,-1.0231438247122726,-19723.43207128846,,,-41.0,-576.4188742816732
HEATOIL,2015-04-07,-32072.0,-7239.307692307692,18363.425301181785,-0.48846766,-1.3522908662412885,-16209.247143520017,,,-6583.0,3514.1849277684414
HEATOIL,2015-04-14,-23251.0,-8155.173076923077,18159.868678054347,-0.6626605,-0.831274013634238,-20189.00036360757,,,8821.0,-3979.753220087554
HEATOIL,2015-04-21,-20407.0,-8996.73076923077,17830.439785887287,-0.19828913,-0.6399320133315167,-12532.313093382927,,,2844.0,7656.687270224644
HEATOIL,2015-04-28,-13690.0,-10025.865384615385,17102.486495380042,-0.08771294,-0.21424572481752413,-11525.97481721641,,,6717.0,1006.3382761665162
HEATOIL,2015-05-05,-8944.0,-10976.653846153846,16375.358121042094,0.1911968,0.1241288178938765,-7845.737786375347,,,4746.0,3680.2370308410636
HEATOIL,2015-05-12,-8719.0,-11625.673076923076,16226.587713669807,0.10787557,0.17913027237848658,-9875.220667529658,,,225.0,-2029.4828811543111
HEATOIL,2015-05-19,-4772.0,-12279.865384615385,16106.508054667527,-0.02149555,0.46613861670901846,-12626.083647856976,,,3947.0,-2750.862980327318
HEATOIL,2015-05-26,-3972.0,-12920.576923076924,16040.431788306163,-0.024152339,0.5578763116339946,-13307.990861391108,,,800.0,-681.9072135341321
HEATOIL,2015-06-02,-5340.0,-13527.403846153846,16083.306858930328,0.1227058,0.5090622169910135,-11553.888774046976,,,-1368.0,1754.102087344132
HEATOIL,2015-06-09,-6251.0,-14013.173076923076,16343.883640031592,0.12954116,0.4749283125040697,-11895.967452925253,,,-911.0,-342.07867887827706
HEATOIL,2015-06-16,-3343.0,-14443.173076923076,16677.922335213985,0.31014767,0.6655609046389445,-9270.55427598934,,,2908.0,2625.4131769359137
HEATOIL,2015-06-23,-1243.0,-15027.173076923076,16876.178810779034,0.41754398,0.8167828293048748,-7980.626251285917,,,2100.0,1289.928024703423
HEATOIL,2015-06-30,-4575.0,-15816.557692307691,16749.991780543885,0.47224918,0.671138102011813,-7906.387807624119,,,-3332.0,74.23844366179765
HEATOIL,2015-07-07,-15931.0,-16651.0,16608.207096782517,0.37806076,0.043352060568866854,-10372.088634078395,,,-11356.0,-2465.7008264542756
HEATOIL,2015-07-14,-17387.0,-17411.98076923077,16645.267076393575,0.122437954,0.0015007731096245008,-15373.968325462909,,,-1456.0,-5001.879691384514
HEATOIL,2015-07-21,-18985.0,-17935.94230769231,16870.223393782813,-0.0010686517,-0.06218398344946048,-17953.97070019957,,,-1598.0,-2580.0023747366613
HEATOIL,2015-07-28,-18568.0,-18297.365384615383,17071.80684665037,-0.0823524,-0.015852722433871598,-19703.269647803827,,,417.0,-1749.2989476042567
HEATOIL,2015-08-04,-25298.0,-18513.71153846154,17220.131031548524,-0.116505265,-0.39397426472012054,-20519.94747168907,,,-6730.0,-816.6778238852421
HEATOIL,2015-08-11,-28498.0,-18674.615384615383,17085.195269806976,-0.12622523,-0.5749647259077302,-20831.19813972996,,,-3200.0,-311.25066804089147
HEATOIL,2015-08-18,-27513.0,-19004.653846153848,17021.898048430718,-0.20044756,-0.49984708694871743,-22416.65176558018,,,985.0,-1585.4536258502194
HEATOIL,2015-08-25,-28859.0,-19434.55769230769,17047.729272932964,-0.44503286,-0.5528268402675595,-27021.357489129918,,,-1346.0,-4604.705723549738
HEATOIL,2015-09-01,-27015.0,-19777.96153846154,17001.560725853575,-0.050536335,-0.42566906522489983,-20637.158098573866,,,1844.0,6384.199390556052
HEATOIL,2015-09-08,-23707.0,-19995.634615384617,16905.3404839457,-0.026575804,-0.219538044095587,-20444.907626526387,,,3308.0,192.25047204747898
HEATOIL,2015-09-15,-25845.0,-20103.153846153848,16807.861007492353,-0.14351875,-0.34161670847269854,-22515.396979197223,,,-2138.0,-2070.4893526708365
HEATOIL,2015-09-22,-25892.0,-20228.96153846154,16657.399052153985,-0.15511143,-0.3399713510979475,-22812.714560094228,,,-47.0,-297.3175808970045
HEATOIL,2015-09-29,-29826.0,-20265.80769230769,16387.648296354728,-0.23422533,-0.5833779279860967,-24104.2100672978,,,-3934.0,-1291.4955072035737
HEATOIL,2015-10-06,-23136.0,-20310.96153846154,15972.397342967499,-0.26310834,-0.17687003402668916,-24513.432535286003,,,6690.0,-409.22246798820197
HEATOIL,2015-10-13,-27358.0,-20226.615384615383,15610.213769730746,-0.19112428,-0.4568409325189929,-23210.106179050497,,,-4222.0,1303.326356235506
HEATOIL,2015-10-20,-30232.0,-20188.576923076922,15127.695656568296,-0.41907355,-0.6639096465800675,-26528.19407383485,,,-2874.0,-3318.087894784352
HEATOIL,2015-10-27,-34915.0,-20259.403846153848,14715.437275765187,-0.54838216,-0.9959334458910313,-28329.087169632046,,,-4683.0,-1800.893095797197
HEATOIL,2015-11-03,-30614.0,-20353.423076923078,14165.336685438597,-0.53521144,-0.7243440202606964,-27934.873377681353,,,4301.0,394.2137919506931
HEATOIL,2015-11-10,-28428.0,-20472.80769230769,13796.051028019669,-0.6472871,-0.5766282171278851,-29402.81315016849,,,2186.0,-1467.9397724871378
HEATOIL,2015-11-17,-37045.0,-20585.634615384617,13476.882591938605,-0.7806549,-1.2213036117462945,-31106.429144897724,,,-8617.0,-1703.6159947292326
HEATOIL,2015-11-24,-44557.0,-20964.30769230769,13304.492496825571,-0.89244336,-1.773287655528498,-32837.813664610105,,,-7512.0,-1731.384519712381
HEATOIL,2015-12-01,-40883.0,-21408.46153846154,13127.237856044534,-1.1904757,-1.4835214136514838,-37036.11924420846,,,3674.0,-4198.305579598353
HEATOIL,2015-12-08,-39105.0,-21839.19230769231,12981.923185862326,-1.4037485,-1.329988434310768,-40062.54766622487,,,1778.0,-3026.428422016412
HEATOIL,2015-12-15,-40381.0,-22197.115384615383,12778.32271648991,-1.5317602,-1.4230259337494306,-41770.44174586765,,,-1276.0,-1707.8940796427778
HEATOIL,2015-12-22,-37958.0,-22560.884615384617,12573.09238736417,-1.5794594,-1.2246084662584145,-42419.57393561992,,,2423.0,-649.1321897522721
HEATOIL,2015-12-29,-34729.0,-22866.73076923077,12338.467706649399,-1.430943,-0.9614053797277001,-40522.37491577938,,,3229.0,1897.1990198405401
HEATOIL,2016-01-05,-30582.0,-23024.03846153846,11957.885994321567,-1.2867779,-0.632048302020155,-38411.18133927877,,,4147.0,2111.1935765006056
HEATOIL,2016-01-12,-21981.0,-23175.96153846154,11704.385977144411,-1.2870593,0.10209519241718316,-38240.200444217124,,,8601.0,170.9808950616498
HEATOIL,2016-01-19,-24145.0,-23075.23076923077,11373.877405563044,-1.1160865,-0.09405492890630233,-35769.46160089823,,,-2164.0,2470.738843318897
HEATOIL,2016-01-26,-20952.0,-22996.80769230769,10954.238426124495,-0.6885533,0.18666817470679473,-30539.38442126315,,,3193.0,5230.077179635078
HEATOIL,2016-02-02,-23343.0,-22841.326923076922,10535.64441123505,-0.2880568,-0.04761674344173021,-25876.190841489668,,,-2391.0,4663.19357977348
HEATOIL,2016-02-09,-21571.0,-22743.55769230769,10101.135462661705,-0.19863844,0.11608177087041223,-24750.031474541072,,,1772.0,1126.1593669485956
HEATOIL,2016-02-16,-19163.0,-22534.71153846154,9492.880937120679,0.01377511,0.35518316945037187,-22403.946057012407,,,2408.0,2346.085417528666
HEATOIL,2016-02-23,-22531.0,-22514.5,9405.35790683852,0.19685602,-0.0017543192043763748,-20662.998658091787,,,-3368.0,1740.94739892062
HEATOIL,2016-03-01,-25833.0,-22661.30769230769,9389.582646353232,0.33089933,-0.3377884222494324,-19554.301104490984,,,-3302.0,1108.697553600803
HEATOIL,2016-03-08,-21673.0,-22940.653846153848,9389.818068636068,0.40029445,0.13500302528630168,-19181.96175948554,,,4160.0,372.33934500544274
HEATOIL,2016-03-15,-19092.0,-23113.153846153848,9425.706965970314,0.17724073,0.4266156226446932,-21442.53466903584,,,2581.0,-2260.5729095502975
HEATOIL,2016-03-22,-13041.0,-23097.05769230769,9410.5045242449,0.43047714,1.0685992091496912,-19046.050596789715,,,6051.0,2396.484072246123
HEATOIL,2016-03-29,-16765.0,-22858.46153846154,9396.572555803952,0.24490958,0.6484770380129518,-20557.15085788644,,,-3724.0,-1511.1002610967262
HEATOIL,2016-04-05,-21073.0,-22690.69230769231,9282.348478227537,0.026411355,0.17427618791588467,-22445.532911053502,,,-4308.0,-1888.3820531670608
HEATOIL,2016-04-12,-9338.0,-22479.173076923078,8854.180543058905,0.6061019,1.4841772214849283,-17112.6376877045,,,11735.0,5332.895223349002
HEATOIL,2016-04-19,-8680.0,-22211.615384615383,8987.795919346077,0.85461277,1.5055543657248394,-14530.530238492796,,,658.0,2582.107449211704
HEATOIL,2016-04-26,-580.0,-21986.096153846152,9187.3811428961,1.2741058,2.329945369731161,-10280.400669760616,,,8100.0,4250.12956873218
HEATOIL,2016-05-03,3777.0,-21733.98076923077,9741.46808792154,1.5885783,2.61880247812564,-6258.895531920001,,,4357.0,4021.505137840615
HEATOIL,2016-05-10,2438.0,-21489.346153846152,10422.83121721594,1.903963,2.295666662463467,-1644.6614760003285,,,-1339.0,4614.234055919673
HEATOIL,2016-05-17,5811.0,-21274.78846153846,10968.293620113463,2.4745994,2.469462379441504,5867.3439266578425,,,3373.0,7512.005402658171
HEATOIL,2016-05-24,12936.0,-21071.26923076923,11563.956862714775,2.4701924,2.940798693258497,7493.929500150072,,,7125.0,1626.5855734922297
HEATOIL,2016-05-31,15419.0,-20746.115384615383,12429.92173961274,2.562924,2.9095207630600997,11110.82821931122,,,2483.0,3616.8987191611486
HEATOIL,2016-06-07,14045.0,-20346.903846153848,13339.79706170125,2.7152467,2.5781429572788253,15873.935802803167,,,-1374.0,4763.107583491947
HEATOIL,2016-06-14,15903.0,-19956.596153846152,14093.816482681987,2.4238043,2.544349587488189,14204.05660269703,,,1858.0,-1669.8792001061374
HEATOIL,2016-06-21,16233.0,-19586.48076923077,14818.70462897409,2.4275784,2.4171802911298443,16387.087233857095,,,330.0,2183.0306311600652
HEATOIL,2016-06-28,12613.0,-19250.403846153848,15454.214838568183,2.2364273,2.061793768172176,15311.824229056776,,,-3620.0,-1075.2630048003193
HEATOIL,2016-07-05,17051.0,-18919.865384615383,15936.702717077596,2.0360887,2.257108388303523,13528.675013571003,,,4438.0,-1783.1492154857733
HEATOIL,2016-07-12,19453.0,-18285.596153846152,16587.456334725906,2.141407,2.275128590683326,17234.899168162858,,,2402.0,3706.224154591855
HEATOIL,2016-07-19,15267.0,-17577.134615384617,17248.98501714925,2.0162287,1.90411984141272,17200.76360536563,,,-4186.0,-34.13556279722616
HEATOIL,2016-07-26,12115.0,-16918.44230769231,17689.486629609815,1.880234,1.6412823568940798,16341.93195009942,,,-3152.0,-858.8316552662109
HEATOIL,2016-08-02,6520.0,-16328.384615384615,17996.204308438115,1.6402872,1.269622428362374,13190.558256201226,,,-5595.0,-3151.3736938981947
HEATOIL,2016-08-09,1461.0,-15716.5,18085.742029303707,1.7167245,0.9497813234407462,15331.736712970567,,,-5059.0,2141.178456769341
HEATOIL,2016-08-16,10166.0,-15140.365384615385,18031.16068895223,1.7532505,1.4034795552635002,16472.775742805097,,,8705.0,1141.03902983453
HEATOIL,2016-08-23,21318.0,-14415.76923076923,18109.351042823673,1.700403,1.9732219639604214,16377.42515925966,,,11152.0,-95.35058354543798
HEATOIL,2016-08-30,21928.0,-13450.826923076924,18394.95407326857,1.7387894,1.9232897664305237,18534.124954116414,,,610.0,2156.699794856755
HEATOIL,2016-09-06,9403.0,-12509.615384615385,18662.911304821395,1.6443956,1.174126320739383,18179.593658393213,,,-12525.0,-354.53129572320177
HEATOIL,2016-09-13,3777.0,-11872.884615384615,18678.5071954931,1.5126975,0.8378552124958222,16382.045743463628,,,-5626.0,-1797.5479149295843
HEATOIL,2016-09-20,-2512.0,-11303.23076923077,18592.59486057879,1.2468276,0.4728350633762531,11878.529702927772,,,-6289.0,-4503.5160405358565
HEATOIL,2016-09-27,-2273.0,-10853.615384615385,18479.51900298701,0.9791744,0.46433109991815386,7241.056095304173,,,239.0,-4637.473607623599
HEATOIL,2016-10-04,5969.0,-10323.75,18291.319742361164,1.0164665,0.8907367117019641,8268.763729174243,,,8242.0,1027.70763387007
HEATOIL,2016-10-11,8912.0,-9764.038461538461,18226.251235972315,1.0089507,1.024677988893208,8625.350669040654,,,2943.0,356.58693986641083
HEATOIL,2016-10-18,8265.0,-9066.538461538461,18099.234493934957,0.9690566,0.9575840606599273,8472.644293650366,,,-647.0,-152.70637539028758
HEATOIL,2016-10-25,12081.0,-8326.211538461539,17888.765887080983,0.9334202,1.1407836441752164,8371.523558633147,,,3816.0,-101.12073501721898
HEATOIL,2016-11-01,17422.0,-7422.442307692308,17561.206450603862,0.8612129,1.4147343679134303,7701.495389074235,,,5341.0,-670.0281695589119
HEATOIL,2016-11-08,8232.0,-6498.673076923077,17372.75243858691,0.9568511,0.8479182057648237,10124.46463417645,,,-9190.0,2422.969245102214
HEATOIL,2016-11-15,558.0,-5793.673076923077,17142.56625041791,0.89660585,0.37052055008206447,9576.452094632437,,,-7674.0,-548.0125395440118
HEATOIL,2016-11-22,4138.0,-5070.538461538462,16689.588532189813,0.849896,0.5517534745555661,9113.876302875819,,,3580.0,-462.57579175661886
HEATOIL,2016-11-29,9801.0,-4134.096153846154,15906.172824207197,0.7169935,0.8760810226227825,7270.526541550753,,,5663.0,-1843.3497613250656
HEATOIL,2016-12-06,24482.0,-3159.403846153846,15223.289368582906,1.0041589,1.8157313558788977,12127.196967689317,,,14681.0,4856.670426138564
HEATOIL,2016-12-13,27547.0,-1936.576923076923,14662.447987538586,1.3059928,2.010822268432571,17212.47519074881,,,3065.0,5085.278223059493
HEATOIL,2016-12-20,27706.0,-630.2692307692307,14014.532409207635,1.5610504,2.021920418276112,21247.122403202742,,,159.0,4034.6472124539323
HEATOIL,2016-12-27,33329.0,632.5,13390.924078990509,1.7319274,2.4416910892130805,23824.608254987055,,,5623.0,2577.485851784313
HEATOIL,2017-01-03,38935.0,1941.3076923076924,12921.752824741221,1.9362752,2.8629004756119967,26961.37779282905,,,5606.0,3136.7695378419958
HEATOIL,2017-01-10,31944.0,3278.173076923077,12667.703228388711,2.0510216,2.2629064169135193,29259.90571579774,,,-6991.0,2298.5279229686894
HEATOIL,2017-01-17,33689.0,4315.192307692308,12490.56673221092,2.086947,2.3516793370598577,30382.34263141575,,,1745.0,1122.436915618011
HEATOIL,2017-01-24,34081.0,5427.384615384615,12228.095024506845,2.1146398,2.343260771787384,31285.40053181605,,,392.0,903.0579004002975
HEATOIL,2017-01-31,31642.0,6485.711538461538,12021.496485433485,2.1054401,2.0926087273760365,31796.252779003284,,,-2439.0,510.85224718723475
HEATOIL,2017-02-07,33298.0,7543.115384615385,11676.253859241375,2.111817,2.2057489436134916,32201.225415772904,,,1656.0,404.9726367696203
HEATOIL,2017-02-14,30235.0,8598.288461538461,11359.835002849204,2.199477,1.9046677643675944,33583.98378927572,,,-3063.0,1382.7583735028165
HEATOIL,2017-02-21,31129.0,9548.25,11086.09572737765,2.1272335,1.9466501580628872,33130.96427367578,,,894.0,-453.01951559993904
HEATOIL,2017-02-28,31575.0,10580.173076923076,10678.42702722516,2.0807319,1.9660973352676014,32799.116500526616,,,446.0,-331.84777314916573
HEATOIL,2017-03-07,31771.0,11684.173076923076,10105.105091539755,1.9269814,1.9877900072404107,31156.523129800975,,,196.0,-1642.5933707256409
HEATOIL,2017-03-14,25942.0,12711.942307692309,9687.073650552773,1.5203974,1.3657434814230762,27440.144138851396,,,-5829.0,-3716.378990949579
HEATOIL,2017-03-21,18157.0,13577.98076923077,9442.205921215835,1.5275605,0.48495227375634364,28001.52130757603,,,-7785.0,561.3771687246335
HEATOIL,2017-03-28,17879.0,14177.942307692309,9629.485601575332,1.3057339,0.3843463550848675,26751.48828157487,,,-278.0,-1250.0330260011579
HEATOIL,2017-04-04,18522.0,14844.173076923076,9734.48171683146,1.4457551,0.37781435417540066,28917.849899413042,,,643.0,2166.361617838171
HEATOIL,2017-04-11,28502.0,15605.615384615385,9672.716873271727,1.4887905,1.3332742790208958,30006.26449162644,,,9980.0,1088.4145922133976
HEATOIL,2017-04-18,32607.0,16333.307692307691,9686.83577388345,1.4387888,1.6799802007140037,30270.618236388545,,,4105.0,264.35374476210563
HEATOIL,2017-04-25,24467.0,17127.28846153846,9651.440651317293,1.1308956,0.7604783372376399,28042.060368917213,,,-8140.0,-2228.5578674713324
HEATOIL,2017-05-02,-722.0,17608.96153846154,9889.576076057847,0.6394582,-1.853563934134634,23932.9318518259,,,-25189.0,-4109.128517091314
HEATOIL,2017-05-09,-9313.0,17522.44230769231,11354.561584975236,0.10504669,-2.3634062933087554,18715.201413035298,,,-8591.0,-5217.730438790601
HEATOIL,2017-05-16,-3722.0,17296.46153846154,13150.162871458428,0.038830727,-1.5983422976517456,17807.091927383834,,,5591.0,-908.1094856514646
HEATOIL,2017-05-23,11130.0,17113.134615384617,14300.968729842702,0.24405,-0.4183726800897932,20603.28597866694,,,14852.0,2796.194051283106
HEATOIL,2017-05-30,16938.0,17078.403846153848,14580.723940409332,-0.13805625,-0.009629415297050465,15065.443799599394,,,5808.0,-5537.842179067546
HEATOIL,2017-06-06,-5447.0,17107.615384615383,14606.845134649642,-0.7669918,-1.5441127208990824,5904.285028513104,,,-22385.0,-9161.15877108629
HEATOIL,2017-06-13,-24416.0,16732.76923076923,15452.839970211426,-1.2476776,-2.6628612805213847,-2547.3925097417705,,,-18969.0,-8451.677538254875
HEATOIL,2017-06-20,-26196.0,15957.403846153846,17152.319636407887,-1.8794158,-2.4575920190222034,-16278.93583618229,,,-1780.0,-13731.54332644052
HEATOIL,2017-06-27,-32528.0,15141.461538461539,18637.38438789544,-2.0036259,-2.557733453704039,-22200.883965618734,,,-6332.0,-5921.948129436443
HEATOIL,2017-07-04,-21372.0,14273.365384615385,20283.65089979913,-1.3234904,-1.7573446496739096,-12571.851477715967,,,11156.0,9629.032487902767
HEATOIL,2017-07-11,-11080.0,13534.461538461539,21055.291931253894,-1.5357698,-1.1690391954112265,-18801.620365339175,,,10292.0,-6229.768887623208
HEATOIL,2017-07-18,-12817.0,12947.288461538461,21283.27274834876,-0.9247342,-1.2105416665083781,-6734.081209073796,,,-1737.0,12067.539156265379
HEATOIL,2017-07-25,-2540.0,12407.211538461539,21593.744456626453,-0.3953907,-0.6922010014745128,3869.2460316112556,,,10277.0,10603.327240685052
HEATOIL,2017-08-01,17614.0,12125.384615384615,21653.864943978988,0.24570477,0.25347047276848994,17445.842522965817,,,20154.0,13576.596491354561
HEATOIL,2017-08-08,23884.0,12338.73076923077,21562.95897590156,0.17294812,0.5354213790265079,16068.00402940506,,,6270.0,-1377.8384935607573
HEATOIL,2017-08-15,31813.0,12769.942307692309,21531.879487658483,-0.18986976,0.8844122364340131,8681.689485434834,,,7929.0,-7386.314543970226
HEATOIL,2017-08-22,18995.0,13186.23076923077,21455.385569341666,-0.34018368,0.2707371168882455,5887.458851506242,,,-12818.0,-2794.2306339285915
HEATOIL,2017-08-29,29187.0,13141.557692307691,21105.758645271428,0.22858965,0.7602400168300588,17966.11575777953,,,10192.0,12078.656906273289
HEATOIL,2017-09-05,40211.0,13281.153846153846,20785.866579645164,1.1224898,1.2955844804766314,36613.07727361577,,,11024.0,18646.961515836236
HEATOIL,2017-09-12,45605.0,13873.615384615385,20867.84849441638,1.12532,1.5205872624518526,37356.62177033389,,,5394.0,743.5444967181247
HEATOIL,2017-09-19,50796.0,14678.0,21107.6882665574,1.4586991,1.7111300652106292,45467.76602885219,,,5191.0,8111.144258518296
HEATOIL,2017-09-26,61710.0,15703.153846153846,21465.094424879524,1.6729844,2.1433330430879005,51613.92114028697,,,10914.0,6146.155111434782
HEATOIL,2017-10-03,61754.0,16933.596153846152,22079.948315417372,1.1481155,2.029914346079239,42283.927400827946,,,44.0,-9329.993739459023
HEATOIL,2017-10-10,56801.0,18006.384615384617,22603.501915799465,1.1548845,1.716309956268263,44110.81766500643,,,-4953.0,1826.8902641784807
HEATOIL,2017-10-17,59105.0,18927.326923076922,22929.397941454088,1.3769093,1.7522341048600238,50499.027182746955,,,2304.0,6388.209517740528
HEATOIL,2017-10-24,59885.0,19905.01923076923,23285.851277170168,1.4985335,1.7169215887085818,54799.64715036067,,,780.0,4300.6199676137185
HEATOIL,2017-10-31,66300.0,20824.326923076922,23605.791224904468,1.9417782,1.926462563514734,66661.53731565736,,,6415.0,11861.890165296689
HEATOIL,2017-11-07,69575.0,21764.28846153846,24015.280236635535,1.9663486,1.990845456199418,68986.70228789988,,,3275.0,2325.164972242521
HEATOIL,2017-11-14,71975.0,22943.96153846154,24534.366422769963,2.1066165,1.9984636088272294,74628.46258908795,,,2400.0,5641.760301188071
HEATOIL,2017-11-21,71972.0,24317.365384615383,25043.233342569667,2.0103626,1.902894644773326,74663.3457087283,,,-3.0,34.88311964034801
NATGAS,2014-12-23,-38472.0,67108.21153846153,77293.82525723753,-1.7493145,-1.3659591977377954,-68103.0013452296,,,,
NATGAS,2014-12-30,-47987.0,63770.480769230766,77088.20681590564,-1.8604715,-1.4497351201347675,-79649.9299992119,,,-9515.0,-11546.928653982308
NATGAS,2015-01-06,-38883.0,60211.5,76856.35865434607,-1.9221803,-1.2893467988207428,-87520.27815010963,,,9104.0,-7870.3481508977275
NATGAS,2015-01-13,-40263.0,57045.63461538462,76503.15712928324,-1.7727576,-1.2719558024375655,-78575.92239046187,,,-1380.0,8944.355759647762
NATGAS,2015-01-20,-44073.0,53760.46153846154,75862.39215676974,-1.366265,-1.2896174080074954,-49887.674120881675,,,-3810.0,28688.248269580195
NATGAS,2015-01-27,-52015.0,49886.36538461538,74199.4010541098,-1.1904923,-1.3733448509955486,-38447.448185305206,,,-7942.0,11440.225935576469
NATGAS,2015-02-03,-65418.0,45525.46153846154,71754.97366537138,-1.4381684,-1.546143157348859,-57670.2745953472,,,-13403.0,-19222.82641004199
NATGAS,2015-02-10,-61612.0,41282.32692307692,70145.72494705999,-1.5708458,-1.466865258014409,-68905.79346944213,,,3806.0,-11235.51887409493
NATGAS,2015-02-17,-56417.0,36896.096153846156,67713.15232243385,-1.3538333,-1.378064570225759,-54776.225510596065,,,5195.0,14129.567958846063
NATGAS,2015-02-24,-64005.0,32437.05769230769,64483.56401346663,-1.2044555,-1.4956068134225164,-45230.52531320203,,,-7588.0,9545.700197394035
NATGAS,2015-03-03,-77455.0,27937.923076923078,61352.4138683013,-1.4115543,-1.7178284672410584,-58664.342776556165,,,-13450.0,-13433.817463354135
NATGAS,2015-03-10,-73605.0,23549.096153846152,59075.029259435294,-1.4536655,-1.6445882020164888,-62326.23549191482,,,3850.0,-3661.8927153586556
NATGAS,2015-03-17,-50446.0,19296.19230769231,56550.69181777442,-1.3279982,-1.2332685961194851,-55803.02244745525,,,23159.0,6523.213044459568
NATGAS,2015-03-24,-71693.0,15705.211538461539,53910.26343815941,-1.1420548,-1.6211794557211954,-45863.26338651132,,,-21247.0,9939.759060943936
NATGAS,2015-03-31,-113055.0,12030.961538461539,51997.465779595404,-1.5387089,-2.4056164980937815,-67978.00314683738,,,-41362.0,-22114.73976032606
NATGAS,2015-04-07,-115445.0,8000.846153846154,51566.190212056325,-1.6986084,-2.3939299305649335,-79589.91761577832,,,-2390.0,-11611.914468940944
NATGAS,2015-04-14,-131145.0,3566.230769230769,50146.68712730984,-2.1822488,-2.686343574945097,-105866.31858259825,,,-15700.0,-26276.40096681993
NATGAS,2015-04-21,-131043.0,-1232.8076923076924,48630.77181938857,-2.1699512,-2.6693015029619245,-106759.20938231317,,,102.0,-892.8907997149217
NATGAS,2015-04-28,-152891.0,-6017.903846153846,46685.70286316633,-2.44935,-3.145997321371053,-120367.53569270599,,,-21848.0,-13608.326310392818
NATGAS,2015-05-05,-116666.0,-11062.365384615385,45337.47810490702,-2.251364,-2.3292789768991318,-113133.53110942147,,,36225.0,7234.004583284521
NATGAS,2015-05-12,-96225.0,-15335.76923076923,42805.764714302655,-1.9324026,-1.889680778023884,-98053.74072107108,,,20441.0,15079.79038835039
NATGAS,2015-05-19,-78709.0,-18762.365384615383,40865.14042651173,-1.6192951,-1.4669381773736314,-84935.08786515784,,,17516.0,13118.652855913242
NATGAS,2015-05-26,-94416.0,-21654.634615384617,39205.32848957031,-1.8383517,-1.8559050054630173,-93727.81793343971,,,-15707.0,-8792.730068281875
NATGAS,2015-06-02,-154826.0,-24870.115384615383,37326.699677506505,-2.3025007,-3.481579827259615,-110814.86844618537,,,-60410.0,-17087.050512745656
NATGAS,2015-06-09,-167250.0,-29285.03846153846,35993.26882135316,-2.591833,-3.833076740632494,-122573.58449628597,,,-12424.0,-11758.7160501006
NATGAS,2015-06-16,-138800.0,-33850.36538461538,34902.48151262504,-2.6017601,-3.006939050377318,-124658.25088544487,,,28450.0,-2084.666389158898
NATGAS,2015-06-23,-140258.0,-38006.71153846154,32439.264549392716,-3.1685228,-3.152084052517543,-140791.2620066114,,,-1458.0,-16133.01112116652
NATGAS,2015-06-30,-131938.0,-41855.057692307695,30632.952855670992,-3.1362853,-2.940720169293621,-137928.7375830169,,,8320.0,2862.5244235944992
NATGAS,2015-07-07,-146604.0,-45344.32692307692,29075.879969972397,-3.2880678,-3.482600464078722,-140947.79212330194,,,-14666.0,-3019.054540285055
NATGAS,2015-07-14,-118294.0,-48768.980769230766,28249.618475495055,-3.1866307,-2.4610958654566697,-138790.08299708247,,,28310.0,2157.7091262194735
NATGAS,2015-07-21,-91852.0,-51658.75,27358.016933225546,-2.6539774,-1.4691580204114292,-124266.30848829515,,,26442.0,14523.774508787319
NATGAS,2015-07-28,-91001.0,-53835.0,27434.552262155266,-2.4531229,-1.3547150193979594,-121135.32714993691,,,851.0,3130.981338358237
NATGAS,2015-08-04,-111799.0,-55789.730769230766,27886.393593472756,-2.0925825,-2.0084801945805957,-114144.30899321692,,,-20798.0,6991.018156719991
NATGAS,2015-08-11,-106882.0,-57845.57692307692,28088.89272875651,-1.8762462,-1.7457584943076505,-110547.2555584137,,,4917.0,3597.0534348032234
NATGAS,2015-08-18,-147682.0,-59842.019230769234,28423.822243150622,-2.085054,-3.090364836150699,-119107.22124143352,,,-40800.0,-8559.965683019822
NATGAS,2015-08-25,-157938.0,-62979.0,28025.30296846031,-2.537155,-3.388330898933257,-134083.5351133023,,,-10256.0,-14976.31387186877
NATGAS,2015-09-01,-146282.0,-66439.32692307692,27461.0694927723,-2.7318788,-2.9074859265017885,-141459.63932797598,,,11656.0,-7376.104214673687
NATGAS,2015-09-08,-139448.0,-69572.25,27014.215322364325,-2.7277699,-2.586628897643819,-143260.81212326078,,,6834.0,-1801.1727952848014
NATGAS,2015-09-15,-121302.0,-72527.19230769231,26709.982680813373,-2.5256107,-1.8260890796961908,-139986.2099718282,,,18146.0,3274.6021514325694
NATGAS,2015-09-22,-196078.0,-75029.30769230769,26943.538235820903,-2.5824525,-4.492679886666127,-144609.71632822763,,,-74776.0,-4623.506356399419
NATGAS,2015-09-29,-209871.0,-78997.53846153847,26997.314680657877,-3.075445,-4.847647371100405,-162026.2932020768,,,-13793.0,-17416.576873849175
NATGAS,2015-10-06,-215540.0,-83587.13461538461,26708.972280931175,-3.6527038,-4.940394710687648,-181147.09814654978,,,-5669.0,-19120.80494447297
NATGAS,2015-10-13,-212996.0,-87909.67307692308,26955.31342442046,-3.680426,-4.6405072333439685,-187116.70627073292,,,2544.0,-5969.608124183142
NATGAS,2015-10-20,-215687.0,-92087.28846153847,27063.704657887636,-4.0713263,-4.566991588952282,-202272.45981436822,,,-2691.0,-15155.753543635306
NATGAS,2015-10-27,-215090.0,-95995.19230769231,27334.552830934164,-4.8085794,-4.35693272280385,-227435.56118565236,,,597.0,-25163.101371284138
NATGAS,2015-11-03,-233984.0,-99592.55769230769,27553.967299794687,-4.7196245,-4.877389917955433,-229636.93736573568,,,-18894.0,-2201.3761800833163
NATGAS,2015-11-10,-208605.0,-104030.32692307692,27925.559133062743,-4.598933,-3.7447655955117782,-232458.108504671,,,25379.0,-2821.171138935315
NATGAS,2015-11-17,-202099.0,-108279.44230769231,27499.94766557712,-4.139476,-3.411626772284578,-222114.8107879542,,,6506.0,10343.2977167168
NATGAS,2015-11-24,-181668.0,-112600.40384615384,26783.20518288911,-4.163904,-2.5787651508554745,-224123.10413051563,,,20431.0,-2008.293342561432
NATGAS,2015-12-01,-183548.0,-116790.57692307692,25843.015724732773,-3.9226832,-2.5831901271891278,-218164.54155126426,,,-1880.0,5958.56257925136
NATGAS,2015-12-08,-176332.0,-120293.51923076923,26032.612528465237,-3.6059608,-2.1526260842224634,-214166.10072613112,,,7216.0,3998.440825133148
NATGAS,2015-12-15,-182137.0,-123189.94230769231,26636.06591755456,-3.3435297,-2.213054205330619,-212248.4198270336,,,-5805.0,1917.680899097526
NATGAS,2015-12-22,-188592.0,-126110.19230769231,27117.40035592177,-2.8672144,-2.3041223300250167,-203861.59421868974,,,-6455.0,8386.825608343846
NATGAS,2015-12-29,-166391.0,-128997.11538461539,27452.46979442978,-1.9126046,-1.3621318917896408,-181502.8345819021,,,22201.0,22358.75963678764
NATGAS,2016-01-05,-133634.0,-131274.11538461538,28431.028406731544,-1.5157611,-0.0830038429009441,-174368.7633287285,,,32757.0,7134.071253173606
NATGAS,2016-01-12,-120354.0,-133096.25,31004.340364072854,-1.2248214,0.41098278016472295,-171071.0310691194,,,13280.0,3297.732259609096
NATGAS,2016-01-19,-132184.0,-134636.46153846153,34089.91410530429,-1.1686363,0.07194097148164817,-174475.17337651266,,,-11830.0,-3404.142307393253
NATGAS,2016-01-26,-155815.0,-136330.90384615384,36291.187171241814,-0.7218699,-0.5368823031858797,-162528.41898941319,,,-23631.0,11946.75438709947
NATGAS,2016-02-02,-163137.0,-138327.0576923077,37396.65529283792,-0.7221333,-0.6634267720847171,-165332.42699682605,,,-7322.0,-2804.0080074128637
NATGAS,2016-02-09,-138857.0,-140206.26923076922,38139.109006078674,-0.6858165,0.03537757608742697,-166362.70048980348,,,24280.0,-1030.2734929774306
NATGAS,2016-02-16,-153602.0,-141691.75,39784.95136800547,-0.9986743,-0.2993657046311753,-181423.9574033139,,,-14745.0,-15061.256913510413
NATGAS,2016-02-23,-167483.0,-143560.6923076923,40893.12768426266,-1.0024511,-0.5849957938412709,-184554.051591562,,,-13881.0,-3130.0941882480984
NATGAS,2016-03-01,-170820.0,-145550.65384615384,41559.30261198937,-0.8629544,-0.6080310439703155,-181414.43598711863,,,-3337.0,3139.615604443359
NATGAS,2016-03-08,-177985.0,-147346.13461538462,42042.49637508696,-0.76422554,-0.7287594226391131,-179476.08421759505,,,-7165.0,1938.3517695235787
NATGAS,2016-03-15,-155864.0,-149353.4423076923,42442.11633456228,-0.38569564,-0.15339851672301943,-165723.18137209982,,,22121.0,13752.902845495235
NATGAS,2016-03-22,-122800.0,-151380.71153846153,43501.08824608609,-0.16882974,0.6570114149048447,-158724.98891734376,,,33064.0,6998.192454756063
NATGAS,2016-03-29,-91242.0,-152363.53846153847,45701.842926247366,0.29556787,1.337397674754059,-138855.54208635126,,,31558.0,19869.4468309925
NATGAS,2016-04-05,-72860.0,-151944.0576923077,48593.513872492105,0.6392577,1.6274611854541294,-120880.27836744877,,,18382.0,17975.263718902483
NATGAS,2016-04-12,-81683.0,-151125.11538461538,52008.95599352012,1.10605,1.3351953343048701,-93600.60885406844,,,-8823.0,27279.66951338033
NATGAS,2016-04-19,-57511.0,-150173.92307692306,54226.03114298264,1.5800134,1.7088273127087326,-64496.06754825715,,,24172.0,29104.54130581129
NATGAS,2016-04-26,-55079.0,-148759.84615384616,57276.734380463866,1.4833752,1.6355828796307759,-63796.959312932115,,,2432.0,699.1082353250385
NATGAS,2016-05-03,-79409.0,-146878.84615384616,59447.41829880239,1.2791067,1.1349499790675583,-70839.25295914958,,,-24330.0,-7042.293646217469
NATGAS,2016-05-10,-66650.0,-146162.36538461538,61169.831830701994,1.2921574,1.2998624159157326,-67121.31381975803,,,12759.0,3717.9391393915575
NATGAS,2016-05-17,-76231.0,-145593.61538461538,63454.8049963183,0.9509799,1.0931026482334925,-85249.37200828677,,,-9581.0,-18128.05818852874
NATGAS,2016-05-24,-113557.0,-145545.96153846153,65343.89473795449,0.8909038,0.4895478248847171,-87330.83930958214,,,-37326.0,-2081.4673012953717
NATGAS,2016-05-31,-100136.0,-145914.0576923077,66018.58118977936,1.2344365,0.693411716327445,-64418.31060164282,,,13421.0,22912.528707939317
NATGAS,2016-06-07,-57134.0,-144862.32692307694,65904.61380067132,1.6547574,1.3311408999134946,-35806.18082836726,,,43002.0,28612.129773275563
NATGAS,2016-06-14,-43551.0,-142744.71153846153,66586.4423923479,1.7666731,1.489698322580166,-25108.235733328707,,,13583.0,10697.94509503855
NATGAS,2016-06-21,-29851.0,-140913.0,68239.76186423448,1.8511698,1.6275261953721636,-14589.611999024302,,,13700.0,10518.623734304405
NATGAS,2016-06-28,-28137.0,-138789.78846153847,70106.99449252016,1.8477145,1.5783416371292913,-9252.075147670097,,,1714.0,5337.536851354205
NATGAS,2016-07-05,-30378.0,-136793.61538461538,71921.77712451972,1.3741755,1.479602140536318,-37960.46785158831,,,-2241.0,-28708.392703918216
NATGAS,2016-07-12,-30251.0,-134558.5,73122.52942844975,1.1512995,1.4264755447507418,-50372.57013963675,,,127.0,-12412.102288048438
NATGAS,2016-07-19,-42294.0,-132865.36538461538,74615.46165934503,1.13665,1.2138417878872962,-48053.70340854411,,,-12043.0,2318.8667310926394
NATGAS,2016-07-26,-44464.0,-131912.32692307694,75885.4894782279,1.075178,1.1523721797718192,-50321.91605633497,,,-2170.0,-2268.2126477908605
NATGAS,2016-08-02,-32222.0,-131017.38461538461,76999.26219792351,1.1566465,1.2830692372276897,-41956.458254094236,,,12242.0,8365.457802240737
NATGAS,2016-08-09,-54580.0,-129487.05769230769,78108.75542320764,0.9487916,0.9590097459170542,-55378.124854787806,,,-22358.0,-13421.66660069357
NATGAS,2016-08-16,-72729.0,-128481.25,78658.69735831712,0.95878255,0.7087868458592639,-53064.66327821753,,,-18149.0,2313.4615765702765
NATGAS,2016-08-23,-36878.0,-127039.84615384616,78208.70217216758,1.0924041,1.15283649580791,-41604.33712419539,,,35851.0,11460.326154022143
NATGAS,2016-08-30,11605.0,-124711.76923076923,78089.64569927915,1.1620529,1.7456446115240551,-33967.47234451023,,,48483.0,7636.864779685158
NATGAS,2016-09-06,-1896.0,-121675.48076923077,79330.91142995401,1.2138326,1.509871481496733,-25381.03295460227,,,-13501.0,8586.439389907959
NATGAS,2016-09-13,87851.0,-119030.25,80089.76426642426,1.5036184,2.5831172297098406,1394.1899642872595,,,89747.0,26775.22291888953
NATGAS,2016-09-20,113567.0,-115008.07692307692,84006.26305576996,1.9436532,2.7209289951551687,48270.96726096874,,,25716.0,46876.77729668148
NATGAS,2016-09-27,124158.0,-109053.36538461539,86706.04680971475,2.0910628,2.6896782169808926,72254.42226384407,,,10591.0,23983.45500287533
NATGAS,2016-10-04,99311.0,-102629.73076923077,88712.28537810256,2.151553,2.276355861068563,88239.44548318048,,,-24847.0,15985.023219336406
NATGAS,2016-10-11,121872.0,-96574.90384615384,88911.40814583714,2.4823833,2.4569052318668243,124137.2865748069,,,22561.0,35897.841091626426
NATGAS,2016-10-18,146370.0,-90135.13461538461,89489.34707002394,2.493423,2.642830039091952,132999.66028853762,,,24498.0,8862.373713730718
NATGAS,2016-10-25,136034.0,-83172.5,90305.49230640777,2.0319624,2.4273883503810527,100324.86440278715,,,-10336.0,-32674.79588575047
NATGAS,2016-11-01,70947.0,-76420.11538461539,90145.560498483,1.8859777,1.6347684186521345,93592.40553113654,,,-65087.0,-6732.458871650611
NATGAS,2016-11-08,36904.0,-70556.05769230769,87099.84527530706,1.5433319,1.2337571594145273,63867.90865244306,,,-34043.0,-29724.496878693477
NATGAS,2016-11-15,14965.0,-65834.73076923077,84319.8843595976,1.5816264,0.9582523906774528,67527.82566496059,,,-21939.0,3659.9170125175297
NATGAS,2016-11-22,23312.0,-61660.42307692308,81529.58409423659,1.6593746,1.0422280945123803,73627.69748456586,,,8347.0,6099.871819605265
NATGAS,2016-11-29,53555.0,-57718.5,79413.43698347287,1.7748972,1.4011923451085198,83232.18835397458,,,30243.0,9604.49086940872
NATGAS,2016-12-06,101107.0,-53158.82692307692,77333.77143490566,2.0325575,1.9948054266683148,104026.50924261018,,,47552.0,20794.3208886356
NATGAS,2016-12-13,157507.0,-47823.46153846154,75973.3390576624,1.9432983,2.702664699028424,99815.40212468011,,,56400.0,-4211.107117930063
NATGAS,2016-12-20,163719.0,-41291.846153846156,75496.96402101089,1.9768279,2.715484639843152,107952.65565913595,,,6212.0,8137.253534455842
NATGAS,2016-12-27,174069.0,-34516.63461538462,74538.96488376135,2.6657147,2.798343590371295,164182.9828357412,,,10350.0,56230.327176605235
NATGAS,2017-01-03,171528.0,-27969.326923076922,74236.7359855667,2.3198826,2.687312747180368,144251.1874943825,,,-2541.0,-19931.795341358695
NATGAS,2017-01-10,140255.0,-22100.826923076922,74446.84456781678,1.999275,2.180828856690899,126738.88594990836,,,-31273.0,-17512.301544474132
NATGAS,2017-01-17,162054.0,-17089.115384615383,74073.93327806723,2.17639,2.4184366545263285,144124.6472722577,,,21799.0,17385.761322349324
NATGAS,2017-01-24,138203.0,-11430.692307692309,73630.02851812282,2.1612372,2.0322373265258538,147701.26729598266,,,-23851.0,3576.6200237249723
NATGAS,2017-01-31,125445.0,-5776.5,71950.05224175657,2.0489938,1.8237860281058276,141648.7128174393,,,-12758.0,-6052.554478543374
NATGAS,2017-02-07,118392.0,-226.84615384615384,69750.60627461139,1.92397,1.700613836772088,133971.2266881142,,,-7053.0,-7677.486129325087
NATGAS,2017-02-14,100120.0,4720.25,68203.8310622091,1.7833937,1.398744740790079,126354.535404966,,,-18272.0,-7616.691283148204
NATGAS,2017-02-21,72218.0,9599.51923076923,66174.80830470606,1.3971848,0.9462585895360669,102057.95876538283,,,-27902.0,-24296.57663958316
NATGAS,2017-02-28,77171.0,14209.153846153846,63932.12277167857,1.224697,0.9848233317498689,92506.6324136597,,,4953.0,-9551.326351723139
NATGAS,2017-03-07,87054.0,18978.21153846154,61498.60868275209,1.2664868,1.1069484321623526,96865.38543676361,,,9883.0,4358.753023103913
NATGAS,2017-03-14,110113.0,24075.115384615383,58591.99888891171,1.4435725,1.46842378220462,108656.91494339859,,,23059.0,11791.529506634979
NATGAS,2017-03-21,138507.0,29190.05769230769,56324.00624087856,1.7587457,1.9408587847991678,128249.65980345086,,,28394.0,19592.744860052277
NATGAS,2017-03-28,149904.0,34215.192307692305,54990.607486739595,1.9766246,2.1037921379611024,142910.98027704252,,,11397.0,14661.320473591652
NATGAS,2017-04-04,176464.0,38852.61538461538,54396.70957745354,2.23518,2.529774055900287,160439.0473193671,,,26560.0,17528.067042324576
NATGAS,2017-04-11,176607.0,43647.307692307695,54115.84200299397,2.2202706,2.456945829288516,163799.12250936945,,,143.0,3360.0751900023606
NATGAS,2017-04-18,187459.0,48614.42307692308,53625.46343384619,2.1980703,2.589153883851453,166486.9609152428,,,10852.0,2687.8384058733354
NATGAS,2017-04-25,180732.0,53325.38461538462,53481.36092908169,2.1618512,2.3822620287012026,168944.12718897298,,,-6727.0,2457.166273730196
NATGAS,2017-05-02,205183.0,57860.21153846154,53307.41935958433,2.2516966,2.7636451029035,177892.34575136605,,,24451.0,8948.21856239307
NATGAS,2017-05-09,217663.0,63333.13461538462,52771.638361466335,2.4375308,2.9244850108217695,191965.62616579433,,,12480.0,14073.28041442827
NATGAS,2017-05-16,245723.0,68800.69230769231,52482.68428297447,2.678459,3.3710605718713547,209373.40664656137,,,28060.0,17407.780480767047
NATGAS,2017-05-23,234445.0,74992.11538461539,52231.26682042028,2.836417,3.0528243774674273,223141.76642393967,,,-11278.0,13768.359777378297
NATGAS,2017-05-30,172302.0,81684.46153846153,50567.785653923194,2.7417386,1.7920013164449904,220328.10924917486,,,-62143.0,-2813.657174764812
NATGAS,2017-06-06,96605.0,86923.65384615384,49528.22419210492,2.2165697,0.19547129564539117,196706.4130077695,,,-75697.0,-23621.696241405356
NATGAS,2017-06-13,80825.0,89880.17307692308,52079.27164201031,1.8038666,-0.1738728824621008,183824.2330375131,,,-15780.0,-12882.179970256402
NATGAS,2017-06-20,54168.0,92272.01923076923,55459.67697795047,1.3565943,-0.6870580808813319,167508.30223613838,,,-26657.0,-16315.930801374721
NATGAS,2017-06-27,80715.0,93887.76923076923,60055.561222157674,1.1556541,-0.21934303772535726,163291.22314913548,,,26547.0,-4217.079087002901
NATGAS,2017-07-04,92147.0,95981.07692307692,63069.46168257327,0.79197115,-0.0607913373729701,145930.27083630607,,,11432.0,-17360.95231282941
NATGAS,2017-07-11,87552.0,98337.32692307692,65487.07849268362,0.637107,-0.16469396973147743,140059.6040000981,,,-4595.0,-5870.666836207965
NATGAS,2017-07-18,89977.0,100602.76923076923,67996.46382204368,0.592137,-0.1562694386369616,140865.9899080466,,,2425.0,806.3859079485119
NATGAS,2017-07-25,73092.0,103146.44230769231,70279.11118482417,0.24276474,-0.4276440296556022,120207.73254500015,,,-16885.0,-20658.25736304646
NATGAS,2017-08-01,54875.0,105407.13461538461,73116.34601019966,-0.13156554,-0.6911195289810492,95787.54299449085,,,-18217.0,-24420.189550509298
NATGAS,2017-08-08,39427.0,107082.07692307692,76611.83962296612,-0.34717816,-0.8830890532851243,80484.11932089685,,,-15448.0,-15303.423673594007
NATGAS,2017-08-15,84472.0,108889.90384615384,80434.53740639506,-0.23431817,-0.3035748651450871,90042.6304799104,,,45045.0,9558.51115901355
NATGAS,2017-08-22,81939.0,111913.0,82274.88015360112,-0.20801243,-0.3643153286159853,94798.80209826185,,,-2533.0,4756.171618351451
NATGAS,2017-08-29,69913.0,114197.94230769231,84452.93670925307,-0.20410246,-0.5243742140093067,96960.89046081076,,,-12026.0,2162.0883625489078
NATGAS,2017-09-05,80656.0,115319.25,86829.27745408016,-0.27222234,-0.39921154495765243,91682.38090165344,,,10743.0,-5278.509559157319
NATGAS,2017-09-12,87360.0,116906.78846153847,88828.6737629166,-0.27171797,-0.3326266982258312,92770.44193947731,,,6704.0,1088.061037823878
NATGAS,2017-09-19,138308.0,116897.34615384616,89261.57822130798,-0.08751216,0.23986416409835362,109085.87282994078,,,50948.0,16315.430890463467
NATGAS,2017-09-26,90424.0,117373.13461538461,87885.0302233008,-0.25953186,-0.3066407845216811,94564.16964354654,,,-47884.0,-14521.70318639424
NATGAS,2017-10-03,56576.0,116724.40384615384,87109.71959032338,-0.41021603,-0.6904901557372876,80990.60020011093,,,-33848.0,-13573.569443435612
NATGAS,2017-10-10,35339.0,115902.57692307692,87876.50252988859,-0.6557329,-0.91678178584401,58279.06046678596,,,-21237.0,-22711.53973332497
NATGAS,2017-10-17,64228.0,114238.48076923077,88515.5638529308,-0.6008678,-0.5649908173473708,61052.32795497316,,,28889.0,2773.267488187201
NATGAS,2017-10-24,52181.0,112658.82692307692,87300.89876965652,-0.5941273,-0.69275148108896,60790.97987634523,,,-12047.0,-261.3480786279324
NATGAS,2017-10-31,11722.0,111046.26923076923,86621.1589979181,-0.9619124,-1.1466513537778507,27724.302845278944,,,-40459.0,-33066.67703106628
NATGAS,2017-11-07,42436.0,109907.32692307692,88717.81172547604,-0.7639624,-0.7605161309868285,42130.255615720205,,,30714.0,14405.952770441261
NATGAS,2017-11-14,75987.0,110013.71153846153,90183.0547636343,-0.6028117,-0.37730715185512403,55650.31151320555,,,33551.0,13520.055897485348
NATGAS,2017-11-21,72858.0,111187.21153846153,90991.54626144034,-0.7622365,-0.42123925917615024,41830.135975398574,,,-3129.0,-13820.17553780698
RBOB,2014-12-23,49641.0,43646.92307692308,18306.173036526732,0.010784626,0.32743473532762973,43844.34830674291,,,,
RBOB,2014-12-30,45777.0,43673.346153846156,18349.170998695656,0.09440994,0.11464571594560764,45405.690335085164,,,-3864.0,1561.342028342253
RBOB,2015-01-06,45863.0,43510.78846153846,18355.11599392018,0.13244987,0.1281501865333169,45941.921103255045,,,86.0,536.2307681698803
RBOB,2015-01-13,39830.0,43473.21153846154,18368.93605404628,0.19549751,-0.198335468518277,47064.29285012914,,,-6033.0,1122.3717468740942
RBOB,2015-01-20,42159.0,43511.82692307692,18301.414316262573,-0.111078024,-0.07391925562139777,41478.94198605873,,,2329.0,-5585.350864070409
RBOB,2015-01-27,55769.0,43714.67307692308,18148.49620784856,-0.055112958,0.6642052754687117,42714.45576848421,,,13610.0,1235.513782425478
RBOB,2015-02-03,55921.0,44272.46153846154,18005.6591525698,0.69852793,0.6469376301547929,56849.9173936109,,,152.0,14135.461625126693
RBOB,2015-02-10,57451.0,44853.230769230766,17834.832649006956,1.2001468,0.7063575800623326,66257.64800015502,,,1530.0,9407.730606544123
RBOB,2015-02-17,47671.0,45469.980769230766,17671.89183945215,1.357933,0.12454915697568396,69467.2266556792,,,-9780.0,3209.5786555241793
RBOB,2015-02-24,42150.0,45605.269230769234,17657.925114940703,1.0555239,-0.19567809967920102,64243.63072620783,,,-5521.0,-5223.595929471368
RBOB,2015-03-03,43188.0,45349.38461538462,17607.52493597629,1.2192539,-0.12275346042352625,66817.42802184139,,,1038.0,2573.797295633558
RBOB,2015-03-10,36036.0,45039.807692307695,17491.355735499244,0.6944777,-0.5147575653060552,57187.16379711718,,,-7152.0,-9630.264224724211
RBOB,2015-03-17,31715.0,44615.78846153846,17413.753207564365,0.0935601,-0.7408390544971364,46245.0209460784,,,-4321.0,-10942.142851038778
RBOB,2015-03-24,28340.0,44141.403846153844,17384.609883323683,-0.009789944,-0.9089305973619494,43971.20949423538,,,-3375.0,-2273.811451843023
RBOB,2015-03-31,24255.0,43635.557692307695,17399.40100043177,-0.20675316,-1.1138634997737429,40038.17647454545,,,-4085.0,-3933.0330196899304
RBOB,2015-04-07,25542.0,42964.692307692305,17369.649786201542,-0.31018183,-1.0030537473203922,37576.942613895044,,,1287.0,-2461.2338606504054
RBOB,2015-04-14,16547.0,42364.17307692308,17328.68473084594,-0.57684505,-1.4898518541899026,32368.207069383072,,,-8995.0,-5208.735544511972
RBOB,2015-04-21,24166.0,41288.019230769234,16980.146275330986,-0.46156806,-1.008355225752346,33450.526097769245,,,7619.0,1082.3190283861732
RBOB,2015-04-28,26522.0,40305.903846153844,16320.60111348933,-0.4349146,-0.8445708433350012,33207.83632181914,,,2356.0,-242.68977595010801
RBOB,2015-05-05,25875.0,39242.0,15256.18438946667,-0.4218028,-0.876169273965316,32806.898875438834,,,-647.0,-400.9374463803033
RBOB,2015-05-12,24973.0,38395.46153846154,14684.027467987968,-0.6571598,-0.9140858369901095,28745.708906610264,,,-902.0,-4061.1899688285703
RBOB,2015-05-19,24777.0,37726.25,14432.604206496284,-0.76479435,-0.8972219992128233,26688.27585184225,,,-196.0,-2057.4330547680147
RBOB,2015-05-26,23150.0,37091.57692307692,14222.635752505454,-0.8405156,-0.9802386256444049,25137.229507177602,,,-1627.0,-1551.0463446646463
RBOB,2015-06-02,27019.0,36381.86538461538,13954.428432812247,-0.9303903,-0.6709601492956654,23398.800551476575,,,3869.0,-1738.428955701027
RBOB,2015-06-09,19445.0,35745.36538461538,13664.29909484992,-0.8209288,-1.1929163194882786,24527.94856149893,,,-7574.0,1129.1480100223562
RBOB,2015-06-16,27234.0,35020.019230769234,13481.163800570517,-0.7809438,-0.5775480029728393,24491.987796448168,,,7789.0,-35.96076505076417
RBOB,2015-06-23,19681.0,34353.86538461538,13130.847137677438,-0.79755986,-1.117434787776434,23881.22881436219,,,-7553.0,-610.7589820859757
RBOB,2015-06-30,16800.0,33450.807692307695,12614.158761097458,-0.9627349,-1.320009364687831,21306.71709557266,,,-2881.0,-2574.5117187895303
RBOB,2015-07-07,7469.0,32484.01923076923,12077.627144262133,-1.1728804,-2.071186577626171,18318.406940113953,,,-9331.0,-2988.3101554587083
RBOB,2015-07-14,12132.0,31371.75,11706.160952291011,-1.5404426,-1.643557617088341,13339.081151162936,,,4663.0,-4979.325788951017
RBOB,2015-07-21,16528.0,30759.384615384617,11733.63657830023,-1.6640563,-1.2128707515710546,11233.952732247868,,,4396.0,-2105.1284189150683
RBOB,2015-07-28,13913.0,30413.75,11718.76447576473,-1.6686851,-1.4080622606696098,10858.822579418596,,,-2615.0,-375.13015282927154
RBOB,2015-08-04,15297.0,30084.98076923077,11688.599616567419,-1.6234543,-1.2651627444121099,11109.073082590156,,,1384.0,250.2505031715591
RBOB,2015-08-11,14304.0,29807.903846153848,11640.435090748671,-1.5221531,-1.3319007172228208,12089.379032113575,,,-993.0,980.3059495234193
RBOB,2015-08-18,15612.0,29439.23076923077,11638.47855833431,-1.3989657,-1.1880617126994744,13157.398275506841,,,1308.0,1068.0192433932662
RBOB,2015-08-25,21914.0,29185.21153846154,11587.616149345115,-1.5214896,-0.6274984815468261,11554.773844269777,,,6302.0,-1602.6244312370636
RBOB,2015-09-01,16532.0,29231.134615384617,11360.376053458585,-1.088213,-1.11784456391463,16868.62608493551,,,-5382.0,5313.852240665732
RBOB,2015-09-08,16148.0,29203.134615384617,11089.430265279714,-0.99607706,-1.1772592732973304,18157.207511913133,,,-384.0,1288.5814269776238
RBOB,2015-09-15,16662.0,29184.096153846152,10803.867930338487,-1.0687069,-1.159038247652277,17637.928273266785,,,514.0,-519.279238646348
RBOB,2015-09-22,16727.0,29347.23076923077,10146.735726880343,-0.9985309,-1.2437724908709054,19215.401365035934,,,65.0,1577.4730917691486
RBOB,2015-09-29,17760.0,29438.596153846152,9646.20378321438,-1.0823016,-1.2106934931406275,18998.494204557486,,,1033.0,-216.90716047844762
RBOB,2015-10-06,24290.0,29583.21153846154,9031.408775616897,-1.0488949,-0.5860892436573365,20110.213094641404,,,6530.0,1111.7188900839174
RBOB,2015-10-13,17626.0,29657.076923076922,8824.512217470034,-0.8751406,-1.3633701927749386,21934.38794145071,,,-6664.0,1824.1748468093065
RBOB,2015-10-20,13460.0,29530.78846153846,8711.218931263295,-1.1200767,-1.8448380861905267,19773.555488349833,,,-4166.0,-2160.8324531008766
RBOB,2015-10-27,12350.0,29190.53846153846,8752.027458299366,-1.3562293,-1.9241871145604015,17320.78234208848,,,-1110.0,-2452.773146261352
RBOB,2015-11-03,18353.0,28828.51923076923,8804.818096269322,-1.4308115,-1.1897485122614626,16230.484028459125,,,6003.0,-1090.298313629357
RBOB,2015-11-10,15699.0,28584.30769230769,8792.339512864417,-1.3724036,-1.4655152560310816,16517.66910186881,,,-2654.0,287.1850734096861
RBOB,2015-11-17,-1228.0,28265.326923076922,8801.720460807885,-1.5148582,-3.3508593069280246,14931.968105358874,,,-16927.0,-1585.7009965099369
RBOB,2015-11-24,15127.0,27486.115384615383,9199.800937059184,-1.762568,-1.3434111747820174,11270.840674379659,,,16355.0,-3661.127430979215
RBOB,2015-12-01,25053.0,27025.173076923078,9181.047049310055,-1.6965872,-0.214809167879309,11448.726125174237,,,9926.0,177.885450794578
RBOB,2015-12-08,16580.0,26691.23076923077,9170.401797061297,-1.4804114,-1.1025940839877884,13115.26331153466,,,-8473.0,1666.5371863604232
RBOB,2015-12-15,23414.0,26075.78846153846,8938.451311388224,-1.3680594,-0.29779078822604904,13847.456152657089,,,6834.0,732.192841122429
RBOB,2015-12-22,21340.0,25561.903846153848,8709.262344826926,-1.1507295,-0.48476021033647565,15539.898420390853,,,-2074.0,1692.4422677337643
RBOB,2015-12-29,28311.0,25017.653846153848,8464.97648957839,-0.88594353,0.38905555826418864,17518.162676764023,,,6971.0,1978.2642563731697
RBOB,2016-01-05,27055.0,24681.76923076923,8505.84007358465,-0.56780326,0.27901191989265905,19852.125476781737,,,-1256.0,2333.9628000177145
RBOB,2016-01-12,16972.0,24320.076923076922,8515.836878853968,-0.51446694,-0.8628719675600222,19938.960370920686,,,-10083.0,86.83489413894858
RBOB,2016-01-19,19981.0,23880.5,8480.529436236135,-0.7515957,-0.459817990058259,17506.57074599824,,,3009.0,-2432.3896249224454
RBOB,2016-01-26,17198.0,23454.0,8446.892135101689,-0.65181243,-0.740627428400882,17948.210676024333,,,-2783.0,441.63993002609277
RBOB,2016-02-02,14158.0,22712.25,7905.959448242982,-0.7466298,-1.0820002374159778,16809.425279395102,,,-3040.0,-1138.7853966292314
RBOB,2016-02-09,14134.0,21909.115384615383,7310.782129299021,-0.96526694,-1.0635134855757058,14852.259067889416,,,-24.0,-1957.166211505686
RBOB,2016-02-16,23991.0,21076.096153846152,6590.324449869573,-0.8836259,0.442300507103491,15252.714618500193,,,9857.0,400.4555506107772
RBOB,2016-02-23,20357.0,20620.71153846154,6643.917879667141,-0.4815654,-0.039692173087899595,17421.23065980929,,,-3634.0,2168.516041309098
RBOB,2016-03-01,25852.0,20201.615384615383,6738.091314819184,-0.09864811,0.8385734700504344,19536.915421225425,,,5495.0,2115.6847614161343
RBOB,2016-03-08,29283.0,19868.23076923077,7029.564496744419,0.34039414,1.3393104558795164,22261.053325682617,,,3431.0,2724.1379044571913
RBOB,2016-03-15,33789.0,19738.365384615383,7575.885883086326,0.6668754,1.8546523577861174,24790.537479929124,,,4506.0,2529.4841542465074
RBOB,2016-03-22,29268.0,19778.25,8301.19889636245,1.1376132,1.1431782467178768,29221.803251885984,,,-4521.0,4431.26577195686
RBOB,2016-03-29,32533.0,19796.096153846152,8696.128362145255,1.037849,1.4646637349097007,28821.36383862767,,,3265.0,-400.43941325831474
RBOB,2016-04-05,22362.0,19955.28846153846,9124.255080852223,0.870615,0.26377074261242023,27899.001848875647,,,-10171.0,-922.361989752022
RBOB,2016-04-12,21160.0,19894.134615384617,9191.191761507464,0.95554703,0.1377259247181419,28676.75064882391,,,-1202.0,777.7487999482619
RBOB,2016-04-19,23815.0,19982.846153846152,9000.173108845629,0.56212914,0.42578668207920317,25042.105722474524,,,2655.0,-3634.644926349385
RBOB,2016-04-26,26094.0,19976.096153846152,9076.942850629503,0.659024,0.674004887640067,25958.019340562943,,,2279.0,915.9136180884198
RBOB,2016-05-03,23695.0,19967.865384615383,9248.408134436253,0.4869951,0.403002826130338,24471.794837903515,,,-2399.0,-1486.2245026594283
RBOB,2016-05-10,15648.0,19925.94230769231,9345.802214682966,0.37001556,-0.4577394438084016,23384.034562579982,,,-8047.0,-1087.7602753235333
RBOB,2016-05-17,24592.0,19746.615384615383,9319.342526203884,0.5072426,0.5199277311420297,24473.783104203405,,,8944.0,1089.748541623423
RBOB,2016-05-24,21979.0,19743.05769230769,9426.688699844668,0.53705764,0.23719275971520648,24805.732861194403,,,-2613.0,331.94975699099814
RBOB,2016-05-31,16703.0,19720.53846153846,9456.34447450051,0.2977618,-0.3191020028590751,22536.276593874445,,,-5276.0,-2269.456267319958
RBOB,2016-06-07,13212.0,19522.153846153848,9461.61051996959,0.00967133,-0.6669217500377651,19613.660208100264,,,-3491.0,-2922.6163857741813
RBOB,2016-06-14,4650.0,19402.28846153846,9367.264369394492,-0.42983294,-1.5748769202819095,15375.929721599043,,,-8562.0,-4237.730486501221
RBOB,2016-06-21,8068.0,18967.98076923077,9437.578465416656,-0.5391202,-1.154955247172035,13879.991604957515,,,3418.0,-1495.9381166415278
RBOB,2016-06-28,8801.0,18744.653846153848,9397.979077146625,-1.0014368,-1.0580629904076035,9333.171474799548,,,733.0,-4546.820130157967
RBOB,2016-07-05,2412.0,18590.826923076922,9314.611404165873,-1.2347442,-1.7369298858609488,7089.664598779706,,,-6389.0,-2243.506876019843
RBOB,2016-07-12,2149.0,18493.576923076922,9078.888726346935,-1.360949,-1.8002838690648295,6137.672031597842,,,-263.0,-951.9925671818637
RBOB,2016-07-19,1768.0,18301.596153846152,9016.497372980479,-1.5572671,-1.833704982091159,4260.501709815866,,,-381.0,-1877.1703217819759
RBOB,2016-07-26,-4766.0,18017.75,9064.242513903673,-1.6774611,-2.513585659811278,2812.835353146025,,,-6534.0,-1447.6663566698408
RBOB,2016-08-02,-3964.0,17658.53846153846,9244.498500357013,-1.9699252,-2.338962839434007,-552.4317737502315,,,802.0,-3365.2671268962567
RBOB,2016-08-09,-932.0,17288.134615384617,9413.362050797627,-1.9554766,-1.9355608035750376,-1119.4749943914503,,,3032.0,-567.0432206412188
RBOB,2016-08-16,-1473.0,16995.134615384617,9474.088389960736,-1.6880577,-1.9493310443413707,1002.3271271847789,,,-541.0,2121.802121576229
RBOB,2016-08-23,15650.0,16666.576923076922,9565.604621001343,-1.6306454,-0.10627419419416742,1068.4678039046921,,,17123.0,66.14067671991324
RBOB,2016-08-30,16817.0,16546.115384615383,9591.913542687615,-1.3824697,0.028240935886158572,3285.5859872595775,,,1167.0,2217.1181833548853
RBOB,2016-09-06,11535.0,16551.596153846152,9584.485847776545,-1.208163,-0.5234079567251828,4971.974758143693,,,-5282.0,1686.3887708841157
RBOB,2016-09-13,20633.0,16462.884615384617,9530.219115689717,-0.84211576,0.43756762924265513,8437.33690324288,,,9098.0,3465.362145099187
RBOB,2016-09-20,21494.0,16539.25,9571.02985089841,-0.6282341,0.5176820130317438,10526.402786371922,,,861.0,2089.065883129042
RBOB,2016-09-27,22962.0,16630.923076923078,9615.065324579506,-0.2330823,0.6584538647795196,14389.82158964777,,,1468.0,3863.4188032758484
RBOB,2016-10-04,30817.0,16730.96153846154,9688.83936408235,0.40942514,1.4538416762029347,20697.815945988554,,,7855.0,6307.994356340783
RBOB,2016-10-11,36632.0,16856.48076923077,10025.053552778967,0.7158873,1.9726098346165355,24033.28937089584,,,5815.0,3335.4734249072862
RBOB,2016-10-18,39963.0,17221.98076923077,10486.870247677307,1.0867836,2.1685229905277073,28618.939868251182,,,3331.0,4585.650497355342
RBOB,2016-10-25,40617.0,17731.653846153848,10941.601417311154,1.3455565,2.091590186939026,32454.196727080147,,,654.0,3835.256858828965
RBOB,2016-11-01,41941.0,18275.25,11316.97447440068,1.3381574,2.0911728707644084,33419.14331269878,,,1324.0,964.9465856186362
RBOB,2016-11-08,39651.0,18728.865384615383,11791.014671944326,1.1340904,1.7744134154261535,32100.942208405697,,,-2290.0,-1318.2011042930862
RBOB,2016-11-15,25639.0,19189.48076923077,12071.648886846682,1.2212727,0.5342699486394649,33932.256083048196,,,-14012.0,1831.3138746424993
RBOB,2016-11-22,16804.0,19706.153846153848,11446.633560460088,1.3428994,-0.25353776119633187,35077.8316640583,,,-8835.0,1145.5755810101036
RBOB,2016-11-29,22025.0,19738.403846153848,11334.554196266216,0.9178974,0.201736752434374,30142.361709791963,,,5221.0,-4935.469954266337
RBOB,2016-12-06,40372.0,19680.173076923078,11337.182593547874,1.324463,1.8251295462818855,34695.85205781441,,,18347.0,4553.490348022446
RBOB,2016-12-13,38377.0,20137.71153846154,11595.110409199875,1.483923,1.5730155054898758,37343.962079554854,,,-1995.0,2648.1100217404455
RBOB,2016-12-20,42419.0,20425.46153846154,11834.862426687863,1.6245277,1.858368747231279,39651.52329103264,,,4042.0,2307.561211477783
RBOB,2016-12-27,50246.0,20830.826923076922,12154.703630600206,1.8319092,2.420065019345152,43097.140080354424,,,7827.0,3445.616789321786
RBOB,2017-01-03,61421.0,21252.653846153848,12738.607403407863,1.9094099,3.153276090689491,45575.87668779076,,,11175.0,2478.736607436338
RBOB,2017-01-10,63258.0,21913.53846153846,13762.985752151646,1.8287584,3.0040328663420963,47082.71369996962,,,1837.0,1506.8370121788612
RBOB,2017-01-17,63453.0,22803.653846153848,14656.292063281324,2.132513,2.773508195547338,54058.38788096629,,,195.0,6975.67418099667
RBOB,2017-01-24,61213.0,23639.653846153848,15456.429274817727,2.1005883,2.43092020063536,56107.24867579834,,,-2240.0,2048.8607948320496
RBOB,2017-01-31,56060.0,24486.096153846152,16025.117677801929,1.9582881,1.9702759431146126,55867.89297935643,,,-5153.0,-239.35569644191128
RBOB,2017-02-07,48754.0,25291.903846153848,16302.364170005276,1.7485626,1.4391836612884694,53797.60770784609,,,-7306.0,-2070.2852715103436
RBOB,2017-02-14,49341.0,25957.673076923078,16362.902554824137,1.8037181,1.4290451736622372,55471.73642090538,,,587.0,1674.12871305929
RBOB,2017-02-21,40955.0,26445.173076923078,16512.615783487854,1.5119194,0.8787115932041691,51410.91688182877,,,-8386.0,-4060.819539076605
RBOB,2017-02-28,39225.0,26841.28846153846,16514.39652126621,1.3971183,0.7498736949009651,49913.85455031796,,,-1730.0,-1497.0623315108096
RBOB,2017-03-07,30617.0,27098.46153846154,16527.772844048497,0.90496695,0.21288642424713958,42055.549726317826,,,-8608.0,-7858.304824000137
RBOB,2017-03-14,28362.0,27124.115384615383,16532.8157064457,0.15970635,0.07487439752334499,29764.511104780777,,,-2255.0,-12291.038621537049
RBOB,2017-03-21,20380.0,27019.75,16523.26857901199,0.28936684,-0.40184240595313403,31801.0360369283,,,-7982.0,2036.524932147524
RBOB,2017-03-28,17549.0,26848.826923076922,16622.558944682725,0.31276983,-0.5594702328339031,32047.861862141945,,,-2831.0,246.82582521364384
RBOB,2017-04-04,27960.0,26560.673076923078,16739.85925313346,1.000043,0.08359251424500407,43301.25272242562,,,10411.0,11253.390860283675
RBOB,2017-04-11,33418.0,26668.326923076922,16745.79147470182,1.2152951,0.403066829484885,47019.40485220477,,,5458.0,3718.152129779148
RBOB,2017-04-18,32910.0,26904.05769230769,16730.90707978912,0.81185615,0.3589729044008299,40487.14751060559,,,-508.0,-6532.257341599179
RBOB,2017-04-25,20364.0,27078.96153846154,16727.4936309704,-0.13913059,-0.4014326166610526,24751.655441117484,,,-12546.0,-15735.492069488104
RBOB,2017-05-02,-3259.0,26968.76923076923,16823.21893482229,-1.1314868,-1.7967886733139362,7933.519518476045,,,-23623.0,-16818.13592264144
RBOB,2017-05-09,-20790.0,26450.423076923078,17538.448073057974,-1.3907387,-2.693534962736661,2059.0241537052134,,,-17531.0,-5874.495364770832
RBOB,2017-05-16,-13153.0,25749.69230769231,18923.296639692107,-0.9228144,-2.055809463246108,8287.001128002568,,,7637.0,6227.976974297355
RBOB,2017-05-23,-3149.0,25023.826923076922,19831.549867969454,-0.6628076,-1.4206064130458973,11879.3252719024,,,10004.0,3592.324143899832
RBOB,2017-05-30,3650.0,24540.596153846152,20305.90034361014,-0.9721805,-1.0287943799753752,4799.596094703622,,,6799.0,-7079.729177198778
RBOB,2017-06-06,3916.0,24289.576923076922,20558.418840651368,-1.4552628,-0.9910089429052322,-5628.324835269876,,,266.0,-10427.920929973498
RBOB,2017-06-13,-12849.0,24110.80769230769,20770.013996829133,-1.6745691,-1.7794791904305014,-10670.016575284008,,,-16765.0,-5041.691740014132
RBOB,2017-06-20,-21408.0,23774.28846153846,21348.445867093407,-2.1578739,-2.116420499310568,-22292.965017590803,,,-8559.0,-11622.948442306795
RBOB,2017-06-27,-20524.0,23207.44230769231,22248.61469858936,-1.9897747,-1.9655804597337485,-21062.288418147113,,,884.0,1230.67659944369
RBOB,2017-07-04,-10379.0,22643.5,23048.242325075767,-1.3149316,-1.4327556754326793,-7663.362874229275,,,10145.0,13398.925543917838
RBOB,2017-07-11,6075.0,22397.51923076923,23402.59173981921,-1.2111126,-0.6974663068192004,-5945.654929674136,,,16454.0,1717.707944555139
RBOB,2017-07-18,14660.0,22473.01923076923,23406.05101369817,-0.6560541,-0.3338033923875811,7117.383977483854,,,8585.0,13063.03890715799
RBOB,2017-07-25,27607.0,22720.94230769231,23318.211150131865,-0.12806496,0.20953827293394506,19734.69652385202,,,12947.0,12617.312546368166
RBOB,2017-08-01,44388.0,23343.5,23091.772502945925,0.7584163,0.9113419074830768,40856.67654785808,,,16781.0,21121.980024006058
RBOB,2017-08-08,46798.0,24273.346153846152,23014.937575997268,0.7361338,0.978697151438084,41215.419927369556,,,2410.0,358.74337951147754
RBOB,2017-08-15,39166.0,25191.23076923077,22996.300016643458,0.26533148,0.6076964216267426,31292.873016498655,,,-7632.0,-9922.5469108709
RBOB,2017-08-22,36514.0,25972.75,22847.611866471583,0.1878471,0.4613720708145027,30264.60746534427,,,-2652.0,-1028.2655511543853
RBOB,2017-08-29,48635.0,26373.98076923077,22858.408446943566,0.8561058,0.9738656688386276,45943.19692099627,,,12121.0,15678.589455652
RBOB,2017-09-05,64675.0,26985.865384615383,22989.437427368266,1.6334106,1.6394109135753268,64537.05554593112,,,16040.0,18593.858624934852
RBOB,2017-09-12,67700.0,28007.78846153846,23392.83830039572,1.6493195,1.6967676614851004,66590.0535215977,,,3025.0,2052.997975666578
RBOB,2017-09-19,70259.0,28912.923076923078,23862.356411235894,1.6935742,1.7326904439164523,69325.59401090848,,,2559.0,2735.540489310777
RBOB,2017-09-26,69346.0,29850.71153846154,24348.895766879956,1.6098781,1.622056656682602,69049.4646967513,,,-913.0,-276.1293141571805
RBOB,2017-10-03,64231.0,30742.71153846154,24761.362330994238,0.9775139,1.3524412758025262,54947.28763121358,,,-5115.0,-14102.177065537719
RBOB,2017-10-10,59956.0,31385.28846153846,25006.145397694312,0.89499706,1.1425476051617254,53765.71508188223,,,-4275.0,-1181.5725493313512
RBOB,2017-10-17,61374.0,31833.826923076922,25118.929050335722,0.89854604,1.1760124413635487,54404.341151757355,,,1418.0,638.6260698751285
RBOB,2017-10-24,67856.0,32245.576923076922,25217.31790222821,1.3088789,1.4121415772680779,65251.992205111055,,,6482.0,10847.6510533537
RBOB,2017-10-31,80204.0,32769.403846153844,25426.10553372274,1.7367468,1.8655863789652516,76928.110963829,,,12348.0,11676.118758717952
RBOB,2017-11-07,91243.0,33505.230769230766,25911.388915253014,1.9339931,2.2282776666125095,83617.67817176721,,,11039.0,6689.567207938206
RBOB,2017-11-14,101271.0,34497.38461538462,26725.66655256949,2.0145438,2.498482694651279,88337.40971456439,,,10028.0,4719.731542797177
RBOB,2017-11-21,94399.0,35951.846153846156,27844.84800693898,1.8348454,2.0990293727438813,87042.83809295637,,,-6872.0,-1294.5716216080182
WTI,2014-12-23,200896.0,259028.5,60432.60482182964,-1.1265576,-0.9619393400530901,190947.69044047646,,,,
WTI,2014-12-30,194484.0,257976.73076923078,60809.313687986345,-1.0194352,-1.0441283895262015,195985.5778955527,,,-6412.0,5037.887455076241
WTI,2015-01-06,188251.0,256671.4423076923,61166.015866704,-1.1182945,-1.1186022391387649,188269.82455555716,,,-6233.0,-7715.753339995543
WTI,2015-01-13,204795.0,255663.42307692306,61808.962869096984,-1.1433372,-0.8229942829595037,184994.93345990768,,,16544.0,-3274.89109564948
WTI,2015-01-20,205706.0,255344.57692307694,62185.188187964166,-1.061832,-0.798237946519303,189314.35721735845,,,911.0,4319.4237574507715
WTI,2015-01-27,203744.0,255032.57692307694,62525.105753430274,-0.93399864,-0.8202877277062922,196634.21291141017,,,-1962.0,7319.855694051716
WTI,2015-02-03,193444.0,254137.21153846153,62697.61155339939,-0.67051935,-0.9680306798731765,212097.24967028474,,,-10300.0,15463.036758874572
WTI,2015-02-10,195046.0,252670.51923076922,62716.16503819233,-0.4517643,-0.9188144586914323,224337.59573894984,,,1602.0,12240.346068665094
WTI,2015-02-17,208558.0,250804.90384615384,62183.93439951888,-0.37734887,-0.6793861510068863,227339.86646591694,,,13512.0,3002.270726967108
WTI,2015-02-24,198427.0,248589.25,60499.7758546176,-0.59827626,-0.8291311710069982,212393.67052120582,,,-10131.0,-14946.19594471113
WTI,2015-03-03,164194.0,246075.75,58650.845790289386,-0.64653325,-1.3960881364400866,208156.0280085235,,,-34233.0,-4237.6425126823015
WTI,2015-03-10,160285.0,242708.75,56821.46820099737,-0.87116617,-1.4505740983045075,193207.80919382273,,,-3909.0,-14948.218814700784
WTI,2015-03-17,144496.0,239510.59615384616,55395.224063093265,-1.1586655,-1.7152127780118334,175326.05907133798,,,-15789.0,-17881.75012248475
WTI,2015-03-24,141964.0,236708.1923076923,55331.08027536823,-1.2535228,-1.7123141611581663,167349.42419485853,,,-2532.0,-7976.634876479453
WTI,2015-03-31,175453.0,234002.96153846153,55369.56076604552,-1.2657831,-1.0574395160159251,163917.10884341697,,,33489.0,-3432.315351441561
WTI,2015-04-07,216421.0,231727.73076923078,54476.05007479848,-0.951589,-0.2809809218585752,179888.92139174772,,,40968.0,15971.812548330752
WTI,2015-04-14,238556.0,229737.84615384616,52638.45915930341,-0.64225423,0.16752302379267703,195930.5729212208,,,22135.0,16041.651529473078
WTI,2015-04-21,259286.0,227952.86538461538,50618.64592426756,-0.06861928,0.6190038086412523,224479.45029338828,,,20730.0,28548.87737216748
WTI,2015-04-28,257353.0,226731.67307692306,49452.05119156798,0.19693431,0.6192124731986476,236470.47878410516,,,-1933.0,11991.028490716883
WTI,2015-05-05,266310.0,225521.0576923077,48441.84442028472,0.4754733,0.8420187710815611,248553.8620204617,,,8957.0,12083.383236356545
WTI,2015-05-12,263032.0,225014.4423076923,48659.077676335684,0.645942,0.7813045274961454,256445.38293329068,,,-3278.0,7891.520912828972
WTI,2015-05-19,250573.0,224368.38461538462,48743.60171269617,0.6208166,0.5376011304841657,254629.22113707653,,,-12459.0,-1816.1617962141463
WTI,2015-05-26,251015.0,223189.17307692306,48120.82736888505,0.5193391,0.578249137525618,248180.1995140892,,,442.0,-6449.021622987319
WTI,2015-06-02,244522.0,221563.96153846153,46721.48444571437,0.56205773,0.49138075842203566,247824.13319344632,,,-6493.0,-356.06632064288715
WTI,2015-06-09,236618.0,219801.61538461538,45227.888473465864,0.5243032,0.3718144972708686,243514.74194374142,,,-7904.0,-4309.391249704902
WTI,2015-06-16,239044.0,218017.42307692306,43907.67947149307,0.5638066,0.47888153453266363,242772.86226464034,,,2426.0,-741.8796791010827
WTI,2015-06-23,235807.0,216224.38461538462,42592.175954686376,0.5137714,0.45977024995034843,238107.02711319333,,,-3237.0,-4665.835151447012
WTI,2015-06-30,221052.0,214547.82692307694,41665.54076342703,0.4130094,0.15610437204819058,231756.0871284542,,,-14755.0,-6350.939984739118
WTI,2015-07-07,181030.0,212810.46153846153,40880.195157214446,0.063293755,-0.7774048390973247,215397.92259732136,,,-40022.0,-16358.164531132847
WTI,2015-07-14,147349.0,210612.8076923077,40107.979141796895,-0.3811573,-1.5773372043663973,195325.35830053562,,,-33681.0,-20072.564296785742
WTI,2015-07-21,114187.0,208370.65384615384,40053.84568204171,-0.7990597,-2.3514259927450967,176365.2403704071,,,-33162.0,-18960.11793012853
WTI,2015-07-28,106466.0,205542.13461538462,40530.77661370137,-1.3344473,-2.4444667211704028,151455.9506282263,,,-7721.0,-24909.289742180787
WTI,2015-08-04,115972.0,202483.78846153847,40988.37252943776,-1.7000363,-2.110642192475583,132802.06780380657,,,9506.0,-18653.882824419736
WTI,2015-08-11,100132.0,200154.51923076922,41386.319512641305,-1.8880882,-2.416801503700219,122013.4966283014,,,-15840.0,-10788.571175505174
WTI,2015-08-18,82554.0,197878.6923076923,42050.41047044206,-2.1193938,-2.7425342824835437,108757.31199559305,,,-17578.0,-13256.184632708348
WTI,2015-08-25,89234.0,195683.71153846153,42936.32146220055,-2.4182901,-2.4792461932766106,91851.22877392074,,,6680.0,-16906.083221672307
WTI,2015-09-01,110190.0,193635.48076923078,43550.24651284924,-1.8199185,-1.9160736723869218,114377.58088180327,,,20956.0,22526.35210788253
WTI,2015-09-08,130080.0,192250.5576923077,43490.43873583507,-1.6379478,-1.429522430664298,121015.48934066639,,,19890.0,6637.908458863123
WTI,2015-09-15,144287.0,190941.28846153847,43422.43912505795,-1.5514057,-1.0744280929768293,123575.47027330665,,,14207.0,2559.980932640261
WTI,2015-09-22,163841.0,189701.61538461538,43388.70256987158,-1.1893057,-0.5960218640548283,138099.18570332264,,,19554.0,14523.71543001599
WTI,2015-09-29,150390.0,189120.3076923077,43313.64930683115,-1.0600243,-0.8941825108742198,143206.78857406377,,,-13451.0,5107.6028707411315
WTI,2015-10-06,173467.0,188013.3076923077,43284.82350762845,-0.84656537,-0.3360602288177072,151369.87524635944,,,23077.0,8163.086672295671
WTI,2015-10-13,182342.0,187503.63461538462,43376.704916513976,-0.531831,-0.11899554438999203,164434.557131784,,,8875.0,13064.681885424565
WTI,2015-10-20,159793.0,187122.01923076922,43605.53470568889,-0.48914817,-0.6267328084662566,165792.45173825257,,,-22549.0,1357.8946064685588
WTI,2015-10-27,139172.0,186130.40384615384,43629.77375140045,-0.6976104,-1.0762926279132161,155693.82087580638,,,-20621.0,-10098.630862446182
WTI,2015-11-03,165718.0,184850.36538461538,43572.80141663506,-0.6112833,-0.43908963304138376,158215.03944388195,,,26546.0,2521.2185680755647
WTI,2015-11-10,138597.0,184332.03846153847,43480.354470297105,-0.6542269,-1.051855234822927,155886.02098262214,,,-27121.0,-2329.0184612598096
WTI,2015-11-17,109958.0,183088.4423076923,43397.86198479175,-1.0062782,-1.685116246816951,139418.12172173228,,,-28639.0,-16467.899260889855
WTI,2015-11-24,85108.0,181695.8076923077,43270.08314297169,-1.193187,-2.2322075826192704,130066.50706784138,,,-24850.0,-9351.614653890909
WTI,2015-12-01,79252.0,180094.26923076922,43328.63412431537,-1.4997666,-2.3273816788556014,115111.43145829946,,,-5856.0,-14955.07560954192
WTI,2015-12-08,74253.0,177817.51923076922,43985.471726970034,-1.9604738,-2.3545165065779625,91585.15539105257,,,-4999.0,-23526.276067246887
WTI,2015-12-15,79408.0,175343.13461538462,44736.046806434395,-2.20184,-2.1444705436419174,76841.52072136845,,,5155.0,-14743.634669684121
WTI,2015-12-22,62057.0,172732.92307692306,45318.200273989794,-2.2823923,-2.4421959038043504,69299.01337979162,,,-17351.0,-7542.5073415768275
WTI,2015-12-29,73751.0,170062.9423076923,46191.43597740451,-2.2104027,-2.0850605803812914,67961.2662533217,,,11694.0,-1337.747126469927
WTI,2016-01-05,49436.0,167741.15384615384,46658.38062339678,-2.24091,-2.5355606488157862,63183.91963867092,,,-24315.0,-4777.346614650771
WTI,2016-01-12,36372.0,165071.63461538462,47609.85281867386,-2.8245099,-2.703214292754654,30597.135939450585,,,-13064.0,-32586.783699220337
WTI,2016-01-19,56663.0,161832.73076923078,48910.27334277071,-3.0330267,-2.1502584954327517,13486.5660485611,,,20291.0,-17110.569890889485
WTI,2016-01-26,77084.0,158966.51923076922,49528.77861708056,-2.5885234,-1.6532311419149572,30760.117405892204,,,20421.0,17273.551357331104
WTI,2016-02-02,66270.0,156530.75,49731.06072487649,-2.3270962,-1.81497737398651,40801.786380020974,,,-10814.0,10041.66897412877
WTI,2016-02-09,72403.0,154085.09615384616,50019.56361680891,-2.1836474,-1.6330029741882266,44860.006403965745,,,6133.0,4058.22002394477
WTI,2016-02-16,57861.0,151726.57692307694,50196.500626059686,-1.8286552,-1.8699625621780156,59934.482876999755,,,-14542.0,15074.47647303401
WTI,2016-02-23,102252.0,148828.5576923077,50522.348535501646,-1.5116332,-0.9219000906020574,72457.30043964651,,,44391.0,12522.817562646756
WTI,2016-03-01,124411.0,146979.03846153847,50526.13927561848,-0.87594706,-0.4466606549617919,102720.81540081472,,,22159.0,30263.514961168214
WTI,2016-03-08,165251.0,146213.98076923078,50499.69565822609,-0.3452663,0.37697294969080086,128778.1370739742,,,40840.0,26057.321673159473
WTI,2016-03-15,194945.0,146309.48076923078,51155.84539189304,-0.19729295,0.9507323915416471,136216.79293132795,,,29694.0,7438.655857353748
WTI,2016-03-22,226086.0,147279.65384615384,52369.54830963459,0.6076888,1.5048124090722375,179104.04100845024,,,31141.0,42887.24807712229
WTI,2016-03-29,209182.0,148897.38461538462,54528.86714831369,0.2703238,1.1055541502567174,163637.83589939214,,,-16904.0,-15466.205109058094
WTI,2016-04-05,176508.0,149546.01923076922,56217.68888743928,-0.0321151,0.4795995940568609,147740.58242838614,,,-32674.0,-15897.253471005999
WTI,2016-04-12,201020.0,148778.46153846153,56860.57862382934,1.0448682,0.9187655090031901,208190.27372852666,,,24512.0,60449.69130014052
WTI,2016-04-19,221871.0,148056.61538461538,57858.82659648601,0.8327286,1.2757670515887658,196237.31646245782,,,20851.0,-11952.957266068843
WTI,2016-04-26,223467.0,147337.09615384616,59123.78568579726,1.1589527,1.2876358129489973,215858.76797798206,,,1596.0,19621.45151552424
WTI,2016-05-03,212757.0,146685.4423076923,60447.83354736773,1.1112098,1.0930343374594746,213855.66432251158,,,-10710.0,-2003.103655470477
WTI,2016-05-10,191731.0,145655.57692307694,61188.51382453124,1.2158853,0.7530077165961637,220053.7902830267,,,-21026.0,6198.125960515114
WTI,2016-05-17,221826.0,144284.40384615384,61406.390232472935,1.6795561,1.2627610230838906,247419.8830659676,,,30095.0,27366.09278294089
WTI,2016-05-24,210985.0,143731.57692307694,62793.987143112055,1.3457382,1.0710169259303066,228235.8424269917,,,-10841.0,-19184.040638975886
WTI,2016-05-31,210646.0,142961.76923076922,63771.62662118793,1.2267919,1.0613533691289427,221196.28158398304,,,-339.0,-7039.560843008658
WTI,2016-06-07,192591.0,142310.3076923077,64819.777597802524,1.2651918,0.7756998584548814,224319.75836176827,,,-18055.0,3123.476777785225
WTI,2016-06-14,152698.0,141463.63461538462,65469.902382729706,0.63628054,0.1715958780408826,183120.85923799648,,,-39893.0,-41198.899123771786
WTI,2016-06-21,180976.0,139803.13461538462,65323.55096936446,0.49027246,0.630291292705822,171829.47279975723,,,28278.0,-11291.38643823925
WTI,2016-06-28,152611.0,138748.6923076923,65718.62971005696,0.17912278,0.21093421687984967,150520.395682675,,,-28365.0,-21309.077117082226
WTI,2016-07-05,145365.0,137432.51923076922,65806.86421403546,-0.024224818,0.12054184413696649,135838.35993829844,,,-7246.0,-14682.035744376568
WTI,2016-07-12,154529.0,136746.65384615384,66034.50278508286,0.068104565,0.2692887112623671,141243.90494280477,,,9164.0,5405.5450045063335
WTI,2016-07-19,136086.0,136884.73076923078,66214.20121043612,-0.08968425,-0.012062831758587933,130946.35992870008,,,-18443.0,-10297.54501410469
WTI,2016-07-26,100607.0,137305.86538461538,65718.05866547853,-0.32595733,-0.5584289330794423,115884.58257533697,,,-35479.0,-15061.777353363112
WTI,2016-08-02,64691.0,137193.1923076923,65005.421076504215,-0.7399206,-1.1153253237505412,89094.34109168148,,,-35916.0,-26790.241483655496
WTI,2016-08-09,74984.0,136207.01923076922,64805.63221752966,-0.3582084,-0.9447175675297037,112993.09817496588,,,10293.0,23898.757083284407
WTI,2016-08-16,133577.0,135723.40384615384,64197.20561395133,0.09656513,-0.03343453699622383,141922.61518323913,,,58593.0,28929.51700827325
WTI,2016-08-23,220106.0,136704.61538461538,63031.44743730381,0.25712523,1.3231710202806688,152911.59071865765,,,86529.0,10988.975535418518
WTI,2016-08-30,195716.0,139221.38461538462,63556.58648280794,0.2883643,0.8888868724864128,157548.83462702544,,,-24390.0,4637.243908367789
WTI,2016-09-06,148352.0,140866.11538461538,63733.9026366355,0.27143317,0.11745529938851713,158165.61090757078,,,-47364.0,616.7762805453385
WTI,2016-09-13,170395.0,141217.5,63502.86311007971,0.26076195,0.45946747234722246,157776.63018908093,,,22043.0,-388.98071848985273
WTI,2016-09-20,128554.0,141719.57692307694,63642.330489802145,0.08782652,-0.20686824039522797,147309.06134770383,,,-41841.0,-10467.568841377099
WTI,2016-09-27,154939.0,141040.98076923078,63621.652071705226,0.083038405,0.21844794622914476,146324.02125425913,,,26385.0,-985.0400934446952
WTI,2016-10-04,222831.0,141128.46153846153,63639.29850157876,0.76932454,1.2838378232518008,190087.73565360025,,,67892.0,43763.714399341115
WTI,2016-10-11,254375.0,142077.76923076922,64939.45414829936,1.1625322,1.7292604664151097,217571.97640071652,,,31544.0,27484.240747116273
WTI,2016-10-18,264486.0,143463.01923076922,67092.46427807832,1.1971223,1.8038237538514983,223780.90675736187,,,10111.0,6208.9303566453455
WTI,2016-10-25,244625.0,145476.34615384616,69324.33922700724,1.2133644,1.4302141924712022,229592.02884077837,,,-19861.0,5811.1220834165
WTI,2016-11-01,211409.0,147504.28846153847,70526.82777771365,0.645787,0.9061050036147422,193049.59703789945,,,-33216.0,-36542.43180287891
WTI,2016-11-08,130892.0,148382.96153846153,71077.52654650134,0.48279744,-0.24608286737465954,182699.009671482,,,-80517.0,-10350.587366417458
WTI,2016-11-15,123893.0,148234.78846153847,70853.90173594041,0.37267166,-0.3435490193928329,174640.02990543965,,,-6999.0,-8058.97976604235
WTI,2016-11-22,154821.0,148502.76923076922,70227.9514273832,0.438116,0.08996746510203889,179270.75938178357,,,30928.0,4630.729476343928
WTI,2016-11-29,158680.0,149843.40384615384,68931.33921290624,0.06660864,0.12819417488107718,154434.82643709306,,,3859.0,-24835.932944690518
WTI,2016-12-06,242525.0,151370.86538461538,67450.84911952379,0.9289328,1.3514156723788355,214028.170574461,,,83845.0,59593.34413736794
WTI,2016-12-13,274757.0,154606.86538461538,66764.729952445,1.3033118,1.7996048916990277,241622.12741112115,,,32232.0,27593.95683666016
WTI,2016-12-20,283753.0,158363.57692307694,66879.33475954561,1.4202554,1.8748605010462722,253349.31477467815,,,8996.0,11727.187363556994
WTI,2016-12-27,285239.0,162626.96153846153,66384.99027992118,1.580416,1.8469843551159444,267542.85995523725,,,1486.0,14193.5451805591
WTI,2017-01-03,279697.0,166694.03846153847,66016.03543660825,1.4701091,1.7117501951018004,263744.81324017176,,,-5542.0,-3798.0467150654877
WTI,2017-01-10,278360.0,171122.13461538462,64270.274298511285,1.2052711,1.6685453198244615,248585.24041291268,,,-1337.0,-15159.572827259079
WTI,2017-01-17,343415.0,175775.75,61560.70721759752,1.2981852,2.723153413547518,255692.95081523643,,,65055.0,7107.710402323748
WTI,2017-01-24,366821.0,181290.21153846153,61433.29586306704,1.4835429,3.020036380191631,272429.14261671057,,,23406.0,16736.19180147414
WTI,2017-01-31,374464.0,186862.07692307694,62565.22532062384,1.8000939,2.998501517664677,299485.35670143354,,,7643.0,27056.214084722975
WTI,2017-02-07,352023.0,192788.88461538462,63018.45354978409,2.0246146,2.5267855114664415,320376.96401026886,,,-22441.0,20891.607308835315
WTI,2017-02-14,383532.0,198166.1923076923,62353.92127113743,2.3566167,2.972801131243535,345110.48669670866,,,31509.0,24733.5226864398
WTI,2017-02-21,405328.0,204429.09615384616,61743.80595483697,2.7626107,3.2537499225930944,375003.193532162,,,21796.0,29892.70683545334
WTI,2017-02-28,368602.0,210257.48076923078,63178.04104782589,2.93712,2.506322079706494,395818.9662140887,,,-36726.0,20815.772681926726
WTI,2017-03-07,357178.0,214953.46153846153,63493.670389106665,2.5254285,2.2399797899530363,375302.1884391891,,,-11424.0,-20516.777774899616
WTI,2017-03-14,254820.0,218644.36538461538,64074.1240613388,0.9873738,0.5645903887933501,281909.4785917003,,,-102358.0,-93392.70984748879
WTI,2017-03-21,233399.0,219795.8076923077,64161.61634118999,0.86665154,0.21201448908885168,275401.5709846741,,,-21421.0,-6507.907607026224
WTI,2017-03-28,210245.0,219936.4423076923,64509.60868536028,0.72731245,-0.15023253907741768,266855.08356795745,,,-23154.0,-8546.487416716642
WTI,2017-04-04,227992.0,219956.88461538462,65284.88094593341,1.5661126,0.12307773665498095,322200.3617037889,,,17747.0,55345.27813583147
WTI,2017-04-11,277021.0,220946.96153846153,65555.86688601857,2.0937185,0.8553626261862103,358202.4947058271,,,49029.0,36002.13300203817
WTI,2017-04-18,293105.0,222408.51923076922,65552.35155137377,1.8619392,1.078473603099128,344463.01170011907,,,16084.0,-13739.483005708025
WTI,2017-04-25,220950.0,223778.40384615384,65535.13817950278,0.5654727,-0.04315858522197295,260836.73682267137,,,-72155.0,-83626.2748774477
WTI,2017-05-02,163005.0,223730.0,66081.89824242289,-0.10436648,-0.9189354666724162,216833.2648025382,,,-57945.0,-44003.472020133166
WTI,2017-05-09,115851.0,222773.23076923078,68099.4970266235,-0.81806207,-1.5700884064889573,167063.61546780114,,,-47154.0,-49769.64933473707
WTI,2017-05-16,115560.0,221314.0,71719.12660381975,-0.269176,-1.4745578342607362,202008.93192423054,,,-291.0,34945.3164564294
WTI,2017-05-23,172744.0,219270.42307692306,74879.32739315554,0.3046628,-0.6213520433034215,242083.36816398322,,,57184.0,40074.436239752686
WTI,2017-05-30,185196.0,218535.01923076922,76009.67761564754,-0.25629407,-0.43861545367094107,199054.18946800043,,,12452.0,-43029.17869598279
WTI,2017-06-06,201590.0,218045.59615384616,76776.324841794,-0.9365457,-0.21433164699866408,146141.05698602967,,,16394.0,-52913.132481970766
WTI,2017-06-13,168627.0,218218.65384615384,77265.998429183,-1.3171655,-0.6418302339237398,116446.54685846859,,,-32963.0,-29694.51012756108
WTI,2017-06-20,110749.0,218524.98076923078,78261.6376031698,-2.025556,-1.3771240172064272,60001.64430488896,,,-57878.0,-56444.902553579625
WTI,2017-06-27,105983.0,217174.46153846153,80986.92369319795,-1.7906305,-1.3729557373939423,72156.80912910041,,,-4766.0,12155.164824211446
WTI,2017-07-04,127968.0,216277.76923076922,83596.071324926,-0.63434315,-1.056386596058106,163249.17424645353,,,21985.0,91092.36511735313
WTI,2017-07-11,157255.0,215943.21153846153,85328.4811583419,-0.9396496,-0.6877915877765983,135764.33989308024,,,29287.0,-27484.8343533733
WTI,2017-07-18,209341.0,215995.63461538462,86313.86939596916,-0.22748092,-0.07709809167349639,196360.87635446855,,,52086.0,60596.536461388314
WTI,2017-07-25,236860.0,217404.38461538462,86375.65376143371,0.45196703,0.2252442040942584,256443.33237620685,,,27519.0,60082.4560217383
WTI,2017-08-01,289879.0,220024.63461538462,85822.85744464965,1.2109915,0.8139366069192819,323955.3856417491,,,53019.0,67512.05326554223
WTI,2017-08-08,285264.0,224355.17307692306,84548.81932720472,1.1942276,0.7203983143438019,325325.7046573402,,,-4615.0,1370.3190155911143
WTI,2017-08-15,269297.0,228399.01923076922,83401.54798873315,0.16026983,0.4903743606144547,241765.7708693168,,,-15967.0,-83559.9337880234
WTI,2017-08-22,252295.0,231009.01923076922,83169.57346852448,-0.010883972,0.2559347112353108,230103.80391783055,,,-17002.0,-11661.966951486247
WTI,2017-08-29,138559.0,231628.03846153847,83033.38320171798,-0.43708298,-1.120862897220992,195335.56021584492,,,-113736.0,-34768.24370198563
WTI,2017-09-05,169675.0,230528.86538461538,85012.36911786642,-0.2533896,-0.7158236620866759,208987.61543900231,,,31116.0,13652.055223157397
WTI,2017-09-12,154078.0,230938.92307692306,86019.14312521993,-0.26799944,-0.8935327682238703,207885.84085295885,,,-15597.0,-1101.7745860434661
WTI,2017-09-19,208459.0,230625.13461538462,87432.18343509892,0.04384327,-0.25352374542766154,234458.44738342604,,,54381.0,26572.606530467194
WTI,2017-09-26,261107.0,232161.76923076922,87563.97663430615,0.5268103,0.3305609439154972,278291.373017501,,,52648.0,43832.925634074985
WTI,2017-10-03,250173.0,234203.46153846153,87522.91384794745,0.21171665,0.1824612294019617,252733.51982432557,,,-10934.0,-25557.853193175455
WTI,2017-10-10,238624.0,234729.26923076922,87314.29862060658,-0.0683094,0.044605875907610004,228764.88218570716,,,-11549.0,-23968.637638618413
WTI,2017-10-17,222134.0,234426.36538461538,86704.63551095298,0.22542268,-0.14177287422034707,253971.55672268846,,,-16490.0,25206.6745369813
WTI,2017-10-24,239964.0,233611.90384615384,85998.16008803574,0.19989067,0.07386316343679397,250802.1339567203,,,17830.0,-3169.4227659681637
WTI,2017-10-31,295232.0,233522.26923076922,85500.82369962044,0.6660013,0.7217442838448903,290465.93066599284,,,55268.0,39663.796709272545
WTI,2017-11-07,340269.0,235134.25,85477.54080809436,1.220885,1.2299692879096515,339492.5006897639,,,45037.0,49026.570023771084
WTI,2017-11-14,372239.0,239160.73076923078,85853.75017253908,1.3085197,1.550057731471528,351502.055994483,,,31970.0,12009.555304719077
WTI,2017-11-21,339492.0,243936.61538461538,86592.00734012602,1.1476136,1.1035127553984425,343310.7845214399,,,-32747.0,-8191.271473043074
