security,error,SECURITY_DES,CRNCY,FUT_CONT_SIZE,FUT_TICK_SIZE,LAST_TRADEABLE_DT,FUT_NOTICE_FIRST,FUT_DLV_DT_FIRST,FUT_MONTH_YR,FUT_FIRST_TRADE_DT,market,maturity_year,maturity_month
CLX09 Comdty,,CLX09 COMB,USD,1000.000000,0.010000,2009-10-20,2009-10-22,2009-11-01,NOV 09,2006-02-10,WTI,2009,11
CLZ09 Comdty,,CLZ09 COMB,USD,1000.000000,0.010000,2009-11-20,2009-11-24,2009-12-01,DEC 09,2002-11-21,WTI,2009,12
CLF10 Comdty,,CLF10 COMB,USD,1000.000000,0.010000,2009-12-21,2009-12-23,2010-01-01,JAN 10,2006-02-10,WTI,2010,1
CLG10 Comdty,,CLG10 COMB,USD,1000.000000,0.010000,2010-01-20,2010-01-22,2010-02-01,FEB 10,2006-02-10,WTI,2010,2
CLH10 Comdty,,CLH10 COMB,USD,1000.000000,0.010000,2010-02-22,2010-02-24,2010-03-01,MAR 10,2006-02-10,WTI,2010,3
CLJ10 Comdty,,CLJ10 COMB,USD,1000.000000,0.010000,2010-03-22,2010-03-24,2010-04-01,APR 10,2006-02-10,WTI,2010,4
CLK10 Comdty,,CLK10 COMB,USD,1000.000000,0.010000,2010-04-20,2010-04-22,2010-05-01,MAY 10,2006-02-10,WTI,2010,5
CLM10 Comdty,,CLM10 COMB,USD,1000.000000,0.010000,2010-05-20,2010-05-24,2010-06-01,JUN 10,2006-02-10,WTI,2010,6
CLN10 Comdty,,CLN10 COMB,USD,1000.000000,0.010000,2010-06-22,2010-06-24,2010-07-01,JUL 10,2006-02-10,WTI,2010,7
CLQ10 Comdty,,CLQ10 COMB,USD,1000.000000,0.010000,2010-07-20,2010-07-22,2010-08-01,AUG 10,2006-02-10,WTI,2010,8
CLU15 Comdty,,CLU15 COMB,USD,1000.000000,0.010000,2015-08-20,2015-08-24,2015-09-01,SEP 15,2009-11-23,WTI,2015,9
CLV15 Comdty,,CLV15 COMB,USD,1000.000000,0.010000,2015-09-22,2015-09-24,2015-10-01,OCT 15,2009-11-23,WTI,2015,10
CLX15 Comdty,,CLX15 COMB,USD,1000.000000,0.010000,2015-10-20,2015-10-22,2015-11-01,NOV 15,2009-11-23,WTI,2015,11
CLZ15 Comdty,,CLZ15 COMB,USD,1000.000000,0.010000,2015-11-20,2015-11-24,2015-12-01,DEC 15,2007-04-16,WTI,2015,12
CLF16 Comdty,,CLF16 COMB,USD,1000.000000,0.010000,2015-12-21,2015-12-23,2016-01-01,JAN 16,2010-11-22,WTI,2016,1
CLG16 Comdty,,CLG16 COMB,USD,1000.000000,0.010000,2016-01-20,2016-01-22,2016-02-01,FEB 16,2010-11-22,WTI,2016,2
CLH16 Comdty,,CLH16 COMB,USD,1000.000000,0.010000,2016-02-22,2016-02-24,2016-03-01,MAR 16,2010-11-22,WTI,2016,3
CLJ16 Comdty,,CLJ16 COMB,USD,1000.000000,0.010000,2016-03-21,2016-03-23,2016-04-01,APR 16,2010-11-22,WTI,2016,4
CLK16 Comdty,,CLK16 COMB,USD,1000.000000,0.010000,2016-04-20,2016-04-22,2016-05-01,MAY 16,2010-11-22,WTI,2016,5
CLM16 Comdty,,CLM16 COMB,USD,1000.000000,0.010000,2016-05-20,2016-05-24,2016-06-01,JUN 16,2007-11-19,WTI,2016,6
CLK12 Comdty,,CLK12 COMB,USD,1000.000000,0.010000,2012-04-20,2012-04-24,2012-05-01,MAY 12,2006-11-20,WTI,2012,5
CLM12 Comdty,,CLM12 COMB,USD,1000.000000,0.010000,2012-05-22,2012-05-24,2012-06-01,JUN 12,2006-11-20,WTI,2012,6
CLN12 Comdty,,CLN12 COMB,USD,1000.000000,0.010000,2012-06-20,2012-06-22,2012-07-01,JUL 12,2006-11-20,WTI,2012,7
CLQ12 Comdty,,CLQ12 COMB,USD,1000.000000,0.010000,2012-07-20,2012-07-24,2012-08-01,AUG 12,2006-11-20,WTI,2012,8
CLU12 Comdty,,CLU12 COMB,USD,1000.000000,0.010000,2012-08-21,2012-08-23,2012-09-01,SEP 12,2006-11-20,WTI,2012,9
CLV12 Comdty,,CLV12 COMB,USD,1000.000000,0.010000,2012-09-20,2012-09-24,2012-10-01,OCT 12,2006-11-20,WTI,2012,10
CLX12 Comdty,,CLX12 COMB,USD,1000.000000,0.010000,2012-10-22,2012-10-24,2012-11-01,NOV 12,2006-11-20,WTI,2012,11
CLZ12 Comdty,,CLZ12 COMB,USD,1000.000000,0.010000,2012-11-16,2012-11-20,2012-12-01,DEC 12,2005-11-21,WTI,2012,12
CLF13 Comdty,,CLF13 COMB,USD,1000.000000,0.010000,2012-12-19,2012-12-21,2013-01-01,JAN 13,2007-11-19,WTI,2013,1
CLG13 Comdty,,CLG13 COMB,USD,1000.000000,0.010000,2013-01-22,2013-01-24,2013-02-01,FEB 13,2007-11-19,WTI,2013,2
CLN16 Comdty,,CLN16 COMB,USD,1000.000000,0.010000,2016-06-21,2016-06-23,2016-07-01,JUL 16,2010-11-22,WTI,2016,7
CLQ16 Comdty,,CLQ16 COMB,USD,1000.000000,0.010000,2016-07-20,2016-07-22,2016-08-01,AUG 16,2010-11-22,WTI,2016,8
CLU16 Comdty,,CLU16 COMB,USD,1000.000000,0.010000,2016-08-22,2016-08-24,2016-09-01,SEP 16,2010-11-22,WTI,2016,9
CLV16 Comdty,,CLV16 COMB,USD,1000.000000,0.010000,2016-09-20,2016-09-22,2016-10-01,OCT 16,2010-11-22,WTI,2016,10
CLX16 Comdty,,CLX16 COMB,USD,1000.000000,0.010000,2016-10-20,2016-10-24,2016-11-01,NOV 16,2010-11-22,WTI,2016,11
CLZ16 Comdty,,CLZ16 COMB,USD,1000.000000,0.010000,2016-11-21,2016-11-23,2016-12-01,DEC 16,2007-11-19,WTI,2016,12
CLF17 Comdty,,CLF17 COMB,USD,1000.000000,0.010000,2016-12-20,2016-12-22,2017-01-01,JAN 17,2011-11-21,WTI,2017,1
CLG17 Comdty,,CLG17 COMB,USD,1000.000000,0.010000,2017-01-20,2017-01-24,2017-02-01,FEB 17,2011-11-21,WTI,2017,2
CLH17 Comdty,,CLH17 COMB,USD,1000.000000,0.010000,2017-02-21,2017-02-23,2017-03-01,MAR 17,2011-11-21,WTI,2017,3
CLJ17 Comdty,,CLJ17 COMB,USD,1000.000000,0.010000,2017-03-21,2017-03-23,2017-04-01,APR 17,2011-11-21,WTI,2017,4
CLH13 Comdty,,CLH13 COMB,USD,1000.000000,0.010000,2013-02-20,2013-02-22,2013-03-01,MAR 13,2007-11-19,WTI,2013,3
CLJ13 Comdty,,CLJ13 COMB,USD,1000.000000,0.010000,2013-03-20,2013-03-22,2013-04-01,APR 13,2007-11-19,WTI,2013,4
CLK13 Comdty,,CLK13 COMB,USD,1000.000000,0.010000,2013-04-22,2013-04-24,2013-05-01,MAY 13,2007-11-19,WTI,2013,5
CLM13 Comdty,,CLM13 COMB,USD,1000.000000,0.010000,2013-05-21,2013-05-23,2013-06-01,JUN 13,2007-04-16,WTI,2013,6
CLN13 Comdty,,CLN13 COMB,USD,1000.000000,0.010000,2013-06-20,2013-06-24,2013-07-01,JUL 13,2007-11-19,WTI,2013,7
CLQ13 Comdty,,CLQ13 COMB,USD,1000.000000,0.010000,2013-07-22,2013-07-24,2013-08-01,AUG 13,2007-11-19,WTI,2013,8
CLU13 Comdty,,CLU13 COMB,USD,1000.000000,0.010000,2013-08-20,2013-08-22,2013-09-01,SEP 13,2007-11-19,WTI,2013,9
CLV13 Comdty,,CLV13 COMB,USD,1000.000000,0.010000,2013-09-20,2013-09-24,2013-10-01,OCT 13,2007-11-19,WTI,2013,10
CLX13 Comdty,,CLX13 COMB,USD,1000.000000,0.010000,2013-10-22,2013-10-24,2013-11-01,NOV 13,2007-11-19,WTI,2013,11
CLZ13 Comdty,,CLZ13 COMB,USD,1000.000000,0.010000,2013-11-20,2013-11-22,2013-12-01,DEC 13,2007-04-16,WTI,2013,12
CLF09 Comdty,,CLF09 COMB,USD,1000.000000,0.010000,2008-12-19,2008-12-23,2009-01-01,JAN 09,2006-02-10,WTI,2009,1
CLG09 Comdty,,CLG09 COMB,USD,1000.000000,0.010000,2009-01-20,2009-01-22,2009-02-01,FEB 09,2006-02-10,WTI,2009,2
CLH09 Comdty,,CLH09 COMB,USD,1000.000000,0.010000,2009-02-20,2009-02-24,2009-03-01,MAR 09,2006-02-10,WTI,2009,3
CLJ09 Comdty,,CLJ09 COMB,USD,1000.000000,0.010000,2009-03-20,2009-03-24,2009-04-01,APR 09,2006-02-10,WTI,2009,4
CLK09 Comdty,,CLK09 COMB,USD,1000.000000,0.010000,2009-04-21,2009-04-23,2009-05-01,MAY 09,2006-02-10,WTI,2009,5
CLM09 Comdty,,CLM09 COMB,USD,1000.000000,0.010000,2009-05-19,2009-05-21,2009-06-01,JUN 09,2006-02-10,WTI,2009,6
CLN09 Comdty,,CLN09 COMB,USD,1000.000000,0.010000,2009-06-22,2009-06-24,2009-07-01,JUL 09,2006-02-10,WTI,2009,7
CLQ09 Comdty,,CLQ09 COMB,USD,1000.000000,0.010000,2009-07-21,2009-07-23,2009-08-01,AUG 09,2006-02-10,WTI,2009,8
CLU09 Comdty,,CLU09 COMB,USD,1000.000000,0.010000,2009-08-20,2009-08-24,2009-09-01,SEP 09,2006-02-10,WTI,2009,9
CLV09 Comdty,,CLV09 COMB,USD,1000.000000,0.010000,2009-09-22,2009-09-24,2009-10-01,OCT 09,2006-02-10,WTI,2009,10
CLU10 Comdty,,CLU10 COMB,USD,1000.000000,0.010000,2010-08-20,2010-08-24,2010-09-01,SEP 10,2006-02-10,WTI,2010,9
CLV10 Comdty,,CLV10 COMB,USD,1000.000000,0.010000,2010-09-21,2010-09-23,2010-10-01,OCT 10,2006-02-10,WTI,2010,10
CLX10 Comdty,,CLX10 COMB,USD,1000.000000,0.010000,2010-10-20,2010-10-22,2010-11-01,NOV 10,2006-02-10,WTI,2010,11
CLZ10 Comdty,,CLZ10 COMB,USD,1000.000000,0.010000,2010-11-19,2010-11-23,2010-12-01,DEC 10,2003-11-21,WTI,2010,12
CLF11 Comdty,,CLF11 COMB,USD,1000.000000,0.010000,2010-12-20,2010-12-22,2011-01-01,JAN 11,2006-02-10,WTI,2011,1
CLG11 Comdty,,CLG11 COMB,USD,1000.000000,0.010000,2011-01-20,2011-01-24,2011-02-01,FEB 11,2006-02-10,WTI,2011,2
CLH11 Comdty,,CLH11 COMB,USD,1000.000000,0.010000,2011-02-22,2011-02-24,2011-03-01,MAR 11,2006-02-10,WTI,2011,3
CLJ11 Comdty,,CLJ11 COMB,USD,1000.000000,0.010000,2011-03-22,2011-03-24,2011-04-01,APR 11,2006-02-10,WTI,2011,4
CLK11 Comdty,,CLK11 COMB,USD,1000.000000,0.010000,2011-04-19,2011-04-21,2011-05-01,MAY 11,2006-02-10,WTI,2011,5
CLM11 Comdty,,CLM11 COMB,USD,1000.000000,0.010000,2011-05-20,2011-05-24,2011-06-01,JUN 11,2006-02-10,WTI,2011,6
CLN11 Comdty,,CLN11 COMB,USD,1000.000000,0.010000,2011-06-21,2011-06-23,2011-07-01,JUL 11,2006-02-10,WTI,2011,7
CLQ11 Comdty,,CLQ11 COMB,USD,1000.000000,0.010000,2011-07-20,2011-07-22,2011-08-01,AUG 11,2006-02-10,WTI,2011,8
CLU11 Comdty,,CLU11 COMB,USD,1000.000000,0.010000,2011-08-22,2011-08-24,2011-09-01,SEP 11,2006-02-10,WTI,2011,9
CLV11 Comdty,,CLV11 COMB,USD,1000.000000,0.010000,2011-09-20,2011-09-22,2011-10-01,OCT 11,2006-02-10,WTI,2011,10
CLX11 Comdty,,CLX11 COMB,USD,1000.000000,0.010000,2011-10-20,2011-10-24,2011-11-01,NOV 11,2006-02-10,WTI,2011,11
CLZ11 Comdty,,CLZ11 COMB,USD,1000.000000,0.010000,2011-11-18,2011-11-22,2011-12-01,DEC 11,2004-11-22,WTI,2011,12
CLF12 Comdty,,CLF12 COMB,USD,1000.000000,0.010000,2011-12-20,2011-12-22,2012-01-01,JAN 12,2006-11-20,WTI,2012,1
CLG12 Comdty,,CLG12 COMB,USD,1000.000000,0.010000,2012-01-20,2012-01-24,2012-02-01,FEB 12,2006-11-20,WTI,2012,2
CLH12 Comdty,,CLH12 COMB,USD,1000.000000,0.010000,2012-02-21,2012-02-23,2012-03-01,MAR 12,2006-11-20,WTI,2012,3
CLJ12 Comdty,,CLJ12 COMB,USD,1000.000000,0.010000,2012-03-20,2012-03-22,2012-04-01,APR 12,2006-11-20,WTI,2012,4
CLF14 Comdty,,CLF14 COMB,USD,1000.000000,0.010000,2013-12-19,2013-12-23,2014-01-01,JAN 14,2008-11-21,WTI,2014,1
CLG14 Comdty,,CLG14 COMB,USD,1000.000000,0.010000,2014-01-21,2014-01-23,2014-02-01,FEB 14,2008-11-21,WTI,2014,2
CLH14 Comdty,,CLH14 COMB,USD,1000.000000,0.010000,2014-02-20,2014-02-24,2014-03-01,MAR 14,2008-11-21,WTI,2014,3
CLJ14 Comdty,,CLJ14 COMB,USD,1000.000000,0.010000,2014-03-20,2014-03-24,2014-04-01,APR 14,2008-11-21,WTI,2014,4
CLK14 Comdty,,CLK14 COMB,USD,1000.000000,0.010000,2014-04-22,2014-04-24,2014-05-01,MAY 14,2008-11-21,WTI,2014,5
CLM14 Comdty,,CLM14 COMB,USD,1000.000000,0.010000,2014-05-20,2014-05-22,2014-06-01,JUN 14,2007-04-16,WTI,2014,6
CLN14 Comdty,,CLN14 COMB,USD,1000.000000,0.010000,2014-06-20,2014-06-24,2014-07-01,JUL 14,2008-11-21,WTI,2014,7
CLQ14 Comdty,,CLQ14 COMB,USD,1000.000000,0.010000,2014-07-22,2014-07-24,2014-08-01,AUG 14,2008-11-21,WTI,2014,8
CLU14 Comdty,,CLU14 COMB,USD,1000.000000,0.010000,2014-08-20,2014-08-22,2014-09-01,SEP 14,2008-11-21,WTI,2014,9
CLV14 Comdty,,CLV14 COMB,USD,1000.000000,0.010000,2014-09-22,2014-09-24,2014-10-01,OCT 14,2008-11-21,WTI,2014,10
CLX14 Comdty,,CLX14 COMB,USD,1000.000000,0.010000,2014-10-21,2014-10-23,2014-11-01,NOV 14,2008-11-21,WTI,2014,11
CLZ14 Comdty,,CLZ14 COMB,USD,1000.000000,0.010000,2014-11-20,2014-11-24,2014-12-01,DEC 14,2007-04-16,WTI,2014,12
CLF15 Comdty,,CLF15 COMB,USD,1000.000000,0.010000,2014-12-19,2014-12-23,2015-01-01,JAN 15,2009-11-23,WTI,2015,1
CLG15 Comdty,,CLG15 COMB,USD,1000.000000,0.010000,2015-01-20,2015-01-22,2015-02-01,FEB 15,2009-11-23,WTI,2015,2
CLH15 Comdty,,CLH15 COMB,USD,1000.000000,0.010000,2015-02-20,2015-02-24,2015-03-01,MAR 15,2009-11-23,WTI,2015,3
CLJ15 Comdty,,CLJ15 COMB,USD,1000.000000,0.010000,2015-03-20,2015-03-24,2015-04-01,APR 15,2009-11-23,WTI,2015,4
CLK15 Comdty,,CLK15 COMB,USD,1000.000000,0.010000,2015-04-21,2015-04-23,2015-05-01,MAY 15,2009-11-23,WTI,2015,5
CLM15 Comdty,,CLM15 COMB,USD,1000.000000,0.010000,2015-05-19,2015-05-21,2015-06-01,JUN 15,2007-04-16,WTI,2015,6
CLN15 Comdty,,CLN15 COMB,USD,1000.000000,0.010000,2015-06-22,2015-06-24,2015-07-01,JUL 15,2009-11-23,WTI,2015,7
CLQ15 Comdty,,CLQ15 COMB,USD,1000.000000,0.010000,2015-07-21,2015-07-23,2015-08-01,AUG 15,2009-11-23,WTI,2015,8
CLN21 Comdty,,CLN21 COMB,USD,1000.000000,0.010000,2021-06-22,2021-06-24,2021-07-01,JUL 21,2015-11-23,WTI,2021,7
CLQ21 Comdty,,CLQ21 COMB,USD,1000.000000,0.010000,2021-07-20,2021-07-22,2021-08-01,AUG 21,2015-11-23,WTI,2021,8
CLU21 Comdty,,CLU21 COMB,USD,1000.000000,0.010000,2021-08-20,2021-08-24,2021-09-01,SEP 21,2015-11-23,WTI,2021,9
CLV21 Comdty,,CLV21 COMB,USD,1000.000000,0.010000,2021-09-21,2021-09-23,2021-10-01,OCT 21,2015-11-23,WTI,2021,10
CLX21 Comdty,,CLX21 COMB,USD,1000.000000,0.010000,2021-10-20,2021-10-22,2021-11-01,NOV 21,2015-11-23,WTI,2021,11
CLZ21 Comdty,,CLZ21 COMB,USD,1000.000000,0.010000,2021-11-19,2021-11-23,2021-12-01,DEC 21,2012-11-19,WTI,2021,12
CLF22 Comdty,,CLF22 COMB,USD,1000.000000,0.010000,2021-12-20,2021-12-22,2022-01-01,JAN 22,2016-11-22,WTI,2022,1
CLG22 Comdty,,CLG22 COMB,USD,1000.000000,0.010000,2022-01-20,2022-01-24,2022-02-01,FEB 22,2016-11-22,WTI,2022,2
CLH22 Comdty,,CLH22 COMB,USD,1000.000000,0.010000,2022-02-22,2022-02-24,2022-03-01,MAR 22,2016-11-22,WTI,2022,3
CLJ22 Comdty,,CLJ22 COMB,USD,1000.000000,0.010000,2022-03-22,2022-03-24,2022-04-01,APR 22,2016-11-22,WTI,2022,4
CLK17 Comdty,,CLK17 COMB,USD,1000.000000,0.010000,2017-04-20,2017-04-24,2017-05-01,MAY 17,2011-11-21,WTI,2017,5
CLM17 Comdty,,CLM17 COMB,USD,1000.000000,0.010000,2017-05-22,2017-05-24,2017-06-01,JUN 17,2008-11-24,WTI,2017,6
CLN17 Comdty,,CLN17 COMB,USD,1000.000000,0.010000,2017-06-20,2017-06-22,2017-07-01,JUL 17,2011-11-21,WTI,2017,7
CLQ17 Comdty,,CLQ17 COMB,USD,1000.000000,0.010000,2017-07-20,2017-07-24,2017-08-01,AUG 17,2011-11-21,WTI,2017,8
CLU17 Comdty,,CLU17 COMB,USD,1000.000000,0.010000,2017-08-22,2017-08-24,2017-09-01,SEP 17,2011-11-21,WTI,2017,9
CLV17 Comdty,,CLV17 COMB,USD,1000.000000,0.010000,2017-09-20,2017-09-22,2017-10-01,OCT 17,2011-11-21,WTI,2017,10
CLX17 Comdty,,CLX17 COMB,USD,1000.000000,0.010000,2017-10-20,2017-10-24,2017-11-01,NOV 17,2011-11-21,WTI,2017,11
CLZ17 Comdty,,CLZ17 COMB,USD,1000.000000,0.010000,2017-11-20,2017-11-22,2017-12-01,DEC 17,2008-11-21,WTI,2017,12
CLF18 Comdty,,CLF18 COMB,USD,1000.000000,0.010000,2017-12-19,2017-12-21,2018-01-01,JAN 18,2012-11-19,WTI,2018,1
CLG18 Comdty,,CLG18 COMB,USD,1000.000000,0.010000,2018-01-22,2018-01-24,2018-02-01,FEB 18,2012-11-19,WTI,2018,2
CLK22 Comdty,,CLK22 COMB,USD,1000.000000,0.010000,2022-04-20,2022-04-22,2022-05-01,MAY 22,2016-11-22,WTI,2022,5
CLM22 Comdty,,CLM22 COMB,USD,1000.000000,0.010000,2022-05-20,2022-05-24,2022-06-01,JUN 22,2013-11-21,WTI,2022,6
CLN22 Comdty,,CLN22 COMB,USD,1000.000000,0.010000,2022-06-21,2022-06-23,2022-07-01,JUL 22,2016-11-22,WTI,2022,7
CLQ22 Comdty,,CLQ22 COMB,USD,1000.000000,0.010000,2022-07-20,2022-07-22,2022-08-01,AUG 22,2016-11-22,WTI,2022,8
CLU22 Comdty,,CLU22 COMB,USD,1000.000000,0.010000,2022-08-22,2022-08-24,2022-09-01,SEP 22,2016-11-22,WTI,2022,9
CLV22 Comdty,,CLV22 COMB,USD,1000.000000,0.010000,2022-09-20,2022-09-22,2022-10-01,OCT 22,2016-11-22,WTI,2022,10
CLX22 Comdty,,CLX22 COMB,USD,1000.000000,0.010000,2022-10-20,2022-10-24,2022-11-01,NOV 22,2016-11-22,WTI,2022,11
CLZ22 Comdty,,CLZ22 COMB,USD,1000.000000,0.010000,2022-11-21,2022-11-23,2022-12-01,DEC 22,2013-11-21,WTI,2022,12
CLF23 Comdty,,CLF23 COMB,USD,1000.000000,0.010000,2022-12-20,2022-12-22,2023-01-01,JAN 23,2017-11-21,WTI,2023,1
CLG23 Comdty,,CLG23 COMB,USD,1000.000000,0.010000,2023-01-20,2023-01-24,2023-02-01,FEB 23,2017-11-21,WTI,2023,2
CLH18 Comdty,,CLH18 COMB,USD,1000.000000,0.010000,2018-02-20,2018-02-22,2018-03-01,MAR 18,2012-11-19,WTI,2018,3
CLJ18 Comdty,,CLJ18 COMB,USD,1000.000000,0.010000,2018-03-20,2018-03-22,2018-04-01,APR 18,2012-11-19,WTI,2018,4
CLK18 Comdty,,CLK18 COMB,USD,1000.000000,0.010000,2018-04-20,2018-04-24,2018-05-01,MAY 18,2012-11-19,WTI,2018,5
CLM18 Comdty,,CLM18 COMB,USD,1000.000000,0.010000,2018-05-22,2018-05-24,2018-06-01,JUN 18,2009-11-23,WTI,2018,6
CLN18 Comdty,,CLN18 COMB,USD,1000.000000,0.010000,2018-06-20,2018-06-22,2018-07-01,JUL 18,2012-11-19,WTI,2018,7
CLQ18 Comdty,,CLQ18 COMB,USD,1000.000000,0.010000,2018-07-20,2018-07-24,2018-08-01,AUG 18,2012-11-19,WTI,2018,8
CLU18 Comdty,,CLU18 COMB,USD,1000.000000,0.010000,2018-08-21,2018-08-23,2018-09-01,SEP 18,2012-11-19,WTI,2018,9
CLV18 Comdty,,CLV18 COMB,USD,1000.000000,0.010000,2018-09-20,2018-09-24,2018-10-01,OCT 18,2012-11-19,WTI,2018,10
CLX18 Comdty,,CLX18 COMB,USD,1000.000000,0.010000,2018-10-22,2018-10-24,2018-11-01,NOV 18,2012-11-19,WTI,2018,11
CLZ18 Comdty,,CLZ18 COMB,USD,1000.000000,0.010000,2018-11-19,2018-11-21,2018-12-01,DEC 18,2009-11-23,WTI,2018,12
CLX19 Comdty,,CLX19 COMB,USD,1000.000000,0.010000,2019-10-22,2019-10-24,2019-11-01,NOV 19,2013-11-21,WTI,2019,11
CLZ19 Comdty,,CLZ19 COMB,USD,1000.000000,0.010000,2019-11-20,2019-11-22,2019-12-01,DEC 19,2010-11-22,WTI,2019,12
CLF20 Comdty,,CLF20 COMB,USD,1000.000000,0.010000,2019-12-19,2019-12-23,2020-01-01,JAN 20,2014-11-21,WTI,2020,1
CLG20 Comdty,,CLG20 COMB,USD,1000.000000,0.010000,2020-01-21,2020-01-23,2020-02-01,FEB 20,2014-11-21,WTI,2020,2
CLH20 Comdty,,CLH20 COMB,USD,1000.000000,0.010000,2020-02-20,2020-02-24,2020-03-01,MAR 20,2014-11-21,WTI,2020,3
CLJ20 Comdty,,CLJ20 COMB,USD,1000.000000,0.010000,2020-03-20,2020-03-24,2020-04-01,APR 20,2014-11-21,WTI,2020,4
CLK20 Comdty,,CLK20 COMB,USD,1000.000000,0.010000,2020-04-21,2020-04-23,2020-05-01,MAY 20,2014-11-21,WTI,2020,5
CLM20 Comdty,,CLM20 COMB,USD,1000.000000,0.010000,2020-05-19,2020-05-21,2020-06-01,JUN 20,2011-11-21,WTI,2020,6
CLN20 Comdty,,CLN20 COMB,USD,1000.000000,0.010000,2020-06-22,2020-06-24,2020-07-01,JUL 20,2014-11-21,WTI,2020,7
CLQ20 Comdty,,CLQ20 COMB,USD,1000.000000,0.010000,2020-07-21,2020-07-23,2020-08-01,AUG 20,2014-11-21,WTI,2020,8
CLF19 Comdty,,CLF19 COMB,USD,1000.000000,0.010000,2018-12-19,2018-12-21,2019-01-01,JAN 19,2013-11-21,WTI,2019,1
CLG19 Comdty,,CLG19 COMB,USD,1000.000000,0.010000,2019-01-22,2019-01-24,2019-02-01,FEB 19,2013-11-21,WTI,2019,2
CLH19 Comdty,,CLH19 COMB,USD,1000.000000,0.010000,2019-02-20,2019-02-22,2019-03-01,MAR 19,2013-11-21,WTI,2019,3
CLJ19 Comdty,,CLJ19 COMB,USD,1000.000000,0.010000,2019-03-20,2019-03-22,2019-04-01,APR 19,2013-11-21,WTI,2019,4
CLK19 Comdty,,CLK19 COMB,USD,1000.000000,0.010000,2019-04-22,2019-04-24,2019-05-01,MAY 19,2013-11-21,WTI,2019,5
CLM19 Comdty,,CLM19 COMB,USD,1000.000000,0.010000,2019-05-21,2019-05-23,2019-06-01,JUN 19,2010-11-22,WTI,2019,6
CLN19 Comdty,,CLN19 COMB,USD,1000.000000,0.010000,2019-06-20,2019-06-24,2019-07-01,JUL 19,2013-11-21,WTI,2019,7
CLQ19 Comdty,,CLQ19 COMB,USD,1000.000000,0.010000,2019-07-22,2019-07-24,2019-08-01,AUG 19,2013-11-21,WTI,2019,8
CLU19 Comdty,,CLU19 COMB,USD,1000.000000,0.010000,2019-08-20,2019-08-22,2019-09-01,SEP 19,2013-11-21,WTI,2019,9
CLV19 Comdty,,CLV19 COMB,USD,1000.000000,0.010000,2019-09-20,2019-09-24,2019-10-01,OCT 19,2013-11-21,WTI,2019,10
CLH23 Comdty,,CLH23 COMB,USD,1000.000000,0.010000,2023-02-21,2023-02-23,2023-03-01,MAR 23,2017-11-21,WTI,2023,3
CLJ23 Comdty,,CLJ23 COMB,USD,1000.000000,0.010000,2023-03-21,2023-03-23,2023-04-01,APR 23,2017-11-21,WTI,2023,4
CLK23 Comdty,,CLK23 COMB,USD,1000.000000,0.010000,2023-04-20,2023-04-24,2023-05-01,MAY 23,2017-11-21,WTI,2023,5
CLM23 Comdty,,CLM23 COMB,USD,1000.000000,0.010000,2023-05-22,2023-05-24,2023-06-01,JUN 23,2014-11-21,WTI,2023,6
CLN23 Comdty,,CLN23 COMB,USD,1000.000000,0.010000,2023-06-20,2023-06-22,2023-07-01,JUL 23,2017-11-21,WTI,2023,7
CLQ23 Comdty,,CLQ23 COMB,USD,1000.000000,0.010000,2023-07-20,2023-07-24,2023-08-01,AUG 23,2017-11-21,WTI,2023,8
CLU23 Comdty,,CLU23 COMB,USD,1000.000000,0.010000,2023-08-22,2023-08-24,2023-09-01,SEP 23,2017-11-21,WTI,2023,9
CLV23 Comdty,,CLV23 COMB,USD,1000.000000,0.010000,2023-09-20,2023-09-22,2023-10-01,OCT 23,2017-11-21,WTI,2023,10
CLX23 Comdty,,CLX23 COMB,USD,1000.000000,0.010000,2023-10-20,2023-10-24,2023-11-01,NOV 23,2017-11-21,WTI,2023,11
CLZ23 Comdty,,CLZ23 COMB,USD,1000.000000,0.010000,2023-11-20,2023-11-22,2023-12-01,DEC 23,2014-11-21,WTI,2023,12
CLF24 Comdty,,CLF24 COMB,USD,1000.000000,0.010000,2023-12-19,2023-12-21,2024-01-01,JAN 24,2018-01-22,WTI,2024,1
CLG24 Comdty,,CLG24 COMB,USD,1000.000000,0.010000,2024-01-22,2024-01-24,2024-02-01,FEB 24,2018-01-22,WTI,2024,2
CLH24 Comdty,,CLH24 COMB,USD,1000.000000,0.010000,2024-02-20,2024-02-22,2024-03-01,MAR 24,2018-01-22,WTI,2024,3
CLJ24 Comdty,,CLJ24 COMB,USD,1000.000000,0.010000,2024-03-20,2024-03-22,2024-04-01,APR 24,2018-01-22,WTI,2024,4
CLK24 Comdty,,CLK24 COMB,USD,1000.000000,0.010000,2024-04-22,2024-04-24,2024-05-01,MAY 24,2018-01-22,WTI,2024,5
CLM24 Comdty,,CLM24 COMB,USD,1000.000000,0.010000,2024-05-21,2024-05-23,2024-06-01,JUN 24,2015-11-23,WTI,2024,6
CLN24 Comdty,,CLN24 COMB,USD,1000.000000,0.010000,2024-06-20,2024-06-24,2024-07-01,JUL 24,2018-01-22,WTI,2024,7
CLQ24 Comdty,,CLQ24 COMB,USD,1000.000000,0.010000,2024-07-22,2024-07-24,2024-08-01,AUG 24,2018-01-22,WTI,2024,8
CLU24 Comdty,,CLU24 COMB,USD,1000.000000,0.010000,2024-08-20,2024-08-22,2024-09-01,SEP 24,2018-01-22,WTI,2024,9
CLV24 Comdty,,CLV24 COMB,USD,1000.000000,0.010000,2024-09-20,2024-09-24,2024-10-01,OCT 24,2018-01-22,WTI,2024,10
CLX24 Comdty,,CLX24 COMB,USD,1000.000000,0.010000,2024-10-22,2024-10-24,2024-11-01,NOV 24,2018-01-22,WTI,2024,11
CLZ24 Comdty,,CLZ24 COMB,USD,1000.000000,0.010000,2024-11-20,2024-11-22,2024-12-01,DEC 24,2015-11-23,WTI,2024,12
CLF25 Comdty,,CLF25 COMB,USD,1000.000000,0.010000,2024-12-19,2024-12-23,2025-01-01,JAN 25,2018-01-22,WTI,2025,1
CLG25 Comdty,,CLG25 COMB,USD,1000.000000,0.010000,2025-01-21,2025-01-23,2025-02-01,FEB 25,2018-01-22,WTI,2025,2
CLH25 Comdty,,CLH25 COMB,USD,1000.000000,0.010000,2025-02-20,2025-02-24,2025-03-01,MAR 25,2018-01-22,WTI,2025,3
CLJ25 Comdty,,CLJ25 COMB,USD,1000.000000,0.010000,2025-03-20,2025-03-24,2025-04-01,APR 25,2018-01-22,WTI,2025,4
CLK25 Comdty,,CLK25 COMB,USD,1000.000000,0.010000,2025-04-22,2025-04-24,2025-05-01,MAY 25,2018-01-22,WTI,2025,5
CLM25 Comdty,,CLM25 COMB,USD,1000.000000,0.010000,2025-05-20,2025-05-22,2025-06-01,JUN 25,2016-11-22,WTI,2025,6
CLN25 Comdty,,CLN25 COMB,USD,1000.000000,0.010000,2025-06-20,2025-06-24,2025-07-01,JUL 25,2018-01-22,WTI,2025,7
CLQ25 Comdty,,CLQ25 COMB,USD,1000.000000,0.010000,2025-07-22,2025-07-24,2025-08-01,AUG 25,2018-01-22,WTI,2025,8
CLU20 Comdty,,CLU20 COMB,USD,1000.000000,0.010000,2020-08-20,2020-08-24,2020-09-01,SEP 20,2014-11-21,WTI,2020,9
CLV20 Comdty,,CLV20 COMB,USD,1000.000000,0.010000,2020-09-22,2020-09-24,2020-10-01,OCT 20,2014-11-21,WTI,2020,10
CLX20 Comdty,,CLX20 COMB,USD,1000.000000,0.010000,2020-10-20,2020-10-22,2020-11-01,NOV 20,2014-11-21,WTI,2020,11
CLZ20 Comdty,,CLZ20 COMB,USD,1000.000000,0.010000,2020-11-20,2020-11-24,2020-12-01,DEC 20,2011-11-21,WTI,2020,12
CLF21 Comdty,,CLF21 COMB,USD,1000.000000,0.010000,2020-12-21,2020-12-23,2021-01-01,JAN 21,2015-11-23,WTI,2021,1
CLG21 Comdty,,CLG21 COMB,USD,1000.000000,0.010000,2021-01-20,2021-01-22,2021-02-01,FEB 21,2015-11-23,WTI,2021,2
CLH21 Comdty,,CLH21 COMB,USD,1000.000000,0.010000,2021-02-22,2021-02-24,2021-03-01,MAR 21,2015-11-23,WTI,2021,3
CLJ21 Comdty,,CLJ21 COMB,USD,1000.000000,0.010000,2021-03-22,2021-03-24,2021-04-01,APR 21,2015-11-23,WTI,2021,4
CLK21 Comdty,,CLK21 COMB,USD,1000.000000,0.010000,2021-04-20,2021-04-22,2021-05-01,MAY 21,2015-11-23,WTI,2021,5
CLM21 Comdty,,CLM21 COMB,USD,1000.000000,0.010000,2021-05-20,2021-05-24,2021-06-01,JUN 21,2012-11-19,WTI,2021,6
COZ09 Comdty,,COZ09,USD,1000.000000,0.010000,2009-11-13,2009-11-13,2009-11-13,DEC 09,2004-05-17,BRENT,2009,12
COF10 Comdty,,COF10,USD,1000.000000,0.010000,2009-12-16,2009-12-16,2009-12-16,JAN 10,2006-02-24,BRENT,2010,1
COG10 Comdty,,COG10,USD,1000.000000,0.010000,2010-01-14,2010-01-14,2010-01-14,FEB 10,2006-02-24,BRENT,2010,2
COH10 Comdty,,COH10,USD,1000.000000,0.010000,2010-02-11,2010-02-11,2010-02-11,MAR 10,2006-02-24,BRENT,2010,3
COJ10 Comdty,,COJ10,USD,1000.000000,0.010000,2010-03-16,2010-03-16,2010-03-16,APR 10,2006-02-24,BRENT,2010,4
COK10 Comdty,,COK10,USD,1000.000000,0.010000,2010-04-15,2010-04-15,2010-04-15,MAY 10,2006-02-24,BRENT,2010,5
COM10 Comdty,,COM10,USD,1000.000000,0.010000,2010-05-14,2010-05-14,2010-05-14,JUN 10,2005-01-10,BRENT,2010,6
CON10 Comdty,,CON10,USD,1000.000000,0.010000,2010-06-15,2010-06-15,2010-06-15,JUL 10,2006-02-24,BRENT,2010,7
COQ10 Comdty,,COQ10,USD,1000.000000,0.010000,2010-07-15,2010-07-15,2010-07-15,AUG 10,2006-02-24,BRENT,2010,8
COU10 Comdty,,COU10,USD,1000.000000,0.010000,2010-08-16,2010-08-16,2010-08-16,SEP 10,2006-02-24,BRENT,2010,9
CLF29 Comdty,,CLF29 COMB,USD,1000.000000,0.010000,2028-12-19,2028-12-21,2029-01-01,JAN 29,2019-06-10,WTI,2029,1
CLG29 Comdty,,CLG29 COMB,USD,1000.000000,0.010000,2029-01-22,2029-01-24,2029-02-01,FEB 29,2019-06-10,WTI,2029,2
CLH29 Comdty,,CLH29 COMB,USD,1000.000000,0.010000,2029-02-20,2029-02-22,2029-03-01,MAR 29,2019-06-10,WTI,2029,3
CLJ29 Comdty,,CLJ29 COMB,USD,1000.000000,0.010000,2029-03-20,2029-03-22,2029-04-01,APR 29,2019-06-10,WTI,2029,4
CLK29 Comdty,,CLK29 COMB,USD,1000.000000,0.010000,2029-04-20,2029-04-24,2029-05-01,MAY 29,2019-06-10,WTI,2029,5
CLM29 Comdty,,CLM29 COMB,USD,1000.000000,0.010000,2029-05-22,2029-05-24,2029-06-01,JUN 29,2019-06-10,WTI,2029,6
CLN29 Comdty,,CLN29 COMB,USD,1000.000000,0.010000,2029-06-20,2029-06-22,2029-07-01,JUL 29,2019-06-10,WTI,2029,7
CLQ29 Comdty,,CLQ29 COMB,USD,1000.000000,0.010000,2029-07-20,2029-07-24,2029-08-01,AUG 29,2019-06-10,WTI,2029,8
CLU29 Comdty,,CLU29 COMB,USD,1000.000000,0.010000,2029-08-21,2029-08-23,2029-09-01,SEP 29,2019-06-10,WTI,2029,9
COF09 Comdty,,COF09,USD,1000.000000,0.010000,2008-12-16,2008-12-16,2008-12-16,JAN 09,2006-02-24,BRENT,2009,1
COV10 Comdty,,COV10,USD,1000.000000,0.010000,2010-09-15,2010-09-15,2010-09-15,OCT 10,2006-02-24,BRENT,2010,10
COX10 Comdty,,COX10,USD,1000.000000,0.010000,2010-10-14,2010-10-14,2010-10-14,NOV 10,2006-02-24,BRENT,2010,11
COZ10 Comdty,,COZ10,USD,1000.000000,0.010000,2010-11-15,2010-11-15,2010-11-15,DEC 10,2005-01-10,BRENT,2010,12
COF11 Comdty,,COF11,USD,1000.000000,0.010000,2010-12-16,2010-12-16,2010-12-16,JAN 11,2006-02-24,BRENT,2011,1
COG11 Comdty,,COG11,USD,1000.000000,0.010000,2011-01-14,2011-01-14,2011-01-14,FEB 11,2006-02-24,BRENT,2011,2
COH11 Comdty,,COH11,USD,1000.000000,0.010000,2011-02-11,2011-02-11,2011-02-11,MAR 11,2006-02-24,BRENT,2011,3
COJ11 Comdty,,COJ11,USD,1000.000000,0.010000,2011-03-16,2011-03-16,2011-03-16,APR 11,2006-02-24,BRENT,2011,4
COK11 Comdty,,COK11,USD,1000.000000,0.010000,2011-04-14,2011-04-14,2011-04-14,MAY 11,2006-02-24,BRENT,2011,5
COM11 Comdty,,COM11,USD,1000.000000,0.010000,2011-05-16,2011-05-16,2011-05-16,JUN 11,2005-01-10,BRENT,2011,6
CON11 Comdty,,CON11,USD,1000.000000,0.010000,2011-06-15,2011-06-15,2011-06-15,JUL 11,2006-02-24,BRENT,2011,7
COM12 Comdty,,COM12,USD,1000.000000,0.010000,2012-05-16,2012-05-16,2012-05-16,JUN 12,2005-05-17,BRENT,2012,6
CON12 Comdty,,CON12,USD,1000.000000,0.010000,2012-06-14,2012-06-14,2012-06-14,JUL 12,2006-11-16,BRENT,2012,7
COQ12 Comdty,,COQ12,USD,1000.000000,0.010000,2012-07-16,2012-07-16,2012-07-16,AUG 12,2006-11-16,BRENT,2012,8
COU12 Comdty,,COU12,USD,1000.000000,0.010000,2012-08-16,2012-08-16,2012-08-16,SEP 12,2006-11-16,BRENT,2012,9
COV12 Comdty,,COV12,USD,1000.000000,0.010000,2012-09-13,2012-09-13,2012-09-13,OCT 12,2006-11-16,BRENT,2012,10
COX12 Comdty,,COX12,USD,1000.000000,0.010000,2012-10-16,2012-10-16,2012-10-16,NOV 12,2006-11-16,BRENT,2012,11
COZ12 Comdty,,COZ12,USD,1000.000000,0.010000,2012-11-15,2012-11-15,2012-11-15,DEC 12,2005-11-16,BRENT,2012,12
COF13 Comdty,,COF13,USD,1000.000000,0.010000,2012-12-14,2012-12-14,2012-12-14,JAN 13,2007-11-16,BRENT,2013,1
COG13 Comdty,,COG13,USD,1000.000000,0.010000,2013-01-16,2013-01-16,2013-01-16,FEB 13,2007-11-16,BRENT,2013,2
COH13 Comdty,,COH13,USD,1000.000000,0.010000,2013-02-13,2013-02-13,2013-02-13,MAR 13,2007-11-16,BRENT,2013,3
COQ11 Comdty,,COQ11,USD,1000.000000,0.010000,2011-07-14,2011-07-14,2011-07-14,AUG 11,2006-02-24,BRENT,2011,8
COU11 Comdty,,COU11,USD,1000.000000,0.010000,2011-08-16,2011-08-16,2011-08-16,SEP 11,2006-02-24,BRENT,2011,9
COV11 Comdty,,COV11,USD,1000.000000,0.010000,2011-09-15,2011-09-15,2011-09-15,OCT 11,2006-02-24,BRENT,2011,10
COX11 Comdty,,COX11,USD,1000.000000,0.010000,2011-10-14,2011-10-14,2011-10-14,NOV 11,2006-02-24,BRENT,2011,11
COZ11 Comdty,,COZ11,USD,1000.000000,0.010000,2011-11-15,2011-11-15,2011-11-15,DEC 11,2005-01-10,BRENT,2011,12
COF12 Comdty,,COF12,USD,1000.000000,0.010000,2011-12-15,2011-12-15,2011-12-15,JAN 12,2006-11-16,BRENT,2012,1
COG12 Comdty,,COG12,USD,1000.000000,0.010000,2012-01-16,2012-01-16,2012-01-16,FEB 12,2006-11-16,BRENT,2012,2
COH12 Comdty,,COH12,USD,1000.000000,0.010000,2012-02-14,2012-02-14,2012-02-14,MAR 12,2006-11-16,BRENT,2012,3
COJ12 Comdty,,COJ12,USD,1000.000000,0.010000,2012-03-15,2012-03-15,2012-03-15,APR 12,2006-11-16,BRENT,2012,4
COK12 Comdty,,COK12,USD,1000.000000,0.010000,2012-04-13,2012-04-13,2012-04-13,MAY 12,2006-11-16,BRENT,2012,5
CLU25 Comdty,,CLU25 COMB,USD,1000.000000,0.010000,2025-08-20,2025-08-22,2025-09-01,SEP 25,2018-01-22,WTI,2025,9
CLV25 Comdty,,CLV25 COMB,USD,1000.000000,0.010000,2025-09-22,2025-09-24,2025-10-01,OCT 25,2018-01-22,WTI,2025,10
CLX25 Comdty,,CLX5 COMB,USD,1000.000000,0.010000,2025-10-21,2025-10-23,2025-11-01,NOV 25,2018-01-22,WTI,2025,11
CLZ25 Comdty,,CLZ5 COMB,USD,1000.000000,0.010000,2025-11-20,2025-11-24,2025-12-01,DEC 25,2016-11-22,WTI,2025,12
CLF26 Comdty,,CLF6 COMB,USD,1000.000000,0.010000,2025-12-19,2025-12-23,2026-01-01,JAN 26,2018-01-22,WTI,2026,1
CLG26 Comdty,,CLG6 COMB,USD,1000.000000,0.010000,2026-01-20,2026-01-22,2026-02-01,FEB 26,2018-01-22,WTI,2026,2
CLH26 Comdty,,CLH6 COMB,USD,1000.000000,0.010000,2026-02-20,2026-02-24,2026-03-01,MAR 26,2018-01-22,WTI,2026,3
CLJ26 Comdty,,CLJ6 COMB,USD,1000.000000,0.010000,2026-03-20,2026-03-24,2026-04-01,APR 26,2018-01-22,WTI,2026,4
CLK26 Comdty,,CLK6 COMB,USD,1000.000000,0.010000,2026-04-21,2026-04-23,2026-05-01,MAY 26,2018-01-22,WTI,2026,5
CLM26 Comdty,,CLM6 COMB,USD,1000.000000,0.010000,2026-05-19,2026-05-21,2026-06-01,JUN 26,2017-11-21,WTI,2026,6
CLN26 Comdty,,CLN6 COMB,USD,1000.000000,0.010000,2026-06-22,2026-06-24,2026-07-01,JUL 26,2018-01-22,WTI,2026,7
CLQ26 Comdty,,CLQ6 COMB,USD,1000.000000,0.010000,2026-07-21,2026-07-23,2026-08-01,AUG 26,2018-01-22,WTI,2026,8
CLU26 Comdty,,CLU6 COMB,USD,1000.000000,0.010000,2026-08-20,2026-08-24,2026-09-01,SEP 26,2018-01-22,WTI,2026,9
CLV26 Comdty,,CLV6 COMB,USD,1000.000000,0.010000,2026-09-22,2026-09-24,2026-10-01,OCT 26,2018-01-22,WTI,2026,10
CLX26 Comdty,,CLX6 COMB,USD,1000.000000,0.010000,2026-10-20,2026-10-22,2026-11-01,NOV 26,2018-01-22,WTI,2026,11
CLZ26 Comdty,,CLZ6 COMB,USD,1000.000000,0.010000,2026-11-20,2026-11-24,2026-12-01,DEC 26,2017-11-21,WTI,2026,12
CLF27 Comdty,,CLF7 COMB,USD,1000.000000,0.010000,2026-12-21,2026-12-23,2027-01-01,JAN 27,2018-01-22,WTI,2027,1
CLG27 Comdty,,CLG7 COMB,USD,1000.000000,0.010000,2027-01-20,2027-01-22,2027-02-01,FEB 27,2018-01-22,WTI,2027,2
CLH27 Comdty,,CLH7 COMB,USD,1000.000000,0.010000,2027-02-22,2027-02-24,2027-03-01,MAR 27,2018-11-20,WTI,2027,3
CLJ27 Comdty,,CLJ7 COMB,USD,1000.000000,0.010000,2027-03-22,2027-03-24,2027-04-01,APR 27,2018-11-20,WTI,2027,4
COG09 Comdty,,COG09,USD,1000.000000,0.010000,2009-01-15,2009-01-15,2009-01-15,FEB 09,2006-02-24,BRENT,2009,2
COH09 Comdty,,COH09,USD,1000.000000,0.010000,2009-02-12,2009-02-12,2009-02-12,MAR 09,2006-02-24,BRENT,2009,3
COJ09 Comdty,,COJ09,USD,1000.000000,0.010000,2009-03-16,2009-03-16,2009-03-16,APR 09,2006-02-24,BRENT,2009,4
COK09 Comdty,,COK09,USD,1000.000000,0.010000,2009-04-15,2009-04-15,2009-04-15,MAY 09,2006-02-24,BRENT,2009,5
COM09 Comdty,,COM09,USD,1000.000000,0.010000,2009-05-14,2009-05-14,2009-05-14,JUN 09,2004-05-17,BRENT,2009,6
CON09 Comdty,,CON09,USD,1000.000000,0.010000,2009-06-15,2009-06-15,2009-06-15,JUL 09,2006-02-24,BRENT,2009,7
COQ09 Comdty,,COQ09,USD,1000.000000,0.010000,2009-07-16,2009-07-16,2009-07-16,AUG 09,2006-02-24,BRENT,2009,8
COU09 Comdty,,COU09,USD,1000.000000,0.010000,2009-08-14,2009-08-14,2009-08-14,SEP 09,2006-02-24,BRENT,2009,9
COV09 Comdty,,COV09,USD,1000.000000,0.010000,2009-09-15,2009-09-15,2009-09-15,OCT 09,2006-02-24,BRENT,2009,10
COX09 Comdty,,COX09,USD,1000.000000,0.010000,2009-10-15,2009-10-15,2009-10-15,NOV 09,2006-02-24,BRENT,2009,11
CLH28 Comdty,,CLH28 COMB,USD,1000.000000,0.010000,2028-02-22,2028-02-24,2028-03-01,MAR 28,2019-06-10,WTI,2028,3
CLJ28 Comdty,,CLJ28 COMB,USD,1000.000000,0.010000,2028-03-21,2028-03-23,2028-04-01,APR 28,2019-06-10,WTI,2028,4
CLK28 Comdty,,CLK28 COMB,USD,1000.000000,0.010000,2028-04-20,2028-04-24,2028-05-01,MAY 28,2019-06-10,WTI,2028,5
CLM28 Comdty,,CLM28 COMB,USD,1000.000000,0.010000,2028-05-22,2028-05-24,2028-06-01,JUN 28,2019-06-10,WTI,2028,6
CLN28 Comdty,,CLN28 COMB,USD,1000.000000,0.010000,2028-06-20,2028-06-22,2028-07-01,JUL 28,2019-06-10,WTI,2028,7
CLQ28 Comdty,,CLQ28 COMB,USD,1000.000000,0.010000,2028-07-20,2028-07-24,2028-08-01,AUG 28,2019-06-10,WTI,2028,8
CLU28 Comdty,,CLU28 COMB,USD,1000.000000,0.010000,2028-08-22,2028-08-24,2028-09-01,SEP 28,2019-06-10,WTI,2028,9
CLV28 Comdty,,CLV28 COMB,USD,1000.000000,0.010000,2028-09-20,2028-09-22,2028-10-01,OCT 28,2019-06-10,WTI,2028,10
CLX28 Comdty,,CLX28 COMB,USD,1000.000000,0.010000,2028-10-20,2028-10-24,2028-11-01,NOV 28,2019-06-10,WTI,2028,11
CLZ28 Comdty,,CLZ28 COMB,USD,1000.000000,0.010000,2028-11-20,2028-11-22,2028-12-01,DEC 28,2019-06-10,WTI,2028,12
CLK27 Comdty,,CLK7 COMB,USD,1000.000000,0.010000,2027-04-20,2027-04-22,2027-05-01,MAY 27,2018-11-20,WTI,2027,5
CLM27 Comdty,,CLM7 COMB,USD,1000.000000,0.010000,2027-05-20,2027-05-24,2027-06-01,JUN 27,2018-11-20,WTI,2027,6
CLN27 Comdty,,CLN7 COMB,USD,1000.000000,0.010000,2027-06-22,2027-06-24,2027-07-01,JUL 27,2018-11-20,WTI,2027,7
CLQ27 Comdty,,CLQ7 COMB,USD,1000.000000,0.010000,2027-07-20,2027-07-22,2027-08-01,AUG 27,2018-11-20,WTI,2027,8
CLU27 Comdty,,CLU7 COMB,USD,1000.000000,0.010000,2027-08-20,2027-08-24,2027-09-01,SEP 27,2018-11-20,WTI,2027,9
CLV27 Comdty,,CLV7 COMB,USD,1000.000000,0.010000,2027-09-21,2027-09-23,2027-10-01,OCT 27,2018-11-20,WTI,2027,10
CLX27 Comdty,,CLX7 COMB,USD,1000.000000,0.010000,2027-10-20,2027-10-22,2027-11-01,NOV 27,2018-11-20,WTI,2027,11
CLZ27 Comdty,,CLZ7 COMB,USD,1000.000000,0.010000,2027-11-19,2027-11-23,2027-12-01,DEC 27,2018-11-20,WTI,2027,12
CLF28 Comdty,,CLF8 COMB,USD,1000.000000,0.010000,2027-12-20,2027-12-22,2028-01-01,JAN 28,2018-11-20,WTI,2028,1
CLG28 Comdty,,CLG8 COMB,USD,1000.000000,0.010000,2028-01-20,2028-01-24,2028-02-01,FEB 28,2018-11-20,WTI,2028,2
COJ13 Comdty,,COJ13,USD,1000.000000,0.010000,2013-03-14,2013-03-14,2013-03-14,APR 13,2007-11-16,BRENT,2013,4
COK13 Comdty,,COK13,USD,1000.000000,0.010000,2013-04-15,2013-04-15,2013-04-15,MAY 13,2007-11-16,BRENT,2013,5
COM13 Comdty,,COM13,USD,1000.000000,0.010000,2013-05-16,2013-05-16,2013-05-16,JUN 13,2007-06-01,BRENT,2013,6
CON13 Comdty,,CON13,USD,1000.000000,0.010000,2013-06-13,2013-06-13,2013-06-13,JUL 13,2007-11-16,BRENT,2013,7
COQ13 Comdty,,COQ13,USD,1000.000000,0.010000,2013-07-16,2013-07-16,2013-07-16,AUG 13,2007-11-16,BRENT,2013,8
COU13 Comdty,,COU13,USD,1000.000000,0.010000,2013-08-15,2013-08-15,2013-08-15,SEP 13,2007-11-16,BRENT,2013,9
COV13 Comdty,,COV13,USD,1000.000000,0.010000,2013-09-13,2013-09-13,2013-09-13,OCT 13,2007-11-16,BRENT,2013,10
COX13 Comdty,,COX13,USD,1000.000000,0.010000,2013-10-16,2013-10-16,2013-10-16,NOV 13,2007-11-16,BRENT,2013,11
COZ13 Comdty,,COZ13,USD,1000.000000,0.010000,2013-11-14,2013-11-14,2013-11-14,DEC 13,2007-06-04,BRENT,2013,12
COF14 Comdty,,COF14,USD,1000.000000,0.010000,2013-12-16,2013-12-16,2013-12-16,JAN 14,2008-11-14,BRENT,2014,1
COG19 Comdty,,COG19,USD,1000.000000,0.010000,2018-12-28,2018-12-28,2018-12-28,FEB 19,2013-06-17,BRENT,2019,2
COH19 Comdty,,COH19,USD,1000.000000,0.010000,2019-01-31,2019-01-31,2019-01-31,MAR 19,2013-06-17,BRENT,2019,3
COJ19 Comdty,,COJ19,USD,1000.000000,0.010000,2019-02-28,2019-02-28,2019-02-28,APR 19,2013-06-17,BRENT,2019,4
COK19 Comdty,,COK19,USD,1000.000000,0.010000,2019-03-29,2019-03-29,2019-03-29,MAY 19,2013-06-17,BRENT,2019,5
COM19 Comdty,,COM19,USD,1000.000000,0.010000,2019-04-30,2019-04-30,2019-04-30,JUN 19,2010-11-16,BRENT,2019,6
CON19 Comdty,,CON19,USD,1000.000000,0.010000,2019-05-31,2019-05-31,2019-05-31,JUL 19,2013-06-17,BRENT,2019,7
COQ19 Comdty,,COQ19,USD,1000.000000,0.010000,2019-06-28,2019-06-28,2019-06-28,AUG 19,2013-06-17,BRENT,2019,8
COU19 Comdty,,COU19,USD,1000.000000,0.010000,2019-07-31,2019-07-31,2019-07-31,SEP 19,2013-06-17,BRENT,2019,9
COV19 Comdty,,COV19,USD,1000.000000,0.010000,2019-08-30,2019-08-30,2019-08-30,OCT 19,2013-06-17,BRENT,2019,10
COX19 Comdty,,COX19,USD,1000.000000,0.010000,2019-09-30,2019-09-30,2019-09-30,NOV 19,2013-06-17,BRENT,2019,11
COQ16 Comdty,,COQ16,USD,1000.000000,0.010000,2016-06-30,2016-06-30,2016-06-30,AUG 16,2010-11-16,BRENT,2016,8
COU16 Comdty,,COU16,USD,1000.000000,0.010000,2016-07-29,2016-07-29,2016-07-29,SEP 16,2010-11-16,BRENT,2016,9
COV16 Comdty,,COV16,USD,1000.000000,0.010000,2016-08-31,2016-08-31,2016-08-31,OCT 16,2010-11-16,BRENT,2016,10
COX16 Comdty,,COX16,USD,1000.000000,0.010000,2016-09-30,2016-09-30,2016-09-30,NOV 16,2010-11-16,BRENT,2016,11
COZ16 Comdty,,COZ16,USD,1000.000000,0.010000,2016-10-31,2016-10-31,2016-10-31,DEC 16,2007-11-16,BRENT,2016,12
COF17 Comdty,,COF17,USD,1000.000000,0.010000,2016-11-30,2016-11-30,2016-11-30,JAN 17,2013-06-17,BRENT,2017,1
COG17 Comdty,,COG17,USD,1000.000000,0.010000,2016-12-29,2016-12-29,2016-12-29,FEB 17,2013-06-17,BRENT,2017,2
COH17 Comdty,,COH17,USD,1000.000000,0.010000,2017-01-31,2017-01-31,2017-01-31,MAR 17,2013-06-17,BRENT,2017,3
COJ17 Comdty,,COJ17,USD,1000.000000,0.010000,2017-02-28,2017-02-28,2017-02-28,APR 17,2013-06-17,BRENT,2017,4
COK17 Comdty,,COK17,USD,1000.000000,0.010000,2017-03-31,2017-03-31,2017-03-31,MAY 17,2013-06-17,BRENT,2017,5
COM17 Comdty,,COM17,USD,1000.000000,0.010000,2017-04-28,2017-04-28,2017-04-28,JUN 17,2008-11-14,BRENT,2017,6
CON17 Comdty,,CON17,USD,1000.000000,0.010000,2017-05-31,2017-05-31,2017-05-31,JUL 17,2013-06-17,BRENT,2017,7
COQ17 Comdty,,COQ17,USD,1000.000000,0.010000,2017-06-30,2017-06-30,2017-06-30,AUG 17,2013-06-17,BRENT,2017,8
COU17 Comdty,,COU17,USD,1000.000000,0.010000,2017-07-31,2017-07-31,2017-07-31,SEP 17,2013-06-17,BRENT,2017,9
COV17 Comdty,,COV17,USD,1000.000000,0.010000,2017-08-31,2017-08-31,2017-08-31,OCT 17,2013-06-17,BRENT,2017,10
COX17 Comdty,,COX17,USD,1000.000000,0.010000,2017-09-29,2017-09-29,2017-09-29,NOV 17,2013-06-17,BRENT,2017,11
COZ17 Comdty,,COZ17,USD,1000.000000,0.010000,2017-10-31,2017-10-31,2017-10-31,DEC 17,2008-11-14,BRENT,2017,12
COF18 Comdty,,COF18,USD,1000.000000,0.010000,2017-11-30,2017-11-30,2017-11-30,JAN 18,2013-06-17,BRENT,2018,1
COG18 Comdty,,COG18,USD,1000.000000,0.010000,2017-12-28,2017-12-28,2017-12-28,FEB 18,2013-06-17,BRENT,2018,2
COH18 Comdty,,COH18,USD,1000.000000,0.010000,2018-01-31,2018-01-31,2018-01-31,MAR 18,2013-06-17,BRENT,2018,3
COZ19 Comdty,,COZ19,USD,1000.000000,0.010000,2019-10-31,2019-10-31,2019-10-31,DEC 19,2010-11-16,BRENT,2019,12
COF20 Comdty,,COF20,USD,1000.000000,0.010000,2019-11-29,2019-11-29,2019-11-29,JAN 20,2013-06-17,BRENT,2020,1
COG20 Comdty,,COG20,USD,1000.000000,0.010000,2019-12-30,2019-12-30,2019-12-30,FEB 20,2013-06-17,BRENT,2020,2
COH20 Comdty,,COH20,USD,1000.000000,0.010000,2020-01-31,2020-01-31,2020-01-31,MAR 20,2013-12-09,BRENT,2020,3
COJ20 Comdty,,COJ20,USD,1000.000000,0.010000,2020-02-28,2020-02-28,2020-02-28,APR 20,2014-05-30,BRENT,2020,4
COK20 Comdty,,COK20,USD,1000.000000,0.010000,2020-03-31,2020-03-31,2020-03-31,MAY 20,2014-05-30,BRENT,2020,5
COM20 Comdty,,COM20,USD,1000.000000,0.010000,2020-04-30,2020-04-30,2020-04-30,JUN 20,2014-05-30,BRENT,2020,6
CON20 Comdty,,CON20,USD,1000.000000,0.010000,2020-05-29,2020-05-29,2020-05-29,JUL 20,2014-05-30,BRENT,2020,7
COQ20 Comdty,,COQ20,USD,1000.000000,0.010000,2020-06-30,2020-06-30,2020-06-30,AUG 20,2014-05-30,BRENT,2020,8
COU20 Comdty,,COU20,USD,1000.000000,0.010000,2020-07-31,2020-07-31,2020-07-31,SEP 20,2014-05-30,BRENT,2020,9
COV15 Comdty,,COV15,USD,1000.000000,0.010000,2015-09-15,2015-09-15,2015-09-15,OCT 15,2009-11-16,BRENT,2015,10
COX15 Comdty,,COX15,USD,1000.000000,0.010000,2015-10-15,2015-10-15,2015-10-15,NOV 15,2009-11-16,BRENT,2015,11
COZ15 Comdty,,COZ15,USD,1000.000000,0.010000,2015-11-13,2015-11-13,2015-11-13,DEC 15,2007-06-01,BRENT,2015,12
COF16 Comdty,,COF16,USD,1000.000000,0.010000,2015-12-16,2015-12-16,2015-12-16,JAN 16,2010-11-16,BRENT,2016,1
COG16 Comdty,,COG16,USD,1000.000000,0.010000,2016-01-14,2016-01-14,2016-01-14,FEB 16,2010-11-16,BRENT,2016,2
COH16 Comdty,,COH16,USD,1000.000000,0.010000,2016-01-29,2016-01-29,2016-01-29,MAR 16,2010-11-16,BRENT,2016,3
COJ16 Comdty,,COJ16,USD,1000.000000,0.010000,2016-02-29,2016-02-29,2016-02-29,APR 16,2010-11-16,BRENT,2016,4
COK16 Comdty,,COK16,USD,1000.000000,0.010000,2016-03-31,2016-03-31,2016-03-31,MAY 16,2010-11-16,BRENT,2016,5
COM16 Comdty,,COM16,USD,1000.000000,0.010000,2016-04-29,2016-04-29,2016-04-29,JUN 16,2008-04-08,BRENT,2016,6
CON16 Comdty,,CON16,USD,1000.000000,0.010000,2016-05-31,2016-05-31,2016-05-31,JUL 16,2010-11-16,BRENT,2016,7
COV20 Comdty,,COV20,USD,1000.000000,0.010000,2020-08-28,2020-08-28,2020-08-28,OCT 20,2014-05-30,BRENT,2020,10
COX20 Comdty,,COX20,USD,1000.000000,0.010000,2020-09-30,2020-09-30,2020-09-30,NOV 20,2014-05-30,BRENT,2020,11
COZ20 Comdty,,COZ20,USD,1000.000000,0.010000,2020-10-30,2020-10-30,2020-10-30,DEC 20,2014-05-30,BRENT,2020,12
COF21 Comdty,,COF21,USD,1000.000000,0.010000,2020-11-30,2020-11-30,2020-11-30,JAN 21,2014-05-30,BRENT,2021,1
COG21 Comdty,,COG21,USD,1000.000000,0.010000,2020-12-30,2020-12-30,2020-12-30,FEB 21,2014-05-30,BRENT,2021,2
COH21 Comdty,,COH21,USD,1000.000000,0.010000,2021-01-29,2021-01-29,2021-01-29,MAR 21,2014-05-30,BRENT,2021,3
COJ21 Comdty,,COJ21,USD,1000.000000,0.010000,2021-02-26,2021-02-26,2021-02-26,APR 21,2014-05-30,BRENT,2021,4
COK21 Comdty,,COK21,USD,1000.000000,0.010000,2021-03-31,2021-03-31,2021-03-31,MAY 21,2014-05-30,BRENT,2021,5
COM21 Comdty,,COM21,USD,1000.000000,0.010000,2021-04-30,2021-04-30,2021-04-30,JUN 21,2014-05-30,BRENT,2021,6
CON21 Comdty,,CON21,USD,1000.000000,0.010000,2021-05-28,2021-05-28,2021-05-28,JUL 21,2014-05-30,BRENT,2021,7
COJ18 Comdty,,COJ18,USD,1000.000000,0.010000,2018-02-28,2018-02-28,2018-02-28,APR 18,2013-06-17,BRENT,2018,4
COK18 Comdty,,COK18,USD,1000.000000,0.010000,2018-03-29,2018-03-29,2018-03-29,MAY 18,2013-06-17,BRENT,2018,5
COM18 Comdty,,COM18,USD,1000.000000,0.010000,2018-04-30,2018-04-30,2018-04-30,JUN 18,2009-11-16,BRENT,2018,6
CON18 Comdty,,CON18,USD,1000.000000,0.010000,2018-05-31,2018-05-31,2018-05-31,JUL 18,2013-06-17,BRENT,2018,7
COQ18 Comdty,,COQ18,USD,1000.000000,0.010000,2018-06-29,2018-06-29,2018-06-29,AUG 18,2013-06-17,BRENT,2018,8
COU18 Comdty,,COU18,USD,1000.000000,0.010000,2018-07-31,2018-07-31,2018-07-31,SEP 18,2013-06-17,BRENT,2018,9
COV18 Comdty,,COV18,USD,1000.000000,0.010000,2018-08-31,2018-08-31,2018-08-31,OCT 18,2013-06-17,BRENT,2018,10
COX18 Comdty,,COX18,USD,1000.000000,0.010000,2018-09-28,2018-09-28,2018-09-28,NOV 18,2013-06-17,BRENT,2018,11
COZ18 Comdty,,COZ18,USD,1000.000000,0.010000,2018-10-31,2018-10-31,2018-10-31,DEC 18,2009-11-16,BRENT,2018,12
COF19 Comdty,,COF19,USD,1000.000000,0.010000,2018-11-30,2018-11-30,2018-11-30,JAN 19,2013-06-17,BRENT,2019,1
COG14 Comdty,,COG14,USD,1000.000000,0.010000,2014-01-16,2014-01-16,2014-01-16,FEB 14,2008-11-14,BRENT,2014,2
COH14 Comdty,,COH14,USD,1000.000000,0.010000,2014-02-13,2014-02-13,2014-02-13,MAR 14,2008-11-14,BRENT,2014,3
COJ14 Comdty,,COJ14,USD,1000.000000,0.010000,2014-03-14,2014-03-14,2014-03-14,APR 14,2008-11-14,BRENT,2014,4
COK14 Comdty,,COK14,USD,1000.000000,0.010000,2014-04-15,2014-04-15,2014-04-15,MAY 14,2008-11-14,BRENT,2014,5
COM14 Comdty,,COM14,USD,1000.000000,0.010000,2014-05-15,2014-05-15,2014-05-15,JUN 14,2008-04-28,BRENT,2014,6
CON14 Comdty,,CON14,USD,1000.000000,0.010000,2014-06-13,2014-06-13,2014-06-13,JUL 14,2008-11-14,BRENT,2014,7
COQ14 Comdty,,COQ14,USD,1000.000000,0.010000,2014-07-16,2014-07-16,2014-07-16,AUG 14,2008-11-14,BRENT,2014,8
COU14 Comdty,,COU14,USD,1000.000000,0.010000,2014-08-14,2014-08-14,2014-08-14,SEP 14,2008-11-14,BRENT,2014,9
COV14 Comdty,,COV14,USD,1000.000000,0.010000,2014-09-15,2014-09-15,2014-09-15,OCT 14,2008-11-14,BRENT,2014,10
COX14 Comdty,,COX14,USD,1000.000000,0.010000,2014-10-16,2014-10-16,2014-10-16,NOV 14,2008-11-14,BRENT,2014,11
COZ14 Comdty,,COZ14,USD,1000.000000,0.010000,2014-11-13,2014-11-13,2014-11-13,DEC 14,2008-04-28,BRENT,2014,12
COF15 Comdty,,COF15,USD,1000.000000,0.010000,2014-12-16,2014-12-16,2014-12-16,JAN 15,2009-11-16,BRENT,2015,1
COG15 Comdty,,COG15,USD,1000.000000,0.010000,2015-01-15,2015-01-15,2015-01-15,FEB 15,2009-11-16,BRENT,2015,2
COH15 Comdty,,COH15,USD,1000.000000,0.010000,2015-02-12,2015-02-12,2015-02-12,MAR 15,2009-11-16,BRENT,2015,3
COJ15 Comdty,,COJ15,USD,1000.000000,0.010000,2015-03-16,2015-03-16,2015-03-16,APR 15,2009-11-16,BRENT,2015,4
COK15 Comdty,,COK15,USD,1000.000000,0.010000,2015-04-15,2015-04-15,2015-04-15,MAY 15,2009-11-16,BRENT,2015,5
COM15 Comdty,,COM15,USD,1000.000000,0.010000,2015-05-14,2015-05-14,2015-05-14,JUN 15,2008-04-28,BRENT,2015,6
CON15 Comdty,,CON15,USD,1000.000000,0.010000,2015-06-15,2015-06-15,2015-06-15,JUL 15,2009-11-16,BRENT,2015,7
COQ15 Comdty,,COQ15,USD,1000.000000,0.010000,2015-07-16,2015-07-16,2015-07-16,AUG 15,2009-11-16,BRENT,2015,8
COU15 Comdty,,COU15,USD,1000.000000,0.010000,2015-08-14,2015-08-14,2015-08-14,SEP 15,2009-11-16,BRENT,2015,9
COM27 Comdty,,COM7,USD,1000.000000,0.010000,2027-04-30,2027-04-30,2027-04-30,JUN 27,2019-04-16,BRENT,2027,6
CON27 Comdty,,CON7,USD,1000.000000,0.010000,2027-05-28,2027-05-28,2027-05-31,JUL 27,2019-04-16,BRENT,2027,7
COQ27 Comdty,,COQ7,USD,1000.000000,0.010000,2027-06-30,2027-06-30,2027-06-30,AUG 27,2019-04-16,BRENT,2027,8
COU27 Comdty,,COU7,USD,1000.000000,0.010000,2027-07-30,2027-07-30,2027-07-30,SEP 27,2019-04-16,BRENT,2027,9
COV27 Comdty,,COV7,USD,1000.000000,0.010000,2027-08-31,2027-08-31,2027-08-31,OCT 27,2019-04-16,BRENT,2027,10
COX27 Comdty,,COX7,USD,1000.000000,0.010000,2027-09-30,2027-09-30,2027-09-30,NOV 27,2019-04-16,BRENT,2027,11
COZ27 Comdty,,COZ7,USD,1000.000000,0.010000,2027-10-29,2027-10-29,2027-10-29,DEC 27,2019-04-16,BRENT,2027,12
COF28 Comdty,,COF8,USD,1000.000000,0.010000,2027-11-30,2027-11-30,2027-11-30,JAN 28,2019-04-16,BRENT,2028,1
COG28 Comdty,,COG8,USD,1000.000000,0.010000,2027-12-30,2027-12-30,2027-12-30,FEB 28,2019-04-16,BRENT,2028,2
COH28 Comdty,,COH8,USD,1000.000000,0.010000,2028-01-31,2028-01-31,2028-01-31,MAR 28,2019-04-16,BRENT,2028,3
COQ26 Comdty,,COQ6,USD,1000.000000,0.010000,2026-06-30,2026-06-30,2026-06-30,AUG 26,2019-04-16,BRENT,2026,8
COU26 Comdty,,COU6,USD,1000.000000,0.010000,2026-07-31,2026-07-31,2026-07-31,SEP 26,2019-04-16,BRENT,2026,9
COV26 Comdty,,COV6,USD,1000.000000,0.010000,2026-08-28,2026-08-28,2026-08-31,OCT 26,2019-04-16,BRENT,2026,10
COX26 Comdty,,COX6,USD,1000.000000,0.010000,2026-09-30,2026-09-30,2026-09-30,NOV 26,2019-04-16,BRENT,2026,11
COZ26 Comdty,,COZ6,USD,1000.000000,0.010000,2026-10-30,2026-10-30,2026-10-30,DEC 26,2019-04-16,BRENT,2026,12
COF27 Comdty,,COF7,USD,1000.000000,0.010000,2026-11-30,2026-11-30,2026-11-30,JAN 27,2019-04-16,BRENT,2027,1
COG27 Comdty,,COG7,USD,1000.000000,0.010000,2026-12-30,2026-12-30,2026-12-30,FEB 27,2019-04-16,BRENT,2027,2
COH27 Comdty,,COH7,USD,1000.000000,0.010000,2027-01-29,2027-01-29,2027-01-29,MAR 27,2019-04-16,BRENT,2027,3
COJ27 Comdty,,COJ7,USD,1000.000000,0.010000,2027-02-26,2027-02-26,2027-02-26,APR 27,2019-04-16,BRENT,2027,4
COK27 Comdty,,COK7,USD,1000.000000,0.010000,2027-03-31,2027-03-31,2027-03-31,MAY 27,2019-04-16,BRENT,2027,5
COJ28 Comdty,,COJ8,USD,1000.000000,0.010000,2028-02-29,2028-02-29,2028-02-29,APR 28,2019-04-16,BRENT,2028,4
COK28 Comdty,,COK8,USD,1000.000000,0.010000,2028-03-31,2028-03-31,2028-03-31,MAY 28,2019-04-16,BRENT,2028,5
COM28 Comdty,,COM8,USD,1000.000000,0.010000,2028-04-28,2028-04-28,2028-04-28,JUN 28,2019-04-16,BRENT,2028,6
CON28 Comdty,,CON8,USD,1000.000000,0.010000,2028-05-31,2028-05-31,2028-05-31,JUL 28,2019-04-16,BRENT,2028,7
COQ28 Comdty,,COQ8,USD,1000.000000,0.010000,2028-06-30,2028-06-30,2028-06-30,AUG 28,2019-04-16,BRENT,2028,8
COU28 Comdty,,COU8,USD,1000.000000,0.010000,2028-07-31,2028-07-31,2028-07-31,SEP 28,2019-04-16,BRENT,2028,9
COV28 Comdty,,COV8,USD,1000.000000,0.010000,2028-08-31,2028-08-31,2028-08-31,OCT 28,2019-04-16,BRENT,2028,10
COX28 Comdty,,COX8,USD,1000.000000,0.010000,2028-09-29,2028-09-29,2028-09-29,NOV 28,2019-04-16,BRENT,2028,11
COZ28 Comdty,,COZ8,USD,1000.000000,0.010000,2028-10-31,2028-10-31,2028-10-31,DEC 28,2019-04-16,BRENT,2028,12
COF29 Comdty,,COF9,USD,1000.000000,0.010000,2028-11-30,2028-11-30,2028-11-30,JAN 29,2019-04-16,BRENT,2029,1
COM22 Comdty,,COM22,USD,1000.000000,0.010000,2022-04-29,2022-04-29,2022-04-29,JUN 22,2015-02-09,BRENT,2022,6
CON22 Comdty,,CON22,USD,1000.000000,0.010000,2022-05-31,2022-05-31,2022-05-31,JUL 22,2015-02-09,BRENT,2022,7
COQ22 Comdty,,COQ22,USD,1000.000000,0.010000,2022-06-30,2022-06-30,2022-06-30,AUG 22,2015-02-09,BRENT,2022,8
COU22 Comdty,,COU22,USD,1000.000000,0.010000,2022-07-29,2022-07-29,2022-07-29,SEP 22,2015-02-09,BRENT,2022,9
COV22 Comdty,,COV22,USD,1000.000000,0.010000,2022-08-31,2022-08-31,2022-08-31,OCT 22,2015-02-09,BRENT,2022,10
COX22 Comdty,,COX22,USD,1000.000000,0.010000,2022-09-30,2022-09-30,2022-09-30,NOV 22,2015-02-09,BRENT,2022,11
COZ22 Comdty,,COZ22,USD,1000.000000,0.010000,2022-10-31,2022-10-31,2022-10-31,DEC 22,2015-02-09,BRENT,2022,12
COF23 Comdty,,COF23,USD,1000.000000,0.010000,2022-11-30,2022-11-30,2022-11-30,JAN 23,2015-11-23,BRENT,2023,1
COG23 Comdty,,COG23,USD,1000.000000,0.010000,2022-12-29,2022-12-29,2022-12-30,FEB 23,2015-11-23,BRENT,2023,2
COH23 Comdty,,COH23,USD,1000.000000,0.010000,2023-01-31,2023-01-31,2023-01-31,MAR 23,2015-11-23,BRENT,2023,3
COG29 Comdty,,COG29,USD,1000.000000,0.010000,2028-12-28,2028-12-28,2028-12-29,FEB 29,2019-04-16,BRENT,2029,2
COH29 Comdty,,COH29,USD,1000.000000,0.010000,2029-01-31,2029-01-31,2029-01-31,MAR 29,2019-04-16,BRENT,2029,3
COJ29 Comdty,,COJ29,USD,1000.000000,0.010000,2029-02-28,2029-02-28,2029-02-28,APR 29,2022-12-11,BRENT,2029,4
COK29 Comdty,,COK29,USD,1000.000000,0.010000,2029-03-29,2029-03-29,2029-03-29,MAY 29,2022-12-11,BRENT,2029,5
COM29 Comdty,,COM29,USD,1000.000000,0.010000,2029-04-30,2029-04-30,2029-04-30,JUN 29,2022-12-11,BRENT,2029,6
CON29 Comdty,,CON29,USD,1000.000000,0.010000,2029-05-31,2029-05-31,2029-05-31,JUL 29,2022-12-11,BRENT,2029,7
COQ29 Comdty,,COQ29,USD,1000.000000,0.010000,2029-06-29,2029-06-29,2029-06-29,AUG 29,2022-12-11,BRENT,2029,8
COU29 Comdty,,COU29,USD,1000.000000,0.010000,2029-07-31,2029-07-31,2029-07-31,SEP 29,2022-12-11,BRENT,2029,9
QSF09 Comdty,,QSF09,USD,100.000000,0.250000,2009-01-12,2009-01-12,2009-01-16,JAN 09,2006-12-13,GASOIL,2009,1
QSG09 Comdty,,QSG09,USD,100.000000,0.250000,2009-02-12,2009-02-12,2009-02-16,FEB 09,2006-12-13,GASOIL,2009,2
COQ21 Comdty,,COQ21,USD,1000.000000,0.010000,2021-06-30,2021-06-30,2021-06-30,AUG 21,2014-05-30,BRENT,2021,8
COU21 Comdty,,COU21,USD,1000.000000,0.010000,2021-07-30,2021-07-30,2021-07-30,SEP 21,2014-05-30,BRENT,2021,9
COV21 Comdty,,COV21,USD,1000.000000,0.010000,2021-08-31,2021-08-31,2021-08-31,OCT 21,2014-05-30,BRENT,2021,10
COX21 Comdty,,COX21,USD,1000.000000,0.010000,2021-09-30,2021-09-30,2021-09-30,NOV 21,2014-05-30,BRENT,2021,11
COZ21 Comdty,,COZ21,USD,1000.000000,0.010000,2021-10-29,2021-10-29,2021-10-29,DEC 21,2014-05-30,BRENT,2021,12
COF22 Comdty,,COF22,USD,1000.000000,0.010000,2021-11-30,2021-11-30,2021-11-30,JAN 22,2015-02-09,BRENT,2022,1
COG22 Comdty,,COG22,USD,1000.000000,0.010000,2021-12-30,2021-12-30,2021-12-30,FEB 22,2015-02-09,BRENT,2022,2
COH22 Comdty,,COH22,USD,1000.000000,0.010000,2022-01-31,2022-01-31,2022-01-31,MAR 22,2015-02-09,BRENT,2022,3
COJ22 Comdty,,COJ22,USD,1000.000000,0.010000,2022-02-28,2022-02-28,2022-02-28,APR 22,2015-02-09,BRENT,2022,4
COK22 Comdty,,COK22,USD,1000.000000,0.010000,2022-03-31,2022-03-31,2022-03-31,MAY 22,2015-02-09,BRENT,2022,5
COZ24 Comdty,,COZ24,USD,1000.000000,0.010000,2024-10-31,2024-10-31,2024-10-31,DEC 24,2017-11-01,BRENT,2024,12
COF25 Comdty,,COF25,USD,1000.000000,0.010000,2024-11-29,2024-11-29,2024-11-29,JAN 25,2017-11-01,BRENT,2025,1
COG25 Comdty,,COG25,USD,1000.000000,0.010000,2024-12-30,2024-12-30,2024-12-30,FEB 25,2017-11-01,BRENT,2025,2
COH25 Comdty,,COH25,USD,1000.000000,0.010000,2025-01-31,2025-01-31,2025-01-31,MAR 25,2017-11-01,BRENT,2025,3
COJ25 Comdty,,COJ25,USD,1000.000000,0.010000,2025-02-28,2025-02-28,2025-02-28,APR 25,2018-11-01,BRENT,2025,4
COK25 Comdty,,COK25,USD,1000.000000,0.010000,2025-03-31,2025-03-31,2025-03-31,MAY 25,2018-11-01,BRENT,2025,5
COM25 Comdty,,COM25,USD,1000.000000,0.010000,2025-04-30,2025-04-30,2025-04-30,JUN 25,2018-11-01,BRENT,2025,6
CON25 Comdty,,CON25,USD,1000.000000,0.010000,2025-05-30,2025-05-30,2025-05-30,JUL 25,2018-11-01,BRENT,2025,7
COQ25 Comdty,,COQ25,USD,1000.000000,0.010000,2025-06-30,2025-06-30,2025-06-30,AUG 25,2018-11-01,BRENT,2025,8
COU25 Comdty,,COU25,USD,1000.000000,0.010000,2025-07-31,2025-07-31,2025-07-31,SEP 25,2018-11-01,BRENT,2025,9
COG24 Comdty,,COG24,USD,1000.000000,0.010000,2023-12-28,2023-12-28,2023-12-29,FEB 24,2016-11-01,BRENT,2024,2
COH24 Comdty,,COH24,USD,1000.000000,0.010000,2024-01-31,2024-01-31,2024-01-31,MAR 24,2016-11-01,BRENT,2024,3
COJ24 Comdty,,COJ24,USD,1000.000000,0.010000,2024-02-29,2024-02-29,2024-02-29,APR 24,2017-11-01,BRENT,2024,4
COK24 Comdty,,COK24,USD,1000.000000,0.010000,2024-03-28,2024-03-28,2024-03-28,MAY 24,2017-11-01,BRENT,2024,5
COM24 Comdty,,COM24,USD,1000.000000,0.010000,2024-04-30,2024-04-30,2024-04-30,JUN 24,2017-11-01,BRENT,2024,6
CON24 Comdty,,CON24,USD,1000.000000,0.010000,2024-05-31,2024-05-31,2024-05-31,JUL 24,2017-11-01,BRENT,2024,7
COQ24 Comdty,,COQ24,USD,1000.000000,0.010000,2024-06-28,2024-06-28,2024-06-28,AUG 24,2017-11-01,BRENT,2024,8
COU24 Comdty,,COU24,USD,1000.000000,0.010000,2024-07-31,2024-07-31,2024-07-31,SEP 24,2017-11-01,BRENT,2024,9
COV24 Comdty,,COV24,USD,1000.000000,0.010000,2024-08-30,2024-08-30,2024-08-30,OCT 24,2017-11-01,BRENT,2024,10
COX24 Comdty,,COX24,USD,1000.000000,0.010000,2024-09-30,2024-09-30,2024-09-30,NOV 24,2017-11-01,BRENT,2024,11
COV25 Comdty,,COV25,USD,1000.000000,0.010000,2025-08-29,2025-08-29,2025-08-29,OCT 25,2018-11-01,BRENT,2025,10
COX25 Comdty,,COX25,USD,1000.000000,0.010000,2025-09-30,2025-09-30,2025-09-30,NOV 25,2018-11-01,BRENT,2025,11
COZ25 Comdty,,COZ5,USD,1000.000000,0.010000,2025-10-31,2025-10-31,2025-10-31,DEC 25,2018-11-01,BRENT,2025,12
COF26 Comdty,,COF6,USD,1000.000000,0.010000,2025-11-28,2025-11-28,2025-11-28,JAN 26,2018-11-01,BRENT,2026,1
COG26 Comdty,,COG6,USD,1000.000000,0.010000,2025-12-30,2025-12-30,2025-12-30,FEB 26,2018-11-01,BRENT,2026,2
COH26 Comdty,,COH6,USD,1000.000000,0.010000,2026-01-30,2026-01-30,2026-01-30,MAR 26,2018-11-01,BRENT,2026,3
COJ26 Comdty,,COJ6,USD,1000.000000,0.010000,2026-02-27,2026-02-27,2026-02-27,APR 26,2019-04-16,BRENT,2026,4
COK26 Comdty,,COK6,USD,1000.000000,0.010000,2026-03-31,2026-03-31,2026-03-31,MAY 26,2019-04-16,BRENT,2026,5
COM26 Comdty,,COM6,USD,1000.000000,0.010000,2026-04-30,2026-04-30,2026-04-30,JUN 26,2019-04-16,BRENT,2026,6
CON26 Comdty,,CON6,USD,1000.000000,0.010000,2026-05-29,2026-05-29,2026-05-29,JUL 26,2019-04-16,BRENT,2026,7
COJ23 Comdty,,COJ23,USD,1000.000000,0.010000,2023-02-28,2023-02-28,2023-02-28,APR 23,2016-11-01,BRENT,2023,4
COK23 Comdty,,COK23,USD,1000.000000,0.010000,2023-03-31,2023-03-31,2023-03-31,MAY 23,2016-11-01,BRENT,2023,5
COM23 Comdty,,COM23,USD,1000.000000,0.010000,2023-04-28,2023-04-28,2023-04-28,JUN 23,2016-11-01,BRENT,2023,6
CON23 Comdty,,CON23,USD,1000.000000,0.010000,2023-05-31,2023-05-31,2023-05-31,JUL 23,2016-11-01,BRENT,2023,7
COQ23 Comdty,,COQ23,USD,1000.000000,0.010000,2023-06-30,2023-06-30,2023-06-30,AUG 23,2016-11-01,BRENT,2023,8
COU23 Comdty,,COU23,USD,1000.000000,0.010000,2023-07-31,2023-07-31,2023-07-31,SEP 23,2016-11-01,BRENT,2023,9
COV23 Comdty,,COV23,USD,1000.000000,0.010000,2023-08-31,2023-08-31,2023-08-31,OCT 23,2016-11-01,BRENT,2023,10
COX23 Comdty,,COX23,USD,1000.000000,0.010000,2023-09-29,2023-09-29,2023-09-29,NOV 23,2016-11-01,BRENT,2023,11
COZ23 Comdty,,COZ23,USD,1000.000000,0.010000,2023-10-31,2023-10-31,2023-10-31,DEC 23,2016-11-01,BRENT,2023,12
COF24 Comdty,,COF24,USD,1000.000000,0.010000,2023-11-30,2023-11-30,2023-11-30,JAN 24,2016-11-01,BRENT,2024,1
QSF10 Comdty,,QSF10,USD,100.000000,0.250000,2010-01-12,2010-01-12,2010-01-16,JAN 10,2006-12-13,GASOIL,2010,1
QSG10 Comdty,,QSG10,USD,100.000000,0.250000,2010-02-11,2010-02-11,2010-02-16,FEB 10,2006-12-13,GASOIL,2010,2
QSH10 Comdty,,QSH10,USD,100.000000,0.250000,2010-03-11,2010-03-11,2010-03-16,MAR 10,2006-12-13,GASOIL,2010,3
QSJ10 Comdty,,QSJ10,USD,100.000000,0.250000,2010-04-12,2010-04-12,2010-04-16,APR 10,2006-12-13,GASOIL,2010,4
QSK10 Comdty,,QSK10,USD,100.000000,0.250000,2010-05-12,2010-05-12,2010-05-16,MAY 10,2006-12-13,GASOIL,2010,5
QSM10 Comdty,,QSM10,USD,100.000000,0.250000,2010-06-10,2010-06-10,2010-06-16,JUN 10,2006-12-13,GASOIL,2010,6
QSN10 Comdty,,QSN10,USD,100.000000,0.250000,2010-07-12,2010-07-12,2010-07-16,JUL 10,2007-07-13,GASOIL,2010,7
QSQ10 Comdty,,QSQ10,USD,100.000000,0.250000,2010-08-12,2010-08-12,2010-08-16,AUG 10,2007-08-13,GASOIL,2010,8
QSU10 Comdty,,QSU10,USD,100.000000,0.250000,2010-09-10,2010-09-10,2010-09-16,SEP 10,2006-12-13,GASOIL,2010,9
QSV10 Comdty,,QSV10,USD,100.000000,0.250000,2010-10-12,2010-10-12,2010-10-16,OCT 10,2007-10-12,GASOIL,2010,10
QSK13 Comdty,,QSK13,USD,100.000000,0.250000,2013-05-10,2013-05-10,2013-05-16,MAY 13,2010-05-13,GASOIL,2013,5
QSM13 Comdty,,QSM13,USD,100.000000,0.250000,2013-06-12,2013-06-12,2013-06-16,JUN 13,2008-06-13,GASOIL,2013,6
QSN13 Comdty,,QSN13,USD,100.000000,0.250000,2013-07-11,2013-07-11,2013-07-16,JUL 13,2010-07-13,GASOIL,2013,7
QSQ13 Comdty,,QSQ13,USD,100.000000,0.250000,2013-08-12,2013-08-12,2013-08-16,AUG 13,2010-08-13,GASOIL,2013,8
QSU13 Comdty,,QSU13,USD,100.000000,0.250000,2013-09-12,2013-09-12,2013-09-16,SEP 13,2009-09-11,GASOIL,2013,9
QSV13 Comdty,,QSV13,USD,100.000000,0.250000,2013-10-10,2013-10-10,2013-10-16,OCT 13,2010-10-13,GASOIL,2013,10
QSX13 Comdty,,QSX13,USD,100.000000,0.250000,2013-11-12,2013-11-12,2013-11-16,NOV 13,2010-11-15,GASOIL,2013,11
QSZ13 Comdty,,QSZ13,USD,100.000000,0.250000,2013-12-12,2013-12-12,2013-12-16,DEC 13,2008-12-12,GASOIL,2013,12
QSF14 Comdty,,QSF14,USD,100.000000,0.250000,2014-01-10,2014-01-10,2014-01-16,JAN 14,2011-01-13,GASOIL,2014,1
QSG14 Comdty,,QSG14,USD,100.000000,0.250000,2014-02-12,2014-02-12,2014-02-16,FEB 14,2011-02-11,GASOIL,2014,2
QSU16 Comdty,,QSU16,USD,100.000000,0.250000,2016-09-12,2016-09-12,2016-09-16,SEP 16,2014-06-02,GASOIL,2016,9
QSV16 Comdty,,QSV16,USD,100.000000,0.250000,2016-10-12,2016-10-12,2016-10-16,OCT 16,2014-05-31,GASOIL,2016,10
QSX16 Comdty,,QSX16,USD,100.000000,0.250000,2016-11-10,2016-11-10,2016-11-16,NOV 16,2014-06-02,GASOIL,2016,11
QSZ16 Comdty,,QSZ16,USD,100.000000,0.250000,2016-12-12,2016-12-12,2016-12-16,DEC 16,2014-06-02,GASOIL,2016,12
QSF17 Comdty,,QSF17,USD,100.000000,0.250000,2017-01-12,2017-01-12,2017-01-16,JAN 17,2014-06-02,GASOIL,2017,1
QSG17 Comdty,,QSG17,USD,100.000000,0.250000,2017-02-10,2017-02-10,2017-02-16,FEB 17,2014-05-30,GASOIL,2017,2
QSH17 Comdty,,QSH17,USD,100.000000,0.250000,2017-03-10,2017-03-10,2017-03-16,MAR 17,2014-06-02,GASOIL,2017,3
QSJ17 Comdty,,QSJ17,USD,100.000000,0.250000,2017-04-12,2017-04-12,2017-04-16,APR 17,2014-06-02,GASOIL,2017,4
QSK17 Comdty,,QSK17,USD,100.000000,0.250000,2017-05-11,2017-05-11,2017-05-16,MAY 17,2014-06-02,GASOIL,2017,5
QSM17 Comdty,,QSM17,USD,100.000000,0.250000,2017-06-12,2017-06-12,2017-06-16,JUN 17,2014-06-02,GASOIL,2017,6
QSU11 Comdty,,QSU11,USD,100.000000,0.250000,2011-09-12,2011-09-12,2011-09-16,SEP 11,2007-09-13,GASOIL,2011,9
QSV11 Comdty,,QSV11,USD,100.000000,0.250000,2011-10-12,2011-10-12,2011-10-16,OCT 11,2008-10-13,GASOIL,2011,10
QSX11 Comdty,,QSX11,USD,100.000000,0.250000,2011-11-10,2011-11-10,2011-11-16,NOV 11,2008-11-13,GASOIL,2011,11
QSZ11 Comdty,,QSZ11,USD,100.000000,0.250000,2011-12-12,2011-12-12,2011-12-16,DEC 11,2006-12-13,GASOIL,2011,12
QSF12 Comdty,,QSF12,USD,100.000000,0.250000,2012-01-12,2012-01-12,2012-01-16,JAN 12,2009-01-13,GASOIL,2012,1
QSG12 Comdty,,QSG12,USD,100.000000,0.250000,2012-02-10,2012-02-10,2012-02-16,FEB 12,2009-02-13,GASOIL,2012,2
QSH12 Comdty,,QSH12,USD,100.000000,0.250000,2012-03-12,2012-03-12,2012-03-16,MAR 12,2006-01-02,GASOIL,2012,3
QSJ12 Comdty,,QSJ12,USD,100.000000,0.250000,2012-04-12,2012-04-12,2012-04-16,APR 12,2009-04-09,GASOIL,2012,4
QSK12 Comdty,,QSK12,USD,100.000000,0.250000,2012-05-10,2012-05-10,2012-05-16,MAY 12,2009-05-13,GASOIL,2012,5
QSM12 Comdty,,QSM12,USD,100.000000,0.250000,2012-06-12,2012-06-12,2012-06-16,JUN 12,2006-12-13,GASOIL,2012,6
QSH14 Comdty,,QSH14,USD,100.000000,0.250000,2014-03-12,2014-03-12,2014-03-16,MAR 14,2010-03-12,GASOIL,2014,3
QSJ14 Comdty,,QSJ14,USD,100.000000,0.250000,2014-04-10,2014-04-10,2014-04-16,APR 14,2011-04-13,GASOIL,2014,4
QSK14 Comdty,,QSK14,USD,100.000000,0.250000,2014-05-12,2014-05-12,2014-05-16,MAY 14,2011-05-13,GASOIL,2014,5
QSM14 Comdty,,QSM14,USD,100.000000,0.250000,2014-06-12,2014-06-12,2014-06-16,JUN 14,2009-06-12,GASOIL,2014,6
QSN14 Comdty,,QSN14,USD,100.000000,0.250000,2014-07-10,2014-07-10,2014-07-16,JUL 14,2011-07-13,GASOIL,2014,7
QSQ14 Comdty,,QSQ14,USD,100.000000,0.250000,2014-08-12,2014-08-12,2014-08-16,AUG 14,2011-08-12,GASOIL,2014,8
QSU14 Comdty,,QSU14,USD,100.000000,0.250000,2014-09-11,2014-09-11,2014-09-16,SEP 14,2010-09-13,GASOIL,2014,9
QSV14 Comdty,,QSV14,USD,100.000000,0.250000,2014-10-10,2014-10-10,2014-10-16,OCT 14,2011-10-13,GASOIL,2014,10
QSX14 Comdty,,QSX14,USD,100.000000,0.250000,2014-11-12,2014-11-12,2014-11-16,NOV 14,2011-11-11,GASOIL,2014,11
QSZ14 Comdty,,QSZ14,USD,100.000000,0.250000,2014-12-11,2014-12-11,2014-12-16,DEC 14,2009-12-11,GASOIL,2014,12
QSX15 Comdty,,QSX15,USD,100.000000,0.250000,2015-11-12,2015-11-12,2015-11-16,NOV 15,2014-06-02,GASOIL,2015,11
QSZ15 Comdty,,QSZ15,USD,100.000000,0.250000,2015-12-10,2015-12-10,2015-12-16,DEC 15,2014-06-02,GASOIL,2015,12
QSF16 Comdty,,QSF16,USD,100.000000,0.250000,2016-01-12,2016-01-12,2016-01-16,JAN 16,2014-06-02,GASOIL,2016,1
QSG16 Comdty,,QSG16,USD,100.000000,0.250000,2016-02-11,2016-02-11,2016-02-16,FEB 16,2014-06-02,GASOIL,2016,2
QSH16 Comdty,,QSH16,USD,100.000000,0.250000,2016-03-10,2016-03-10,2016-03-16,MAR 16,2014-06-02,GASOIL,2016,3
QSJ16 Comdty,,QSJ16,USD,100.000000,0.250000,2016-04-12,2016-04-12,2016-04-16,APR 16,2014-06-02,GASOIL,2016,4
QSK16 Comdty,,QSK16,USD,100.000000,0.250000,2016-05-12,2016-05-12,2016-05-16,MAY 16,2014-06-02,GASOIL,2016,5
QSM16 Comdty,,QSM16,USD,100.000000,0.250000,2016-06-10,2016-06-10,2016-06-16,JUN 16,2014-06-02,GASOIL,2016,6
QSN16 Comdty,,QSN16,USD,100.000000,0.250000,2016-07-12,2016-07-12,2016-07-16,JUL 16,2014-06-02,GASOIL,2016,7
QSQ16 Comdty,,QSQ16,USD,100.000000,0.250000,2016-08-11,2016-08-11,2016-08-16,AUG 16,2014-06-02,GASOIL,2016,8
QSN12 Comdty,,QSN12,USD,100.000000,0.250000,2012-07-12,2012-07-12,2012-07-16,JUL 12,2009-07-13,GASOIL,2012,7
QSQ12 Comdty,,QSQ12,USD,100.000000,0.250000,2012-08-10,2012-08-10,2012-08-16,AUG 12,2009-08-13,GASOIL,2012,8
QSU12 Comdty,,QSU12,USD,100.000000,0.250000,2012-09-12,2012-09-12,2012-09-16,SEP 12,2008-09-12,GASOIL,2012,9
QSV12 Comdty,,QSV12,USD,100.000000,0.250000,2012-10-11,2012-10-11,2012-10-16,OCT 12,2009-10-14,GASOIL,2012,10
QSX12 Comdty,,QSX12,USD,100.000000,0.250000,2012-11-12,2012-11-12,2012-11-16,NOV 12,2009-11-13,GASOIL,2012,11
QSZ12 Comdty,,QSZ12,USD,100.000000,0.250000,2012-12-12,2012-12-12,2012-12-16,DEC 12,2007-12-13,GASOIL,2012,12
QSF13 Comdty,,QSF13,USD,100.000000,0.250000,2013-01-10,2013-01-10,2013-01-16,JAN 13,2010-01-13,GASOIL,2013,1
QSG13 Comdty,,QSG13,USD,100.000000,0.250000,2013-02-12,2013-02-12,2013-02-16,FEB 13,2010-02-12,GASOIL,2013,2
QSH13 Comdty,,QSH13,USD,100.000000,0.250000,2013-03-12,2013-03-12,2013-03-16,MAR 13,2009-03-01,GASOIL,2013,3
QSJ13 Comdty,,QSJ13,USD,100.000000,0.250000,2013-04-11,2013-04-11,2013-04-16,APR 13,2010-04-13,GASOIL,2013,4
QSF15 Comdty,,QSF15,USD,100.000000,0.250000,2015-01-12,2015-01-12,2015-01-16,JAN 15,2011-08-22,GASOIL,2015,1
QSG15 Comdty,,QSG15,USD,100.000000,0.250000,2015-02-12,2015-02-12,2015-02-16,FEB 15,2011-09-19,GASOIL,2015,2
QSH15 Comdty,,QSH15,USD,100.000000,0.250000,2015-03-12,2015-03-12,2015-03-16,MAR 15,2014-06-02,GASOIL,2015,3
QSJ15 Comdty,,QSJ15,USD,100.000000,0.250000,2015-04-10,2015-04-10,2015-04-16,APR 15,2014-06-02,GASOIL,2015,4
QSK15 Comdty,,QSK15,USD,100.000000,0.250000,2015-05-12,2015-05-12,2015-05-16,MAY 15,2014-06-02,GASOIL,2015,5
QSM15 Comdty,,QSM15,USD,100.000000,0.250000,2015-06-11,2015-06-11,2015-06-16,JUN 15,2011-09-19,GASOIL,2015,6
QSN15 Comdty,,QSN15,USD,100.000000,0.250000,2015-07-10,2015-07-10,2015-07-16,JUL 15,2014-06-02,GASOIL,2015,7
QSQ15 Comdty,,QSQ15,USD,100.000000,0.250000,2015-08-12,2015-08-12,2015-08-16,AUG 15,2014-06-02,GASOIL,2015,8
QSU15 Comdty,,QSU15,USD,100.000000,0.250000,2015-09-10,2015-09-10,2015-09-16,SEP 15,2014-06-02,GASOIL,2015,9
QSV15 Comdty,,QSV15,USD,100.000000,0.250000,2015-10-12,2015-10-12,2015-10-16,OCT 15,2014-06-02,GASOIL,2015,10
QSX10 Comdty,,QSX10,USD,100.000000,0.250000,2010-11-11,2010-11-11,2010-11-16,NOV 10,2007-11-13,GASOIL,2010,11
QSZ10 Comdty,,QSZ10,USD,100.000000,0.250000,2010-12-10,2010-12-10,2010-12-16,DEC 10,2006-12-13,GASOIL,2010,12
QSF11 Comdty,,QSF11,USD,100.000000,0.250000,2011-01-12,2011-01-12,2011-01-16,JAN 11,2008-01-11,GASOIL,2011,1
QSG11 Comdty,,QSG11,USD,100.000000,0.250000,2011-02-10,2011-02-10,2011-02-16,FEB 11,2008-02-13,GASOIL,2011,2
QSH11 Comdty,,QSH11,USD,100.000000,0.250000,2011-03-10,2011-03-10,2011-03-16,MAR 11,2006-12-13,GASOIL,2011,3
QSJ11 Comdty,,QSJ11,USD,100.000000,0.250000,2011-04-12,2011-04-12,2011-04-16,APR 11,2008-04-11,GASOIL,2011,4
QSK11 Comdty,,QSK11,USD,100.000000,0.250000,2011-05-12,2011-05-12,2011-05-16,MAY 11,2008-05-13,GASOIL,2011,5
QSM11 Comdty,,QSM11,USD,100.000000,0.250000,2011-06-10,2011-06-10,2011-06-16,JUN 11,2006-12-13,GASOIL,2011,6
QSN11 Comdty,,QSN11,USD,100.000000,0.250000,2011-07-12,2011-07-12,2011-07-16,JUL 11,2008-07-11,GASOIL,2011,7
QSQ11 Comdty,,QSQ11,USD,100.000000,0.250000,2011-08-11,2011-08-11,2011-08-16,AUG 11,2008-08-13,GASOIL,2011,8
QSH09 Comdty,,QSH09,USD,100.000000,0.250000,2009-03-12,2009-03-12,2009-03-16,MAR 09,2007-03-13,GASOIL,2009,3
QSJ09 Comdty,,QSJ09,USD,100.000000,0.250000,2009-04-08,2009-04-08,2009-04-16,APR 09,2006-12-13,GASOIL,2009,4
QSK09 Comdty,,QSK09,USD,100.000000,0.250000,2009-05-12,2009-05-12,2009-05-16,MAY 09,2006-12-13,GASOIL,2009,5
QSM09 Comdty,,QSM09,USD,100.000000,0.250000,2009-06-11,2009-06-11,2009-06-16,JUN 09,2006-06-13,GASOIL,2009,6
QSN09 Comdty,,QSN09,USD,100.000000,0.250000,2009-07-10,2009-07-10,2009-07-16,JUL 09,2006-12-13,GASOIL,2009,7
QSQ09 Comdty,,QSQ09,USD,100.000000,0.250000,2009-08-12,2009-08-12,2009-08-16,AUG 09,2006-12-13,GASOIL,2009,8
QSU09 Comdty,,QSU09,USD,100.000000,0.250000,2009-09-10,2009-09-10,2009-09-16,SEP 09,2006-12-13,GASOIL,2009,9
QSV09 Comdty,,QSV09,USD,100.000000,0.250000,2009-10-12,2009-10-12,2009-10-16,OCT 09,2006-12-13,GASOIL,2009,10
QSX09 Comdty,,QSX09,USD,100.000000,0.250000,2009-11-12,2009-11-12,2009-11-16,NOV 09,2006-12-13,GASOIL,2009,11
QSZ09 Comdty,,QSZ09,USD,100.000000,0.250000,2009-12-10,2009-12-10,2009-12-16,DEC 09,2006-12-13,GASOIL,2009,12
QSF25 Comdty,,QSF25,USD,100.000000,0.250000,2025-01-10,2025-01-10,2025-01-16,JAN 25,2018-12-13,GASOIL,2025,1
QSG25 Comdty,,QSG25,USD,100.000000,0.250000,2025-02-12,2025-02-12,2025-02-16,FEB 25,2018-12-13,GASOIL,2025,2
QSH25 Comdty,,QSH25,USD,100.000000,0.250000,2025-03-12,2025-03-12,2025-03-16,MAR 25,2018-12-13,GASOIL,2025,3
QSJ25 Comdty,,QSJ25,USD,100.000000,0.250000,2025-04-10,2025-04-10,2025-04-16,APR 25,2018-12-13,GASOIL,2025,4
QSK25 Comdty,,QSK25,USD,100.000000,0.250000,2025-05-12,2025-05-12,2025-05-16,MAY 25,2018-12-13,GASOIL,2025,5
QSM25 Comdty,,QSM25,USD,100.000000,0.250000,2025-06-12,2025-06-12,2025-06-16,JUN 25,2018-12-13,GASOIL,2025,6
QSN25 Comdty,,QSN25,USD,100.000000,0.250000,2025-07-10,2025-07-10,2025-07-16,JUL 25,2018-12-13,GASOIL,2025,7
QSQ25 Comdty,,QSQ25,USD,100.000000,0.250000,2025-08-12,2025-08-12,2025-08-16,AUG 25,2018-12-13,GASOIL,2025,8
QSU25 Comdty,,QSU25,USD,100.000000,0.250000,2025-09-11,2025-09-11,2025-09-16,SEP 25,2018-12-13,GASOIL,2025,9
QSV25 Comdty,,QSV5,USD,100.000000,0.250000,2025-10-10,2025-10-10,2025-10-16,OCT 25,2018-12-13,GASOIL,2025,10
QSN22 Comdty,,QSN22,USD,100.000000,0.250000,2022-07-12,2022-07-12,2022-07-16,JUL 22,2016-12-13,GASOIL,2022,7
QSQ22 Comdty,,QSQ22,USD,100.000000,0.250000,2022-08-11,2022-08-11,2022-08-16,AUG 22,2016-12-13,GASOIL,2022,8
QSU22 Comdty,,QSU22,USD,100.000000,0.250000,2022-09-12,2022-09-12,2022-09-16,SEP 22,2016-12-13,GASOIL,2022,9
QSV22 Comdty,,QSV22,USD,100.000000,0.250000,2022-10-12,2022-10-12,2022-10-16,OCT 22,2016-12-13,GASOIL,2022,10
QSX22 Comdty,,QSX22,USD,100.000000,0.250000,2022-11-10,2022-11-10,2022-11-16,NOV 22,2016-12-13,GASOIL,2022,11
QSZ22 Comdty,,QSZ22,USD,100.000000,0.250000,2022-12-12,2022-12-12,2022-12-16,DEC 22,2016-12-13,GASOIL,2022,12
QSF23 Comdty,,QSF23,USD,100.000000,0.250000,2023-01-12,2023-01-12,2023-01-16,JAN 23,2016-12-13,GASOIL,2023,1
QSG23 Comdty,,QSG23,USD,100.000000,0.250000,2023-02-10,2023-02-10,2023-02-16,FEB 23,2016-12-13,GASOIL,2023,2
QSH23 Comdty,,QSH23,USD,100.000000,0.250000,2023-03-10,2023-03-10,2023-03-16,MAR 23,2016-12-13,GASOIL,2023,3
QSJ23 Comdty,,QSJ23,USD,100.000000,0.250000,2023-04-12,2023-04-12,2023-04-16,APR 23,2016-12-13,GASOIL,2023,4
QSF20 Comdty,,QSF20,USD,100.000000,0.250000,2020-01-10,2020-01-10,2020-01-16,JAN 20,2014-06-13,GASOIL,2020,1
QSG20 Comdty,,QSG20,USD,100.000000,0.250000,2020-02-12,2020-02-12,2020-02-16,FEB 20,2014-06-13,GASOIL,2020,2
QSH20 Comdty,,QSH20,USD,100.000000,0.250000,2020-03-12,2020-03-12,2020-03-16,MAR 20,2014-06-13,GASOIL,2020,3
QSJ20 Comdty,,QSJ20,USD,100.000000,0.250000,2020-04-08,2020-04-08,2020-04-16,APR 20,2014-06-13,GASOIL,2020,4
QSK20 Comdty,,QSK20,USD,100.000000,0.250000,2020-05-12,2020-05-12,2020-05-16,MAY 20,2014-06-13,GASOIL,2020,5
QSM20 Comdty,,QSM20,USD,100.000000,0.250000,2020-06-11,2020-06-11,2020-06-16,JUN 20,2014-06-13,GASOIL,2020,6
QSN20 Comdty,,QSN20,USD,100.000000,0.250000,2020-07-10,2020-07-10,2020-07-16,JUL 20,2014-06-13,GASOIL,2020,7
QSQ20 Comdty,,QSQ20,USD,100.000000,0.250000,2020-08-12,2020-08-12,2020-08-16,AUG 20,2014-06-13,GASOIL,2020,8
QSU20 Comdty,,QSU20,USD,100.000000,0.250000,2020-09-10,2020-09-10,2020-09-16,SEP 20,2014-06-13,GASOIL,2020,9
QSV20 Comdty,,QSV20,USD,100.000000,0.250000,2020-10-12,2020-10-12,2020-10-16,OCT 20,2014-06-13,GASOIL,2020,10
QSK23 Comdty,,QSK23,USD,100.000000,0.250000,2023-05-11,2023-05-11,2023-05-16,MAY 23,2016-12-13,GASOIL,2023,5
QSM23 Comdty,,QSM23,USD,100.000000,0.250000,2023-06-12,2023-06-12,2023-06-16,JUN 23,2016-12-13,GASOIL,2023,6
QSN23 Comdty,,QSN23,USD,100.000000,0.250000,2023-07-12,2023-07-12,2023-07-16,JUL 23,2016-12-13,GASOIL,2023,7
QSQ23 Comdty,,QSQ23,USD,100.000000,0.250000,2023-08-10,2023-08-10,2023-08-16,AUG 23,2016-12-13,GASOIL,2023,8
QSU23 Comdty,,QSU23,USD,100.000000,0.250000,2023-09-12,2023-09-12,2023-09-16,SEP 23,2016-12-13,GASOIL,2023,9
QSV23 Comdty,,QSV23,USD,100.000000,0.250000,2023-10-12,2023-10-12,2023-10-16,OCT 23,2016-12-13,GASOIL,2023,10
QSX23 Comdty,,QSX23,USD,100.000000,0.250000,2023-11-10,2023-11-10,2023-11-16,NOV 23,2016-12-13,GASOIL,2023,11
QSZ23 Comdty,,QSZ23,USD,100.000000,0.250000,2023-12-12,2023-12-12,2023-12-16,DEC 23,2016-12-13,GASOIL,2023,12
QSF24 Comdty,,QSF24,USD,100.000000,0.250000,2024-01-11,2024-01-11,2024-01-16,JAN 24,2017-12-13,GASOIL,2024,1
QSG24 Comdty,,QSG24,USD,100.000000,0.250000,2024-02-12,2024-02-12,2024-02-16,FEB 24,2017-12-13,GASOIL,2024,2
QSX20 Comdty,,QSX20,USD,100.000000,0.250000,2020-11-12,2020-11-12,2020-11-16,NOV 20,2014-06-13,GASOIL,2020,11
QSZ20 Comdty,,QSZ20,USD,100.000000,0.250000,2020-12-10,2020-12-10,2020-12-16,DEC 20,2014-06-13,GASOIL,2020,12
QSF21 Comdty,,QSF21,USD,100.000000,0.250000,2021-01-12,2021-01-12,2021-01-16,JAN 21,2014-06-13,GASOIL,2021,1
QSG21 Comdty,,QSG21,USD,100.000000,0.250000,2021-02-11,2021-02-11,2021-02-16,FEB 21,2014-06-13,GASOIL,2021,2
QSH21 Comdty,,QSH21,USD,100.000000,0.250000,2021-03-11,2021-03-11,2021-03-16,MAR 21,2014-06-13,GASOIL,2021,3
QSJ21 Comdty,,QSJ21,USD,100.000000,0.250000,2021-04-12,2021-04-12,2021-04-16,APR 21,2014-06-13,GASOIL,2021,4
QSK21 Comdty,,QSK21,USD,100.000000,0.250000,2021-05-12,2021-05-12,2021-05-16,MAY 21,2014-06-13,GASOIL,2021,5
QSM21 Comdty,,QSM21,USD,100.000000,0.250000,2021-06-10,2021-06-10,2021-06-16,JUN 21,2014-06-13,GASOIL,2021,6
QSN21 Comdty,,QSN21,USD,100.000000,0.250000,2021-07-12,2021-07-12,2021-07-16,JUL 21,2014-06-13,GASOIL,2021,7
QSQ21 Comdty,,QSQ21,USD,100.000000,0.250000,2021-08-12,2021-08-12,2021-08-16,AUG 21,2014-06-13,GASOIL,2021,8
QSH19 Comdty,,QSH19,USD,100.000000,0.250000,2019-03-12,2019-03-12,2019-03-16,MAR 19,2014-05-30,GASOIL,2019,3
QSJ19 Comdty,,QSJ19,USD,100.000000,0.250000,2019-04-11,2019-04-11,2019-04-16,APR 19,2014-06-13,GASOIL,2019,4
QSK19 Comdty,,QSK19,USD,100.000000,0.250000,2019-05-10,2019-05-10,2019-05-16,MAY 19,2014-06-13,GASOIL,2019,5
QSM19 Comdty,,QSM19,USD,100.000000,0.250000,2019-06-12,2019-06-12,2019-06-16,JUN 19,2014-06-13,GASOIL,2019,6
QSN19 Comdty,,QSN19,USD,100.000000,0.250000,2019-07-11,2019-07-11,2019-07-16,JUL 19,2014-06-13,GASOIL,2019,7
QSQ19 Comdty,,QSQ19,USD,100.000000,0.250000,2019-08-12,2019-08-12,2019-08-16,AUG 19,2014-06-13,GASOIL,2019,8
QSU19 Comdty,,QSU19,USD,100.000000,0.250000,2019-09-12,2019-09-12,2019-09-16,SEP 19,2014-06-13,GASOIL,2019,9
QSV19 Comdty,,QSV19,USD,100.000000,0.250000,2019-10-10,2019-10-10,2019-10-16,OCT 19,2014-06-13,GASOIL,2019,10
QSX19 Comdty,,QSX19,USD,100.000000,0.250000,2019-11-12,2019-11-12,2019-11-16,NOV 19,2014-06-13,GASOIL,2019,11
QSZ19 Comdty,,QSZ19,USD,100.000000,0.250000,2019-12-12,2019-12-12,2019-12-16,DEC 19,2014-06-13,GASOIL,2019,12
QSU21 Comdty,,QSU21,USD,100.000000,0.250000,2021-09-10,2021-09-10,2021-09-16,SEP 21,2014-06-13,GASOIL,2021,9
QSV21 Comdty,,QSV21,USD,100.000000,0.250000,2021-10-12,2021-10-12,2021-10-16,OCT 21,2014-06-13,GASOIL,2021,10
QSX21 Comdty,,QSX21,USD,100.000000,0.250000,2021-11-11,2021-11-11,2021-11-16,NOV 21,2014-06-13,GASOIL,2021,11
QSZ21 Comdty,,QSZ21,USD,100.000000,0.250000,2021-12-10,2021-12-10,2021-12-16,DEC 21,2014-06-13,GASOIL,2021,12
QSF22 Comdty,,QSF22,USD,100.000000,0.250000,2022-01-12,2022-01-12,2022-01-16,JAN 22,2016-11-28,GASOIL,2022,1
QSG22 Comdty,,QSG22,USD,100.000000,0.250000,2022-02-10,2022-02-10,2022-02-16,FEB 22,2016-12-13,GASOIL,2022,2
QSH22 Comdty,,QSH22,USD,100.000000,0.250000,2022-03-10,2022-03-10,2022-03-16,MAR 22,2016-12-13,GASOIL,2022,3
QSJ22 Comdty,,QSJ22,USD,100.000000,0.250000,2022-04-12,2022-04-12,2022-04-16,APR 22,2016-12-13,GASOIL,2022,4
QSK22 Comdty,,QSK22,USD,100.000000,0.250000,2022-05-12,2022-05-12,2022-05-16,MAY 22,2016-12-13,GASOIL,2022,5
QSM22 Comdty,,QSM22,USD,100.000000,0.250000,2022-06-10,2022-06-10,2022-06-16,JUN 22,2016-12-13,GASOIL,2022,6
QSK18 Comdty,,QSK18,USD,100.000000,0.250000,2018-05-10,2018-05-10,2018-05-16,MAY 18,2014-05-30,GASOIL,2018,5
QSM18 Comdty,,QSM18,USD,100.000000,0.250000,2018-06-12,2018-06-12,2018-06-16,JUN 18,2014-05-30,GASOIL,2018,6
QSN18 Comdty,,QSN18,USD,100.000000,0.250000,2018-07-12,2018-07-12,2018-07-16,JUL 18,2014-05-30,GASOIL,2018,7
QSQ18 Comdty,,QSQ18,USD,100.000000,0.250000,2018-08-10,2018-08-10,2018-08-16,AUG 18,2014-05-30,GASOIL,2018,8
QSU18 Comdty,,QSU18,USD,100.000000,0.250000,2018-09-12,2018-09-12,2018-09-16,SEP 18,2014-05-30,GASOIL,2018,9
QSV18 Comdty,,QSV18,USD,100.000000,0.250000,2018-10-11,2018-10-11,2018-10-16,OCT 18,2014-05-30,GASOIL,2018,10
QSX18 Comdty,,QSX18,USD,100.000000,0.250000,2018-11-12,2018-11-12,2018-11-16,NOV 18,2014-05-30,GASOIL,2018,11
QSZ18 Comdty,,QSZ18,USD,100.000000,0.250000,2018-12-12,2018-12-12,2018-12-16,DEC 18,2014-05-30,GASOIL,2018,12
QSF19 Comdty,,QSF19,USD,100.000000,0.250000,2019-01-10,2019-01-10,2019-01-16,JAN 19,2014-05-30,GASOIL,2019,1
QSG19 Comdty,,QSG19,USD,100.000000,0.250000,2019-02-12,2019-02-12,2019-02-16,FEB 19,2014-05-30,GASOIL,2019,2
QSH24 Comdty,,QSH24,USD,100.000000,0.250000,2024-03-12,2024-03-12,2024-03-16,MAR 24,2017-12-13,GASOIL,2024,3
QSJ24 Comdty,,QSJ24,USD,100.000000,0.250000,2024-04-11,2024-04-11,2024-04-16,APR 24,2017-12-13,GASOIL,2024,4
QSK24 Comdty,,QSK24,USD,100.000000,0.250000,2024-05-10,2024-05-10,2024-05-16,MAY 24,2017-12-13,GASOIL,2024,5
QSM24 Comdty,,QSM24,USD,100.000000,0.250000,2024-06-12,2024-06-12,2024-06-16,JUN 24,2017-12-13,GASOIL,2024,6
QSN24 Comdty,,QSN24,USD,100.000000,0.250000,2024-07-11,2024-07-11,2024-07-16,JUL 24,2017-12-13,GASOIL,2024,7
QSQ24 Comdty,,QSQ24,USD,100.000000,0.250000,2024-08-12,2024-08-12,2024-08-16,AUG 24,2017-12-13,GASOIL,2024,8
QSU24 Comdty,,QSU24,USD,100.000000,0.250000,2024-09-12,2024-09-12,2024-09-16,SEP 24,2017-12-13,GASOIL,2024,9
QSV24 Comdty,,QSV24,USD,100.000000,0.250000,2024-10-10,2024-10-10,2024-10-16,OCT 24,2017-12-13,GASOIL,2024,10
QSX24 Comdty,,QSX24,USD,100.000000,0.250000,2024-11-12,2024-11-12,2024-11-16,NOV 24,2017-12-13,GASOIL,2024,11
QSZ24 Comdty,,QSZ24,USD,100.000000,0.250000,2024-12-12,2024-12-12,2024-12-16,DEC 24,2017-12-13,GASOIL,2024,12
QSN17 Comdty,,QSN17,USD,100.000000,0.250000,2017-07-12,2017-07-12,2017-07-16,JUL 17,2014-06-02,GASOIL,2017,7
QSQ17 Comdty,,QSQ17,USD,100.000000,0.250000,2017-08-10,2017-08-10,2017-08-16,AUG 17,2014-06-02,GASOIL,2017,8
QSU17 Comdty,,QSU17,USD,100.000000,0.250000,2017-09-12,2017-09-12,2017-09-16,SEP 17,2014-06-02,GASOIL,2017,9
QSV17 Comdty,,QSV17,USD,100.000000,0.250000,2017-10-12,2017-10-12,2017-10-16,OCT 17,2014-06-02,GASOIL,2017,10
QSX17 Comdty,,QSX17,USD,100.000000,0.250000,2017-11-10,2017-11-10,2017-11-16,NOV 17,2014-06-02,GASOIL,2017,11
QSZ17 Comdty,,QSZ17,USD,100.000000,0.250000,2017-12-12,2017-12-12,2017-12-16,DEC 17,2014-06-02,GASOIL,2017,12
QSF18 Comdty,,QSF18,USD,100.000000,0.250000,2018-01-11,2018-01-11,2018-01-16,JAN 18,2014-05-30,GASOIL,2018,1
QSG18 Comdty,,QSG18,USD,100.000000,0.250000,2018-02-12,2018-02-12,2018-02-16,FEB 18,2014-05-30,GASOIL,2018,2
QSH18 Comdty,,QSH18,USD,100.000000,0.250000,2018-03-12,2018-03-12,2018-03-16,MAR 18,2014-05-30,GASOIL,2018,3
QSJ18 Comdty,,QSJ18,USD,100.000000,0.250000,2018-04-12,2018-04-12,2018-04-16,APR 18,2014-05-30,GASOIL,2018,4
QSX25 Comdty,,QSX5,USD,100.000000,0.250000,2025-11-12,2025-11-12,2025-11-16,NOV 25,2018-12-13,GASOIL,2025,11
QSZ25 Comdty,,QSZ5,USD,100.000000,0.250000,2025-12-11,2025-12-11,2025-12-16,DEC 25,2018-12-13,GASOIL,2025,12
QSF26 Comdty,,QSF6,USD,100.000000,0.250000,2026-01-12,2026-01-12,2026-01-16,JAN 26,2019-01-11,GASOIL,2026,1
QSG26 Comdty,,QSG6,USD,100.000000,0.250000,2026-02-12,2026-02-12,2026-02-16,FEB 26,2019-02-13,GASOIL,2026,2
QSH26 Comdty,,QSH6,USD,100.000000,0.250000,2026-03-12,2026-03-12,2026-03-16,MAR 26,2019-03-13,GASOIL,2026,3
QSJ26 Comdty,,QSJ6,USD,100.000000,0.250000,2026-04-10,2026-04-10,2026-04-16,APR 26,2019-04-12,GASOIL,2026,4
QSK26 Comdty,,QSK6,USD,100.000000,0.250000,2026-05-12,2026-05-12,2026-05-16,MAY 26,2019-05-13,GASOIL,2026,5
QSM26 Comdty,,QSM6,USD,100.000000,0.250000,2026-06-11,2026-06-11,2026-06-16,JUN 26,2019-06-13,GASOIL,2026,6
QSN26 Comdty,,QSN6,USD,100.000000,0.250000,2026-07-10,2026-07-10,2026-07-16,JUL 26,2019-07-12,GASOIL,2026,7
QSQ26 Comdty,,QSQ6,USD,100.000000,0.250000,2026-08-12,2026-08-12,2026-08-16,AUG 26,2019-08-13,GASOIL,2026,8
HOG10 Comdty,,HOG10 COMB,USD,42000.000000,0.010000,2010-01-29,2010-02-02,2010-02-06,FEB 10,2007-04-17,HEATOIL,2010,2
HOH10 Comdty,,HOH10 COMB,USD,42000.000000,0.010000,2010-02-26,2010-03-02,2010-03-06,MAR 10,2007-04-17,HEATOIL,2010,3
HOJ10 Comdty,,HOJ10 COMB,USD,42000.000000,0.010000,2010-03-31,2010-04-02,2010-04-08,APR 10,2007-04-17,HEATOIL,2010,4
HOK10 Comdty,,HOK10 COMB,USD,42000.000000,0.010000,2010-04-30,2010-05-04,2010-05-08,MAY 10,2007-04-02,HEATOIL,2010,5
HOM10 Comdty,,HOM10 COMB,USD,42000.000000,0.010000,2010-05-28,2010-06-02,2010-06-08,JUN 10,2007-06-01,HEATOIL,2010,6
HON10 Comdty,,HON10 COMB,USD,42000.000000,0.010000,2010-06-30,2010-07-02,2010-07-09,JUL 10,2007-07-02,HEATOIL,2010,7
HOQ10 Comdty,,HOQ10 COMB,USD,42000.000000,0.010000,2010-07-30,2010-08-03,2010-08-07,AUG 10,2007-08-01,HEATOIL,2010,8
HOU10 Comdty,,HOU10 COMB,USD,42000.000000,0.010000,2010-08-31,2010-09-02,2010-09-09,SEP 10,2007-09-04,HEATOIL,2010,9
HOV10 Comdty,,HOV10 COMB,USD,42000.000000,0.010000,2010-09-30,2010-10-04,2010-10-08,OCT 10,2007-10-01,HEATOIL,2010,10
HOX10 Comdty,,HOX10 COMB,USD,42000.000000,0.010000,2010-10-29,2010-11-02,2010-11-06,NOV 10,2007-11-01,HEATOIL,2010,11
QSN27 Comdty,,QSN7,USD,100.000000,0.250000,2027-07-12,2027-07-12,2027-07-16,JUL 27,2020-07-13,GASOIL,2027,7
QSQ27 Comdty,,QSQ7,USD,100.000000,0.250000,2027-08-12,2027-08-12,2027-08-16,AUG 27,2020-08-13,GASOIL,2027,8
QSU27 Comdty,,QSU7,USD,100.000000,0.250000,2027-09-10,2027-09-10,2027-09-16,SEP 27,2020-09-11,GASOIL,2027,9
QSV27 Comdty,,QSV7,USD,100.000000,0.250000,2027-10-12,2027-10-12,2027-10-16,OCT 27,2020-10-13,GASOIL,2027,10
QSX27 Comdty,,QSX7,USD,100.000000,0.250000,2027-11-11,2027-11-11,2027-11-16,NOV 27,2020-11-13,GASOIL,2027,11
QSZ27 Comdty,,QSZ7,USD,100.000000,0.250000,2027-12-10,2027-12-10,2027-12-16,DEC 27,2020-12-11,GASOIL,2027,12
QSF28 Comdty,,QSF8,USD,100.000000,0.250000,2028-01-12,2028-01-12,2028-01-16,JAN 28,2021-01-13,GASOIL,2028,1
QSG28 Comdty,,QSG8,USD,100.000000,0.250000,2028-02-10,2028-02-10,2028-02-16,FEB 28,2021-02-12,GASOIL,2028,2
QSH28 Comdty,,QSH8,USD,100.000000,0.250000,2028-03-10,2028-03-10,2028-03-16,MAR 28,2021-03-12,GASOIL,2028,3
QSJ28 Comdty,,QSJ8,USD,100.000000,0.250000,2028-04-12,2028-04-12,2028-04-16,APR 28,2021-04-13,GASOIL,2028,4
HOV11 Comdty,,HOV11 COMB,USD,42000.000000,0.010000,2011-09-30,2011-10-03,2011-10-08,OCT 11,2008-10-01,HEATOIL,2011,10
HOX11 Comdty,,HOX11 COMB,USD,42000.000000,0.010000,2011-10-31,2011-11-02,2011-11-08,NOV 11,2008-11-03,HEATOIL,2011,11
HOZ11 Comdty,,HOZ11 COMB,USD,42000.000000,0.010000,2011-11-30,2011-12-02,2011-12-08,DEC 11,2008-12-01,HEATOIL,2011,12
HOF12 Comdty,,HOF12 COMB,USD,42000.000000,0.010000,2011-12-30,2012-01-03,2012-01-10,JAN 12,2009-01-02,HEATOIL,2012,1
HOG12 Comdty,,HOG12 COMB,USD,42000.000000,0.010000,2012-01-31,2012-02-02,2012-02-08,FEB 12,2009-02-02,HEATOIL,2012,2
HOH12 Comdty,,HOH12 COMB,USD,42000.000000,0.010000,2012-02-29,2012-03-02,2012-03-08,MAR 12,2009-03-02,HEATOIL,2012,3
HOJ12 Comdty,,HOJ12 COMB,USD,42000.000000,0.010000,2012-03-30,2012-04-02,2012-04-10,APR 12,2009-04-01,HEATOIL,2012,4
HOK12 Comdty,,HOK12 COMB,USD,42000.000000,0.010000,2012-04-30,2012-05-02,2012-05-08,MAY 12,2009-05-01,HEATOIL,2012,5
HOM12 Comdty,,HOM12 COMB,USD,42000.000000,0.010000,2012-05-31,2012-06-04,2012-06-08,JUN 12,2009-06-01,HEATOIL,2012,6
HON12 Comdty,,HON12 COMB,USD,42000.000000,0.010000,2012-06-29,2012-07-03,2012-07-10,JUL 12,2009-07-01,HEATOIL,2012,7
QSU26 Comdty,,QSU6,USD,100.000000,0.250000,2026-09-10,2026-09-10,2026-09-16,SEP 26,2019-09-13,GASOIL,2026,9
QSV26 Comdty,,QSV6,USD,100.000000,0.250000,2026-10-12,2026-10-12,2026-10-16,OCT 26,2019-10-11,GASOIL,2026,10
QSX26 Comdty,,QSX6,USD,100.000000,0.250000,2026-11-12,2026-11-12,2026-11-16,NOV 26,2019-11-13,GASOIL,2026,11
QSZ26 Comdty,,QSZ6,USD,100.000000,0.250000,2026-12-10,2026-12-10,2026-12-16,DEC 26,2019-12-13,GASOIL,2026,12
QSF27 Comdty,,QSF7,USD,100.000000,0.250000,2027-01-12,2027-01-12,2027-01-16,JAN 27,2020-09-11,GASOIL,2027,1
QSG27 Comdty,,QSG7,USD,100.000000,0.250000,2027-02-11,2027-02-11,2027-02-16,FEB 27,2020-10-13,GASOIL,2027,2
QSH27 Comdty,,QSH7,USD,100.000000,0.250000,2027-03-11,2027-03-11,2027-03-16,MAR 27,2020-11-13,GASOIL,2027,3
QSJ27 Comdty,,QSJ7,USD,100.000000,0.250000,2027-04-12,2027-04-12,2027-04-16,APR 27,2020-12-11,GASOIL,2027,4
QSK27 Comdty,,QSK7,USD,100.000000,0.250000,2027-05-12,2027-05-12,2027-05-16,MAY 27,2020-05-13,GASOIL,2027,5
QSM27 Comdty,,QSM7,USD,100.000000,0.250000,2027-06-10,2027-06-10,2027-06-16,JUN 27,2020-06-12,GASOIL,2027,6
QSK28 Comdty,,QSK8,USD,100.000000,0.250000,2028-05-11,2028-05-11,2028-05-16,MAY 28,2021-05-13,GASOIL,2028,5
QSM28 Comdty,,QSM8,USD,100.000000,0.250000,2028-06-12,2028-06-12,2028-06-16,JUN 28,2021-06-11,GASOIL,2028,6
QSN28 Comdty,,QSN8,USD,100.000000,0.250000,2028-07-12,2028-07-12,2028-07-16,JUL 28,2021-07-13,GASOIL,2028,7
QSQ28 Comdty,,QSQ8,USD,100.000000,0.250000,2028-08-10,2028-08-10,2028-08-16,AUG 28,2021-08-13,GASOIL,2028,8
QSU28 Comdty,,QSU8,USD,100.000000,0.250000,2028-09-12,2028-09-12,2028-09-16,SEP 28,2021-09-13,GASOIL,2028,9
QSV28 Comdty,,QSV8,USD,100.000000,0.250000,2028-10-12,2028-10-12,2028-10-16,OCT 28,2021-10-13,GASOIL,2028,10
QSX28 Comdty,,QSX8,USD,100.000000,0.250000,2028-11-10,2028-11-10,2028-11-16,NOV 28,2021-11-12,GASOIL,2028,11
QSZ28 Comdty,,QSZ8,USD,100.000000,0.250000,2028-12-12,2028-12-12,2028-12-16,DEC 28,2021-12-13,GASOIL,2028,12
QSF29 Comdty,,QSF9,USD,100.000000,0.250000,2029-01-11,2029-01-11,2029-01-16,JAN 29,2022-12-11,GASOIL,2029,1
QSG29 Comdty,,QSG9,USD,100.000000,0.250000,2029-02-12,2029-02-12,2029-02-16,FEB 29,2022-12-11,GASOIL,2029,2
HOQ12 Comdty,,HOQ12 COMB,USD,42000.000000,0.010000,2012-07-31,2012-08-02,2012-08-08,AUG 12,2009-08-03,HEATOIL,2012,8
HOU12 Comdty,,HOU12 COMB,USD,42000.000000,0.010000,2012-08-31,2012-09-05,2012-09-11,SEP 12,2010-04-30,HEATOIL,2012,9
HOV12 Comdty,,HOV12 COMB,USD,42000.000000,0.010000,2012-09-28,2012-10-02,2012-10-06,OCT 12,2009-10-01,HEATOIL,2012,10
HOX12 Comdty,,HOX12 COMB,USD,42000.000000,0.010000,2012-10-31,2012-11-04,2012-11-08,NOV 12,2009-11-02,HEATOIL,2012,11
HOZ12 Comdty,,HOZ12 COMB,USD,42000.000000,0.010000,2012-11-30,2012-12-04,2012-12-08,DEC 12,2009-12-01,HEATOIL,2012,12
HOF13 Comdty,,HOF13 COMB,USD,42000.000000,0.010000,2012-12-31,2013-01-03,2013-01-09,JAN 13,2010-01-04,HEATOIL,2013,1
HOG13 Comdty,,HOG13 COMB,USD,42000.000000,0.010000,2013-01-31,2013-02-04,2013-02-08,FEB 13,2011-08-22,HEATOIL,2013,2
HOH13 Comdty,,HOH13 COMB,USD,42000.000000,0.010000,2013-02-28,2013-03-04,2013-03-08,MAR 13,2011-08-22,HEATOIL,2013,3
HOJ13 Comdty,,HOJ13 COMB,USD,42000.000000,0.010000,2013-03-28,2013-04-02,2013-04-06,APR 13,2011-08-22,HEATOIL,2013,4
HOK13 Comdty,,HOK13 COMB,USD,42000.000000,0.010000,2013-04-30,2013-05-02,2013-05-08,MAY 13,2012-04-30,HEATOIL,2013,5
HOJ09 Comdty,,HOJ09 COMB,USD,42000.000000,0.010000,2009-03-31,2009-04-02,2009-04-08,APR 09,2007-04-17,HEATOIL,2009,4
HOK09 Comdty,,HOK09 COMB,USD,42000.000000,0.010000,2009-04-30,2009-05-04,2009-05-08,MAY 09,2007-04-17,HEATOIL,2009,5
HOM09 Comdty,,HOM09 COMB,USD,42000.000000,0.010000,2009-05-29,2009-06-02,2009-06-06,JUN 09,2007-04-02,HEATOIL,2009,6
HON09 Comdty,,HON09 COMB,USD,42000.000000,0.010000,2009-06-30,2009-07-02,2009-07-09,JUL 09,2007-04-17,HEATOIL,2009,7
HOQ09 Comdty,,HOQ09 COMB,USD,42000.000000,0.010000,2009-07-31,2009-08-04,2009-08-08,AUG 09,2007-04-17,HEATOIL,2009,8
HOU09 Comdty,,HOU09 COMB,USD,42000.000000,0.010000,2009-08-31,2009-09-02,2009-09-09,SEP 09,2007-04-17,HEATOIL,2009,9
HOV09 Comdty,,HOV09 COMB,USD,42000.000000,0.010000,2009-09-30,2009-10-02,2009-10-08,OCT 09,2007-04-17,HEATOIL,2009,10
HOX09 Comdty,,HOX09 COMB,USD,42000.000000,0.010000,2009-10-30,2009-11-03,2009-11-07,NOV 09,2007-04-17,HEATOIL,2009,11
HOZ09 Comdty,,HOZ09 COMB,USD,42000.000000,0.010000,2009-11-30,2009-12-02,2009-12-08,DEC 09,2007-04-17,HEATOIL,2009,12
HOF10 Comdty,,HOF10 COMB,USD,42000.000000,0.010000,2009-12-31,2010-01-05,2010-01-09,JAN 10,2007-04-17,HEATOIL,2010,1
HOZ10 Comdty,,HOZ10 COMB,USD,42000.000000,0.010000,2010-11-30,2010-12-02,2010-12-08,DEC 10,2007-12-03,HEATOIL,2010,12
HOF11 Comdty,,HOF11 COMB,USD,42000.000000,0.010000,2010-12-31,2011-01-04,2011-01-08,JAN 11,2008-01-02,HEATOIL,2011,1
HOG11 Comdty,,HOG11 COMB,USD,42000.000000,0.010000,2011-01-31,2011-02-02,2011-02-08,FEB 11,2008-02-01,HEATOIL,2011,2
HOH11 Comdty,,HOH11 COMB,USD,42000.000000,0.010000,2011-02-28,2011-03-02,2011-03-08,MAR 11,2008-03-03,HEATOIL,2011,3
HOJ11 Comdty,,HOJ11 COMB,USD,42000.000000,0.010000,2011-03-31,2011-04-04,2011-04-08,APR 11,2008-04-01,HEATOIL,2011,4
HOK11 Comdty,,HOK11 COMB,USD,42000.000000,0.010000,2011-04-29,2011-05-03,2011-05-07,MAY 11,2008-05-01,HEATOIL,2011,5
HOM11 Comdty,,HOM11 COMB,USD,42000.000000,0.010000,2011-05-31,2011-06-02,2011-06-08,JUN 11,2008-06-02,HEATOIL,2011,6
HON11 Comdty,,HON11 COMB,USD,42000.000000,0.010000,2011-06-30,2011-07-05,2011-07-09,JUL 11,2008-07-01,HEATOIL,2011,7
HOQ11 Comdty,,HOQ11 COMB,USD,42000.000000,0.010000,2011-07-29,2011-08-02,2011-08-06,AUG 11,2008-08-01,HEATOIL,2011,8
HOU11 Comdty,,HOU11 COMB,USD,42000.000000,0.010000,2011-08-31,2011-09-02,2011-09-09,SEP 11,2008-09-02,HEATOIL,2011,9
QSH29 Comdty,,QSH9,USD,100.000000,0.250000,2029-03-12,2029-03-12,2029-03-16,MAR 29,2022-12-11,GASOIL,2029,3
QSJ29 Comdty,,QSJ9,USD,100.000000,0.250000,2029-04-12,2029-04-12,2029-04-16,APR 29,2022-12-11,GASOIL,2029,4
QSK29 Comdty,,QSK9,USD,100.000000,0.250000,2029-05-10,2029-05-10,2029-05-16,MAY 29,2022-12-11,GASOIL,2029,5
QSM29 Comdty,,QSM9,USD,100.000000,0.250000,2029-06-12,2029-06-12,2029-06-16,JUN 29,2022-12-11,GASOIL,2029,6
QSN29 Comdty,,QSN9,USD,100.000000,0.250000,2029-07-12,2029-07-12,2029-07-16,JUL 29,2022-12-11,GASOIL,2029,7
QSQ29 Comdty,,QSQ9,USD,100.000000,0.250000,2029-08-10,2029-08-10,2029-08-16,AUG 29,2022-12-11,GASOIL,2029,8
QSU29 Comdty,,QSU9,USD,100.000000,0.250000,2029-09-12,2029-09-12,2029-09-16,SEP 29,2022-12-11,GASOIL,2029,9
HOF09 Comdty,,HOF09 COMB,USD,42000.000000,0.010000,2008-12-31,2009-01-05,2009-01-09,JAN 09,2007-04-02,HEATOIL,2009,1
HOG09 Comdty,,HOG09 COMB,USD,42000.000000,0.010000,2009-01-30,2009-02-03,2009-02-07,FEB 09,2007-04-02,HEATOIL,2009,2
HOH09 Comdty,,HOH09 COMB,USD,42000.000000,0.010000,2009-02-27,2009-03-03,2009-03-07,MAR 09,2007-04-17,HEATOIL,2009,3
HOM18 Comdty,,HOM18 COMB,USD,42000.000000,0.010000,2018-05-31,2018-06-04,2018-06-08,JUN 18,2014-12-01,HEATOIL,2018,6
HON18 Comdty,,HON18 COMB,USD,42000.000000,0.010000,2018-06-29,2018-07-03,2018-07-10,JUL 18,2014-12-01,HEATOIL,2018,7
HOQ18 Comdty,,HOQ18 COMB,USD,42000.000000,0.010000,2018-07-31,2018-08-02,2018-08-08,AUG 18,2014-12-01,HEATOIL,2018,8
HOU18 Comdty,,HOU18 COMB,USD,42000.000000,0.010000,2018-08-31,2018-09-05,2018-09-11,SEP 18,2014-12-01,HEATOIL,2018,9
HOV18 Comdty,,HOV18 COMB,USD,42000.000000,0.010000,2018-09-28,2018-10-02,2018-10-06,OCT 18,2014-12-01,HEATOIL,2018,10
HOX18 Comdty,,HOX18 COMB,USD,42000.000000,0.010000,2018-10-31,2018-11-02,2018-11-08,NOV 18,2014-12-01,HEATOIL,2018,11
HOZ18 Comdty,,HOZ18 COMB,USD,42000.000000,0.010000,2018-11-30,2018-12-04,2018-12-08,DEC 18,2014-12-01,HEATOIL,2018,12
HOF19 Comdty,,HOF19 COMB,USD,42000.000000,0.010000,2018-12-31,2019-01-03,2019-01-09,JAN 19,2014-12-01,HEATOIL,2019,1
HOG19 Comdty,,HOG19 COMB,USD,42000.000000,0.010000,2019-01-31,2019-02-04,2019-02-08,FEB 19,2015-12-01,HEATOIL,2019,2
HOH19 Comdty,,HOH19 COMB,USD,42000.000000,0.010000,2019-02-28,2019-03-04,2019-03-08,MAR 19,2015-12-01,HEATOIL,2019,3
HOJ19 Comdty,,HOJ19 COMB,USD,42000.000000,0.010000,2019-03-29,2019-04-02,2019-04-06,APR 19,2015-12-01,HEATOIL,2019,4
HOK19 Comdty,,HOK19 COMB,USD,42000.000000,0.010000,2019-04-30,2019-05-02,2019-05-08,MAY 19,2015-12-01,HEATOIL,2019,5
HOM19 Comdty,,HOM19 COMB,USD,42000.000000,0.010000,2019-05-31,2019-06-04,2019-06-08,JUN 19,2015-12-01,HEATOIL,2019,6
HON19 Comdty,,HON19 COMB,USD,42000.000000,0.010000,2019-06-28,2019-07-02,2019-07-09,JUL 19,2015-12-01,HEATOIL,2019,7
HOQ19 Comdty,,HOQ19 COMB,USD,42000.000000,0.010000,2019-07-31,2019-08-02,2019-08-08,AUG 19,2015-12-01,HEATOIL,2019,8
HOU19 Comdty,,HOU19 COMB,USD,42000.000000,0.010000,2019-08-30,2019-09-04,2019-09-10,SEP 19,2015-12-01,HEATOIL,2019,9
HOV19 Comdty,,HOV19 COMB,USD,42000.000000,0.010000,2019-09-30,2019-10-02,2019-10-08,OCT 19,2015-12-01,HEATOIL,2019,10
HOX19 Comdty,,HOX19 COMB,USD,42000.000000,0.010000,2019-10-31,2019-11-04,2019-11-08,NOV 19,2015-12-01,HEATOIL,2019,11
HOZ19 Comdty,,HOZ19 COMB,USD,42000.000000,0.010000,2019-11-29,2019-12-03,2019-12-07,DEC 19,2015-12-01,HEATOIL,2019,12
HOF20 Comdty,,HOF20 COMB,USD,42000.000000,0.010000,2019-12-31,2020-01-03,2020-01-09,JAN 20,2015-12-01,HEATOIL,2020,1
HOV16 Comdty,,HOV16 COMB,USD,42000.000000,0.010000,2016-09-30,2016-10-04,2016-10-08,OCT 16,2012-12-03,HEATOIL,2016,10
HOX16 Comdty,,HOX16 COMB,USD,42000.000000,0.010000,2016-10-31,2016-11-02,2016-11-08,NOV 16,2012-12-03,HEATOIL,2016,11
HOZ16 Comdty,,HOZ16 COMB,USD,42000.000000,0.010000,2016-11-30,2016-12-02,2016-12-08,DEC 16,2012-12-03,HEATOIL,2016,12
HOF17 Comdty,,HOF17 COMB,USD,42000.000000,0.010000,2016-12-30,2017-01-04,2017-01-10,JAN 17,2012-12-03,HEATOIL,2017,1
HOG17 Comdty,,HOG17 COMB,USD,42000.000000,0.010000,2017-01-31,2017-02-02,2017-02-08,FEB 17,2013-12-02,HEATOIL,2017,2
HOH17 Comdty,,HOH17 COMB,USD,42000.000000,0.010000,2017-02-28,2017-03-02,2017-03-08,MAR 17,2013-12-02,HEATOIL,2017,3
HOJ17 Comdty,,HOJ17 COMB,USD,42000.000000,0.010000,2017-03-31,2017-04-04,2017-04-08,APR 17,2013-12-02,HEATOIL,2017,4
HOK17 Comdty,,HOK17 COMB,USD,42000.000000,0.010000,2017-04-28,2017-05-02,2017-05-06,MAY 17,2013-12-02,HEATOIL,2017,5
HOM17 Comdty,,HOM17 COMB,USD,42000.000000,0.010000,2017-05-31,2017-06-02,2017-06-08,JUN 17,2013-12-02,HEATOIL,2017,6
HON17 Comdty,,HON17 COMB,USD,42000.000000,0.010000,2017-06-30,2017-07-05,2017-07-11,JUL 17,2013-12-02,HEATOIL,2017,7
HOZ20 Comdty,,HOZ20 COMB,USD,42000.000000,0.010000,2020-11-30,2020-12-02,2020-12-08,DEC 20,2016-12-01,HEATOIL,2020,12
HOF21 Comdty,,HOF21 COMB,USD,42000.000000,0.010000,2020-12-31,2021-01-05,2021-01-09,JAN 21,2016-12-01,HEATOIL,2021,1
HOG21 Comdty,,HOG21 COMB,USD,42000.000000,0.010000,2021-01-29,2021-02-02,2021-02-06,FEB 21,2017-12-01,HEATOIL,2021,2
HOH21 Comdty,,HOH21 COMB,USD,42000.000000,0.010000,2021-02-26,2021-03-02,2021-03-06,MAR 21,2017-12-01,HEATOIL,2021,3
HOJ21 Comdty,,HOJ21 COMB,USD,42000.000000,0.010000,2021-03-31,2021-04-05,2021-04-09,APR 21,2017-12-01,HEATOIL,2021,4
HOK21 Comdty,,HOK21 COMB,USD,42000.000000,0.010000,2021-04-30,2021-05-04,2021-05-08,MAY 21,2017-12-01,HEATOIL,2021,5
HOM21 Comdty,,HOM21 COMB,USD,42000.000000,0.010000,2021-05-28,2021-06-02,2021-06-08,JUN 21,2017-12-01,HEATOIL,2021,6
HON21 Comdty,,HON21 COMB,USD,42000.000000,0.010000,2021-06-30,2021-07-02,2021-07-09,JUL 21,2017-12-01,HEATOIL,2021,7
HOQ21 Comdty,,HOQ21 COMB,USD,42000.000000,0.010000,2021-07-30,2021-08-03,2021-08-07,AUG 21,2017-12-01,HEATOIL,2021,8
HOU21 Comdty,,HOU21 COMB,USD,42000.000000,0.010000,2021-08-31,2021-09-02,2021-09-09,SEP 21,2017-12-01,HEATOIL,2021,9
HOG20 Comdty,,HOG20 COMB,USD,42000.000000,0.010000,2020-01-31,2020-02-04,2020-02-08,FEB 20,2016-12-01,HEATOIL,2020,2
HOH20 Comdty,,HOH20 COMB,USD,42000.000000,0.010000,2020-02-28,2020-03-03,2020-03-07,MAR 20,2016-12-01,HEATOIL,2020,3
HOJ20 Comdty,,HOJ20 COMB,USD,42000.000000,0.010000,2020-03-31,2020-04-02,2020-04-08,APR 20,2016-12-01,HEATOIL,2020,4
HOK20 Comdty,,HOK20 COMB,USD,42000.000000,0.010000,2020-04-30,2020-05-04,2020-05-08,MAY 20,2016-12-01,HEATOIL,2020,5
HOM20 Comdty,,HOM20 COMB,USD,42000.000000,0.010000,2020-05-29,2020-06-02,2020-06-06,JUN 20,2016-12-01,HEATOIL,2020,6
HON20 Comdty,,HON20 COMB,USD,42000.000000,0.010000,2020-06-30,2020-07-02,2020-07-09,JUL 20,2016-12-01,HEATOIL,2020,7
HOQ20 Comdty,,HOQ20 COMB,USD,42000.000000,0.010000,2020-07-31,2020-08-04,2020-08-08,AUG 20,2016-12-01,HEATOIL,2020,8
HOU20 Comdty,,HOU20 COMB,USD,42000.000000,0.010000,2020-08-31,2020-09-02,2020-09-09,SEP 20,2016-12-01,HEATOIL,2020,9
HOV20 Comdty,,HOV20 COMB,USD,42000.000000,0.010000,2020-09-30,2020-10-02,2020-10-08,OCT 20,2016-12-01,HEATOIL,2020,10
HOX20 Comdty,,HOX20 COMB,USD,42000.000000,0.010000,2020-10-30,2020-11-03,2020-11-07,NOV 20,2016-12-01,HEATOIL,2020,11
HOM13 Comdty,,HOM13 COMB,USD,42000.000000,0.010000,2013-05-31,2013-06-04,2013-06-08,JUN 13,2012-04-29,HEATOIL,2013,6
HON13 Comdty,,HON13 COMB,USD,42000.000000,0.010000,2013-06-28,2013-07-02,2013-07-09,JUL 13,2012-04-29,HEATOIL,2013,7
HOQ13 Comdty,,HOQ13 COMB,USD,42000.000000,0.010000,2013-07-31,2013-08-02,2013-08-08,AUG 13,2012-04-29,HEATOIL,2013,8
HOU13 Comdty,,HOU13 COMB,USD,42000.000000,0.010000,2013-08-30,2013-09-04,2013-09-10,SEP 13,2012-04-29,HEATOIL,2013,9
HOV13 Comdty,,HOV13 COMB,USD,42000.000000,0.010000,2013-09-30,2013-10-02,2013-10-08,OCT 13,2012-04-29,HEATOIL,2013,10
HOX13 Comdty,,HOX13 COMB,USD,42000.000000,0.010000,2013-10-31,2013-11-04,2013-11-08,NOV 13,2012-04-29,HEATOIL,2013,11
HOZ13 Comdty,,HOZ13 COMB,USD,42000.000000,0.010000,2013-11-29,2013-12-03,2013-12-07,DEC 13,2012-04-29,HEATOIL,2013,12
HOF14 Comdty,,HOF14 COMB,USD,42000.000000,0.010000,2013-12-31,2014-01-03,2014-01-09,JAN 14,2012-04-29,HEATOIL,2014,1
HOG14 Comdty,,HOG14 COMB,USD,42000.000000,0.010000,2014-01-31,2014-02-04,2014-02-08,FEB 14,2012-04-29,HEATOIL,2014,2
HOH14 Comdty,,HOH14 COMB,USD,42000.000000,0.010000,2014-02-28,2014-03-04,2014-03-08,MAR 14,2012-04-29,HEATOIL,2014,3
HOJ14 Comdty,,HOJ14 COMB,USD,42000.000000,0.010000,2014-03-31,2014-04-02,2014-04-08,APR 14,2012-04-29,HEATOIL,2014,4
HOK14 Comdty,,HOK14 COMB,USD,42000.000000,0.010000,2014-04-30,2014-05-02,2014-05-08,MAY 14,2012-04-29,HEATOIL,2014,5
HOM14 Comdty,,HOM14 COMB,USD,42000.000000,0.010000,2014-05-30,2014-06-03,2014-06-07,JUN 14,2012-04-29,HEATOIL,2014,6
HON14 Comdty,,HON14 COMB,USD,42000.000000,0.010000,2014-06-30,2014-07-02,2014-07-09,JUL 14,2012-04-29,HEATOIL,2014,7
HOQ14 Comdty,,HOQ14 COMB,USD,42000.000000,0.010000,2014-07-31,2014-08-04,2014-08-08,AUG 14,2012-04-29,HEATOIL,2014,8
HOU14 Comdty,,HOU14 COMB,USD,42000.000000,0.010000,2014-08-29,2014-09-03,2014-09-09,SEP 14,2012-04-29,HEATOIL,2014,9
HOV14 Comdty,,HOV14 COMB,USD,42000.000000,0.010000,2014-09-30,2014-10-02,2014-10-08,OCT 14,2012-04-29,HEATOIL,2014,10
HOX14 Comdty,,HOX14 COMB,USD,42000.000000,0.010000,2014-10-31,2014-11-04,2014-11-08,NOV 14,2012-04-30,HEATOIL,2014,11
HOZ14 Comdty,,HOZ14 COMB,USD,42000.000000,0.010000,2014-11-28,2014-12-02,2014-12-06,DEC 14,2012-04-30,HEATOIL,2014,12
HOF15 Comdty,,HOF15 COMB,USD,42000.000000,0.010000,2014-12-31,2015-01-05,2015-01-09,JAN 15,2012-04-30,HEATOIL,2015,1
HOG15 Comdty,,HOG15 COMB,USD,42000.000000,0.010000,2015-01-30,2015-02-03,2015-02-07,FEB 15,2012-04-30,HEATOIL,2015,2
HOH15 Comdty,,HOH15 COMB,USD,42000.000000,0.010000,2015-02-27,2015-03-03,2015-03-07,MAR 15,2012-04-30,HEATOIL,2015,3
HOJ15 Comdty,,HOJ15 COMB,USD,42000.000000,0.010000,2015-03-31,2015-04-02,2015-04-09,APR 15,2012-04-30,HEATOIL,2015,4
HOK15 Comdty,,HOK15 COMB,USD,42000.000000,0.010000,2015-04-30,2015-05-04,2015-05-08,MAY 15,2012-04-30,HEATOIL,2015,5
HOM15 Comdty,,HOM15 COMB,USD,42000.000000,0.010000,2015-05-29,2015-06-02,2015-06-06,JUN 15,2012-04-30,HEATOIL,2015,6
HON15 Comdty,,HON15 COMB,USD,42000.000000,0.010000,2015-06-30,2015-07-02,2015-07-09,JUL 15,2012-04-30,HEATOIL,2015,7
HOQ15 Comdty,,HOQ15 COMB,USD,42000.000000,0.010000,2015-07-31,2015-08-04,2015-08-08,AUG 15,2012-04-30,HEATOIL,2015,8
HOU15 Comdty,,HOU15 COMB,USD,42000.000000,0.010000,2015-08-31,2015-09-02,2015-09-09,SEP 15,2012-04-30,HEATOIL,2015,9
HOV15 Comdty,,HOV15 COMB,USD,42000.000000,0.010000,2015-09-30,2015-10-02,2015-10-08,OCT 15,2012-04-30,HEATOIL,2015,10
HOX15 Comdty,,HOX15 COMB,USD,42000.000000,0.010000,2015-10-30,2015-11-03,2015-11-07,NOV 15,2012-04-30,HEATOIL,2015,11
HOZ15 Comdty,,HOZ15 COMB,USD,42000.000000,0.010000,2015-11-30,2015-12-02,2015-12-08,DEC 15,2012-04-30,HEATOIL,2015,12
HOF16 Comdty,,HOF16 COMB,USD,42000.000000,0.010000,2015-12-31,2016-01-05,2016-01-09,JAN 16,2012-04-30,HEATOIL,2016,1
HOG16 Comdty,,HOG16 COMB,USD,42000.000000,0.010000,2016-01-29,2016-02-02,2016-02-06,FEB 16,2012-12-03,HEATOIL,2016,2
HOH16 Comdty,,HOH16 COMB,USD,42000.000000,0.010000,2016-02-29,2016-03-02,2016-03-08,MAR 16,2012-12-03,HEATOIL,2016,3
HOJ16 Comdty,,HOJ16 COMB,USD,42000.000000,0.010000,2016-03-31,2016-04-04,2016-04-08,APR 16,2012-12-03,HEATOIL,2016,4
HOK16 Comdty,,HOK16 COMB,USD,42000.000000,0.010000,2016-04-29,2016-05-03,2016-05-07,MAY 16,2012-12-03,HEATOIL,2016,5
HOM16 Comdty,,HOM16 COMB,USD,42000.000000,0.010000,2016-05-31,2016-06-02,2016-06-08,JUN 16,2012-12-03,HEATOIL,2016,6
HON16 Comdty,,HON16 COMB,USD,42000.000000,0.010000,2016-06-30,2016-07-05,2016-07-09,JUL 16,2012-12-03,HEATOIL,2016,7
HOQ16 Comdty,,HOQ16 COMB,USD,42000.000000,0.010000,2016-07-29,2016-08-02,2016-08-06,AUG 16,2012-12-03,HEATOIL,2016,8
HOU16 Comdty,,HOU16 COMB,USD,42000.000000,0.010000,2016-08-31,2016-09-02,2016-09-09,SEP 16,2012-12-03,HEATOIL,2016,9
HOQ17 Comdty,,HOQ17 COMB,USD,42000.000000,0.010000,2017-07-31,2017-08-02,2017-08-08,AUG 17,2013-12-02,HEATOIL,2017,8
HOU17 Comdty,,HOU17 COMB,USD,42000.000000,0.010000,2017-08-31,2017-09-05,2017-09-09,SEP 17,2013-12-02,HEATOIL,2017,9
HOV17 Comdty,,HOV17 COMB,USD,42000.000000,0.010000,2017-09-29,2017-10-03,2017-10-07,OCT 17,2013-12-02,HEATOIL,2017,10
HOX17 Comdty,,HOX17 COMB,USD,42000.000000,0.010000,2017-10-31,2017-11-02,2017-11-08,NOV 17,2013-12-02,HEATOIL,2017,11
HOZ17 Comdty,,HOZ17 COMB,USD,42000.000000,0.010000,2017-11-30,2017-12-04,2017-12-08,DEC 17,2013-12-02,HEATOIL,2017,12
HOF18 Comdty,,HOF18 COMB,USD,42000.000000,0.010000,2017-12-29,2018-01-03,2018-01-09,JAN 18,2013-12-02,HEATOIL,2018,1
HOG18 Comdty,,HOG18 COMB,USD,42000.000000,0.010000,2018-01-31,2018-02-02,2018-02-08,FEB 18,2014-12-01,HEATOIL,2018,2
HOH18 Comdty,,HOH18 COMB,USD,42000.000000,0.010000,2018-02-28,2018-03-02,2018-03-08,MAR 18,2014-12-01,HEATOIL,2018,3
HOJ18 Comdty,,HOJ18 COMB,USD,42000.000000,0.010000,2018-03-29,2018-04-03,2018-04-07,APR 18,2014-12-01,HEATOIL,2018,4
HOK18 Comdty,,HOK18 COMB,USD,42000.000000,0.010000,2018-04-30,2018-05-02,2018-05-08,MAY 18,2014-12-01,HEATOIL,2018,5
HOJ29 Comdty,,HOJ9 COMB,USD,42000.000000,0.010000,2029-03-29,2029-04-03,2029-04-07,APR 29,2025-12-01,HEATOIL,2029,4
HOK29 Comdty,,HOK9 COMB,USD,42000.000000,0.010000,2029-04-30,2029-05-02,2029-05-08,MAY 29,2025-12-01,HEATOIL,2029,5
HOM29 Comdty,,HOM9 COMB,USD,42000.000000,0.010000,2029-05-31,2029-06-04,2029-06-08,JUN 29,2025-12-01,HEATOIL,2029,6
HON29 Comdty,,HON9 COMB,USD,42000.000000,0.010000,2029-06-29,2029-07-03,2029-07-10,JUL 29,2025-12-01,HEATOIL,2029,7
HOQ29 Comdty,,HOQ9 COMB,USD,42000.000000,0.010000,2029-07-31,2029-08-02,2029-08-08,AUG 29,2025-12-01,HEATOIL,2029,8
HOU29 Comdty,,HOU9 COMB,USD,42000.000000,0.010000,2029-08-31,2029-09-05,2029-09-11,SEP 29,2025-12-01,HEATOIL,2029,9
XBF09 Comdty,,XBF09 COMB,USD,42000.000000,0.010000,2008-12-31,2009-01-05,2009-01-09,JAN 09,2007-02-11,RBOB,2009,1
XBG09 Comdty,,XBG09 COMB,USD,42000.000000,0.010000,2009-01-30,2009-02-03,2009-02-07,FEB 09,2007-02-11,RBOB,2009,2
XBH09 Comdty,,XBH09 COMB,USD,42000.000000,0.010000,2009-02-27,2009-03-03,2009-03-07,MAR 09,2007-02-11,RBOB,2009,3
XBJ09 Comdty,,XBJ09 COMB,USD,42000.000000,0.010000,2009-03-31,2009-04-02,2009-04-08,APR 09,2007-02-11,RBOB,2009,4
HOG25 Comdty,,HOG25 COMB,USD,42000.000000,0.010000,2025-01-31,2025-02-04,2025-02-08,FEB 25,2021-12-01,HEATOIL,2025,2
HOH25 Comdty,,HOH25 COMB,USD,42000.000000,0.010000,2025-02-28,2025-03-04,2025-03-08,MAR 25,2021-12-01,HEATOIL,2025,3
HOJ25 Comdty,,HOJ25 COMB,USD,42000.000000,0.010000,2025-03-31,2025-04-02,2025-04-08,APR 25,2021-12-01,HEATOIL,2025,4
HOK25 Comdty,,HOK25 COMB,USD,42000.000000,0.010000,2025-04-30,2025-05-02,2025-05-08,MAY 25,2021-12-01,HEATOIL,2025,5
HOM25 Comdty,,HOM25 COMB,USD,42000.000000,0.010000,2025-05-30,2025-06-03,2025-06-07,JUN 25,2021-12-01,HEATOIL,2025,6
HON25 Comdty,,HON25 COMB,USD,42000.000000,0.010000,2025-06-30,2025-07-02,2025-07-09,JUL 25,2021-12-01,HEATOIL,2025,7
HOQ25 Comdty,,HOQ25 COMB,USD,42000.000000,0.010000,2025-07-31,2025-08-04,2025-08-08,AUG 25,2021-12-01,HEATOIL,2025,8
HOU25 Comdty,,HOU25 COMB,USD,42000.000000,0.010000,2025-08-29,2025-09-03,2025-09-09,SEP 25,2021-12-01,HEATOIL,2025,9
HOV25 Comdty,,HOV25 COMB,USD,42000.000000,0.010000,2025-09-30,2025-10-02,2025-10-08,OCT 25,2021-12-01,HEATOIL,2025,10
HOX25 Comdty,,HOX5 COMB,USD,42000.000000,0.010000,2025-10-31,2025-11-04,2025-11-08,NOV 25,2021-12-01,HEATOIL,2025,11
HOV26 Comdty,,HOV6 COMB,USD,42000.000000,0.010000,2026-09-30,2026-10-02,2026-10-08,OCT 26,2022-12-01,HEATOIL,2026,10
HOX26 Comdty,,HOX6 COMB,USD,42000.000000,0.010000,2026-10-30,2026-11-03,2026-11-07,NOV 26,2022-12-01,HEATOIL,2026,11
HOZ26 Comdty,,HOZ6 COMB,USD,42000.000000,0.010000,2026-11-30,2026-12-02,2026-12-08,DEC 26,2022-12-01,HEATOIL,2026,12
HOF27 Comdty,,HOF7 COMB,USD,42000.000000,0.010000,2026-12-31,2027-01-05,2027-01-09,JAN 27,2022-12-01,HEATOIL,2027,1
HOG27 Comdty,,HOG7 COMB,USD,42000.000000,0.010000,2027-01-29,2027-02-02,2027-02-06,FEB 27,2023-12-01,HEATOIL,2027,2
HOH27 Comdty,,HOH7 COMB,USD,42000.000000,0.010000,2027-02-26,2027-03-02,2027-03-06,MAR 27,2023-12-01,HEATOIL,2027,3
HOJ27 Comdty,,HOJ7 COMB,USD,42000.000000,0.010000,2027-03-31,2027-04-02,2027-04-08,APR 27,2023-12-01,HEATOIL,2027,4
HOK27 Comdty,,HOK7 COMB,USD,42000.000000,0.010000,2027-04-30,2027-05-04,2027-05-08,MAY 27,2023-12-01,HEATOIL,2027,5
HOM27 Comdty,,HOM7 COMB,USD,42000.000000,0.010000,2027-05-28,2027-06-02,2027-06-08,JUN 27,2023-12-01,HEATOIL,2027,6
HON27 Comdty,,HON7 COMB,USD,42000.000000,0.010000,2027-06-30,2027-07-02,2027-07-09,JUL 27,2023-12-01,HEATOIL,2027,7
HOJ24 Comdty,,HOJ24 COMB,USD,42000.000000,0.010000,2024-03-28,2024-04-02,2024-04-06,APR 24,2020-12-01,HEATOIL,2024,4
HOK24 Comdty,,HOK24 COMB,USD,42000.000000,0.010000,2024-04-30,2024-05-02,2024-05-08,MAY 24,2020-12-01,HEATOIL,2024,5
HOM24 Comdty,,HOM24 COMB,USD,42000.000000,0.010000,2024-05-31,2024-06-04,2024-06-08,JUN 24,2020-12-01,HEATOIL,2024,6
HON24 Comdty,,HON24 COMB,USD,42000.000000,0.010000,2024-06-28,2024-07-02,2024-07-09,JUL 24,2020-12-01,HEATOIL,2024,7
HOQ24 Comdty,,HOQ24 COMB,USD,42000.000000,0.010000,2024-07-31,2024-08-02,2024-08-08,AUG 24,2020-12-01,HEATOIL,2024,8
HOU24 Comdty,,HOU24 COMB,USD,42000.000000,0.010000,2024-08-30,2024-09-04,2024-09-10,SEP 24,2020-12-01,HEATOIL,2024,9
HOV24 Comdty,,HOV24 COMB,USD,42000.000000,0.010000,2024-09-30,2024-10-02,2024-10-08,OCT 24,2020-12-01,HEATOIL,2024,10
HOX24 Comdty,,HOX24 COMB,USD,42000.000000,0.010000,2024-10-31,2024-11-04,2024-11-08,NOV 24,2020-12-01,HEATOIL,2024,11
HOZ24 Comdty,,HOZ24 COMB,USD,42000.000000,0.010000,2024-11-29,2024-12-03,2024-12-07,DEC 24,2020-12-01,HEATOIL,2024,12
HOF25 Comdty,,HOF25 COMB,USD,42000.000000,0.010000,2024-12-31,2025-01-03,2025-01-09,JAN 25,2020-12-01,HEATOIL,2025,1
HOQ22 Comdty,,HOQ22 COMB,USD,42000.000000,0.010000,2022-07-29,2022-08-02,2022-08-06,AUG 22,2018-12-03,HEATOIL,2022,8
HOU22 Comdty,,HOU22 COMB,USD,42000.000000,0.010000,2022-08-31,2022-09-02,2022-09-09,SEP 22,2018-12-03,HEATOIL,2022,9
HOV22 Comdty,,HOV22 COMB,USD,42000.000000,0.010000,2022-09-30,2022-10-04,2022-10-08,OCT 22,2018-12-03,HEATOIL,2022,10
HOX22 Comdty,,HOX22 COMB,USD,42000.000000,0.010000,2022-10-31,2022-11-02,2022-11-08,NOV 22,2018-12-03,HEATOIL,2022,11
HOZ22 Comdty,,HOZ22 COMB,USD,42000.000000,0.010000,2022-11-30,2022-12-02,2022-12-08,DEC 22,2018-12-03,HEATOIL,2022,12
HOF23 Comdty,,HOF23 COMB,USD,42000.000000,0.010000,2022-12-30,2023-01-04,2023-01-10,JAN 23,2018-12-03,HEATOIL,2023,1
HOG23 Comdty,,HOG23 COMB,USD,42000.000000,0.010000,2023-01-31,2023-02-02,2023-02-08,FEB 23,2019-12-02,HEATOIL,2023,2
HOH23 Comdty,,HOH23 COMB,USD,42000.000000,0.010000,2023-02-28,2023-03-02,2023-03-08,MAR 23,2019-12-02,HEATOIL,2023,3
HOJ23 Comdty,,HOJ23 COMB,USD,42000.000000,0.010000,2023-03-31,2023-04-04,2023-04-11,APR 23,2019-12-02,HEATOIL,2023,4
HOK23 Comdty,,HOK23 COMB,USD,42000.000000,0.010000,2023-04-28,2023-05-02,2023-05-06,MAY 23,2019-12-02,HEATOIL,2023,5
HOV21 Comdty,,HOV21 COMB,USD,42000.000000,0.010000,2021-09-30,2021-10-04,2021-10-08,OCT 21,2017-12-01,HEATOIL,2021,10
HOX21 Comdty,,HOX21 COMB,USD,42000.000000,0.010000,2021-10-29,2021-11-02,2021-11-06,NOV 21,2017-12-01,HEATOIL,2021,11
HOZ21 Comdty,,HOZ21 COMB,USD,42000.000000,0.010000,2021-11-30,2021-12-02,2021-12-08,DEC 21,2017-12-01,HEATOIL,2021,12
HOF22 Comdty,,HOF22 COMB,USD,42000.000000,0.010000,2021-12-31,2022-01-04,2022-01-08,JAN 22,2017-12-01,HEATOIL,2022,1
HOG22 Comdty,,HOG22 COMB,USD,42000.000000,0.010000,2022-01-31,2022-02-02,2022-02-08,FEB 22,2018-12-03,HEATOIL,2022,2
HOH22 Comdty,,HOH22 COMB,USD,42000.000000,0.010000,2022-02-28,2022-03-02,2022-03-08,MAR 22,2018-12-03,HEATOIL,2022,3
HOJ22 Comdty,,HOJ22 COMB,USD,42000.000000,0.010000,2022-03-31,2022-04-04,2022-04-08,APR 22,2018-12-03,HEATOIL,2022,4
HOK22 Comdty,,HOK22 COMB,USD,42000.000000,0.010000,2022-04-29,2022-05-03,2022-05-07,MAY 22,2018-12-03,HEATOIL,2022,5
HOM22 Comdty,,HOM22 COMB,USD,42000.000000,0.010000,2022-05-31,2022-06-02,2022-06-08,JUN 22,2018-12-03,HEATOIL,2022,6
HON22 Comdty,,HON22 COMB,USD,42000.000000,0.010000,2022-06-30,2022-07-05,2022-07-09,JUL 22,2018-12-03,HEATOIL,2022,7
HOM23 Comdty,,HOM23 COMB,USD,42000.000000,0.010000,2023-05-31,2023-06-02,2023-06-08,JUN 23,2019-12-02,HEATOIL,2023,6
HON23 Comdty,,HON23 COMB,USD,42000.000000,0.010000,2023-06-30,2023-07-05,2023-07-11,JUL 23,2019-12-02,HEATOIL,2023,7
HOQ23 Comdty,,HOQ23 COMB,USD,42000.000000,0.010000,2023-07-31,2023-08-02,2023-08-08,AUG 23,2019-12-02,HEATOIL,2023,8
HOU23 Comdty,,HOU23 COMB,USD,42000.000000,0.010000,2023-08-31,2023-09-05,2023-09-09,SEP 23,2019-12-02,HEATOIL,2023,9
HOV23 Comdty,,HOV23 COMB,USD,42000.000000,0.010000,2023-09-29,2023-10-03,2023-10-07,OCT 23,2019-12-02,HEATOIL,2023,10
HOX23 Comdty,,HOX23 COMB,USD,42000.000000,0.010000,2023-10-31,2023-11-02,2023-11-08,NOV 23,2019-12-02,HEATOIL,2023,11
HOZ23 Comdty,,HOZ23 COMB,USD,42000.000000,0.010000,2023-11-30,2023-12-04,2023-12-08,DEC 23,2019-12-02,HEATOIL,2023,12
HOF24 Comdty,,HOF24 COMB,USD,42000.000000,0.010000,2023-12-29,2024-01-03,2024-01-09,JAN 24,2019-12-02,HEATOIL,2024,1
HOG24 Comdty,,HOG24 COMB,USD,42000.000000,0.010000,2024-01-31,2024-02-02,2024-02-08,FEB 24,2020-12-01,HEATOIL,2024,2
HOH24 Comdty,,HOH24 COMB,USD,42000.000000,0.010000,2024-02-29,2024-03-04,2024-03-08,MAR 24,2020-12-01,HEATOIL,2024,3
HOQ27 Comdty,,HOQ7 COMB,USD,42000.000000,0.010000,2027-07-30,2027-08-03,2027-08-07,AUG 27,2023-12-01,HEATOIL,2027,8
HOU27 Comdty,,HOU7 COMB,USD,42000.000000,0.010000,2027-08-31,2027-09-02,2027-09-09,SEP 27,2023-12-01,HEATOIL,2027,9
HOV27 Comdty,,HOV7 COMB,USD,42000.000000,0.010000,2027-09-30,2027-10-04,2027-10-08,OCT 27,2023-12-01,HEATOIL,2027,10
HOX27 Comdty,,HOX7 COMB,USD,42000.000000,0.010000,2027-10-29,2027-11-02,2027-11-06,NOV 27,2023-12-01,HEATOIL,2027,11
HOZ27 Comdty,,HOZ7 COMB,USD,42000.000000,0.010000,2027-11-30,2027-12-02,2027-12-08,DEC 27,2023-12-01,HEATOIL,2027,12
HOF28 Comdty,,HOF8 COMB,USD,42000.000000,0.010000,2027-12-31,2028-01-04,2028-01-08,JAN 28,2023-12-01,HEATOIL,2028,1
HOG28 Comdty,,HOG8 COMB,USD,42000.000000,0.010000,2028-01-31,2028-02-02,2028-02-08,FEB 28,2024-12-02,HEATOIL,2028,2
HOH28 Comdty,,HOH8 COMB,USD,42000.000000,0.010000,2028-02-29,2028-03-02,2028-03-08,MAR 28,2024-12-02,HEATOIL,2028,3
HOJ28 Comdty,,HOJ8 COMB,USD,42000.000000,0.010000,2028-03-31,2028-04-04,2028-04-08,APR 28,2024-12-02,HEATOIL,2028,4
HOK28 Comdty,,HOK8 COMB,USD,42000.000000,0.010000,2028-04-28,2028-05-02,2028-05-06,MAY 28,2024-12-02,HEATOIL,2028,5
HOM28 Comdty,,HOM8 COMB,USD,42000.000000,0.010000,2028-05-31,2028-06-02,2028-06-08,JUN 28,2024-12-02,HEATOIL,2028,6
HON28 Comdty,,HON8 COMB,USD,42000.000000,0.010000,2028-06-30,2028-07-05,2028-07-11,JUL 28,2024-12-02,HEATOIL,2028,7
HOQ28 Comdty,,HOQ8 COMB,USD,42000.000000,0.010000,2028-07-31,2028-08-02,2028-08-08,AUG 28,2024-12-02,HEATOIL,2028,8
HOU28 Comdty,,HOU8 COMB,USD,42000.000000,0.010000,2028-08-31,2028-09-05,2028-09-09,SEP 28,2024-12-02,HEATOIL,2028,9
HOV28 Comdty,,HOV8 COMB,USD,42000.000000,0.010000,2028-09-29,2028-10-03,2028-10-07,OCT 28,2024-12-02,HEATOIL,2028,10
HOX28 Comdty,,HOX8 COMB,USD,42000.000000,0.010000,2028-10-31,2028-11-02,2028-11-08,NOV 28,2024-12-02,HEATOIL,2028,11
HOZ28 Comdty,,HOZ8 COMB,USD,42000.000000,0.010000,2028-11-30,2028-12-04,2028-12-08,DEC 28,2024-12-02,HEATOIL,2028,12
HOF29 Comdty,,HOF9 COMB,USD,42000.000000,0.010000,2028-12-29,2029-01-03,2029-01-09,JAN 29,2024-12-02,HEATOIL,2029,1
HOG29 Comdty,,HOG9 COMB,USD,42000.000000,0.010000,2029-01-31,2029-02-02,2029-02-08,FEB 29,2025-12-01,HEATOIL,2029,2
HOH29 Comdty,,HOH9 COMB,USD,42000.000000,0.010000,2029-02-28,2029-03-02,2029-03-08,MAR 29,2025-12-01,HEATOIL,2029,3
HOZ25 Comdty,,HOZ5 COMB,USD,42000.000000,0.010000,2025-11-28,2025-12-02,2025-12-06,DEC 25,2021-12-01,HEATOIL,2025,12
HOF26 Comdty,,HOF6 COMB,USD,42000.000000,0.010000,2025-12-31,2026-01-05,2026-01-09,JAN 26,2021-12-01,HEATOIL,2026,1
HOG26 Comdty,,HOG6 COMB,USD,42000.000000,0.010000,2026-01-30,2026-02-03,2026-02-07,FEB 26,2022-12-01,HEATOIL,2026,2
HOH26 Comdty,,HOH6 COMB,USD,42000.000000,0.010000,2026-02-27,2026-03-03,2026-03-07,MAR 26,2022-12-01,HEATOIL,2026,3
HOJ26 Comdty,,HOJ6 COMB,USD,42000.000000,0.010000,2026-03-31,2026-04-02,2026-04-09,APR 26,2022-12-01,HEATOIL,2026,4
HOK26 Comdty,,HOK6 COMB,USD,42000.000000,0.010000,2026-04-30,2026-05-04,2026-05-08,MAY 26,2022-12-01,HEATOIL,2026,5
HOM26 Comdty,,HOM6 COMB,USD,42000.000000,0.010000,2026-05-29,2026-06-02,2026-06-06,JUN 26,2022-12-01,HEATOIL,2026,6
HON26 Comdty,,HON6 COMB,USD,42000.000000,0.010000,2026-06-30,2026-07-02,2026-07-09,JUL 26,2022-12-01,HEATOIL,2026,7
HOQ26 Comdty,,HOQ6 COMB,USD,42000.000000,0.010000,2026-07-31,2026-08-04,2026-08-08,AUG 26,2022-12-01,HEATOIL,2026,8
HOU26 Comdty,,HOU6 COMB,USD,42000.000000,0.010000,2026-08-31,2026-09-02,2026-09-09,SEP 26,2022-12-01,HEATOIL,2026,9
XBN13 Comdty,,XBN13 COMB,USD,42000.000000,0.010000,2013-06-28,2013-07-02,2013-07-09,JUL 13,2010-07-01,RBOB,2013,7
XBQ13 Comdty,,XBQ13 COMB,USD,42000.000000,0.010000,2013-07-31,2013-08-02,2013-08-08,AUG 13,2010-08-02,RBOB,2013,8
XBU13 Comdty,,XBU13 COMB,USD,42000.000000,0.010000,2013-08-30,2013-09-04,2013-09-10,SEP 13,2010-09-01,RBOB,2013,9
XBV13 Comdty,,XBV13 COMB,USD,42000.000000,0.010000,2013-09-30,2013-10-02,2013-10-08,OCT 13,2010-10-01,RBOB,2013,10
XBX13 Comdty,,XBX13 COMB,USD,42000.000000,0.010000,2013-10-31,2013-11-04,2013-11-08,NOV 13,2010-11-01,RBOB,2013,11
XBZ13 Comdty,,XBZ13 COMB,USD,42000.000000,0.010000,2013-11-29,2013-12-03,2013-12-07,DEC 13,2010-12-01,RBOB,2013,12
XBF14 Comdty,,XBF14 COMB,USD,42000.000000,0.010000,2013-12-31,2014-01-03,2014-01-09,JAN 14,2011-01-03,RBOB,2014,1
XBG14 Comdty,,XBG14 COMB,USD,42000.000000,0.010000,2014-01-31,2014-02-04,2014-02-08,FEB 14,2011-02-01,RBOB,2014,2
XBH14 Comdty,,XBH14 COMB,USD,42000.000000,0.010000,2014-02-28,2014-03-04,2014-03-08,MAR 14,2011-03-01,RBOB,2014,3
XBJ14 Comdty,,XBJ14 COMB,USD,42000.000000,0.010000,2014-03-31,2014-04-02,2014-04-08,APR 14,2011-04-01,RBOB,2014,4
XBK14 Comdty,,XBK14 COMB,USD,42000.000000,0.010000,2014-04-30,2014-05-02,2014-05-08,MAY 14,2011-05-02,RBOB,2014,5
XBM14 Comdty,,XBM14 COMB,USD,42000.000000,0.010000,2014-05-30,2014-06-03,2014-06-07,JUN 14,2011-06-01,RBOB,2014,6
XBN14 Comdty,,XBN14 COMB,USD,42000.000000,0.010000,2014-06-30,2014-07-02,2014-07-09,JUL 14,2011-07-01,RBOB,2014,7
XBQ14 Comdty,,XBQ14 COMB,USD,42000.000000,0.010000,2014-07-31,2014-08-04,2014-08-08,AUG 14,2011-08-01,RBOB,2014,8
XBU14 Comdty,,XBU14 COMB,USD,42000.000000,0.010000,2014-08-29,2014-09-03,2014-09-09,SEP 14,2011-09-01,RBOB,2014,9
XBV14 Comdty,,XBV14 COMB,USD,42000.000000,0.010000,2014-09-30,2014-10-02,2014-10-08,OCT 14,2011-10-03,RBOB,2014,10
XBX14 Comdty,,XBX14 COMB,USD,42000.000000,0.010000,2014-10-31,2014-11-04,2014-11-08,NOV 14,2011-11-01,RBOB,2014,11
XBZ14 Comdty,,XBZ14 COMB,USD,42000.000000,0.010000,2014-11-28,2014-12-02,2014-12-06,DEC 14,2011-12-01,RBOB,2014,12
XBF15 Comdty,,XBF15 COMB,USD,42000.000000,0.010000,2014-12-31,2015-01-05,2015-01-09,JAN 15,2012-01-03,RBOB,2015,1
XBG15 Comdty,,XBG15 COMB,USD,42000.000000,0.010000,2015-01-30,2015-02-03,2015-02-07,FEB 15,2012-02-01,RBOB,2015,2
XBH10 Comdty,,XBH10 COMB,USD,42000.000000,0.010000,2010-02-26,2010-03-02,2010-03-06,MAR 10,2007-02-11,RBOB,2010,3
XBJ10 Comdty,,XBJ10 COMB,USD,42000.000000,0.010000,2010-03-31,2010-04-02,2010-04-08,APR 10,2007-02-11,RBOB,2010,4
XBK10 Comdty,,XBK10 COMB,USD,42000.000000,0.010000,2010-04-30,2010-05-04,2010-05-08,MAY 10,2007-02-11,RBOB,2010,5
XBM10 Comdty,,XBM10 COMB,USD,42000.000000,0.010000,2010-05-28,2010-06-02,2010-06-08,JUN 10,2007-02-11,RBOB,2010,6
XBN10 Comdty,,XBN10 COMB,USD,42000.000000,0.010000,2010-06-30,2010-07-02,2010-07-09,JUL 10,2007-02-11,RBOB,2010,7
XBQ10 Comdty,,XBQ10 COMB,USD,42000.000000,0.010000,2010-07-30,2010-08-03,2010-08-07,AUG 10,2007-02-11,RBOB,2010,8
XBU10 Comdty,,XBU10 COMB,USD,42000.000000,0.010000,2010-08-31,2010-09-02,2010-09-09,SEP 10,2007-02-11,RBOB,2010,9
XBV10 Comdty,,XBV10 COMB,USD,42000.000000,0.010000,2010-09-30,2010-10-04,2010-10-08,OCT 10,2007-02-11,RBOB,2010,10
XBX10 Comdty,,XBX10 COMB,USD,42000.000000,0.010000,2010-10-29,2010-11-02,2010-11-06,NOV 10,2007-02-11,RBOB,2010,11
XBZ10 Comdty,,XBZ10 COMB,USD,42000.000000,0.010000,2010-11-30,2010-12-02,2010-12-08,DEC 10,2007-02-11,RBOB,2010,12
XBX11 Comdty,,XBX11 COMB,USD,42000.000000,0.010000,2011-10-31,2011-11-02,2011-11-08,NOV 11,2008-11-03,RBOB,2011,11
XBZ11 Comdty,,XBZ11 COMB,USD,42000.000000,0.010000,2011-11-30,2011-12-02,2011-12-08,DEC 11,2008-12-01,RBOB,2011,12
XBF12 Comdty,,XBF12 COMB,USD,42000.000000,0.010000,2011-12-30,2012-01-03,2012-01-10,JAN 12,2009-01-02,RBOB,2012,1
XBG12 Comdty,,XBG12 COMB,USD,42000.000000,0.010000,2012-01-31,2012-02-02,2012-02-08,FEB 12,2009-02-02,RBOB,2012,2
XBH12 Comdty,,XBH12 COMB,USD,42000.000000,0.010000,2012-02-29,2012-03-02,2012-03-08,MAR 12,2009-03-02,RBOB,2012,3
XBJ12 Comdty,,XBJ12 COMB,USD,42000.000000,0.010000,2012-03-30,2012-04-02,2012-04-10,APR 12,2009-04-01,RBOB,2012,4
XBK12 Comdty,,XBK12 COMB,USD,42000.000000,0.010000,2012-04-30,2012-05-02,2012-05-08,MAY 12,2009-05-01,RBOB,2012,5
XBM12 Comdty,,XBM12 COMB,USD,42000.000000,0.010000,2012-05-31,2012-06-04,2012-06-08,JUN 12,2009-06-01,RBOB,2012,6
XBN12 Comdty,,XBN12 COMB,USD,42000.000000,0.010000,2012-06-29,2012-07-03,2012-07-10,JUL 12,2009-07-01,RBOB,2012,7
XBQ12 Comdty,,XBQ12 COMB,USD,42000.000000,0.010000,2012-07-31,2012-08-02,2012-08-08,AUG 12,2009-08-03,RBOB,2012,8
XBH15 Comdty,,XBH15 COMB,USD,42000.000000,0.010000,2015-02-27,2015-03-03,2015-03-07,MAR 15,2012-03-01,RBOB,2015,3
XBJ15 Comdty,,XBJ15 COMB,USD,42000.000000,0.010000,2015-03-31,2015-04-02,2015-04-09,APR 15,2012-04-02,RBOB,2015,4
XBK15 Comdty,,XBK15 COMB,USD,42000.000000,0.010000,2015-04-30,2015-05-04,2015-05-08,MAY 15,2012-05-01,RBOB,2015,5
XBM15 Comdty,,XBM15 COMB,USD,42000.000000,0.010000,2015-05-29,2015-06-02,2015-06-06,JUN 15,2012-06-01,RBOB,2015,6
XBN15 Comdty,,XBN15 COMB,USD,42000.000000,0.010000,2015-06-30,2015-07-02,2015-07-09,JUL 15,2012-07-02,RBOB,2015,7
XBQ15 Comdty,,XBQ15 COMB,USD,42000.000000,0.010000,2015-07-31,2015-08-04,2015-08-08,AUG 15,2012-08-01,RBOB,2015,8
XBU15 Comdty,,XBU15 COMB,USD,42000.000000,0.010000,2015-08-31,2015-09-02,2015-09-09,SEP 15,2012-09-04,RBOB,2015,9
XBV15 Comdty,,XBV15 COMB,USD,42000.000000,0.010000,2015-09-30,2015-10-02,2015-10-08,OCT 15,2012-10-01,RBOB,2015,10
XBX15 Comdty,,XBX15 COMB,USD,42000.000000,0.010000,2015-10-30,2015-11-03,2015-11-07,NOV 15,2012-11-01,RBOB,2015,11
XBZ15 Comdty,,XBZ15 COMB,USD,42000.000000,0.010000,2015-11-30,2015-12-02,2015-12-08,DEC 15,2012-12-03,RBOB,2015,12
XBF11 Comdty,,XBF11 COMB,USD,42000.000000,0.010000,2010-12-31,2011-01-04,2011-01-08,JAN 11,2007-02-11,RBOB,2011,1
XBG11 Comdty,,XBG11 COMB,USD,42000.000000,0.010000,2011-01-31,2011-02-02,2011-02-08,FEB 11,2008-02-01,RBOB,2011,2
XBH11 Comdty,,XBH11 COMB,USD,42000.000000,0.010000,2011-02-28,2011-03-02,2011-03-08,MAR 11,2008-03-03,RBOB,2011,3
XBJ11 Comdty,,XBJ11 COMB,USD,42000.000000,0.010000,2011-03-31,2011-04-04,2011-04-08,APR 11,2008-04-01,RBOB,2011,4
XBK11 Comdty,,XBK11 COMB,USD,42000.000000,0.010000,2011-04-29,2011-05-03,2011-05-07,MAY 11,2008-05-01,RBOB,2011,5
XBM11 Comdty,,XBM11 COMB,USD,42000.000000,0.010000,2011-05-31,2011-06-02,2011-06-08,JUN 11,2008-06-02,RBOB,2011,6
XBN11 Comdty,,XBN11 COMB,USD,42000.000000,0.010000,2011-06-30,2011-07-05,2011-07-09,JUL 11,2008-07-01,RBOB,2011,7
XBQ11 Comdty,,XBQ11 COMB,USD,42000.000000,0.010000,2011-07-29,2011-08-02,2011-08-06,AUG 11,2008-08-01,RBOB,2011,8
XBU11 Comdty,,XBU11 COMB,USD,42000.000000,0.010000,2011-08-31,2011-09-02,2011-09-09,SEP 11,2008-09-02,RBOB,2011,9
XBV11 Comdty,,XBV11 COMB,USD,42000.000000,0.010000,2011-09-30,2011-10-03,2011-10-08,OCT 11,2008-10-01,RBOB,2011,10
XBK09 Comdty,,XBK09 COMB,USD,42000.000000,0.010000,2009-04-30,2009-05-04,2009-05-08,MAY 09,2007-02-11,RBOB,2009,5
XBM09 Comdty,,XBM09 COMB,USD,42000.000000,0.010000,2009-05-29,2009-06-02,2009-06-06,JUN 09,2007-02-11,RBOB,2009,6
XBN09 Comdty,,XBN09 COMB,USD,42000.000000,0.010000,2009-06-30,2009-07-02,2009-07-09,JUL 09,2007-02-11,RBOB,2009,7
XBQ09 Comdty,,XBQ09 COMB,USD,42000.000000,0.010000,2009-07-31,2009-08-04,2009-08-08,AUG 09,2007-02-11,RBOB,2009,8
XBU09 Comdty,,XBU09 COMB,USD,42000.000000,0.010000,2009-08-31,2009-09-02,2009-09-09,SEP 09,2007-02-11,RBOB,2009,9
XBV09 Comdty,,XBV09 COMB,USD,42000.000000,0.010000,2009-09-30,2009-10-02,2009-10-08,OCT 09,2007-02-11,RBOB,2009,10
XBX09 Comdty,,XBX09 COMB,USD,42000.000000,0.010000,2009-10-30,2009-11-03,2009-11-07,NOV 09,2007-02-11,RBOB,2009,11
XBZ09 Comdty,,XBZ09 COMB,USD,42000.000000,0.010000,2009-11-30,2009-12-02,2009-12-08,DEC 09,2007-02-11,RBOB,2009,12
XBF10 Comdty,,XBF10 COMB,USD,42000.000000,0.010000,2009-12-31,2010-01-05,2010-01-09,JAN 10,2007-02-11,RBOB,2010,1
XBG10 Comdty,,XBG10 COMB,USD,42000.000000,0.010000,2010-01-29,2010-02-02,2010-02-06,FEB 10,2007-02-11,RBOB,2010,2
XBU12 Comdty,,XBU12 COMB,USD,42000.000000,0.010000,2012-08-31,2012-09-05,2012-09-11,SEP 12,2009-09-01,RBOB,2012,9
XBV12 Comdty,,XBV12 COMB,USD,42000.000000,0.010000,2012-09-28,2012-10-02,2012-10-06,OCT 12,2009-10-01,RBOB,2012,10
XBX12 Comdty,,XBX12 COMB,USD,42000.000000,0.010000,2012-10-31,2012-11-02,2012-11-08,NOV 12,2009-11-02,RBOB,2012,11
XBZ12 Comdty,,XBZ12 COMB,USD,42000.000000,0.010000,2012-11-30,2012-12-04,2012-12-08,DEC 12,2009-12-01,RBOB,2012,12
XBF13 Comdty,,XBF13 COMB,USD,42000.000000,0.010000,2012-12-31,2013-01-03,2013-01-09,JAN 13,2010-01-04,RBOB,2013,1
XBG13 Comdty,,XBG13 COMB,USD,42000.000000,0.010000,2013-01-31,2013-02-04,2013-02-08,FEB 13,2010-02-01,RBOB,2013,2
XBH13 Comdty,,XBH13 COMB,USD,42000.000000,0.010000,2013-02-28,2013-03-04,2013-03-08,MAR 13,2010-03-01,RBOB,2013,3
XBJ13 Comdty,,XBJ13 COMB,USD,42000.000000,0.010000,2013-03-28,2013-04-02,2013-04-06,APR 13,2010-04-01,RBOB,2013,4
XBK13 Comdty,,XBK13 COMB,USD,42000.000000,0.010000,2013-04-30,2013-05-02,2013-05-08,MAY 13,2010-05-03,RBOB,2013,5
XBM13 Comdty,,XBM13 COMB,USD,42000.000000,0.010000,2013-05-31,2013-06-03,2013-06-08,JUN 13,2010-06-01,RBOB,2013,6
XBX16 Comdty,,XBX16 COMB,USD,42000.000000,0.010000,2016-10-31,2016-11-02,2016-11-08,NOV 16,2013-11-01,RBOB,2016,11
XBZ16 Comdty,,XBZ16 COMB,USD,42000.000000,0.010000,2016-11-30,2016-12-02,2016-12-08,DEC 16,2013-12-02,RBOB,2016,12
XBF17 Comdty,,XBF17 COMB,USD,42000.000000,0.010000,2016-12-30,2017-01-04,2017-01-10,JAN 17,2014-01-02,RBOB,2017,1
XBG17 Comdty,,XBG17 COMB,USD,42000.000000,0.010000,2017-01-31,2017-02-02,2017-02-08,FEB 17,2014-02-03,RBOB,2017,2
XBH17 Comdty,,XBH17 COMB,USD,42000.000000,0.010000,2017-02-28,2017-03-02,2017-03-08,MAR 17,2014-03-03,RBOB,2017,3
XBJ17 Comdty,,XBJ17 COMB,USD,42000.000000,0.010000,2017-03-31,2017-04-04,2017-04-08,APR 17,2014-04-01,RBOB,2017,4
XBK17 Comdty,,XBK17 COMB,USD,42000.000000,0.010000,2017-04-28,2017-05-02,2017-05-06,MAY 17,2014-05-01,RBOB,2017,5
XBM17 Comdty,,XBM17 COMB,USD,42000.000000,0.010000,2017-05-31,2017-06-02,2017-06-08,JUN 17,2014-06-02,RBOB,2017,6
XBN17 Comdty,,XBN17 COMB,USD,42000.000000,0.010000,2017-06-30,2017-07-05,2017-07-11,JUL 17,2014-07-01,RBOB,2017,7
XBQ17 Comdty,,XBQ17 COMB,USD,42000.000000,0.010000,2017-07-31,2017-08-02,2017-08-08,AUG 17,2014-08-01,RBOB,2017,8
XBF16 Comdty,,XBF16 COMB,USD,42000.000000,0.010000,2015-12-31,2016-01-05,2016-01-09,JAN 16,2013-01-02,RBOB,2016,1
XBG16 Comdty,,XBG16 COMB,USD,42000.000000,0.010000,2016-01-29,2016-02-02,2016-02-06,FEB 16,2013-02-01,RBOB,2016,2
XBH16 Comdty,,XBH16 COMB,USD,42000.000000,0.010000,2016-02-29,2016-03-02,2016-03-08,MAR 16,2013-03-01,RBOB,2016,3
XBJ16 Comdty,,XBJ16 COMB,USD,42000.000000,0.010000,2016-03-31,2016-04-04,2016-04-08,APR 16,2013-04-01,RBOB,2016,4
XBK16 Comdty,,XBK16 COMB,USD,42000.000000,0.010000,2016-04-29,2016-05-03,2016-05-07,MAY 16,2013-05-01,RBOB,2016,5
XBM16 Comdty,,XBM16 COMB,USD,42000.000000,0.010000,2016-05-31,2016-06-02,2016-06-08,JUN 16,2013-06-03,RBOB,2016,6
XBN16 Comdty,,XBN16 COMB,USD,42000.000000,0.010000,2016-06-30,2016-07-05,2016-07-09,JUL 16,2013-07-01,RBOB,2016,7
XBQ16 Comdty,,XBQ16 COMB,USD,42000.000000,0.010000,2016-07-29,2016-08-02,2016-08-06,AUG 16,2013-08-01,RBOB,2016,8
XBU16 Comdty,,XBU16 COMB,USD,42000.000000,0.010000,2016-08-31,2016-09-02,2016-09-09,SEP 16,2013-09-03,RBOB,2016,9
XBV16 Comdty,,XBV16 COMB,USD,42000.000000,0.010000,2016-09-30,2016-10-04,2016-10-08,OCT 16,2013-10-01,RBOB,2016,10
XBF21 Comdty,,XBF21 COMB,USD,42000.000000,0.010000,2020-12-31,2021-01-05,2021-01-09,JAN 21,2016-12-01,RBOB,2021,1
XBG21 Comdty,,XBG21 COMB,USD,42000.000000,0.010000,2021-01-29,2021-02-02,2021-02-06,FEB 21,2017-12-01,RBOB,2021,2
XBH21 Comdty,,XBH21 COMB,USD,42000.000000,0.010000,2021-02-26,2021-03-02,2021-03-06,MAR 21,2017-12-01,RBOB,2021,3
XBJ21 Comdty,,XBJ21 COMB,USD,42000.000000,0.010000,2021-03-31,2021-04-05,2021-04-09,APR 21,2017-12-01,RBOB,2021,4
XBK21 Comdty,,XBK21 COMB,USD,42000.000000,0.010000,2021-04-30,2021-05-04,2021-05-08,MAY 21,2017-12-01,RBOB,2021,5
XBM21 Comdty,,XBM21 COMB,USD,42000.000000,0.010000,2021-05-28,2021-06-02,2021-06-08,JUN 21,2017-12-01,RBOB,2021,6
XBN21 Comdty,,XBN21 COMB,USD,42000.000000,0.010000,2021-06-30,2021-07-02,2021-07-09,JUL 21,2017-12-01,RBOB,2021,7
XBQ21 Comdty,,XBQ21 COMB,USD,42000.000000,0.010000,2021-07-30,2021-08-03,2021-08-07,AUG 21,2017-12-01,RBOB,2021,8
XBU21 Comdty,,XBU21 COMB,USD,42000.000000,0.010000,2021-08-31,2021-09-02,2021-09-09,SEP 21,2017-12-01,RBOB,2021,9
XBV21 Comdty,,XBV21 COMB,USD,42000.000000,0.010000,2021-09-30,2021-10-04,2021-10-08,OCT 21,2017-12-01,RBOB,2021,10
XBK24 Comdty,,XBK24 COMB,USD,42000.000000,0.010000,2024-04-30,2024-05-02,2024-05-08,MAY 24,2020-12-01,RBOB,2024,5
XBM24 Comdty,,XBM24 COMB,USD,42000.000000,0.010000,2024-05-31,2024-06-04,2024-06-08,JUN 24,2020-12-01,RBOB,2024,6
XBN24 Comdty,,XBN24 COMB,USD,42000.000000,0.010000,2024-06-28,2024-07-02,2024-07-09,JUL 24,2020-12-01,RBOB,2024,7
XBQ24 Comdty,,XBQ24 COMB,USD,42000.000000,0.010000,2024-07-31,2024-08-02,2024-08-08,AUG 24,2020-12-01,RBOB,2024,8
XBU24 Comdty,,XBU24 COMB,USD,42000.000000,0.010000,2024-08-30,2024-09-04,2024-09-10,SEP 24,2020-12-01,RBOB,2024,9
XBV24 Comdty,,XBV24 COMB,USD,42000.000000,0.010000,2024-09-30,2024-10-02,2024-10-08,OCT 24,2020-12-01,RBOB,2024,10
XBX24 Comdty,,XBX24 COMB,USD,42000.000000,0.010000,2024-10-31,2024-11-04,2024-11-08,NOV 24,2020-12-01,RBOB,2024,11
XBZ24 Comdty,,XBZ24 COMB,USD,42000.000000,0.010000,2024-11-29,2024-12-03,2024-12-07,DEC 24,2020-12-01,RBOB,2024,12
XBF25 Comdty,,XBF25 COMB,USD,42000.000000,0.010000,2024-12-31,2025-01-03,2025-01-09,JAN 25,2020-12-01,RBOB,2025,1
XBG25 Comdty,,XBG25 COMB,USD,42000.000000,0.010000,2025-01-31,2025-02-04,2025-02-08,FEB 25,2021-12-01,RBOB,2025,2
XBH20 Comdty,,XBH20 COMB,USD,42000.000000,0.010000,2020-02-28,2020-03-03,2020-03-07,MAR 20,2016-12-01,RBOB,2020,3
XBJ20 Comdty,,XBJ20 COMB,USD,42000.000000,0.010000,2020-03-31,2020-04-02,2020-04-08,APR 20,2016-12-01,RBOB,2020,4
XBK20 Comdty,,XBK20 COMB,USD,42000.000000,0.010000,2020-04-30,2020-05-04,2020-05-08,MAY 20,2016-12-01,RBOB,2020,5
XBM20 Comdty,,XBM20 COMB,USD,42000.000000,0.010000,2020-05-29,2020-06-02,2020-06-06,JUN 20,2016-12-01,RBOB,2020,6
XBN20 Comdty,,XBN20 COMB,USD,42000.000000,0.010000,2020-06-30,2020-07-02,2020-07-09,JUL 20,2016-12-01,RBOB,2020,7
XBQ20 Comdty,,XBQ20 COMB,USD,42000.000000,0.010000,2020-07-31,2020-08-04,2020-08-08,AUG 20,2016-12-01,RBOB,2020,8
XBU20 Comdty,,XBU20 COMB,USD,42000.000000,0.010000,2020-08-31,2020-09-02,2020-09-09,SEP 20,2016-12-01,RBOB,2020,9
XBV20 Comdty,,XBV20 COMB,USD,42000.000000,0.010000,2020-09-30,2020-10-02,2020-10-08,OCT 20,2016-12-01,RBOB,2020,10
XBX20 Comdty,,XBX20 COMB,USD,42000.000000,0.010000,2020-10-30,2020-11-03,2020-11-07,NOV 20,2016-12-01,RBOB,2020,11
XBZ20 Comdty,,XBZ20 COMB,USD,42000.000000,0.010000,2020-11-30,2020-12-02,2020-12-08,DEC 20,2016-12-01,RBOB,2020,12
XBU17 Comdty,,XBU17 COMB,USD,42000.000000,0.010000,2017-08-31,2017-09-05,2017-09-09,SEP 17,2014-09-02,RBOB,2017,9
XBV17 Comdty,,XBV17 COMB,USD,42000.000000,0.010000,2017-09-29,2017-10-03,2017-10-07,OCT 17,2014-10-01,RBOB,2017,10
XBX17 Comdty,,XBX17 COMB,USD,42000.000000,0.010000,2017-10-31,2017-11-02,2017-11-08,NOV 17,2014-11-03,RBOB,2017,11
XBZ17 Comdty,,XBZ17 COMB,USD,42000.000000,0.010000,2017-11-30,2017-12-04,2017-12-08,DEC 17,2014-12-01,RBOB,2017,12
XBF18 Comdty,,XBF18 COMB,USD,42000.000000,0.010000,2017-12-29,2018-01-03,2018-01-09,JAN 18,2015-01-02,RBOB,2018,1
XBG18 Comdty,,XBG18 COMB,USD,42000.000000,0.010000,2018-01-31,2018-02-02,2018-02-08,FEB 18,2015-02-02,RBOB,2018,2
XBH18 Comdty,,XBH18 COMB,USD,42000.000000,0.010000,2018-02-28,2018-03-02,2018-03-08,MAR 18,2015-03-02,RBOB,2018,3
XBJ18 Comdty,,XBJ18 COMB,USD,42000.000000,0.010000,2018-03-29,2018-04-03,2018-04-07,APR 18,2015-04-01,RBOB,2018,4
XBK18 Comdty,,XBK18 COMB,USD,42000.000000,0.010000,2018-04-30,2018-05-02,2018-05-08,MAY 18,2015-05-01,RBOB,2018,5
XBM18 Comdty,,XBM18 COMB,USD,42000.000000,0.010000,2018-05-31,2018-06-04,2018-06-08,JUN 18,2015-06-01,RBOB,2018,6
XBN23 Comdty,,XBN23 COMB,USD,42000.000000,0.010000,2023-06-30,2023-07-05,2023-07-11,JUL 23,2019-12-02,RBOB,2023,7
XBQ23 Comdty,,XBQ23 COMB,USD,42000.000000,0.010000,2023-07-31,2023-08-02,2023-08-08,AUG 23,2019-12-02,RBOB,2023,8
XBU23 Comdty,,XBU23 COMB,USD,42000.000000,0.010000,2023-08-31,2023-09-05,2023-09-09,SEP 23,2019-12-02,RBOB,2023,9
XBV23 Comdty,,XBV23 COMB,USD,42000.000000,0.010000,2023-09-29,2023-10-03,2023-10-07,OCT 23,2019-12-02,RBOB,2023,10
XBX23 Comdty,,XBX23 COMB,USD,42000.000000,0.010000,2023-10-31,2023-11-02,2023-11-08,NOV 23,2019-12-02,RBOB,2023,11
XBZ23 Comdty,,XBZ23 COMB,USD,42000.000000,0.010000,2023-11-30,2023-12-04,2023-12-08,DEC 23,2019-12-02,RBOB,2023,12
XBF24 Comdty,,XBF24 COMB,USD,42000.000000,0.010000,2023-12-29,2024-01-03,2024-01-09,JAN 24,2019-12-02,RBOB,2024,1
XBG24 Comdty,,XBG24 COMB,USD,42000.000000,0.010000,2024-01-31,2024-02-02,2024-02-08,FEB 24,2020-12-01,RBOB,2024,2
XBH24 Comdty,,XBH24 COMB,USD,42000.000000,0.010000,2024-02-29,2024-03-04,2024-03-08,MAR 24,2020-12-01,RBOB,2024,3
XBJ24 Comdty,,XBJ24 COMB,USD,42000.000000,0.010000,2024-03-28,2024-04-02,2024-04-06,APR 24,2020-12-01,RBOB,2024,4
XBK19 Comdty,,XBK19 COMB,USD,42000.000000,0.010000,2019-04-30,2019-05-02,2019-05-08,MAY 19,2015-12-01,RBOB,2019,5
XBM19 Comdty,,XBM19 COMB,USD,42000.000000,0.010000,2019-05-31,2019-06-04,2019-06-08,JUN 19,2015-12-01,RBOB,2019,6
XBN19 Comdty,,XBN19 COMB,USD,42000.000000,0.010000,2019-06-28,2019-07-02,2019-07-09,JUL 19,2015-12-01,RBOB,2019,7
XBQ19 Comdty,,XBQ19 COMB,USD,42000.000000,0.010000,2019-07-31,2019-08-02,2019-08-08,AUG 19,2015-12-01,RBOB,2019,8
XBU19 Comdty,,XBU19 COMB,USD,42000.000000,0.010000,2019-08-30,2019-09-04,2019-09-10,SEP 19,2015-12-01,RBOB,2019,9
XBV19 Comdty,,XBV19 COMB,USD,42000.000000,0.010000,2019-09-30,2019-10-02,2019-10-08,OCT 19,2015-12-01,RBOB,2019,10
XBX19 Comdty,,XBX19 COMB,USD,42000.000000,0.010000,2019-10-31,2019-11-04,2019-11-08,NOV 19,2015-12-01,RBOB,2019,11
XBZ19 Comdty,,XBZ19 COMB,USD,42000.000000,0.010000,2019-11-29,2019-12-03,2019-12-07,DEC 19,2015-12-01,RBOB,2019,12
XBF20 Comdty,,XBF20 COMB,USD,42000.000000,0.010000,2019-12-31,2020-01-03,2020-01-09,JAN 20,2015-12-01,RBOB,2020,1
XBG20 Comdty,,XBG20 COMB,USD,42000.000000,0.010000,2020-01-31,2020-02-04,2020-02-08,FEB 20,2016-12-01,RBOB,2020,2
XBN18 Comdty,,XBN18 COMB,USD,42000.000000,0.010000,2018-06-29,2018-07-03,2018-07-10,JUL 18,2015-07-01,RBOB,2018,7
XBQ18 Comdty,,XBQ18 COMB,USD,42000.000000,0.010000,2018-07-31,2018-08-02,2018-08-08,AUG 18,2015-07-27,RBOB,2018,8
XBU18 Comdty,,XBU18 COMB,USD,42000.000000,0.010000,2018-08-31,2018-09-05,2018-09-11,SEP 18,2015-07-27,RBOB,2018,9
XBV18 Comdty,,XBV18 COMB,USD,42000.000000,0.010000,2018-09-28,2018-10-02,2018-10-06,OCT 18,2015-07-27,RBOB,2018,10
XBX18 Comdty,,XBX18 COMB,USD,42000.000000,0.010000,2018-10-31,2018-11-02,2018-11-08,NOV 18,2015-07-27,RBOB,2018,11
XBZ18 Comdty,,XBZ18 COMB,USD,42000.000000,0.010000,2018-11-30,2018-12-04,2018-12-08,DEC 18,2015-07-27,RBOB,2018,12
XBF19 Comdty,,XBF19 COMB,USD,42000.000000,0.010000,2018-12-31,2019-01-03,2019-01-09,JAN 19,2015-07-27,RBOB,2019,1
XBG19 Comdty,,XBG19 COMB,USD,42000.000000,0.010000,2019-01-31,2019-02-04,2019-02-08,FEB 19,2015-12-01,RBOB,2019,2
XBH19 Comdty,,XBH19 COMB,USD,42000.000000,0.010000,2019-02-28,2019-03-04,2019-03-08,MAR 19,2015-12-01,RBOB,2019,3
XBJ19 Comdty,,XBJ19 COMB,USD,42000.000000,0.010000,2019-03-29,2019-04-02,2019-04-06,APR 19,2015-12-01,RBOB,2019,4
XBX21 Comdty,,XBX21 COMB,USD,42000.000000,0.010000,2021-10-29,2021-11-02,2021-11-06,NOV 21,2017-12-01,RBOB,2021,11
XBZ21 Comdty,,XBZ21 COMB,USD,42000.000000,0.010000,2021-11-30,2021-12-02,2021-12-08,DEC 21,2017-12-01,RBOB,2021,12
XBF22 Comdty,,XBF22 COMB,USD,42000.000000,0.010000,2021-12-31,2022-01-04,2022-01-08,JAN 22,2017-12-01,RBOB,2022,1
XBG22 Comdty,,XBG22 COMB,USD,42000.000000,0.010000,2022-01-31,2022-02-02,2022-02-08,FEB 22,2018-12-03,RBOB,2022,2
XBH22 Comdty,,XBH22 COMB,USD,42000.000000,0.010000,2022-02-28,2022-03-02,2022-03-08,MAR 22,2018-12-03,RBOB,2022,3
XBJ22 Comdty,,XBJ22 COMB,USD,42000.000000,0.010000,2022-03-31,2022-04-04,2022-04-08,APR 22,2018-12-03,RBOB,2022,4
XBK22 Comdty,,XBK22 COMB,USD,42000.000000,0.010000,2022-04-29,2022-05-03,2022-05-07,MAY 22,2018-12-03,RBOB,2022,5
XBM22 Comdty,,XBM22 COMB,USD,42000.000000,0.010000,2022-05-31,2022-06-02,2022-06-08,JUN 22,2018-12-03,RBOB,2022,6
XBN22 Comdty,,XBN22 COMB,USD,42000.000000,0.010000,2022-06-30,2022-07-05,2022-07-09,JUL 22,2018-12-03,RBOB,2022,7
XBQ22 Comdty,,XBQ22 COMB,USD,42000.000000,0.010000,2022-07-29,2022-08-02,2022-08-06,AUG 22,2018-12-03,RBOB,2022,8
XBU22 Comdty,,XBU22 COMB,USD,42000.000000,0.010000,2022-08-31,2022-09-02,2022-09-09,SEP 22,2018-12-03,RBOB,2022,9
XBV22 Comdty,,XBV22 COMB,USD,42000.000000,0.010000,2022-09-30,2022-10-04,2022-10-08,OCT 22,2018-12-03,RBOB,2022,10
XBX22 Comdty,,XBX22 COMB,USD,42000.000000,0.010000,2022-10-31,2022-11-02,2022-11-08,NOV 22,2018-12-03,RBOB,2022,11
XBZ22 Comdty,,XBZ22 COMB,USD,42000.000000,0.010000,2022-11-30,2022-12-02,2022-12-08,DEC 22,2018-12-03,RBOB,2022,12
XBF23 Comdty,,XBF23 COMB,USD,42000.000000,0.010000,2022-12-30,2023-01-04,2023-01-10,JAN 23,2018-12-03,RBOB,2023,1
XBG23 Comdty,,XBG23 COMB,USD,42000.000000,0.010000,2023-01-31,2023-02-02,2023-02-08,FEB 23,2019-12-02,RBOB,2023,2
XBH23 Comdty,,XBH23 COMB,USD,42000.000000,0.010000,2023-02-28,2023-03-02,2023-03-08,MAR 23,2019-12-02,RBOB,2023,3
XBJ23 Comdty,,XBJ23 COMB,USD,42000.000000,0.010000,2023-03-31,2023-04-04,2023-04-11,APR 23,2019-12-02,RBOB,2023,4
XBK23 Comdty,,XBK23 COMB,USD,42000.000000,0.010000,2023-04-28,2023-05-02,2023-05-06,MAY 23,2019-12-02,RBOB,2023,5
XBM23 Comdty,,XBM23 COMB,USD,42000.000000,0.010000,2023-05-31,2023-06-02,2023-06-08,JUN 23,2019-12-02,RBOB,2023,6
XBH25 Comdty,,XBH25 COMB,USD,42000.000000,0.010000,2025-02-28,2025-03-04,2025-03-08,MAR 25,2021-12-01,RBOB,2025,3
XBJ25 Comdty,,XBJ25 COMB,USD,42000.000000,0.010000,2025-03-31,2025-04-02,2025-04-08,APR 25,2021-12-01,RBOB,2025,4
XBK25 Comdty,,XBK25 COMB,USD,42000.000000,0.010000,2025-04-30,2025-05-02,2025-05-08,MAY 25,2021-12-01,RBOB,2025,5
XBM25 Comdty,,XBM25 COMB,USD,42000.000000,0.010000,2025-05-30,2025-06-03,2025-06-07,JUN 25,2021-12-01,RBOB,2025,6
XBN25 Comdty,,XBN25 COMB,USD,42000.000000,0.010000,2025-06-30,2025-07-02,2025-07-09,JUL 25,2021-12-01,RBOB,2025,7
XBQ25 Comdty,,XBQ25 COMB,USD,42000.000000,0.010000,2025-07-31,2025-08-04,2025-08-08,AUG 25,2021-12-01,RBOB,2025,8
XBU25 Comdty,,XBU25 COMB,USD,42000.000000,0.010000,2025-08-29,2025-09-03,2025-09-09,SEP 25,2021-12-01,RBOB,2025,9
XBV25 Comdty,,XBV25 COMB,USD,42000.000000,0.010000,2025-09-30,2025-10-02,2025-10-08,OCT 25,2021-12-01,RBOB,2025,10
XBX25 Comdty,,XBX5 COMB,USD,42000.000000,0.010000,2025-10-31,2025-11-04,2025-11-08,NOV 25,2021-12-01,RBOB,2025,11
XBZ25 Comdty,,XBZ5 COMB,USD,42000.000000,0.010000,2025-11-28,2025-12-02,2025-12-06,DEC 25,2021-12-01,RBOB,2025,12
NGV12 Comdty,,NGV12 COMB,USD,10000.000000,0.001000,2012-09-26,2012-09-27,2012-10-01,OCT 12,2006-11-29,NATGAS,2012,10
NGX12 Comdty,,NGX12 COMB,USD,10000.000000,0.001000,2012-10-29,2012-10-30,2012-11-01,NOV 12,2006-11-29,NATGAS,2012,11
NGZ12 Comdty,,NGZ12 COMB,USD,10000.000000,0.001000,2012-11-28,2012-11-29,2012-12-01,DEC 12,2006-11-29,NATGAS,2012,12
NGF13 Comdty,,NGF13 COMB,USD,10000.000000,0.001000,2012-12-27,2012-12-28,2013-01-01,JAN 13,2007-11-29,NATGAS,2013,1
NGG13 Comdty,,NGG13 COMB,USD,10000.000000,0.001000,2013-01-29,2013-01-30,2013-02-01,FEB 13,2007-11-29,NATGAS,2013,2
NGH13 Comdty,,NGH13 COMB,USD,10000.000000,0.001000,2013-02-26,2013-02-27,2013-03-01,MAR 13,2007-11-29,NATGAS,2013,3
NGJ13 Comdty,,NGJ13 COMB,USD,10000.000000,0.001000,2013-03-26,2013-03-27,2013-04-01,APR 13,2007-11-29,NATGAS,2013,4
NGK13 Comdty,,NGK13 COMB,USD,10000.000000,0.001000,2013-04-26,2013-04-29,2013-05-01,MAY 13,2007-11-29,NATGAS,2013,5
NGM13 Comdty,,NGM13 COMB,USD,10000.000000,0.001000,2013-05-29,2013-05-30,2013-06-01,JUN 13,2007-11-29,NATGAS,2013,6
NGN13 Comdty,,NGN13 COMB,USD,10000.000000,0.001000,2013-06-26,2013-06-27,2013-07-01,JUL 13,2007-11-29,NATGAS,2013,7
NGG11 Comdty,,NGG11 COMB,USD,10000.000000,0.001000,2011-01-27,2011-01-28,2011-02-01,FEB 11,2005-11-29,NATGAS,2011,2
NGH11 Comdty,,NGH11 COMB,USD,10000.000000,0.001000,2011-02-24,2011-02-25,2011-03-01,MAR 11,2005-11-29,NATGAS,2011,3
NGJ11 Comdty,,NGJ11 COMB,USD,10000.000000,0.001000,2011-03-29,2011-03-30,2011-04-01,APR 11,2005-11-29,NATGAS,2011,4
NGK11 Comdty,,NGK11 COMB,USD,10000.000000,0.001000,2011-04-27,2011-04-28,2011-05-01,MAY 11,2005-11-29,NATGAS,2011,5
NGM11 Comdty,,NGM11 COMB,USD,10000.000000,0.001000,2011-05-26,2011-05-27,2011-06-01,JUN 11,2005-11-29,NATGAS,2011,6
NGN11 Comdty,,NGN11 COMB,USD,10000.000000,0.001000,2011-06-28,2011-06-29,2011-07-01,JUL 11,2005-11-29,NATGAS,2011,7
NGQ11 Comdty,,NGQ11 COMB,USD,10000.000000,0.001000,2011-07-27,2011-07-28,2011-08-01,AUG 11,2005-11-29,NATGAS,2011,8
NGU11 Comdty,,NGU11 COMB,USD,10000.000000,0.001000,2011-08-29,2011-08-30,2011-09-01,SEP 11,2005-11-29,NATGAS,2011,9
NGV11 Comdty,,NGV11 COMB,USD,10000.000000,0.001000,2011-09-28,2011-09-29,2011-10-01,OCT 11,2005-11-29,NATGAS,2011,10
NGX11 Comdty,,NGX11 COMB,USD,10000.000000,0.001000,2011-10-27,2011-10-28,2011-11-01,NOV 11,2005-11-29,NATGAS,2011,11
NGJ10 Comdty,,NGJ10 COMB,USD,10000.000000,0.001000,2010-03-29,2010-03-30,2010-04-01,APR 10,2004-03-30,NATGAS,2010,4
NGK10 Comdty,,NGK10 COMB,USD,10000.000000,0.001000,2010-04-28,2010-04-29,2010-05-01,MAY 10,2004-04-29,NATGAS,2010,5
NGM10 Comdty,,NGM10 COMB,USD,10000.000000,0.001000,2010-05-26,2010-05-27,2010-06-01,JUN 10,2004-05-27,NATGAS,2010,6
NGN10 Comdty,,NGN10 COMB,USD,10000.000000,0.001000,2010-06-28,2010-06-29,2010-07-01,JUL 10,2004-06-29,NATGAS,2010,7
NGQ10 Comdty,,NGQ10 COMB,USD,10000.000000,0.001000,2010-07-28,2010-07-29,2010-08-01,AUG 10,2004-07-29,NATGAS,2010,8
NGU10 Comdty,,NGU10 COMB,USD,10000.000000,0.001000,2010-08-27,2010-08-30,2010-09-01,SEP 10,2004-11-29,NATGAS,2010,9
NGV10 Comdty,,NGV10 COMB,USD,10000.000000,0.001000,2010-09-28,2010-09-29,2010-10-01,OCT 10,2004-11-29,NATGAS,2010,10
NGX10 Comdty,,NGX10 COMB,USD,10000.000000,0.001000,2010-10-27,2010-10-28,2010-11-01,NOV 10,2004-11-29,NATGAS,2010,11
NGZ10 Comdty,,NGZ10 COMB,USD,10000.000000,0.001000,2010-11-24,2010-11-29,2010-12-01,DEC 10,2004-11-29,NATGAS,2010,12
NGF11 Comdty,,NGF11 COMB,USD,10000.000000,0.001000,2010-12-28,2010-12-30,2011-01-01,JAN 11,2005-11-29,NATGAS,2011,1
NGZ11 Comdty,,NGZ11 COMB,USD,10000.000000,0.001000,2011-11-28,2011-11-29,2011-12-01,DEC 11,2005-11-29,NATGAS,2011,12
NGF12 Comdty,,NGF12 COMB,USD,10000.000000,0.001000,2011-12-28,2011-12-29,2012-01-01,JAN 12,2006-11-29,NATGAS,2012,1
NGG12 Comdty,,NGG12 COMB,USD,10000.000000,0.001000,2012-01-27,2012-01-30,2012-02-01,FEB 12,2006-11-29,NATGAS,2012,2
NGH12 Comdty,,NGH12 COMB,USD,10000.000000,0.001000,2012-02-27,2012-02-28,2012-03-01,MAR 12,2006-11-29,NATGAS,2012,3
NGJ12 Comdty,,NGJ12 COMB,USD,10000.000000,0.001000,2012-03-28,2012-03-29,2012-04-01,APR 12,2006-11-29,NATGAS,2012,4
NGK12 Comdty,,NGK12 COMB,USD,10000.000000,0.001000,2012-04-26,2012-04-27,2012-05-01,MAY 12,2006-11-29,NATGAS,2012,5
NGM12 Comdty,,NGM12 COMB,USD,10000.000000,0.001000,2012-05-29,2012-05-30,2012-06-01,JUN 12,2006-11-29,NATGAS,2012,6
NGN12 Comdty,,NGN12 COMB,USD,10000.000000,0.001000,2012-06-27,2012-06-28,2012-07-01,JUL 12,2006-11-29,NATGAS,2012,7
NGQ12 Comdty,,NGQ12 COMB,USD,10000.000000,0.001000,2012-07-27,2012-07-30,2012-08-01,AUG 12,2006-11-29,NATGAS,2012,8
NGU12 Comdty,,NGU12 COMB,USD,10000.000000,0.001000,2012-08-29,2012-08-30,2012-09-01,SEP 12,2006-11-29,NATGAS,2012,9
XBX26 Comdty,,XBX6 COMB,USD,42000.000000,0.010000,2026-10-30,2026-11-03,2026-11-07,NOV 26,2022-12-01,RBOB,2026,11
XBZ26 Comdty,,XBZ6 COMB,USD,42000.000000,0.010000,2026-11-30,2026-12-02,2026-12-08,DEC 26,2022-12-01,RBOB,2026,12
XBF27 Comdty,,XBF7 COMB,USD,42000.000000,0.010000,2026-12-31,2027-01-05,2027-01-09,JAN 27,2022-12-01,RBOB,2027,1
XBG27 Comdty,,XBG7 COMB,USD,42000.000000,0.010000,2027-01-29,2027-02-02,2027-02-06,FEB 27,2023-12-01,RBOB,2027,2
XBH27 Comdty,,XBH7 COMB,USD,42000.000000,0.010000,2027-02-26,2027-03-02,2027-03-06,MAR 27,2023-12-01,RBOB,2027,3
XBJ27 Comdty,,XBJ7 COMB,USD,42000.000000,0.010000,2027-03-31,2027-04-02,2027-04-08,APR 27,2023-12-01,RBOB,2027,4
XBK27 Comdty,,XBK7 COMB,USD,42000.000000,0.010000,2027-04-30,2027-05-04,2027-05-08,MAY 27,2023-12-01,RBOB,2027,5
XBM27 Comdty,,XBM7 COMB,USD,42000.000000,0.010000,2027-05-28,2027-06-02,2027-06-08,JUN 27,2023-12-01,RBOB,2027,6
XBN27 Comdty,,XBN7 COMB,USD,42000.000000,0.010000,2027-06-30,2027-07-02,2027-07-09,JUL 27,2023-12-01,RBOB,2027,7
XBQ27 Comdty,,XBQ7 COMB,USD,42000.000000,0.010000,2027-07-30,2027-08-03,2027-08-07,AUG 27,2023-12-01,RBOB,2027,8
XBK29 Comdty,,XBK9 COMB,USD,42000.000000,0.010000,2029-04-30,2029-05-02,2029-05-08,MAY 29,2025-12-01,RBOB,2029,5
XBM29 Comdty,,XBM9 COMB,USD,42000.000000,0.010000,2029-05-31,2029-06-04,2029-06-08,JUN 29,2025-12-01,RBOB,2029,6
XBN29 Comdty,,XBN9 COMB,USD,42000.000000,0.010000,2029-06-29,2029-07-03,2029-07-10,JUL 29,2025-12-01,RBOB,2029,7
XBQ29 Comdty,,XBQ9 COMB,USD,42000.000000,0.010000,2029-07-31,2029-08-02,2029-08-08,AUG 29,2025-12-01,RBOB,2029,8
XBU29 Comdty,,XBU9 COMB,USD,42000.000000,0.010000,2029-08-31,2029-09-05,2029-09-11,SEP 29,2025-12-01,RBOB,2029,9
NGF09 Comdty,,NGF09 COMB,USD,10000.000000,0.001000,2008-12-29,2008-12-30,2009-01-01,JAN 09,2002-12-30,NATGAS,2009,1
NGG09 Comdty,,NGG09 COMB,USD,10000.000000,0.001000,2009-01-28,2009-01-29,2009-02-01,FEB 09,2003-01-30,NATGAS,2009,2
NGH09 Comdty,,NGH09 COMB,USD,10000.000000,0.001000,2009-02-25,2009-02-26,2009-03-01,MAR 09,2003-02-27,NATGAS,2009,3
NGJ09 Comdty,,NGJ09 COMB,USD,10000.000000,0.001000,2009-03-27,2009-03-30,2009-04-01,APR 09,2003-03-28,NATGAS,2009,4
NGK09 Comdty,,NGK09 COMB,USD,10000.000000,0.001000,2009-04-28,2009-04-29,2009-05-01,MAY 09,2003-04-29,NATGAS,2009,5
NGM09 Comdty,,NGM09 COMB,USD,10000.000000,0.001000,2009-05-27,2009-05-28,2009-06-01,JUN 09,2003-05-29,NATGAS,2009,6
NGN09 Comdty,,NGN09 COMB,USD,10000.000000,0.001000,2009-06-26,2009-06-29,2009-07-01,JUL 09,2003-06-27,NATGAS,2009,7
NGQ09 Comdty,,NGQ09 COMB,USD,10000.000000,0.001000,2009-07-29,2009-07-30,2009-08-01,AUG 09,2003-07-30,NATGAS,2009,8
NGU09 Comdty,,NGU09 COMB,USD,10000.000000,0.001000,2009-08-27,2009-08-28,2009-09-01,SEP 09,2003-08-28,NATGAS,2009,9
NGV09 Comdty,,NGV09 COMB,USD,10000.000000,0.001000,2009-09-28,2009-09-29,2009-10-01,OCT 09,2003-09-29,NATGAS,2009,10
NGX09 Comdty,,NGX09 COMB,USD,10000.000000,0.001000,2009-10-28,2009-10-29,2009-11-01,NOV 09,2003-10-30,NATGAS,2009,11
NGZ09 Comdty,,NGZ09 COMB,USD,10000.000000,0.001000,2009-11-24,2009-11-25,2009-12-01,DEC 09,2003-11-26,NATGAS,2009,12
NGF10 Comdty,,NGF10 COMB,USD,10000.000000,0.001000,2009-12-29,2009-12-30,2010-01-01,JAN 10,2003-12-30,NATGAS,2010,1
NGG10 Comdty,,NGG10 COMB,USD,10000.000000,0.001000,2010-01-27,2010-01-28,2010-02-01,FEB 10,2004-01-29,NATGAS,2010,2
NGH10 Comdty,,NGH10 COMB,USD,10000.000000,0.001000,2010-02-24,2010-02-25,2010-03-01,MAR 10,2004-02-26,NATGAS,2010,3
XBF26 Comdty,,XBF6 COMB,USD,42000.000000,0.010000,2025-12-31,2026-01-05,2026-01-09,JAN 26,2021-12-01,RBOB,2026,1
XBG26 Comdty,,XBG6 COMB,USD,42000.000000,0.010000,2026-01-30,2026-02-03,2026-02-07,FEB 26,2022-12-01,RBOB,2026,2
XBH26 Comdty,,XBH6 COMB,USD,42000.000000,0.010000,2026-02-27,2026-03-03,2026-03-07,MAR 26,2022-12-01,RBOB,2026,3
XBJ26 Comdty,,XBJ6 COMB,USD,42000.000000,0.010000,2026-03-31,2026-04-02,2026-04-09,APR 26,2022-12-01,RBOB,2026,4
XBK26 Comdty,,XBK6 COMB,USD,42000.000000,0.010000,2026-04-30,2026-05-04,2026-05-08,MAY 26,2022-12-01,RBOB,2026,5
XBM26 Comdty,,XBM6 COMB,USD,42000.000000,0.010000,2026-05-29,2026-06-02,2026-06-06,JUN 26,2022-12-01,RBOB,2026,6
XBN26 Comdty,,XBN6 COMB,USD,42000.000000,0.010000,2026-06-30,2026-07-02,2026-07-09,JUL 26,2022-12-01,RBOB,2026,7
XBQ26 Comdty,,XBQ6 COMB,USD,42000.000000,0.010000,2026-07-31,2026-08-04,2026-08-08,AUG 26,2022-12-01,RBOB,2026,8
XBU26 Comdty,,XBU6 COMB,USD,42000.000000,0.010000,2026-08-31,2026-09-02,2026-09-09,SEP 26,2022-12-01,RBOB,2026,9
XBV26 Comdty,,XBV6 COMB,USD,42000.000000,0.010000,2026-09-30,2026-10-02,2026-10-08,OCT 26,2022-12-01,RBOB,2026,10
XBN28 Comdty,,XBN8 COMB,USD,42000.000000,0.010000,2028-06-30,2028-07-05,2028-07-11,JUL 28,2024-12-02,RBOB,2028,7
XBQ28 Comdty,,XBQ8 COMB,USD,42000.000000,0.010000,2028-07-31,2028-08-02,2028-08-08,AUG 28,2024-12-02,RBOB,2028,8
XBU28 Comdty,,XBU8 COMB,USD,42000.000000,0.010000,2028-08-31,2028-09-05,2028-09-09,SEP 28,2024-12-02,RBOB,2028,9
XBV28 Comdty,,XBV8 COMB,USD,42000.000000,0.010000,2028-09-29,2028-10-03,2028-10-07,OCT 28,2024-12-02,RBOB,2028,10
XBX28 Comdty,,XBX8 COMB,USD,42000.000000,0.010000,2028-10-31,2028-11-02,2028-11-08,NOV 28,2024-12-02,RBOB,2028,11
XBZ28 Comdty,,XBZ8 COMB,USD,42000.000000,0.010000,2028-11-30,2028-12-04,2028-12-08,DEC 28,2024-12-02,RBOB,2028,12
XBF29 Comdty,,XBF9 COMB,USD,42000.000000,0.010000,2028-12-29,2029-01-03,2029-01-09,JAN 29,2024-12-02,RBOB,2029,1
XBG29 Comdty,,XBG9 COMB,USD,42000.000000,0.010000,2029-01-31,2029-02-02,2029-02-08,FEB 29,2025-12-01,RBOB,2029,2
XBH29 Comdty,,XBH9 COMB,USD,42000.000000,0.010000,2029-02-28,2029-03-02,2029-03-08,MAR 29,2025-12-01,RBOB,2029,3
XBJ29 Comdty,,XBJ9 COMB,USD,42000.000000,0.010000,2029-03-29,2029-04-03,2029-04-07,APR 29,2025-12-01,RBOB,2029,4
XBU27 Comdty,,XBU7 COMB,USD,42000.000000,0.010000,2027-08-31,2027-09-02,2027-09-09,SEP 27,2023-12-01,RBOB,2027,9
XBV27 Comdty,,XBV7 COMB,USD,42000.000000,0.010000,2027-09-30,2027-10-04,2027-10-08,OCT 27,2023-12-01,RBOB,2027,10
XBX27 Comdty,,XBX7 COMB,USD,42000.000000,0.010000,2027-10-29,2027-11-02,2027-11-06,NOV 27,2023-12-01,RBOB,2027,11
XBZ27 Comdty,,XBZ7 COMB,USD,42000.000000,0.010000,2027-11-30,2027-12-02,2027-12-08,DEC 27,2023-12-01,RBOB,2027,12
XBF28 Comdty,,XBF8 COMB,USD,42000.000000,0.010000,2027-12-31,2028-01-04,2028-01-08,JAN 28,2023-12-01,RBOB,2028,1
XBG28 Comdty,,XBG8 COMB,USD,42000.000000,0.010000,2028-01-31,2028-02-02,2028-02-08,FEB 28,2024-12-02,RBOB,2028,2
XBH28 Comdty,,XBH8 COMB,USD,42000.000000,0.010000,2028-02-29,2028-03-02,2028-03-08,MAR 28,2024-12-02,RBOB,2028,3
XBJ28 Comdty,,XBJ8 COMB,USD,42000.000000,0.010000,2028-03-31,2028-04-04,2028-04-08,APR 28,2024-12-02,RBOB,2028,4
XBK28 Comdty,,XBK8 COMB,USD,42000.000000,0.010000,2028-04-28,2028-05-02,2028-05-06,MAY 28,2024-12-02,RBOB,2028,5
XBM28 Comdty,,XBM8 COMB,USD,42000.000000,0.010000,2028-05-31,2028-06-02,2028-06-08,JUN 28,2024-12-02,RBOB,2028,6
NGQ13 Comdty,,NGQ13 COMB,USD,10000.000000,0.001000,2013-07-29,2013-07-30,2013-08-01,AUG 13,2007-11-29,NATGAS,2013,8
NGU13 Comdty,,NGU13 COMB,USD,10000.000000,0.001000,2013-08-28,2013-08-29,2013-09-01,SEP 13,2007-11-29,NATGAS,2013,9
NGV13 Comdty,,NGV13 COMB,USD,10000.000000,0.001000,2013-09-26,2013-09-27,2013-10-01,OCT 13,2007-11-29,NATGAS,2013,10
NGX13 Comdty,,NGX13 COMB,USD,10000.000000,0.001000,2013-10-29,2013-10-30,2013-11-01,NOV 13,2007-11-29,NATGAS,2013,11
NGZ13 Comdty,,NGZ13 COMB,USD,10000.000000,0.001000,2013-11-26,2013-11-27,2013-12-01,DEC 13,2007-11-29,NATGAS,2013,12
NGF14 Comdty,,NGF14 COMB,USD,10000.000000,0.001000,2013-12-27,2013-12-30,2014-01-01,JAN 14,2008-02-19,NATGAS,2014,1
NGG14 Comdty,,NGG14 COMB,USD,10000.000000,0.001000,2014-01-29,2014-01-30,2014-02-01,FEB 14,2008-02-19,NATGAS,2014,2
NGH14 Comdty,,NGH14 COMB,USD,10000.000000,0.001000,2014-02-26,2014-02-27,2014-03-01,MAR 14,2008-02-19,NATGAS,2014,3
NGJ14 Comdty,,NGJ14 COMB,USD,10000.000000,0.001000,2014-03-27,2014-03-28,2014-04-01,APR 14,2008-02-19,NATGAS,2014,4
NGK14 Comdty,,NGK14 COMB,USD,10000.000000,0.001000,2014-04-28,2014-04-29,2014-05-01,MAY 14,2008-02-19,NATGAS,2014,5
NGG21 Comdty,,NGG21 COMB,USD,10000.000000,0.001000,2021-01-27,2021-01-28,2021-02-01,FEB 21,2008-11-25,NATGAS,2021,2
NGH21 Comdty,,NGH21 COMB,USD,10000.000000,0.001000,2021-02-24,2021-02-25,2021-03-01,MAR 21,2008-11-25,NATGAS,2021,3
NGJ21 Comdty,,NGJ21 COMB,USD,10000.000000,0.001000,2021-03-29,2021-03-30,2021-04-01,APR 21,2008-11-25,NATGAS,2021,4
NGK21 Comdty,,NGK21 COMB,USD,10000.000000,0.001000,2021-04-28,2021-04-29,2021-05-01,MAY 21,2008-11-25,NATGAS,2021,5
NGM21 Comdty,,NGM21 COMB,USD,10000.000000,0.001000,2021-05-26,2021-05-27,2021-06-01,JUN 21,2008-11-25,NATGAS,2021,6
NGN21 Comdty,,NGN21 COMB,USD,10000.000000,0.001000,2021-06-28,2021-06-29,2021-07-01,JUL 21,2008-11-25,NATGAS,2021,7
NGQ21 Comdty,,NGQ21 COMB,USD,10000.000000,0.001000,2021-07-28,2021-07-29,2021-08-01,AUG 21,2008-11-25,NATGAS,2021,8
NGU21 Comdty,,NGU21 COMB,USD,10000.000000,0.001000,2021-08-27,2021-08-30,2021-09-01,SEP 21,2008-11-25,NATGAS,2021,9
NGV21 Comdty,,NGV21 COMB,USD,10000.000000,0.001000,2021-09-28,2021-09-29,2021-10-01,OCT 21,2008-11-25,NATGAS,2021,10
NGX21 Comdty,,NGX21 COMB,USD,10000.000000,0.001000,2021-10-27,2021-10-28,2021-11-01,NOV 21,2008-11-25,NATGAS,2021,11
NGZ16 Comdty,,NGZ16 COMB,USD,10000.000000,0.001000,2016-11-28,2016-11-29,2016-12-01,DEC 16,2008-02-19,NATGAS,2016,12
NGF17 Comdty,,NGF17 COMB,USD,10000.000000,0.001000,2016-12-28,2016-12-29,2017-01-01,JAN 17,2008-02-19,NATGAS,2017,1
NGG17 Comdty,,NGG17 COMB,USD,10000.000000,0.001000,2017-01-27,2017-01-30,2017-02-01,FEB 17,2008-02-19,NATGAS,2017,2
NGH17 Comdty,,NGH17 COMB,USD,10000.000000,0.001000,2017-02-24,2017-02-27,2017-03-01,MAR 17,2008-02-19,NATGAS,2017,3
NGJ17 Comdty,,NGJ17 COMB,USD,10000.000000,0.001000,2017-03-29,2017-03-30,2017-04-01,APR 17,2008-02-19,NATGAS,2017,4
NGK17 Comdty,,NGK17 COMB,USD,10000.000000,0.001000,2017-04-26,2017-04-27,2017-05-01,MAY 17,2008-02-19,NATGAS,2017,5
NGM17 Comdty,,NGM17 COMB,USD,10000.000000,0.001000,2017-05-26,2017-05-30,2017-06-01,JUN 17,2008-02-19,NATGAS,2017,6
NGN17 Comdty,,NGN17 COMB,USD,10000.000000,0.001000,2017-06-28,2017-06-29,2017-07-01,JUL 17,2008-02-19,NATGAS,2017,7
NGQ17 Comdty,,NGQ17 COMB,USD,10000.000000,0.001000,2017-07-27,2017-07-28,2017-08-01,AUG 17,2008-02-19,NATGAS,2017,8
NGU17 Comdty,,NGU17 COMB,USD,10000.000000,0.001000,2017-08-29,2017-08-30,2017-09-01,SEP 17,2008-02-19,NATGAS,2017,9
NGG16 Comdty,,NGG16 COMB,USD,10000.000000,0.001000,2016-01-27,2016-01-28,2016-02-01,FEB 16,2008-02-19,NATGAS,2016,2
NGH16 Comdty,,NGH16 COMB,USD,10000.000000,0.001000,2016-02-25,2016-02-26,2016-03-01,MAR 16,2008-02-19,NATGAS,2016,3
NGJ16 Comdty,,NGJ16 COMB,USD,10000.000000,0.001000,2016-03-29,2016-03-30,2016-04-01,APR 16,2008-02-19,NATGAS,2016,4
NGK16 Comdty,,NGK16 COMB,USD,10000.000000,0.001000,2016-04-27,2016-04-28,2016-05-01,MAY 16,2008-02-19,NATGAS,2016,5
NGM16 Comdty,,NGM16 COMB,USD,10000.000000,0.001000,2016-05-26,2016-05-27,2016-06-01,JUN 16,2008-02-19,NATGAS,2016,6
NGN16 Comdty,,NGN16 COMB,USD,10000.000000,0.001000,2016-06-28,2016-06-29,2016-07-01,JUL 16,2008-02-19,NATGAS,2016,7
NGQ16 Comdty,,NGQ16 COMB,USD,10000.000000,0.001000,2016-07-27,2016-07-28,2016-08-01,AUG 16,2008-02-19,NATGAS,2016,8
NGU16 Comdty,,NGU16 COMB,USD,10000.000000,0.001000,2016-08-29,2016-08-30,2016-09-01,SEP 16,2008-02-19,NATGAS,2016,9
NGV16 Comdty,,NGV16 COMB,USD,10000.000000,0.001000,2016-09-28,2016-09-29,2016-10-01,OCT 16,2008-02-19,NATGAS,2016,10
NGX16 Comdty,,NGX16 COMB,USD,10000.000000,0.001000,2016-10-27,2016-10-28,2016-11-01,NOV 16,2008-02-19,NATGAS,2016,11
NGQ18 Comdty,,NGQ18 COMB,USD,10000.000000,0.001000,2018-07-27,2018-07-30,2018-08-01,AUG 18,2008-02-19,NATGAS,2018,8
NGU18 Comdty,,NGU18 COMB,USD,10000.000000,0.001000,2018-08-29,2018-08-30,2018-09-01,SEP 18,2008-02-19,NATGAS,2018,9
NGV18 Comdty,,NGV18 COMB,USD,10000.000000,0.001000,2018-09-26,2018-09-27,2018-10-01,OCT 18,2008-02-19,NATGAS,2018,10
NGX18 Comdty,,NGX18 COMB,USD,10000.000000,0.001000,2018-10-29,2018-10-30,2018-11-01,NOV 18,2008-02-19,NATGAS,2018,11
NGZ18 Comdty,,NGZ18 COMB,USD,10000.000000,0.001000,2018-11-28,2018-11-29,2018-12-01,DEC 18,2008-02-19,NATGAS,2018,12
NGF19 Comdty,,NGF19 COMB,USD,10000.000000,0.001000,2018-12-27,2018-12-28,2019-01-01,JAN 19,2008-02-19,NATGAS,2019,1
NGG19 Comdty,,NGG19 COMB,USD,10000.000000,0.001000,2019-01-29,2019-01-30,2019-02-01,FEB 19,2008-02-19,NATGAS,2019,2
NGH19 Comdty,,NGH19 COMB,USD,10000.000000,0.001000,2019-02-26,2019-02-27,2019-03-01,MAR 19,2008-02-19,NATGAS,2019,3
NGJ19 Comdty,,NGJ19 COMB,USD,10000.000000,0.001000,2019-03-27,2019-03-28,2019-04-01,APR 19,2008-02-19,NATGAS,2019,4
NGK19 Comdty,,NGK19 COMB,USD,10000.000000,0.001000,2019-04-26,2019-04-29,2019-05-01,MAY 19,2008-02-19,NATGAS,2019,5
NGM19 Comdty,,NGM19 COMB,USD,10000.000000,0.001000,2019-05-29,2019-05-30,2019-06-01,JUN 19,2008-02-19,NATGAS,2019,6
NGN19 Comdty,,NGN19 COMB,USD,10000.000000,0.001000,2019-06-26,2019-06-27,2019-07-01,JUL 19,2008-02-19,NATGAS,2019,7
NGQ19 Comdty,,NGQ19 COMB,USD,10000.000000,0.001000,2019-07-29,2019-07-30,2019-08-01,AUG 19,2008-02-19,NATGAS,2019,8
NGU19 Comdty,,NGU19 COMB,USD,10000.000000,0.001000,2019-08-28,2019-08-29,2019-09-01,SEP 19,2008-02-19,NATGAS,2019,9
NGV19 Comdty,,NGV19 COMB,USD,10000.000000,0.001000,2019-09-26,2019-09-27,2019-10-01,OCT 19,2008-02-19,NATGAS,2019,10
NGX19 Comdty,,NGX19 COMB,USD,10000.000000,0.001000,2019-10-29,2019-10-30,2019-11-01,NOV 19,2008-02-19,NATGAS,2019,11
NGZ19 Comdty,,NGZ19 COMB,USD,10000.000000,0.001000,2019-11-26,2019-11-27,2019-12-01,DEC 19,2008-02-19,NATGAS,2019,12
NGF20 Comdty,,NGF20 COMB,USD,10000.000000,0.001000,2019-12-27,2019-12-30,2020-01-01,JAN 20,2008-02-19,NATGAS,2020,1
NGG20 Comdty,,NGG20 COMB,USD,10000.000000,0.001000,2020-01-29,2020-01-30,2020-02-01,FEB 20,2008-02-19,NATGAS,2020,2
NGH20 Comdty,,NGH20 COMB,USD,10000.000000,0.001000,2020-02-26,2020-02-27,2020-03-01,MAR 20,2008-02-19,NATGAS,2020,3
NGJ15 Comdty,,NGJ15 COMB,USD,10000.000000,0.001000,2015-03-27,2015-03-30,2015-04-01,APR 15,2008-02-19,NATGAS,2015,4
NGK15 Comdty,,NGK15 COMB,USD,10000.000000,0.001000,2015-04-28,2015-04-29,2015-05-01,MAY 15,2008-02-19,NATGAS,2015,5
NGM15 Comdty,,NGM15 COMB,USD,10000.000000,0.001000,2015-05-27,2015-05-28,2015-06-01,JUN 15,2008-02-19,NATGAS,2015,6
NGN15 Comdty,,NGN15 COMB,USD,10000.000000,0.001000,2015-06-26,2015-06-29,2015-07-01,JUL 15,2008-02-19,NATGAS,2015,7
NGQ15 Comdty,,NGQ15 COMB,USD,10000.000000,0.001000,2015-07-29,2015-07-30,2015-08-01,AUG 15,2008-02-19,NATGAS,2015,8
NGU15 Comdty,,NGU15 COMB,USD,10000.000000,0.001000,2015-08-27,2015-08-28,2015-09-01,SEP 15,2008-02-19,NATGAS,2015,9
NGV15 Comdty,,NGV15 COMB,USD,10000.000000,0.001000,2015-09-28,2015-09-29,2015-10-01,OCT 15,2008-02-19,NATGAS,2015,10
NGX15 Comdty,,NGX15 COMB,USD,10000.000000,0.001000,2015-10-28,2015-10-29,2015-11-01,NOV 15,2008-02-19,NATGAS,2015,11
NGZ15 Comdty,,NGZ15 COMB,USD,10000.000000,0.001000,2015-11-25,2015-11-27,2015-12-01,DEC 15,2008-02-19,NATGAS,2015,12
NGF16 Comdty,,NGF16 COMB,USD,10000.000000,0.001000,2015-12-29,2015-12-30,2016-01-01,JAN 16,2008-02-19,NATGAS,2016,1
NGM14 Comdty,,NGM14 COMB,USD,10000.000000,0.001000,2014-05-28,2014-05-29,2014-06-01,JUN 14,2008-02-19,NATGAS,2014,6
NGN14 Comdty,,NGN14 COMB,USD,10000.000000,0.001000,2014-06-26,2014-06-27,2014-07-01,JUL 14,2008-02-19,NATGAS,2014,7
NGQ14 Comdty,,NGQ14 COMB,USD,10000.000000,0.001000,2014-07-29,2014-07-30,2014-08-01,AUG 14,2008-02-19,NATGAS,2014,8
NGU14 Comdty,,NGU14 COMB,USD,10000.000000,0.001000,2014-08-27,2014-08-28,2014-09-01,SEP 14,2008-02-19,NATGAS,2014,9
NGV14 Comdty,,NGV14 COMB,USD,10000.000000,0.001000,2014-09-26,2014-09-29,2014-10-01,OCT 14,2008-02-19,NATGAS,2014,10
NGX14 Comdty,,NGX14 COMB,USD,10000.000000,0.001000,2014-10-29,2014-10-30,2014-11-01,NOV 14,2008-02-19,NATGAS,2014,11
NGZ14 Comdty,,NGZ14 COMB,USD,10000.000000,0.001000,2014-11-25,2014-11-26,2014-12-01,DEC 14,2008-02-19,NATGAS,2014,12
NGF15 Comdty,,NGF15 COMB,USD,10000.000000,0.001000,2014-12-29,2014-12-30,2015-01-01,JAN 15,2008-02-19,NATGAS,2015,1
NGG15 Comdty,,NGG15 COMB,USD,10000.000000,0.001000,2015-01-28,2015-01-29,2015-02-01,FEB 15,2008-02-19,NATGAS,2015,2
NGH15 Comdty,,NGH15 COMB,USD,10000.000000,0.001000,2015-02-25,2015-02-26,2015-03-01,MAR 15,2008-02-19,NATGAS,2015,3
NGV17 Comdty,,NGV17 COMB,USD,10000.000000,0.001000,2017-09-27,2017-09-28,2017-10-01,OCT 17,2008-02-19,NATGAS,2017,10
NGX17 Comdty,,NGX17 COMB,USD,10000.000000,0.001000,2017-10-27,2017-10-30,2017-11-01,NOV 17,2008-02-19,NATGAS,2017,11
NGZ17 Comdty,,NGZ17 COMB,USD,10000.000000,0.001000,2017-11-28,2017-11-29,2017-12-01,DEC 17,2008-02-19,NATGAS,2017,12
NGF18 Comdty,,NGF18 COMB,USD,10000.000000,0.001000,2017-12-27,2017-12-28,2018-01-01,JAN 18,2008-02-19,NATGAS,2018,1
NGG18 Comdty,,NGG18 COMB,USD,10000.000000,0.001000,2018-01-29,2018-01-30,2018-02-01,FEB 18,2008-02-19,NATGAS,2018,2
NGH18 Comdty,,NGH18 COMB,USD,10000.000000,0.001000,2018-02-26,2018-02-27,2018-03-01,MAR 18,2008-02-19,NATGAS,2018,3
NGJ18 Comdty,,NGJ18 COMB,USD,10000.000000,0.001000,2018-03-27,2018-03-28,2018-04-01,APR 18,2008-02-19,NATGAS,2018,4
NGK18 Comdty,,NGK18 COMB,USD,10000.000000,0.001000,2018-04-26,2018-04-27,2018-05-01,MAY 18,2008-02-19,NATGAS,2018,5
NGM18 Comdty,,NGM18 COMB,USD,10000.000000,0.001000,2018-05-29,2018-05-30,2018-06-01,JUN 18,2008-02-19,NATGAS,2018,6
NGN18 Comdty,,NGN18 COMB,USD,10000.000000,0.001000,2018-06-27,2018-06-28,2018-07-01,JUL 18,2008-02-19,NATGAS,2018,7
NGJ20 Comdty,,NGJ20 COMB,USD,10000.000000,0.001000,2020-03-27,2020-03-30,2020-04-01,APR 20,2008-02-19,NATGAS,2020,4
NGK20 Comdty,,NGK20 COMB,USD,10000.000000,0.001000,2020-04-28,2020-04-29,2020-05-01,MAY 20,2008-02-19,NATGAS,2020,5
NGM20 Comdty,,NGM20 COMB,USD,10000.000000,0.001000,2020-05-27,2020-05-28,2020-06-01,JUN 20,2008-02-19,NATGAS,2020,6
NGN20 Comdty,,NGN20 COMB,USD,10000.000000,0.001000,2020-06-26,2020-06-29,2020-07-01,JUL 20,2008-02-19,NATGAS,2020,7
NGQ20 Comdty,,NGQ20 COMB,USD,10000.000000,0.001000,2020-07-29,2020-07-30,2020-08-01,AUG 20,2008-02-19,NATGAS,2020,8
NGU20 Comdty,,NGU20 COMB,USD,10000.000000,0.001000,2020-08-27,2020-08-28,2020-09-01,SEP 20,2008-02-19,NATGAS,2020,9
NGV20 Comdty,,NGV20 COMB,USD,10000.000000,0.001000,2020-09-28,2020-09-29,2020-10-01,OCT 20,2008-02-19,NATGAS,2020,10
NGX20 Comdty,,NGX20 COMB,USD,10000.000000,0.001000,2020-10-28,2020-10-29,2020-11-01,NOV 20,2008-02-19,NATGAS,2020,11
NGZ20 Comdty,,NGZ20 COMB,USD,10000.000000,0.001000,2020-11-25,2020-11-27,2020-12-01,DEC 20,2008-02-19,NATGAS,2020,12
NGF21 Comdty,,NGF21 COMB,USD,10000.000000,0.001000,2020-12-29,2020-12-30,2021-01-01,JAN 21,2008-11-25,NATGAS,2021,1
NGM29 Comdty,,NGM29 COMB,USD,10000.000000,0.001000,2029-05-29,2029-05-30,2029-06-01,JUN 29,2016-11-29,NATGAS,2029,6
NGN29 Comdty,,NGN29 COMB,USD,10000.000000,0.001000,2029-06-27,2029-06-28,2029-07-01,JUL 29,2016-11-29,NATGAS,2029,7
NGQ29 Comdty,,NGQ29 COMB,USD,10000.000000,0.001000,2029-07-27,2029-07-30,2029-08-01,AUG 29,2016-11-29,NATGAS,2029,8
NGU29 Comdty,,NGU29 COMB,USD,10000.000000,0.001000,2029-08-29,2029-08-30,2029-09-01,SEP 29,2016-11-29,NATGAS,2029,9
NGV27 Comdty,,NGV27 COMB,USD,10000.000000,0.001000,2027-09-28,2027-09-29,2027-10-01,OCT 27,2014-11-26,NATGAS,2027,10
NGX27 Comdty,,NGX27 COMB,USD,10000.000000,0.001000,2027-10-27,2027-10-28,2027-11-01,NOV 27,2014-11-26,NATGAS,2027,11
NGZ27 Comdty,,NGZ27 COMB,USD,10000.000000,0.001000,2027-11-26,2027-11-29,2027-12-01,DEC 27,2014-11-26,NATGAS,2027,12
NGF28 Comdty,,NGF28 COMB,USD,10000.000000,0.001000,2027-12-29,2027-12-30,2028-01-01,JAN 28,2015-11-27,NATGAS,2028,1
NGG28 Comdty,,NGG28 COMB,USD,10000.000000,0.001000,2028-01-27,2028-01-28,2028-02-01,FEB 28,2015-11-27,NATGAS,2028,2
NGH28 Comdty,,NGH28 COMB,USD,10000.000000,0.001000,2028-02-25,2028-02-28,2028-03-01,MAR 28,2015-11-27,NATGAS,2028,3
NGJ28 Comdty,,NGJ28 COMB,USD,10000.000000,0.001000,2028-03-29,2028-03-30,2028-04-01,APR 28,2015-11-27,NATGAS,2028,4
NGK28 Comdty,,NGK28 COMB,USD,10000.000000,0.001000,2028-04-26,2028-04-27,2028-05-01,MAY 28,2015-11-27,NATGAS,2028,5
NGM28 Comdty,,NGM28 COMB,USD,10000.000000,0.001000,2028-05-26,2028-05-30,2028-06-01,JUN 28,2015-11-27,NATGAS,2028,6
NGN28 Comdty,,NGN28 COMB,USD,10000.000000,0.001000,2028-06-28,2028-06-29,2028-07-01,JUL 28,2015-11-27,NATGAS,2028,7
NGJ25 Comdty,,NGJ25 COMB,USD,10000.000000,0.001000,2025-03-27,2025-03-28,2025-04-01,APR 25,2012-11-29,NATGAS,2025,4
NGK25 Comdty,,NGK25 COMB,USD,10000.000000,0.001000,2025-04-28,2025-04-29,2025-05-01,MAY 25,2012-11-29,NATGAS,2025,5
NGM25 Comdty,,NGM25 COMB,USD,10000.000000,0.001000,2025-05-28,2025-05-29,2025-06-01,JUN 25,2012-11-29,NATGAS,2025,6
NGN25 Comdty,,NGN25 COMB,USD,10000.000000,0.001000,2025-06-26,2025-06-27,2025-07-01,JUL 25,2012-11-29,NATGAS,2025,7
NGQ25 Comdty,,NGQ25 COMB,USD,10000.000000,0.001000,2025-07-29,2025-07-30,2025-08-01,AUG 25,2012-11-29,NATGAS,2025,8
NGU25 Comdty,,NGU25 COMB,USD,10000.000000,0.001000,2025-08-27,2025-08-28,2025-09-01,SEP 25,2012-11-29,NATGAS,2025,9
NGV25 Comdty,,NGV25 COMB,USD,10000.000000,0.001000,2025-09-26,2025-09-29,2025-10-01,OCT 25,2012-11-29,NATGAS,2025,10
NGX25 Comdty,,NGX25 COMB,USD,10000.000000,0.001000,2025-10-29,2025-10-30,2025-11-01,NOV 25,2012-11-29,NATGAS,2025,11
NGZ25 Comdty,,NGZ25 COMB,USD,10000.000000,0.001000,2025-11-25,2025-11-26,2025-12-01,DEC 25,2012-11-29,NATGAS,2025,12
NGF26 Comdty,,NGF26 COMB,USD,10000.000000,0.001000,2025-12-29,2025-12-30,2026-01-01,JAN 26,2013-11-27,NATGAS,2026,1
NGQ28 Comdty,,NGQ28 COMB,USD,10000.000000,0.001000,2028-07-27,2028-07-28,2028-08-01,AUG 28,2015-11-27,NATGAS,2028,8
NGU28 Comdty,,NGU28 COMB,USD,10000.000000,0.001000,2028-08-29,2028-08-30,2028-09-01,SEP 28,2015-11-27,NATGAS,2028,9
NGV28 Comdty,,NGV28 COMB,USD,10000.000000,0.001000,2028-09-27,2028-09-28,2028-10-01,OCT 28,2015-11-27,NATGAS,2028,10
NGX28 Comdty,,NGX28 COMB,USD,10000.000000,0.001000,2028-10-27,2028-10-30,2028-11-01,NOV 28,2015-11-27,NATGAS,2028,11
NGZ28 Comdty,,NGZ28 COMB,USD,10000.000000,0.001000,2028-11-28,2028-11-29,2028-12-01,DEC 28,2015-11-27,NATGAS,2028,12
NGF29 Comdty,,NGF29 COMB,USD,10000.000000,0.001000,2028-12-27,2028-12-28,2029-01-01,JAN 29,2016-11-29,NATGAS,2029,1
NGG29 Comdty,,NGG29 COMB,USD,10000.000000,0.001000,2029-01-29,2029-01-30,2029-02-01,FEB 29,2016-11-29,NATGAS,2029,2
NGH29 Comdty,,NGH29 COMB,USD,10000.000000,0.001000,2029-02-26,2029-02-27,2029-03-01,MAR 29,2016-11-29,NATGAS,2029,3
NGJ29 Comdty,,NGJ29 COMB,USD,10000.000000,0.001000,2029-03-27,2029-03-28,2029-04-01,APR 29,2016-11-29,NATGAS,2029,4
NGK29 Comdty,,NGK29 COMB,USD,10000.000000,0.001000,2029-04-26,2029-04-27,2029-05-01,MAY 29,2016-11-29,NATGAS,2029,5
NGZ26 Comdty,,NGZ26 COMB,USD,10000.000000,0.001000,2026-11-25,2026-11-27,2026-12-01,DEC 26,2013-11-27,NATGAS,2026,12
NGF27 Comdty,,NGF27 COMB,USD,10000.000000,0.001000,2026-12-29,2026-12-30,2027-01-01,JAN 27,2014-11-26,NATGAS,2027,1
NGG27 Comdty,,NGG27 COMB,USD,10000.000000,0.001000,2027-01-27,2027-01-28,2027-02-01,FEB 27,2014-11-26,NATGAS,2027,2
NGH27 Comdty,,NGH27 COMB,USD,10000.000000,0.001000,2027-02-24,2027-02-25,2027-03-01,MAR 27,2014-11-26,NATGAS,2027,3
NGJ27 Comdty,,NGJ27 COMB,USD,10000.000000,0.001000,2027-03-29,2027-03-30,2027-04-01,APR 27,2014-11-26,NATGAS,2027,4
NGK27 Comdty,,NGK27 COMB,USD,10000.000000,0.001000,2027-04-28,2027-04-29,2027-05-01,MAY 27,2014-11-26,NATGAS,2027,5
NGM27 Comdty,,NGM27 COMB,USD,10000.000000,0.001000,2027-05-26,2027-05-27,2027-06-01,JUN 27,2014-11-26,NATGAS,2027,6
NGN27 Comdty,,NGN27 COMB,USD,10000.000000,0.001000,2027-06-28,2027-06-29,2027-07-01,JUL 27,2014-11-26,NATGAS,2027,7
NGQ27 Comdty,,NGQ27 COMB,USD,10000.000000,0.001000,2027-07-28,2027-07-29,2027-08-01,AUG 27,2014-11-26,NATGAS,2027,8
NGU27 Comdty,,NGU27 COMB,USD,10000.000000,0.001000,2027-08-27,2027-08-30,2027-09-01,SEP 27,2014-11-26,NATGAS,2027,9
NGZ21 Comdty,,NGZ21 COMB,USD,10000.000000,0.001000,2021-11-26,2021-11-29,2021-12-01,DEC 21,2008-11-25,NATGAS,2021,12
NGF22 Comdty,,NGF22 COMB,USD,10000.000000,0.001000,2021-12-29,2021-12-30,2022-01-01,JAN 22,2009-11-25,NATGAS,2022,1
NGG22 Comdty,,NGG22 COMB,USD,10000.000000,0.001000,2022-01-27,2022-01-28,2022-02-01,FEB 22,2009-11-25,NATGAS,2022,2
NGH22 Comdty,,NGH22 COMB,USD,10000.000000,0.001000,2022-02-24,2022-02-25,2022-03-01,MAR 22,2009-11-25,NATGAS,2022,3
NGJ22 Comdty,,NGJ22 COMB,USD,10000.000000,0.001000,2022-03-29,2022-03-30,2022-04-01,APR 22,2009-11-25,NATGAS,2022,4
NGK22 Comdty,,NGK22 COMB,USD,10000.000000,0.001000,2022-04-27,2022-04-28,2022-05-01,MAY 22,2009-11-25,NATGAS,2022,5
NGM22 Comdty,,NGM22 COMB,USD,10000.000000,0.001000,2022-05-26,2022-05-27,2022-06-01,JUN 22,2009-11-25,NATGAS,2022,6
NGN22 Comdty,,NGN22 COMB,USD,10000.000000,0.001000,2022-06-28,2022-06-29,2022-07-01,JUL 22,2009-11-25,NATGAS,2022,7
NGQ22 Comdty,,NGQ22 COMB,USD,10000.000000,0.001000,2022-07-27,2022-07-28,2022-08-01,AUG 22,2009-11-25,NATGAS,2022,8
NGU22 Comdty,,NGU22 COMB,USD,10000.000000,0.001000,2022-08-29,2022-08-30,2022-09-01,SEP 22,2009-11-25,NATGAS,2022,9
NGQ23 Comdty,,NGQ23 COMB,USD,10000.000000,0.001000,2023-07-27,2023-07-28,2023-08-01,AUG 23,2010-11-26,NATGAS,2023,8
NGU23 Comdty,,NGU23 COMB,USD,10000.000000,0.001000,2023-08-29,2023-08-30,2023-09-01,SEP 23,2010-11-26,NATGAS,2023,9
NGV23 Comdty,,NGV23 COMB,USD,10000.000000,0.001000,2023-09-27,2023-09-28,2023-10-01,OCT 23,2010-11-26,NATGAS,2023,10
NGX23 Comdty,,NGX23 COMB,USD,10000.000000,0.001000,2023-10-27,2023-10-30,2023-11-01,NOV 23,2010-11-26,NATGAS,2023,11
NGZ23 Comdty,,NGZ23 COMB,USD,10000.000000,0.001000,2023-11-28,2023-11-29,2023-12-01,DEC 23,2010-11-26,NATGAS,2023,12
NGF24 Comdty,,NGF24 COMB,USD,10000.000000,0.001000,2023-12-27,2023-12-28,2024-01-01,JAN 24,2011-11-29,NATGAS,2024,1
NGG24 Comdty,,NGG24 COMB,USD,10000.000000,0.001000,2024-01-29,2024-01-30,2024-02-01,FEB 24,2011-11-29,NATGAS,2024,2
NGH24 Comdty,,NGH24 COMB,USD,10000.000000,0.001000,2024-02-27,2024-02-28,2024-03-01,MAR 24,2011-11-29,NATGAS,2024,3
NGJ24 Comdty,,NGJ24 COMB,USD,10000.000000,0.001000,2024-03-26,2024-03-27,2024-04-01,APR 24,2011-11-29,NATGAS,2024,4
NGK24 Comdty,,NGK24 COMB,USD,10000.000000,0.001000,2024-04-26,2024-04-29,2024-05-01,MAY 24,2011-11-29,NATGAS,2024,5
NGV22 Comdty,,NGV22 COMB,USD,10000.000000,0.001000,2022-09-28,2022-09-29,2022-10-01,OCT 22,2009-11-25,NATGAS,2022,10
NGX22 Comdty,,NGX22 COMB,USD,10000.000000,0.001000,2022-10-27,2022-10-28,2022-11-01,NOV 22,2009-11-25,NATGAS,2022,11
NGZ22 Comdty,,NGZ22 COMB,USD,10000.000000,0.001000,2022-11-28,2022-11-29,2022-12-01,DEC 22,2009-11-25,NATGAS,2022,12
NGF23 Comdty,,NGF23 COMB,USD,10000.000000,0.001000,2022-12-28,2022-12-29,2023-01-01,JAN 23,2010-11-26,NATGAS,2023,1
NGG23 Comdty,,NGG23 COMB,USD,10000.000000,0.001000,2023-01-27,2023-01-30,2023-02-01,FEB 23,2010-11-26,NATGAS,2023,2
NGH23 Comdty,,NGH23 COMB,USD,10000.000000,0.001000,2023-02-24,2023-02-27,2023-03-01,MAR 23,2010-11-26,NATGAS,2023,3
NGJ23 Comdty,,NGJ23 COMB,USD,10000.000000,0.001000,2023-03-29,2023-03-30,2023-04-01,APR 23,2010-11-26,NATGAS,2023,4
NGK23 Comdty,,NGK23 COMB,USD,10000.000000,0.001000,2023-04-26,2023-04-27,2023-05-01,MAY 23,2010-11-26,NATGAS,2023,5
NGM23 Comdty,,NGM23 COMB,USD,10000.000000,0.001000,2023-05-26,2023-05-30,2023-06-01,JUN 23,2010-11-26,NATGAS,2023,6
NGN23 Comdty,,NGN23 COMB,USD,10000.000000,0.001000,2023-06-28,2023-06-29,2023-07-01,JUL 23,2010-11-26,NATGAS,2023,7
NGG26 Comdty,,NGG26 COMB,USD,10000.000000,0.001000,2026-01-28,2026-01-29,2026-02-01,FEB 26,2013-11-27,NATGAS,2026,2
NGH26 Comdty,,NGH26 COMB,USD,10000.000000,0.001000,2026-02-25,2026-02-26,2026-03-01,MAR 26,2013-11-27,NATGAS,2026,3
NGJ26 Comdty,,NGJ26 COMB,USD,10000.000000,0.001000,2026-03-27,2026-03-30,2026-04-01,APR 26,2013-11-27,NATGAS,2026,4
NGK26 Comdty,,NGK26 COMB,USD,10000.000000,0.001000,2026-04-28,2026-04-29,2026-05-01,MAY 26,2013-11-27,NATGAS,2026,5
NGM26 Comdty,,NGM26 COMB,USD,10000.000000,0.001000,2026-05-27,2026-05-28,2026-06-01,JUN 26,2013-11-27,NATGAS,2026,6
NGN26 Comdty,,NGN26 COMB,USD,10000.000000,0.001000,2026-06-26,2026-06-29,2026-07-01,JUL 26,2013-11-27,NATGAS,2026,7
NGQ26 Comdty,,NGQ26 COMB,USD,10000.000000,0.001000,2026-07-29,2026-07-30,2026-08-01,AUG 26,2013-11-27,NATGAS,2026,8
NGU26 Comdty,,NGU26 COMB,USD,10000.000000,0.001000,2026-08-27,2026-08-28,2026-09-01,SEP 26,2013-11-27,NATGAS,2026,9
NGV26 Comdty,,NGV26 COMB,USD,10000.000000,0.001000,2026-09-28,2026-09-29,2026-10-01,OCT 26,2013-11-27,NATGAS,2026,10
NGX26 Comdty,,NGX26 COMB,USD,10000.000000,0.001000,2026-10-28,2026-10-29,2026-11-01,NOV 26,2013-11-27,NATGAS,2026,11
NGM24 Comdty,,NGM24 COMB,USD,10000.000000,0.001000,2024-05-29,2024-05-30,2024-06-01,JUN 24,2011-11-29,NATGAS,2024,6
NGN24 Comdty,,NGN24 COMB,USD,10000.000000,0.001000,2024-06-26,2024-06-27,2024-07-01,JUL 24,2011-11-29,NATGAS,2024,7
NGQ24 Comdty,,NGQ24 COMB,USD,10000.000000,0.001000,2024-07-29,2024-07-30,2024-08-01,AUG 24,2011-11-29,NATGAS,2024,8
NGU24 Comdty,,NGU24 COMB,USD,10000.000000,0.001000,2024-08-28,2024-08-29,2024-09-01,SEP 24,2011-11-29,NATGAS,2024,9
NGV24 Comdty,,NGV24 COMB,USD,10000.000000,0.001000,2024-09-26,2024-09-27,2024-10-01,OCT 24,2011-11-29,NATGAS,2024,10
NGX24 Comdty,,NGX24 COMB,USD,10000.000000,0.001000,2024-10-29,2024-10-30,2024-11-01,NOV 24,2011-11-29,NATGAS,2024,11
NGZ24 Comdty,,NGZ24 COMB,USD,10000.000000,0.001000,2024-11-26,2024-11-27,2024-12-01,DEC 24,2011-11-29,NATGAS,2024,12
NGF25 Comdty,,NGF25 COMB,USD,10000.000000,0.001000,2024-12-27,2024-12-30,2025-01-01,JAN 25,2012-11-29,NATGAS,2025,1
NGG25 Comdty,,NGG25 COMB,USD,10000.000000,0.001000,2025-01-29,2025-01-30,2025-02-01,FEB 25,2012-11-29,NATGAS,2025,2
NGH25 Comdty,,NGH25 COMB,USD,10000.000000,0.001000,2025-02-26,2025-02-27,2025-03-01,MAR 25,2012-11-29,NATGAS,2025,3
