trade_date,SG Trend Indicator,SG CTA Index,SG Trend Index,S&P 500 TR,sg_trend_indicator_ret,sg_cta_index_ret,sg_trend_index_ret,sp500_ret
2000-01-01,100.0,100.0,100.0,100.0,,,,
2000-01-03,99.19,99.67,99.72,100.0,-0.008099999999999996,-0.0032999999999999696,-0.0028000000000000247,0.0
2000-01-04,95.9,98.7,97.07,96.17,-0.03316866619618908,-0.00973211598274304,-0.026574408343361444,-0.0383
2000-01-05,95.15,98.42,96.21,96.36,-0.00782064650677794,-0.0028368794326241176,-0.00885958586586999,0.001975668087761173
2000-01-06,93.89,98.24,95.35,96.47,-0.013242249080399393,-0.0018288965657387024,-0.00893877975262447,0.0011415525114155667
2000-01-07,94.92,97.7,94.4,99.09,0.010970284375332762,-0.005496742671009747,-0.009963293130571427,0.027158702187208617
2000-01-10,96.29,97.98,95.12,100.2,0.014433206911083074,0.002865916069600738,0.007627118644067732,0.01120193763245525
2000-01-11,96.19,99.35,97.42,98.89,-0.0010385294423097546,0.01398244539701965,0.02417998317914205,-0.01307385229540925
2000-01-12,95.84,99.63,97.96,98.46,-0.0036386318744151547,0.0028183190739807795,0.0055430096489426095,-0.004348265749823055
2000-01-13,97.15,99.47,97.71,99.66,0.013668614357262188,-0.0016059419853456935,-0.002552062066149441,0.01218769043266299
2000-01-14,99.43,100.43,99.67,100.73,0.023468862583633676,0.009651151100834587,0.02005935932862557,0.010736504113987522
2000-01-17,100.13,100.63,99.97,,0.007040128733782458,0.0019914368216666922,0.0030099327781678564,
2000-01-18,100.31,101.66,102.04,100.04,0.001797663038050512,0.010235516247639964,0.020706211863559032,
2000-01-19,99.99,101.34,101.79,100.1,-0.0031901106569635074,-0.003147747393271616,-0.002450019600156783,0.0005997600959615212
2000-01-20,100.19,101.3,101.58,99.39,0.0020002000200021186,-0.000394710874284665,-0.0020630710285883813,-0.007092907092906997
2000-01-21,100.49,101.11,101.5,99.1,0.0029943108094618864,-0.0018756169792695232,-0.0007875566056310124,-0.0029177985712849352
2000-01-24,99.52,101.19,101.1,96.36,-0.009652701761369231,0.0007912174859063814,-0.003940886699507429,-0.027648839556003946
2000-01-25,99.4,101.17,101.11,96.94,-0.001205787781350387,-0.00019764798893162627,9.891196834832527e-05,0.006019095060190827
2000-01-26,99.37,100.69,100.11,96.54,-0.0003018108651912099,-0.004744489473163971,-0.009890218573830434,-0.004126263668248309
2000-01-27,100.93,101.46,101.2,96.16,0.015698903089463645,0.007647234084814825,0.010888023174508099,-0.003936192251916437
2000-01-28,98.55,102.16,101.51,93.53,-0.02358069949469943,0.006899270648531575,0.0030632411067192944,-0.027350249584026542
2000-01-31,98.53,102.34,101.97,95.89,-0.00020294266869602673,0.0017619420516836737,0.004531573244015208,0.025232545707259746
2000-02-01,98.08,102.02,101.25,96.91,-0.004567136912615455,-0.0031268321282001965,-0.007060900264783787,0.010637188445093315
2000-02-02,98.11,101.49,99.95,96.91,0.0003058727569331676,-0.005195059792197587,-0.012839506172839465,0.0
2000-02-03,96.75,100.13,97.39,98.01,-0.013861991642034499,-0.01340033500837523,-0.025612806403201627,0.011350737797956922
2000-02-04,97.84,100.92,99.11,97.97,0.011266149870801101,0.00788974333366621,0.017660950816305476,-0.0004081216202429516
2000-02-07,98.64,101.81,100.42,97.96,0.00817661488143906,0.008818866428854433,0.013217636969024449,-0.0001020720628764904
2000-02-08,98.38,101.09,98.92,99.17,-0.0026358475263584813,-0.007071996856890306,-0.014937263493328024,0.012351980400163498
2000-02-09,99.02,101.29,99.25,97.13,0.006505387273836094,0.001978435057869321,0.003336029114435979,-0.020570737118080107
2000-02-10,99.32,101.99,100.91,97.48,0.0030296909715208376,0.00691085003455405,0.016725440806045322,0.003603418099454414
2000-02-11,99.51,101.82,100.24,95.45,0.0019130084575111894,-0.001666830081380577,-0.006639579823605191,-0.020824784571194077
2000-02-14,99.5,102.15,100.66,95.64,-0.00010049241282283905,0.003241013553329619,0.0041899441340782495,0.0019905709795704496
2000-02-15,99.48,101.86,100.2,96.48,-0.00020100502512554463,-0.002838962310327986,-0.00456983906218944,0.008782936010037767
2000-02-16,99.08,101.88,100.45,95.51,-0.004020908725371974,0.00019634792852940564,0.0024950099800398196,-0.010053897180762883
2000-02-17,98.87,102.25,100.79,95.55,-0.002119499394428681,0.003631723596387859,0.00338476854156311,0.0004188043136843511
2000-02-18,99.45,102.54,101.1,92.64,0.005866289066450925,0.0028361858190708578,0.0030757019545588626,-0.030455259026687553
2000-02-21,99.08,102.38,100.67,,-0.0037204625439920536,-0.0015603666861713217,-0.0042532146389712144,
2000-02-22,95.53,101.17,97.91,93.06,-0.03582963262010497,-0.011818714592693791,-0.027416310718188175,
2000-02-23,97.35,101.54,98.79,93.66,0.019051606825081002,0.003657210635563901,0.008987845981003106,0.006447453255963742
2000-02-24,98.29,101.45,98.86,93.16,0.009655880842321718,-0.0008863502068150453,0.0007085737422816152,-0.005338458253256406
2000-02-25,99.89,101.41,98.94,91.79,0.016278359955234523,-0.0003942828979793811,0.0008092251669027384,-0.014705882352941124
2000-02-28,100.23,100.89,98.31,92.81,0.003403744118530394,-0.005127699437925237,-0.00636749545178894,0.01111232160366038
2000-02-29,100.79,101.55,99.52,94.08,0.0055871495560211315,0.006541778174249169,0.012308005289390689,0.013683870272599874
2000-03-01,100.12,100.65,98.74,94.98,-0.0066474848695307065,-0.008862629246676468,-0.007837620578778126,0.00956632653061229
2000-03-02,100.99,101.2,99.39,95.15,0.0086895725129843,0.005464480874316946,0.0065829451083654345,0.0017898504948410388
2000-03-03,101.12,101.29,99.73,97.04,0.0012872561639767355,0.0008893280632411571,0.003420867290471863,0.01986337362059909
2000-03-06,101.83,101.53,100.25,95.82,0.007021360759493556,0.0023694342975613125,0.0052140780106286755,-0.012572135201978751
2000-03-07,101.76,101.85,100.81,93.37,-0.0006874202101541105,0.003151777799665023,0.005586034912718141,-0.025568774786057125
2000-03-08,101.05,100.72,98.7,94.14,-0.00697720125786172,-0.011094747177221365,-0.020930463247693654,0.008246760201349401
2000-03-09,99.68,100.1,97.9,96.55,-0.013557644730331386,-0.0061556791104051545,-0.008105369807497431,0.025600169959634655
2000-03-10,99.83,100.04,97.98,96.1,0.001504815409309801,-0.0005994005994004459,0.0008171603677220585,-0.0046607975142413105
2000-03-13,98.91,99.46,96.88,95.32,-0.009215666633276554,-0.005797680927629112,-0.011226780975709394,-0.008116545265348662
2000-03-14,98.49,99.21,96.31,93.64,-0.00424628450106157,-0.0025135732957972667,-0.005883567299752146,-0.017624842635333482
2000-03-15,98.02,99.34,96.15,95.91,-0.004772058076962127,0.001310351779054697,-0.001661302045478097,0.02424177701836827
2000-03-16,97.37,99.47,96.31,100.5,-0.006631299734747964,0.0013086370042278972,0.0016640665626623807,0.047857366280888325
2000-03-17,98.33,100.07,97.39,100.91,0.009859299578925729,0.006031969438021534,0.011213788806977432,0.004079601990049753
2000-03-20,98.16,99.52,96.22,100.37,-0.0017288721651581573,-0.005496152693114764,-0.0120135537529521,-0.005351303141413077
2000-03-21,98.48,100.17,97.46,102.94,0.0032599837000815146,0.006531350482315235,0.0128871336520473,0.02560526053601664
2000-03-22,99.01,100.27,97.7,103.4,0.005381803411860231,0.0009983028850952813,0.002462548737943937,0.004468622498542851
2000-03-23,98.73,99.77,97.0,105.25,-0.002827997172002883,-0.0049865363518499795,-0.007164790174002067,0.017891682785299734
2000-03-24,98.26,98.99,95.71,105.25,-0.004760457814240837,-0.007817981357121417,-0.01329896907216499,0.0
2000-03-27,98.34,98.89,95.58,105.0,0.000814166497048685,-0.0010102030508131188,-0.0013582697732733573,-0.002375296912114022
2000-03-28,97.67,98.94,95.72,103.89,-0.006813097417124325,0.0005056122964910426,0.0014647415777360173,-0.010571428571428565
2000-03-29,97.94,99.12,95.69,103.96,0.0027644107709634547,0.0018192844147968401,-0.00031341412452989825,0.0006737895851380848
2000-03-30,97.62,98.5,94.9,102.54,-0.0032673065141922697,-0.006255044390637621,-0.008255826105131092,-0.013659099653712814
2000-03-31,97.95,99.64,96.51,103.28,0.0033804548248310695,0.011573604060913789,0.016965226554267687,0.007216695923542016
2000-04-03,97.72,98.95,95.42,103.79,-0.0023481368044920847,-0.00692492974708947,-0.01129416640762615,0.004938032532920245
2000-04-04,97.66,98.41,94.48,103.02,-0.0006139991813344237,-0.005457301667508907,-0.00985118423810516,-0.007418826476539242
2000-04-05,97.31,98.16,94.07,102.52,-0.003583862379684555,-0.0025403922365613285,-0.004339542760372628,-0.004853426519122461
2000-04-06,98.2,98.01,93.86,103.5,0.009146028157434927,-0.0015281173594131614,-0.002232380142447088,0.009559110417479477
2000-04-07,100.26,98.56,95.04,104.53,0.02097759674134414,0.0056116722783388084,0.012571915619007168,0.00995169082125602
2000-04-10,99.93,98.26,94.43,103.71,-0.0032914422501495455,-0.0030438311688311126,-0.006418350168350129,-0.007844637902994389
2000-04-11,98.95,97.59,93.31,103.45,-0.009806864805363746,-0.00681864441278246,-0.011860637509266136,-0.002506990646996332
2000-04-12,98.14,97.34,92.67,101.15,-0.008185952501263305,-0.0025617378829798643,-0.006858857571535704,-0.02223296278395359
2000-04-13,98.27,97.45,92.82,99.32,0.001324638271856582,0.0011300595849599304,0.0016186468112657781,-0.018091942659416826
2000-04-14,96.91,98.15,93.31,93.53,-0.013839422000610613,0.007183170856849719,0.0052790346907996,-0.058296415626258535
2000-04-17,98.15,98.34,93.3,96.62,0.012795377154060539,0.001935812531838943,-0.00010716964955526098,0.033037528065861244
2000-04-18,98.96,97.8,92.84,99.4,0.00825267447783995,-0.005491153142159866,-0.0049303322615219525,0.02877251086731536
2000-04-19,99.35,97.92,93.11,98.42,0.00394098625707362,0.0012269938650306678,0.0029082292115467645,-0.009859154929577452
2000-04-20,99.74,97.61,92.62,98.91,0.003925515853044903,-0.0031658496732026586,-0.005262592632370278,0.004978662873399653
2000-04-21,99.66,97.72,92.8,,-0.000802085422097476,0.001126933715807743,0.0019434247462750687,
2000-04-24,99.37,97.71,92.79,98.59,-0.0029098936383703533,-0.00010233319688912612,-0.00010775862068956865,
2000-04-25,99.97,98.09,93.33,101.87,0.006038039649793658,0.003889059461672284,0.005819592628515835,0.033269094228623564
2000-04-26,100.75,98.13,93.39,100.75,0.007802340702210753,0.00040778876541947007,0.0006428801028608433,-0.010994404633356325
2000-04-27,100.89,98.17,93.33,101.03,0.0013895781637716098,0.0004076225415265977,-0.0006424670735625249,0.0027791563275434417
2000-04-28,102.48,98.2,93.23,100.17,0.015759738328873008,0.0003055923398187499,-0.0010714668381013315,-0.008512323072354722
2000-05-01,102.83,97.67,92.41,101.26,0.003415300546448119,-0.005397148676171137,-0.008795452107690727,0.010881501447539188
2000-05-02,102.76,97.07,91.42,99.75,-0.000680735194009463,-0.0061431350465854795,-0.01071312628503407,-0.014912107446178213
2000-05-03,102.06,97.2,91.46,97.61,-0.006811989100817484,0.0013392397239107012,0.00043754101947057755,-0.021453634085213058
2000-05-04,102.22,97.12,91.28,97.23,0.0015677052714089257,-0.0008230452674896638,-0.0019680734747429263,-0.003893043745517799
2000-05-05,101.54,96.73,90.43,98.82,-0.006652318528663548,-0.004015650741350907,-0.009312007011393453,0.01635297747608755
2000-05-08,101.98,97.05,90.94,98.25,0.004333267677762542,0.0033081774010130793,0.005639721331416547,-0.0057680631451122455
2000-05-09,102.37,97.06,90.73,97.42,0.0038242792704452633,0.00010303967027303074,-0.0023092148669451307,-0.008447837150127202
2000-05-10,102.82,97.57,91.32,95.44,0.0043958190876232095,0.005254481763857344,0.006502810536757275,-0.020324368712789975
2000-05-11,103.62,98.42,93.17,97.17,0.007780587434351505,0.00871169416828943,0.020258431887866912,0.01812657166806364
2000-05-12,101.98,97.43,91.38,98.08,-0.01582706041304771,-0.010058931111562641,-0.019212192765911795,0.009365030359164361
2000-05-15,103.1,98.01,92.18,100.25,0.01098254559717593,0.0059529918916145785,0.008754650908295192,0.022124796084828757
2000-05-16,103.79,98.11,92.35,101.19,0.006692531522793477,0.001020304050606935,0.0018442178346711469,0.009376558603491292
2000-05-17,104.67,98.96,93.88,99.94,0.008478658830330499,0.00866374477627141,0.016567406605305868,-0.012352999308232082
2000-05-18,105.38,99.82,95.52,99.22,0.006783223464220889,0.008690379951495464,0.017469109501491165,-0.007204322593556078
2000-05-19,104.64,99.0,94.28,97.13,-0.007022205352059219,-0.008214786615908576,-0.012981574539363439,-0.02106430155210648
2000-05-22,104.82,98.6,93.35,96.7,0.0017201834862383691,-0.004040404040404066,-0.0098642341960119,-0.0044270565221866676
2000-05-23,105.24,98.73,93.44,94.85,0.00400686891814539,0.0013184584178500547,0.0009641135511515575,-0.019131334022750912
2000-05-24,106.07,99.75,95.03,96.59,0.007886735081718,0.010331206320267405,0.01701626712328763,0.018344754876120195
2000-05-25,106.1,99.51,94.52,95.38,0.0002828320920147398,-0.002406015037593967,-0.00536672629695889,-0.012527176726369271
2000-05-26,105.18,98.7,93.07,95.15,-0.008671065032987646,-0.008139885438649408,-0.015340668641557365,-0.0024114070035645696
2000-05-29,105.14,98.69,93.08,,-0.00038030043734560426,-0.00010131712259375814,0.00010744600838075158,
2000-05-30,104.36,98.46,92.8,98.23,-0.007418679855430876,-0.0023305299422434755,-0.003008165019338205,
2000-05-31,104.72,98.33,92.16,98.12,0.003449597546952843,-0.0013203331302050758,-0.006896551724137945,-0.0011198208286674616
2000-06-01,104.56,98.35,91.96,100.07,-0.0015278838808250317,0.00020339672531277664,-0.0021701388888889506,0.01987362413371363
2000-06-02,102.82,97.28,89.96,102.03,-0.016641162968630496,-0.010879511947127551,-0.02174858634188781,0.019586289597282036
2000-06-05,101.13,96.2,88.04,101.37,-0.01643649095506705,-0.011101973684210509,-0.021342819030680138,-0.006468685680682151
2000-06-06,99.54,95.53,87.12,100.69,-0.015722337585286184,-0.006964656964656979,-0.010449795547478491,-0.006708099043109428
2000-06-07,99.09,95.88,87.38,101.64,-0.004520795660036159,0.0036637705432847056,0.0029843893480256956,0.009434899195550628
2000-06-08,99.91,96.1,87.85,100.97,0.008275305278029998,0.002294534835210582,0.0053788052185854696,-0.00659189295552931
2000-06-09,100.57,96.76,89.04,100.65,0.006605945350815601,0.006867845993756561,0.013545816733067761,-0.0031692581955035104
2000-06-12,100.79,97.01,89.57,99.89,0.0021875310728847186,0.0025837122778007426,0.005952380952380709,-0.007550919026328873
2000-06-13,100.39,97.58,90.5,101.52,-0.003968647683301962,0.005875682919286529,0.010382940716757938,0.01631794974471923
2000-06-14,100.36,97.69,90.69,101.6,-0.0002988345452734631,0.001127280180364787,0.0020994475138120805,0.0007880220646176994
2000-06-15,100.34,97.11,90.05,102.17,-0.00019928258270218713,-0.00593714812160917,-0.00705700738780457,0.005610236220472409
2000-06-16,99.87,97.37,90.07,101.19,-0.004684074147897177,0.0026773761713521083,0.0002220988339811658,-0.009591856709405877
2000-06-19,99.8,96.86,89.36,102.68,-0.0007009111845399651,-0.005237752901304349,-0.007882757855001588,0.014724775175412708
2000-06-20,99.66,96.85,89.47,101.99,-0.001402805611222413,-0.00010324179227760855,0.0012309758281110472,-0.006719906505648687
2000-06-21,99.74,96.51,89.19,102.21,0.0008027292795504959,-0.0035105833763551253,-0.0031295406281435234,0.0021570742229630735
2000-06-22,100.14,96.14,88.9,100.35,0.004010427110487269,-0.0038337996062585145,-0.00325148559255517,-0.018197828001174088
2000-06-23,100.73,96.41,89.24,99.61,0.005891751547833168,0.002808404410234999,0.0038245219347581294,-0.007374190333831576
2000-06-26,101.22,96.41,89.28,100.57,0.004864489228630919,0.0,0.00044822949350065144,0.009637586587691871
2000-06-27,100.37,96.48,89.32,100.24,-0.008397549891325795,0.0007260657608132437,0.00044802867383508804,-0.003281296609326856
2000-06-28,99.89,96.28,89.13,100.55,-0.004782305469761883,-0.0020729684908790125,-0.0021271831616659354,0.0030925778132482318
2000-06-29,99.86,96.76,89.88,99.69,-0.00030033036339971453,0.004985459077690102,0.008414675193537446,-0.008552958727001458
2000-06-30,100.03,96.51,89.41,100.54,0.001702383336671387,-0.0025837122778007426,-0.005229194481530919,0.008526431939011037
2000-07-03,99.01,96.41,89.45,101.57,-0.010196940917724606,-0.0010361620557456375,0.00044737725086685387,0.010244678734831814
2000-07-04,99.45,96.41,89.45,,0.004443995556004499,0.0,0.0,
2000-07-05,100.0,95.74,88.24,99.98,0.005530417295123158,-0.006949486567783492,-0.013527110117384056,
2000-07-06,99.82,95.44,87.85,100.71,-0.0018000000000000238,-0.003133486526007867,-0.004419764279238403,0.007301460292058248
2000-07-07,100.04,95.4,87.87,102.25,0.00220396714085358,-0.0004191114836545884,0.0002276607854299062,0.015291430841028797
2000-07-10,99.06,95.07,87.29,102.02,-0.009796081567373105,-0.0034591194968555117,-0.0066006600660065695,-0.0022493887530562473
2000-07-11,99.62,95.05,87.26,102.39,0.005653139511407224,-0.00021037130535395132,-0.00034368197960821245,0.0036267398549305607
2000-07-12,99.87,95.25,87.53,103.23,0.002509536237703225,0.002104155707522315,0.0030942012376804495,0.008203926164664477
2000-07-13,100.89,95.68,88.51,103.43,0.010213277260438636,0.0045144356955382214,0.011196161316120223,0.0019374212922600442
2000-07-14,100.18,95.51,88.17,104.41,-0.007037367429874042,-0.0017767558528428706,-0.0038413738560615363,0.009475007251281031
2000-07-17,99.62,95.32,87.61,104.45,-0.005589938111399517,-0.001989320490001223,-0.006351366678008397,0.0003831050665645819
2000-07-18,99.78,95.42,87.76,103.29,0.0016061031921301705,0.0010490977759127773,0.0017121333181144838,-0.011105792245093338
2000-07-19,100.01,95.13,87.2,102.48,0.002305071156544436,-0.003039195137287898,-0.006381039197812188,-0.007841998257333782
2000-07-20,100.09,94.87,87.25,103.42,0.0007999200079991109,-0.002733102070850313,0.0005733944954127157,0.0091725214676035
2000-07-21,100.11,95.02,87.36,102.36,0.00019982016185426943,0.001581110993991608,0.001260744985673412,-0.010249468187971456
2000-07-24,99.81,94.68,86.76,101.26,-0.0029967036260113433,-0.003578194064407403,-0.006868131868131844,-0.01074638530676042
2000-07-25,99.87,94.87,87.03,101.97,0.0006011421701233033,0.0020067596113222397,0.003112033195020736,0.007011653170057253
2000-07-26,99.94,95.22,87.54,100.44,0.0007009111845397431,0.0036892589859807146,0.00586004825922104,-0.015004413062665534
2000-07-27,100.9,95.31,88.01,100.26,0.009605763458074845,0.000945179584121103,0.005368974183230568,-0.0017921146953404632
2000-07-28,101.1,95.5,88.1,98.21,0.001982160555004775,0.00199349491134182,0.0010226110669240285,-0.02044683822062643
2000-07-31,101.9,94.99,87.29,98.96,0.00791295746785381,-0.005340314136125679,-0.009194097616344932,0.0076366968740453345
2000-08-01,102.33,94.74,87.08,99.47,0.004219823356231611,-0.002631855984840503,-0.002405773857257487,0.005153597413096289
2000-08-02,102.64,94.94,87.61,99.52,0.0030294146389133747,0.002111040743086434,0.006086357372530937,0.0005026641198351278
2000-08-03,102.95,95.05,87.91,100.48,0.0030202650038970713,0.0011586265009480012,0.0034242666362287455,0.009646302250803984
2000-08-04,103.65,95.3,88.52,101.21,0.006799417192812074,0.002630194634402949,0.006938914799226481,0.007265127388534909
2000-08-07,102.97,95.07,88.03,102.35,-0.006560540279787808,-0.0024134312696747484,-0.0055354722096701,0.011263709119652132
2000-08-08,103.68,95.18,88.37,102.6,0.006895212197727485,0.0011570421794468988,0.003862319663751057,0.002442598925256556
2000-08-09,103.46,94.98,88.11,101.92,-0.002121913580247048,-0.0021012817818869545,-0.002942174946248821,-0.00662768031189076
2000-08-10,103.32,95.26,88.56,101.06,-0.0013531799729363803,0.0029479890503263384,0.005107252298263587,-0.00843799058084771
2000-08-11,103.69,94.95,88.1,101.87,0.003581107239643888,-0.0032542515221499757,-0.00519421860885283,0.008015040569958387
2000-08-14,103.91,95.46,88.93,103.24,0.0021217089401099898,0.005371248025276332,0.009421112372304252,0.01344851281044468
2000-08-15,103.25,94.73,87.67,102.74,-0.006351650466750014,-0.0076471820657866285,-0.014168447093219405,-0.0048430840759395855
2000-08-16,102.28,94.33,87.06,102.44,-0.00939467312348663,-0.004222527182518809,-0.0069579103456142155,-0.002919992213354039
2000-08-17,102.35,94.66,87.74,103.56,0.0006843957763003061,0.003498356832396965,0.007810705260739681,0.010933229207340966
2000-08-18,103.03,95.16,88.61,103.26,0.006643869076697673,0.005282062117050401,0.009915659904262686,-0.0028968713789107037
2000-08-21,103.64,95.61,89.39,103.8,0.005920605648840116,0.00472887767969743,0.008802618214648561,0.005229517722254329
2000-08-22,103.72,95.07,88.48,103.71,0.0007719027402546264,-0.005647944775651115,-0.010180109631949819,-0.0008670520231214285
2000-08-23,104.48,94.77,88.22,104.26,0.007327419976860927,-0.00315556958030927,-0.002938517179023603,0.005303249445569591
2000-08-24,104.36,94.26,87.31,104.42,-0.0011485451761102938,-0.005381449825894169,-0.010315121287689855,0.0015346249760215258
2000-08-25,104.02,94.77,88.26,104.29,-0.0032579532387888577,0.005410566518141202,0.010880769671286261,-0.0012449722275426067
2000-08-28,103.73,94.86,88.36,104.83,-0.002787925398961666,0.0009496676163343043,0.0011330160888283203,0.005177869402627211
2000-08-29,104.38,95.3,88.96,104.54,0.006266268196278624,0.004638414505587107,0.006790402897238534,-0.002766383668797001
2000-08-30,104.24,95.42,89.41,104.06,-0.0013412531136233197,0.0012591815320042166,0.005058453237410054,-0.004591543906638629
2000-08-31,104.81,95.78,90.06,105.11,0.005468150422102802,0.003772793963529697,0.007269880326585376,0.010090332500480415
2000-09-01,103.81,96.1,90.5,105.33,-0.009541074324968979,0.0033409897682188383,0.004885631801021528,0.0020930453810292793
2000-09-04,103.95,96.14,90.44,,0.0013486176668915384,0.00041623309053084867,-0.0006629834254143763,
2000-09-05,104.72,96.83,91.86,104.38,0.007407407407407307,0.0071770334928229484,0.015701017249004856,
2000-09-06,105.79,97.87,93.69,103.36,0.010217723453017635,0.010740472993906902,0.01992161985630303,-0.009771986970684043
2000-09-07,105.89,97.69,93.6,104.07,0.0009452689290101457,-0.0018391744150404454,-0.0009606147934678733,0.006869195046439458
2000-09-08,106.87,96.86,91.87,103.52,0.009254887147039481,-0.008496263691268324,-0.018482905982905917,-0.005284904391275047
2000-09-11,107.51,97.31,92.93,103.16,0.005988584261251928,0.004645880652488055,0.011538042886687805,-0.0034775888717155645
2000-09-12,107.55,97.02,92.06,102.65,0.0003720584131707838,-0.002980166478265378,-0.009361885290003258,-0.004943776657619137
2000-09-13,107.8,97.03,92.07,102.88,0.002324500232450122,0.00010307153164301752,0.00010862480990647683,0.002240623477837156
2000-09-14,108.14,96.95,92.02,102.6,0.00315398886827456,-0.000824487271977703,-0.0005430650591941033,-0.0027216174183515296
2000-09-15,107.96,97.44,93.03,101.56,-0.0016645089698539284,0.005054151624548586,0.010975874809824093,-0.010136452241715332
2000-09-18,108.1,97.41,92.76,100.08,0.001296776583920023,-0.00030788177339902134,-0.002902289584005069,-0.014572666404096157
2000-09-19,108.09,96.8,91.89,101.15,-9.250693802032028e-05,-0.006262190740170426,-0.00937904269081502,0.010691446842526098
2000-09-20,107.96,96.83,91.9,100.56,-0.0012027014524933488,0.0003099173553720025,0.00010882576994242221,-0.0058329214038557176
2000-09-21,107.14,95.91,89.96,100.4,-0.00759540570581696,-0.009501187648456089,-0.02110990206746477,-0.0015910898965790787
2000-09-22,105.95,94.07,86.45,100.38,-0.011106962852342694,-0.01918465227817745,-0.03901734104046228,-0.00019920318725108466
2000-09-25,105.91,93.8,86.04,99.71,-0.0003775365738556413,-0.0028702030402890655,-0.004742625795257305,-0.006674636381749366
2000-09-26,104.93,93.39,85.19,98.89,-0.009253139458030302,-0.0043710021321961,-0.00987912598791274,-0.00822384916257135
2000-09-27,104.92,93.31,85.0,98.86,-9.530162965787348e-05,-0.0008566227647499591,-0.0022303087216809514,-0.00030336737789460333
2000-09-28,105.69,92.69,83.94,101.06,0.007338924895158083,-0.006644518272425293,-0.012470588235294122,0.022253692089823973
2000-09-29,106.09,92.68,83.96,99.56,0.00378465323114785,-0.00010788650339832451,0.0002382654276864571,-0.014842667722145264
2000-10-02,106.52,93.1,84.67,99.54,0.004053162409275002,0.004531722054380571,0.008456407813244526,-0.0002008838891121023
2000-10-03,106.78,93.08,84.79,98.87,0.0024408561772437665,-0.0002148227712136519,0.0014172670367309514,-0.006730962427164977
2000-10-04,106.12,92.65,83.96,99.43,-0.0061809327589436025,-0.004619681993983549,-0.009788890199316058,0.005664003236573345
2000-10-05,106.51,92.67,84.09,99.58,0.003675084809649398,0.00021586616297897265,0.0015483563601716988,0.0015085990143819394
2000-10-06,107.69,92.84,84.49,97.69,0.01107877194629614,0.0018344663861011856,0.004756808181709982,-0.01897971480216909
2000-10-09,108.38,93.31,85.25,97.21,0.0064072801560033366,0.005062473071951734,0.008995147354716515,-0.004913501893745509
2000-10-10,108.4,93.25,85.41,96.17,0.00018453589223121902,-0.0006430178973314549,0.0018768328445748494,-0.010698487809896018
2000-10-11,109.41,93.96,86.58,94.62,0.009317343173431691,0.007613941018766779,0.013698630136986356,-0.016117292294894447
2000-10-12,110.26,95.19,89.02,92.21,0.007768942509825516,0.013090676883780406,0.028182028182028196,-0.025470302261678457
2000-10-13,110.48,95.05,88.53,95.29,0.0019952838744785595,-0.0014707427250761906,-0.005504381037968908,0.033402017134801065
2000-10-16,111.03,94.55,87.52,95.32,0.004978276611151244,-0.005260389268805898,-0.011408562069355033,0.0003148284185117145
2000-10-17,111.76,94.73,87.95,93.61,0.006574799603710657,0.0019037546271813977,0.004913162705667329,-0.01793957196810736
2000-10-18,113.31,95.48,89.64,93.07,0.01386900501073729,0.007917238467222587,0.01921546333143831,-0.005768614464266686
2000-10-19,111.75,94.82,88.3,96.3,-0.01376754037595973,-0.006912442396313501,-0.01494868362338242,0.03470506070699475
2000-10-20,111.29,95.01,88.61,96.87,-0.004116331096196801,0.002003796667369828,0.003510758776896994,0.0059190031152649425
2000-10-23,111.41,95.38,89.34,96.79,0.0010782639949680206,0.003894326912956325,0.008238347816273528,-0.0008258490760812975
2000-10-24,110.56,94.92,88.37,96.95,-0.007629476707656346,-0.004822814007129361,-0.010857398701589416,0.00165306333298898
2000-10-25,112.34,95.57,89.28,94.65,0.016099855282199815,0.006847871892119661,0.010297612311870541,-0.02372356884992266
2000-10-26,112.76,95.78,89.5,94.62,0.0037386505251912894,0.0021973422622163508,0.0024641577060930953,-0.00031695721077651395
2000-10-27,111.61,94.62,87.34,95.68,-0.010198652004256847,-0.012111087909793206,-0.02413407821229041,0.01120270555907843
2000-10-30,111.97,94.89,87.69,97.01,0.003225517426753921,0.0028535193405199166,0.004007327684909523,0.013900501672240884
2000-10-31,110.63,94.29,86.67,99.14,-0.01196749129231045,-0.006323110970597456,-0.01163188504960655,0.021956499329965906
2000-11-01,110.01,93.78,85.94,98.58,-0.0056042664738316095,-0.005408845052497613,-0.008422752971039671,-0.00564857776881178
2000-11-02,110.21,93.72,85.82,99.08,0.0018180165439505291,-0.000639795265515053,-0.0013963230160577433,0.005072022722661718
2000-11-03,108.67,92.57,84.02,98.97,-0.01397332365484072,-0.01227059325650881,-0.020974131903985005,-0.0011102139685102985
2000-11-06,109.1,92.75,84.25,99.35,0.003956933836385401,0.0019444744517662649,0.0027374434658415936,0.003839547337576965
2000-11-07,109.03,92.71,84.15,99.33,-0.0006416131988999929,-0.0004312668463613001,-0.001186943620178016,-0.00020130850528432553
2000-11-08,110.17,93.0,84.81,97.78,0.010455837842795468,0.0031280336533276998,0.007843137254901933,-0.015604550488271363
2000-11-09,110.61,93.48,85.66,97.16,0.003993827720795151,0.005161290322580614,0.010022403018511872,-0.006340764982614044
2000-11-10,112.43,93.96,86.77,94.79,0.016454208480245924,0.005134788189987027,0.012958206864347455,-0.024392754219843438
2000-11-13,113.67,95.15,88.68,93.78,0.011029084763853003,0.012664963814389196,0.022012216203757262,-0.010655132397932365
2000-11-14,113.25,95.23,88.92,95.98,-0.003694906307732948,0.0008407777193903954,0.0027063599458727605,0.02345915973555135
2000-11-15,113.99,96.03,90.15,96.47,0.0065342163355408545,0.008400714060695202,0.013832658569500778,0.0051052302563032725
2000-11-16,115.0,96.38,90.82,95.26,0.008860426353188844,0.003644694366343737,0.0074320576816415684,-0.012542759407069504
2000-11-17,115.61,96.69,91.62,94.94,0.005304347826087019,0.00321643494500945,0.008808632459810672,-0.0033592273777032222
2000-11-20,117.32,97.82,93.26,93.2,0.014791108035637102,0.01168683421243144,0.017900021829294843,-0.018327364651358646
2000-11-21,117.64,98.11,94.0,93.54,0.0027275826798500713,0.0029646289102434054,0.00793480591893636,0.0036480686695279374
2000-11-22,118.5,99.12,95.43,91.8,0.007310438626317639,0.010294567322393311,0.015212765957446805,-0.018601667735728133
2000-11-23,118.71,99.14,95.48,,0.0017721518987341423,0.00020177562550438566,0.0005239442523314874,
2000-11-24,118.05,99.64,96.17,93.15,-0.005559767500631807,0.005043373007867613,0.007226644323418574,
2000-11-27,116.47,98.23,93.85,93.65,-0.013384159254553163,-0.014150943396226356,-0.024123947176874383,0.005367686527106841
2000-11-28,116.71,97.94,93.38,92.77,0.0020606164677599015,-0.0029522549119413988,-0.005007991475759144,-0.009396689802456004
2000-11-29,117.99,99.47,95.72,93.2,0.010967354982435173,0.015621809270982334,0.02505889912186765,0.004635119111781938
2000-11-30,117.78,100.65,97.6,91.32,-0.0017798118484616543,0.011862873228108972,0.019640618470539106,-0.020171673819742608
2000-12-01,116.66,99.82,95.47,91.34,-0.009509254542367174,-0.008246398410332922,-0.021823770491803285,0.00021901007446345488
2000-12-04,115.68,99.98,95.71,92.02,-0.008400480027430102,0.0016028851933480581,0.002513878705352468,0.007444712064812675
2000-12-05,115.86,100.64,96.76,95.6,0.001556016597510368,0.00660132026405269,0.010970640476439364,0.03890458595957402
2000-12-06,115.0,101.22,98.03,93.88,-0.007422751596754651,0.005763116057233786,0.0131252583712278,-0.017991631799163188
2000-12-07,115.36,101.66,98.96,93.33,0.00313043478260866,0.004346967002568647,0.009486891767826133,-0.005858542820622037
2000-12-08,115.06,101.09,98.03,95.16,-0.0026005547850207478,-0.005606925044265076,-0.009397736459175299,0.019607843137254832
2000-12-11,114.36,99.69,96.01,95.88,-0.006083782374413427,-0.013849045405084581,-0.020605936958074,0.007566204287515754
2000-12-12,114.51,99.93,96.26,95.25,0.0013116474291710034,0.002407463135720933,0.002603895427559566,-0.0065707133917396465
2000-12-13,115.31,101.13,98.39,94.5,0.006986289407038715,0.012008405884118778,0.02212757116143771,-0.007874015748031482
2000-12-14,114.84,102.64,100.82,93.17,-0.004075969126701939,0.014931276574705832,0.024697631873157766,-0.014074074074074017
2000-12-15,116.04,104.03,102.94,91.17,0.010449320794148509,0.013542478565861327,0.02102757389406862,-0.02146613716861656
2000-12-18,116.23,103.86,102.92,91.91,0.001637366425370601,-0.0016341439969239646,-0.00019428793471920613,0.008116705056487872
2000-12-19,116.05,104.13,103.19,90.72,-0.001548653531790456,0.0025996533795493715,0.002623396813058676,-0.012947448591012933
2000-12-20,116.41,106.92,107.77,87.89,0.0031021111589832895,0.026793431287813307,0.04438414575055716,-0.031194885361552016
2000-12-21,115.92,107.88,109.03,88.59,-0.004209260372820212,0.008978675645342271,0.011691565370696821,0.007964501080896635
2000-12-22,115.04,108.41,110.41,90.75,-0.007591442374051072,0.004912866147571471,0.012657066862331368,0.02438198442262096
2000-12-25,114.84,108.37,110.27,,-0.001738525730180851,-0.0003689696522459762,-0.0012680010868580949,
2000-12-26,114.78,109.06,111.03,91.39,-0.0005224660397074032,0.0063670757589737725,0.006892173755327802,
2000-12-27,113.85,108.92,110.72,92.37,-0.008102456874019892,-0.0012836970474967568,-0.0027920381878772105,0.010723273881168671
2000-12-28,113.45,108.39,109.65,92.74,-0.003513394817742599,-0.004865956665442539,-0.009664017341040387,0.004005629533398114
2000-12-29,114.16,109.56,111.67,91.77,0.006258263552225696,0.010794353722668237,0.01842225262197905,-0.010459348716842731
2001-01-01,114.18,109.56,111.68,,0.00017519271198329633,0.0,8.954956568474337e-05,
2001-01-02,115.21,111.6,115.38,89.2,0.009020844280959839,0.018619934282584794,0.03313037249283668,
2001-01-03,113.73,109.97,112.11,93.68,-0.012846107108757887,-0.014605734767025091,-0.02834113364534574,0.05022421524663678
2001-01-04,114.77,112.08,115.93,92.69,0.009144464960872067,0.019187051013912937,0.03407367763803415,-0.010567890691716597
2001-01-05,115.9,113.48,118.6,90.26,0.009845778513548842,0.012491077801570327,0.023031139480720997,-0.02621642032581717
2001-01-08,115.5,113.13,118.32,90.11,-0.00345125107851596,-0.003084243919633467,-0.0023608768971332683,-0.0016618657212498222
2001-01-09,115.01,112.75,117.52,90.45,-0.004242424242424159,-0.00335896755944487,-0.006761325219743042,0.0037731661302853325
2001-01-10,113.26,111.4,114.84,91.33,-0.015216068167985375,-0.01197339246119733,-0.022804628999319232,0.00972913211719173
2001-01-11,113.83,112.81,116.74,92.27,0.005032668197068713,0.012657091561938838,0.016544757924068287,0.010292346436001187
2001-01-12,112.23,111.87,114.51,91.68,-0.014056048493367279,-0.008332594628135737,-0.01910227856775737,-0.006394277663379078
2001-01-15,112.06,111.65,114.27,,-0.0015147465027176565,-0.001966568338249708,-0.0020958868221117033,
2001-01-16,111.37,110.98,112.76,92.26,-0.006157415670176691,-0.006000895656068095,-0.013214316968583106,
2001-01-17,111.46,111.14,113.16,92.46,0.0008081170871867549,0.001441701207424817,0.003547357218871783,0.0021677866897895637
2001-01-18,112.32,112.08,115.02,93.75,0.007715772474430338,0.008457800971747309,0.0164369034994698,0.0139519792342635
2001-01-19,110.46,110.68,112.43,93.37,-0.016559829059829,-0.012491077801570216,-0.022517822987306424,-0.004053333333333242
2001-01-22,109.72,110.31,112.08,93.4,-0.006699257649827928,-0.003342970726418537,-0.00311304811882962,0.0003213023455070907
2001-01-23,109.32,110.38,111.78,94.61,-0.0036456434560701023,0.0006345752878251787,-0.002676659528907943,0.012955032119914334
2001-01-24,107.59,109.66,110.49,94.89,-0.015825100622027022,-0.006522920818988975,-0.011540526033279708,0.00295951802135086
2001-01-25,107.97,109.23,110.1,94.41,0.0035319267589923875,-0.0039212110158671765,-0.0035297311973934153,-0.005058488776478076
2001-01-26,108.39,109.72,111.23,94.24,0.0038899694359544323,0.004485947084134301,0.01026339691189837,-0.0018006567100943283
2001-01-29,107.54,109.28,110.5,94.89,-0.007842051849801579,-0.004010207801676935,-0.0065629776139530804,0.006897283531409171
2001-01-30,108.49,109.47,110.83,95.56,0.00883392226148394,0.00173865300146403,0.0029864253393665496,0.0070608072505005115
2001-01-31,109.31,110.38,112.78,95.03,0.00755830030417548,0.008312779757011057,0.017594514120725435,-0.005546253662620404
2001-02-01,111.07,110.64,113.55,95.55,0.016100997164028907,0.002355499184634846,0.006827451675829099,0.00547195622435015
2001-02-02,110.17,109.67,111.55,93.89,-0.008102998109300374,-0.008767172812725987,-0.01761338617349184,-0.01737310308738882
2001-02-05,110.35,109.82,112.31,94.22,0.0016338386130525517,0.0013677395823834537,0.006813088301210302,0.0035147513047182333
2001-02-06,108.96,109.16,111.15,94.09,-0.01259628454916173,-0.006009834274266934,-0.010328554892707675,-0.0013797495223943912
2001-02-07,109.79,110.0,112.64,93.32,0.007617474302496374,0.007695126419934084,0.01340530814215013,-0.008183653948347414
2001-02-08,108.77,109.4,111.5,92.73,-0.009290463612350974,-0.005454545454545379,-0.010120738636363646,-0.006322331761680178
2001-02-09,110.63,110.5,113.57,91.5,0.017100303392479477,0.010054844606946833,0.01856502242152458,-0.013264315755418976
2001-02-12,109.86,110.57,113.53,92.58,-0.006960137394919963,0.0006334841628958809,-0.0003522056881217761,0.011803278688524488
2001-02-13,109.43,109.66,112.43,91.79,-0.003914072455852846,-0.008230080491996028,-0.009689068968554482,-0.008533160509829218
2001-02-14,109.13,108.97,111.0,91.61,-0.0027414785707758904,-0.00629217581615904,-0.012719025171217702,-0.001960997930057773
2001-02-15,107.19,107.77,108.21,92.36,-0.01777696325483369,-0.011012205194090186,-0.02513513513513521,0.008186879161663496
2001-02-16,108.84,108.39,109.86,90.62,0.015393226980128905,0.005752992483993635,0.015248128638758018,-0.01883932438284963
2001-02-19,109.1,108.63,110.1,,0.002388827636898183,0.002214226404649855,0.0021845985800108547,
2001-02-20,108.91,108.43,110.0,89.04,-0.0017415215398716155,-0.001841112031667036,-0.0009082652134422275,
2001-02-21,108.8,108.64,110.52,87.4,-0.0010100082637040098,0.0019367333763717909,0.004727272727272691,-0.018418688230009028
2001-02-22,108.75,108.42,110.0,87.23,-0.0004595588235294379,-0.0020250368188512446,-0.004705030763662688,-0.0019450800915331579
2001-02-23,110.21,108.74,110.58,86.75,0.013425287356321869,0.0029514849658733855,0.005272727272727318,-0.005502694027284205
2001-02-26,109.85,109.07,111.47,88.27,-0.0032664912439887006,0.003034761817178655,0.008048471694700687,0.01752161383285289
2001-02-27,110.74,109.78,112.82,87.6,0.008101957214383226,0.006509581003025566,0.012110881851619126,-0.007590347796533337
2001-02-28,111.6,110.52,114.01,86.36,0.007765938233700531,0.006740754235744273,0.010547775217160105,-0.014155251141552472
2001-03-01,112.43,111.3,115.24,86.45,0.007437275985663128,0.007057546145494031,0.01078852732216462,0.00104214914312184
2001-03-02,112.2,111.57,115.38,85.96,-0.0020457173352308455,0.0024258760107815913,0.001214855952794247,-0.005668016194332104
2001-03-05,112.22,111.2,115.2,86.48,0.00017825311942964994,-0.0033163036658598877,-0.0015600624024960652,0.006049325267566408
2001-03-06,111.3,111.29,114.98,87.34,-0.008198182142220678,0.0008093525179857508,-0.0019097222222221877,0.009944495837187706
2001-03-07,112.77,112.04,116.32,87.93,0.013207547169811207,0.0067391499685507394,0.011654200730561781,0.006755209525990402
2001-03-08,113.32,112.2,116.62,88.13,0.0048771836481333875,0.001428061406640424,0.0025790921595598704,0.0022745365631751113
2001-03-09,113.77,111.88,115.97,85.94,0.003971055418284575,-0.002852049910873511,-0.005573658034642492,-0.024849653920344883
2001-03-12,115.36,112.98,117.73,82.23,0.013975564735870583,0.009831962817304252,0.015176338708286607,-0.043169653246450945
2001-03-13,115.38,112.71,117.42,83.47,0.0001733703190014424,-0.0023898035050452515,-0.002633143633738233,0.015079654627264905
2001-03-14,117.65,114.5,120.73,81.32,0.019674120298145414,0.01588146570845539,0.028189405552716762,-0.025757757278064064
2001-03-15,118.02,115.47,122.08,81.79,0.003144921376965426,0.008471615720524017,0.01118197631077611,0.005779636005902811
2001-03-16,119.2,116.3,123.64,80.19,0.009998305371970995,0.007188014202823334,0.012778505897772074,-0.019562293678933917
2001-03-19,118.94,116.19,123.12,81.6,-0.0021812080536912637,-0.0009458297506448332,-0.004205758654157177,0.01758323980546206
2001-03-20,118.75,115.74,122.01,79.64,-0.0015974440894568342,-0.0038729666924864903,-0.009015594541910366,-0.02401960784313717
2001-03-21,119.98,116.73,124.15,78.22,0.010357894736842121,0.008553654743390426,0.017539545938857426,-0.01783023606228029
2001-03-22,121.57,118.11,126.84,77.9,0.013252208701450163,0.011822153687997883,0.021667337897704364,-0.004091025313219032
2001-03-23,119.27,116.28,123.62,79.45,-0.0189191412355022,-0.015494030988062013,-0.025386313465783683,0.019897304236200286
2001-03-26,117.6,115.58,122.42,80.35,-0.014001844554372478,-0.006019951840385285,-0.0097071671250607,0.01132787916928879
2001-03-27,116.37,114.31,119.9,82.4,-0.010459183673469319,-0.010988060218030782,-0.020584871752981515,0.02551337896701944
2001-03-28,116.86,114.57,120.12,80.4,0.004210707226948385,0.0022745166652085036,0.0018348623853210455,-0.024271844660194164
2001-03-29,117.76,115.05,120.92,80.03,0.007701523190142057,0.004189578423671181,0.0066600066600066565,-0.004601990049751259
2001-03-30,119.47,116.42,123.51,80.89,0.014521059782608647,0.011907866145154378,0.021419120079391396,0.010745970261152094
2001-04-02,119.87,116.32,122.95,79.88,0.0033481208671632956,-0.0008589589417626886,-0.004534045826248945,-0.012486092224007983
2001-04-03,120.13,116.05,122.31,77.14,0.0021690164344705387,-0.002321182943603839,-0.0052053680357868615,-0.0343014521782673
2001-04-04,119.62,115.65,121.47,76.93,-0.0042454008157828405,-0.0034467901766479514,-0.006867794947265193,-0.0027223230490017736
2001-04-05,118.39,114.53,119.55,80.29,-0.010282561444574512,-0.009684392563770072,-0.015806371943689834,0.04367606915377609
2001-04-06,118.87,114.99,120.81,78.7,0.00405439648618966,0.004016414913123212,0.01053952321204532,-0.019803213351600513
2001-04-09,118.9,115.17,121.04,79.34,0.0002523765458064542,0.0015653535090007775,0.0019038159092790163,0.008132147395171652
2001-04-10,117.22,113.77,117.78,81.5,-0.01412952060555095,-0.012155943388035162,-0.026933245208195733,0.02722460297453999
2001-04-11,116.14,112.93,115.83,81.33,-0.009213444804640814,-0.007383317218950469,-0.01655629139072845,-0.002085889570552113
2001-04-12,114.45,111.78,113.43,82.55,-0.01455140347856032,-0.010183299389002087,-0.02072002072002066,0.015000614779294263
2001-04-13,114.48,111.81,113.44,,0.0002621231979029748,0.00026838432635534204,8.81600987392428e-05,
2001-04-16,114.26,111.76,113.14,82.29,-0.0019217330538084942,-0.00044718719255876227,-0.002644569816643183,
2001-04-17,115.72,111.66,113.42,83.13,0.012777875021879881,-0.0008947745168218502,0.0024748099699487547,0.010207801676995754
2001-04-18,114.88,111.22,112.34,86.37,-0.007258900795022449,-0.003940533763209686,-0.009522130135778517,0.038975099242150923
2001-04-19,111.77,110.52,111.08,87.46,-0.02707172701949856,-0.006293832044596326,-0.011215951575574201,0.012620122727798888
2001-04-20,111.52,110.53,111.46,86.71,-0.0022367361546031805,9.048136083977809e-05,0.0034209578682029562,-0.00857534873084842
2001-04-23,113.58,110.48,111.57,85.41,0.018472022955523748,-0.0004523658735184899,0.0009869011304504127,-0.014992503748125885
2001-04-24,114.08,110.76,112.17,84.37,0.004402183483007471,0.0025343953656771223,0.0053777897284217335,-0.01217656012176549
2001-04-25,113.64,110.55,111.79,85.72,-0.0038569424964937093,-0.001895991332611091,-0.0033877150753320873,0.01600094820433795
2001-04-26,113.4,110.57,111.8,86.13,-0.002111932418162543,0.0001809136137493894,8.945343948463247e-05,0.004783014465702173
2001-04-27,113.24,111.34,113.18,87.42,-0.001410934744268122,0.006963914262458237,0.012343470483005436,0.014977359804946078
2001-04-30,112.68,111.45,113.18,87.18,-0.004945249028611709,0.000987964792527496,0.0,-0.0027453671928620027
2001-05-01,111.51,110.93,112.33,88.36,-0.010383386581469645,-0.004665769403319864,-0.00751016080579614,0.01353521449873818
2001-05-02,111.24,110.63,111.47,88.44,-0.002421307506053405,-0.002704408185342233,-0.0076560135315587585,0.0009053870529651675
2001-05-03,111.96,110.53,111.24,87.13,0.006472491909385036,-0.0009039139473921987,-0.0020633354265722215,-0.014812302125735033
2001-05-04,111.69,110.2,110.79,88.4,-0.002411575562700885,-0.0029856147652220777,-0.00404530744336562,0.014575921037530248
2001-05-07,112.51,110.42,111.48,88.18,0.007341749485182181,0.0019963702359346858,0.006227998916869648,-0.002488687782805421
2001-05-08,113.46,110.64,112.03,88.03,0.008443693893875892,0.001992392682484967,0.004933620380337178,-0.0017010660013608847
2001-05-09,113.16,110.82,112.02,87.64,-0.0026441036488630276,0.0016268980477223138,-8.926180487378588e-05,-0.0044303078495967485
2001-05-10,113.4,110.59,111.98,87.63,0.0021208907741252503,-0.002075437646634093,-0.0003570790930190748,-0.00011410314924698017
2001-05-11,114.98,111.28,113.05,86.97,0.013932980599647316,0.006239262139433821,0.009555277728165779,-0.007531667237247519
2001-05-14,115.87,111.71,114.05,87.21,0.007740476604626956,0.003864126527677758,0.00884564352056616,0.0027595722662987487
2001-05-15,115.66,111.67,114.04,87.25,-0.00181237593855188,-0.0003580700026855066,-8.768084173604862e-05,0.00045866299736285754
2001-05-16,114.84,111.34,113.59,89.74,-0.007089745806674652,-0.0029551356675919793,-0.003945983865310421,0.028538681948423905
2001-05-17,114.61,110.94,112.71,89.99,-0.002002786485545194,-0.0035925992455542177,-0.007747160841623413,0.0027858257187429736
2001-05-18,114.34,111.48,113.62,90.25,-0.002355815373876635,0.004867495943753353,0.008073817762399127,0.0028892099122124204
2001-05-21,114.48,111.43,113.46,91.7,0.0012244184012593085,-0.00044851094366704647,-0.0014082027812005737,0.016066481994459814
2001-05-22,115.54,112.32,114.75,91.46,0.0092592592592593,0.007987077088755123,0.011369645690111119,-0.002617230098146184
2001-05-23,116.08,112.28,114.4,90.05,0.004673706075817741,-0.00035612535612528085,-0.003050108932461826,-0.015416575552153922
2001-05-24,116.4,112.1,113.99,90.34,0.002756719503790528,-0.0016031350195939709,-0.003583916083916172,0.003220433092726349
2001-05-25,116.38,112.23,114.38,89.27,-0.0001718213058420348,0.0011596788581624828,0.0034213527502413577,-0.011844144343590934
2001-05-28,116.17,112.19,114.25,,-0.0018044337515036313,-0.00035641094181593225,-0.0011365623360727328,
2001-05-29,116.26,112.26,114.4,88.58,0.0007747266936386499,0.0006239415277655702,0.0013129102844640084,
2001-05-30,116.44,112.02,113.77,87.21,0.0015482539136417728,-0.002137894174238486,-0.005506993006993088,-0.015466245202077289
2001-05-31,116.63,112.63,114.34,87.76,0.0016317416695292852,0.005445456168541307,0.005010108112859291,0.006306616213737071
2001-06-01,115.5,111.75,112.57,88.1,-0.009688759324359086,-0.00781319364290145,-0.015480146930208272,0.003874202370100166
2001-06-04,115.51,111.59,112.33,88.55,8.658008658013472e-05,-0.001431767337807588,-0.0021320067513547203,0.005107832009080715
2001-06-05,114.5,110.82,111.18,89.7,-0.008743831702882954,-0.006900259879917603,-0.010237692513130892,0.012987012987013102
2001-06-06,114.95,111.17,111.66,88.77,0.003930131004366899,0.0031582746796607886,0.004317323259579009,-0.010367892976588688
2001-06-07,114.96,111.34,111.95,89.26,8.699434536740824e-05,0.0015291895295492797,0.0025971699802973536,0.005519882843302959
2001-06-08,115.38,111.43,112.27,88.42,0.0036534446764091566,0.0008083348302496685,0.00285841893702532,-0.009410710284561974
2001-06-11,115.77,111.79,112.72,87.68,0.0033801352054081413,0.0032307278111818327,0.004008194531041287,-0.008369147251752973
2001-06-12,115.46,111.47,112.07,87.78,-0.0026777230716075184,-0.0028625100635120138,-0.0057665010645848724,0.0011405109489051046
2001-06-13,114.65,111.32,111.91,86.81,-0.007015416594491453,-0.0013456535390689028,-0.0014276791291156776,-0.01105035315561631
2001-06-14,113.7,110.5,110.3,85.29,-0.008286088094199728,-0.007366151634926266,-0.01438656062907695,-0.017509503513420066
2001-06-15,114.56,110.75,110.42,84.9,0.007563764291996566,0.002262443438914019,0.0010879419764280307,-0.0045726345409778935
2001-06-18,114.78,110.66,110.24,84.49,0.0019203910614524755,-0.0008126410835215259,-0.0016301394674878011,-0.004829210836278075
2001-06-19,115.11,110.94,111.11,84.78,0.002875065342394123,0.002530272908006559,0.007891872278664724,0.0034323588590365883
2001-06-20,115.14,111.0,110.82,85.52,0.00026062027625739503,0.0005408328826392861,-0.0026100261002610647,0.008728473696626438
2001-06-21,114.86,110.91,110.66,86.5,-0.0024318221295813736,-0.0008108108108108025,-0.0014437827107020018,0.011459307764265736
2001-06-22,114.27,110.66,110.27,85.68,-0.00513668814208601,-0.0022540798845911425,-0.0035243086932947865,-0.009479768786127107
2001-06-25,114.32,110.57,110.31,85.21,0.00043756016452256574,-0.0008133020061449336,0.0003627459871224925,-0.005485527544351276
2001-06-26,114.74,110.53,110.19,85.08,0.003673897830650752,-0.00036176177986790847,-0.0010878433505575602,-0.0015256425302193621
2001-06-27,114.93,110.89,110.87,84.69,0.0016559177270352166,0.003257034289333216,0.006171158907341878,-0.004583921015514858
2001-06-28,116.91,111.69,112.33,85.75,0.01722787783868429,0.007214356569573477,0.013168575809506589,0.012516235683079469
2001-06-29,117.2,111.29,111.65,85.63,0.0024805405867762698,-0.0035813412122839283,-0.006053592094720894,-0.0013994169096210873
2001-07-02,116.78,111.12,111.17,86.49,-0.0035836177474403152,-0.0015275406595381957,-0.0042991491267353465,0.010043209155669697
2001-07-03,116.73,110.94,110.68,86.34,-0.0004281555060797748,-0.0016198704103672634,-0.00440766393811276,-0.001734304543877796
2001-07-04,117.03,110.92,110.75,,0.0025700334104343803,-0.00018027762754635468,0.0006324539212143598,
2001-07-05,117.93,112.22,112.41,85.29,0.007690335811330495,0.011720158672917425,0.014988713318284441,
2001-07-06,117.1,111.35,110.78,83.31,-0.0070380734333928,-0.007752628764926106,-0.014500489280313111,-0.023214913823425998
2001-07-09,116.87,111.25,110.74,83.88,-0.001964133219470421,-0.0008980691513246208,-0.0003610760064993723,0.0068419157364061345
2001-07-10,116.34,110.8,109.57,82.68,-0.0045349533669889475,-0.0040449438202248,-0.010565288062127531,-0.014306151645207321
2001-07-11,115.68,110.02,108.45,82.59,-0.005673027333677139,-0.007039711191335729,-0.010221776033585761,-0.0010885341074020616
2001-07-12,114.98,109.84,108.45,84.55,-0.006051175656984764,-0.001636066169787287,0.0,0.02373168664487224
2001-07-13,114.65,110.43,109.4,85.08,-0.002870064359018931,0.005371449380917825,0.008759797141539849,0.006268480189237202
2001-07-16,115.11,110.63,109.51,84.15,0.004012211077191408,0.001811102055600644,0.0010054844606945945,-0.01093088857545832
2001-07-17,115.1,110.35,109.16,84.99,-8.68734254192427e-05,-0.0025309590526981784,-0.003196055154780497,0.009982174688056844
2001-07-18,114.21,110.4,108.46,84.52,-0.007732406602953934,0.00045310376076135306,-0.006412605349945033,-0.005530062360277643
2001-07-19,113.4,110.08,108.13,85.04,-0.007092198581560183,-0.0028985507246377384,-0.0030425963488843744,0.006152389966871841
2001-07-20,114.02,109.37,106.77,84.74,0.005467372134038806,-0.0064498546511627675,-0.012577453065754196,-0.0035277516462842717
2001-07-23,114.87,110.02,107.71,83.36,0.007454832485529028,0.005943128828746369,0.008803971152945511,-0.016285107387302267
2001-07-24,114.53,110.14,107.78,82.0,-0.0029598676765039134,0.0010907107798583393,0.0006498932318261819,-0.016314779270633406
2001-07-25,114.35,109.95,107.52,83.32,-0.0015716406181787157,-0.0017250771745052074,-0.002412321395435235,0.01609756097560977
2001-07-26,114.47,109.78,107.37,84.19,0.0010494097070399278,-0.0015461573442473453,-0.0013950892857141906,0.010441670667306724
2001-07-27,114.27,109.7,107.29,84.4,-0.001747182667947933,-0.0007287301876479635,-0.0007450870820526756,0.0024943579997624976
2001-07-30,114.59,110.28,107.85,84.31,0.002800385052944776,0.005287146763901518,0.005219498555317337,-0.0010663507109005543
2001-07-31,114.22,110.47,108.41,84.78,-0.0032289030456410517,0.001722887196227818,0.005192396847473413,0.00557466492705494
2001-08-01,112.56,110.67,108.02,85.12,-0.014533356680091036,0.0018104462750068162,-0.0035974541093994894,0.004010379806558273
2001-08-02,111.82,109.43,105.8,85.47,-0.006574271499644735,-0.011204481792717047,-0.020551749675985942,0.004111842105263053
2001-08-03,112.17,109.8,106.71,85.03,0.003130030406009787,0.0033811569039567946,0.008601134215501016,-0.005148005148005175
2001-08-06,112.8,110.0,106.98,84.06,0.005616474993313636,0.0018214936247722413,0.0025302220972731604,-0.011407738445254556
2001-08-07,112.76,109.61,106.54,84.34,-0.00035460992907798694,-0.0035454545454545183,-0.00411291830248639,0.0033309540804187243
2001-08-08,113.61,110.43,107.78,82.89,0.007538134090102844,0.007481069245506955,0.011638821100056207,-0.017192316812900232
2001-08-09,112.38,110.97,108.46,82.9,-0.010826511750726242,0.004889975550122161,0.006309148264984188,0.00012064181445303745
2001-08-10,112.7,111.11,108.87,83.37,0.0028474817583199474,0.0012616022348381772,0.003780195463765512,0.005669481302774448
2001-08-13,113.06,111.72,109.88,83.46,0.0031943212067435667,0.005490054900548991,0.009277119500321396,0.0010795250089958852
2001-08-14,112.01,110.94,108.28,83.14,-0.009287104192464146,-0.006981740064446851,-0.014561339643247129,-0.0038341720584710304
2001-08-15,112.48,111.08,108.2,82.55,0.004196053923756882,0.0012619433928249268,-0.0007388252678240947,-0.007096463796006813
2001-08-16,113.18,111.52,109.18,82.81,0.006223328591749677,0.00396110911055092,0.009057301293900144,0.0031496062992126816
2001-08-17,114.6,113.03,111.66,81.43,0.012546386287329847,0.013540172166427666,0.022714782927276023,-0.016664654027291337
2001-08-20,113.74,112.26,110.28,82.09,-0.0075043630017451735,-0.006812350703353065,-0.012358946802794146,0.008105120962790036
2001-08-21,113.44,111.81,109.43,81.1,-0.0026375945138034096,-0.004008551576696995,-0.007707653246282087,-0.012059934218540791
2001-08-22,113.48,111.31,108.86,81.67,0.00035260930888592057,-0.004471871925588067,-0.005208809284474203,0.007028360049321947
2001-08-23,113.69,111.43,108.98,81.45,0.001850546351779947,0.0010780702542450005,0.0011023332720927481,-0.002693767601322339
2001-08-24,112.52,110.56,107.16,83.05,-0.010291142580701962,-0.007807592210356318,-0.016700311983850358,0.019643953345610754
2001-08-27,111.88,110.2,106.61,82.65,-0.0056878777106291745,-0.0032561505065122898,-0.005132512131392319,-0.004816375677302753
2001-08-28,113.39,111.17,108.98,81.41,0.013496603503754034,0.008802177858439286,0.022230559984992126,-0.015003024803387888
2001-08-29,113.72,111.63,110.07,80.52,0.0029103095511067156,0.00413780696230992,0.010001835199118903,-0.010932317897064281
2001-08-30,115.65,113.39,112.86,79.16,0.016971508969398474,0.01576637104720957,0.025347506132461284,-0.016890213611525096
2001-08-31,114.43,112.5,111.5,79.48,-0.010549070471249422,-0.007849016668136533,-0.012050327839801533,0.004042445679636186
2001-09-03,114.24,112.66,111.75,,-0.0016604037402779825,0.0014222222222222136,0.0022421524663676085,
2001-09-04,109.63,108.7,103.58,79.43,-0.0403536414565826,-0.03515000887626485,-0.07310961968680096,
2001-09-05,110.42,108.87,103.93,79.36,0.007206056736294819,0.0015639374425022723,0.003379030700907615,-0.0008812791136850739
2001-09-06,112.24,110.34,106.85,77.59,0.01648252128237626,0.013502342243042254,0.02809583373424407,-0.02230342741935476
2001-09-07,114.48,112.02,110.09,76.14,0.019957234497505416,0.015225666122892889,0.030322882545624763,-0.018687975254543132
2001-09-10,113.16,111.62,109.38,76.62,-0.011530398322851187,-0.00357079093019097,-0.006449268780089112,0.0063041765169424835
2001-09-11,114.82,114.09,114.64,76.62,0.014669494521032167,0.02212865077943027,0.04808923020661915,0.0
2001-09-12,114.67,114.27,115.57,76.62,-0.00130639261452703,0.0015777018143570132,0.008112351709699928,0.0
2001-09-13,117.14,115.2,117.26,76.62,0.021540071509549064,0.008138619060120922,0.01462317210348707,0.0
2001-09-14,119.43,116.8,119.77,76.62,0.019549257298958622,0.01388888888888884,0.0214054238444481,0.0
2001-09-17,119.31,116.83,120.13,72.87,-0.0010047726701833959,0.00025684931506853026,0.0030057610419971237,-0.04894283476898986
2001-09-18,118.88,116.19,118.7,72.45,-0.0036040566591233336,-0.005478045022682565,-0.011903770914842182,-0.0057636887608069065
2001-09-19,119.5,116.24,118.76,71.29,0.005215343203230249,0.0004303296324985606,0.0005054759898905914,-0.01601104209799853
2001-09-20,120.07,116.31,118.81,69.07,0.00476987447698729,0.000602202339986313,0.00042101717750075984,-0.031140412400056272
2001-09-21,119.64,116.24,118.79,67.76,-0.0035812442741733896,-0.0006018399105838235,-0.00016833599865329063,-0.01896626610684793
2001-09-24,118.6,114.88,116.11,70.4,-0.008692744901370841,-0.0116999311768754,-0.02256082161798134,0.03896103896103886
2001-09-25,119.32,115.48,117.2,71.02,0.006070826306914023,0.005222841225626773,0.009387649642580431,0.008806818181817944
2001-09-26,119.77,115.63,117.8,70.68,0.0037713711029165875,0.0012989262209905927,0.005119453924914641,-0.004787383835539116
2001-09-27,119.04,115.25,117.26,71.49,-0.00609501544627189,-0.003286344374297312,-0.004584040747028784,0.011460101867571959
2001-09-28,117.88,114.3,116.01,73.06,-0.009744623655914109,-0.008242950108459879,-0.01066007163568139,0.02196111344243956
2001-10-01,118.44,114.82,116.78,72.89,0.004750593824228044,0.0045494313210847626,0.006637358848375019,-0.0023268546400219137
2001-10-02,118.58,115.69,118.01,73.79,0.0011820330969267712,0.007577077164257151,0.010532625449563238,0.012347372753464203
2001-10-03,118.58,115.79,118.54,75.27,0.0,0.0008643789437290383,0.004491144818235648,0.020056918281609937
2001-10-04,118.3,115.23,117.9,75.09,-0.0023612750885477762,-0.004836341652992515,-0.005399021427366257,-0.0023913909924271337
2001-10-05,118.02,115.73,118.91,75.23,-0.002366863905325478,0.0043391477913736765,0.00856658184902459,0.0018644293514449295
2001-10-08,118.0,115.78,119.13,74.6,-0.0001694628029147438,0.0004320400933206514,0.0018501387604070718,-0.008374318755815624
2001-10-09,116.82,114.65,116.98,74.2,-0.010000000000000009,-0.009759889445499992,-0.018047511122303295,-0.005361930294906059
2001-10-10,115.75,114.25,115.84,75.91,-0.009159390515322663,-0.0034888791975578037,-0.00974525559924777,0.023045822102425895
2001-10-11,113.63,112.83,112.28,77.07,-0.018315334773218228,-0.012428884026258191,-0.03073204419889508,0.015281254116717102
2001-10-12,114.31,113.3,113.75,76.66,0.0059843351227668595,0.004165558805282243,0.013092269326683281,-0.005319839107305047
2001-10-15,114.02,113.95,114.97,76.54,-0.002536960895809681,0.005736981465136903,0.010725274725274625,-0.0015653535090006665
2001-10-16,114.13,114.15,115.41,77.08,0.0009647430275390168,0.001755155770074568,0.003827085326606916,0.007055134570159272
2001-10-17,114.07,113.88,114.94,75.64,-0.0005257162884430011,-0.0023653088042050463,-0.0040724373971059435,-0.018681888946548986
2001-10-18,115.4,114.5,116.6,75.05,0.011659507320066709,0.005444327362135626,0.014442317730990029,-0.007800105764146026
2001-10-19,114.58,113.96,115.56,75.39,-0.007105719237435082,-0.004716157205240212,-0.008919382504288142,0.00453031312458374
2001-10-22,113.4,114.1,115.28,76.55,-0.010298481410368265,0.0012285012285011554,-0.0024229837313949343,0.015386656055179637
2001-10-23,112.61,113.73,114.47,76.19,-0.006966490299823658,-0.003242769500438114,-0.007026370575988872,-0.004702808621815824
2001-10-24,113.22,114.69,116.36,76.22,0.00541692567267571,0.008441044579266643,0.016510876212108005,0.00039375246095296745
2001-10-25,114.48,115.66,118.45,77.26,0.011128775834658322,0.008457581306129613,0.017961498796837505,0.013644712673839043
2001-10-26,114.64,115.56,118.33,77.58,0.0013976240391333494,-0.0008646031471554183,-0.0010130856901646723,0.004141858659073128
2001-10-29,116.03,116.44,120.2,75.74,0.012124912770411722,0.0076150917272412855,0.01580326206372007,-0.02371745295179173
2001-10-30,117.59,117.62,122.53,74.44,0.013444798758941667,0.010133974579182414,0.019384359400998363,-0.01716398204383418
2001-10-31,118.82,118.53,124.37,74.45,0.010460073135470704,0.0077367794592755335,0.015016730596588701,0.00013433637829129985
2001-11-01,119.22,119.09,125.85,76.17,0.003366436626830449,0.004724542309963775,0.011899975878427282,0.023102753525856334
2001-11-02,118.27,118.25,124.45,76.39,-0.007968461667505422,-0.007053488957931009,-0.011124354390146918,0.0028882762242352644
2001-11-05,118.59,118.67,125.2,77.49,0.0027056734590344966,0.003551797040169058,0.006026516673362847,0.014399790548500935
2001-11-06,118.09,118.73,125.28,78.61,-0.004216207100092739,0.0005056037751749454,0.0006389776357826893,0.014453477868112019
2001-11-07,119.12,119.68,127.53,78.42,0.008722161063595468,0.0080013475953844,0.01795977011494254,-0.0024169952932197036
2001-11-08,117.49,118.13,124.62,78.62,-0.013683680322364111,-0.01295120320855625,-0.02281816043283935,0.002550369803621555
2001-11-09,117.48,117.33,123.2,78.75,-8.511362669150202e-05,-0.006772200118513427,-0.011394639704702336,0.0016535232765200192
2001-11-12,117.99,117.28,123.51,78.61,0.004341164453523838,-0.00042614847012700796,0.0025162337662338885,-0.001777777777777767
2001-11-13,115.1,115.88,120.15,80.08,-0.0244936011526401,-0.011937244201910002,-0.027204274957493335,0.018699910952804988
2001-11-14,114.05,114.4,117.34,80.25,-0.00912250217202426,-0.012771832930617788,-0.02338743237619645,0.002122877122877176
2001-11-15,111.96,112.65,113.46,80.32,-0.018325295922840934,-0.015297202797202814,-0.03306630305096314,0.0008722741433020431
2001-11-16,110.63,111.17,110.4,80.07,-0.011879242586638084,-0.013138038171327193,-0.026969857218402837,-0.0031125498007967822
2001-11-19,111.31,112.06,112.0,80.95,0.006146614842267084,0.008005756948817222,0.014492753623188248,0.010990383414512417
2001-11-20,111.27,111.18,110.73,80.36,-0.00035935675141507417,-0.007852935927181837,-0.011339285714285663,-0.007288449660284191
2001-11-21,110.28,110.74,109.87,79.97,-0.008897276894041517,-0.003957546321280869,-0.00776663957373791,-0.004853160776505772
2001-11-22,110.18,110.7,109.87,,-0.0009067827348566704,-0.0003612064294743478,0.0,
2001-11-23,109.91,111.01,110.07,80.9,-0.0024505354873843865,0.0028003613369467217,0.0018203331209609708,
2001-11-26,110.14,110.93,109.92,81.4,0.0020926212355563134,-0.0007206557967750493,-0.0013627691469064729,0.006180469715698411
2001-11-27,109.56,110.03,108.18,80.85,-0.005266025059015744,-0.008113224556026366,-0.015829694323144072,-0.00675675675675691
2001-11-28,110.35,109.63,107.58,79.38,0.007210660825118564,-0.0036353721712261144,-0.005546311702717799,-0.018181818181818188
2001-11-29,111.28,110.08,108.48,80.21,0.008427729950158724,0.00410471586244654,0.008365867261572735,0.010456034265557967
2001-11-30,111.37,109.48,107.46,80.16,0.0008087706685837581,-0.005450581395348819,-0.009402654867256777,-0.0006233636703653067
2001-12-03,111.37,109.34,107.5,79.49,0.0,-0.0012787723785165905,0.00037223152801058035,-0.008358283433133717
2001-12-04,111.65,109.67,108.14,80.54,0.0025141420490257804,0.003018108651911433,0.005953488372093085,0.013209208705497799
2001-12-05,109.82,109.54,107.46,82.36,-0.0163905060456786,-0.0011853743047323118,-0.006288144997225853,0.022597467097094537
2001-12-06,108.93,109.92,108.06,82.14,-0.008104170460753846,0.003469052400949302,0.005583472920156485,-0.002671199611461894
2001-12-07,108.33,110.09,108.36,81.52,-0.005508124483613375,0.0015465793304221265,0.0027762354247640175,-0.00754808862916978
2001-12-10,109.12,110.36,108.84,80.23,0.007292532077910252,0.0024525388318648034,0.0044296788482836025,-0.01582433758586843
2001-12-11,109.73,110.41,109.01,80.0,0.005590175953079202,0.0004530627038781265,0.0015619257625874017,-0.0028667580705472595
2001-12-12,109.85,110.17,108.2,80.04,0.0010935933655333852,-0.002173716148899496,-0.007430510962297077,0.000500000000000167
2001-12-13,108.97,110.21,108.6,78.8,-0.008010923987255336,0.0003630752473449128,0.003696857670979492,-0.015492253873063633
2001-12-14,108.58,110.95,109.16,79.06,-0.0035789666880793325,0.006714454223754718,0.0051565377532227785,0.003299492385786973
2001-12-17,108.25,111.39,110.24,79.85,-0.003039233744704384,0.0039657503379899595,0.009893733968486584,0.0099924108272198
2001-12-18,108.7,111.2,109.85,80.46,0.004157043879907674,-0.0017057186461980622,-0.003537735849056589,0.007639323731997383
2001-12-19,108.84,110.79,109.28,80.93,0.0012879484820607079,-0.003687050359712174,-0.005188893946290296,0.005841411881680525
2001-12-20,108.61,111.14,109.97,80.26,-0.0021131936787945893,0.0031591298853685945,0.006314055636896132,-0.008278759421722515
2001-12-21,109.42,111.51,110.89,80.61,0.00745787680692378,0.0033291344250494515,0.00836591797763031,0.0043608273112383245
2001-12-24,109.67,111.77,111.01,80.59,0.0022847742643026248,0.0023316294502735424,0.0010821534854361659,-0.0002481081751642966
2001-12-25,109.68,111.79,111.06,,9.1182638825682e-05,0.00017893889236830773,0.0004504098729842809,
2001-12-26,109.44,112.2,111.48,80.93,-0.002188183807439903,0.003667591018874594,0.0037817396002162162,
2001-12-27,109.57,112.58,112.01,81.5,0.0011878654970760572,0.0033868092691622387,0.004754216002870404,0.007043123687136887
2001-12-28,109.31,112.16,111.3,81.77,-0.002372912293510887,-0.003730680405045317,-0.0063387197571646015,0.0033128834355826697
2001-12-31,109.58,112.28,111.6,80.86,0.0024700393376635432,0.0010699001426532906,0.0026954177897573484,-0.0111287758346581
2002-01-02,110.04,112.22,110.84,81.34,0.004197846322321563,-0.000534378339864694,-0.006810035842293782,0.005936186000494725
2002-01-03,110.01,111.82,110.67,82.09,-0.00027262813522355156,-0.003564427018356797,-0.0015337423312883347,0.009220555692156296
2002-01-04,110.39,111.08,109.35,82.6,0.003454231433505983,-0.006617778572706068,-0.01192735158579572,0.00621269338530861
2002-01-07,109.58,110.71,108.68,82.06,-0.007337621161337071,-0.0033309326611451473,-0.006127114769090003,-0.0065375302663437385
2002-01-08,110.21,111.67,109.97,81.79,0.005749224311005552,0.008671303405293207,0.011869709238130133,-0.003290275408237786
2002-01-09,110.2,111.76,110.4,81.4,-9.073586788854726e-05,0.0008059460911615801,0.003910157315631491,-0.0047683090842400855
2002-01-10,109.38,111.72,109.83,81.5,-0.007441016333938344,-0.0003579098067287845,-0.005163043478260909,0.0012285012285011554
2002-01-11,108.84,111.36,109.5,80.73,-0.004936917169500732,-0.0032223415682062218,-0.003004643540016394,-0.00944785276073612
2002-01-14,108.1,111.09,109.06,80.23,-0.006798970966556461,-0.0024245689655172376,-0.004018264840182639,-0.00619348445435397
2002-01-15,108.05,110.44,108.16,80.77,-0.00046253469010171244,-0.00585111171122521,-0.008252338162479389,0.006730649383023701
2002-01-16,107.84,110.32,107.98,79.47,-0.0019435446552521496,-0.0010865628395508864,-0.0016642011834319126,-0.01609508480871602
2002-01-17,109.36,110.63,109.04,80.27,0.014094955489614147,0.0028100072516317187,0.009816632709761075,0.010066691833396257
2002-01-18,108.94,110.79,109.1,79.47,-0.003840526700804703,0.0014462623158275623,0.000550256786500336,-0.009966363523109423
2002-01-21,108.96,110.82,109.19,,0.00018358729575917998,0.00027078256160284475,0.0008249312557286892,
2002-01-22,109.57,111.8,110.48,78.89,0.005598384728340733,0.008843169103049942,0.011814268705925501,
2002-01-23,109.84,111.45,110.01,79.51,0.0024641781509537886,-0.0031305903398926027,-0.004254163649529352,0.007859044238813562
2002-01-24,110.69,111.86,110.62,79.79,0.0077385287691187354,0.0036787797218482687,0.005544950459049236,0.003521569613885056
2002-01-25,111.1,112.25,111.34,79.87,0.0037040383051765158,0.0034865009833719984,0.006508768757909955,0.0010026319087603763
2002-01-28,110.66,111.53,110.01,79.86,-0.003960396039603964,-0.006414253897550126,-0.011945392491467532,-0.00012520345561539692
2002-01-29,109.0,111.28,109.5,77.58,-0.015000903668895726,-0.00224154935891685,-0.004635942187073971,-0.02854996243426
2002-01-30,108.51,111.14,109.67,78.5,-0.00449541284403665,-0.0012580877066858953,0.0015525114155250375,0.011858726475895809
2002-01-31,109.27,111.71,110.81,79.68,0.007003962768408423,0.005128666546697858,0.010394820826114648,0.015031847133758047
2002-02-01,108.85,111.25,109.84,79.12,-0.0038436899423446302,-0.004117805030883437,-0.008753722588214052,-0.007028112449799173
2002-02-04,107.58,110.45,108.18,77.16,-0.011667432246210363,-0.007191011235955003,-0.015112891478514134,-0.024772497472194233
2002-02-05,107.99,111.42,110.16,76.85,0.0038111173080497274,0.008782254413761903,0.01830282861896837,-0.004017625712804618
2002-02-06,108.08,111.36,110.03,76.4,0.0008334105009724091,-0.000538502961766274,-0.0011801016702976952,-0.005855562784645274
2002-02-07,107.91,111.33,110.26,76.18,-0.001572908956328667,-0.0002693965517241992,0.0020903389984550103,-0.0028795811518324
2002-02-08,108.22,111.46,109.9,77.32,0.00287276434065431,0.0011676996317253607,-0.0032650099764193197,0.01496455762667348
2002-02-11,107.72,110.58,108.19,78.43,-0.0046202180742931365,-0.00789520904360308,-0.015559599636032817,0.01435592343507519
2002-02-12,107.44,109.93,107.44,78.11,-0.0025993316004455647,-0.005878097305118346,-0.006932248821517661,-0.004080071401249663
2002-02-13,108.19,110.26,108.24,78.92,0.006980640357408863,0.0030019103065586084,0.007446016381235987,0.010369991038279291
2002-02-14,108.24,109.95,107.36,78.78,0.00046214992143456257,-0.002811536368583334,-0.008130081300812941,-0.00177394830207811
2002-02-15,107.92,110.03,107.33,77.92,-0.002956393200295615,0.0007276034561163325,-0.0002794336810730824,-0.010916476263010955
2002-02-18,108.1,109.8,107.29,,0.0016679021497405522,-0.0020903389984550103,-0.00037268238144039234,
2002-02-19,107.8,110.31,107.83,76.45,-0.0027752081406104967,0.004644808743169415,0.005033087892627464,
2002-02-20,108.2,110.33,107.89,77.49,0.0037105751391466324,0.0001813072250929082,0.000556431419827419,0.013603662524525717
2002-02-21,108.17,110.2,107.62,76.29,-0.00027726432532348966,-0.0011782833318226826,-0.0025025488923903216,-0.01548586914440564
2002-02-22,107.12,109.81,106.8,76.91,-0.009706942775261185,-0.0035390199637023168,-0.007619401598216058,0.008126884257438682
2002-02-25,108.05,109.83,107.21,78.3,0.00868185212845396,0.0001821327747928425,0.003838951310861427,0.01807307242231171
2002-02-26,108.97,110.26,108.15,78.3,0.00851457658491439,0.003915141582445658,0.008767838821005514,0.0
2002-02-27,108.86,109.99,107.87,78.37,-0.0010094521427915781,-0.0024487574823146563,-0.0025889967637540146,0.000893997445721606
2002-02-28,108.41,109.34,106.46,78.15,-0.004133749770347306,-0.005909628148013324,-0.013071289515157236,-0.002807196631363973
2002-03-01,108.26,109.08,106.01,79.92,-0.001383636195922855,-0.002377903786354496,-0.004226939695660237,0.022648752399232253
2002-03-04,107.12,108.45,104.95,81.48,-0.010530205061888065,-0.005775577557755707,-0.009999056692764907,0.019519519519519468
2002-03-05,106.88,108.42,104.72,80.93,-0.0022404779686333587,-0.0002766251728907321,-0.0021915197713197054,-0.006750122729504149
2002-03-06,106.56,108.11,104.12,82.12,-0.0029940119760478723,-0.00285925106068996,-0.005729564553093924,0.014704065241566866
2002-03-07,104.88,107.91,103.76,81.76,-0.015765765765765827,-0.001849967625566551,-0.0034575489819439476,-0.004383828543594759
2002-03-08,105.98,108.12,104.67,82.23,0.01048817696414961,0.0019460661662498158,0.008770239013107028,0.005748532289628239
2002-03-11,105.23,108.14,105.03,82.51,-0.007076806944706582,0.0001849796522381819,0.0034393809114359186,0.003405083302930878
2002-03-12,105.08,107.8,104.35,82.33,-0.0014254490164402611,-0.0031440724986129265,-0.006474340664572087,-0.00218155375106055
2002-03-13,104.89,107.58,103.81,81.54,-0.001808146174343328,-0.0020408163265306367,-0.005174892189745983,-0.009595530183408085
2002-03-14,104.63,108.26,105.12,81.46,-0.002478787300982055,0.00632087748652177,0.012619208168769935,-0.0009811135638951862
2002-03-15,105.17,108.49,105.51,82.39,0.005161043677721633,0.0021245150563458104,0.003710045662100425,0.011416646206727332
2002-03-18,105.27,108.52,105.54,82.35,0.0009508414947227983,0.00027652318186,0.0002843332385555897,-0.000485495812598713
2002-03-19,105.59,108.8,105.94,82.68,0.0030398024128432954,0.002580169553999312,0.003790032215273742,0.004007285974499286
2002-03-20,106.17,109.03,105.95,81.39,0.005492944407614386,0.00211397058823537,9.439305267133768e-05,-0.01560232220609592
2002-03-21,106.28,109.29,106.45,81.51,0.001036074220589711,0.002384664771163836,0.004719207173194961,0.0014743826022853845
2002-03-22,106.98,109.14,105.82,81.17,0.0065863756115920324,-0.0013724951962668097,-0.005918271488962068,-0.004171267329162065
2002-03-25,107.36,109.06,105.44,79.98,0.0035520658066927613,-0.0007330034817665254,-0.0035910035910035054,-0.014660588887519976
2002-03-26,106.7,108.54,104.93,80.46,-0.006147540983606481,-0.004768017604988017,-0.004836874051593276,0.006001500375093727
2002-03-27,107.07,108.61,105.35,80.89,0.0034676663542640984,0.0006449235304955003,0.004002668445630242,0.005344270444941568
2002-03-28,108.81,109.55,107.02,81.09,0.01625105071448596,0.008654819998158425,0.015851922164214605,0.0024724935097044654
2002-03-29,108.71,109.45,106.8,,-0.0009190331770977389,-0.0009128251939752863,-0.002055690525135434,
2002-04-01,107.47,109.97,107.83,81.03,-0.011406494342746765,0.004751027866605639,0.009644194756554425,
2002-04-02,107.54,110.39,108.82,80.33,0.0006513445612730262,0.003819223424570417,0.009181118427153745,-0.00863877576206351
2002-04-03,106.45,109.24,106.64,79.55,-0.010135763436860734,-0.01041761029078725,-0.02003308215401578,-0.009709946470807918
2002-04-04,105.76,108.23,104.65,79.61,-0.006481916392672593,-0.009245697546686138,-0.018660915228807196,0.0007542426147078007
2002-04-05,105.3,107.49,103.34,79.36,-0.004349470499243613,-0.00683729095444896,-0.012517916865742995,-0.003140309006406272
2002-04-08,104.97,107.5,103.8,79.56,-0.0031339031339031598,9.303190994525146e-05,0.0044513257209211066,0.002520161290322509
2002-04-09,103.91,107.07,102.87,79.03,-0.010098123273316162,-0.004000000000000115,-0.008959537572254317,-0.006661639014580167
2002-04-10,104.79,107.48,103.7,79.93,0.008468867289000093,0.0038292705706548524,0.008068435889958092,0.01138808047576867
2002-04-11,104.79,107.18,102.43,78.04,0.0,-0.002791216970599142,-0.012246865959498532,-0.0236456899787314
2002-04-12,104.19,106.02,99.9,78.56,-0.005725737188663094,-0.010822914722896204,-0.02469979498193886,0.006663249615581623
2002-04-15,103.7,106.12,100.38,77.96,-0.00470294653997505,0.0009432182607056472,0.004804804804804608,-0.0076374745417516765
2002-04-16,104.78,106.29,101.14,79.79,0.010414657666345306,0.0016019600452317206,0.0075712293285514765,0.023473576192919676
2002-04-17,105.62,107.19,102.46,79.63,0.008016797098683082,0.008467400508043843,0.013051216136048982,-0.0020052638175210857
2002-04-18,105.72,107.27,102.74,79.52,0.0009467903806097411,0.0007463382778243322,0.002732773765371954,-0.0013813889237724863
2002-04-19,105.9,107.41,102.88,79.57,0.0017026106696935717,0.0013051179267269397,0.00136266303289867,0.0006287726358149559
2002-04-22,105.61,107.07,102.7,78.34,-0.0027384324834750506,-0.0031654408341867946,-0.0017496111975116024,-0.015458087218800931
2002-04-23,105.33,107.12,102.85,77.86,-0.00265126408484051,0.0004669842159334969,0.0014605647517038634,-0.00612713811590504
2002-04-24,105.34,107.22,102.64,77.31,9.493971328211614e-05,0.0009335324869303996,-0.0020418084589206575,-0.007063960955561277
2002-04-25,105.42,107.7,103.29,77.19,0.0007594456047086418,0.004476776720761189,0.006332813717848884,-0.0015521924718665536
2002-04-26,105.63,108.05,104.06,76.12,0.0019920318725099584,0.0032497678737233304,0.007454739084131967,-0.013861899209742123
2002-04-29,105.41,108.06,104.44,75.36,-0.0020827416453659264,9.254974548822403e-05,0.0036517393811261734,-0.0099842354177615
2002-04-30,105.16,107.77,104.14,76.17,-0.002371691490370975,-0.0026836942439386613,-0.002872462657985464,0.010748407643312197
2002-05-01,105.52,108.31,104.77,76.85,0.0034233548877899977,0.005010670873155876,0.0060495486844631685,0.008927399238545242
2002-05-02,104.48,107.68,103.84,76.73,-0.009855951478392688,-0.005816637429600147,-0.008876586809201004,-0.0015614834092386731
2002-05-03,106.54,109.16,106.31,75.94,0.019716692189892804,0.01374442793462105,0.023786594761171065,-0.010295842564837843
2002-05-06,106.0,108.89,105.93,74.47,-0.005068518866153671,-0.0024734334921215906,-0.0035744520741227692,-0.019357387411114035
2002-05-07,106.47,109.01,106.11,74.25,0.004433962264150937,0.0011020295711268169,0.0016992353440949959,-0.002954209748892156
2002-05-08,103.54,107.86,103.55,77.05,-0.02751948905795054,-0.010549490872397094,-0.024125907077561015,0.03771043771043758
2002-05-09,106.29,108.53,104.83,75.94,0.026559783658489433,0.006211755979974143,0.012361178174794762,-0.014406229720960395
2002-05-10,109.01,109.27,106.42,74.66,0.025590365979866414,0.0068183912282318015,0.015167413908232508,-0.01685541216750064
2002-05-13,107.95,108.97,105.6,76.06,-0.009723878543252962,-0.002745492815960482,-0.007705318549144913,0.018751674256630047
2002-05-14,104.89,108.12,103.53,77.67,-0.028346456692913358,-0.007800312012480437,-0.019602272727272663,0.021167499342624296
2002-05-15,107.05,108.43,104.36,77.25,0.02059300219277338,0.002867184609693041,0.00801699990340965,-0.0054074932406334986
2002-05-16,107.7,108.75,105.04,77.76,0.006071929005137866,0.002951212763995237,0.006515906477577715,0.0066019417475728925
2002-05-17,110.45,109.86,107.1,78.38,0.02553389043639731,0.010206896551724132,0.019611576542269527,0.007973251028806416
2002-05-20,112.15,110.22,107.61,77.33,0.015391579900407404,0.003276897870016393,0.004761904761904745,-0.013396274559836607
2002-05-21,112.97,110.05,107.19,76.48,0.007311636201515759,-0.0015423698058428803,-0.0039029829941454874,-0.010991853097116144
2002-05-22,115.65,111.02,108.69,76.92,0.02372311233070734,0.008814175374829647,0.013993842709207893,0.005753138075313746
2002-05-23,113.58,110.07,106.67,77.71,-0.01789883268482495,-0.0085570167537381,-0.01858496641825369,0.010270410816432651
2002-05-24,113.72,109.92,106.73,76.77,0.0012326113752421097,-0.0013627691469064729,0.000562482422424404,-0.012096255308197135
2002-05-27,113.72,109.93,106.78,,0.0,9.097525473067414e-05,0.000468471844842,
2002-05-28,116.42,110.98,108.18,76.11,0.023742525501231126,0.009551532793595996,0.013111069488668248,
2002-05-29,118.87,111.78,109.65,75.64,0.021044494073183317,0.007208506037123863,0.013588463671658335,-0.0061752726317172435
2002-05-30,119.9,112.35,110.61,75.43,0.008664928072684486,0.005099302200751499,0.008755129958960328,-0.0027763088313060846
2002-05-31,119.02,111.77,109.38,75.61,-0.007339449541284515,-0.005162438807298608,-0.011120151885001373,0.0023863184409385063
2002-06-03,120.77,112.7,110.86,73.73,0.014703411191396398,0.008320658495123867,0.01353081002011347,-0.024864435921174377
2002-06-04,121.77,113.37,111.71,73.74,0.008280202036929696,0.00594498669032828,0.0076673281616452815,0.00013563000135619063
2002-06-05,121.08,112.69,110.51,74.42,-0.0056664203005666325,-0.00599805945135401,-0.010742100080565642,0.009221589368050065
2002-06-06,121.94,113.48,111.95,72.95,0.007102741988767702,0.00701038246516994,0.013030494977829932,-0.019752754635850578
2002-06-07,121.84,113.23,111.73,72.83,-0.0008200754469410709,-0.0022030313711667304,-0.0019651630192050185,-0.001644962302947306
2002-06-10,120.92,112.81,110.93,73.06,-0.007550886408404511,-0.0037092643292413463,-0.007160118141949279,0.0031580392695318427
2002-06-11,121.5,112.88,111.23,71.85,0.0047965597088983625,0.0006205123659248635,0.002704408185342011,-0.016561730084861837
2002-06-12,121.61,113.32,111.05,72.33,0.0009053497942386191,0.0038979447200566675,-0.001618268452755589,0.006680584551148172
2002-06-13,121.09,113.29,111.05,71.58,-0.004275964147685163,-0.0002647370278855421,0.0,-0.010369141435089158
2002-06-14,121.92,114.25,113.9,71.41,0.006854405813857545,0.008473828228440228,0.02566411526339496,-0.0023749650740430006
2002-06-17,120.1,113.05,111.61,73.46,-0.014927821522309759,-0.010503282275711179,-0.020105355575065875,0.028707463940624622
2002-06-18,121.97,114.25,113.59,73.53,0.015570358034970866,0.010614772224679436,0.017740345847146344,0.0009528995371632654
2002-06-19,123.66,115.82,116.8,72.32,0.013855866196605726,0.013741794310722089,0.028259529888194246,-0.016455868353053238
2002-06-20,125.82,116.45,117.47,71.35,0.017467248908296984,0.005439475047487541,0.005736301369863028,-0.013412610619468968
2002-06-21,128.6,118.19,120.8,70.14,0.022095056429820348,0.014942035208243887,0.028347663233165843,-0.016958654519971916
2002-06-24,127.69,118.21,120.65,70.39,-0.007076205287713799,0.00016921905406541704,-0.0012417218543046005,0.0035642999714855517
2002-06-25,128.78,118.35,120.97,69.22,0.008536298848774493,0.0011843329667540203,0.002652300041442235,-0.016621679215797713
2002-06-26,131.56,120.56,125.48,69.07,0.02158720298182959,0.01867342627798907,0.03728197073654638,-0.0021670037561398736
2002-06-27,130.42,119.89,123.83,70.28,-0.008665247795682673,-0.005557398805574043,-0.013149505897354197,0.017518459533806485
2002-06-28,130.13,119.84,123.72,70.22,-0.0022235853396718186,-0.00041704896154803883,-0.0008883146248889195,-0.0008537279453614266
2002-07-01,129.38,119.36,122.91,68.72,-0.005763467301928893,-0.004005340453938633,-0.0065470417070805365,-0.02136143548846481
2002-07-02,130.65,119.97,124.58,67.28,0.00981604575668582,0.005110589812332478,0.013587177609633017,-0.020954598370197863
2002-07-03,130.15,119.53,124.1,67.7,-0.0038270187523918864,-0.003667583562557253,-0.003852945898218052,0.006242568370987023
2002-07-04,129.13,119.16,123.45,,-0.007837111025739585,-0.00309545720739568,-0.0052377115229652604,
2002-07-05,126.36,117.06,118.97,70.19,-0.021451250677611666,-0.01762336354481364,-0.03628999594977722,
2002-07-08,129.59,119.26,122.85,69.35,0.025561886672997858,0.018793780967025553,0.032613263848028984,-0.011967516740276407
2002-07-09,131.47,120.59,125.48,67.64,0.014507292229338553,0.011152104645312688,0.021408221408221406,-0.02465753424657524
2002-07-10,132.56,121.75,128.09,65.35,0.00829086483608421,0.009619371423832845,0.0208001275103602,-0.03385570668243654
2002-07-11,133.4,122.7,129.87,65.84,0.006336753168376674,0.007802874743326527,0.013896479038176368,0.007498087222647332
2002-07-12,133.05,123.21,130.48,65.41,-0.002623688155921955,0.00415647921760387,0.004697004697004514,-0.00653098420413134
2002-07-15,135.39,124.89,133.9,65.17,0.017587373167981868,0.01363525687850009,0.026210913549969517,-0.0036691637364316687
2002-07-16,134.65,124.95,133.78,63.97,-0.005465691705443421,0.00048042277203941275,-0.0008961911874533213,-0.018413380389749934
2002-07-17,134.28,124.72,133.63,64.33,-0.0027478648347568635,-0.001840736294517864,-0.0011212438331589247,0.005627637955291531
2002-07-18,134.36,124.5,133.67,62.59,0.0005957700327674509,-0.001763951250801754,0.000299333981890193,-0.027048033576869135
2002-07-19,137.03,126.23,136.76,60.19,0.01987198571003268,0.013895582329317202,0.023116630507967306,-0.0383447835117432
2002-07-22,137.18,125.95,137.76,58.21,0.0010946508063927052,-0.0022181731759486345,0.007312079555425566,-0.032895829872071736
2002-07-23,134.14,123.63,133.91,56.64,-0.02216066481994472,-0.0184200079396587,-0.027947154471544722,-0.02697131077134518
2002-07-24,136.53,125.55,137.25,59.89,0.017817205904279154,0.015530211113807368,0.02494212530804285,0.057379943502824826
2002-07-25,137.16,125.57,137.49,59.55,0.004614370468029039,0.00015929908403022885,0.0017486338797814138,-0.005677074636834201
2002-07-26,134.47,124.06,134.91,60.56,-0.01961213181685617,-0.01202516524647601,-0.018765001090988553,0.01696053736356018
2002-07-29,131.59,121.95,130.36,63.84,-0.02141741652413176,-0.017007899403514437,-0.03372618782892289,0.05416116248348746
2002-07-30,132.04,122.5,131.28,64.11,0.003419712744129333,0.004510045100450943,0.007057379564283428,0.004229323308270638
2002-07-31,132.9,123.09,132.8,64.75,0.006513177824901684,0.004816326530612258,0.011578305911029929,0.009982841990329172
2002-08-01,134.32,123.82,134.98,62.84,0.010684725357411384,0.005930619871638454,0.016415662650602236,-0.029498069498069435
2002-08-02,136.46,125.21,137.93,61.39,0.015932102441929885,0.01122597318688423,0.021855089642910164,-0.02307447485677916
2002-08-05,136.39,125.29,138.94,59.29,-0.000512970833944193,0.0006389266033064445,0.007322554919161783,-0.03420752565564422
2002-08-06,133.72,123.76,135.04,61.06,-0.019576215265048713,-0.012211668928086894,-0.02806967036130703,0.029853263619497472
2002-08-07,135.45,124.6,136.71,62.3,0.01293748130421779,0.006787330316742057,0.012366706161137664,0.02030789387487708
2002-08-08,133.52,123.5,134.44,64.34,-0.014248800295311725,-0.008828250401284099,-0.016604491258869203,0.03274478330658126
2002-08-09,134.67,123.92,135.15,64.58,0.008612941881365854,0.0034008097165991735,0.005281166319547781,0.003730183400683762
2002-08-12,136.48,125.18,137.4,64.24,0.013440261379668916,0.010167850225952346,0.01664816870144281,-0.005264787860018605
2002-08-13,137.2,125.77,138.65,62.85,0.005275498241500642,0.0047132129733182815,0.00909752547307141,-0.02163760896637601
2002-08-14,138.04,126.76,140.27,65.38,0.00612244897959191,0.00787151148922649,0.01168409664623149,0.04025457438345259
2002-08-15,136.29,125.65,137.6,66.15,-0.012677484787018245,-0.008756705585358127,-0.01903471875668361,0.01177730192719495
2002-08-16,134.64,125.1,136.26,66.05,-0.01210653753026636,-0.004377238360525393,-0.009738372093023306,-0.0015117157974302575
2002-08-19,133.74,124.38,135.12,67.61,-0.00668449197860943,-0.005755395683453179,-0.008366358432408516,0.023618470855412577
2002-08-20,135.02,124.83,136.06,66.66,0.00957080903245111,0.003617945007236001,0.006956779159265736,-0.014051175861559018
2002-08-21,134.22,124.56,135.7,67.52,-0.0059250481410162426,-0.002162941600576729,-0.0026458915184478515,0.012901290129012866
2002-08-22,132.51,123.3,133.15,68.47,-0.012740277156906621,-0.010115606936416222,-0.01879145173176111,0.014069905213270228
2002-08-23,133.55,123.82,134.22,66.92,0.007848464266847932,0.004217356042173437,0.008036049568156178,-0.022637651526215774
2002-08-26,133.83,124.13,134.94,67.42,0.00209659303631593,0.002503634307866376,0.005364327223960741,0.007471607890017884
2002-08-27,134.1,124.73,135.16,66.49,0.0020174848688634395,0.004833642149359552,0.001630354231510367,-0.013794126371996507
2002-08-28,135.15,124.85,135.77,65.29,0.007829977628635465,0.0009620780886714364,0.004513169576797926,-0.018047826740863138
2002-08-29,136.34,125.62,137.59,65.3,0.008805031446540879,0.006167400881057272,0.013405023201001676,0.00015316281206900761
2002-08-30,136.5,125.7,137.93,65.17,0.0011735367463694413,0.0006368412673141144,0.0024711098190275393,-0.00199081163859105
2002-09-02,137.22,125.96,138.55,,0.005274725274725167,0.0020684168655529245,0.004495033712752949,
2002-09-03,140.28,127.59,141.4,62.47,0.022299956274595578,0.012940616068593203,0.020570191266690685,
2002-09-04,140.43,127.2,141.69,63.58,0.0010692899914457321,-0.0030566658829062066,0.002050919377651894,0.01776852889386915
2002-09-05,141.59,127.86,143.56,62.57,0.008260343231503153,0.005188679245283101,0.013197826240384014,-0.015885498584460533
2002-09-06,139.73,127.47,142.61,63.63,-0.013136520940744467,-0.0030502111684654887,-0.006617442184452371,0.01694102605082315
2002-09-09,139.21,127.21,142.07,64.27,-0.0037214628211549305,-0.0020396956146544465,-0.0037865507327677905,0.010058148672009937
2002-09-10,138.97,126.71,141.07,64.74,-0.0017240140794483327,-0.003930508607813854,-0.007038783698177009,0.007312898708573101
2002-09-11,137.8,126.17,139.78,64.74,-0.008419083255378768,-0.00426169994475567,-0.009144396398950816,0.0
2002-09-12,139.69,126.86,140.74,63.15,0.013715529753265399,0.005468811920424699,0.006867935326942298,-0.024559777571825703
2002-09-13,139.65,127.02,141.64,63.36,-0.00028634834275886867,0.0012612328551158125,0.006394770498791891,0.003325415676959542
2002-09-16,139.87,127.37,142.38,63.46,0.001575366988900706,0.002755471579279023,0.005224512849477669,0.0015782828282828731
2002-09-17,139.56,126.88,141.27,62.2,-0.0022163437477658032,-0.0038470597471932377,-0.007796038769489977,-0.01985502678852813
2002-09-18,140.26,126.92,141.68,61.92,0.005015763829177233,0.00031525851197988786,0.0029022439300629976,-0.004501607717041778
2002-09-19,142.37,127.37,142.75,60.06,0.015043490660202608,0.003545540497951416,0.007552230378317315,-0.030038759689922423
2002-09-20,141.65,127.39,142.97,60.21,-0.005057245206153027,0.000157022846824173,0.001541155866900068,0.0024975024975024684
2002-09-23,142.68,128.12,144.95,59.38,0.007271443699258695,0.005730434100007953,0.013849059243197903,-0.013785085533964403
2002-09-24,144.06,128.62,145.91,58.35,0.009671993271656909,0.0039025913206369722,0.006622973439116997,-0.01734590771303468
2002-09-25,142.44,127.86,144.0,59.81,-0.011245314452311583,-0.005908878867983192,-0.01309026111986844,0.02502142245072836
2002-09-26,141.52,127.31,143.21,60.92,-0.006458859870822731,-0.004301579852964199,-0.0054861111111110805,0.018558769436548994
2002-09-27,142.68,127.8,144.38,58.95,0.008196721311475308,0.0038488728300998254,0.0081698205432581,-0.03233749179251477
2002-09-30,145.22,128.35,145.98,58.09,0.01780207457246985,0.004303599374021916,0.011081867294639114,-0.0145886344359627
2002-10-01,142.94,128.11,145.53,60.42,-0.015700316760776767,-0.0018698870276585566,-0.0030826140567200566,0.040110173868135535
2002-10-02,142.66,127.56,144.4,59.0,-0.0019588638589618235,-0.004293185543673528,-0.0077647220504363235,-0.02350215160542868
2002-10-03,143.33,127.54,143.76,58.37,0.004696481143978692,-0.00015678896205706394,-0.004432132963989033,-0.010677966101694913
2002-10-04,143.61,127.62,144.11,57.06,0.0019535338031118066,0.0006272541947625054,0.00243461324429628,-0.02244303580606466
2002-10-07,144.74,128.58,146.14,55.97,0.007868532831975417,0.007522331922896086,0.014086461730622224,-0.019102698913424532
2002-10-08,144.15,128.28,145.82,56.93,-0.0040762746994611465,-0.002333177788147567,-0.0021896811276856942,0.01715204573878859
2002-10-09,145.74,128.74,146.75,55.39,0.011030176899063493,0.003585905830994829,0.006377725963516712,-0.027050764096258506
2002-10-10,144.18,127.96,145.03,57.33,-0.01070399341292716,-0.006058723007612343,-0.011720613287904635,0.03502437263043867
2002-10-11,141.98,126.94,142.77,59.57,-0.015258704397281275,-0.007971241012816432,-0.015582982831138348,0.039072039072039155
2002-10-14,142.24,127.39,144.01,60.0,0.001831243837160379,0.003544981881203668,0.008685298031799293,0.0072183985227463054
2002-10-15,139.02,125.71,140.02,62.85,-0.02263779527559051,-0.01318784833974418,-0.027706409277133415,0.0475000000000001
2002-10-16,138.7,125.27,139.02,61.34,-0.0023018270752411807,-0.003500119322249584,-0.007141836880445673,-0.024025457438345277
2002-10-17,137.19,124.46,136.96,62.7,-0.010886806056236376,-0.0064660333679252835,-0.014818011796863817,0.022171503097489387
2002-10-18,136.98,124.49,137.12,63.08,-0.0015307238136891277,0.00024104129840907262,0.001168224299065379,0.006060606060605878
2002-10-21,135.78,123.73,134.93,64.17,-0.008760402978536974,-0.0061049080247408405,-0.0159714119019837,0.017279644895370927
2002-10-22,136.17,123.69,135.12,63.49,0.0028722934158196267,-0.0003232845712438648,0.001408137552805222,-0.01059685211157857
2002-10-23,136.5,123.81,135.41,63.91,0.0024234412866270816,0.0009701673538686784,0.002146240378922304,0.00661521499448714
2002-10-24,136.94,123.92,135.73,62.94,0.0032234432234432564,0.0008884581213148834,0.0023631932648990883,-0.015177593490846464
2002-10-25,137.29,123.64,135.01,64.02,0.0025558638819920265,-0.002259522272433867,-0.005304648935386402,0.01715919923736897
2002-10-28,137.94,123.87,134.93,63.49,0.004734503605506646,0.0018602394047233517,-0.0005925487000961738,-0.008278662917838076
2002-10-29,139.73,123.72,135.51,62.92,0.01297665651732638,-0.0012109469605231515,0.004298525161194666,-0.008977791778232769
2002-10-30,138.82,123.37,134.99,63.55,-0.006512559937021378,-0.0028289686388619506,-0.003837355176739554,0.01001271455816899
2002-10-31,140.13,124.06,136.08,63.2,0.009436680593574387,0.00559293183107723,0.008074672197940558,-0.0055074744295828815
2002-11-01,140.03,124.0,135.46,64.29,-0.0007136230642974528,-0.00048363694986297556,-0.004556143445032412,0.017246835443037956
2002-11-04,139.14,123.98,135.26,64.82,-0.0063557809040920565,-0.0001612903225806095,-0.0014764506127271648,0.008243894851454048
2002-11-05,138.68,123.77,134.67,65.32,-0.0033060227109384943,-0.0016938215841265647,-0.004361969540144894,0.007713668620796144
2002-11-06,139.18,124.2,135.36,65.93,0.003605422555523541,0.0034741859901430416,0.005123635553575534,0.009338640538885778
2002-11-07,141.49,125.24,137.09,64.44,0.01659721224313837,0.008373590982286627,0.012780732860520061,-0.022599726983164148
2002-11-08,143.05,125.76,137.72,63.88,0.011025514170612816,0.004152028106036543,0.004595521190458696,-0.008690254500310246
2002-11-11,143.56,125.66,137.79,62.55,0.00356518699755326,-0.0007951653944020531,0.0005082776648270837,-0.020820288040075186
2002-11-12,142.96,125.17,137.08,63.04,-0.004179437169127831,-0.0038994111093426653,-0.005152768706001787,0.00783373301358914
2002-11-13,142.8,124.73,136.73,63.03,-0.0011191941801902416,-0.0035152193017495836,-0.0025532535745551588,-0.00015862944162436943
2002-11-14,141.49,123.98,135.16,64.59,-0.009173669467787082,-0.006012988054197033,-0.011482483727053294,0.024750118990956693
2002-11-15,141.74,124.24,135.51,65.0,0.0017669093222136834,0.0020971124374897787,0.002589523527670945,0.006347731847035076
2002-11-18,141.41,124.08,134.79,64.32,-0.0023282065754198777,-0.0012878300064391723,-0.005313261013947357,-0.010461538461538522
2002-11-19,141.31,123.75,134.56,64.06,-0.0007071635669330112,-0.0026595744680850686,-0.0017063580384301114,-0.00404228855721378
2002-11-20,140.78,123.41,133.57,65.31,-0.003750619206000949,-0.0027474747474747208,-0.007357312722948928,0.019512956603184417
2002-11-21,139.94,122.87,132.03,66.72,-0.005966756641568427,-0.004375658374523916,-0.011529535075241348,0.021589343132751404
2002-11-22,139.48,122.38,131.03,66.49,-0.003287123052736929,-0.003987954748921663,-0.007574036203893075,-0.003447242206235046
2002-11-25,138.02,121.36,129.34,66.66,-0.010467450530541877,-0.008334695211635879,-0.012897809661909454,0.0025567754549555843
2002-11-26,138.78,121.35,129.68,65.27,0.005506448340820036,-8.239947264343517e-05,0.002628730477810537,-0.020852085208520887
2002-11-27,136.81,120.68,128.18,67.1,-0.014195128981121186,-0.0055212196126904756,-0.011566933991363326,0.028037383177569986
2002-11-28,137.08,120.59,127.92,,0.0019735399459104297,-0.0007457739476300906,-0.0020283975659229903,
2002-11-29,137.67,121.19,128.72,66.92,0.004304056025678182,0.004975536943361725,0.0062539086929329635,
2002-12-02,137.84,121.33,129.22,66.8,0.001234836928887928,0.0011552108259758054,0.003884400248601594,-0.0017931858936043321
2002-12-03,137.97,121.09,128.58,65.81,0.000943122460824064,-0.001978076320777955,-0.004952793685187973,-0.014820359281437101
2002-12-04,139.43,121.64,129.77,65.61,0.010582010582010692,0.004542076141712759,0.009254938559651649,-0.0030390518158335267
2002-12-05,140.32,121.78,130.02,64.82,0.006383131320375712,0.0011509371917133304,0.0019264853201819143,-0.01204084743179401
2002-12-06,141.14,121.65,130.11,65.23,0.005843785632839271,-0.0010674987682706139,0.0006922011998153899,0.006325208269053029
2002-12-09,141.69,121.62,129.81,63.79,0.0038968400170045214,-0.0002466091245376667,-0.0023057412958267243,-0.022075732025141903
2002-12-10,141.26,121.61,130.11,64.68,-0.0030347942691792973,-8.222331853313669e-05,0.0023110700254218575,0.01395203009876167
2002-12-11,141.48,121.82,130.79,64.73,0.0015574118646466406,0.001726831675026741,0.005226346937206916,0.0007730364873221873
2002-12-12,143.27,123.15,132.63,64.49,0.01265196494204135,0.01091774749630603,0.014068353849682635,-0.003707708944847954
2002-12-13,142.98,122.92,131.97,63.62,-0.002024150205905073,-0.0018676410881039995,-0.0049762497172585185,-0.013490463637773287
2002-12-16,142.72,122.84,132.44,65.12,-0.0018184361449152808,-0.0006508298080052377,0.003561415473213536,0.023577491354920044
2002-12-17,144.36,123.55,133.44,64.59,0.011491031390134632,0.0057798762618039845,0.007550588945937742,-0.008138820638820654
2002-12-18,144.62,124.05,134.84,63.75,0.0018010529232472816,0.004046944556859611,0.010491606714628343,-0.013005109150023286
2002-12-19,145.58,124.22,135.12,63.27,0.006638086018531331,0.0013704151551794386,0.0020765351527736176,-0.0075294117647057845
2002-12-20,145.28,124.01,134.85,64.1,-0.0020607226267345125,-0.0016905490259216949,-0.001998223801065846,0.01311838153943401
2002-12-23,145.1,124.19,135.93,64.21,-0.0012389867841410274,0.001451495847109019,0.008008898776418416,0.0017160686427457605
2002-12-24,146.19,125.0,137.3,63.86,0.007512060647829166,0.0065222642724858115,0.010078716986684277,-0.005450864351347007
2002-12-25,146.2,125.04,137.4,,6.840413160946746e-05,0.000320000000000098,0.0007283321194464509,
2002-12-26,146.37,125.26,138.07,63.66,0.001162790697674554,0.00175943698016634,0.004876273653566132,
2002-12-27,147.84,126.76,141.19,62.67,0.010043041606886627,0.011975091809037108,0.02259723328746288,-0.015551366635249697
2002-12-30,148.11,126.88,140.47,62.95,0.0018262987012986898,0.0009466708740926144,-0.005099511296834058,0.00446784745492268
2002-12-31,147.95,126.78,140.75,62.99,-0.0010802781716293675,-0.0007881462799494976,0.0019933081796825736,0.000635424940429008
2003-01-01,147.95,126.76,140.75,,0.0,-0.00015775358889413837,0.0,
2003-01-02,145.26,124.34,136.23,65.09,-0.018181818181818188,-0.019091195960870944,-0.032113676731793994,
2003-01-03,146.75,125.42,138.03,65.06,0.010257469365276162,0.008685861347917045,0.013212948689715898,-0.0004609002919034877
2003-01-06,147.69,125.54,137.41,66.52,0.006405451448040944,0.0009567852017222656,-0.004491777149895015,0.02244082385490298
2003-01-07,147.51,124.88,136.24,66.09,-0.0012187690432663434,-0.005257288513621283,-0.008514664143803086,-0.006464221286830885
2003-01-08,148.95,126.37,139.4,65.18,0.009762050030506453,0.011931454196028257,0.023194362889019438,-0.013769102738689587
2003-01-09,148.26,126.26,138.85,66.45,-0.004632426988922411,-0.0008704597610191822,-0.003945480631276976,0.019484504449217566
2003-01-10,149.91,127.21,140.35,66.44,0.011129097531363819,0.007524156502455082,0.010803024846957054,-0.00015048908954107265
2003-01-13,149.76,127.08,140.08,66.35,-0.0010006003602162084,-0.0010219322380315976,-0.0019237620235125208,-0.0013546056592415034
2003-01-14,150.04,127.23,140.43,66.74,0.001869658119658224,0.0011803588290841827,0.0024985722444317293,0.005877920120572755
2003-01-15,150.59,127.82,141.79,65.79,0.003665689149560114,0.004637271083863803,0.009684540340382908,-0.014234342223553909
2003-01-16,151.91,128.84,143.88,65.53,0.008765522279035709,0.007979971835393673,0.014740108611326574,-0.003951968384253046
2003-01-17,153.73,130.06,145.66,64.61,0.011980778092291366,0.009469108972368856,0.012371420628301433,-0.014039371280329616
2003-01-20,153.7,130.51,146.55,,-0.0001951473362388212,0.0034599415654312793,0.006110119456268048,
2003-01-21,154.54,130.51,146.9,63.6,0.0054651919323356335,0.0,0.0023882633913339113,
2003-01-22,154.78,130.9,148.0,62.94,0.001552995988093775,0.002988276760401698,0.0074880871341047595,-0.010377358490566091
2003-01-23,155.58,131.41,148.31,63.58,0.00516862643752436,0.003896103896103842,0.002094594594594712,0.010168414362885292
2003-01-24,157.92,133.34,151.96,61.73,0.015040493636714114,0.014686857925576557,0.024610612905400897,-0.029097200377477206
2003-01-27,157.1,132.86,151.09,60.73,-0.005192502532928023,-0.003599820008999499,-0.005725190839694694,-0.01619957881095091
2003-01-28,156.78,132.68,150.67,61.52,-0.002036919159770778,-0.001354809573987703,-0.002779800119134368,0.013008397826445028
2003-01-29,157.35,133.62,152.45,61.95,0.0036356678147722032,0.007084715104009653,0.011813897922612338,0.006989596879063642
2003-01-30,156.75,133.36,152.28,60.55,-0.0038131553860819567,-0.001945816494536623,-0.0011151197113806743,-0.0225988700564973
2003-01-31,156.36,133.01,151.51,61.34,-0.0024880382775118726,-0.002624475104979207,-0.005056474914631015,0.013047068538398099
2003-02-03,155.73,132.59,150.61,61.67,-0.004029163468918018,-0.00315765731899853,-0.005940201966866732,0.005379850016302479
2003-02-04,158.22,134.97,154.29,60.81,0.01598921209786175,0.01795007164944562,0.02443396852798596,-0.013945192151775587
2003-02-05,156.33,133.83,152.02,60.49,-0.011945392491467532,-0.00844632140475654,-0.01471255428089946,-0.005262292386120748
2003-02-06,157.76,134.98,154.27,60.12,0.009147316573913988,0.008592991108122172,0.014800684120510388,-0.006116713506364779
2003-02-07,158.52,135.76,156.07,59.51,0.004817444219067157,0.005778633871684757,0.01166785505931145,-0.010146373918829
2003-02-10,156.86,134.62,153.64,59.96,-0.010471864748927584,-0.00839717147908059,-0.01556993656692518,0.0075617543270039
2003-02-11,157.05,134.91,154.36,59.48,0.0012112711972458445,0.002154211855593502,0.004686279614683819,-0.008005336891260928
2003-02-12,157.33,134.83,154.13,58.75,0.0017828716969117142,-0.0005929879178711017,-0.0014900233221042392,-0.012273032952252794
2003-02-13,159.74,136.4,156.72,58.66,0.015318121146634445,0.011644292813172141,0.01680399662622456,-0.0015319148936170368
2003-02-14,157.58,134.95,154.4,59.92,-0.013521973206460425,-0.010630498533724442,-0.014803471158754467,0.02147971360381873
2003-02-17,156.42,134.27,153.09,,-0.007361340271608285,-0.005038903297517439,-0.008484455958549186,
2003-02-18,156.15,133.35,151.54,61.09,-0.0017261219792864546,-0.006851865643852095,-0.010124763211183052,
2003-02-19,158.51,135.13,154.86,60.67,0.015113672750560303,0.01334833145856762,0.021908407021248744,-0.006875102308070091
2003-02-20,159.98,136.01,156.36,60.1,0.009273862847769765,0.006512247465403576,0.009686168151879171,-0.009395088181967992
2003-02-21,158.88,135.96,156.58,60.89,-0.006875859482435298,-0.0003676200279389974,0.0014070094653364507,0.013144758735440965
2003-02-24,162.01,138.19,160.59,59.77,0.01970040281973806,0.016401882906737164,0.02560991186613859,-0.01839382493020192
2003-02-25,162.33,138.29,160.54,60.2,0.0019751867168693593,0.0007236413633402439,-0.000311351889906053,0.007194244604316502
2003-02-26,163.52,139.14,162.39,59.44,0.007330746011211753,0.006146503724058006,0.011523607823595405,-0.012624584717608078
2003-02-27,162.49,138.27,160.96,60.14,-0.006298923679060708,-0.0062526951272098286,-0.008805960958186976,0.011776581426648836
2003-02-28,163.55,139.24,162.73,60.42,0.006523478367899571,0.007015259998553569,0.010996520874751337,0.004655803126039304
2003-03-03,164.13,139.64,163.02,59.97,0.003546316111280756,0.002872737719046059,0.0017820930375469501,-0.00744786494538241
2003-03-04,164.73,139.9,163.71,59.05,0.003655638822884333,0.0018619306788887346,0.004232609495767425,-0.015341003835250944
2003-03-05,166.67,140.68,164.82,59.63,0.011776846961694787,0.005575411007862741,0.0067802822063403045,0.009822184589331151
2003-03-06,166.76,140.72,165.05,59.08,0.0005399892002160289,0.0002843332385555897,0.0013954617158113969,-0.009223545195371496
2003-03-07,167.71,141.87,167.39,59.57,0.005696809786519541,0.008172256964184221,0.01417752196304134,0.0082938388625593
2003-03-10,168.55,142.54,168.88,58.03,0.0050086458768112685,0.004722633396771592,0.008901368062608439,-0.025851938895417148
2003-03-11,166.89,141.34,167.55,57.55,-0.009848709581726678,-0.008418689490669151,-0.007875414495499666,-0.00827158366362235
2003-03-12,165.95,140.35,166.07,57.82,-0.005632452513631758,-0.00700438658553848,-0.008833184124142135,0.004691572545612477
2003-03-13,160.75,136.18,157.65,59.81,-0.03133473937933107,-0.029711435696473054,-0.050701511410850775,0.03441715669318568
2003-03-14,159.96,135.42,155.75,59.91,-0.004914463452566076,-0.005580848876487132,-0.01205201395496358,0.0016719612104998394
2003-03-17,156.74,133.98,153.55,62.04,-0.02013003250812706,-0.010633584404076246,-0.01412520064205447,0.03555332999499261
2003-03-18,155.72,132.76,151.14,62.3,-0.006507592190889477,-0.009105836692043567,-0.015695213285574883,0.004190844616376532
2003-03-19,153.14,131.4,148.77,62.85,-0.016568199332134714,-0.010244049412473477,-0.015680825724493697,0.00882825040128421
2003-03-20,153.57,130.99,147.59,62.97,0.002807888206869613,-0.003120243531202438,-0.007931706661289284,0.0019093078758949389
2003-03-21,150.43,130.15,146.25,64.42,-0.020446701829784364,-0.0064127032597908196,-0.009079205908259391,0.023026838176909648
2003-03-24,153.93,130.69,146.95,62.15,0.023266635644485723,0.004149058778332604,0.0047863247863246805,-0.035237503880782395
2003-03-25,153.92,130.93,147.29,62.91,-6.496459429627954e-05,0.0018364067640983528,0.0023137121469887223,0.012228479485116628
2003-03-26,154.37,130.8,146.86,62.56,0.0029235966735967622,-0.0009928969678453248,-0.0029194106864007807,-0.005563503417580606
2003-03-27,155.32,131.07,146.86,62.47,0.006154045475156966,0.002064220183486176,0.0,-0.0014386189258313031
2003-03-28,156.49,131.1,147.18,62.11,0.0075328354365182815,0.0002288853284504455,0.0021789459349039753,-0.005762766127741292
2003-03-31,159.56,131.53,147.89,61.01,0.019617866956354924,0.003279938977879482,0.00482402500339707,-0.017710513604894618
2003-04-01,158.84,131.39,147.45,61.75,-0.004512409125093986,-0.0010643959552955051,-0.0029751842585705734,0.012129159154236957
2003-04-02,155.73,130.98,146.37,63.37,-0.019579451019894334,-0.0031204810107313685,-0.007324516785350843,0.026234817813765243
2003-04-03,155.5,131.03,146.72,63.05,-0.001476915173697968,0.0003817376698733721,0.002391200382592107,-0.0050497080637526
2003-04-04,154.58,130.86,146.34,63.23,-0.005916398713826321,-0.001297412806227527,-0.0025899672846237953,0.0028548770816811952
2003-04-07,152.49,129.76,144.44,63.31,-0.01352050718074782,-0.008405930001528561,-0.01298346316796506,0.001265222204649863
2003-04-08,154.29,130.42,145.41,63.21,0.011804052724768699,0.005086313193588099,0.006715591248961594,-0.0015795293002685007
2003-04-09,155.39,130.8,145.87,62.33,0.007129431589863122,0.0029136635485356166,0.0031634688123238774,-0.013921847808891052
2003-04-10,155.47,131.16,146.03,62.74,0.0005148336443787649,0.0027522935779815683,0.0010968670734214925,0.006577891865875207
2003-04-11,154.35,131.16,146.13,62.5,-0.007203962179198609,0.0,0.000684790796411594,-0.003825310806503057
2003-04-14,154.03,130.98,146.09,63.72,-0.0020732102364755534,-0.0013723696248857387,-0.0002737288715526365,0.019519999999999982
2003-04-15,154.84,131.28,146.37,64.13,0.005258715834577599,0.0022904260192395665,0.001916626736943039,0.006434400502197013
2003-04-16,155.61,131.44,146.34,63.35,0.004972875226039841,0.0012187690432663434,-0.00020496003279357744,-0.012162794324029225
2003-04-17,155.77,131.63,146.57,64.33,0.0010282115545272585,0.0014455264759585251,0.0015716823834903693,0.015469613259668558
2003-04-18,155.73,131.68,146.59,,-0.0002567888553638431,0.00037985261718453955,0.00013645357167235694,
2003-04-21,155.63,131.67,146.57,64.22,-0.0006421370320426334,-7.594167679236818e-05,-0.00013643495463544486,
2003-04-22,156.26,132.15,147.07,65.61,0.004048062712844525,0.003645477329687896,0.003411339291806037,0.021644347555278776
2003-04-23,155.61,131.98,147.09,66.16,-0.004159733777038155,-0.0012864169504351874,0.00013598966478545194,0.008382868465172999
2003-04-24,156.53,132.11,147.1,65.62,0.005912216438532125,0.0009849977269285048,6.798558705556346e-05,-0.00816203143893579
2003-04-25,157.14,132.42,147.92,64.71,0.003897016546348775,0.002346529407311948,0.005574439157036037,-0.013867723255105324
2003-04-28,156.67,132.53,148.06,65.87,-0.0029909634720630685,0.0008306902280623696,0.0009464575446187506,0.01792613197342008
2003-04-29,156.83,132.77,148.41,66.09,0.0010212548669179533,0.001810910737191751,0.002363906524381898,0.003339911947775942
2003-04-30,158.39,133.66,149.02,66.03,0.009947076452209158,0.0067033215334788565,0.004110235159355824,-0.0009078529278256919
2003-05-01,158.88,134.15,149.32,66.0,0.0030936296483363712,0.0036660182552745724,0.002013152596966661,-0.00045433893684687643
2003-05-02,158.9,133.7,148.69,66.99,0.00012588116817724426,-0.003354453969437343,-0.004219126707741716,0.014999999999999902
2003-05-05,159.79,134.47,149.33,66.74,0.005601006922592688,0.005759162303665022,0.004304257179366555,-0.0037319002836244675
2003-05-06,160.73,135.6,151.03,67.31,0.005882721071406305,0.008403361344537785,0.011384182682649069,0.00854060533413259
2003-05-07,161.52,135.28,150.48,66.97,0.004915074970447408,-0.0023598820058996495,-0.0036416605972323657,-0.0050512553855296405
2003-05-08,162.63,135.93,151.41,66.3,0.006872213967310525,0.004804849201655914,0.006180223285486397,-0.010004479617739315
2003-05-09,162.89,135.96,151.33,67.26,0.0015987210231813709,0.00022070183182520964,-0.0005283666864802639,0.014479638009049944
2003-05-12,163.79,136.86,152.45,68.11,0.005525201055927242,0.006619593998234752,0.007401044075860508,0.01263752601843593
2003-05-13,164.33,136.95,152.67,67.92,0.0032969045729289714,0.0006576063130203647,0.0014430960970810425,-0.0027896050506532877
2003-05-14,164.83,137.11,153.08,67.72,0.003042658066086501,0.001168309602044726,0.002685530883605347,-0.002944640753828054
2003-05-15,163.85,136.16,151.65,68.26,-0.005945519626281759,-0.006928743344759791,-0.00934152077345185,0.007974010632014306
2003-05-16,166.37,138.47,155.73,68.09,0.015379920659139623,0.016965334900117535,0.026904055390702064,-0.002490477585701756
2003-05-19,166.18,138.93,156.01,66.4,-0.0011420328184167383,0.0033220192099372436,0.0017979836897192847,-0.024820091055955285
2003-05-20,167.95,140.32,158.57,66.32,0.010651101215549241,0.01000503850860146,0.01640920453817074,-0.001204819277108582
2003-05-21,167.17,139.97,158.0,66.6,-0.004644239356951463,-0.002494298745724044,-0.0035946269786213403,0.0042219541616406175
2003-05-22,167.22,140.01,158.38,67.21,0.0002990967278819756,0.00028577552332631484,0.002405063291139209,0.009159159159159103
2003-05-23,167.72,140.89,160.09,67.3,0.0029900729577800877,0.006285265338190182,0.010796817780022838,0.0013390864454694285
2003-05-26,168.23,141.25,160.73,,0.003040782256141128,0.0025551848960183587,0.003997751264913418,
2003-05-27,167.4,141.04,160.23,68.62,-0.004933721690542625,-0.0014867256637168813,-0.0031108069433211094,
2003-05-28,165.91,139.36,157.48,68.76,-0.00890083632019123,-0.011911514463981643,-0.017162828434125976,0.0020402215097639065
2003-05-29,167.88,141.16,160.75,68.5,0.011873907540232542,0.012916188289322506,0.020764541529083136,-0.0037812681791740133
2003-05-30,167.7,140.89,159.98,69.51,-0.001072194424589057,-0.0019127231510344123,-0.004790046656298674,0.01474452554744543
2003-06-02,167.66,140.62,159.15,69.76,-0.00023852116875366924,-0.0019163886720134915,-0.00518814851856475,0.003596604805063963
2003-06-03,168.42,142.06,161.62,70.09,0.004532983418823688,0.010240364101834709,0.01551994973295634,0.004730504587155959
2003-06-04,168.44,141.85,160.68,71.17,0.0001187507421922529,-0.0014782486273405837,-0.005816111867343099,0.015408760165501523
2003-06-05,169.88,143.28,163.2,71.46,0.008549038233198747,0.010081071554459031,0.015683345780433067,0.004074750597161669
2003-06-06,168.44,142.46,161.75,71.29,-0.008476571697668911,-0.00572305974316023,-0.00888480392156854,-0.002378953260565142
2003-06-09,169.0,142.59,162.74,70.44,0.003324625979577389,0.0009125368524498523,0.006120556414219491,-0.011923130873895516
2003-06-10,170.08,143.31,164.33,71.08,0.006390532544378713,0.005049442457395248,0.009770185572078205,0.009085746734809774
2003-06-11,171.2,144.36,165.79,72.02,0.0065851364063969076,0.007326774126020563,0.008884561552972459,0.013224535734383869
2003-06-12,171.29,144.23,165.11,72.09,0.0005257009345793762,-0.0009005264616238629,-0.004101574280716447,0.0009719522354902921
2003-06-13,172.65,145.09,166.67,71.38,0.007939751298966735,0.005962698467725236,0.009448246623462886,-0.009848800110972555
2003-06-16,172.08,144.6,165.27,72.98,-0.0033014769765421503,-0.0033772141429457836,-0.008399832003359808,0.022415242364808297
2003-06-17,171.21,143.85,163.35,73.05,-0.005055788005578821,-0.005186721991701226,-0.011617353421673693,0.0009591668950397203
2003-06-18,169.45,142.32,159.33,72.94,-0.010279773377723345,-0.010636079249217945,-0.024609733700642678,-0.001505817932922593
2003-06-19,169.36,142.28,159.12,71.83,-0.0005311301268808855,-0.00028105677346823565,-0.001318019205422738,-0.015217987386893284
2003-06-20,168.0,140.59,156.12,71.9,-0.008030231459612791,-0.01187798706775367,-0.018853695324283604,0.0009745231797300136
2003-06-23,168.43,140.6,156.4,70.89,0.002559523809523956,7.112881428250617e-05,0.001793492185498291,-0.014047287899860983
2003-06-24,168.18,140.37,155.83,71.02,-0.00148429614676715,-0.001635846372688432,-0.0036445012787723607,0.001833827056002102
2003-06-25,168.39,140.58,155.69,70.43,0.0012486621476988091,0.0014960461637103517,-0.0008984149393570506,-0.008307519008729836
2003-06-26,164.84,137.49,149.2,71.22,-0.021082011995961603,-0.02198036705078965,-0.04168540047530356,0.011216811018031958
2003-06-27,164.18,137.37,148.9,70.52,-0.004003882552778393,-0.0008727907484180619,-0.002010723860589647,-0.009828699803426044
2003-06-30,165.07,138.88,151.4,70.4,0.005420879522475275,0.010992210817500014,0.016789791806581578,-0.001701644923425838
2003-07-01,165.82,139.54,152.42,70.98,0.004543526988550317,0.004752304147465303,0.0067371202113604145,0.00823863636363642
2003-07-02,166.63,140.08,153.21,71.8,0.0048848148594862195,0.0038698581052030168,0.0051830468442461974,0.01155255001408828
2003-07-03,165.64,140.22,153.13,71.22,-0.0059413070875593554,0.000999428897772603,-0.0005221591279943594,-0.008077994428969282
2003-07-04,165.96,140.2,153.01,,0.0019319005071241069,-0.00014263300527750378,-0.0007836478808855851,
2003-07-07,165.09,140.25,153.35,72.58,-0.005242227042660863,0.0003566333808844302,0.0022220769884322422,
2003-07-08,163.04,138.87,152.31,72.85,-0.012417469259192071,-0.009839572192513302,-0.006781871535702644,0.0037200330669604487
2003-07-09,163.52,138.52,152.4,72.45,0.0029440628066732533,-0.002520342766616168,0.0005909001378767709,-0.005490734385724005
2003-07-10,163.82,138.51,152.32,71.47,0.001834637964774899,-7.219174126493755e-05,-0.0005249343832022246,-0.013526570048309261
2003-07-11,164.31,138.73,152.21,72.16,0.0029910877792700408,0.0015883329723485051,-0.0007221638655461327,0.009654400447740352
2003-07-14,164.21,139.32,152.98,72.57,-0.0006086056843770393,0.0042528652778779374,0.005058800341633196,0.005681818181818121
2003-07-15,160.49,137.63,150.34,72.32,-0.022653918762560177,-0.012130347401665187,-0.017257157798404976,-0.0034449497037343235
2003-07-16,160.73,137.29,148.9,71.87,0.0014954202754065005,-0.0024703916297319495,-0.009578289211121471,-0.006222345132743223
2003-07-17,159.28,135.72,146.21,70.98,-0.009021340135631162,-0.011435647170223606,-0.018065815983881794,-0.01238347015444552
2003-07-18,158.61,135.46,146.28,71.82,-0.004206428930185746,-0.0019157088122604415,0.0004787634224745485,0.011834319526627057
2003-07-21,157.41,135.35,145.64,70.77,-0.007565727255532506,-0.0008120478369999518,-0.0043751709051136345,-0.014619883040935644
2003-07-22,157.17,135.03,145.04,71.44,-0.0015246807699638154,-0.0023642408570372364,-0.004119747322164247,0.009467288399039209
2003-07-23,158.67,135.7,145.36,71.48,0.009543806069860716,0.0049618603273344775,0.0022062879205737573,0.0005599104143338973
2003-07-24,159.28,136.77,146.77,70.97,0.003844457049221761,0.007885040530582366,0.009700055035773314,-0.0071348628987130125
2003-07-25,159.83,136.63,146.84,72.21,0.0034530386740332375,-0.0010236162901222645,0.00047693670368609276,0.017472171340002784
2003-07-28,159.69,137.29,148.21,72.05,-0.000875930676343728,0.004830564297738427,0.009329882865704242,-0.002215759590084465
2003-07-29,159.51,137.54,148.75,71.54,-0.0011271839188428112,0.0018209629251948467,0.003643478847580983,-0.007078417765440492
2003-07-30,158.24,136.33,147.25,71.42,-0.007961883267506575,-0.008797440744510499,-0.010084033613445342,-0.0016773832820800028
2003-07-31,157.67,137.09,149.08,71.64,-0.0036021233569263345,0.005574708428078834,0.01242784380305606,0.003080369644357317
2003-08-01,157.51,137.89,150.52,70.91,-0.0010147777002600389,0.005835582464074562,0.009659243359270153,-0.010189838079285418
2003-08-04,156.12,136.35,147.91,71.1,-0.008824836518316226,-0.011168322575966338,-0.01733988838692546,0.002679452827527795
2003-08-05,156.32,136.59,148.2,69.85,0.001281065846784557,0.001760176017601811,0.00196065174768445,-0.017580872011251802
2003-08-06,155.16,135.62,145.96,69.98,-0.007420675537359256,-0.00710154476901681,-0.015114709851551833,0.0018611309949894128
2003-08-07,154.96,135.35,145.13,70.49,-0.001288992008249501,-0.0019908568057809273,-0.005686489449164278,0.0072877965132893685
2003-08-08,154.28,134.63,143.36,70.74,-0.004388229220444018,-0.0053195419283339485,-0.012195962240749592,0.003546602354943973
2003-08-11,156.01,135.77,145.45,70.98,0.011213378273269292,0.008467652083488098,0.01457868303571419,0.003392705682782049
2003-08-12,155.83,135.6,145.19,71.68,-0.0011537721940899637,-0.001252117551742038,-0.00178755586112056,0.009861932938856066
2003-08-13,157.7,136.53,147.4,71.25,0.012000256689982614,0.006858407079646023,0.015221433983056754,-0.005998883928571508
2003-08-14,158.68,137.87,150.02,71.72,0.006214331008243645,0.009814692741522135,0.01777476255088195,0.006596491228070267
2003-08-15,158.3,137.49,149.11,71.75,-0.0023947567431308325,-0.002756219627184975,-0.0060658578856152,0.00041829336307874776
2003-08-18,158.36,138.25,150.46,72.41,0.00037902716361348787,0.005527674739981059,0.009053718731138138,0.009198606271777043
2003-08-19,157.66,138.49,150.67,72.6,-0.004420308158626041,0.0017359855334539986,0.0013957197926357523,0.002623946968650648
2003-08-20,158.33,139.41,151.82,72.45,0.004249651148040101,0.006643078922665913,0.007632574500564093,-0.0020661157024792765
2003-08-21,158.25,140.06,153.7,72.67,-0.0005052737952379038,0.004662506276450706,0.012383085232512192,0.00303657694962034
2003-08-22,157.77,140.07,153.81,71.93,-0.003033175355450224,7.139797229749334e-05,0.0007156798959011557,-0.01018301912756292
2003-08-25,157.59,140.0,153.72,71.98,-0.0011409013120365907,-0.0004997501249375258,-0.0005851375073142595,0.0006951202558043157
2003-08-26,157.07,139.47,153.24,72.2,-0.0032997017577257592,-0.003785714285714281,-0.0031225604996095724,0.003056404556821324
2003-08-27,157.2,139.48,153.21,72.22,0.0008276564589035917,7.170000716993918e-05,-0.00019577133907600075,0.0002770083102492382
2003-08-28,157.09,139.32,152.57,72.66,-0.000699745547073749,-0.0011471178663607917,-0.004177273023954098,0.00609249515369692
2003-08-29,157.33,140.01,153.35,73.04,0.0015277866191356626,0.00495262704565036,0.005112407419545217,0.005229837599779907
2003-09-01,158.33,140.67,154.8,,0.006356066865823351,0.004713949003642526,0.009455493968047124,
2003-09-02,159.37,141.89,157.28,74.05,0.0065685593380913065,0.008672780265870372,0.01602067183462519,
2003-09-03,159.74,142.35,158.1,74.38,0.0023216414632616367,0.0032419479878780244,0.005213631739572788,0.004456448345712349
2003-09-04,157.92,140.59,155.01,74.51,-0.011393514460999232,-0.012363891815946548,-0.01954459203036052,0.0017477816617370578
2003-09-05,156.02,138.97,151.42,74.03,-0.012031408308003866,-0.011522867913791868,-0.02315979614218444,-0.006442088310294025
2003-09-08,156.7,139.14,151.42,74.78,0.004358415587744968,0.0012232856012088789,0.0,0.010131027961637118
2003-09-09,156.8,139.53,151.45,74.17,0.0006381620931719123,0.00280293229840467,0.0001981244221371803,-0.008157261299812757
2003-09-10,154.86,138.07,148.69,73.29,-0.012372448979591777,-0.010463699562818118,-0.018223836249587233,-0.011864635297289983
2003-09-11,155.01,138.45,149.15,73.71,0.0009686168151876728,0.002752227131165297,0.0030936848476696976,0.005730659025787732
2003-09-12,153.47,137.37,146.83,73.87,-0.009934842913360331,-0.007800650054171077,-0.01555481059336239,0.002170668837335743
2003-09-15,153.6,137.5,146.8,73.59,0.0008470710888122124,0.0009463492756787151,-0.00020431791868147364,-0.003790442669554639
2003-09-16,154.92,138.68,148.79,74.65,0.008593749999999956,0.008581818181818246,0.013555858310626556,0.014404130996059195
2003-09-17,153.73,138.47,148.32,74.41,-0.0076813839400980966,-0.0015142774733198916,-0.0031588144364540494,-0.0032150033489619645
2003-09-18,154.62,139.6,149.93,75.39,0.00578937097508625,0.008160612407019485,0.010854908306364708,0.013170272812794037
2003-09-19,154.06,140.01,150.05,75.16,-0.0036217824343551808,0.00293696275071631,0.0008003735076369534,-0.0030508024936994893
2003-09-22,152.83,140.37,149.21,74.18,-0.007983902375697682,0.0025712449110779634,-0.00559813395534825,-0.01303885045236819
2003-09-23,152.5,140.23,148.9,74.63,-0.0021592619250148104,-0.0009973641091401975,-0.0020776087393606923,0.0060663251550281405
2003-09-24,151.87,140.02,148.33,73.21,-0.004131147540983537,-0.001497539756114774,-0.0038280725319005393,-0.01902720085756404
2003-09-25,151.49,139.3,146.84,72.78,-0.0025021399881477446,-0.00514212255392088,-0.010045169554372069,-0.005873514547192871
2003-09-26,150.51,138.74,146.1,72.33,-0.006469073866261943,-0.004020100502512558,-0.005039498774176088,-0.006183017312448524
2003-09-29,150.48,139.49,147.21,73.03,-0.00019932230416586094,0.005405795012253245,0.007597535934291688,0.009677865339416503
2003-09-30,149.32,139.24,146.64,72.26,-0.0077086656034024426,-0.0017922431715534648,-0.0038720195638884958,-0.01054361221415856
2003-10-01,150.53,140.56,148.56,73.88,0.008103402089472356,0.009480034472852505,0.01309328968903456,0.02241904234707981
2003-10-02,152.34,140.58,148.92,74.04,0.01202418122633353,0.00014228799089366362,0.0024232633279481774,0.0021656740660531693
2003-10-03,154.03,138.7,146.16,74.74,0.011093606406721745,-0.01337316830274593,-0.018533440773569665,0.009454349000540097
2003-10-06,154.69,139.8,148.06,75.06,0.004284879568915212,0.007930785868781598,0.012999452654625099,0.004281509232004321
2003-10-07,155.53,141.3,149.96,75.42,0.005430215269248251,0.010729613733905685,0.01283263541807389,0.004796163069544335
2003-10-08,155.64,141.24,149.99,75.05,0.0007072590497010367,-0.000424628450106157,0.00020005334755945903,-0.004905860514452409
2003-10-09,156.03,141.21,150.14,75.41,0.002505782575173532,-0.00021240441801195775,0.0010000666711111883,0.004796802131912026
2003-10-10,156.52,142.68,152.46,75.37,0.003140421713773156,0.010410027618440676,0.01545224457173311,-0.0005304336294920109
2003-10-13,157.42,142.71,153.13,75.9,0.0057500638895986445,0.00021026072329699552,0.004394595303686133,0.007031975587103556
2003-10-14,157.55,142.74,153.03,76.2,0.0008258162876382258,0.00021021652301866922,-0.0006530399007379506,0.0039525691699604515
2003-10-15,157.05,141.69,151.53,76.02,-0.0031735956839098467,-0.00735603194619594,-0.009801999607920053,-0.0023622047244095112
2003-10-16,157.19,141.44,151.21,76.26,0.0008914358484557461,-0.0017644152727785967,-0.0021117930442816624,0.0031570639305447123
2003-10-17,157.46,141.52,151.13,75.48,0.0017176665182263573,0.0005656108597285048,-0.0005290655379935894,-0.010228166797797034
2003-10-20,157.22,141.26,151.04,75.87,-0.00152419662136416,-0.0018371961560205152,-0.0005955137960695911,0.0051669316375198004
2003-10-21,157.29,141.97,151.4,75.97,0.00044523597506684887,0.005026192835905441,0.002383474576271194,0.0013180440226703283
2003-10-22,158.58,143.11,152.98,74.84,0.008201411405683867,0.008029865464534769,0.010435931307793744,-0.014874292483875173
2003-10-23,157.56,141.61,150.36,75.08,-0.006432084752175604,-0.010481447837327962,-0.01712642175447754,0.003206841261357507
2003-10-24,157.6,141.79,150.98,74.73,0.0002538715410000947,0.0012710966739635232,0.004123437084330828,-0.004661694192860888
2003-10-27,158.13,142.6,152.16,74.89,0.003362944162436543,0.005712673672332302,0.007815604715856406,0.002141041081225703
2003-10-28,158.65,143.06,152.92,76.03,0.0032884335673180054,0.003225806451612856,0.004994742376445815,0.015222326078248027
2003-10-29,159.03,143.52,153.58,76.14,0.0023952095808383866,0.003215434083601254,0.004315982212921954,0.0014467973168486026
2003-10-30,159.25,143.16,153.13,76.08,0.0013833867823680457,-0.0025083612040134318,-0.002930069019403625,-0.0007880220646178104
2003-10-31,158.01,142.36,151.42,76.35,-0.007786499215070686,-0.005588153115395289,-0.0111669823026187,0.0035488958990534947
2003-11-03,157.15,141.16,150.01,76.95,-0.005442693500411266,-0.008429334082607598,-0.00931184784044381,0.007858546168958869
2003-11-04,157.76,142.28,151.75,76.54,0.003881641743556985,0.007934258996882937,0.01159922671821878,-0.005328135152696478
2003-11-05,158.08,142.68,151.87,76.45,0.0020283975659229903,0.002811357885858845,0.0007907742998352063,-0.001175855761693323
2003-11-06,158.03,142.4,151.56,76.91,-0.0003162955465587647,-0.0019624334174376257,-0.0020412194640152537,0.0060170045781555714
2003-11-07,160.38,143.28,153.23,76.57,0.01487059419097636,0.006179775280898747,0.01101873845341772,-0.004420751527759781
2003-11-10,160.73,143.91,153.46,76.13,0.0021823169971317835,0.0043969849246230375,0.0015010115512630318,-0.005746375865221309
2003-11-11,160.09,143.3,152.31,76.09,-0.003981832887450909,-0.004238760336321201,-0.007493809461749046,-0.0005254170497831501
2003-11-12,161.75,143.47,152.92,76.99,0.010369167343369234,0.0011863224005581596,0.0040049898233864845,0.011828098304639045
2003-11-13,162.37,143.61,153.21,76.98,0.003833075734157587,0.0009758137589741533,0.0018964164268899797,-0.0001298869983114015
2003-11-14,161.85,143.13,152.49,76.41,-0.0032025620496397567,-0.0033423856277419173,-0.004699432151948346,-0.007404520654715641
2003-11-17,159.39,140.89,148.92,75.92,-0.015199258572752616,-0.01565010829316016,-0.02341137123745829,-0.006412773197225441
2003-11-18,162.11,142.27,150.83,75.24,0.017065060543321575,0.00979487543473656,0.012825678216492165,-0.008956796628029617
2003-11-19,160.97,141.12,148.9,75.85,-0.007032262044290971,-0.00808322204259515,-0.012795862891997634,0.008107389686337063
2003-11-20,161.54,141.04,148.82,75.21,0.0035410324905260637,-0.0005668934240363743,-0.0005372733378107286,-0.008437705998681655
2003-11-21,161.48,141.07,148.75,75.33,-0.0003714250340473013,0.0002127056154281881,-0.0004703668861711918,0.0015955325089749284
2003-11-24,160.68,140.04,147.53,76.55,-0.004954173891503433,-0.007301339760402592,-0.008201680672268896,0.016195406876410523
2003-11-25,161.17,140.07,147.72,76.69,0.0030495394573062384,0.0002142245072835891,0.0012878736528163515,0.0018288700195949747
2003-11-26,163.42,141.3,149.72,77.04,0.013960414469194049,0.008781323623902493,0.013539128080151563,0.004563828400052206
2003-11-27,163.54,141.56,150.39,,0.0007343042467262695,0.0018400566171266064,0.004475020037403077,
2003-11-28,164.27,142.08,151.2,77.02,0.004463739757857521,0.0036733540548177235,0.0053859964093356805,
2003-12-01,164.93,142.5,152.02,77.89,0.0040177756133195075,0.002956081081080919,0.005423280423280552,0.011295767333160178
2003-12-02,165.79,143.39,153.28,77.64,0.005214333353543932,0.006245614035087721,0.008288383107485808,-0.003209654641160631
2003-12-03,165.76,144.08,154.23,77.52,-0.00018095180650223863,0.004812051049585264,0.006197807933194133,-0.0015455950540959051
2003-12-04,164.71,143.3,153.17,77.89,-0.006334459459459318,-0.005413659078289834,-0.0068728522336769515,0.004772961816305488
2003-12-05,164.37,142.7,151.79,77.29,-0.0020642341084330385,-0.004187020237264694,-0.009009597179604367,-0.007703171138785381
2003-12-08,164.73,143.69,153.17,77.87,0.002190180689906729,0.006937631394533961,0.009091508004479776,0.007504204942424542
2003-12-09,164.46,144.13,153.9,77.2,-0.0016390457111635781,0.003062147679031124,0.004765946334138738,-0.008604083729292444
2003-12-10,163.79,143.4,152.81,77.13,-0.0040739389517209235,-0.005064871990564046,-0.007082521117608875,-0.0009067357512954066
2003-12-11,164.38,143.34,153.1,78.03,0.00360217351486658,-0.00041841004184106634,0.0018977815587983837,0.01166861143523934
2003-12-12,164.71,144.53,154.66,78.24,0.0020075434967758987,0.008301939444677053,0.010189418680600859,0.0026912725874663757
2003-12-15,164.36,144.61,154.59,77.8,-0.0021249468763280266,0.0005535183006988298,-0.00045260571576355435,-0.005623721881390598
2003-12-16,164.5,144.68,154.8,78.32,0.0008517887563883608,0.00048406057672356617,0.0013584319813702006,0.006683804627249268
2003-12-17,164.47,144.79,155.08,78.42,-0.00018237082066874244,0.0007602985899914927,0.0018087855297157507,0.0012768130745659523
2003-12-18,165.44,145.39,156.35,79.36,0.005897732109199305,0.004143932592029831,0.008189321640443614,0.011986738077021108
2003-12-19,164.97,144.45,154.85,79.33,-0.0028409090909090606,-0.006465369007497057,-0.00959385992964501,-0.00037802419354837635
2003-12-22,164.2,143.7,153.72,79.64,-0.004667515305813219,-0.005192107995846351,-0.00729738456570872,0.003907727215429313
2003-12-23,163.82,143.93,153.77,79.86,-0.0023142509135201106,0.0016005567153793976,0.00032526671870947155,0.0027624309392264568
2003-12-24,165.87,145.2,155.84,79.72,0.012513734586741654,0.008823733759466323,0.013461663523444134,-0.001753067868770386
2003-12-25,165.93,145.2,155.83,,0.00036172906493048274,0.0,-6.416837782330376e-05,
2003-12-26,165.87,145.21,155.73,79.85,-0.0003615982643283555,6.887052341619793e-05,-0.0006417249566836869,
2003-12-29,166.07,145.9,156.57,80.87,0.0012057635497677577,0.00475173886095992,0.005393951069158076,0.01277395115842217
2003-12-30,167.21,146.58,157.39,80.89,0.006864575179141408,0.004660726525017145,0.005237274062719566,0.0002473104983307106
2003-12-31,167.26,146.75,157.51,81.06,0.0002990251779197983,0.0011597762314092819,0.0007624372577672567,0.002101619483248829
2004-01-02,167.95,147.29,157.91,80.82,0.0041253138825780855,0.003679727427597923,0.002539521300235048,-0.002960769800148144
2004-01-05,170.79,149.67,161.67,81.82,0.016909794581720705,0.016158598682870506,0.023811031600278643,0.012373174956693989
2004-01-06,172.1,150.23,163.07,81.93,0.007670238304350319,0.0037415647758400894,0.00865961526566461,0.0013444145685652664
2004-01-07,171.01,149.7,161.88,82.14,-0.006333527019174889,-0.0035279238500964816,-0.007297479609983393,0.0025631636763090437
2004-01-08,173.14,151.14,164.46,82.55,0.012455411964212626,0.009619238476953784,0.015937731653076437,0.0049914779644508744
2004-01-09,175.65,152.17,166.97,81.82,0.014496938893381106,0.006814873627100759,0.015262069804207634,-0.00884312537855847
2004-01-12,175.42,152.2,166.74,82.21,-0.001309422146313799,0.0001971479266609233,-0.001377492962807647,0.004766560743094672
2004-01-13,175.88,151.75,166.09,81.78,0.00262227796146397,-0.002956636005256197,-0.0038982847547079924,-0.005230507237562243
2004-01-14,175.05,151.44,165.77,82.46,-0.004719126677279917,-0.0020428336079078013,-0.001926666265277821,0.008314991440449893
2004-01-15,172.66,149.81,163.04,82.57,-0.013653241930877025,-0.010763338615953466,-0.01646860107377701,0.0013339801115692662
2004-01-16,170.65,149.16,162.35,83.14,-0.011641376114907898,-0.004338829183632598,-0.004232090284592704,0.006903233619958815
2004-01-19,169.51,148.87,162.11,,-0.006680339876941166,-0.0019442209707696279,-0.0014782876501384656,
2004-01-20,172.63,150.76,164.83,83.06,0.018405993746681615,0.012695640491704019,0.01677873049164158,
2004-01-21,173.47,151.34,165.67,83.72,0.004865898163702642,0.0038471743167949324,0.0050961596796699205,0.007946063086925026
2004-01-22,175.27,152.48,167.78,83.45,0.010376433965527232,0.007532707810228523,0.012736162250256644,-0.00322503583373146
2004-01-23,173.57,151.62,166.05,83.27,-0.009699321047526799,-0.005640083945435359,-0.010311121706997217,-0.0021569802276812933
2004-01-26,171.7,150.68,163.97,84.28,-0.010773751224289918,-0.006199709800817854,-0.012526347485697142,0.012129218205836567
2004-01-27,173.97,151.37,164.84,83.46,0.01322073383808986,0.004579240775152593,0.005305848630847043,-0.009729473184622806
2004-01-28,171.29,150.19,162.47,82.33,-0.015404954877277777,-0.007795468058400035,-0.01437757825770447,-0.013539420081476128
2004-01-29,167.05,147.24,157.92,82.77,-0.02475334228501358,-0.019641787069711647,-0.02800517018526505,0.005344345924936267
2004-01-30,168.8,148.18,159.7,82.55,0.010475905417539622,0.006384134745992975,0.011271529888551068,-0.0026579678627521863
2004-02-02,168.16,148.28,160.36,82.85,-0.0037914691943128354,0.0006748549061952325,0.004132748904195571,0.00363416111447612
2004-02-03,169.34,149.17,161.74,82.91,0.0070171265461465016,0.006002158079309261,0.008605637316038806,0.0007242003621001913
2004-02-04,168.76,148.27,160.15,82.23,-0.0034250620054329106,-0.006033384728832747,-0.009830592308643471,-0.008201664455433466
2004-02-05,168.62,148.4,160.17,82.38,-0.0008295804693054798,0.000876778849396409,0.00012488292226020548,0.0018241517694270737
2004-02-06,171.06,149.91,162.96,83.42,0.014470406831929683,0.010175202156334162,0.017418992320659354,0.012624423403738927
2004-02-09,172.13,151.05,164.67,83.22,0.006255115164269798,0.0076045627376426506,0.010493372606774631,-0.002397506593143195
2004-02-10,172.49,151.68,165.59,83.64,0.0020914425143787607,0.004170804369413972,0.005586931438634979,0.005046863734679219
2004-02-11,174.67,153.32,168.79,84.56,0.012638413821090877,0.01081223628691963,0.019324838456428406,0.01099952175992347
2004-02-12,174.53,153.57,168.94,84.16,-0.0008015114215377261,0.0016305765718758192,0.0008886782392321102,-0.004730368968779652
2004-02-13,174.48,153.56,168.82,83.7,-0.00028648369907757765,-6.511688480814737e-05,-0.0007103113531431449,-0.005465779467680565
2004-02-16,175.06,153.7,169.11,,0.003324163227877097,0.0009116957541024373,0.0017178059471627538,
2004-02-17,176.36,155.2,171.64,84.52,0.0074260253627327355,0.009759271307742345,0.014960676482762558,
2004-02-18,174.59,154.31,170.01,84.16,-0.010036289408029142,-0.005734536082474095,-0.009496620834304359,-0.004259346900141958
2004-02-19,174.84,154.7,170.61,83.81,0.001431926227160707,0.002527379949452291,0.0035292041644610084,-0.00415874524714821
2004-02-20,171.21,151.84,166.1,83.6,-0.020761839396019166,-0.018487394957983128,-0.026434558349452075,-0.0025056675814343343
2004-02-23,171.59,152.1,166.68,83.37,0.0022194965247357423,0.001712328767123239,0.003491872366044646,-0.0027511961722487266
2004-02-24,173.4,153.34,168.7,83.23,0.010548400256425117,0.008152531229454363,0.012119030477561576,-0.0016792611251049694
2004-02-25,172.77,153.32,169.09,83.58,-0.003633217993079585,-0.0001304291117778522,0.0023117960877296895,0.00420521446593769
2004-02-26,172.2,153.25,168.77,83.69,-0.0032991838860914058,-0.0004565614401251805,-0.0018924832929209101,0.0013161043311797904
2004-02-27,173.55,154.19,170.69,83.7,0.007839721254355503,0.006133768352365454,0.011376429460212112,0.00011948858883981117
2004-03-01,173.9,154.85,171.78,84.51,0.002016709881878409,0.004280433231726999,0.0063858456851602075,0.00967741935483879
2004-03-02,170.86,153.44,169.02,84.01,-0.017481311098332286,-0.009105586051017078,-0.01606706252183021,-0.005916459590580958
2004-03-03,168.95,151.57,165.72,84.17,-0.011178742830387556,-0.012187174139728918,-0.019524316648917406,0.0019045351743840477
2004-03-04,169.86,152.39,167.84,84.45,0.005386208937555592,0.005410041564953394,0.012792662321988946,0.0033266009266958996
2004-03-05,173.12,154.56,172.88,84.6,0.019192275991993357,0.014239779513091522,0.030028598665395645,0.001776198934280604
2004-03-08,173.86,154.2,172.81,83.9,0.0042744916820702805,-0.0023291925465839247,-0.0004049051365108136,-0.008274231678486843
2004-03-09,174.0,153.89,172.24,83.42,0.0008052455999079111,-0.0020103761348897464,-0.0032984202303106835,-0.005721096543504167
2004-03-10,172.04,152.36,169.85,82.2,-0.011264367816091969,-0.009942166482552306,-0.013875986994890899,-0.01462479021817309
2004-03-11,171.21,151.78,169.56,80.98,-0.0048244594280398845,-0.0038067734313469437,-0.001707388872534521,-0.014841849148418462
2004-03-12,170.9,151.37,168.96,81.98,-0.0018106419017580588,-0.0027012781657662632,-0.0035385704175512345,0.012348728081007732
2004-03-15,170.27,151.86,169.83,80.81,-0.0036863662960795462,0.0032371011428948826,0.005149147727272707,-0.014271773603317883
2004-03-16,170.66,152.17,169.88,81.27,0.002290479826158265,0.002041353878572183,0.0002944120591177324,0.005692364806335837
2004-03-17,172.16,153.07,171.39,82.23,0.008789405836165498,0.005914437799829253,0.008888627266305571,0.0118124769287562
2004-03-18,171.97,152.99,170.31,82.12,-0.0011036245353159835,-0.000522636702162349,-0.00630141781900917,-0.0013377112975799799
2004-03-19,171.1,153.13,170.04,81.21,-0.005059021922428353,0.000915092489705227,-0.0015853443720275084,-0.01108134437408681
2004-03-22,171.43,153.45,170.61,80.16,0.0019286966686149487,0.0020897276823612643,0.0033521524347213116,-0.012929442186922713
2004-03-23,171.86,153.37,170.96,80.05,0.0025083124307296867,-0.0005213424568262237,0.002051462399624837,-0.0013722554890219785
2004-03-24,170.69,153.52,170.78,79.86,-0.006807866868381307,0.0009780269935451003,-0.0010528778661675897,-0.0023735165521548973
2004-03-25,170.4,152.75,169.44,81.16,-0.0016989864666939747,-0.005015633142261611,-0.00784635203185391,0.01627848735286741
2004-03-26,168.99,152.71,168.37,81.08,-0.008274647887323905,-0.0002618657937806246,-0.006314919735599611,-0.0009857072449481752
2004-03-29,167.48,151.99,166.41,82.15,-0.00893543996686208,-0.00471481893785608,-0.011641028686820709,0.013196842624568328
2004-03-30,168.26,152.37,166.98,82.48,0.0046572725101505785,0.002500164484505518,0.003425274923382071,0.004017041996348114
2004-03-31,169.46,152.77,167.35,82.43,0.007131819802686401,0.002625188685436708,0.002215834231644509,-0.0006062075654703625
2004-04-01,168.98,152.16,165.91,82.87,-0.0028325268499942435,-0.003992930549191698,-0.008604720645354003,0.005337862428727469
2004-04-02,164.85,150.24,161.08,83.58,-0.02444076222038105,-0.012618296529968376,-0.029112169248387554,0.008567636056473926
2004-04-05,163.27,150.17,160.08,84.22,-0.009584470730967465,-0.0004659211927583451,-0.0062080953563447006,0.007657334290500195
2004-04-06,164.63,150.94,161.28,84.07,0.008329760519385054,0.005127522141572971,0.007496251874062887,-0.0017810496319164981
2004-04-07,165.53,151.26,161.9,83.52,0.005466804349146592,0.0021200477010732133,0.003844246031746046,-0.006542167241584407
2004-04-08,165.49,151.13,161.56,83.43,-0.00024164803963022674,-0.0008594473092687904,-0.002100061766522554,-0.0010775862068964637
2004-04-09,165.38,150.95,161.15,,-0.0006646927306787065,-0.0011910275921392932,-0.0025377568705124975,
2004-04-12,165.81,151.78,162.46,83.86,0.002600072560164479,0.005498509440212018,0.008129072292894834,
2004-04-13,162.79,150.09,159.08,82.71,-0.01821361799650212,-0.011134536829621844,-0.020805121260617954,-0.013713331743381851
2004-04-14,159.59,148.49,156.93,82.62,-0.01965722710240181,-0.010660270504364022,-0.01351521247171239,-0.0010881392818279378
2004-04-15,159.72,148.0,156.22,82.67,0.0008145873801617132,-0.0032998855141761485,-0.004524310202000947,0.0006051803437423509
2004-04-16,161.22,148.41,156.65,83.09,0.009391435011269822,0.0027702702702703252,0.0027525284854692522,0.00508044030482635
2004-04-19,160.82,148.26,156.16,83.18,-0.0024810817516437433,-0.0010107135637760223,-0.0031279923396106968,0.0010831628354797118
2004-04-20,160.1,148.42,156.44,81.89,-0.004477055092650173,0.0010791852151625925,0.0017930327868853624,-0.015508535705698545
2004-04-21,158.21,147.09,154.7,82.33,-0.011805121798875606,-0.008961056461393224,-0.011122475070314608,0.005373061423861181
2004-04-22,158.55,147.15,154.88,83.49,0.0021490424119841034,0.00040791352233338074,0.0011635423400129241,0.014089639256650077
2004-04-23,157.85,147.54,155.03,83.54,-0.004415011037527727,0.0026503567787969917,0.000968491735537258,0.0005988741166607081
2004-04-26,157.65,147.63,155.71,83.17,-0.0012670256572694383,0.00061000406669387,0.004386247823002121,-0.004429016040220279
2004-04-27,157.82,147.5,155.7,83.36,0.0010783380907071205,-0.0008805798279482024,-6.422195106303707e-05,0.0022844775760491043
2004-04-28,157.08,147.43,155.62,82.22,-0.004688886072740983,-0.000474576271186411,-0.0005138086062940195,-0.013675623800383896
2004-04-29,156.44,147.01,155.04,81.62,-0.004074357015533603,-0.0028488096045582445,-0.0037270273743735816,-0.007297494526879
2004-04-30,156.21,146.81,154.52,81.14,-0.0014702122219381053,-0.0013604516699543545,-0.003353973168214508,-0.005880911541289002
2004-05-03,156.85,147.48,155.67,81.89,0.004097048844504014,0.004563721817314903,0.0074424022780221755,0.009243283214197762
2004-05-04,155.79,147.96,156.23,82.04,-0.006758049091488694,0.0032546786004883366,0.0035973533757307496,0.0018317254854072207
2004-05-05,155.61,148.03,156.3,82.2,-0.0011554015020218689,0.0004731008380642887,0.00044805735134101354,0.0019502681618721596
2004-05-06,155.63,147.48,155.92,81.65,0.00012852644431582405,-0.0037154630818078127,-0.00243122200895729,-0.00669099756690994
2004-05-07,158.73,148.2,158.34,80.53,0.01991903874574308,0.004882017900732283,0.01552077988712175,-0.013717085119412165
2004-05-10,159.3,147.05,156.53,79.68,0.0035910035910036164,-0.007759784075573428,-0.011431097637994214,-0.01055507264373523
2004-05-11,159.76,147.2,157.05,80.31,0.0028876333961078693,0.0010200612036721513,0.0033220468919696877,0.00790662650602414
2004-05-12,158.94,147.59,157.52,80.47,-0.005132699048572831,0.002649456521739202,0.0029926774912447662,0.0019922799153280213
2004-05-13,160.48,148.06,159.21,80.42,0.009689190889643928,0.003184497594687974,0.010728796343321578,-0.0006213495712688033
2004-05-14,158.95,147.35,157.66,80.37,-0.009533898305084776,-0.004795353235174993,-0.00973556937378317,-0.0006217358865953093
2004-05-17,157.64,146.65,156.43,79.53,-0.008241585404215157,-0.004750593824227933,-0.007801598376252605,-0.010451661067562568
2004-05-18,157.53,146.34,155.54,80.07,-0.0006977924384673484,-0.0021138765768837775,-0.005689445758486289,0.006789890607317828
2004-05-19,156.96,147.11,156.37,79.88,-0.0036183584079222397,0.005261719283859545,0.005336247910505465,-0.0023729236917696683
2004-05-20,156.68,146.36,155.26,79.92,-0.0017838939857288683,-0.0050982258174155914,-0.007098548314894204,0.0005007511266901243
2004-05-21,155.69,145.99,154.14,80.24,-0.006318611182027145,-0.0025280131183383903,-0.007213706041478862,0.004004004004003914
2004-05-24,155.62,146.58,155.82,80.38,-0.00044961140728361215,0.004041372696760082,0.01089918256130784,0.0017447657028912822
2004-05-25,153.54,146.03,154.12,81.67,-0.013365891273615316,-0.0037522172192659964,-0.010910024387113304,0.016048768350336085
2004-05-26,152.49,145.32,152.72,81.82,-0.006838608831574722,-0.0048620146545230725,-0.009083830781209445,0.0018366597281742614
2004-05-27,148.22,144.26,150.06,82.3,-0.028001836185979512,-0.007294247178640245,-0.017417496071241434,0.0058665362991934256
2004-05-28,149.88,144.52,150.42,82.25,0.011199568209418365,0.0018023014002497284,0.002399040383846307,-0.0006075334143377242
2004-05-31,149.86,144.61,150.72,,-0.00013344008540150387,0.0006227511763077231,0.001994415636218605,
2004-06-01,151.63,146.13,153.42,82.29,0.011811023622047223,0.01051102966599804,0.017914012738853513,
2004-06-02,151.72,145.14,152.11,82.6,0.0005935500890326129,-0.006774789570930029,-0.008538652066223285,0.003767164904605602
2004-06-03,151.57,144.66,151.6,81.98,-0.000988663327181727,-0.003307151715584933,-0.003352836762869127,-0.007506053268764967
2004-06-04,150.75,144.9,151.82,82.42,-0.005410041564953394,0.0016590626296142386,0.0014511873350924187,0.005367162722615282
2004-06-07,148.43,144.76,150.52,83.74,-0.015389718076285197,-0.0009661835748793202,-0.00856277170333275,0.016015530211113793
2004-06-08,148.27,144.28,149.59,83.87,-0.0010779492016438352,-0.003315833103067045,-0.006178580919479204,0.0015524241700501928
2004-06-09,151.15,144.75,150.26,83.08,0.019424023740473473,0.0032575547546438433,0.004478909017982424,-0.00941933945391682
2004-06-10,149.93,144.79,150.38,83.46,-0.008071452199801543,0.000276338514680452,0.0007986157327299903,0.00457390467019736
2004-06-11,150.44,144.43,149.97,,0.003401587407456663,-0.0024863595552178097,-0.002726426386487568,
2004-06-14,152.34,144.66,151.32,82.66,0.012629619781972856,0.0015924669390015023,0.009001800360072032,
2004-06-15,148.21,143.24,147.75,83.16,-0.027110410922935535,-0.009816120558550967,-0.023592386994448766,0.006048874909266866
2004-06-16,149.86,143.93,148.99,83.27,0.01113285203427572,0.004817090198268703,0.008392554991539791,0.001322751322751392
2004-06-17,150.34,144.35,150.11,83.16,0.0032029894568263995,0.002918085180295904,0.007517283039130129,-0.0013210039630119352
2004-06-18,149.11,143.98,149.15,83.38,-0.00818145536783288,-0.0025632144094215326,-0.006395310105922425,0.002645502645502562
2004-06-21,148.17,143.25,147.63,83.04,-0.006304070820200014,-0.005070148631754368,-0.01019108280254788,-0.0040777164787717535
2004-06-22,148.43,143.26,147.98,83.34,0.001754741175676644,6.98080279231128e-05,0.0023707918444759724,0.0036127167630057855
2004-06-23,147.79,143.11,147.35,84.05,-0.004311796806575563,-0.0010470473265390412,-0.004257332071901598,0.008519318454523583
2004-06-24,145.61,142.86,146.29,83.81,-0.01475065971987266,-0.0017469079728880121,-0.0071937563624024925,-0.0028554431885782217
2004-06-25,145.43,142.22,145.33,83.36,-0.001236178833871393,-0.0044799104017920754,-0.0065623077448901945,-0.005369287674501844
2004-06-28,146.75,142.48,145.77,83.29,0.009076531664718335,0.001828153564899404,0.0030275923759719436,-0.0008397312859883543
2004-06-29,146.55,141.36,144.31,83.5,-0.0013628620102213995,-0.007860752386299685,-0.010015778280853427,0.002521311081762345
2004-06-30,145.23,141.04,143.79,83.85,-0.00900716479017416,-0.002263723825693398,-0.0036033538909293616,0.004191616766467066
2004-07-01,144.64,141.48,144.11,82.99,-0.004062521517592788,0.00311968235961424,0.002225467695945671,-0.01025641025641022
2004-07-02,141.91,140.99,143.37,82.73,-0.01887444690265483,-0.0034633870511732168,-0.005134966345153091,-0.0031329075792263517
2004-07-05,141.93,140.89,142.93,,0.0001409343950391495,-0.0007092701610045271,-0.0030689823533514016,
2004-07-06,142.06,141.01,143.24,82.06,0.0009159444796731364,0.0008517282986728603,0.0021688938641293287,
2004-07-07,140.96,141.32,143.49,82.23,-0.007743207095593396,0.0021984256435714222,0.0017453225356045543,0.0020716548866683837
2004-07-08,140.91,141.33,143.86,81.56,-0.0003547105561861885,7.076139258432868e-05,0.002578576904313845,-0.008147877903441625
2004-07-09,140.76,141.58,144.08,81.83,-0.001064509261230584,0.0017689096440953733,0.0015292645627693613,0.00331044629720445
2004-07-12,140.02,141.53,143.8,81.95,-0.005257175333901576,-0.00035315722559692286,-0.0019433647973348123,0.0014664548454113024
2004-07-13,141.11,140.83,142.64,82.01,0.007784602199685686,-0.0049459478555782255,-0.008066759388039135,0.0007321537522879673
2004-07-14,141.1,141.11,143.32,81.74,-7.086669973788151e-05,0.001988212738763151,0.004767246214245624,-0.0032922814290941016
2004-07-15,141.06,141.0,142.91,81.39,-0.00028348688873136574,-0.0007795336971158084,-0.002860731230812097,-0.004281869341815403
2004-07-16,139.71,142.25,145.05,81.0,-0.009570395576350421,0.00886524822695045,0.014974459450003641,-0.004791743457427167
2004-07-19,139.08,141.75,144.86,80.97,-0.004509340777324455,-0.0035149384885764245,-0.001309893140296392,-0.00037037037037035425
2004-07-20,138.82,140.4,142.34,81.54,-0.0018694276675296218,-0.00952380952380949,-0.017396106585669036,0.007039644312708537
2004-07-21,139.13,139.62,140.59,80.46,0.0022331076213801815,-0.005555555555555536,-0.012294506112125902,-0.01324503311258296
2004-07-22,139.54,140.33,141.7,80.68,0.002946884209013234,0.005085231342214724,0.007895298385375726,0.0027342779020633756
2004-07-23,138.68,139.69,140.5,79.9,-0.00616310735273029,-0.0045606784009122325,-0.008468595624558817,-0.009667823500247863
2004-07-26,139.49,139.85,140.88,79.74,0.005840784539948185,0.0011453933710359188,0.002704626334519622,-0.0020025031289112594
2004-07-27,139.57,139.46,139.67,80.53,0.0005735178148971176,-0.002788702180907987,-0.008588869960249879,0.009907198394783157
2004-07-28,139.68,139.99,140.6,80.59,0.000788134986028588,0.0038003728667719283,0.006658552301854526,0.0007450639513224555
2004-07-29,138.8,139.58,140.04,80.98,-0.006300114547537206,-0.0029287806271875994,-0.003982930298719767,0.004839310088100346
2004-07-30,139.06,140.1,141.09,81.08,0.0018731988472622252,0.003725462100587329,0.007497857754927173,0.00123487280810064
2004-08-02,139.5,140.27,141.44,81.44,0.0031641018265495813,0.0012134189864383416,0.00248068608689489,0.004440059200789381
2004-08-03,139.94,140.43,141.85,80.93,0.003154121863799375,0.0011406573037713308,0.0028987556561086425,-0.0062622789783889354
2004-08-04,140.2,139.98,141.24,80.86,0.001857939116764351,-0.003204443494979836,-0.004300317236517359,-0.0008649450142098614
2004-08-05,140.31,140.35,142.0,79.55,0.0007845934379457908,0.0026432347478211327,0.005380911922967968,-0.016200840959683438
2004-08-06,141.68,140.96,143.78,78.32,0.00976409379231713,0.004346277164232415,0.012535211267605595,-0.015461973601508583
2004-08-09,141.38,140.81,143.92,78.42,-0.0021174477696217497,-0.0010641316685584545,0.0009737098344693162,0.0012768130745659523
2004-08-10,140.45,140.22,143.0,79.43,-0.006578016692601496,-0.004190043320786874,-0.006392440244580189,0.012879367508288775
2004-08-11,140.63,140.33,142.74,79.24,0.0012815948736204508,0.0007844815290258822,-0.0018181818181817189,-0.002392043308573788
2004-08-12,141.43,140.92,143.9,78.31,0.005688686624475636,0.004204375400840732,0.008126663864368666,-0.011736496718828815
2004-08-13,143.45,141.8,146.4,78.44,0.01428268401329258,0.006244677831393819,0.017373175816539188,0.0016600689567105587
2004-08-16,142.16,140.84,144.55,79.51,-0.008992680376437745,-0.006770098730606522,-0.01263661202185784,0.01364099949005615
2004-08-17,142.25,140.46,144.08,79.69,0.000633089476645976,-0.002698097131496713,-0.0032514700795572837,0.002263866180354679
2004-08-18,141.38,139.73,143.26,80.7,-0.0061159929701231075,-0.0051972091698705425,-0.005691282620766347,0.012674112184715813
2004-08-19,142.27,140.59,144.31,80.41,0.006295091243457396,0.006154726973448987,0.007329331285774288,-0.0035935563816605898
2004-08-20,141.43,139.96,143.27,80.94,-0.005904266535460723,-0.004481115299807881,-0.00720670778185839,0.006591219997512665
2004-08-23,139.43,138.64,140.29,80.75,-0.01414127130028986,-0.00943126607602185,-0.020799888322747373,-0.0023474178403755097
2004-08-24,138.6,137.78,138.8,80.79,-0.005952807860575282,-0.006203115983842933,-0.01062085679663538,0.000495356037151673
2004-08-25,138.51,137.67,138.69,81.44,-0.0006493506493506773,-0.0007983742197708033,-0.0007925072046111037,0.008045550191855266
2004-08-26,138.79,137.69,138.95,81.45,0.0020215146920798954,0.00014527493281035753,0.001874684548273109,0.0001227897838900205
2004-08-27,138.45,137.83,139.4,81.66,-0.002449744217883132,0.0010167768174886849,0.0032385750269883218,0.0025782688766113893
2004-08-30,138.65,137.72,139.31,81.03,0.0014445648248466725,-0.0007980845969673966,-0.0006456241032999355,-0.007714915503306385
2004-08-31,140.17,138.3,140.78,81.41,0.010962856112513464,0.00421144350856828,0.010552006316847384,0.004689621127977217
2004-09-01,140.39,138.01,141.33,81.55,0.0015695227224084007,-0.002096890817064545,0.003906804943884179,0.0017196904557179593
2004-09-02,138.87,137.48,140.31,82.47,-0.010826981978773298,-0.0038403014274328573,-0.007217151347909234,0.011281422440220679
2004-09-03,136.71,136.8,138.5,82.13,-0.01555411535968887,-0.004946173988943703,-0.01290000712707573,-0.004122711288953584
2004-09-06,136.06,136.57,137.34,,-0.004754590008046233,-0.0016812865497077834,-0.008375451263537892,
2004-09-07,135.66,136.34,136.87,82.69,-0.002939879464942008,-0.0016841180347073603,-0.003422163972622627,
2004-09-08,137.2,136.54,137.65,82.34,0.011351909184726505,0.001466920932961635,0.005698838313728416,-0.0042326762607327595
2004-09-09,138.54,136.84,139.31,82.5,0.009766763848396476,0.002197158341877836,0.012059571376680012,0.0019431624969636907
2004-09-10,138.41,136.82,139.2,82.9,-0.0009383571531687007,-0.00014615609470924884,-0.0007896059148662093,0.00484848484848488
2004-09-13,138.22,136.78,138.97,83.07,-0.0013727331840184265,-0.0002923549188714736,-0.0016522988505746072,0.002050663449939538
2004-09-14,138.79,137.04,139.63,83.25,0.004123860512226907,0.0019008626992249589,0.004749226451752131,0.0021668472372697867
2004-09-15,138.74,136.72,139.17,82.67,-0.00036025650262971887,-0.0023350846468184194,-0.0032944209697056692,-0.00696696696696697
2004-09-16,139.68,137.35,140.23,82.9,0.006775263082023919,0.004607957870099488,0.007616584033915297,0.002782145881214504
2004-09-17,139.79,137.28,140.47,83.27,0.0007875143184421507,-0.0005096468875136484,0.001711474006988567,0.004463208685162812
2004-09-20,140.95,137.76,141.48,82.81,0.00829816152800622,0.0034965034965033226,0.007190147362426069,-0.005524198390776891
2004-09-21,141.18,137.9,141.99,83.33,0.0016317843206812288,0.001016260162601812,0.0036047497879561075,0.006279434850863463
2004-09-22,142.78,138.49,143.57,82.17,0.011333050007083179,0.004278462654097259,0.011127544193253014,-0.01392055682227289
2004-09-23,142.59,138.5,143.54,81.8,-0.0013307185880375716,7.220737959423573e-05,-0.00020895730305769966,-0.004502859924546687
2004-09-24,142.56,138.36,143.31,81.93,-0.0002103934357248205,-0.0010108303249096728,-0.001602340810923697,0.0015892420537897411
2004-09-27,143.06,138.87,144.48,81.45,0.0035072951739618663,0.0036860364267128354,0.008164119740422748,-0.0058586598315635285
2004-09-28,143.19,138.86,144.67,81.94,0.0009087096323221466,-7.200979333177315e-05,0.001315060908084087,0.006015960712093316
2004-09-29,142.0,138.23,143.31,82.3,-0.008310636217612966,-0.004536943684286476,-0.009400705052878822,0.004393458628264568
2004-09-30,141.93,138.8,143.81,82.29,-0.0004929577464788393,0.004123562178977247,0.003488940060009771,-0.00012150668286747823
2004-10-01,142.26,138.72,143.34,83.54,0.0023250898330162695,-0.0005763688760808128,-0.0032682010986718746,0.015190181066958353
2004-10-04,142.17,138.46,142.15,83.82,-0.000632644453816944,-0.00187427912341398,-0.008301939444676942,0.003351687814220572
2004-10-05,143.3,139.52,144.08,83.77,0.007948230991067229,0.007655640618229098,0.013577207175518913,-0.0005965163445478261
2004-10-06,143.5,139.9,144.57,84.35,0.0013956734124214165,0.002723623853210899,0.0034008883953358104,0.006923719708726184
2004-10-07,143.09,139.8,144.22,83.52,-0.0028571428571427804,-0.0007147962830592602,-0.002420972539254329,-0.009839952578541755
2004-10-08,145.45,141.28,146.95,82.89,0.016493116220560378,0.010586552217453526,0.018929413396200134,-0.007543103448275801
2004-10-11,145.59,141.09,146.6,83.05,0.0009625300790649938,-0.0013448471121177974,-0.0023817625042531487,0.0019302690312461568
2004-10-12,146.08,140.86,146.55,82.87,0.0033656157703139122,-0.0016301651428165531,-0.0003410641200544129,-0.0021673690547862057
2004-10-13,145.48,139.46,144.63,82.27,-0.0041073384446880246,-0.009938946471674037,-0.013101330603889516,-0.007240255822372532
2004-10-14,146.51,140.3,146.46,81.5,0.0070800109980753145,0.006023232468091333,0.012652976560879603,-0.009359426279324179
2004-10-15,145.72,140.34,146.47,81.87,-0.005392123404545757,0.00028510334996423303,6.827802813047512e-05,0.0045398773006135595
2004-10-18,145.45,139.92,146.06,82.3,-0.0018528685149602486,-0.0029927319367252236,-0.0027992080289478416,0.005252229143764442
2004-10-19,145.46,140.2,146.26,81.5,6.87521485047693e-05,0.0020011435105775632,0.0013693002875529992,-0.009720534629404587
2004-10-20,147.17,141.62,149.23,81.54,0.011755809157156571,0.010128388017118573,0.02030630384247223,0.0004907975460124447
2004-10-21,148.08,142.1,150.1,81.75,0.006183325405993312,0.003389351786470707,0.0058299269583863556,0.002575423105224406
2004-10-22,148.17,142.3,150.68,80.96,0.0006077795786059159,0.0014074595355384467,0.0038640906062625824,-0.009663608562691217
2004-10-25,149.14,143.28,152.73,80.89,0.006546534386178138,0.006886858749121538,0.013604990708786735,-0.0008646245059287239
2004-10-26,149.2,143.07,152.47,82.09,0.0004023065575968765,-0.0014656616415410495,-0.0017023505532638428,0.014834961058227236
2004-10-27,147.25,141.79,149.56,83.16,-0.01306970509383365,-0.008946669462500889,-0.019085721781334053,0.013034474357412451
2004-10-28,147.36,141.6,148.9,83.34,0.0007470288624789045,-0.001340009873756931,-0.004412944637603666,0.0021645021645022577
2004-10-29,148.78,142.82,151.17,83.54,0.009636264929424376,0.008615819209039532,0.015245130960376052,0.002399808015358884
2004-11-01,147.51,141.94,149.5,83.57,-0.008536093560962521,-0.00616160201652427,-0.011047165442878759,0.0003591094086663471
2004-11-02,146.98,141.0,147.29,83.57,-0.0035929767473391605,-0.0066225165562914245,-0.014782608695652177,0.0
2004-11-03,150.56,142.7,150.55,84.52,0.024357055381684756,0.012056737588652444,0.02213320659922613,0.011367715687447655
2004-11-04,151.72,143.39,151.98,85.89,0.007704569606801215,0.004835318850735737,0.009498505479906827,0.016209181258873606
2004-11-05,150.88,142.89,150.78,86.23,-0.005536514632217271,-0.003486993514192016,-0.00789577575996836,0.003958551635813379
2004-11-08,149.77,142.34,149.53,86.14,-0.00735683987274649,-0.0038491147036180395,-0.008290224167661453,-0.0010437202829641778
2004-11-09,149.85,142.59,149.87,86.11,0.0005341523669626369,0.0017563580160180337,0.0022737912124657367,-0.00034827025771999587
2004-11-10,149.01,142.61,149.61,86.04,-0.005605605605605635,0.0001402622904833617,-0.0017348368586107554,-0.000812913715015573
2004-11-11,150.13,143.47,151.51,86.82,0.007516274075565432,0.006030432648481687,0.012699685849876241,0.00906555090655492
2004-11-12,154.65,145.28,154.74,87.62,0.030107240391660683,0.01261587788387808,0.021318724836644654,0.009214466712739178
2004-11-15,153.58,144.88,153.69,87.61,-0.006918849013902273,-0.002753303964757703,-0.0067855758045755055,-0.0001141291942479139
2004-11-16,153.35,144.58,153.41,86.99,-0.001497590832139739,-0.0020706791827718174,-0.001821849176914525,-0.007076817714872785
2004-11-17,157.98,146.43,156.65,87.49,0.030192370394522383,0.012795684050352696,0.021119874845186182,0.005747787101965773
2004-11-18,156.05,145.45,154.82,87.61,-0.012216736295733499,-0.006692617632998776,-0.011682093839770258,0.001371585324037028
2004-11-19,156.92,146.0,155.68,86.63,0.0055751361743030525,0.003781368167755428,0.005554837876243557,-0.011185937678347302
2004-11-22,158.06,146.42,156.91,87.14,0.007264848330359452,0.0028767123287669616,0.007900822199383262,0.0058871060833429745
2004-11-23,159.46,147.06,158.26,87.12,0.008857395925597977,0.004370987570004203,0.008603658147982918,-0.00022951572182694502
2004-11-24,162.13,148.29,160.73,87.49,0.01674401103725054,0.008363933088535225,0.015607228611146162,0.004247015610651772
2004-11-25,164.26,148.9,161.99,,0.013137605625115567,0.004113561265088661,0.007839233497169307,
2004-11-26,164.23,149.38,163.05,87.56,-0.0001826372823572342,0.0032236400268637055,0.0065436138033212465,
2004-11-29,161.25,148.71,161.44,87.27,-0.01814528405285265,-0.004485205516133295,-0.009874271695798909,-0.0033120146185473542
2004-11-30,161.16,148.27,160.75,86.92,-0.0005581395348837059,-0.0029587788312823715,-0.004274033696729407,-0.004010541996103956
2004-12-01,163.2,149.12,162.29,88.25,0.012658227848101111,0.005732784784514777,0.009580093312597127,0.015301426599171553
2004-12-02,160.9,147.59,159.09,88.18,-0.01409313725490191,-0.010260193133047268,-0.01971778914289224,-0.0007932011331444055
2004-12-03,165.18,149.45,163.44,88.24,0.026600372902423786,0.012602479842807712,0.027343013388647863,0.0006804264005442207
2004-12-06,164.68,149.28,163.17,88.17,-0.003027000847560246,-0.0011375041820005372,-0.0016519823788546661,-0.0007932910244786706
2004-12-07,164.68,149.37,163.61,87.2,0.0,0.000602893890675249,0.0026965741251456787,-0.011001474424407354
2004-12-08,162.32,147.67,161.11,87.64,-0.014330823415108163,-0.011381134096538958,-0.015280239594156808,0.005045871559633097
2004-12-09,161.76,147.17,160.23,88.12,-0.003449975357318835,-0.0033859280828875127,-0.005462106635218289,0.005476951163852162
2004-12-10,159.86,146.71,159.25,88.03,-0.011745796241345086,-0.0031256370184139515,-0.006116207951070263,-0.0010213345438039312
2004-12-13,162.21,147.95,161.57,88.83,0.01470036281746534,0.008452048258468903,0.014568288854003075,0.00908781097353173
2004-12-14,161.93,147.86,161.36,89.18,-0.0017261574502188681,-0.0006083136194658945,-0.0012997462400197168,0.003940110323089163
2004-12-15,166.72,149.29,164.19,89.36,0.029580683011177555,0.009671310699310043,0.017538423401090686,0.00201838977349178
2004-12-16,162.14,147.62,160.57,89.18,-0.027471209213051906,-0.011186281733538639,-0.022047627748340348,-0.00201432408236335
2004-12-17,161.53,147.1,158.71,88.52,-0.0037621808313802463,-0.0035225579189812617,-0.011583732951360726,-0.007400762502803415
2004-12-20,164.08,148.4,161.52,88.55,0.015786541199777293,0.008837525492862097,0.017705248566568077,0.0003389064618164461
2004-12-21,163.13,147.87,160.57,89.35,-0.005789858605558362,-0.0035714285714285587,-0.005881624566617227,0.009034443817052429
2004-12-22,163.07,147.88,160.6,89.69,-0.000367804818243167,6.76269696353593e-05,0.0001868344024413826,0.0038052602126470436
2004-12-23,164.93,148.93,162.74,89.73,0.011406144600478507,0.0071003516364620545,0.013325031133250453,0.0004459805998440203
2004-12-24,164.92,149.1,162.93,,-6.063178318083118e-05,0.0011414758611427711,0.0011675064520093592,
2004-12-27,166.39,149.86,163.99,89.34,0.008913412563667178,0.005097250167672929,0.00650586141287679,
2004-12-28,164.96,149.45,163.09,89.98,-0.008594266482360613,-0.00273588682770598,-0.005488139520702484,0.00716364450414142
2004-12-29,162.39,148.62,161.49,89.99,-0.015579534432589859,-0.0055536968885914195,-0.009810534060947895,0.0001111358079572966
2004-12-30,165.64,149.07,162.57,90.0,0.02001354763224339,0.0030278562777552587,0.006687720601894709,0.00011112345816211011
2004-12-31,165.87,148.9,161.74,89.88,0.0013885534894952922,-0.0011404038371234382,-0.005105493018392027,-0.0013333333333334085
2005-01-03,165.26,148.51,161.08,89.15,-0.003677578826792094,-0.0026192075218268718,-0.004080623222455726,-0.008121940364930857
2005-01-04,159.31,145.67,154.91,88.12,-0.03600387268546523,-0.019123291360851113,-0.0383039483486467,-0.01155356141334829
2005-01-05,158.79,145.35,153.86,87.81,-0.003264076329169585,-0.002196746069883959,-0.006778129236330699,-0.0035179300953245285
2005-01-06,157.25,144.53,152.3,88.14,-0.009698343724415803,-0.005641554867561016,-0.010139087482126663,0.0037581141100102577
2005-01-07,157.01,144.26,151.6,88.01,-0.0015262321144674518,-0.001868124264858606,-0.004596191726854992,-0.001474926253687281
2005-01-10,158.38,144.5,152.04,88.31,0.008725558881599982,0.0016636628309996127,0.0029023746701846154,0.0034087035564140944
2005-01-11,159.09,144.63,152.13,87.78,0.004482889253693667,0.0008996539792387459,0.0005919494869770503,-0.006001585324425296
2005-01-12,161.36,144.96,153.03,88.14,0.014268652963731254,0.002281684297863684,0.005915992900808575,0.004101161995898828
2005-01-13,160.7,144.78,152.4,87.38,-0.004090233019335754,-0.0012417218543047115,-0.004116839835326402,-0.00862264579078742
2005-01-14,159.63,144.98,152.57,87.91,-0.006658369632856265,0.001381406271584451,0.0011154855643042971,0.006065461203936806
2005-01-17,160.14,145.14,152.86,,0.0031948881789136685,0.0011036004966202828,0.001900766861113068,
2005-01-18,159.99,145.26,152.85,88.76,-0.0009366804046457844,0.0008267879288963442,-6.54193379564516e-05,
2005-01-19,159.7,144.93,152.13,87.92,-0.0018126132883306,-0.002271788517141604,-0.004710500490677116,-0.009463722397476393
2005-01-20,157.78,144.0,150.12,87.24,-0.012022542266750036,-0.006416890912854578,-0.013212384145138922,-0.007734303912647955
2005-01-21,159.49,144.46,151.05,86.68,0.010837875522879958,0.0031944444444444997,0.006195043964828173,-0.006419073819348808
2005-01-24,159.66,144.58,151.31,86.38,0.001065897548435668,0.0008306797729475957,0.0017212843429328384,-0.0034610059990771713
2005-01-25,157.4,144.17,150.46,86.72,-0.014155079544031057,-0.002835800248997322,-0.005617606238847328,0.003936096318592375
2005-01-26,159.76,144.72,151.3,87.14,0.01499364675984749,0.0038149406950129805,0.005582879170543675,0.004843173431734238
2005-01-27,159.28,144.72,150.92,87.19,-0.003004506760140191,0.0,-0.0025115664243227087,0.0005737893045674181
2005-01-28,160.37,144.56,151.12,86.96,0.006843294826720303,-0.001105583195135429,0.0013252054068382257,-0.0026379171923386346
2005-01-31,160.85,144.98,151.89,87.69,0.0029930785059548715,0.002905368013281562,0.0050952885124402325,0.008394664213431602
2005-02-01,162.15,144.94,152.27,88.3,0.00808206403481515,-0.0002759001241550152,0.0025018105207716967,0.006956323412019572
2005-02-02,162.65,145.13,152.35,88.59,0.003083564600678379,0.0013108872636953262,0.0005253825441648985,0.0032842582106455964
2005-02-03,160.98,144.79,151.63,88.37,-0.010267445434983147,-0.0023427272100875474,-0.004725959960616977,-0.002483350265266915
2005-02-04,162.95,145.73,153.37,89.35,0.012237545036650532,0.006492161060846824,0.011475301721295406,0.011089736335860412
2005-02-07,162.74,146.24,153.94,89.25,-0.0012887388769560193,0.0034996225897208078,0.00371650257547107,-0.0011191941801902416
2005-02-08,163.02,146.02,153.7,89.31,0.0017205358240137691,-0.0015043763676149124,-0.0015590489801221574,0.0006722689075631116
2005-02-09,162.97,145.88,153.63,88.57,-0.000306710833026691,-0.0009587727708534333,-0.00045543266102787694,-0.008285746277012729
2005-02-10,163.31,146.07,153.73,88.95,0.0020862735472786387,0.0013024403619412706,0.0006509145349216094,0.0042903917805126035
2005-02-11,164.2,146.47,154.17,89.58,0.00544975812871229,0.002738413089614644,0.002862160931503377,0.007082630691399583
2005-02-14,165.03,146.32,153.89,89.65,0.00505481120584661,-0.0010241004983956303,-0.0018161769475254497,0.0007814244250949898
2005-02-15,164.88,145.95,153.37,89.96,-0.0009089256498818754,-0.0025287042099507717,-0.0033790369744621795,0.0034578918014498417
2005-02-16,163.55,145.6,152.71,89.98,-0.008066472586123141,-0.0023980815347721673,-0.004303318771598064,0.0002223210315697166
2005-02-17,163.5,145.62,152.54,89.28,-0.0003057169061450038,0.00013736263736263687,-0.0011132211381049695,-0.00777950655701265
2005-02-18,161.85,145.77,152.36,89.34,-0.010091743119266083,0.0010300782859498092,-0.0011800183558409172,0.0006720430107527431
2005-02-21,161.78,145.83,152.36,,-0.0004324992276799611,0.0004116073266104969,0.0,
2005-02-22,160.15,145.36,151.2,88.04,-0.010075411052046013,-0.0032229308098470355,-0.007613546862693776,
2005-02-23,159.59,145.4,151.51,88.54,-0.0034967218232906383,0.0002751788662629373,0.002050264550264469,0.005679236710586011
2005-02-24,159.39,145.47,151.66,89.27,-0.0012532113540949519,0.00048143053645111067,0.0009900336611445848,0.008244861079737875
2005-02-25,160.63,145.91,152.6,90.11,0.007779659953573104,0.0030246786278957938,0.006198074640643592,0.00940965609947364
2005-02-28,159.83,146.47,153.19,89.54,-0.004980389715495082,0.003837982317867139,0.0038663171690693776,-0.0063256020419486525
2005-03-01,160.06,146.34,153.09,90.04,0.0014390289682786328,-0.0008875537652761611,-0.0006527841242900401,0.005584096493187474
2005-03-02,158.34,146.32,153.25,90.05,-0.010745970261152094,-0.0001366680333471093,0.0010451368476058764,0.00011106175033304133
2005-03-03,158.73,146.9,154.27,90.08,0.0024630541871919487,0.003963914707490579,0.006655791190864679,0.0003331482509716377
2005-03-04,162.32,147.77,155.98,90.95,0.022617022617022586,0.005922396187882928,0.011084462306345966,0.009658081705151034
2005-03-07,163.37,148.14,156.77,91.19,0.006468703794972885,0.0025038911822425902,0.005064751891268315,0.0026388125343594915
2005-03-08,163.57,148.8,158.04,90.76,0.0012242149721490847,0.0044552450384773845,0.008101039739746074,-0.004715429323390641
2005-03-09,161.62,148.42,157.17,89.84,-0.011921501497829556,-0.002553763440860335,-0.005504935459377358,-0.01013662406346405
2005-03-10,161.14,147.84,156.18,90.01,-0.0029699294641752916,-0.00390782913353982,-0.006298912006107882,0.0018922528940339411
2005-03-11,162.26,148.49,157.34,89.36,0.0069504778453519656,0.0043966450216450514,0.007427327442694365,-0.007221419842239785
2005-03-14,160.43,148.02,156.55,89.86,-0.011278195488721665,-0.0031651963095158386,-0.005020973687555608,0.005595344673231972
2005-03-15,160.77,148.35,156.68,89.19,0.0021193043695069136,0.0022294284556139132,0.0008304056212071753,-0.007456042733140489
2005-03-16,161.25,148.57,157.46,88.47,0.002985631647695497,0.0014829794405122332,0.004978299719172741,-0.008072653884964698
2005-03-17,160.64,148.03,156.6,88.63,-0.003782945736434229,-0.003634650333176226,-0.0054617045598882585,0.0018085226630495388
2005-03-18,160.27,148.34,156.86,88.59,-0.0023032868525895145,0.0020941701006553792,0.0016602809706258714,-0.0004513144533452307
2005-03-21,156.82,147.25,154.56,88.16,-0.02152617458039574,-0.007347984360253523,-0.014662756598240567,-0.004853820973021894
2005-03-22,157.68,147.4,154.31,87.26,0.005483994388471025,0.0010186757215620013,-0.0016174948240165188,-0.010208711433756679
2005-03-23,153.39,145.64,150.57,87.32,-0.027207001522070118,-0.01194029850746281,-0.024236925669107734,0.0006876002750400012
2005-03-24,153.92,145.92,151.18,87.24,0.0034552448008344783,0.001922548750343367,0.004051271833698689,-0.00091617040769576
2005-03-25,154.08,145.96,151.24,,0.0010395010395012338,0.0002741228070177737,0.00039687789390141504,
2005-03-28,153.81,146.14,151.63,87.45,-0.0017523364485981796,0.0012332145793365612,0.0025786828881246837,
2005-03-29,154.26,146.04,151.74,86.81,0.0029256875365710755,-0.0006842753524017864,0.0007254501088176379,-0.007318467695826225
2005-03-30,154.48,146.23,152.28,88.01,0.001426163619862475,0.0013010134209805457,0.003558718861209842,0.013823292247437058
2005-03-31,155.2,146.93,153.84,87.95,0.0046607975142414215,0.0047869794159887125,0.010244286840031647,-0.0006817407112827967
2005-04-01,154.46,147.07,154.2,87.38,-0.004768041237113274,0.000952834683182413,0.002340093603744098,-0.006480955088118301
2005-04-04,154.07,147.38,154.62,87.63,-0.0025249255470672916,0.002107839804174949,0.0027237354085605237,0.002861066605630569
2005-04-05,154.32,147.24,154.23,88.02,0.0016226390601674634,-0.000949925363007087,-0.0025223127667831635,0.00445053064019163
2005-04-06,154.33,147.07,154.33,88.24,6.480041472278764e-05,-0.0011545775604456798,0.0006483822861960142,0.002499431947284636
2005-04-07,155.2,146.77,153.85,88.77,0.00563727078338605,-0.002039844971782001,-0.003110218363247652,0.006006346328195855
2005-04-08,156.11,146.6,153.37,88.03,0.00586340206185576,-0.0011582748518090824,-0.003119922001949882,-0.008336149600090104
2005-04-11,155.49,146.4,153.14,88.03,-0.003971558516430718,-0.0013642564802182067,-0.0014996413901025019,0.0
2005-04-12,153.97,145.67,151.59,88.53,-0.00977554826676963,-0.004986338797814294,-0.010121457489878471,0.0056798818584573585
2005-04-13,154.58,144.81,150.05,87.5,0.003961810742352467,-0.005903755062813154,-0.01015898146315719,-0.011634474189540334
2005-04-14,154.28,144.73,149.69,86.62,-0.001940742657523642,-0.0005524480353568118,-0.0023992002665779166,-0.010057142857142765
2005-04-15,151.42,143.45,148.27,85.17,-0.01853772361939343,-0.00884405444621017,-0.009486271628031173,-0.016739782960055405
2005-04-18,149.12,142.48,147.01,85.42,-0.015189539030511012,-0.006761937957476483,-0.008498010386457255,0.002935305858870585
2005-04-19,149.82,143.6,148.67,85.93,0.004694206008583723,0.007860752386299907,0.011291748860621675,0.005970498712245531
2005-04-20,150.2,143.88,149.4,84.8,0.002536376985716071,0.001949860724234087,0.004910203807089619,-0.013150238566274952
2005-04-21,150.84,143.35,148.51,86.47,0.0042609853528630115,-0.0036836252432582706,-0.0059571619812585075,0.019693396226415194
2005-04-22,151.61,144.02,149.09,85.89,0.005104746751524836,0.004673875130798866,0.0039054609117232797,-0.006707528622643677
2005-04-25,151.74,143.92,148.81,86.64,0.0008574632280191619,-0.0006943480072213459,-0.0018780602320745965,0.008732099196646859
2005-04-26,151.45,143.76,148.54,85.86,-0.0019111638328721536,-0.0011117287381878782,-0.0018143941939386954,-0.009002770083102463
2005-04-27,150.29,143.48,147.76,86.22,-0.007659293496203312,-0.0019476905954368684,-0.0052511108119025485,0.004192872117400492
2005-04-28,150.93,144.23,149.0,85.27,0.004258433694856789,0.005227209367159258,0.00839198700595567,-0.01101832521456747
2005-04-29,151.02,143.99,147.95,86.28,0.0005963029218842841,-0.0016640088747138515,-0.007046979865771852,0.011844728509440738
2005-05-02,151.17,143.83,147.79,86.68,0.0009932459276915662,-0.0011111882769636594,-0.0010814464346062813,0.004636068613815603
2005-05-03,151.25,143.44,147.44,86.61,0.0005292055301979737,-0.0027115344503929606,-0.002368225184383177,-0.0008075680664514362
2005-05-04,150.99,143.26,147.54,87.7,-0.0017190082644626958,-0.0012548800892359102,0.0006782419967443776,0.012585151830042829
2005-05-05,151.58,143.66,148.53,87.48,0.003907543545930148,0.002792126204104406,0.0067100447336316815,-0.0025085518814138563
2005-05-06,151.26,143.2,146.88,87.39,-0.002111096450719274,-0.003202004733398378,-0.011108866895576663,-0.0010288065843622185
2005-05-09,150.83,142.74,146.41,87.95,-0.0028427872537351018,-0.003212290502793147,-0.003199891067538152,0.006408055841629512
2005-05-10,151.76,143.1,147.27,87.01,0.006165882118941646,0.0025220680958384367,0.005873915716139599,-0.010687890847072223
2005-05-11,153.07,143.51,147.97,87.42,0.008632050606220298,0.002865129280223533,0.004753174441501917,0.004712102057234713
2005-05-12,153.06,143.54,147.8,86.55,-6.532958777027975e-05,0.00020904466587690074,-0.0011488815300397803,-0.009951956074124912
2005-05-13,153.98,143.72,147.95,86.17,0.006010714752384683,0.0012540058520273956,0.0010148849797022574,-0.00439052570768339
2005-05-16,152.84,142.98,146.75,87.05,-0.00740355890375366,-0.005148900640133625,-0.00811084825954711,0.010212370894742806
2005-05-17,153.34,143.07,147.05,87.66,0.0032713949227951566,0.0006294586655477552,0.002044293015332377,0.007007466973004028
2005-05-18,153.96,143.14,147.44,88.56,0.00404330246511031,0.0004892709862305278,0.0026521591295476377,0.010266940451745477
2005-05-19,152.98,142.83,146.94,88.97,-0.006365289685632769,-0.0021657118904566675,-0.003391209983722221,0.004629629629629539
2005-05-20,153.51,143.15,146.85,88.84,0.0034645051640738167,0.0022404256808792322,-0.0006124948958758925,-0.0014611666853995287
2005-05-23,153.64,143.22,147.16,89.18,0.0008468503680540973,0.0004889975550121939,0.0021109976166155953,0.003827104907699219
2005-05-24,155.46,143.9,148.69,89.2,0.011845873470450519,0.004747940231811354,0.010396846969285223,0.00022426553038790153
2005-05-25,155.39,143.92,149.02,88.9,-0.0004502765984820689,0.00013898540653212166,0.0022193826081109425,-0.0033632286995515237
2005-05-26,156.17,144.48,149.36,89.48,0.0050196280326919585,0.0038910505836575737,0.00228157294322906,0.0065241844769403645
2005-05-27,154.94,144.09,148.94,89.57,-0.007876032528654653,-0.002699335548172699,-0.0028119978575255056,0.001005811354492403
2005-05-30,155.78,144.37,149.51,,0.005421453465857873,0.0019432299257409191,0.0038270444474284293,
2005-05-31,158.3,146.08,152.31,89.03,0.016176659391449633,0.011844566045577487,0.01872784429135188,
2005-06-01,160.51,147.35,154.64,89.86,0.01396083385975988,0.008693866374589243,0.015297748013918921,0.009322700213411084
2005-06-02,160.43,147.05,154.56,90.01,-0.0004984113139366864,-0.002035968781811892,-0.0005173305742368628,0.0016692632984642852
2005-06-03,157.98,147.06,154.0,89.4,-0.015271457956741341,6.800408024476567e-05,-0.0036231884057971175,-0.0067770247750249535
2005-06-06,157.28,146.99,153.79,89.51,-0.0044309406253955075,-0.00047599619203042565,-0.0013636363636364557,0.001230425055928297
2005-06-07,159.8,147.64,155.15,89.5,0.016022380467955344,0.004422069528539296,0.008843227778139173,-0.00011171936096532331
2005-06-08,161.11,147.83,155.96,89.32,0.008197747183980031,0.001286914115416149,0.005220754108926862,-0.0020111731843576175
2005-06-09,160.7,148.23,156.06,89.79,-0.0025448451368631497,0.0027058107285393707,0.0006411900487304223,0.005261979399910688
2005-06-10,161.18,148.24,155.93,89.58,0.002986932171748613,6.746272684354793e-05,-0.0008330129437396083,-0.002338790511192901
2005-06-13,160.49,148.41,155.98,89.81,-0.0042809281548579214,0.0011467889908256534,0.00032065670493164333,0.002567537396740427
2005-06-14,159.25,148.59,155.91,90.04,-0.0077263380896006595,0.0012128562765312267,-0.0004487754840363234,0.00256096203095435
2005-06-15,154.69,147.32,153.75,90.24,-0.028634222919937224,-0.008547008547008628,-0.013854146623051733,0.002221235006663491
2005-06-16,154.86,147.66,154.15,90.57,0.0010989721378240613,0.0023079011675264383,0.002601626016260239,0.0036569148936169693
2005-06-17,153.02,146.96,153.33,91.02,-0.011881699599638362,-0.004740620344033553,-0.005319493999351277,0.004968532626697719
2005-06-20,154.34,148.12,155.2,90.96,0.008626323356423882,0.007893304300489845,0.012195917302549875,-0.0006591957811470373
2005-06-21,155.99,148.47,155.79,90.77,0.010690682907865678,0.0023629489603023135,0.003801546391752675,-0.002088830255057128
2005-06-22,160.84,149.7,158.44,90.79,0.03109173664978515,0.008284501919579634,0.017010077668656587,0.00022033711578717252
2005-06-23,162.45,150.5,159.56,89.83,0.010009947774185513,0.005344021376085584,0.0070689219893966815,-0.010573851745787066
2005-06-24,163.13,150.07,159.36,89.14,0.004185903354878562,-0.0028571428571428914,-0.0012534469791927183,-0.00768117555382386
2005-06-27,161.97,149.49,158.66,89.08,-0.007110893152700304,-0.0038648630639034343,-0.004392570281124608,-0.0006730984967466824
2005-06-28,161.95,149.13,157.77,89.91,-0.00012347965672665495,-0.0024081878386514877,-0.005609479389890204,0.009317467444993177
2005-06-29,162.57,148.89,157.4,89.79,0.0038283420808891133,-0.0016093341380004622,-0.0023451860302973193,-0.001334668001334527
2005-06-30,164.84,148.89,157.81,89.16,0.013963215845482102,0.0,0.0026048284625157514,-0.00701637153357848
2005-07-01,167.42,150.2,159.52,89.4,0.01565154088813392,0.008798441802673196,0.01083581522083521,0.0026917900403768957
2005-07-04,167.81,149.99,158.96,,0.002329470792020061,-0.0013981358189080195,-0.0035105315947843163,
2005-07-05,166.91,149.66,158.2,90.19,-0.005363208390441576,-0.0022001466764451916,-0.004781077000503342,
2005-07-06,167.92,149.81,159.13,89.46,0.006051165298663896,0.0010022718161166733,0.005878634639696623,-0.008094023727686084
2005-07-07,167.71,149.36,158.84,89.68,-0.0012505955216768339,-0.0030038048194378497,-0.001822409350845211,0.0024591996422984597
2005-07-08,167.72,149.35,158.81,90.73,5.9626736628626276e-05,-6.695232994125e-05,-0.00018886930244266242,0.011708296164139043
2005-07-11,165.85,148.19,156.94,91.3,-0.011149534939184358,-0.007766990291262155,-0.011775077136200518,0.006282376281274038
2005-07-12,163.57,147.35,155.32,91.51,-0.013747362074163383,-0.005668398677373676,-0.010322416210016616,0.0023001095290253737
2005-07-13,166.48,148.42,157.12,91.6,0.017790548389068794,0.0072616219884626965,0.01158897759464339,0.000983499071139704
2005-07-14,165.99,148.03,156.4,91.84,-0.0029432964920710347,-0.002627678210483708,-0.0045824847250509615,0.0026200873362447474
2005-07-15,166.71,148.38,157.03,91.95,0.00433761069943972,0.0023643855975139516,0.0040281329923272935,0.0011977351916376833
2005-07-18,165.81,148.31,156.41,91.44,-0.005398596364945107,-0.00047176169295048975,-0.003948290135642907,-0.0055464926590539365
2005-07-19,167.1,148.46,157.18,92.06,0.007779989144201194,0.0010113950509069713,0.004922958890096529,0.006780402449693801
2005-07-20,166.0,147.87,156.44,92.5,-0.006582884500299202,-0.00397413444698913,-0.004707978114263933,0.004779491635889643
2005-07-21,161.82,146.92,153.92,91.89,-0.025180722891566254,-0.006424562115371679,-0.01610841217080039,-0.0065945945945945494
2005-07-22,165.12,148.57,156.95,92.39,0.020393029291805753,0.011230601687993502,0.01968555093555091,0.005441288497116226
2005-07-25,164.48,148.61,157.22,92.05,-0.00387596899224818,0.00026923335801321,0.0017202930869704147,-0.0036800519536747123
2005-07-26,165.33,148.85,157.85,92.2,0.005167801556420271,0.0016149653455350688,0.004007123775600974,0.0016295491580662347
2005-07-27,165.15,148.75,157.93,92.64,-0.0010887316276537717,-0.0006718172657036448,0.0005068102629079974,0.004772234273318743
2005-07-28,166.2,148.63,158.07,93.18,0.006357856494096259,-0.0008067226890756674,0.0008864686886593809,0.0058290155440414715
2005-07-29,165.42,148.68,158.26,92.47,-0.004693140794223782,0.00033640584000549367,0.0012019991143163988,-0.007619660871431733
2005-08-01,163.77,148.4,157.85,92.56,-0.00997461008342393,-0.0018832391713747842,-0.002590673575129543,0.0009732886341515812
2005-08-02,163.09,148.68,157.91,93.22,-0.0041521646211150065,0.0018867924528302993,0.00038010769718077597,0.007130509939498708
2005-08-03,161.35,147.86,156.32,93.3,-0.01066895579128091,-0.005515200430454614,-0.010069026660756153,0.0008581849388542562
2005-08-04,160.1,147.64,155.91,92.62,-0.007747133560582542,-0.0014878939537401603,-0.002622824974411464,-0.007288317256162857
2005-08-05,160.04,147.83,156.21,91.91,-0.00037476577139294864,0.001286914115416149,0.0019241870309794074,-0.007665730943640758
2005-08-08,160.46,148.16,157.11,91.67,0.002624343914021665,0.002232293851045064,0.005761474937584055,-0.0026112501360026075
2005-08-09,161.2,147.74,156.59,92.29,0.004611741243923495,-0.0028347732181425167,-0.0033097829546178126,0.006763390422166449
2005-08-10,162.1,148.52,157.91,92.16,0.005583126550868567,0.005279545146879672,0.008429657066223895,-0.001408603315635637
2005-08-11,160.84,148.82,158.46,92.82,-0.007772979642196143,0.002019929975760615,0.0034829966436578097,0.007161458333333259
2005-08-12,160.93,148.58,158.37,92.27,0.0005595622979359671,-0.001612686466872626,-0.0005679666792881566,-0.005925447101917669
2005-08-15,162.41,148.83,158.35,92.54,0.009196545081712415,0.0016825952348902273,-0.0001262865441687966,0.0029261948629024648
2005-08-16,161.95,148.61,157.91,91.45,-0.0028323379102273005,-0.0014781966001478075,-0.0027786548784338727,-0.011778690296088246
2005-08-17,162.1,147.5,155.63,91.54,0.0009262117937636205,-0.007469214723100803,-0.014438604268254052,0.0009841443411700013
2005-08-18,162.22,146.76,154.36,91.46,0.0007402837754473257,-0.005016949152542471,-0.008160380389384936,-0.000873934891850725
2005-08-19,162.86,147.42,155.66,91.52,0.003945259524103184,0.0044971381847915826,0.008421870951023536,0.0006560244915809754
2005-08-22,163.89,147.9,156.7,91.67,0.006324450448237595,0.0032560032560033925,0.006681228318129229,0.0016389860139860435
2005-08-23,162.65,147.54,156.42,91.36,-0.007566050399658186,-0.0024340770791075883,-0.0017868538608806217,-0.0033816952110832244
2005-08-24,162.14,147.57,157.2,90.77,-0.0031355671687673947,0.00020333468889788264,0.004986574606827832,-0.0064579684763572676
2005-08-25,162.15,147.53,157.1,90.98,6.167509559662498e-05,-0.00027105780307645766,-0.0006361323155216203,0.0023135397157652005
2005-08-26,161.11,147.13,156.16,90.43,-0.0064138143694110195,-0.0027113129532976288,-0.005983450031826876,-0.006045284677951179
2005-08-29,162.83,148.14,158.44,90.98,0.01067593569610814,0.0068646774960918755,0.014600409836065475,0.006082052416233497
2005-08-30,164.19,148.76,160.49,90.7,0.008352269237855259,0.0041852301876603715,0.012938651855592065,-0.0030775994724114852
2005-08-31,163.48,148.73,160.89,91.63,-0.0043242584810281315,-0.00020166711481584,0.002492367125677575,0.0102535832414552
2005-09-01,161.58,149.36,162.54,91.72,-0.011622216784927697,0.004235863645532412,0.010255454036919742,0.0009822110662447425
2005-09-02,160.27,149.18,161.84,91.46,-0.008107439039485076,-0.0012051419389395024,-0.004306632213608941,-0.0028347143480157433
2005-09-05,160.59,149.1,161.55,,0.0019966306857177596,-0.0005362649148680232,-0.0017918932278793154,
2005-09-06,161.47,148.97,160.97,92.61,0.005479793262345156,-0.000871898054996656,-0.003590219746208656,
2005-09-07,162.18,148.32,159.36,92.85,0.0043971016287855935,-0.004363294623078495,-0.010001863701310731,0.0025915127955944417
2005-09-08,162.84,148.57,159.54,92.5,0.004069552349241556,0.001685544768069036,0.0011295180722890041,-0.003769520732363918
2005-09-09,164.23,148.72,159.74,93.24,0.008535986244166072,0.0010096250925490935,0.0012536041118216268,0.008000000000000007
2005-09-12,163.96,147.97,157.51,93.17,-0.0016440358034462976,-0.005043033889187698,-0.013960185301114425,-0.0007507507507507061
2005-09-13,163.43,147.9,157.6,92.5,-0.003232495730665974,-0.00047306886531051084,0.0005713922925529857,-0.007191155951486561
2005-09-14,163.1,148.27,158.19,92.19,-0.0020192131187665163,0.0025016903313048733,0.003743654822335074,-0.0033513513513513393
2005-09-15,163.12,148.03,157.32,92.24,0.00012262415695896145,-0.001618668645039567,-0.005499715531955274,0.0005423581733376981
2005-09-16,162.82,147.77,156.78,93.01,-0.0018391368317803858,-0.0017564007295818307,-0.003432494279176135,0.008347788378143983
2005-09-19,167.05,149.61,159.84,92.49,0.025979609384596536,0.012451783176558262,0.019517795637198576,-0.005590796688528243
2005-09-20,167.97,149.53,159.57,91.76,0.005507333133792258,-0.0005347236147317247,-0.0016891891891892552,-0.007892745161638959
2005-09-21,168.37,149.65,159.97,90.93,0.002381377626957226,0.0008025145455761162,0.0025067368552986746,-0.00904533565823884
2005-09-22,167.71,149.51,159.76,91.28,-0.003919938231276343,-0.0009355162044771825,-0.0013127461399012885,0.0038491147036181506
2005-09-23,165.16,149.15,158.24,91.33,-0.015204817840319684,-0.0024078656946022736,-0.009514271407110586,0.0005477651183172227
2005-09-26,165.43,149.64,158.64,91.36,0.0016347783967063378,0.003285283271873718,0.0025278058645095136,0.0003284791415745225
2005-09-27,164.74,150.09,158.98,91.36,-0.004170948437405508,0.003007217321571831,0.0021432173474533744,0.0
2005-09-28,168.65,150.78,160.19,91.47,0.023734369309214465,0.004597241655007078,0.007611020254119971,0.0012040280210157128
2005-09-29,169.32,150.93,160.43,92.28,0.003972724577527398,0.0009948269001194276,0.0014982208627256632,0.008855362413906276
2005-09-30,169.45,151.15,160.88,92.37,0.0007677769903142728,0.0014576293646060279,0.0028049616655239085,0.0009752925877763996
2005-10-03,170.63,152.01,161.78,92.21,0.00696370610799657,0.005689712206417452,0.0055942317255097684,-0.0017321641225507278
2005-10-04,170.76,152.12,161.67,91.3,0.0007618824356794285,0.0007236366028551267,-0.0006799357151687779,-0.009868777789827532
2005-10-05,167.58,150.9,159.5,89.98,-0.018622628250175577,-0.00801998422298189,-0.013422403661780047,-0.014457831325301096
2005-10-06,161.91,148.37,155.42,89.61,-0.03383458646616555,-0.016766070245195497,-0.025579937304075262,-0.004112024894421085
2005-10-07,164.16,149.37,156.96,89.94,0.013896609227348478,0.006739906989283506,0.009908634667353144,0.0036826247070638196
2005-10-10,164.27,149.77,157.73,89.3,0.0006700779727095707,0.0026779139050678857,0.004905708460754221,-0.007115855014454109
2005-10-11,166.66,150.98,159.27,89.12,0.014549217751263166,0.008079054550310438,0.0097635199391366,-0.002015677491601253
2005-10-12,164.93,150.25,158.27,88.59,-0.010380415216608596,-0.004835077493707707,-0.006278646323852555,-0.005947037701974911
2005-10-13,163.18,149.89,157.53,88.52,-0.010610562056630135,-0.0023960066555741566,-0.004675554432299278,-0.000790156902584993
2005-10-14,161.96,149.26,156.8,89.26,-0.007476406422355697,-0.004203082260324176,-0.004634037961023241,0.008359692724807966
2005-10-17,164.42,150.43,158.95,89.52,0.015188935539639292,0.007838670775827561,0.01371173469387732,0.002912838897602299
2005-10-18,164.3,151.08,159.65,88.62,-0.0007298382191945896,0.004320946619690291,0.004403900597672372,-0.010053619302949013
2005-10-19,161.59,149.7,157.73,89.96,-0.01649421789409622,-0.009134233518665713,-0.012026307547760795,0.015120740239223496
2005-10-20,160.54,149.82,157.64,88.61,-0.006497926851909197,0.0008016032064128709,-0.0005705953211183612,-0.01500666963094699
2005-10-21,160.13,149.52,157.23,88.74,-0.002553880652796825,-0.002002402883459986,-0.002600862725196662,0.0014671030357746861
2005-10-24,160.19,149.41,157.06,90.23,0.0003746955598575852,-0.0007356875334404434,-0.0010812185969597543,0.016790624295695444
2005-10-25,161.16,150.26,158.22,90.02,0.006055309320182278,0.005689043571380781,0.007385712466573269,-0.002327385570209506
2005-10-26,163.23,151.31,160.05,89.63,0.012844378257632183,0.006987887661386916,0.011566173682214798,-0.004332370584314571
2005-10-27,161.09,150.99,159.13,88.71,-0.013110335109967397,-0.002114863525213062,-0.005748203686348097,-0.010264420394957119
2005-10-28,161.65,150.89,159.22,90.18,0.00347631758644229,-0.0006622955162595145,0.0005655753157796095,0.016570848833277196
2005-10-31,162.18,151.39,160.16,90.83,0.003278688524590123,0.0033136722115447714,0.00590378093204369,0.007207806609004219
2005-11-01,163.44,151.53,160.74,90.51,0.007769145394006527,0.0009247638549443327,0.00362137862137879,-0.0035230650666078223
2005-11-02,164.15,151.61,161.51,91.42,0.004344101811062151,0.0005279482610704989,0.004790344655966061,0.010054137664346374
2005-11-03,166.35,152.39,162.99,91.85,0.013402375875723349,0.005144779368115415,0.009163519286731647,0.004703565959308653
2005-11-04,169.43,153.86,164.93,91.86,0.0185151788397957,0.009646302250803984,0.01190257070985945,0.00010887316276542158
2005-11-07,169.69,153.65,164.31,92.07,0.0015345570442069079,-0.0013648771610555999,-0.003759170557206093,0.002286087524493663
2005-11-08,167.35,153.07,162.81,91.79,-0.013789852083210596,-0.0037748128864303343,-0.009129085265656367,-0.003041164331486823
2005-11-09,169.9,153.98,164.52,91.95,0.015237526142814595,0.005944992487097345,0.010503040353786686,0.0017431092711623908
2005-11-10,169.66,154.22,164.93,92.75,-0.0014125956444968057,0.001558643979737706,0.0024920982251397383,0.008700380641653016
2005-11-11,170.09,154.33,165.08,93.03,0.0025344807261582503,0.0007132667617690824,0.0009094767477111354,0.0030188679245282124
2005-11-14,171.27,154.97,166.43,92.96,0.0069375036745253915,0.004146957817663388,0.008177853162103288,-0.0007524454477051412
2005-11-15,169.87,154.64,165.54,92.62,-0.008174227827407066,-0.0021294444085953046,-0.005347593582887833,-0.0036574870912219337
2005-11-16,168.23,154.41,164.76,92.8,-0.009654441631836153,-0.0014873254009311054,-0.004711852120333426,0.0019434247462750687
2005-11-17,167.69,153.99,164.03,93.68,-0.0032098912203530894,-0.002720031086069441,-0.004430687059965965,0.009482758620689813
2005-11-18,170.35,155.38,166.05,94.1,0.0158626036138112,0.00902656016624448,0.012314820459672138,0.004483347566182516
2005-11-21,169.18,154.89,165.52,94.6,-0.006868212503668869,-0.0031535590166045235,-0.0031918096958747366,0.005313496280552554
2005-11-22,167.97,153.91,164.16,95.08,-0.007152145643693153,-0.006327070824456049,-0.008216529724504706,0.0050739957716703366
2005-11-23,169.53,154.26,164.95,95.42,0.009287372745133027,0.002274056266649227,0.00481237816764124,0.0035759360538494267
2005-11-24,167.57,154.09,164.93,,-0.011561375567746168,-0.0011020355244392155,-0.00012124886329178963,
2005-11-25,168.51,154.83,165.91,95.62,0.0056095959897355385,0.004802388214679709,0.005941914751712796,
2005-11-28,165.49,154.18,164.53,94.82,-0.017921785057266493,-0.004198152812762368,-0.008317762642396476,-0.00836645053336138
2005-11-29,169.73,155.49,166.83,94.84,0.025620883437065478,0.008496562459463064,0.01397921351729181,0.00021092596498650806
2005-11-30,169.81,155.46,166.95,94.26,0.00047133682908162555,-0.00019293845263357312,0.000719295090810812,-0.006115563053563866
2005-12-01,170.77,157.07,169.74,95.41,0.0056533773040456925,0.010356361765084143,0.01671159029649605,0.012200297050710684
2005-12-02,170.87,157.48,170.09,95.44,0.0005855829478245145,0.002610301139619242,0.0020619771415104626,0.0003144324494288586
2005-12-05,171.48,157.62,170.26,95.22,0.0035699654708256645,0.0008890017780036619,0.0009994708683638276,-0.0023051131601006247
2005-12-06,170.14,157.31,170.04,95.34,-0.007814322369955717,-0.001966755487882277,-0.0012921414307529577,0.001260239445494582
2005-12-07,170.92,157.86,170.74,94.88,0.0045844598565887296,0.003496281228148268,0.004116678428605081,-0.004824837423956452
2005-12-08,167.48,156.37,168.79,94.78,-0.020126374912239675,-0.009438743190168575,-0.011420873843270618,-0.001053962900505856
2005-12-09,169.61,157.32,170.11,95.05,0.012717936470026503,0.0060753341433779084,0.007820368505243369,0.0028487022578602694
2005-12-12,169.08,156.78,169.34,95.13,-0.0031248157537880905,-0.003432494279176135,-0.004526482864029235,0.0008416622830089704
2005-12-13,168.84,156.71,169.36,95.66,-0.0014194464158978626,-0.00044648552111237194,0.00011810558639435698,0.005571323452118193
2005-12-14,162.65,154.09,164.55,96.07,-0.036661928452973225,-0.016718779911939263,-0.028401039206424228,0.0042860129625756915
2005-12-15,161.36,152.94,162.56,95.94,-0.007931140485705424,-0.007463170874164482,-0.012093588574901282,-0.0013531799729363803
2005-12-16,161.18,152.71,162.33,95.67,-0.0011155180961824884,-0.0015038577219823601,-0.0014148622047243098,-0.0028142589118198558
2005-12-19,161.66,152.78,161.99,95.11,0.0029780369772924864,0.0004583851745136869,-0.0020944988603461834,-0.0058534545834639795
2005-12-20,164.14,153.44,163.26,95.09,0.015340838797476053,0.004319937164550369,0.007839990122846974,-0.00021028283040680495
2005-12-21,166.77,154.35,164.43,95.33,0.01602290727427813,0.0059306569343065,0.007166482910694771,0.0025239247029129608
2005-12-22,164.67,153.99,163.61,95.76,-0.01259219284043911,-0.0023323615160348865,-0.004986924527154324,0.004510647225427489
2005-12-23,162.8,153.77,163.17,95.81,-0.01135604542418156,-0.0014286641989739168,-0.0026893221685717617,0.0005221386800333683
2005-12-26,162.82,153.82,163.23,,0.00012285012285007113,0.0003251609546723877,0.00036771465342888554,
2005-12-27,161.81,153.46,162.89,94.9,-0.006203169143839782,-0.0023403978676374004,-0.002082950438032194,
2005-12-28,163.26,153.89,163.48,95.04,0.008961127248006795,0.002802033103088686,0.0036220762477745527,0.0014752370916755186
2005-12-29,163.88,154.0,163.72,94.76,0.0037976234227612427,0.0007147962830593713,0.0014680694886224366,-0.002946127946127919
2005-12-30,163.25,153.66,162.95,94.3,-0.003844276299731497,-0.002207792207792214,-0.004703151722453058,-0.004854368932038944
2006-01-02,164.02,153.78,163.18,,0.0047166921898929015,0.0007809449433815452,0.00141147591285673,
2006-01-03,160.18,152.49,161.66,95.85,-0.02341177905133518,-0.00838860710105338,-0.009314867018016981,
2006-01-04,158.63,152.65,161.71,96.22,-0.009676613809464385,0.0010492491310905017,0.0003092911047879454,0.003860198226395495
2006-01-05,156.78,152.41,161.15,96.22,-0.011662358948496432,-0.0015722240419260292,-0.0034629893018366387,0.0
2006-01-06,156.96,152.73,161.58,97.15,0.0011481056257176547,0.0020995997637949237,0.0026683214396525656,0.009665350239035586
2006-01-09,158.25,153.34,162.34,97.5,0.008218654434250627,0.003993976298042323,0.004703552419853985,0.0036026762738032847
2006-01-10,159.19,152.96,161.8,97.47,0.005939968404423457,-0.0024781531237771937,-0.0033263521005296726,-0.0003076923076923421
2006-01-11,160.64,153.44,162.5,97.82,0.009108612350021916,0.003138075313807498,0.00432632880098871,0.0035908484661946183
2006-01-12,160.34,153.62,162.73,97.21,-0.0018675298804780027,0.001173096976016641,0.0014153846153845961,-0.0062359435698221555
2006-01-13,157.92,153.78,163.31,97.33,-0.015092927529000932,0.0010415310506444175,0.0035641860750939003,0.0012344409011419977
2006-01-16,158.54,153.85,163.57,,0.003926038500506657,0.0004551957341656365,0.001592064172432739,
2006-01-17,156.99,153.86,163.53,96.98,-0.009776712501576745,6.49983750407035e-05,-0.0002445436204682183,
2006-01-18,156.26,153.18,162.33,96.61,-0.0046499777055865055,-0.004419602235798847,-0.0073381031003484365,-0.003815219632914091
2006-01-19,158.95,153.8,163.24,97.15,0.017214898246512123,0.0040475257866563474,0.005605864596808896,0.005589483490322067
2006-01-20,156.27,153.03,162.07,95.37,-0.01686064800251641,-0.005006501950585274,-0.007167360940945944,-0.018322182192485825
2006-01-23,154.35,153.06,162.42,95.54,-0.012286427337300898,0.00019603999215833667,0.002159560683655082,0.0017825311942958333
2006-01-24,154.8,153.02,162.32,95.78,0.00291545189504383,-0.0002613354240166288,-0.0006156877231867641,0.0025120368432069995
2006-01-25,155.77,153.46,162.99,95.61,0.0062661498708009855,0.0028754411188078866,0.0041276490882209416,-0.0017749008143662648
2006-01-26,156.75,153.78,163.5,96.31,0.006291326956409993,0.002085233937182185,0.003129026320633166,0.007321409894362585
2006-01-27,159.58,154.75,164.97,97.06,0.01805422647527921,0.00630771231629601,0.0089908256880733,0.007787353338178704
2006-01-30,159.55,154.89,165.2,97.18,-0.00018799348289255668,0.0009046849757672337,0.0013941928835545792,0.0012363486503195187
2006-01-31,160.04,155.05,165.58,96.79,0.0030711375744278957,0.0010329911550133186,0.0023002421307507515,-0.004013171434451568
2006-02-01,161.05,155.54,166.37,96.99,0.0063109222694328615,0.0031602708803610824,0.004771107621693416,0.0020663291662361694
2006-02-02,160.17,155.11,165.61,96.13,-0.005464141570940884,-0.0027645621705025825,-0.004568131273667064,-0.008866893494174688
2006-02-03,157.75,154.76,164.83,95.62,-0.015108946744084362,-0.002256463155180355,-0.004709860515669351,-0.005305315718298065
2006-02-06,158.3,155.22,165.39,95.7,0.0034865293185419866,0.0029723442750064777,0.0033974397864464656,0.000836645053336138
2006-02-07,156.56,154.07,163.17,94.93,-0.010991787744788484,-0.007408839067130524,-0.01342281879194629,-0.008045977011494232
2006-02-08,156.64,154.01,163.07,95.79,0.00051098620337231,-0.00038943337444019566,-0.0006128577557148462,0.009059306857684524
2006-02-09,157.97,154.65,164.22,95.65,0.008490806945863127,0.004155574313356336,0.007052186177715081,-0.001461530431151492
2006-02-10,157.43,154.24,163.05,95.9,-0.0034183705766916983,-0.002651147752990579,-0.007124588966021084,0.00261369576581294
2006-02-13,156.64,153.81,162.19,95.6,-0.00501810328399932,-0.0027878630705394647,-0.005274455688439206,-0.0031282586027112647
2006-02-14,157.98,154.39,162.88,96.57,0.008554647599591458,0.0037708861582470554,0.004254269683704237,0.010146443514644332
2006-02-15,157.12,154.09,162.51,96.93,-0.005443727054057379,-0.0019431310318024364,-0.002271611001964713,0.0037278657968313755
2006-02-16,158.14,154.38,162.93,97.65,0.006491853360488742,0.0018820170030500183,0.0025844563411483445,0.00742804085422466
2006-02-17,157.56,153.9,162.38,97.49,-0.0036676362716578925,-0.003109211037699122,-0.003375682808568148,-0.0016385048643113853
2006-02-20,157.02,153.9,162.47,,-0.0034272658035033876,0.0,0.0005542554501785091,
2006-02-21,158.09,154.33,163.24,97.17,0.006814418545408207,0.002794022092267756,0.004739336492891155,
2006-02-22,158.62,154.57,163.65,97.91,0.0033525207160478576,0.001555109181623715,0.0025116393040920393,0.007615519193166609
2006-02-23,159.45,154.57,163.5,97.57,0.005232631446223657,0.0,-0.0009165902841430373,-0.0034725768562966497
2006-02-24,160.82,155.26,164.32,97.7,0.008592035120727592,0.0044639968946107444,0.005015290519877702,0.0013323767551502996
2006-02-27,163.12,155.43,164.46,98.08,0.014301703768188068,0.0010949375241531278,0.000851996105160735,0.0038894575230297157
2006-02-28,159.35,154.11,162.47,97.06,-0.023111819519372356,-0.00849256900212314,-0.01210020673720058,-0.010399673735725923
2006-03-01,160.5,154.74,163.6,97.88,0.007216818324442986,0.004087989098695788,0.006955130177878965,0.008448382443849045
2006-03-02,159.86,154.61,163.29,97.73,-0.003987538940809832,-0.0008401189091379324,-0.0018948655256724178,-0.0015324887617489402
2006-03-03,160.07,154.56,163.3,97.58,0.0013136494432626211,-0.0003233943470668521,6.124073733859703e-05,-0.0015348408881613596
2006-03-06,161.74,154.72,163.74,96.91,0.010432935590679149,0.0010351966873705098,0.0026944274341702545,-0.0068661610985858434
2006-03-07,163.67,154.93,163.84,96.73,0.011932731544453956,0.0013572905894518872,0.0006107243190422995,-0.0018573934578474116
2006-03-08,161.57,154.15,162.68,96.96,-0.012830695912506851,-0.005034531724004365,-0.007080078125,0.002377752506978137
2006-03-09,162.21,154.56,163.38,96.48,0.003961131398155793,0.0026597469996756384,0.004302925989672968,-0.004950495049504844
2006-03-10,166.02,155.68,165.24,97.19,0.023488071019049483,0.007246376811594235,0.011384502387073114,0.007359038142620067
2006-03-13,165.94,156.06,165.98,97.42,-0.0004818696542585599,0.0024409044193216545,0.00447833454369384,0.0023664986109681596
2006-03-14,161.66,154.29,162.95,98.43,-0.02579245510425454,-0.011341791618608266,-0.018255211471261634,0.010367481010059576
2006-03-15,163.14,154.61,163.58,98.86,0.009155016701719587,0.0020740164625057123,0.003866216630868502,0.004368586812963482
2006-03-16,159.86,153.24,161.31,99.03,-0.020105430918229583,-0.008861005109630726,-0.013877002078493739,0.0017196034796682635
2006-03-17,161.45,153.68,162.05,99.18,0.009946202927561432,0.0028713129731141596,0.004587440332279424,0.0015146925174189807
2006-03-20,162.69,153.66,162.07,99.02,0.007680396407556467,-0.0001301405517960541,0.00012341869793264237,-0.001613228473482664
2006-03-21,165.25,154.67,163.65,98.42,0.015735447784129386,0.0065729532734608576,0.009748873943357994,-0.006059381943041786
2006-03-22,164.06,154.53,163.36,99.02,-0.007201210287443249,-0.000905152906187312,-0.0017720745493430279,0.006096321885795453
2006-03-23,166.61,155.51,164.94,98.76,0.015543093990003642,0.00634181065165329,0.009671890303623698,-0.0026257321753180296
2006-03-24,165.91,154.77,163.92,98.86,-0.004201428485685277,-0.004758536428525417,-0.006184066933430432,0.0010125556905629107
2006-03-27,165.36,154.65,163.61,98.76,-0.0033150503284912203,-0.0007753440589262084,-0.0018911664226450853,-0.001011531458628312
2006-03-28,169.2,156.34,166.44,98.12,0.023222060957909907,0.010927901713546628,0.017297231220585463,-0.006480356419603095
2006-03-29,170.62,157.38,167.99,98.87,0.008392434988179653,0.006652168351029664,0.009312665224705752,0.0076437015898900285
2006-03-30,171.24,157.51,168.51,98.68,0.0036338061188605497,0.0008260261786758871,0.003095422346568233,-0.0019217153838373413
2006-03-31,170.58,157.55,168.32,98.26,-0.003854239663629966,0.0002539521300235492,-0.0011275295234703941,-0.004256181597081521
2006-04-03,173.29,159.0,170.93,98.49,0.015886973853910025,0.009203427483338578,0.015506178707224372,0.002340728679014692
2006-04-04,172.22,158.35,170.13,99.12,-0.00617462057822149,-0.004088050314465463,-0.004680278476569377,0.006396588486140775
2006-04-05,171.04,157.89,169.28,99.56,-0.0068517013122750825,-0.00290495737290819,-0.004996179392229405,0.004439063761097595
2006-04-06,172.83,158.77,170.99,99.39,0.010465388213283466,0.005573500538349707,0.01010160680529304,-0.0017075130574527586
2006-04-07,174.23,159.03,171.43,98.36,0.00810044552450373,0.001637588965169634,0.002573249897654728,-0.010363215615253107
2006-04-10,174.66,159.87,172.86,98.45,0.0024680020662344315,0.0052820222599510025,0.008341597153357139,0.0009150061000406939
2006-04-11,171.86,159.03,171.44,97.7,-0.016031146226955117,-0.005254269093638575,-0.008214740252227348,-0.0076180802437785244
2006-04-12,172.1,159.39,172.14,97.82,0.001396485511462764,0.0022637238256930647,0.004083061129257937,0.0012282497441145068
2006-04-13,174.91,160.68,174.33,97.9,0.016327716443927942,0.008093355919442935,0.012722202858138854,0.0008178286648947708
2006-04-14,175.29,160.84,174.59,,0.0021725458807386744,0.0009957679860592705,0.001491424310216205,
2006-04-17,172.66,160.2,173.44,97.61,-0.015003708140795213,-0.003979109674210446,-0.006586860644939629,
2006-04-18,170.91,160.18,173.49,99.3,-0.01013552646820337,-0.00012484394506850904,0.00028828413284132104,0.017313799815592557
2006-04-19,171.4,160.82,174.7,99.49,0.0028670060265636454,0.003995505056811011,0.006974465387053819,0.0019133937562940684
2006-04-20,172.58,160.67,174.51,99.61,0.006884480746791155,-0.0009327198109688739,-0.0010875787063537867,0.0012061513719971995
2006-04-21,172.89,161.38,175.52,99.59,0.0017962683972649884,0.004418995456525909,0.005787633946478854,-0.0002007830539102473
2006-04-24,171.03,159.95,172.84,99.35,-0.010758285615130925,-0.008861073243276785,-0.015268915223336399,-0.0024098805100915
2006-04-25,174.59,161.62,175.78,98.87,0.0208150616850844,0.010440762738355813,0.017009951400138945,-0.004831404126824257
2006-04-26,175.67,162.55,177.27,99.16,0.0061859213013344405,0.005754238336839634,0.008476504721811384,0.0029331445332254624
2006-04-27,175.31,161.77,175.94,99.51,-0.002049296977286841,-0.004798523531221122,-0.007502679528403111,0.0035296490520371204
2006-04-28,175.14,161.36,175.29,99.58,-0.0009697107980149999,-0.0025344625084996464,-0.003694441286802297,0.0007034468897597623
2006-05-01,176.5,161.86,176.22,99.17,0.00776521639830996,0.0030986613782846284,0.005305493753209101,-0.004117292629041924
2006-05-02,177.89,162.9,178.14,99.78,0.007875354107648613,0.00642530581984424,0.010895471569628778,0.006151053746092483
2006-05-03,178.19,163.04,178.14,99.39,0.0016864354376300295,0.0008594229588703151,0.0,-0.003908598917618744
2006-05-04,179.34,163.66,179.24,99.73,0.006453785285369662,0.0038027477919528874,0.006174918603345736,0.003420867290471863
2006-05-05,179.79,163.59,179.17,100.76,0.002509200401471956,-0.00042771599657820403,-0.0003905378263782122,0.010327885290283723
2006-05-08,180.57,163.89,179.55,100.69,0.00433839479392617,0.0018338529249952717,0.0021208907741252503,-0.0006947201270346426
2006-05-09,183.23,164.84,181.09,100.72,0.014731129201971616,0.005796570870706175,0.008576998050682239,0.0002979441851227449
2006-05-10,183.69,165.28,181.65,100.59,0.002510505921519357,0.002669255035185669,0.0030923850019326515,-0.001290706910246131
2006-05-11,186.11,166.28,183.62,99.32,0.013174369862267943,0.006050338818973877,0.010845031654280302,-0.012625509493985554
2006-05-12,186.31,165.5,182.18,98.21,0.0010746332813926784,-0.004690882848207845,-0.007842282975710657,-0.011175996778091002
2006-05-15,181.19,162.76,177.39,98.47,-0.02748107992056248,-0.01655589123867074,-0.02629267757163256,0.002647388249669147
2006-05-16,179.89,161.67,175.9,98.29,-0.0071747888956344985,-0.00669697714426154,-0.008399571565477104,-0.0018279679090077439
2006-05-17,179.19,161.69,175.85,96.66,-0.0038912668853187116,0.0001237087895096245,-0.0002842524161456028,-0.016583579204395238
2006-05-18,176.53,160.44,173.84,96.01,-0.014844578380489915,-0.007730842971117591,-0.011430196189934572,-0.006724601696668664
2006-05-19,174.5,159.39,172.19,96.41,-0.011499461847844561,-0.006544502617801151,-0.009491486424298201,0.004166232684095217
2006-05-22,172.99,158.52,170.71,96.03,-0.008653295128939753,-0.005458309806135708,-0.008595156513154012,-0.003941499844414387
2006-05-23,175.0,159.5,172.21,95.62,0.011619168738077335,0.006182185213222224,0.008786831468572398,-0.004269499114859854
2006-05-24,170.98,157.72,169.53,95.77,-0.022971428571428643,-0.011159874608150488,-0.015562394750595288,0.0015687094750052033
2006-05-25,172.59,158.22,170.36,96.87,0.00941630600070198,0.00317017499365968,0.0048958886332803875,0.011485851519265067
2006-05-26,172.27,157.93,169.97,97.44,-0.0018541051045830592,-0.0018328909113891623,-0.002289269781639014,0.005884174667079467
2006-05-29,172.47,158.01,170.1,,0.0011609682475184346,0.0005065535363768525,0.0007648408542684226,
2006-05-30,175.32,159.22,172.14,95.9,0.016524612976169806,0.0076577431808113605,0.011992945326278592,
2006-05-31,174.6,158.89,171.56,96.72,-0.004106776180698102,-0.0020726039442281463,-0.003369350528639403,0.008550573514077175
2006-06-01,173.54,158.46,171.06,97.91,-0.006071019473081307,-0.002706274781295148,-0.0029144322685941138,0.012303556658395332
2006-06-02,173.2,158.11,170.17,98.1,-0.001959202489339673,-0.002208759308342745,-0.005202852800187174,0.00194055765498935
2006-06-05,173.63,158.18,170.32,96.36,0.002482678983833697,0.00044272974511416763,0.0008814714697067405,-0.017737003058103884
2006-06-06,172.92,157.8,169.86,96.25,-0.004089155099925135,-0.002402326463522564,-0.0027007984969468213,-0.0011415525114155667
2006-06-07,172.46,157.48,169.37,95.69,-0.0026601896830903415,-0.0020278833967047882,-0.002884728600023645,-0.0058181818181818334
2006-06-08,169.65,155.62,166.36,95.83,-0.01629363330627398,-0.011811023622047112,-0.017771742339257157,0.001463057790782818
2006-06-09,169.77,155.61,166.39,95.4,0.0007073386383731339,-6.425909266150054e-05,0.00018033181053112024,-0.00448711259522061
2006-06-12,169.55,155.38,166.11,94.19,-0.0012958708841374067,-0.0014780541096331978,-0.0016827934371054232,-0.012683438155136395
2006-06-13,166.08,154.26,164.3,93.25,-0.02046593925095841,-0.0072081348950959745,-0.010896393955812433,-0.009979828007219416
2006-06-14,167.24,154.89,165.35,93.73,0.006984585741811156,0.0040840140023337135,0.0063907486305536665,0.005147453083109932
2006-06-15,167.58,155.34,166.03,95.73,0.002033006457785147,0.0029052876234747504,0.004112488660417357,0.021337885415555258
2006-06-16,168.63,155.66,166.57,95.38,0.006265664160400863,0.0020599974250030684,0.0032524242606757348,-0.0036561161600334735
2006-06-19,168.92,155.76,166.81,94.51,0.0017197414457688076,0.0006424257998201011,0.001440835684697106,-0.009121409100440236
2006-06-20,170.39,156.14,167.47,94.51,0.008702344304996501,0.002439650744735511,0.0039565973262993825,0.0
2006-06-21,171.05,156.35,167.96,95.43,0.003873466752743804,0.0013449468425772437,0.0029258971756136454,0.009734419638133485
2006-06-22,170.94,156.89,168.88,94.95,-0.0006430868167203174,0.003453789574672239,0.005477494641581204,-0.00502986482238299
2006-06-23,171.26,157.51,169.86,94.87,0.0018720018720017606,0.00395181337242656,0.005802936996684105,-0.0008425487098472351
2006-06-26,172.24,158.25,171.05,95.33,0.005722293588695582,0.00469811440543455,0.007005769457200106,0.004848740381574679
2006-06-27,172.08,157.62,170.01,94.46,-0.0009289363678587348,-0.003981042654028433,-0.006080093539900688,-0.009126193223539358
2006-06-28,172.47,157.78,170.28,95.0,0.0022663877266386745,0.001015099606648917,0.001588141874007576,0.005716705483802764
2006-06-29,171.41,157.15,169.14,97.05,-0.006145996405171883,-0.003992901508429458,-0.006694855532064947,0.02157894736842092
2006-06-30,169.59,156.7,168.45,96.85,-0.01061781693016739,-0.002863506204263566,-0.004079460801702739,-0.00206079340546117
2006-07-03,169.48,156.82,168.73,97.62,-0.0006486231499499562,0.0007657945118060283,0.0016622143069160433,0.007950438822922123
2006-07-04,169.13,156.73,168.56,,-0.002065140429549195,-0.0005739063894911745,-0.0010075268179932095,
2006-07-05,171.53,158.24,170.92,96.93,0.014190267841305504,0.00963440311363506,0.014000949216895986,
2006-07-06,170.39,158.1,170.69,97.19,-0.006646067743252049,-0.0008847320525784408,-0.0013456587877368476,0.0026823480862476767
2006-07-07,168.76,157.19,169.18,96.54,-0.009566289101473058,-0.005755850727387712,-0.00884644677485491,-0.006687930857083968
2006-07-10,168.05,156.66,168.44,96.68,-0.004207158094335028,-0.0033717157579998824,-0.0043740394845727115,0.0014501760928111729
2006-07-11,166.63,156.42,167.95,97.08,-0.008449866111276516,-0.0015319800842589215,-0.0029090477321301877,0.004137360364087517
2006-07-12,167.02,156.93,168.77,96.03,0.002340514913280911,0.003260452627541266,0.004882405477820928,-0.010815822002472109
2006-07-13,167.26,156.63,168.42,94.79,0.0014369536582443665,-0.0019116803670427007,-0.0020738282870179647,-0.012912631469332414
2006-07-14,166.01,156.35,167.93,94.32,-0.007473394714815229,-0.0017876524292920193,-0.0029093931837073095,-0.004958328937651801
2006-07-17,166.06,155.84,166.91,94.19,0.00030118667550160794,-0.0032619123760792013,-0.0060739593878402776,-0.0013782866836301588
2006-07-18,166.75,155.74,167.07,94.37,0.0041551246537396835,-0.0006416837782340368,0.0009586004433526085,0.0019110308949994437
2006-07-19,165.32,154.83,165.77,96.14,-0.00857571214392805,-0.005843071786310494,-0.007781169569641366,0.018755960580693065
2006-07-20,164.47,154.56,165.44,95.32,-0.0051415436728767805,-0.0017438480914552246,-0.001990710019907138,-0.00852922820886215
2006-07-21,164.79,154.15,164.84,94.65,0.0019456435824161122,-0.0026526915113871397,-0.003626692456479619,-0.0070289550986150084
2006-07-24,163.45,154.42,164.99,96.22,-0.008131561381151786,0.0017515407071033717,0.0009099733074495742,0.016587427363972562
2006-07-25,163.22,154.51,165.01,96.83,-0.001407158152340049,0.0005828260588007783,0.00012121946784637849,0.0063396383288296665
2006-07-26,163.86,154.42,164.89,96.8,0.003921088101948467,-0.0005824865704485704,-0.0007272286528089422,-0.00030982133636270337
2006-07-27,163.61,154.17,164.64,96.41,-0.0015256926644696689,-0.0016189612744462734,-0.0015161622900115024,-0.0040289256198347
2006-07-28,162.26,153.41,163.44,97.59,-0.00825132938084483,-0.004929623143283379,-0.007288629737609242,0.012239394253708236
2006-07-31,161.64,153.55,163.75,97.45,-0.003821027979785563,0.0009125871846686895,0.0018967205090554273,-0.001434573214468715
2006-08-01,162.73,153.92,164.39,97.01,0.006743380351398098,0.00240963855421672,0.003908396946564752,-0.004515135967162576
2006-08-02,162.42,154.02,164.77,97.61,-0.0019049960056535253,0.0006496881496882434,0.0023115761299350446,0.006184929388722837
2006-08-03,163.77,154.06,165.15,97.77,0.008311784263022037,0.0002597065316192193,0.002306245068883772,0.001639176313902313
2006-08-04,162.85,154.17,165.36,97.7,-0.005617634487390943,0.0007140075295337667,0.001271571298819385,-0.0007159660427533687
2006-08-07,163.96,154.58,166.24,97.43,0.006816088424931088,0.002659401958876817,0.005321722302854326,-0.0027635619242578624
2006-08-08,163.35,154.42,166.14,97.11,-0.0037204196145401713,-0.0010350627506794385,-0.000601539942252316,-0.003284409319511572
2006-08-09,163.31,154.78,166.59,96.71,-0.00024487297214570436,0.002331304235202891,0.0027085590465874,-0.004119040263618645
2006-08-10,162.32,153.72,164.82,97.18,-0.006062090502724882,-0.006848430029719577,-0.010624887448226206,0.004859890393961397
2006-08-11,163.96,154.19,165.71,96.8,0.010103499260719628,0.0030575071558678335,0.005399830117704285,-0.003910269602799055
2006-08-14,164.04,154.16,165.83,96.92,0.00048792388387397523,-0.0001945651468966414,0.0007241566592239845,0.0012396694214875659
2006-08-15,164.33,154.11,165.6,98.26,0.0017678614971958773,-0.0003243383497664176,-0.001386962552011206,0.013825835740817194
2006-08-16,164.65,153.85,165.17,99.04,0.0019473011622952452,-0.0016871066121603162,-0.002596618357487923,0.007938123346224346
2006-08-17,163.58,152.77,163.53,99.2,-0.006498633464925518,-0.0070198245043873175,-0.009929163891747805,0.001615508885298933
2006-08-18,163.36,152.57,163.29,99.57,-0.001344907690426722,-0.0013091575571121394,-0.0014676206200697761,0.0037298387096773578
2006-08-21,164.59,153.06,164.09,99.2,0.007529382957884412,0.0032116405584321495,0.004899258987078214,-0.0037159787084461993
2006-08-22,162.74,152.87,163.86,99.3,-0.011240051035907417,-0.0012413432640794309,-0.0014016698153451745,0.0010080645161290036
2006-08-23,162.52,152.54,163.36,98.86,-0.0013518495760107552,-0.0021586969320338545,-0.0030513853289393378,-0.004431017119838843
2006-08-24,162.0,152.24,163.01,99.1,-0.003199606202313632,-0.001966697259735084,-0.0021425073457396193,0.002427675500707993
2006-08-25,162.24,152.45,163.51,99.04,0.001481481481481639,0.0013794009458747425,0.0030672964848781348,-0.0006054490413722746
2006-08-28,163.13,152.58,163.71,99.55,0.005485700197238597,0.0008527386028207573,0.0012231667787903078,0.005149434571890099
2006-08-29,163.67,152.38,163.56,99.75,0.003310243364188059,-0.0013107877834579451,-0.0009162543522082123,0.0020090406830739482
2006-08-30,164.87,152.96,164.39,99.8,0.007331826235718264,0.0038062737892112786,0.005074590364392284,0.0005012531328321135
2006-08-31,165.62,153.43,165.2,99.77,0.004549038636501468,0.003072698744769786,0.004927307013808724,-0.0003006012024048266
2006-09-01,166.49,153.58,165.41,100.32,0.005252988769472333,0.0009776445284495061,0.0012711864406780293,0.005512679162072764
2006-09-04,166.26,153.48,165.23,,-0.001381464352213424,-0.0006511264487565338,-0.0010882050661992215,
2006-09-05,164.0,152.8,164.19,100.49,-0.013593167328280975,-0.00443054469637727,-0.006294256490951944,
2006-09-06,163.48,152.47,163.76,99.52,-0.003170731707317187,-0.002159685863874383,-0.002618917108228369,-0.009652701761369231
2006-09-07,162.1,151.42,162.18,99.04,-0.008441399559579121,-0.006886600642749485,-0.009648265754762964,-0.004823151125401881
2006-09-08,161.19,151.26,161.85,99.42,-0.005613818630474943,-0.0010566635847312211,-0.0020347761746208892,0.0038368336025846883
2006-09-11,161.25,151.08,161.61,99.47,0.0003722315280103583,-0.0011900039666797868,-0.0014828544949025968,0.0005029169181252069
2006-09-12,163.0,151.85,162.93,100.51,0.010852713178294504,0.0050966375430234745,0.008167811397809421,0.010455413692570747
2006-09-13,163.71,151.97,163.05,100.92,0.004355828220858893,0.0007902535396773214,0.0007365126127785171,0.004079196099890492
2006-09-14,165.42,152.41,163.83,100.79,0.010445299615173154,0.002895308284529774,0.004783808647654153,-0.001288149028933816
2006-09-15,165.01,152.13,163.27,101.06,-0.002478539475274988,-0.0018371497933206138,-0.003418177378990417,0.002678837186228744
2006-09-18,164.56,152.26,163.63,101.16,-0.0027271074480333946,0.0008545323078945621,0.0022049366080725274,0.000989511181476388
2006-09-19,165.24,151.94,163.22,100.94,0.004132231404958775,-0.0021016681991330444,-0.0025056529976165143,-0.002174772637406064
2006-09-20,166.74,152.43,164.15,101.47,0.009077705156136595,0.0032249572199554155,0.005697831148143706,0.005250643946899114
2006-09-21,168.11,152.42,164.32,100.95,0.0082163847906922,-6.560388375009829e-05,0.001035638135851169,-0.005124667389376114
2006-09-22,169.31,151.84,163.61,100.7,0.007138183332341841,-0.003805274898307176,-0.0043208373904575215,-0.0024764735017335227
2006-09-25,170.67,152.1,164.0,101.59,0.008032602917724896,0.001712328767123239,0.002383717376688299,0.008838133068520326
2006-09-26,170.68,152.54,164.73,102.35,5.8592605613361215e-05,0.002892833662064387,0.00445121951219507,0.007481051284575102
2006-09-27,169.84,152.81,165.22,102.39,-0.0049214905085540606,0.0017700275337617644,0.0029745644387786374,0.00039081582804101345
2006-09-28,169.05,152.55,164.76,102.59,-0.004651436646255225,-0.0017014593285779034,-0.0027841665657911685,0.001953315753491669
2006-09-29,168.22,152.61,164.79,102.34,-0.00490979000295777,0.0003933136676499416,0.00018208302986155722,-0.002436884686616625
2006-10-02,169.03,152.74,165.2,101.99,0.004815123053144799,0.0008518445711289679,0.0024880150494568376,-0.0034199726402189823
2006-10-03,169.35,153.13,165.86,102.21,0.0018931550612317771,0.00255335864868389,0.003995157384988124,0.0021570742229630735
2006-10-04,171.44,153.7,166.54,103.46,0.012341304989666346,0.0037223274342061963,0.0040998432412877595,0.01222972311906867
2006-10-05,170.49,153.47,166.18,103.72,-0.005541297246850152,-0.0014964216005204367,-0.002161642848564793,0.002513048521167738
2006-10-06,169.73,153.93,166.51,103.44,-0.004457739456859788,0.002997328468104632,0.001985798531712435,-0.002699575780948704
2006-10-09,168.86,153.76,166.38,103.53,-0.005125788016260957,-0.0011043981030339767,-0.0007807338898564442,0.0008700696055685686
2006-10-10,169.84,154.43,166.97,103.74,0.005803624304157262,0.00435744016649342,0.0035460992907800915,0.002028397565922768
2006-10-11,170.27,154.75,167.36,103.49,0.002531794630240336,0.0020721362429578782,0.0023357489369348894,-0.0024098708309234773
2006-10-12,170.41,155.22,167.96,104.47,0.0008222235273389611,0.0030371567043618874,0.0035850860420649777,0.009469513962701681
2006-10-13,169.68,155.48,168.2,104.69,-0.004283786162783798,0.0016750418760469454,0.00142891164562986,0.0021058677132190784
2006-10-16,168.5,155.29,168.06,104.95,-0.006954266855257019,-0.001222022125032196,-0.0008323424494648402,0.0024835227815456218
2006-10-17,168.87,154.35,166.77,104.57,0.002195845697329446,-0.006053190804301667,-0.007675830060692612,-0.003620771796093436
2006-10-18,169.05,155.19,167.9,104.72,0.0010659086871558365,0.0054421768707482165,0.006775799004617111,0.0014344458257626869
2006-10-19,166.35,154.25,166.79,104.81,-0.015971606033717944,-0.006057091307429596,-0.0066110780226326105,0.000859434682964233
2006-10-20,167.1,154.93,168.09,104.93,0.004508566275924331,0.004408427876823273,0.0077942322681217036,0.001144928918996424
2006-10-23,167.66,155.88,169.42,105.58,0.0033512866546978604,0.006131801458723274,0.007912427866024085,0.006194605927761332
2006-10-24,167.4,155.92,169.44,105.61,-0.001550757485387022,0.0002566076469079359,0.00011804981702279171,0.0002841447243795425
2006-10-25,167.08,155.65,169.0,105.98,-0.0019115890083631903,-0.0017316572601332458,-0.002596789423984891,0.003503456112110559
2006-10-26,168.24,155.48,169.0,106.51,0.006942781900885819,-0.0010921940250563367,0.0,0.005000943574259287
2006-10-27,168.61,154.77,167.88,105.62,0.002199239182120838,-0.004566503730383142,-0.00662721893491125,-0.00835602290864712
2006-10-30,169.68,154.83,167.93,105.67,0.006346005574995539,0.0003876720294631042,0.00029783178460807136,0.00047339519030487054
2006-10-31,169.87,154.67,167.6,105.67,0.001119754832626052,-0.0010333914616031947,-0.0019651045078307172,0.0
2006-11-01,171.53,154.89,167.61,104.91,0.00977217872490721,0.0014223831382944585,5.966587112182786e-05,-0.007192202138733839
2006-11-02,170.81,154.82,167.48,104.9,-0.0041975164694222356,-0.0004519336303182575,-0.0007756100471333349,-9.531979792198886e-05
2006-11-03,168.74,154.74,167.61,104.67,-0.012118728411685487,-0.0005167291047667444,0.0007762120850252074,-0.0021925643469972167
2006-11-06,169.53,156.08,169.54,105.86,0.0046817589190470965,0.00865968721726773,0.011514826084362273,0.011369064679468854
2006-11-07,171.08,156.74,170.63,106.1,0.009142924556125864,0.004228600717580688,0.00642916125987969,0.002267145286227068
2006-11-08,171.31,156.08,169.76,106.35,0.0013444002805704791,-0.004210794947046015,-0.0050987516849323455,0.0023562676720074727
2006-11-09,169.32,155.69,169.18,105.8,-0.011616367987858367,-0.0024987186058432753,-0.003416588124410813,-0.005171603196991059
2006-11-10,169.92,155.2,168.42,106.0,0.003543586109142405,-0.003147279850985951,-0.004492256767939629,0.001890359168241984
2006-11-13,170.7,155.47,168.84,106.3,0.004590395480225995,0.0017396907216495894,0.0024937655860350905,0.002830188679245227
2006-11-14,171.41,155.56,168.91,106.98,0.004159343878148869,0.0005788898179712731,0.00041459369817564706,0.006396989651928475
2006-11-15,170.97,155.95,169.38,107.27,-0.002566944752348199,0.0025070712265362616,0.0027825469184772356,0.002710787063002318
2006-11-16,171.48,156.47,169.99,107.51,0.002982979470082414,0.003334402051939689,0.003601369701263568,0.0022373450172463727
2006-11-17,171.72,155.97,169.19,107.63,0.0013995801259623075,-0.0031955007349652176,-0.004706159185834502,0.0011161752395125735
2006-11-20,172.56,156.26,169.55,107.57,0.004891684136967278,0.0018593319228055183,0.002127785330102272,-0.0005574653906903482
2006-11-21,172.59,156.4,169.8,107.76,0.00017385257301816281,0.0008959426596699682,0.0014744913005013682,0.0017662917170215842
2006-11-22,172.76,156.73,170.31,108.02,0.0009849933368097918,0.0021099744245522967,0.0030035335689044818,0.0024127691165551912
2006-11-23,172.56,156.71,170.26,,-0.0011576753878211887,-0.0001276079882599479,-0.0002935822911163122,
2006-11-24,171.38,156.93,170.41,107.63,-0.006838201205377925,0.0014038670155063215,0.0008810055209680367,
2006-11-27,169.56,156.1,168.95,106.17,-0.01061967557474619,-0.005288982348818028,-0.008567572325567818,-0.013564991173464547
2006-11-28,171.1,156.46,169.32,106.56,0.009082330738381605,0.002306213965406867,0.002189997040544567,0.0036733540548177235
2006-11-29,171.37,157.15,170.11,107.59,0.0015780245470484733,0.004410072862073289,0.00466572171037094,0.009665915915916035
2006-11-30,173.41,158.34,171.66,107.68,0.011904067222967774,0.0075723830734966135,0.009111751219798903,0.0008365089692350391
2006-12-01,174.51,158.95,172.21,107.38,0.00634334813447901,0.0038524693697106205,0.0032040079226378637,-0.002786032689450324
2006-12-04,175.45,159.4,172.95,108.34,0.005386510801673294,0.0028310789556464933,0.004297079147552285,0.00894021233004283
2006-12-05,175.42,159.33,173.26,108.77,-0.00017098888572242288,-0.00043914680050183286,0.0017924255565191505,0.003968986523906093
2006-12-06,173.76,158.59,171.72,108.66,-0.00946300307832626,-0.004644448628632447,-0.008888375851321628,-0.0010113082651466154
2006-12-07,173.8,158.74,171.72,108.23,0.00023020257826900092,0.0009458351724573877,0.0,-0.003957297993741893
2006-12-08,171.86,157.71,170.02,108.43,-0.011162255466052873,-0.006488597706942212,-0.009899836943861984,0.0018479164741753706
2006-12-11,173.73,158.92,172.13,108.68,0.010880949610147628,0.007672309935958355,0.012410304670038785,0.0023056349718713065
2006-12-12,175.0,159.79,173.37,108.56,0.007310193979163104,0.005474452554744547,0.007203857549526571,-0.0011041589988959322
2006-12-13,173.26,159.41,172.62,108.71,-0.009942857142857142,-0.0023781212841854638,-0.004326007959854605,0.0013817243920410949
2006-12-14,172.36,159.57,172.99,109.66,-0.005194505367655422,0.0010037011479830937,0.00214343645000592,0.008738846472265749
2006-12-15,170.99,158.79,171.74,109.79,-0.007948479925736884,-0.004888136867832293,-0.0072258512052719714,0.001185482400146043
2006-12-18,170.62,158.7,171.65,109.43,-0.0021638692321188646,-0.0005667863215568225,-0.0005240479795038944,-0.0032789871573003504
2006-12-19,171.49,159.36,172.72,109.67,0.005099050521627069,0.0041587901701325425,0.006233614914069374,0.0021931828566206235
2006-12-20,171.98,159.96,173.58,109.52,0.0028573094641086705,0.003765060240963791,0.004979157017137581,-0.0013677395823835647
2006-12-21,172.51,160.24,173.89,109.15,0.0030817536922898014,0.001750437609402411,0.001785920036870392,-0.0033783783783782884
2006-12-22,171.48,159.97,173.23,108.58,-0.0059706683670511795,-0.0016849725411882677,-0.003795502904134773,-0.005222171323866265
2006-12-25,171.47,159.97,173.23,,-5.831583858173506e-05,0.0,0.0,
2006-12-26,172.65,160.55,174.12,109.05,0.00688167026301989,0.0036256798149654212,0.005137678231253329,
2006-12-27,172.7,161.64,175.77,109.84,0.00028960324355620237,0.006789162254749126,0.009476223294279773,0.007244383310408109
2006-12-28,173.26,162.3,176.53,109.68,0.0032426172553561283,0.004083147735709058,0.004323832280821449,-0.0014566642388929019
2006-12-29,173.23,162.5,176.39,109.19,-0.0001731501789218326,0.0012322858903264233,-0.0007930663343341804,-0.004467541940189723
2007-01-01,173.29,162.5,176.42,,0.0003463603301969709,0.0,0.00017007766880206,
2007-01-02,176.31,163.83,178.59,,0.01742743378152234,0.008184615384615457,0.012300192721913739,
2007-01-03,174.44,163.42,177.82,109.08,-0.010606318416425675,-0.0025025941524752238,-0.004311551598633834,
2007-01-04,172.13,162.47,176.38,109.21,-0.013242375601926204,-0.005813241953249282,-0.008098076706782087,0.0011917858452512586
2007-01-05,166.18,160.41,173.16,108.55,-0.03456689711264738,-0.012679263864098012,-0.01825603809955778,-0.006043402618807758
2007-01-08,166.27,160.51,173.17,108.83,0.0005415814177398559,0.0006234025310143387,5.7750057750105555e-05,0.0025794564716721258
2007-01-09,166.94,161.35,174.21,108.77,0.004029590425211893,0.005233318796336706,0.006005659178841771,-0.0005513185702471501
2007-01-10,165.04,161.06,173.85,108.99,-0.011381334611237581,-0.0017973349860551657,-0.0020664714999140132,0.002022616530293231
2007-01-11,168.77,163.47,178.24,109.69,0.022600581677169274,0.014963367689059925,0.02525165372447513,0.006422607578677075
2007-01-12,170.83,164.31,180.26,110.22,0.012205960775019342,0.0051385575334923494,0.01133303411131048,0.0048317987054427025
2007-01-15,171.31,164.65,180.73,,0.0028098109231398105,0.002069259326882067,0.00260734494618875,
2007-01-16,172.91,165.07,181.45,110.31,0.009339793357072024,0.002550865472213726,0.003983843302163503,
2007-01-17,173.03,165.23,181.67,110.22,0.0006940026603434735,0.0009692857575573921,0.0012124552218242268,-0.0008158825129181979
2007-01-18,174.91,166.14,183.05,109.89,0.01086516788996117,0.0055074744295828815,0.007596190895579946,-0.0029940119760478723
2007-01-19,174.89,165.95,182.74,110.21,-0.00011434452003888929,-0.0011436138196700973,-0.0016935263589183958,0.0029120029120028867
2007-01-22,175.19,166.13,182.59,109.63,0.0017153639430500522,0.0010846640554385,-0.0008208383495676985,-0.0052626803375374065
2007-01-23,175.42,166.25,182.68,110.02,0.001312860323077647,0.0007223258893638285,0.0004929076072073268,0.003557420414120216
2007-01-24,173.62,165.24,181.46,110.96,-0.010261087675293434,-0.006075187969924789,-0.0066783446463761775,0.008543901108889251
2007-01-25,173.81,165.2,181.28,109.71,0.0010943439695887403,-0.00024207213749705137,-0.0009919541496749007,-0.011265320836337467
2007-01-26,172.49,164.91,180.26,109.58,-0.007594499741096605,-0.0017554479418885327,-0.005626654898499561,-0.0011849421201348687
2007-01-29,174.04,165.85,181.7,109.47,0.008986028175546279,0.00570007883087742,0.007988461111727574,-0.0010038328162073062
2007-01-30,172.57,165.13,180.5,110.1,-0.008446334176051451,-0.004341272233946314,-0.006604292790313604,0.005755001370238322
2007-01-31,170.44,164.35,179.4,110.84,-0.012342817407428819,-0.004723551141524895,-0.006094182825484684,0.006721162579473194
2007-02-01,171.04,164.88,180.86,111.46,0.0035203003989674464,0.0032248250684514534,0.008138238573021317,0.005593648502345561
2007-02-02,170.33,165.16,180.95,111.65,-0.004151075771749224,0.001698204754973398,0.0004976224704189569,0.0017046474071416018
2007-02-05,168.4,164.34,179.45,111.55,-0.011330945811072635,-0.004964882538144755,-0.00828958275766789,-0.000895656068069961
2007-02-06,168.02,164.45,179.77,111.63,-0.002256532066508332,0.0006693440428380271,0.0017832265254946744,0.0007171671896011311
2007-02-07,169.48,164.94,180.7,111.83,0.008689441733126912,0.002979629066585554,0.005173276965010798,0.0017916330735465724
2007-02-08,168.98,164.68,180.09,111.7,-0.002950200613641707,-0.0015763307869527399,-0.003375760929717697,-0.0011624787624071597
2007-02-09,170.2,165.12,180.92,110.92,0.007219789324180326,0.0026718484333252412,0.004608806707757207,-0.006982990152193391
2007-02-12,171.79,165.33,181.13,110.56,0.009341950646298391,0.0012718023255815503,0.00116073402608885,-0.0032455824017310064
2007-02-13,171.05,165.39,181.62,111.42,-0.004307584841958145,0.0003629105425511092,0.002705239330867304,0.007778581765557124
2007-02-14,171.49,166.17,183.11,112.3,0.0025723472668810476,0.004716125521494696,0.008203942297103861,0.007898043439238833
2007-02-15,168.64,165.08,181.01,112.43,-0.01661904484226495,-0.006559547451405079,-0.011468516192452705,0.0011576135351736294
2007-02-16,168.94,165.07,180.88,112.33,0.001778937381404333,-6.057669008974198e-05,-0.0007181923650626532,-0.0008894423196657009
2007-02-19,169.52,165.31,181.4,,0.0034331715401918483,0.0014539286363361992,0.002874834144183991,
2007-02-20,170.93,165.78,182.42,112.65,0.00831760264275605,0.0028431431855302502,0.005622932745314113,
2007-02-21,171.62,166.09,183.06,112.5,0.0040367401860410546,0.00186994812401986,0.0035083872382415393,-0.0013315579227697327
2007-02-22,173.42,166.64,184.21,112.43,0.010488288078312369,0.003311457643446314,0.00628209330274232,-0.0006222222222221907
2007-02-23,172.05,166.45,183.83,112.04,-0.007899896205743162,-0.0011401824291886742,-0.0020628630367515166,-0.003468825046695767
2007-02-26,171.1,166.47,183.31,111.92,-0.005521650682941082,0.00012015620306393693,-0.0028287004297449236,-0.001071046054980429
2007-02-27,163.2,162.79,174.79,108.04,-0.04617182933956754,-0.022106085180513046,-0.046478642736348275,-0.0346676197283774
2007-02-28,162.18,161.48,172.22,108.67,-0.006249999999999867,-0.008047177345045786,-0.014703358315693027,0.005831173639392784
2007-03-01,158.91,159.5,168.34,108.39,-0.02016278209396971,-0.012261580381471293,-0.022529322959005893,-0.0025766080795067703
2007-03-02,156.04,158.03,164.67,107.16,-0.018060537411113242,-0.009216300940438904,-0.02180111678745411,-0.011347910323830646
2007-03-05,152.21,156.03,160.7,106.15,-0.024544988464496154,-0.012655824843384123,-0.024108823708022142,-0.009425158641284015
2007-03-06,154.12,156.93,162.38,107.8,0.012548452795480003,0.005768121515093316,0.010454262601120146,0.015544041450777035
2007-03-07,154.66,157.71,163.63,107.57,0.0035037633013235148,0.0049703689543108,0.007697992363591588,-0.0021335807050093525
2007-03-08,156.38,158.15,164.89,108.34,0.011121169015905874,0.002789930885803038,0.007700299456089965,0.007158129590034479
2007-03-09,159.01,158.26,165.64,108.42,0.01681800741782835,0.0006955422067655981,0.004548486870034507,0.0007384160974708287
2007-03-12,159.65,158.85,166.82,108.71,0.004024904094082293,0.00372804246177183,0.007123883120019325,0.0026747832503226654
2007-03-13,158.05,158.38,165.2,106.53,-0.0100219229564672,-0.002958766131570645,-0.00971106581944614,-0.02005335295740951
2007-03-14,155.54,158.01,163.85,107.25,-0.01588105030053788,-0.0023361535547418155,-0.008171912832929729,0.006758659532525968
2007-03-15,158.46,159.0,165.75,107.65,0.018773305902018977,0.006265426238845739,0.011595971925541626,0.0037296037296037365
2007-03-16,160.46,159.43,166.41,107.23,0.012621481761958764,0.0027044025157232365,0.003981900452488585,-0.0039015327450069304
2007-03-19,161.95,160.13,167.93,108.4,0.009285803315467911,0.004390641660916961,0.009134066462352042,0.010911125617830919
2007-03-20,162.75,160.4,168.71,109.09,0.004939796233405458,0.0016861300193593554,0.00464479247305416,0.006365313653136528
2007-03-21,163.48,160.62,169.56,110.96,0.004485407066052272,0.001371571072319222,0.005038231284452577,0.017141809515079265
2007-03-22,162.2,160.63,169.3,110.92,-0.00782970393931981,6.225874735399373e-05,-0.001533380514272209,-0.00036049026676276963
2007-03-23,161.33,160.23,168.56,111.04,-0.0053637484586928075,-0.0024901948577477073,-0.004370939161252307,0.0010818608005769281
2007-03-26,162.61,160.23,168.51,111.15,0.007934048224136792,0.0,-0.0002966302800190279,0.000990634005763713
2007-03-27,162.62,159.93,168.15,110.46,6.149683291312158e-05,-0.001872308556450042,-0.0021363717286807526,-0.006207827260458987
2007-03-28,161.67,158.53,166.27,109.6,-0.005841839872094523,-0.008753829800537738,-0.011180493606898545,-0.0077856237552055285
2007-03-29,161.06,159.43,168.02,110.02,-0.0037731180800395503,0.0056771588973696385,0.010525049618091087,0.0038321167883212937
2007-03-30,160.98,159.21,168.22,109.89,-0.000496709300881748,-0.0013799159505739622,0.0011903344839898633,-0.0011816033448464047
2007-04-02,162.58,160.09,169.46,110.18,0.009939122872406614,0.0055272909993091535,0.007371299488764693,0.00263900263900263
2007-04-03,160.97,161.16,171.39,111.22,-0.009902817074671,0.006683740396027149,0.011389118376017748,0.009439099655109695
2007-04-04,161.54,161.63,172.01,111.35,0.0035410324905260637,0.0029163564159842004,0.0036174805998017145,0.0011688545225678748
2007-04-05,161.86,161.86,172.32,111.72,0.0019809335149190144,0.0014230031553550404,0.001802220801116139,0.0033228558599012192
2007-04-06,160.53,161.72,171.99,,-0.008216977634993294,-0.0008649450142098614,-0.0019150417827297206,
2007-04-09,159.98,161.73,172.06,111.78,-0.0034261508752259084,6.183527083836182e-05,0.0004070004070002575,
2007-04-10,162.45,162.93,173.97,112.08,0.015439429928741033,0.0074197736969023875,0.01110077879809368,0.0026838432635534204
2007-04-11,162.86,162.93,174.01,111.35,0.0025238534933826884,0.0,0.00022992469966087725,-0.006513204853676013
2007-04-12,162.98,163.23,174.29,112.05,0.0007368291784353165,0.0018412815319461817,0.0016091029251192879,0.006286484059272679
2007-04-13,165.59,164.62,176.5,112.44,0.016014234875444844,0.008515591496661257,0.012680016065178767,0.0034805890227576075
2007-04-16,166.15,165.37,177.89,113.65,0.00338184672987496,0.004555947029522445,0.007875354107648613,0.01076129491284239
2007-04-17,167.59,165.56,178.45,113.88,0.00866686728859456,0.0011489387434238107,0.0031480128169092403,0.002023757149141936
2007-04-18,166.53,164.98,177.25,113.96,-0.0063249597231338495,-0.003503261657405221,-0.006724572709442378,0.0007024938531787761
2007-04-19,166.01,164.61,176.31,113.83,-0.0031225604996097944,-0.002242696084373774,-0.00530324400564175,-0.0011407511407510729
2007-04-20,168.51,165.76,178.5,114.88,0.015059333775073735,0.006986209829293433,0.012421303386081384,0.009224281823772218
2007-04-23,167.51,165.13,177.68,114.62,-0.005934365913002226,-0.0038006756756756577,-0.004593837535013967,-0.002263231197771498
2007-04-24,165.82,164.42,176.64,114.58,-0.010088949913438006,-0.004299642705747009,-0.005853219270598897,-0.0003489792357355137
2007-04-25,168.51,165.14,177.92,115.75,0.01622240984199741,0.004379029315168426,0.007246376811594235,0.010211206144178808
2007-04-26,168.27,165.13,177.97,115.67,-0.0014242478191204277,-6.0554680876734324e-05,0.0002810251798561758,-0.0006911447084233524
2007-04-27,170.27,165.4,178.33,115.66,0.01188565995126889,0.0016350753951432928,0.0020228128336237106,-8.645283997588127e-05
2007-04-30,168.46,164.69,176.9,114.76,-0.010630175603453362,-0.004292623941958951,-0.008018841473672489,-0.007781428324398987
2007-05-01,167.56,164.78,177.5,115.06,-0.005342514543511867,0.0005464812678366293,0.0033917467495760967,0.0026141512722202
2007-05-02,168.02,165.27,178.74,115.82,0.0027452852709477504,0.0029736618521665203,0.006985915492957906,0.006605249435077232
2007-05-03,168.24,165.69,179.71,116.35,0.001309367932389005,0.0025412960609909607,0.0054268770280854195,0.004576066309791127
2007-05-04,167.82,165.96,180.61,116.61,-0.0024964336661912334,0.0016295491580662347,0.005008068554894107,0.0022346368715084886
2007-05-07,169.57,166.43,181.65,116.91,0.010427839351686341,0.0028320077127017562,0.005758263662034135,0.0025726781579624713
2007-05-08,168.5,165.76,180.2,116.78,-0.00631007843368514,-0.004025716517454869,-0.007982383704927098,-0.001111966469934056
2007-05-09,169.09,165.82,180.6,117.19,0.003501483679525297,0.0003619691119691737,0.002219755826859071,0.0035108751498544866
2007-05-10,167.1,164.91,178.18,115.57,-0.011768880477852073,-0.005487878422385739,-0.013399778516057559,-0.013823705094291316
2007-05-11,167.72,165.7,179.76,116.7,0.0037103530819868613,0.004790491783396966,0.008867437422830804,0.009777623950852465
2007-05-14,169.13,166.48,180.95,116.5,0.008406868590507877,0.004707302353651244,0.006619937694704037,-0.001713796058269046
2007-05-15,170.55,166.67,182.11,116.36,0.008395908472772495,0.0011412782316193582,0.00641061066592985,-0.001201716738197467
2007-05-16,168.45,166.49,181.58,117.4,-0.012313104661389795,-0.0010799784004318358,-0.0029103289220800965,0.008937779305603355
2007-05-17,168.42,166.83,181.56,117.3,-0.00017809439002669514,0.0020421646945762983,-0.00011014428901867657,-0.0008517887563884718
2007-05-18,169.08,167.36,182.71,118.07,0.003918774492340793,0.003176886651081956,0.006333994271866095,0.006564364876385342
2007-05-21,169.07,167.92,183.8,118.26,-5.914360066250346e-05,0.0033460803059270905,0.005965738054841019,0.0016092148725332933
2007-05-22,169.58,167.95,183.69,118.18,0.00301650204057502,0.0001786565030967857,-0.0005984766050055601,-0.0006764755623203111
2007-05-23,171.39,168.64,185.25,118.04,0.010673428470338253,0.00410836558499561,0.00849256900212314,-0.0011846336097478538
2007-05-24,169.24,167.35,182.73,116.91,-0.012544489176731344,-0.007649430740037877,-0.013603238866396805,-0.009573026092849934
2007-05-25,170.01,167.81,183.78,117.55,0.00454975183171813,0.002748730206154848,0.005746182892792717,0.005474296467367967
2007-05-28,170.2,167.86,183.9,,0.0011175813187458417,0.00029795602169135904,0.0006529546196538671,
2007-05-29,171.15,168.03,184.53,117.75,0.005581668625147085,0.0010127487191706752,0.0034257748776509445,
2007-05-30,171.33,168.17,184.53,118.73,0.001051709027169112,0.0008331845503777302,0.0,0.00832271762208081
2007-05-31,173.35,170.01,187.22,118.76,0.011790112648105922,0.010941309389308485,0.014577575461984571,0.0002526741345911798
2007-06-01,175.91,171.88,190.41,119.21,0.014767810787424285,0.010999352979236487,0.017038777908343183,0.0037891545975075047
2007-06-04,175.47,171.7,190.23,119.43,-0.0025012790631573356,-0.0010472422620433353,-0.0009453285016544077,0.0018454827615133063
2007-06-05,176.0,171.69,190.2,118.8,0.0030204593377785027,-5.824111822938516e-05,-0.00015770383220314876,-0.005275056518462828
2007-06-06,173.88,170.29,187.06,117.77,-0.012045454545454581,-0.008154231463684547,-0.016508937960041936,-0.008670033670033717
2007-06-07,174.98,170.85,186.83,115.71,0.006326201978375856,0.0032885078395679113,-0.001229552015396096,-0.017491721151396855
2007-06-08,176.86,171.35,187.32,117.03,0.010744085038290274,0.0029265437518291026,0.0026227051330085516,0.011407829919626744
2007-06-11,176.61,171.9,188.54,117.14,-0.001413547438652074,0.0032098044937263204,0.006512919068972778,0.0009399299324959198
2007-06-12,178.66,172.15,188.74,115.89,0.011607496744238555,0.0014543339150669965,0.0010607828577491318,-0.01067099197541399
2007-06-13,178.45,172.79,189.88,117.68,-0.0011754169931714742,0.003717688062735869,0.006040055102257025,0.015445681249460774
2007-06-14,179.52,173.81,191.85,118.25,0.005996077332586225,0.005903119393483536,0.010374973667579557,0.004843643779741669
2007-06-15,181.29,175.01,194.27,119.02,0.009859625668449112,0.006904090673724106,0.01261402137086276,0.006511627906976791
2007-06-18,181.44,175.07,194.52,118.88,0.000827403607479793,0.0003428375521399296,0.0012868687908580423,-0.0011762728953117474
2007-06-19,181.05,174.4,193.04,119.09,-0.002149470899470818,-0.0038270406123264156,-0.0076084721365413666,0.0017664872139973031
2007-06-20,181.34,174.6,193.41,117.47,0.0016017674675503635,0.0011467889908256534,0.001916701201823523,-0.013603157276009803
2007-06-21,181.57,174.78,193.62,118.22,0.0012683357229512637,0.0010309278350515427,0.0010857763300760048,0.006384608836298655
2007-06-22,180.89,174.07,192.15,116.7,-0.0037451120779864455,-0.004062249685318764,-0.007592190889370909,-0.01285738453730334
2007-06-25,178.9,173.22,190.46,116.32,-0.011001160926529807,-0.0048830930085597135,-0.008795212073900549,-0.003256212510711287
2007-06-26,178.49,172.59,189.28,115.95,-0.002291783119060864,-0.0036369934187737707,-0.006195526619762748,-0.0031808803301237587
2007-06-27,175.92,171.27,187.18,117.02,-0.014398565745980307,-0.007648183556405286,-0.011094674556212936,0.009228115567054607
2007-06-28,180.99,173.32,191.15,116.97,0.02881991814461138,0.011969405032988822,0.021209530932791987,-0.0004272773884805847
2007-06-29,180.78,174.0,191.55,116.79,-0.001160285098624314,0.003923378721440107,0.0020925974365682,-0.0015388561169530357
2007-07-02,181.49,174.36,192.07,118.04,0.003927425600177115,0.00206896551724145,0.002714695901853137,0.010702971144789686
2007-07-03,183.0,174.79,193.31,118.49,0.008320017631825438,0.002466161963752933,0.006455979590774152,0.003812267028125982
2007-07-04,183.84,175.08,193.97,,0.00459016393442635,0.001659133817724312,0.0034142051626919745,
2007-07-05,186.46,176.03,195.81,118.53,0.014251523063533611,0.005426090929860461,0.00948600299015312,
2007-07-06,189.31,177.18,198.38,118.95,0.015284779577389163,0.0065329773334090735,0.013124968081303257,0.003543406732472887
2007-07-09,189.55,177.58,199.23,119.06,0.00126776187206179,0.0022575911502427104,0.004284706119568549,0.0009247583018074934
2007-07-10,185.16,176.09,195.67,117.38,-0.02316011606436308,-0.008390584525284406,-0.017868794860211867,-0.014110532504619577
2007-07-11,184.94,176.08,195.63,118.06,-0.0011881615899762554,-5.67891419159805e-05,-0.0002044258189809467,0.005793150451524953
2007-07-12,188.89,177.4,198.62,120.31,0.021358278360549265,0.007496592457973517,0.015283954403721323,0.01905810604777236
2007-07-13,190.49,177.91,199.55,120.69,0.008470538408597683,0.0028748590755354186,0.0046823079246802735,0.0031585071897597405
2007-07-16,189.28,177.42,198.02,120.46,-0.006352039477137916,-0.002754201562587877,-0.0076672513154597555,-0.0019057088408319656
2007-07-17,190.93,177.6,198.59,120.44,0.008717244294167426,0.00101454176530269,0.0028784971215027877,-0.00016603021749950209
2007-07-18,188.61,177.2,197.26,120.21,-0.012151050123081708,-0.0022522522522522292,-0.006697215368346887,-0.001909664563268021
2007-07-19,189.97,177.88,198.74,120.75,0.00721064630719459,0.003837471783295854,0.007502788198316956,0.004492138757175024
2007-07-20,185.72,177.01,196.36,119.27,-0.022371953466336802,-0.004890937710816279,-0.01197544530542416,-0.012256728778467951
2007-07-23,186.73,177.45,196.98,119.86,0.005438294206332017,0.002485735269193823,0.0031574658789976784,0.004946759453341221
2007-07-24,185.65,176.74,195.25,117.48,-0.005783751941305537,-0.004001127078050004,-0.008782617524621728,-0.019856499249123916
2007-07-25,181.77,175.44,192.24,118.03,-0.02089954214920542,-0.007355437365621831,-0.015416133162612033,0.004681647940074862
2007-07-26,170.8,171.75,184.3,115.28,-0.0603509930131485,-0.021032831737346047,-0.0413025384935497,-0.02329916123019571
2007-07-27,164.63,169.3,179.79,113.45,-0.036124121779859575,-0.014264919941775811,-0.024470971242539497,-0.01587439278278968
2007-07-30,164.33,169.33,179.72,114.62,-0.0018222681163820864,0.00017720023626699444,-0.0003893431225318045,0.010312913177611405
2007-07-31,166.96,169.49,182.25,113.17,0.016004381427615177,0.0009449004901671554,0.014077453817048724,-0.0126504972954109
2007-08-01,162.42,168.08,178.97,113.99,-0.027192141830378658,-0.008319074871673826,-0.017997256515774995,0.007245736502606626
2007-08-02,164.72,169.22,181.42,114.52,0.014160817633296574,0.00678248453117547,0.013689445158406421,0.004649530660584267
2007-08-03,163.13,168.73,180.17,111.48,-0.009652744050509976,-0.0028956388133790645,-0.0068900892955572335,-0.026545581557806397
2007-08-06,161.48,167.93,177.92,114.18,-0.01011463250168576,-0.004741302672909287,-0.01248820558361552,0.0242195909580194
2007-08-07,161.75,168.04,178.26,114.88,0.0016720336883824238,0.0006550348359435354,0.0019109712230216402,0.006130670870555077
2007-08-08,165.25,169.26,181.2,116.54,0.021638330757341562,0.007260176148536024,0.016492763379333475,0.014449860724234043
2007-08-09,161.63,166.66,176.07,113.11,-0.021906202723146806,-0.015360983102918557,-0.028311258278145623,-0.02943195469366744
2007-08-10,158.88,165.26,173.43,113.15,-0.017014168161851195,-0.00840033601344059,-0.014994036462770421,0.00035363805145438576
2007-08-13,158.44,165.4,173.88,113.11,-0.0027693856998992628,0.0008471499455404707,0.002594706798131785,-0.00035351303579322924
2007-08-14,155.84,164.6,171.65,111.07,-0.016409997475384963,-0.0048367593712213,-0.01282493673798013,-0.01803554062417123
2007-08-15,153.81,163.85,169.97,109.55,-0.013026180698151979,-0.004556500607533431,-0.009787357995922008,-0.013685063473485193
2007-08-16,148.5,161.7,165.3,109.91,-0.03452311293153898,-0.013121757705218173,-0.027475436841795542,0.003286170698311164
2007-08-17,150.99,161.92,166.06,112.62,0.016767676767676765,0.0013605442176871652,0.0045977011494251485,0.02465653716677285
2007-08-20,152.04,162.26,167.05,112.58,0.006954102920723182,0.0020998023715415037,0.005961700590148222,-0.00035517670040852156
2007-08-21,151.35,162.23,166.77,112.71,-0.00453827940015783,-0.00018488845063480142,-0.0016761448668063395,0.0011547344110853786
2007-08-22,150.94,162.4,167.39,114.03,-0.0027089527585067996,0.001047894963940088,0.0037176950290818134,0.011711471919084504
2007-08-23,151.34,162.41,167.54,113.91,0.002650059626341683,6.157635467984868e-05,0.0008961108787861605,-0.0010523546435149411
2007-08-24,152.31,162.74,168.24,115.24,0.0064094092771243005,0.0020318945877717542,0.004178106720783115,0.011675884470195852
2007-08-27,153.55,162.97,168.54,114.26,0.008141290788523436,0.0014132972840112945,0.001783166904422151,-0.008503991669559063
2007-08-28,155.51,163.05,168.53,111.58,0.012764571800716329,0.0004908878934775096,-5.933309600092418e-05,-0.023455277437423483
2007-08-29,155.7,163.21,169.07,114.06,0.0012217863802970186,0.0009812940815701054,0.0032041772978104177,0.022226205413156563
2007-08-30,155.78,163.55,169.81,113.59,0.0005138086062941305,0.002083205685926126,0.004376885313775336,-0.004120638260564635
2007-08-31,154.63,162.6,169.59,114.86,-0.0073822056746694065,-0.005808621216753407,-0.0012955656321771425,0.011180561669160927
2007-09-03,154.12,162.68,169.81,,-0.003298195692944428,0.0004920049200491938,0.0012972462998996903,
2007-09-04,153.69,163.25,170.88,116.07,-0.00279003373994291,0.0035038111630194546,0.006301160120134153,
2007-09-05,156.38,163.68,171.8,114.79,0.017502765306786294,0.00263399693721289,0.00538389513108628,-0.011027828034806508
2007-09-06,156.44,163.7,171.75,115.3,0.00038368077759298735,0.00012218963831855945,-0.0002910360884750274,0.004442895722623907
2007-09-07,159.88,164.67,173.18,113.35,0.02198926105855281,0.0059254734270006715,0.008326055312954939,-0.016912402428447604
2007-09-10,161.27,165.19,174.06,113.21,0.008694020515386702,0.003157830813141471,0.005081418177618646,-0.0012351124834583116
2007-09-11,160.09,165.43,174.63,114.75,-0.007316921932163489,0.0014528724499063284,0.00327473285074098,0.013603038600830342
2007-09-12,159.29,165.58,174.81,114.79,-0.004997189081141884,0.0009067279211751877,0.0010307507301150487,0.0003485838779957451
2007-09-13,158.54,165.11,174.44,115.76,-0.004708393496139163,-0.0028385070660708056,-0.00211658371946688,0.008450213433225828
2007-09-14,158.03,165.24,174.16,115.78,-0.0032168537908413564,0.0007873538852884998,-0.0016051364365970988,0.00017277125086390122
2007-09-17,158.51,165.17,174.14,115.19,0.0030373979624120917,-0.00042362624061986764,-0.0001148369315572273,-0.005095871480393921
2007-09-18,158.29,166.2,176.08,118.56,-0.001387925052047212,0.006235999273475734,0.011140461697484838,0.02925601180658055
2007-09-19,156.41,166.45,176.2,119.28,-0.01187693474003404,0.0015042117930204046,0.0006815084052702591,0.006072874493927127
2007-09-20,156.42,167.09,176.99,118.51,6.393453104025504e-05,0.003844998498047536,0.004483541430193139,-0.006455399061032874
2007-09-21,156.0,167.28,177.67,119.05,-0.00268507863444567,0.0011371117361900218,0.003842024973162106,0.004556577504007953
2007-09-24,155.66,167.36,177.58,118.43,-0.0021794871794872384,0.0004782400765184214,-0.0005065571002418334,-0.005207895842083032
2007-09-25,156.12,167.18,176.85,118.39,0.0029551586791725093,-0.0010755258126194933,-0.004110823290911281,-0.000337752258718238
2007-09-26,155.53,167.35,177.33,119.05,-0.003779144248014399,0.0010168680464168744,0.002714164546225639,0.005574795168510782
2007-09-27,156.66,168.71,180.13,119.52,0.007265479328746771,0.008126680609501058,0.01578977048440744,0.00394792104157915
2007-09-28,157.89,169.58,179.98,119.16,0.007851397931826876,0.005156777902910248,-0.0008327319158385471,-0.003012048192771122
2007-10-01,157.22,169.57,179.84,120.74,-0.004243460637152419,-5.896921806824995e-05,-0.0007778642071341046,0.013259483048002618
2007-10-02,155.99,168.29,177.25,120.71,-0.007823432133316266,-0.007548505042165532,-0.01440169039145911,-0.00024846778201093045
2007-10-03,155.71,168.23,177.06,120.19,-0.0017949868581319528,-0.00035652742290093187,-0.0010719322990127012,-0.004307845248943676
2007-10-04,156.59,168.72,178.22,120.44,0.00565153169353283,0.0029126790703204453,0.006551451485372173,0.0020800399367668643
2007-10-05,156.05,169.5,179.63,121.63,-0.003448496072546048,0.004623044096728313,0.007911569969700327,0.009880438392560587
2007-10-08,155.09,168.59,177.62,121.24,-0.006151874399231039,-0.005368731563421769,-0.01118966765016971,-0.003206445778179745
2007-10-09,155.04,169.18,178.74,122.22,-0.00032239344896523026,0.003499614449255617,0.006305596216642284,0.008083140877598094
2007-10-10,155.18,169.65,179.83,122.02,0.000902992776057987,0.0027781061591205525,0.0060982432583640556,-0.0016363933889707027
2007-10-11,156.32,171.22,182.51,121.4,0.0073463075138548994,0.00925434718538165,0.014902963910359723,-0.005081134240288443
2007-10-12,155.28,170.82,182.18,121.98,-0.006653019447287578,-0.0023361756804112233,-0.0018081201030080152,0.004777594728171408
2007-10-15,155.31,170.85,182.35,120.96,0.00019319938176187712,0.00017562346329480505,0.0009331430453396461,-0.008362026561731462
2007-10-16,155.44,170.19,181.58,120.16,0.0008370356062068485,-0.0038630377524143666,-0.004222648752399083,-0.006613756613756627
2007-10-17,156.52,170.64,182.29,120.38,0.006948018528049493,0.0026441036488629166,0.003910122260160742,0.0018308921438081605
2007-10-18,159.17,171.69,184.13,120.3,0.016930743674929527,0.0061533052039381975,0.010093806571945807,-0.0006645622196378431
2007-10-19,160.2,171.03,182.66,117.21,0.006471068668719049,-0.0038441376900226754,-0.007983489925596055,-0.025685785536159633
2007-10-22,158.67,169.47,179.29,117.66,-0.009550561797752821,-0.009121206805823512,-0.01844957845176831,0.00383926286153069
2007-10-23,159.9,171.04,182.25,118.7,0.007751937984496138,0.009264176550421777,0.01650956550839422,0.00883902770695233
2007-10-24,161.06,171.17,182.27,118.41,0.007254534083802389,0.0007600561272216311,0.00010973936899860703,-0.0024431339511373773
2007-10-25,162.69,172.56,185.06,118.3,0.010120452005463854,0.008120581877665511,0.01530696219893568,-0.0009289755932775368
2007-10-26,164.13,173.97,187.72,119.93,0.008851189378572766,0.008171070931849878,0.014373716632443578,0.013778529163144704
2007-10-29,165.86,175.02,190.15,120.39,0.010540425272649756,0.006035523366097584,0.0129448114212658,0.003835570749603834
2007-10-30,164.31,174.29,188.47,119.61,-0.0093452309176415,-0.0041709518912125265,-0.008835130160399718,-0.006478943433840034
2007-10-31,165.66,175.58,190.85,121.06,0.008216176739090697,0.0074014573412131135,0.012628004456942676,0.012122732213025733
2007-11-01,164.77,174.38,188.41,117.89,-0.0053724495955570495,-0.0068344913999317525,-0.012784909614880768,-0.02618536263010074
2007-11-02,167.49,175.19,190.8,117.99,0.016507859440432204,0.004645028099552695,0.012685101640040441,0.0008482483671219399
2007-11-05,167.04,175.06,189.96,117.41,-0.002686727565824887,-0.0007420514869569406,-0.004402515723270439,-0.004915670819561013
2007-11-06,169.84,176.48,193.19,118.83,0.01676245210727978,0.008111504626985067,0.017003579700989535,0.01209437015586401
2007-11-07,172.05,177.02,193.94,115.4,0.013012246820536921,0.0030598368087035865,0.0038821885190745142,-0.02886476479003608
2007-11-08,171.29,176.62,192.93,115.34,-0.00441732054635291,-0.002259631680036178,-0.005207796225636718,-0.0005199306759099409
2007-11-09,171.87,176.2,191.95,113.69,0.0033860704069124115,-0.0023779866379799453,-0.005079562535634796,-0.014305531472169286
2007-11-12,167.21,173.84,187.28,112.56,-0.02711351602955725,-0.01339387060158903,-0.024329252409481583,-0.009939308646318867
2007-11-13,166.09,173.84,186.91,115.87,-0.006698163985407568,0.0,-0.001975651431012415,0.02940653873489696
2007-11-14,168.04,174.87,189.08,115.08,0.01174062255403685,0.005924988495167982,0.01160986571076994,-0.0068179856735998134
2007-11-15,166.95,174.62,188.45,113.57,-0.006486550821233061,-0.001429633441985434,-0.0033319229955575125,-0.013121306916927367
2007-11-16,167.84,174.92,189.11,114.16,0.00533093740640922,0.0017180162638872343,0.003502255240116936,0.005195033899797474
2007-11-19,168.99,175.18,189.43,112.17,0.006851763584366122,0.001486393780013806,0.0016921368515678825,-0.01743167484232655
2007-11-20,171.75,176.2,191.8,112.68,0.016332327356648246,0.005822582486585182,0.012511217864118684,0.004546670232682626
2007-11-21,173.27,176.32,192.17,110.89,0.008850072780203888,0.0006810442678775175,0.0019290928050050837,-0.01588569400071005
2007-11-22,173.31,176.34,192.21,,0.00023085358111618604,0.00011343012704179145,0.00020814903470900425,
2007-11-23,174.26,176.82,193.13,112.78,0.005481507125959295,0.002722014290575059,0.004786431507205702,
2007-11-26,175.79,177.09,193.75,110.16,0.00877998393205548,0.00152697658635903,0.0032102728731941976,-0.02323106933853525
2007-11-27,172.96,175.97,191.42,111.81,-0.016098754195346676,-0.0063244677847422714,-0.012025806451612997,0.014978213507625293
2007-11-28,171.0,175.47,190.39,115.04,-0.011332099907493065,-0.0028413934193328716,-0.0053808379479678425,0.028888292639298818
2007-11-29,170.63,175.82,191.07,115.1,-0.002163742690058479,0.0019946429589103865,0.003571616156310853,0.0005215577190540444
2007-11-30,166.98,174.09,189.01,115.99,-0.02139131454023324,-0.009839608690706325,-0.010781389019731025,0.007732406602954045
2007-12-03,169.05,174.84,190.52,115.32,0.012396694214876103,0.004308116491470004,0.00798899529125463,-0.005776360031037209
2007-12-04,170.99,175.63,192.26,114.56,0.011475894705708312,0.0045184168382521595,0.009132899433130337,-0.006590357266735958
2007-12-05,168.82,175.23,191.24,116.36,-0.012690800631615984,-0.0022775152308831537,-0.005305315718298065,0.015712290502793325
2007-12-06,168.76,174.74,190.28,118.12,-0.00035540812699919044,-0.0027963248302230737,-0.005019870320016828,0.015125472671021045
2007-12-07,167.22,173.78,188.26,117.91,-0.009125385162360722,-0.005493876616687654,-0.010615934412444905,-0.0017778530308162344
2007-12-10,167.23,173.93,188.36,118.8,5.980145915551738e-05,0.0008631603176429969,0.0005311802825880285,0.007548129929607406
2007-12-11,168.47,174.66,189.64,115.8,0.0074149375112122495,0.004197090783648605,0.006795497982586385,-0.025252525252525304
2007-12-12,169.2,175.2,190.74,116.52,0.00433311568825312,0.003091721058055663,0.005800464037123199,0.006217616580310947
2007-12-13,167.76,174.4,189.17,116.67,-0.008510638297872353,-0.004566210045662045,-0.00823109992660176,0.0012873326467559565
2007-12-14,165.61,173.06,187.21,115.07,-0.012815927515498204,-0.0076834862385321,-0.010361050906591895,-0.01371389388874611
2007-12-17,165.81,172.64,186.7,113.34,0.0012076565424792296,-0.0024269039639431833,-0.0027242134501362925,-0.015034326931432918
2007-12-18,165.52,172.94,187.09,114.05,-0.0017489898076110677,0.0017377201112140916,0.002088912694161893,0.006264337391918007
2007-12-19,166.43,173.36,187.99,113.9,0.005497825036249404,0.0024285879495780094,0.004810519001550162,-0.0013152126260411734
2007-12-20,166.84,173.46,188.24,114.49,0.0024634981673976597,0.0005768343331795656,0.0013298579711686909,0.005179982440737474
2007-12-21,166.86,173.7,188.61,116.42,0.00011987532965718195,0.0013836042891732792,0.001965575860603419,0.016857367455673122
2007-12-24,167.25,174.14,189.5,117.36,0.0023372887450556767,0.0025331030512376618,0.004718731774561169,0.008074214052568252
2007-12-25,167.09,174.22,189.69,,-0.0009566517189835144,0.0004594004823705866,0.0010026385224273238,
2007-12-26,168.9,174.68,190.62,117.46,0.01083248548686333,0.002640339800252578,0.004902736043017608,
2007-12-27,169.86,175.13,191.38,115.81,0.005683836589698066,0.0025761392260132965,0.003986989822683862,-0.014047335263068228
2007-12-28,170.94,175.3,191.84,115.98,0.006358177322500769,0.0009707074744476074,0.0024035949420002645,0.001467921595717181
2007-12-31,170.67,175.58,191.51,115.19,-0.0015795015795015965,0.0015972618368511604,-0.0017201834862385912,-0.0068115192274530445
2008-01-02,176.05,176.54,193.12,113.55,0.031522821819886415,0.005467593119945269,0.008406871703827479,-0.014237346991926358
2008-01-03,177.0,176.49,192.97,113.55,0.005396194262993426,-0.00028322193270635676,-0.0007767191383596384,0.0
2008-01-04,177.39,176.28,192.5,110.76,0.0022033898305084954,-0.001189869114397446,-0.0024356117531222354,-0.02457067371202104
2008-01-07,175.47,175.52,191.04,111.12,-0.010823608997124867,-0.004311322895393599,-0.0075844155844155825,0.003250270855904569
2008-01-08,176.99,176.63,192.67,109.12,0.008662449421553697,0.006324065633545928,0.008532244556113788,-0.017998560115190743
2008-01-09,176.65,176.7,192.47,110.61,-0.001921012486581164,0.0003963086678366867,-0.0010380443244926152,0.013654692082111453
2008-01-10,177.42,177.58,193.22,111.49,0.004358901783187097,0.004980192416525364,0.003896711175767731,0.00795588102341549
2008-01-11,179.08,178.51,194.56,109.99,0.009356329613346981,0.0052370762473250565,0.006935099886140161,-0.013454121445869549
2008-01-14,180.82,179.32,195.88,111.18,0.009716327898146027,0.004537560920956807,0.00678453947368407,0.010819165378670892
2008-01-15,180.91,178.87,195.55,108.41,0.0004977325517088182,-0.0025094802587551923,-0.0016847049213803977,-0.02491455297715428
2008-01-16,178.65,177.54,193.79,107.81,-0.01249239953568071,-0.007435567730754267,-0.009000255689082137,-0.005534544783691531
2008-01-17,179.24,177.72,193.96,104.68,0.003302546879373036,0.0010138560324435275,0.000877238247587675,-0.029032557276690407
2008-01-18,179.83,177.56,193.96,104.05,0.0032916759651864247,-0.0009002925950933882,0.0,-0.006018341612533562
2008-01-21,181.36,177.61,194.68,,0.008508035366735278,0.00028159495381840927,0.0037121055887812116,
2008-01-22,181.06,178.45,196.1,102.9,-0.0016541685046317367,0.0047294634311130235,0.007294020957468561,
2008-01-23,181.04,178.88,196.51,105.11,-0.00011046062078878816,0.002409638554216942,0.0020907700152983377,0.02147716229348884
2008-01-24,180.42,177.14,194.37,106.17,-0.003424657534246589,-0.009727191413237968,-0.010890031041677184,0.010084673199505234
2008-01-25,180.83,176.91,194.33,104.48,0.0022724753353289273,-0.0012984080388392938,-0.00020579307506296551,-0.015917867570876876
2008-01-28,182.88,178.12,196.33,106.32,0.011336614499806386,0.006839635973093783,0.010291771728503152,0.01761102603369058
2008-01-29,181.78,177.08,194.51,106.98,-0.0060148731408573575,-0.005838760386256414,-0.009270106453420413,0.006207674943566666
2008-01-30,182.5,177.71,195.52,106.48,0.003960831774672657,0.003557714027558223,0.0051925350881703025,-0.004673770798280019
2008-01-31,183.53,178.53,196.52,108.28,0.005643835616438331,0.004614259186314751,0.005114566284779132,0.016904583020285413
2008-02-01,182.78,178.42,196.2,109.61,-0.004086525363700799,-0.0006161429451633227,-0.00162833299409737,0.012282970077576616
2008-02-04,183.12,178.52,196.49,108.46,0.0018601597548966176,0.0005604752830401516,0.0014780835881753607,-0.01049174345406445
2008-02-05,183.57,179.02,197.4,105.0,0.0024574049803407494,0.0028008066323101932,0.004631278945493422,-0.03190116171860591
2008-02-06,183.96,179.33,197.79,104.24,0.0021245301519856596,0.0017316500949615676,0.00197568389057734,-0.007238095238095266
2008-02-07,184.88,179.78,198.35,105.09,0.005001087192867848,0.002509340322310649,0.002831285707063147,0.00815425940138148
2008-02-08,187.04,180.72,200.35,104.65,0.011683254002596177,0.0052286127489153955,0.010083186286866663,-0.004186887429821984
2008-02-11,187.67,181.32,201.21,105.27,0.0033682634730538563,0.0033200531208499307,0.004292488145745121,0.005924510272336203
2008-02-12,185.24,180.04,198.86,106.04,-0.012948260244045273,-0.007059342598720542,-0.011679339993042048,0.007314524555903867
2008-02-13,184.7,179.51,198.74,107.52,-0.002915137119412714,-0.002943790268829183,-0.0006034396057528202,0.013956997359486856
2008-02-14,186.26,180.1,199.49,106.08,0.008446128857606983,0.0032867249735391013,0.0037737747811210642,-0.013392857142857095
2008-02-15,187.26,180.57,200.49,106.18,0.00536883925695264,0.0026096612992780877,0.00501278259561877,0.0009426847662141746
2008-02-18,186.61,180.4,200.13,,-0.0034711096870659874,-0.0009414631444868427,-0.0017956007780937089,
2008-02-19,189.11,181.52,201.73,106.09,0.013396924066234384,0.006208425720620969,0.007994803377804338,
2008-02-20,188.6,181.15,201.61,106.98,-0.0026968431071864307,-0.002038342882327071,-0.0005948545085013857,0.008389103591290414
2008-02-21,189.18,181.15,201.85,105.64,0.0030752916224814353,0.0,0.0011904171420067389,-0.012525705739390602
2008-02-22,190.5,181.72,202.76,106.49,0.006977481763399851,0.0031465636213081627,0.004508298241268305,0.008046194623248626
2008-02-25,189.96,181.71,202.88,107.96,-0.002834645669291258,-5.5029716046650634e-05,0.000591832708620954,0.01380411306225926
2008-02-26,191.64,182.79,204.49,108.71,0.008843967150979015,0.005943536404160454,0.007935725552050465,0.0069470174138570595
2008-02-27,192.53,183.68,205.55,108.64,0.004644124399916683,0.004868975326878022,0.005183627561250015,-0.0006439150032194751
2008-02-28,196.25,186.09,209.64,107.68,0.019321664156235485,0.013120644599303066,0.01989783507662346,-0.008836524300441795
2008-02-29,197.81,186.74,210.6,104.76,0.00794904458598733,0.0034929335267881445,0.004579278763594763,-0.027117384843982184
2008-03-03,200.04,188.21,213.03,104.82,0.01127344421414489,0.007871907464924499,0.011538461538461497,0.0005727376861395239
2008-03-04,198.57,187.07,210.89,104.46,-0.0073485302939412245,-0.006057063917964012,-0.010045533492935355,-0.0034344590726960167
2008-03-05,198.81,187.53,212.29,105.06,0.001208641788789988,0.002458972577110252,0.0066385319360804385,0.005743825387708235
2008-03-06,198.39,187.66,212.03,102.76,-0.0021125697902520946,0.0006932224177464974,-0.0012247397428045703,-0.021892252046449623
2008-03-07,198.58,187.7,212.01,101.9,0.0009577095619739406,0.00021315144410105624,-9.432627458383358e-05,-0.008369015181004302
2008-03-10,200.28,188.44,213.52,100.33,0.008560781548997864,0.003942461374533801,0.007122305551624963,-0.015407262021589818
2008-03-11,198.95,187.57,212.0,104.06,-0.006640703015778016,-0.004616854171088924,-0.007118771075309116,0.03717731486095888
2008-03-12,199.78,188.98,214.16,103.15,0.004171902488062429,0.007517193581062953,0.010188679245282994,-0.008744954833749707
2008-03-13,201.84,190.65,216.58,103.68,0.010311342476724494,0.008836913959149095,0.011299962644751638,0.005138148327678227
2008-03-14,202.79,190.92,217.04,101.53,0.004706698374950413,0.0014162077104640236,0.002123926493674322,-0.020736882716049454
2008-03-17,202.24,190.18,215.43,100.64,-0.002712165294146529,-0.003875968992247958,-0.0074179874677478,-0.008765882005318582
2008-03-18,200.89,189.86,214.53,104.91,-0.006675237341772222,-0.0016826164686086775,-0.004177691129369165,0.04242845786963434
2008-03-19,198.34,187.82,210.56,102.36,-0.012693513863308192,-0.01074475929632368,-0.018505570316505793,-0.024306548470117262
2008-03-20,195.93,185.91,207.17,104.81,-0.012150852072199236,-0.010169311042487417,-0.016099924012158096,0.023935130910512026
2008-03-21,195.78,185.89,207.11,,-0.0007655795437145896,-0.00010757893604440572,-0.0002896172225707039,
2008-03-24,194.92,185.25,206.34,106.42,-0.004392685667586105,-0.0034428963365430443,-0.0037178311042441736,
2008-03-25,195.91,185.43,206.32,106.66,0.005079006772009009,0.000971659919028367,-9.69274013764565e-05,0.002255215185115622
2008-03-26,198.18,186.98,208.96,105.73,0.01158695319279257,0.008358949468802113,0.012795657231485125,-0.008719294955934709
2008-03-27,197.91,187.08,209.17,104.55,-0.0013623978201635634,0.0005348165579206476,0.001004977029096299,-0.011160503168447966
2008-03-28,196.69,186.62,208.31,103.72,-0.00616441816987523,-0.0024588411374812935,-0.004111488263135232,-0.00793878527020564
2008-03-31,196.33,186.37,207.71,104.31,-0.0018302913213685823,-0.0013396206194405957,-0.002880322596130691,0.005688391824141936
2008-04-01,191.69,183.66,203.55,108.05,-0.02363367799113747,-0.014540966893813456,-0.020027923547253357,0.03585466398236026
2008-04-02,192.0,183.79,204.24,107.87,0.001617194428504387,0.0007078296852880417,0.003389830508474523,-0.0016658954187874775
2008-04-03,191.48,183.54,204.02,108.01,-0.0027083333333334236,-0.0013602481092551688,-0.0010771641206424043,0.0012978585334197934
2008-04-04,193.02,184.6,205.47,108.1,0.008042615416753884,0.0057753078348044,0.0071071463582002,0.0008332561799833105
2008-04-07,192.87,184.76,205.82,108.27,-0.0007771215418092003,0.0008667388949079591,0.001703411690270995,0.001572617946346
2008-04-08,193.27,184.92,206.02,107.75,0.002073935811686578,0.0008659883091577392,0.0009717228646390907,-0.004802807795326491
2008-04-09,196.39,186.58,208.74,106.89,0.01614321933047025,0.008976854856154182,0.013202601689156435,-0.007981438515081152
2008-04-10,196.67,186.3,208.49,107.37,0.0014257345078669825,-0.0015006967520634351,-0.0011976621634569584,0.0044905978108336075
2008-04-11,197.67,186.71,208.93,105.19,0.005084659582041073,0.0022007514761137603,0.0021104129694469176,-0.020303622985936576
2008-04-14,198.43,186.49,209.41,104.83,0.003844791824758609,-0.0011782978951314638,0.002297420188579924,-0.003422378553094352
2008-04-15,198.15,186.18,209.37,105.32,-0.0014110769540895962,-0.0016622875221191658,-0.00019101284561384713,0.004674234474864036
2008-04-16,197.09,186.03,209.22,107.72,-0.005349482715114817,-0.0008056719303899396,-0.0007164350193438196,0.02278769464489172
2008-04-17,195.06,184.8,208.16,107.79,-0.010299863006748233,-0.006611836800516024,-0.0050664372430934135,0.0006498329001114467
2008-04-18,193.31,183.9,207.01,109.75,-0.008971598482518162,-0.004870129870129913,-0.005524596464258291,0.018183504963354524
2008-04-21,193.7,184.41,207.34,109.58,0.0020174848688634395,0.0027732463295269127,0.001594125887638409,-0.0015489749430523947
2008-04-22,195.64,185.22,208.86,108.61,0.010015487867836903,0.004392386530014614,0.007330953988617717,-0.00885198028837375
2008-04-23,195.02,185.18,208.56,108.93,-0.0031690860764668205,-0.00021595939963281463,-0.0014363688595231405,0.002946321701500887
2008-04-24,191.77,183.57,206.02,109.63,-0.01666495744026253,-0.008694243438816307,-0.01217874952052167,0.00642614523088203
2008-04-25,189.96,182.92,205.11,110.35,-0.00943838973770661,-0.003540883586642729,-0.004417046888651521,0.00656754537991433
2008-04-28,190.09,183.38,205.56,110.23,0.0006843546009684953,0.002514760551060702,0.0021939447125931544,-0.0010874490258268033
2008-04-29,188.43,182.29,203.86,109.81,-0.008732705560523968,-0.005943941542152942,-0.00827009145748192,-0.00381021500498957
2008-04-30,189.38,182.69,204.14,109.39,0.0050416600329032946,0.0021943057765099194,0.0013734916118903762,-0.0038247882706493597
2008-05-01,187.37,181.55,202.14,111.29,-0.010613581159573338,-0.006240078822048245,-0.009797198001371576,0.017369046530761656
2008-05-02,187.74,182.37,203.4,111.65,0.0019747024603724572,0.004516662076562872,0.006233303650934996,0.003234791984904284
2008-05-05,188.94,183.51,205.06,111.15,0.00639181847235526,0.0062510281296264125,0.00816125860373651,-0.004478280340349361
2008-05-06,188.45,183.83,205.74,112.01,-0.002593415899227347,0.001743774181243607,0.003316102604115967,0.007737291947818248
2008-05-07,188.86,183.66,205.6,110.02,0.0021756434067392583,-0.0009247674481859258,-0.0006804704967435793,-0.01776627086867255
2008-05-08,189.02,183.63,205.7,110.43,0.0008471883935190494,-0.00016334531198958224,0.0004863813229571967,0.003726595164515567
2008-05-09,189.89,184.18,206.81,109.71,0.004602687546291229,0.0029951532973915285,0.00539620807000496,-0.00651996740016314
2008-05-12,189.9,184.32,207.04,110.92,5.266206751297631e-05,0.0007601259637310953,0.0011121319085150017,0.011029076656640324
2008-05-13,190.21,184.15,206.98,110.91,0.0016324381253292053,-0.0009223090277776791,-0.0002897990726429267,-9.015506671483653e-05
2008-05-14,190.11,183.63,206.17,111.37,-0.0005257347142632041,-0.002823784957914799,-0.003913421586626775,0.004147506987647764
2008-05-15,191.06,184.03,206.56,112.57,0.004997106938088525,0.0021782933071938793,0.0018916428190329793,0.010774894495824583
2008-05-16,191.94,184.9,208.01,112.71,0.004605882968701014,0.0047274900831386635,0.007019752130131618,0.0012436706049570034
2008-05-19,191.52,184.84,207.67,112.82,-0.002188183807439792,-0.00032449972958359385,-0.0016345368011153605,0.0009759559932569495
2008-05-20,191.96,185.55,209.15,111.77,0.0022974101921471313,0.0038411599220948833,0.007126691385371142,-0.009306860485729485
2008-05-21,193.5,186.81,211.07,109.98,0.008022504688476761,0.006790622473726637,0.009180014343772358,-0.01601503086695888
2008-05-22,193.89,186.2,210.25,110.29,0.002015503875968827,-0.003265349820673502,-0.0038849670725351615,0.0028186943080559246
2008-05-23,194.57,186.96,211.38,108.84,0.0035071432255402435,0.004081632653061273,0.005374554102259177,-0.013147157493879846
2008-05-26,194.48,186.99,211.47,,-0.00046255846225007335,0.00016046213093701134,0.0004257734885040332,
2008-05-27,194.27,186.31,210.33,109.58,-0.0010798025503906405,-0.003636558104711529,-0.005390835579514808,
2008-05-28,194.83,186.49,210.54,110.04,0.0028825860915220325,0.0009661317159572747,0.0009984310369417493,0.004197846322321563
2008-05-29,194.88,185.93,209.5,110.64,0.00025663398860542586,-0.003002841975441095,-0.004939678920870105,0.005452562704471031
2008-05-30,194.56,185.88,209.42,110.81,-0.0016420361247947435,-0.0002689184101544173,-0.0003818615751790544,0.001536514822849
2008-06-02,194.1,185.71,209.9,109.65,-0.0023643092105263275,-0.0009145685388421976,0.0022920446948715423,-0.010468369280750789
2008-06-03,193.34,185.51,209.82,109.02,-0.003915507470376056,-0.0010769479295676954,-0.00038113387327309844,-0.005745554035567757
2008-06-04,192.85,185.33,209.36,109.04,-0.0025343953656771223,-0.0009702980971375563,-0.002192355352206521,0.00018345257750884691
2008-06-05,195.88,186.6,212.23,111.17,0.01571169302566755,0.006852641234554424,0.013708444784103824,0.01953411592076293
2008-06-06,196.44,188.36,215.43,107.75,0.0028588931999182776,0.009431939978563841,0.015077981435235532,-0.030763695241522004
2008-06-09,196.68,187.43,215.06,107.84,0.0012217470983506562,-0.004937354002973016,-0.0017174952420739853,0.0008352668213458259
2008-06-10,196.3,186.52,213.75,107.57,-0.0019320724018709878,-0.0048551459211438885,-0.006091323351622768,-0.0025037091988131532
2008-06-11,196.2,187.57,215.76,105.78,-0.0005094243504840668,0.005629423118164167,0.009403508771929747,-0.01664032722878117
2008-06-12,197.37,187.23,215.33,106.13,0.00596330275229362,-0.0018126566081996254,-0.0019929551353354835,0.0033087540177727526
2008-06-13,198.06,187.4,215.67,107.73,0.0034959720322236265,0.0009079741494419924,0.0015789718107090955,0.015075850372185062
2008-06-16,198.4,187.75,216.23,107.74,0.001716651519741541,0.001867662753468391,0.0025965595585848433,9.282465422799646e-05
2008-06-17,197.49,187.66,215.87,107.01,-0.004586693548387033,-0.0004793608521971304,-0.0016648938630161592,-0.006775570818637333
2008-06-18,197.01,188.13,216.84,105.98,-0.0024305028102690196,0.0025045294681871333,0.004493445129012841,-0.009625268666479725
2008-06-19,197.56,188.43,216.86,106.4,0.0027917364600782424,0.0015946420028705166,9.223390518364738e-05,0.003963011889035695
2008-06-20,197.59,188.75,217.9,104.43,0.00015185260174122028,0.001698243379504305,0.004795720741492149,-0.018515037593984984
2008-06-23,196.73,188.36,217.4,104.44,-0.0043524469861835335,-0.002066225165562874,-0.0022946305644790943,9.575792396820937e-05
2008-06-24,196.38,188.63,217.86,104.14,-0.0017790880902759376,0.0014334253557017895,0.002115915363385401,-0.002872462657985464
2008-06-25,196.21,188.63,217.57,104.76,-0.0008656686016905724,0.0,-0.001331130083540022,0.0059535241021702046
2008-06-26,195.6,189.39,219.58,101.71,-0.0031089139187605586,0.004029051582463028,0.009238406030243285,-0.029114165712104012
2008-06-27,195.27,189.86,220.23,101.34,-0.0016871165644171127,0.0024816516183538972,0.002960196739229426,-0.003637793727263694
2008-06-30,195.94,190.16,220.72,101.47,0.0034311466175038774,0.0015801116612239596,0.0022249466466874868,0.001282810341424856
2008-07-01,196.59,190.77,222.09,101.88,0.003317342043482663,0.0032078249894826882,0.00620695904313151,0.0040406031339312865
2008-07-02,197.07,192.38,224.55,100.03,0.002441629787883315,0.008439482098862472,0.0110765905713901,-0.018158617981939518
2008-07-03,196.05,191.2,222.85,100.14,-0.0051758258486831465,-0.0061336937311571305,-0.007570696949454558,0.0010996700989702735
2008-07-04,195.84,191.19,222.78,,-0.0010711553175211108,-5.230125523003615e-05,-0.00031411263181513327,
2008-07-07,193.91,189.58,220.02,99.3,-0.009854983660130712,-0.008420942517914032,-0.012388903851333066,
2008-07-08,192.54,188.82,218.1,101.03,-0.007065133309267169,-0.004008861694271615,-0.008726479410962718,0.017421953675730073
2008-07-09,191.46,189.28,218.47,98.74,-0.005609224057338658,0.002436182607774562,0.0016964695093992788,-0.022666534692665552
2008-07-10,192.67,190.41,220.74,99.43,0.0063198579337719885,0.005969991546914688,0.010390442623701146,0.006988049422726572
2008-07-11,194.7,191.61,222.84,98.34,0.010536149893600522,0.006302190011028941,0.009513454743136807,-0.01096248617117579
2008-07-14,193.51,192.03,223.35,97.45,-0.0061119671289162625,0.002191952403319153,0.0022886375875066367,-0.009050233882448633
2008-07-15,191.73,192.38,223.11,96.39,-0.009198491034055123,0.0018226318804352992,-0.0010745466756211242,-0.010877373011800917
2008-07-16,191.55,191.05,220.88,98.82,-0.0009388202159285042,-0.006913400561388783,-0.009995069696562275,0.025210084033613356
2008-07-17,191.31,189.31,217.32,100.01,-0.0012529365700861828,-0.009107563465061586,-0.01611734878667148,0.012042096741550434
2008-07-18,191.69,188.7,216.34,100.04,0.001986304950081008,-0.003222228091490198,-0.004509479109147785,0.00029997000299974985
2008-07-21,191.81,188.91,216.67,99.99,0.0006260107465179132,0.0011128775834658988,0.0015253767218266212,-0.0004998000799680824
2008-07-22,191.38,187.65,214.44,101.34,-0.0022418017830144743,-0.006669842782277224,-0.01029214935154843,0.013501350135013634
2008-07-23,190.1,185.31,210.64,101.75,-0.006688264186435422,-0.012470023980815315,-0.017720574519679233,0.004045786461416956
2008-07-24,188.35,185.3,210.7,99.4,-0.009205681220410322,-5.396362851428638e-05,0.0002848461830611271,-0.02309582309582303
2008-07-25,188.61,185.4,210.94,99.81,0.00138040881337953,0.0005396654074474316,0.0011390602752729961,0.004124748490945684
2008-07-28,188.99,186.21,212.29,97.96,0.002014739409363253,0.004368932038834927,0.006399924149047109,-0.018535216912133112
2008-07-29,187.55,185.45,210.8,100.25,-0.007619450764590696,-0.004081413457923899,-0.00701870083376499,0.023376888525929118
2008-07-30,186.6,184.98,209.75,101.93,-0.005065315915755875,-0.0025343758425451224,-0.0049810246679317105,0.016758104738154644
2008-07-31,185.47,184.98,209.58,100.61,-0.006055734190782425,0.0,-0.0008104886769964015,-0.01295006376925345
2008-08-01,185.55,185.17,210.02,100.05,0.00043133660430272336,0.00102713806898036,0.0020994369691764714,-0.005566047112613104
2008-08-04,186.3,185.1,209.66,99.16,0.004042037186742009,-0.000378030998541834,-0.0017141224645272901,-0.008895552223888048
2008-08-05,183.39,183.29,206.22,102.01,-0.015619967793880973,-0.00977849810913023,-0.016407516932175903,0.02874142799515944
2008-08-06,182.97,182.59,204.8,102.4,-0.0022902012105348035,-0.0038190845108843074,-0.006885850063039434,0.003823154592687006
2008-08-07,181.29,182.7,205.19,100.58,-0.0091818330873914,0.0006024426310311526,0.0019042968749998224,-0.017773437500000044
2008-08-08,180.41,181.37,202.62,102.98,-0.004854101163881075,-0.0072796934865899665,-0.012524976850723735,0.023861602704315032
2008-08-11,179.61,180.59,201.0,103.72,-0.004434343994235257,-0.004300600981419156,-0.007995262066923359,0.007185861332297483
2008-08-12,177.94,180.7,201.38,102.47,-0.009297923278213993,0.000609114568912883,0.0018905472636816523,-0.012051677593520993
2008-08-13,176.83,181.12,202.09,102.21,-0.006238057772282701,0.002324294410625427,0.0035256728572847784,-0.002537327998438643
2008-08-14,176.87,181.31,202.41,102.78,0.0002262059605269151,0.0010490282685511332,0.001583452917017114,0.005576753742295271
2008-08-15,178.16,181.18,202.37,103.21,0.007293492395544776,-0.0007170040262532984,-0.00019761869472845195,0.004183693325549687
2008-08-18,176.77,181.51,203.02,101.66,-0.007801975752132817,0.0018213930897448272,0.00321193852843793,-0.015017924619707412
2008-08-19,176.68,182.06,203.95,100.72,-0.0005091361656389681,0.003030136080656831,0.004580829474928549,-0.009246507967735518
2008-08-20,176.04,182.27,204.2,101.35,-0.0036223681231606353,0.0011534658903658013,0.0012257906349595338,0.006254964257347062
2008-08-21,173.24,182.04,203.97,101.61,-0.01590547602817527,-0.001261864267295909,-0.001126346718902993,0.002565367538233998
2008-08-22,175.83,181.78,203.32,102.77,0.014950357885014975,-0.0014282575258184327,-0.0031867431485023134,0.01141619919299286
2008-08-25,176.16,181.96,203.79,100.76,0.0018768128305748366,0.0009902079436681088,0.0023116269919338794,-0.019558236839544496
2008-08-26,176.98,182.13,204.38,101.13,0.004654859218891971,0.0009342712684106136,0.00289513715098888,0.0036720921000394924
2008-08-27,176.39,182.19,204.81,101.95,-0.0033337100237315065,0.00032943501894244775,0.0021039240630198464,0.00810837535844966
2008-08-28,176.14,181.93,203.97,103.48,-0.0014173139066840923,-0.0014270816180909085,-0.004101362238172035,0.01500735654732721
2008-08-29,176.54,181.64,203.5,102.07,0.0022709208584081875,-0.001594019677898184,-0.002304260430455507,-0.013625821414766204
2008-09-01,176.73,181.69,203.5,,0.0010762433442845776,0.00027526976436909045,0.0,
2008-09-02,180.44,182.43,204.72,101.65,0.020992474395971294,0.004072871374318998,0.005995085995085914,
2008-09-03,181.07,182.61,205.07,101.5,0.003491465307027264,0.0009866798223976403,0.0017096522078936527,-0.0014756517461879115
2008-09-04,183.11,183.35,206.34,98.46,0.011266361075827236,0.004052352007009263,0.006193007265811623,-0.029950738916256214
2008-09-05,187.1,184.31,208.01,98.9,0.021790180765659972,0.005235887646577675,0.00809343801492668,0.00446881982531
2008-09-08,185.74,182.82,206.35,100.95,-0.007268840192410364,-0.008084205957354484,-0.007980385558386649,0.020728008088978678
2008-09-09,186.86,183.73,207.67,97.5,0.006029934316786889,0.004977573569631355,0.006396898473467472,-0.034175334323922724
2008-09-10,188.14,184.07,208.23,98.11,0.006850048164400935,0.001850541555543428,0.0026965859295997596,0.006256410256410216
2008-09-11,189.49,184.61,208.79,99.49,0.007175507600722941,0.0029336665399033457,0.0026893339096192292,0.014065844460299681
2008-09-12,183.35,182.79,205.28,99.71,-0.032402765317431026,-0.009858620876442292,-0.01681114995928923,0.002211277515328236
2008-09-15,188.6,184.88,209.84,95.01,0.02863376056722111,0.011433885879971628,0.02221356196414659,-0.04713669641961682
2008-09-16,191.42,185.56,210.76,96.67,0.014952279957582082,0.0036780614452618376,0.004384292794510136,0.017471845068940173
2008-09-17,185.61,184.92,209.39,92.12,-0.03035210531814847,-0.0034490191851692664,-0.006500284684000768,-0.047067342505430765
2008-09-18,183.97,184.75,209.27,96.14,-0.008835730833468114,-0.0009193164611723814,-0.0005730932709296921,0.043638732088580046
2008-09-19,176.26,181.12,203.03,100.01,-0.04190900690329946,-0.01964817320703649,-0.02981793854828696,0.04025379654670269
2008-09-22,169.21,179.82,200.58,96.19,-0.03999773062521261,-0.007177561837455881,-0.012067182189824055,-0.03819618038196193
2008-09-23,171.95,180.17,201.28,94.69,0.01619289640092192,0.0019463908352796988,0.0034898793498852054,-0.01559413660463671
2008-09-24,173.52,180.41,201.68,94.5,0.009130561209654164,0.001332075262252319,0.001987281399046026,-0.002006547681909332
2008-09-25,172.23,180.21,201.14,96.36,-0.0074343015214385355,-0.0011085859985587865,-0.0026775089250298256,0.019682539682539746
2008-09-26,175.09,180.59,201.98,96.69,0.016605701677988804,0.0021086510182564133,0.0041761956845978165,0.003424657534246478
2008-09-29,185.29,182.69,205.94,88.19,0.05825575418356266,0.011628550861066511,0.019605901574413442,-0.08790981487227223
2008-09-30,187.45,182.25,205.49,92.97,0.011657401910518672,-0.002408451475176543,-0.0021851024570263,0.05420115659371816
2008-10-01,188.55,182.5,205.73,92.57,0.0058682315284077635,0.00137174211248281,0.0011679400457442757,-0.004302463160159253
2008-10-02,193.62,183.98,208.59,88.85,0.026889419252187796,0.008109589041095822,0.013901715841151185,-0.04018580533650207
2008-10-03,193.78,184.05,208.53,87.65,0.0008263609131287097,0.0003804761387109501,-0.00028764562059546694,-0.013505908835115266
2008-10-06,202.82,187.5,215.2,84.28,0.04665084116007834,0.018744906275468542,0.03198580539970264,-0.03844837421563041
2008-10-07,202.11,187.23,214.6,79.44,-0.0035006409624296353,-0.0014400000000001079,-0.0027881040892192566,-0.05742762221167541
2008-10-08,204.27,187.94,215.82,78.58,0.01068724951758937,0.003792127330021877,0.005684995340167642,-0.010825780463242674
2008-10-09,204.32,187.46,215.09,72.6,0.0002447740735300741,-0.0025540065978503224,-0.003382448336576749,-0.07610078900483586
2008-10-10,210.12,189.0,218.23,71.75,0.028386844166014225,0.00821508588498876,0.014598540145985384,-0.011707988980716122
2008-10-13,204.48,187.28,215.02,80.06,-0.026841804683038317,-0.009100529100529053,-0.014709251706914617,0.11581881533101046
2008-10-14,202.89,186.89,213.95,79.64,-0.007775821596244126,-0.0020824434002564285,-0.004976281276160455,-0.005246065450911885
2008-10-15,206.99,188.48,216.51,72.45,0.02020799447976751,0.008507678313446343,0.011965412479551407,-0.09028126569563033
2008-10-16,209.43,189.44,218.07,75.53,0.011788009082564388,0.005093378607809784,0.007205209921019806,0.04251207729468587
2008-10-17,207.48,188.98,217.22,75.06,-0.009310986964618295,-0.0024282094594595405,-0.003897830971706262,-0.006222692969680921
2008-10-20,207.57,188.86,217.07,78.64,0.00043377674956635026,-0.0006349878293998579,-0.0006905441487892183,0.04769517719158012
2008-10-21,210.1,189.75,218.4,76.22,0.012188659247482692,0.00471248543894931,0.0061270557884554044,-0.03077314343845372
2008-10-22,216.18,191.65,221.54,71.59,0.028938600666349457,0.010013175230566551,0.014377289377289326,-0.06074521123064802
2008-10-23,217.69,192.01,222.16,72.49,0.006984919974095671,0.0018784242108007554,0.0027985916764468044,0.012571588210643858
2008-10-24,221.71,193.07,224.23,69.99,0.018466626854701795,0.0055205458049059075,0.009317608930500487,-0.034487515519382006
2008-10-27,223.26,193.03,224.41,67.77,0.006991114518966057,-0.0002071787434608785,0.0008027471792355634,-0.03171881697385337
2008-10-28,219.89,192.43,223.08,75.08,-0.015094508644629578,-0.003108325130808609,-0.005926652109977226,0.10786483694850224
2008-10-29,215.21,191.35,220.43,74.26,-0.02128336895720573,-0.005612430494205789,-0.011879146494531145,-0.010921683537559845
2008-10-30,213.81,191.28,220.47,76.19,-0.0065052739184982,-0.00036582179252675484,0.00018146350315295656,0.025989765688122723
2008-10-31,213.98,191.32,220.52,77.36,0.0007950984518965143,0.00020911752404839667,0.00022678822515542763,0.0153563459771624
2008-11-03,214.09,191.48,220.82,77.16,0.00051406673520904,0.0008362952122098477,0.0013604208235080684,-0.002585315408479838
2008-11-04,212.54,190.28,219.08,80.31,-0.007239945817179794,-0.006266973052015845,-0.007879721039760756,0.04082426127527228
2008-11-05,213.44,190.94,220.18,76.13,0.004234497035852103,0.0034685726298087083,0.0050209968961110185,-0.05204831278794675
2008-11-06,216.36,192.65,222.71,72.32,0.013680659670165074,0.008955692887818278,0.01149059860114443,-0.05004597399185606
2008-11-07,216.13,192.64,222.66,74.44,-0.0010630430763542975,-5.190760446416309e-05,-0.00022450720668143465,0.029314159292035402
2008-11-10,216.03,192.61,222.4,73.5,-0.00046268449544251133,-0.00015573089700982035,-0.0011676996317254718,-0.012627619559376635
2008-11-11,218.0,193.67,224.04,71.88,0.009119103828171937,0.005503348735787172,0.007374100719424348,-0.022040816326530654
2008-11-12,219.83,194.71,225.63,68.19,0.008394495412844094,0.0053699592089637704,0.007096946973754736,-0.05133555926544242
2008-11-13,219.39,194.38,225.29,72.91,-0.002001546649683994,-0.0016948282060500475,-0.0015068918140318521,0.06921836046341112
2008-11-14,218.87,194.01,224.75,69.89,-0.002370208304845134,-0.0019034880131700849,-0.0023969106484974523,-0.04142092991359203
2008-11-17,219.88,194.54,225.54,68.08,0.004614611413167546,0.0027318179475284143,0.0035150166852058184,-0.02589783946201174
2008-11-18,220.8,194.96,226.15,68.77,0.004184100418410219,0.00215893903567399,0.002704620023055826,0.010135135135135087
2008-11-19,221.84,195.41,226.78,64.57,0.004710144927536186,0.0023081657775954056,0.0027857616626132398,-0.06107314235858663
2008-11-20,225.02,196.78,229.07,60.24,0.01433465560764513,0.00701090015864092,0.010097892230355399,-0.06705900573021517
2008-11-21,224.88,196.65,228.93,64.06,-0.0006221669184961476,-0.0006606362435206403,-0.0006111668922162972,0.06341301460823368
2008-11-24,221.28,195.13,226.26,68.21,-0.016008537886872953,-0.007729468599033895,-0.011662953741318427,0.0647830159225724
2008-11-25,221.57,195.4,226.62,68.67,0.0013105567606652713,0.0013836929226669348,0.0015910898965791898,0.006743879196598801
2008-11-26,221.66,195.49,226.75,71.12,0.0004061921740308172,0.00046059365404294006,0.0005736475156650211,0.03567787971457692
2008-11-27,221.34,195.37,226.57,,-0.001443652440674903,-0.0006138421402629435,-0.00079382579933851,
2008-11-28,221.83,195.31,226.73,71.81,0.0022137887413029578,-0.0003071095869375817,0.0007061835194421828,
2008-12-01,224.73,197.01,229.36,65.4,0.013073073975566674,0.008704111412626059,0.01159970008380018,-0.08926333379752116
2008-12-02,225.68,197.47,230.23,68.02,0.004227294976193674,0.002334906857520025,0.003793163585629422,0.040061162079510604
2008-12-03,226.24,197.79,230.85,69.81,0.002481389578163684,0.0016204993163517756,0.002692959214698476,0.026315789473684292
2008-12-04,226.77,198.19,231.57,67.77,0.002342644978783559,0.00202234693361647,0.003118908382066188,-0.029222174473571227
2008-12-05,227.77,198.65,232.33,70.24,0.00440975437668123,0.002321005096119988,0.003281944984238061,0.036446805371108226
2008-12-08,224.61,197.34,230.2,72.95,-0.013873644465908552,-0.006594512962496912,-0.009167993801919794,0.038582004555808735
2008-12-09,225.28,197.66,230.68,71.27,0.00298294822136147,0.0016215668389580884,0.0020851433536055453,-0.023029472241261284
2008-12-10,224.23,197.33,230.2,72.12,-0.004660866477272818,-0.0016695335424465885,-0.0020808045777701567,0.01192647677844838
2008-12-11,223.71,197.32,229.87,70.09,-0.002319047406680541,-5.067653169832376e-05,-0.0014335360556037013,-0.028147531891292266
2008-12-12,224.07,197.4,230.29,70.58,0.001609226230387506,0.0004054327995135498,0.00182711967633864,0.006991011556570115
2008-12-15,223.82,197.47,230.38,69.69,-0.0011157227652073276,0.0003546099290778759,0.0003908115853923366,-0.012609804477189068
2008-12-16,223.23,197.98,230.63,73.27,-0.002636046823340177,0.0025826707854357256,0.0010851636426774114,0.05137035442674698
2008-12-17,223.59,198.46,231.14,72.57,0.001612686466872848,0.0024244873219518848,0.0022113341716167856,-0.009553705472908458
2008-12-18,224.2,198.76,231.74,71.03,0.002728207880495548,0.001511639625113359,0.002595829367483038,-0.021220890175003282
2008-12-19,225.43,198.74,231.97,71.24,0.0054861730597681735,-0.00010062386798137535,0.0009924915853973815,0.0029564972546809454
2008-12-22,225.58,198.76,232.07,69.95,0.0006653950228452388,0.00010063399416315733,0.00043109022718446077,-0.018107804604154842
2008-12-23,225.81,198.89,232.3,69.28,0.0010195939356325567,0.0006540551418796614,0.0009910802775026095,-0.009578270192995064
2008-12-24,225.67,198.89,232.34,69.71,-0.000619990257295977,0.0,0.0001721911321566072,0.006206697459584243
2008-12-25,225.65,198.78,232.11,,-8.86249833826902e-05,-0.0005530695359242666,-0.000989928552982633,
2008-12-26,225.13,198.88,232.27,70.09,-0.0023044538001329995,0.0005030687191869276,0.000689328335702788,
2008-12-29,225.55,199.14,232.69,69.84,0.0018655887709324581,0.0013073209975864586,0.0018082404098678229,-0.003566842630903122
2008-12-30,225.51,199.11,232.62,71.56,-0.00017734426956339533,-0.0001506477854774646,-0.00030082942971332294,0.024627720504009076
2008-12-31,224.3,198.53,231.51,72.57,-0.005365615715489214,-0.0029129626839435874,-0.004771730719628664,0.014114030184460447
2009-01-02,223.16,197.45,229.47,74.88,-0.005082478823004943,-0.005439983881529331,-0.008811714396786297,0.031831335262505256
2009-01-05,221.97,196.29,227.7,74.53,-0.005332496863237113,-0.005874905039250478,-0.00771342659171137,-0.004674145299145227
2009-01-06,219.65,195.11,225.79,75.11,-0.010451862864350958,-0.00601151357685048,-0.008388230127360563,0.0077821011673151474
2009-01-07,221.36,195.69,226.78,72.9,0.007785112679262518,0.0029726820767770334,0.00438460516409056,-0.029423512182132794
2009-01-08,222.72,196.54,228.23,73.15,0.006143838091796194,0.0043436046808726925,0.006393861892583175,0.003429355281207025
2009-01-09,223.83,197.09,228.83,71.59,0.004983836206896575,0.002798412536888284,0.002628926959646005,-0.02132604237867397
2009-01-12,226.61,198.43,230.98,69.98,0.012420140285037684,0.006798924349282087,0.009395621203513338,-0.02248917446570753
2009-01-13,227.67,198.77,231.67,70.11,0.004677639998234673,0.0017134505871088113,0.0029872716252490328,0.0018576736210345057
2009-01-14,228.79,199.58,232.76,67.77,0.00491940088724907,0.004075061629018384,0.004704968273837817,-0.033376123234916566
2009-01-15,228.52,199.47,232.64,67.86,-0.001180121508807086,-0.0005511574306042988,-0.0005155525004296724,0.0013280212483399723
2009-01-16,227.63,198.69,231.74,68.37,-0.003894626290915526,-0.003910362460520345,-0.0038686382393396945,0.0075154730327144925
2009-01-19,227.33,198.69,231.67,,-0.0013179282168430673,0.0,-0.00030206265642540586,
2009-01-20,229.29,200.14,233.71,64.76,0.008621827299520435,0.007297800593889958,0.008805628695990109,
2009-01-21,228.04,199.99,233.29,67.59,-0.005451611496358311,-0.0007494753672427912,-0.0017970989688075312,0.04369981470043238
2009-01-22,227.86,199.68,232.82,66.57,-0.0007893352043499835,-0.0015500775038752579,-0.002014659865403612,-0.015090989791389453
2009-01-23,227.27,199.55,232.24,66.93,-0.0025893092249626992,-0.0006510416666666297,-0.002491194914526207,0.005407841369986732
2009-01-26,226.22,198.54,230.45,67.3,-0.004620055440665349,-0.005061388123277499,-0.007707543920082771,0.005528163753174775
2009-01-27,226.75,198.88,230.98,68.04,0.002342852090885028,0.0017125012591920896,0.002299848123237247,0.010995542347697063
2009-01-28,225.66,197.85,229.78,70.33,-0.004807056229327422,-0.005179002413515654,-0.005195255000432941,0.03365667254556137
2009-01-29,226.13,198.28,230.28,68.0,0.0020827794026412327,0.002173363659337957,0.0021759944294541533,-0.03312953220531778
2009-01-30,226.24,198.89,230.79,66.46,0.0004864458497324531,0.0030764575347992373,0.002214695153725854,-0.022647058823529465
2009-02-02,227.24,199.33,231.67,66.42,0.004420084865629503,0.0022122781436977323,0.0038129901642185438,-0.0006018657839300667
2009-02-03,226.22,198.59,230.35,67.47,-0.004488646365076621,-0.0037124366628205063,-0.00569775974446407,0.015808491418247472
2009-02-04,225.98,198.07,229.49,67.02,-0.0010609141543630463,-0.0026184601440153443,-0.0037334490991968172,-0.0066696309470876125
2009-02-05,225.3,197.61,228.74,68.12,-0.003009115850960198,-0.0023224112687432186,-0.003268116257789,0.016413011041480186
2009-02-06,223.95,196.48,226.75,69.98,-0.005992010652463464,-0.005718334092404298,-0.008699833872519047,0.027304756312389822
2009-02-09,223.02,195.79,225.95,70.09,-0.004152712659075575,-0.0035118078175895295,-0.0035281146637266003,0.0015718776793369749
2009-02-10,226.04,197.51,228.71,66.64,0.013541386422742274,0.008784922621175806,0.012215091834476777,-0.04922242830646317
2009-02-11,227.04,198.64,230.2,67.2,0.004423995752964149,0.005721229304845199,0.006514800402255938,0.008403361344537785
2009-02-12,228.85,199.43,231.69,67.34,0.007972163495419293,0.003977043898510058,0.006472632493484065,0.002083333333333437
2009-02-13,227.38,198.57,230.51,66.67,-0.006423421455101552,-0.004312290026575849,-0.005093012214597126,-0.009949509949509938
2009-02-16,227.61,199.07,231.06,,0.0010115225613511747,0.002518003726645457,0.0023860136219686634,
2009-02-17,231.01,201.15,234.48,63.65,0.014937832256930683,0.010448585924549114,0.014801350298623728,
2009-02-18,230.93,200.99,234.32,63.6,-0.00034630535474644564,-0.0007954262987819316,-0.0006823609689525778,-0.0007855459544382493
2009-02-19,229.28,199.85,232.61,62.87,-0.007145022301130233,-0.005671923976317328,-0.007297712529873546,-0.011477987421383729
2009-02-20,230.56,200.51,234.24,62.17,0.005582693649685888,0.0033024768576432884,0.0070074373414728,-0.01113408620963885
2009-02-23,230.73,200.39,234.19,60.01,0.0007373351838999564,-0.0005984738915765231,-0.0002134562841530352,-0.03474344539166807
2009-02-24,229.59,199.88,233.18,62.42,-0.004940839942790265,-0.0025450371775038727,-0.004312737520816401,0.0401599733377771
2009-02-25,229.3,199.79,232.81,61.77,-0.0012631212160808536,-0.0004502701620973104,-0.0015867570117505947,-0.010413329061198295
2009-02-26,228.01,198.8,230.97,60.81,-0.005625817706061964,-0.004955202963111138,-0.0079034405738585,-0.015541525012141788
2009-02-27,228.81,199.21,232.03,59.38,0.0035086180430683456,0.002062374245472842,0.004589340607005221,-0.02351586910047687
2009-03-02,231.48,201.41,235.89,56.61,0.011669070407761772,0.011043622308116952,0.016635779856053023,-0.04664870326709336
2009-03-03,230.8,201.12,235.7,56.25,-0.0029376188007602666,-0.0014398490640981088,-0.0008054601721141363,-0.006359300476947549
2009-03-04,228.78,199.23,232.61,57.61,-0.008752166377816284,-0.00939737470167068,-0.013109885447602831,0.024177777777777854
2009-03-05,231.01,200.6,235.31,55.16,0.009747355538071378,0.006876474426542156,0.011607411547224888,-0.04252733900364525
2009-03-06,231.25,201.01,235.94,55.24,0.00103891606423967,0.002043868394815629,0.002677319280948609,0.0014503263234229014
2009-03-09,231.11,201.01,236.13,54.69,-0.0006054054054053237,0.0,0.0008052894803762811,-0.009956553222302711
2009-03-10,229.56,199.32,233.37,58.18,-0.0067067630132837674,-0.00840754191333759,-0.011688476686570914,0.06381422563539951
2009-03-11,229.07,199.08,233.04,58.34,-0.002134518208747216,-0.0012040939193256328,-0.0014140635043065064,0.0027500859401856648
2009-03-12,228.55,197.96,231.76,60.73,-0.002270048456803564,-0.005625879043600568,-0.005492619292825296,0.040966746657524755
2009-03-13,227.96,197.09,230.53,61.2,-0.002581492014876452,-0.004394827237825805,-0.0053072143596823995,0.0077391733904166315
2009-03-16,226.36,195.84,228.53,60.99,-0.007018775223723406,-0.006342280176569126,-0.008675660434650623,-0.0034313725490195957
2009-03-17,225.37,195.23,227.29,62.95,-0.004373564233963623,-0.003114787581699363,-0.005425983459502071,0.0321364158058699
2009-03-18,225.25,195.34,227.56,64.26,-0.000532457736167169,0.0005634379962096148,0.0011879097188614018,0.020810166799046792
2009-03-19,224.69,194.53,226.02,63.43,-0.0024861265260821552,-0.004146616156445182,-0.006767445948321238,-0.012916277622160077
2009-03-20,225.2,194.81,226.42,62.18,0.0022697939383149457,0.0014393666786614023,0.0017697548889477055,-0.019706763361185597
2009-03-23,222.91,193.3,223.55,66.59,-0.01016873889875658,-0.007751142138493816,-0.012675558696228162,0.070923126407205
2009-03-24,222.06,192.56,222.48,65.23,-0.0038131981517204316,-0.0038282462493534064,-0.004786401252516281,-0.02042348701006158
2009-03-25,221.95,192.34,222.39,65.86,-0.0004953616139782291,-0.0011425010386373335,-0.0004045307443365509,0.009658132760999472
2009-03-26,221.74,192.3,222.12,67.4,-0.000946159044829864,-0.00020796506186959718,-0.00121408336705775,0.02338293349529308
2009-03-27,223.65,192.93,223.39,66.04,0.008613691711012894,0.0032761310452418257,0.005717630109850491,-0.020178041543026715
2009-03-30,225.97,194.42,225.55,63.74,0.010373351218421645,0.007723008344995508,0.009669188414879848,-0.03482737734706243
2009-03-31,225.29,194.31,225.15,64.58,-0.0030092490153560414,-0.0005657854130233231,-0.001773442695632954,0.013178537809852564
2009-04-01,225.21,194.29,225.15,65.66,-0.0003550978738514621,-0.00010292831043179351,0.0,0.016723443790647163
2009-04-02,221.8,192.84,221.61,67.55,-0.015141423560232625,-0.007463070667558691,-0.015722851432378393,0.028784648187633266
2009-04-03,219.96,192.15,219.99,68.21,-0.008295761947700653,-0.0035780958307405353,-0.00731013943414105,0.00977054034048841
2009-04-06,219.95,192.17,220.02,67.65,-4.546281142037145e-05,0.00010408534998695984,0.00013636983499254463,-0.008209939891511309
2009-04-07,220.21,192.52,220.61,66.08,0.0011820868379177618,0.0018213040537025105,0.0026815744023269694,-0.023207686622320867
2009-04-08,220.47,192.67,220.68,66.86,0.0011806911584395507,0.0007791398296279617,0.0003173020261999504,0.01180387409200967
2009-04-09,219.65,192.4,220.26,69.4,-0.003719326892547725,-0.0014013598380649972,-0.0019032082653617222,0.037989829494466054
2009-04-10,219.64,192.39,220.23,,-4.5526974732590375e-05,-5.197505197518382e-05,-0.0001362026695723717,
2009-04-13,220.87,192.66,220.65,69.58,0.005600072846476234,0.0014033993450803806,0.0019070971257322267,
2009-04-14,220.84,192.25,220.34,68.19,-0.0001358265042785689,-0.002128101318384701,-0.0014049399501473436,-0.01997700488646159
2009-04-15,220.65,191.83,220.41,69.04,-0.000860351385618574,-0.0021846553966189397,0.0003176908414268542,0.012465170846165163
2009-04-16,219.77,191.68,220.17,70.12,-0.003988216632676123,-0.0007819423447844587,-0.0010888798148904755,0.015643105446118133
2009-04-17,217.83,191.21,219.16,70.47,-0.008827410474587016,-0.0024520033388981677,-0.004587364309397213,0.004991443240159654
2009-04-20,218.04,192.18,220.49,67.45,0.0009640545379423493,0.005072956435332898,0.006068625661617144,-0.04285511565205047
2009-04-21,217.81,192.03,220.38,68.89,-0.001054852320675037,-0.0007805182641273944,-0.0004988888384961365,0.021349147516678935
2009-04-22,217.37,191.74,219.59,68.37,-0.002020109269546877,-0.0015101807009321178,-0.003584717306470586,-0.007548265350558858
2009-04-23,218.17,191.27,219.24,69.05,0.0036803606753461615,-0.002451236048816141,-0.0015938795027096164,0.009945882697089292
2009-04-24,219.03,191.23,219.0,70.21,0.003941880185176716,-0.0002091284571549279,-0.0010946907498632363,0.016799420709630697
2009-04-27,217.88,191.02,219.81,69.51,-0.005250422316577685,-0.0010981540553259839,0.0036986301369863472,-0.009970089730807374
2009-04-28,217.6,190.71,219.54,69.32,-0.0012851110703139268,-0.0016228667155271381,-0.0012283335608025414,-0.002733419651848812
2009-04-29,219.84,190.78,219.54,70.82,0.010294117647058787,0.0003670494468039909,0.0,0.021638776687824546
2009-04-30,220.07,190.49,219.61,70.76,0.0010462154294030857,-0.0015200754796099725,0.0003188485014120612,-0.0008472182999150757
2009-05-01,220.69,189.94,218.73,71.15,0.0028172854091879085,-0.0028872906714263458,-0.004007103501662113,0.0055115884680609906
2009-05-04,221.68,189.89,218.05,73.55,0.004485930490733647,-0.0002632410234811866,-0.003108855666803745,0.03373155305692177
2009-05-05,222.46,189.92,218.18,73.28,0.003518585348249781,0.0001579862025382628,0.0005961935335931923,-0.0036709721278042062
2009-05-06,223.25,189.62,217.83,74.59,0.003551200215769157,-0.001579612468407654,-0.0016041800348336466,0.01787663755458513
2009-05-07,222.9,189.64,216.92,73.61,-0.0015677491601343574,0.00010547410610683983,-0.004177569664417291,-0.013138490414264736
2009-05-08,224.93,189.5,216.77,75.38,0.009107222969941597,-0.00073824087745189,-0.0006914991702008377,0.02404564597201464
2009-05-11,224.39,189.53,216.4,73.78,-0.0024007468990353553,0.00015831134564647797,-0.0017068782580615949,-0.021225789334040734
2009-05-12,224.37,189.46,215.9,73.71,-8.913053166359486e-05,-0.00036933466997302045,-0.002310536044362266,-0.0009487666034156961
2009-05-13,223.3,189.7,216.07,71.76,-0.004768908499353741,0.0012667581547554096,0.0007874015748030594,-0.026455026455026287
2009-05-14,223.82,190.0,216.48,72.51,0.002328705776981632,0.001581444385872599,0.00189753320683117,0.010451505016722429
2009-05-15,222.72,189.55,216.07,71.7,-0.004914663568939326,-0.002368421052631464,-0.0018939393939393367,-0.011170872983036872
2009-05-18,224.88,190.69,217.22,73.88,0.00969827586206895,0.006014244262727342,0.005322349238672697,0.030404463040446306
2009-05-19,226.51,191.32,217.91,73.77,0.007248310209889697,0.003303791494047914,0.0031765030844306263,-0.001488900920411429
2009-05-20,226.92,191.41,217.96,73.4,0.0018100746103923981,0.00047041605686803933,0.00022945252627226687,-0.005015588992815401
2009-05-21,226.99,191.41,218.11,72.19,0.00030847875903416977,0.0,0.0006881996696641579,-0.016485013623978362
2009-05-22,228.03,191.67,218.65,72.08,0.004581699634345071,0.0013583407345487686,0.002475814955756217,-0.0015237567530128615
2009-05-25,227.89,191.51,218.46,,-0.0006139543042582574,-0.0008347680909897015,-0.0008689686713926337,
2009-05-26,228.35,191.67,218.7,73.98,0.0020185177059108828,0.0008354655109392706,0.0010985992859102733,
2009-05-27,229.2,191.86,219.35,72.59,0.0037223560324064486,0.0009912871080504093,0.0029721079103794956,-0.018788861854555305
2009-05-28,229.59,191.78,219.09,73.72,0.0017015706806282616,-0.00041697070780788437,-0.0011853202644175331,0.01556688249070115
2009-05-29,230.97,192.99,220.69,74.72,0.006010714752384683,0.006309312754197549,0.007302934866949551,0.013564839934888662
2009-06-01,233.63,193.67,222.01,76.65,0.011516647183617001,0.003523498626871735,0.005981240654311382,0.025829764453961568
2009-06-02,234.69,194.38,222.92,76.8,0.004537088558832281,0.003666029844580976,0.004098914463312342,0.001956947162426559
2009-06-03,231.05,193.08,220.36,75.76,-0.015509821466615503,-0.006687930857083968,-0.011483940427058914,-0.013541666666666563
2009-06-04,232.53,193.28,220.85,76.65,0.0064055399264228985,0.0010358400662937584,0.0022236340533672294,0.011747624076029473
2009-06-05,231.01,191.72,218.33,76.46,-0.006536790951705229,-0.008071192052980125,-0.011410459587955502,-0.0024787997390738337
2009-06-08,229.82,190.59,216.45,76.4,-0.005151292151854836,-0.005894012100980617,-0.008610818485778493,-0.0007847240387128807
2009-06-09,231.4,191.53,218.01,76.67,0.006874945609607552,0.004932053098273714,0.007207207207207134,0.003534031413612526
2009-06-10,231.6,191.84,218.86,76.41,0.0008643042350906516,0.0016185453975878783,0.0038989037200130028,-0.003391156906221493
2009-06-11,233.36,192.64,220.06,76.89,0.007599309153713429,0.004170141784820558,0.005482957141551559,0.006281900274833108
2009-06-12,231.58,191.73,218.57,77.0,-0.007627699691463818,-0.004723837209302362,-0.006770880668908519,0.0014306151645206988
2009-06-15,228.19,189.74,214.81,75.17,-0.014638569824682701,-0.010379179053877752,-0.017202726815207847,-0.02376623376623377
2009-06-16,227.93,189.5,214.27,74.22,-0.0011394013760462895,-0.0012648887951934862,-0.0025138494483496476,-0.01263802048689644
2009-06-17,227.49,189.22,213.84,74.12,-0.0019304172333610703,-0.0014775725593667577,-0.002006813833014487,-0.001347345728913929
2009-06-18,227.94,189.95,214.7,74.75,0.0019781089278649855,0.003857943134975006,0.0040216984661427535,0.008499730167296216
2009-06-19,227.69,189.81,214.48,74.98,-0.0010967798543476404,-0.0007370360621214989,-0.0010246856078248712,0.0030769230769231992
2009-06-22,224.83,188.43,211.8,72.7,-0.012560938117615938,-0.007270428323059908,-0.012495337560611608,-0.03040810882902112
2009-06-23,225.57,188.87,212.46,72.87,0.0032913757060890614,0.0023350846468184194,0.003116147308781958,0.002338376891334315
2009-06-24,225.51,189.01,213.03,73.35,-0.0002659928181939497,0.0007412505956476689,0.002682857949731776,0.006587072869493449
2009-06-25,225.91,189.75,213.82,74.92,0.0017737572613187869,0.003915136765250571,0.0037083978782330718,0.021404226312201846
2009-06-26,225.7,189.61,213.73,74.82,-0.0009295737240494484,-0.0007378129117259213,-0.0004209147881395481,-0.0013347570742126003
2009-06-29,226.05,189.87,214.2,75.51,0.001550731058927779,0.00137123569431985,0.002199036167126689,0.00922213311948683
2009-06-30,224.87,189.56,213.8,74.87,-0.0052200840522008685,-0.0016326960551956704,-0.0018674136321193968,-0.008475698582969149
2009-07-01,225.71,189.47,214.4,75.2,0.00373549161737885,-0.00047478370964337824,0.00280636108512633,0.00440763990917592
2009-07-02,222.56,189.18,213.67,73.01,-0.013955961189136556,-0.0015305853169367278,-0.0034048507462687283,-0.029122340425531856
2009-07-03,222.43,189.14,213.58,,-0.0005841121495326895,-0.00021143884131524793,-0.0004212102775306148,
2009-07-06,220.67,188.99,213.0,73.2,-0.007912601717394274,-0.0007930633393252728,-0.0027156100758498614,
2009-07-07,219.56,188.84,212.17,71.76,-0.0050301354964426,-0.0007936927879782507,-0.003896713615023528,-0.01967213114754096
2009-07-08,216.08,188.63,211.33,71.68,-0.015849881581344483,-0.0011120525312434681,-0.003959089409435679,-0.0011148272017836858
2009-07-09,218.25,188.57,211.56,71.94,0.010042576823398708,-0.00031808301966818053,0.001088345242038491,0.0036272321428569843
2009-07-10,216.87,188.49,211.45,71.65,-0.006323024054982751,-0.00042424563822440753,-0.0005199470599357436,-0.004031137058659873
2009-07-13,217.28,188.54,211.09,73.44,0.001890533499331326,0.00026526606186005885,-0.0017025301489713707,0.02498255408234451
2009-07-14,218.12,187.86,210.44,73.83,0.0038659793814432852,-0.003606661716346604,-0.003079255293950478,0.00531045751633985
2009-07-15,221.67,187.7,210.8,76.02,0.016275444709334286,-0.0008516980730332024,0.0017107013875690136,0.02966273872409597
2009-07-16,221.8,187.57,210.52,76.68,0.0005864573465061973,-0.0006925945657965116,-0.0013282732447817969,0.008681925808997848
2009-07-17,222.61,187.12,210.27,76.65,0.0036519386834985568,-0.0023991043343817298,-0.0011875356260687697,-0.00039123630672932563
2009-07-20,224.1,187.66,211.03,77.53,0.006693320156327065,0.002885848653270573,0.0036144005326483875,0.011480756686236049
2009-07-21,223.82,188.0,211.51,77.81,-0.0012494422132975913,0.001811787274858867,0.0022745581196985665,0.0036115052237843948
2009-07-22,224.79,188.08,211.89,77.79,0.004333839692610031,0.00042553191489358433,0.0017966053614486555,-0.00025703637064644624
2009-07-23,225.59,187.42,211.72,79.6,0.003558877174251629,-0.003509145044661932,-0.0008023030817876364,0.023267772207224313
2009-07-24,225.91,187.47,212.04,79.84,0.0014185025932000883,0.00026678049301032125,0.0015114301908181194,0.0030150753768845018
2009-07-27,226.17,187.49,212.27,80.08,0.0011509008012040578,0.00010668373606459447,0.0010847009998113943,0.0030060120240480437
2009-07-28,226.34,187.65,212.34,79.87,0.000751646991201449,0.0008533788468718662,0.000329768690818355,-0.002622377622377492
2009-07-29,225.21,187.0,211.04,79.52,-0.004992489175576598,-0.0034638955502265256,-0.006122256758029576,-0.004382120946538226
2009-07-30,226.54,187.78,212.81,80.47,0.005905599218507085,0.0041711229946523876,0.008387035633055318,0.01194668008048283
2009-07-31,227.58,188.9,214.2,80.53,0.004590800741590906,0.005964426456491756,0.006531647948874619,0.0007456194855226528
2009-08-03,228.68,189.1,215.23,81.77,0.004833465155110295,0.001058761249338236,0.004808590102707733,0.015397988327331413
2009-08-04,228.51,188.9,215.2,82.01,-0.0007433968864789531,-0.0010576414595451222,-0.00013938577335870228,0.002935061758591262
2009-08-05,228.86,188.67,215.33,81.8,0.001531661634064152,-0.00121757543673906,0.0006040892193308611,-0.002560663333739832
2009-08-06,228.61,188.48,215.05,81.35,-0.0010923708817617284,-0.001007049345417954,-0.0013003297264663205,-0.005501222493887514
2009-08-07,228.36,188.53,215.72,82.45,-0.001093565460828505,0.00026528013582338694,0.0031155545222041336,0.013521819299324056
2009-08-10,228.19,188.42,215.57,82.18,-0.0007444386057103847,-0.0005834615180608793,-0.0006953458186538253,-0.003274711946634312
2009-08-11,227.9,187.71,214.21,81.16,-0.0012708707655900708,-0.003768177475851675,-0.006308855592150997,-0.012411779021659908
2009-08-12,229.04,188.5,215.95,82.12,0.005002193944712463,0.004208619679292536,0.008122870080761846,0.011828486939379212
2009-08-13,229.99,189.62,217.52,82.7,0.004147747118407263,0.005941644562334147,0.007270201435517487,0.007062834875791513
2009-08-14,228.68,187.95,214.52,81.99,-0.005695899821731354,-0.008807087859930451,-0.013791835233541772,-0.008585247883917901
2009-08-17,226.63,186.23,210.66,80.02,-0.0089644918663635,-0.009151370045224816,-0.017993660264777223,-0.024027320404927388
2009-08-18,227.78,186.82,212.16,80.84,0.0050743502625425485,0.003168125436288527,0.007120478496154936,0.010247438140464915
2009-08-19,228.62,187.58,213.15,81.41,0.003687768899815591,0.004068086928594505,0.0046662895927602754,0.007050964868876797
2009-08-20,228.89,188.29,214.24,82.31,0.0011809990377043,0.003785051711269638,0.005113769645789468,0.011055152929615675
2009-08-21,230.31,189.45,216.21,83.85,0.006203853379352697,0.006160709543788778,0.009195294996265924,0.018709755801239014
2009-08-24,230.54,190.31,217.42,83.81,0.0009986539881028378,0.004539456320929114,0.005596410896813175,-0.0004770423375073385
2009-08-25,230.07,190.4,217.25,84.01,-0.0020386917671553206,0.00047291261625770353,-0.0007818967896237039,0.0023863500775564983
2009-08-26,229.45,189.83,216.29,84.03,-0.002694832007649861,-0.002993697478991586,-0.0044188722669735725,0.00023806689679806148
2009-08-27,230.36,189.97,216.92,84.27,0.003966005665722472,0.0007375019754516376,0.0029127560220074677,0.002856122813280848
2009-08-28,230.98,190.94,218.65,84.11,0.002691439486021796,0.005106069379375633,0.007975290429651505,-0.001898659072030351
2009-08-31,230.34,190.57,217.56,83.44,-0.002770802666897554,-0.0019377815020426015,-0.0049851360621998575,-0.007965759124955452
2009-09-01,228.65,189.18,214.97,81.6,-0.007336980116349756,-0.007293907750432815,-0.011904761904761973,-0.02205177372962608
2009-09-02,229.37,189.5,215.77,81.35,0.003148917559588904,0.0016915107305210952,0.003721449504582086,-0.0030637254901960675
2009-09-03,229.83,190.09,216.87,82.05,0.002005493307756012,0.0031134564643799933,0.005098021040923273,0.008604794099569713
2009-09-04,231.34,190.5,217.76,83.13,0.006570073532611076,0.0021568730601293495,0.004103841010743681,0.013162705667276065
2009-09-07,231.59,190.74,218.13,,0.0010806604996973501,0.0012598425196850283,0.0016991182953711714,
2009-09-08,233.32,192.24,220.35,83.88,0.007470098018049098,0.00786410821012895,0.010177417136569833,
2009-09-09,232.89,192.18,220.22,84.53,-0.0018429624549974877,-0.0003121098626717167,-0.0005899705014749124,0.007749165474487452
2009-09-10,233.76,192.71,220.92,85.42,0.003735669200051639,0.0027578311999167937,0.0031786395422759295,0.010528806340944108
2009-09-11,234.34,193.81,222.14,85.32,0.002481177275838631,0.005708058741113575,0.005522361035668943,-0.001170686022008982
2009-09-14,233.23,192.97,220.63,85.86,-0.004736707348297453,-0.004334141685155557,-0.006797515080579797,0.006329113924050667
2009-09-15,233.06,192.83,220.65,86.13,-0.0007288942245851082,-0.0007255013732704318,9.064950369408464e-05,0.0031446540880502027
2009-09-16,234.32,193.86,222.81,87.45,0.005406333133098684,0.005341492506352852,0.009789259007477957,0.01532567049808442
2009-09-17,234.44,194.04,223.04,87.2,0.0005121201775351025,0.0009285051067779992,0.0010322696467841563,-0.002858776443682154
2009-09-18,233.15,193.11,221.41,87.43,-0.005502473980549372,-0.004792826221397539,-0.007308106169297002,0.002637614678899114
2009-09-21,232.08,192.37,220.37,87.13,-0.004589320180141465,-0.003832012842421517,-0.00469716814958665,-0.0034313164817569852
2009-09-22,234.02,193.89,222.88,87.71,0.00835918648741818,0.007901439933461374,0.011389935109134663,0.006656719843911363
2009-09-23,234.24,193.66,222.37,86.82,0.0009400905905478929,-0.0011862396204033177,-0.002288226848528363,-0.0101470755900126
2009-09-24,232.17,192.54,219.65,86.01,-0.008837090163934525,-0.005783331612103759,-0.012231865809236853,-0.009329647546648112
2009-09-25,232.32,193.2,220.23,85.49,0.000646078304690656,0.003427859146151402,0.002640564534486689,-0.006045808626903959
2009-09-28,233.05,194.24,221.46,87.02,0.003142217630853983,0.0053830227743272285,0.005585070153930172,0.017896830038601097
2009-09-29,233.18,193.9,221.24,86.83,0.0005578202102551888,-0.0017504118616145092,-0.0009934073873385518,-0.0021834061135370675
2009-09-30,235.04,194.7,222.79,86.55,0.00797667038339478,0.00412583806085598,0.007005966371361305,-0.0032246919267534535
2009-10-01,234.48,193.76,220.67,84.32,-0.0023825731790333426,-0.004827940421160748,-0.009515687418645391,-0.02576545349508963
2009-10-02,234.29,193.42,219.54,83.95,-0.0008103036506311723,-0.0017547481420313593,-0.005120768568450562,-0.004388045540796859
2009-10-05,236.05,195.28,222.53,85.2,0.00751205770626151,0.009616378864647057,0.01361938598888579,0.014889815366289527
2009-10-06,237.26,196.74,224.93,86.37,0.005126032620207388,0.007476444080295019,0.010785062688176916,0.01373239436619711
2009-10-07,237.15,197.01,225.32,86.65,-0.0004636264014160618,0.0013723696248855166,0.0017338727604143678,0.003241866388792314
2009-10-08,238.3,198.33,227.37,87.29,0.004849251528568521,0.006700167504187782,0.009098171489437368,0.007386035776110855
2009-10-09,234.93,195.82,223.41,87.79,-0.014141838019303465,-0.01265567488529229,-0.01741654571843254,0.0057280329934701335
2009-10-12,235.72,196.72,224.62,88.17,0.0033627037841059693,0.004596057603921899,0.005416051206302397,0.004328511219956699
2009-10-13,237.11,196.91,225.0,87.93,0.005896826743594152,0.0009658397722651646,0.0016917460600125445,-0.002722014290574948
2009-10-14,237.49,197.6,226.42,89.48,0.0016026316899329096,0.0035041389467269646,0.006311111111111156,0.017627658364608223
2009-10-15,236.53,196.88,225.8,89.85,-0.004042275464230083,-0.003643724696356321,-0.0027382740040631237,0.004135002235136298
2009-10-16,235.9,196.05,224.45,89.12,-0.0026635099141757435,-0.004215765948801242,-0.005978742249778679,-0.008124652198107873
2009-10-19,236.99,197.18,226.45,89.96,0.00462060194997882,0.005763835756184665,0.008910670527957132,0.009425493716337385
2009-10-20,237.15,197.08,226.04,89.4,0.0006751339718975569,-0.0005071508266558666,-0.0018105542062265556,-0.00622498888394829
2009-10-21,236.8,197.31,226.9,88.62,-0.0014758591608686755,0.0011670387659832304,0.0038046363475492395,-0.008724832214765166
2009-10-22,235.8,196.58,225.76,89.57,-0.004222972972973027,-0.003699761796158274,-0.005024239753195325,0.010719927781539074
2009-10-23,234.43,195.93,224.57,88.48,-0.005810008481764273,-0.0033065418659070644,-0.005271084337349352,-0.012169253098135435
2009-10-26,232.03,193.97,221.2,87.45,-0.010237597577101964,-0.010003572704537333,-0.015006456784076305,-0.011641048824593159
2009-10-27,233.94,193.87,221.31,87.16,0.008231694177476934,-0.0005155436407691116,0.0004972875226041396,-0.0033161806746713207
2009-10-28,231.7,191.08,216.86,85.46,-0.00957510472770795,-0.01439108681074941,-0.020107541457683786,-0.019504359798072524
2009-10-29,233.15,193.02,220.09,87.4,0.00625809236081154,0.010152815574628438,0.01489440191828817,0.022700678680084296
2009-10-30,232.04,191.2,216.24,84.94,-0.004760883551361839,-0.00942907470728438,-0.017492843836612315,-0.028146453089244905
2009-11-02,232.87,191.48,216.98,85.49,0.0035769694880194436,0.0014644351464434546,0.0034221235664075866,0.006475158935719261
2009-11-03,233.55,191.65,217.43,85.7,0.0029200841671319644,0.0008878211823690751,0.0020739238639506663,0.002456427652357096
2009-11-04,234.34,193.05,219.98,85.82,0.0033825733247698775,0.0073049830420037765,0.011727912431586995,0.0014002333722284988
2009-11-05,233.22,192.62,219.45,87.48,-0.004779380387471166,-0.002227402227402253,-0.002409309937267068,0.01934281053367526
2009-11-06,233.27,192.66,219.32,87.71,0.00021438984649702064,0.00020766275568462333,-0.0005923900660742554,0.002629172382258682
2009-11-09,236.82,194.56,223.04,89.68,0.015218416427315917,0.009861932938856066,0.016961517417472205,0.022460380800364943
2009-11-10,237.34,194.45,222.91,89.7,0.0021957604932016928,-0.0005653782894737835,-0.0005828550932568399,0.00022301516503109298
2009-11-11,238.56,194.89,224.07,90.15,0.005140305047611093,0.002262792491643184,0.005203893948230176,0.0050167224080268635
2009-11-12,237.14,193.49,221.81,89.24,-0.005952380952381042,-0.007183539432500274,-0.010086133797473917,-0.010094287298946347
2009-11-13,238.11,193.92,222.54,89.75,0.00409041072784011,0.002222337071683178,0.0032911049997745856,0.005714926042133639
2009-11-16,242.32,196.42,227.17,91.07,0.017680903783965363,0.012891914191419218,0.020805248494652595,0.014707520891364734
2009-11-17,241.8,195.95,226.35,91.16,-0.0021459227467810482,-0.002392831687200836,-0.003609631553462167,0.0009882507960909948
2009-11-18,242.3,196.55,227.55,91.13,0.0020678246484697738,0.003062005613676977,0.005301524188204176,-0.00032909170688899536
2009-11-19,241.23,195.16,225.21,89.91,-0.004416013206768543,-0.007071991859577742,-0.01028345418589327,-0.013387468451662499
2009-11-20,240.0,194.62,224.08,89.64,-0.0050988682999626445,-0.0027669604427136285,-0.005017539185648956,-0.0030030030030029353
2009-11-23,241.7,195.43,226.23,90.86,0.00708333333333333,0.004161956633439434,0.009594787575865737,0.013609995537706476
2009-11-24,242.0,195.36,226.07,90.82,0.0012412081092263438,-0.0003581845161950703,-0.0007072448393228292,-0.0004402377283734271
2009-11-25,244.94,196.77,228.24,91.24,0.012148760330578545,0.0072174447174446765,0.009598796832839485,0.004624532041400675
2009-11-26,245.37,196.66,227.67,,0.0017555319670123914,-0.0005590283071607027,-0.0024973711882230187,
2009-11-27,242.81,195.34,225.44,89.69,-0.010433223295431393,-0.006712091935319853,-0.009794878552290553,
2009-11-30,244.49,196.37,227.42,90.04,0.006918990156912885,0.005272857581652524,0.008782824698367664,0.0039023302486342892
2009-12-01,247.34,198.04,230.99,91.13,0.011656918483373468,0.00850435402556382,0.015697827807580778,0.012105730786317048
2009-12-02,245.7,197.47,230.49,91.17,-0.006630549041804823,-0.0028782064229447846,-0.0021645958699511025,0.0004389333918579652
2009-12-03,244.93,196.92,229.91,90.41,-0.0031339031339030488,-0.0027852331999798086,-0.0025163781508960037,-0.008336075463420078
2009-12-04,239.1,192.85,224.62,90.91,-0.023802719144245366,-0.02066829169205764,-0.023009003523117744,0.00553036168565435
2009-12-07,239.85,192.97,224.44,90.69,0.0031367628607277265,0.0006222452683433133,-0.0008013533968480591,-0.0024199758002420024
2009-12-08,238.81,192.71,223.16,89.77,-0.0043360433604335835,-0.0013473596932165322,-0.005703083229370853,-0.010144448119969174
2009-12-09,238.38,192.41,222.58,90.11,-0.0018005946149659557,-0.0015567432930310154,-0.0025990320846028814,0.0037874568341316195
2009-12-10,237.64,191.68,221.8,90.64,-0.0031042872724221793,-0.003793981601787788,-0.0035043579836463445,0.005881700144268143
2009-12-11,236.15,191.19,221.36,90.99,-0.006269988217471711,-0.0025563439065109383,-0.0019837691614066344,0.0038614298323036422
2009-12-14,237.43,192.13,222.78,91.63,0.00542028371797576,0.004916575134682688,0.006414889772316634,0.007033739971425534
2009-12-15,235.5,190.89,221.0,91.12,-0.00812871162026707,-0.006453963462239143,-0.007989945237454,-0.0055658627087197265
2009-12-16,237.49,191.86,223.25,91.23,0.008450106157112502,0.00508146052700531,0.010180995475113086,0.0012071992976294688
2009-12-17,236.18,191.12,221.71,90.15,-0.005516021727230647,-0.003856979047221931,-0.006898096304591261,-0.011838211114764907
2009-12-18,236.21,190.88,221.44,90.68,0.0001270217630620074,-0.0012557555462536785,-0.0012178070452393275,0.00587909040488066
2009-12-21,233.48,190.02,220.47,91.63,-0.011557512383049029,-0.004505448449287464,-0.004380419075144526,0.010476400529333851
2009-12-22,231.88,189.57,219.7,91.96,-0.006852835360630416,-0.002368171771392591,-0.0034925386673924086,0.0036014405762305746
2009-12-23,232.73,189.94,220.58,92.19,0.003665689149560114,0.001951785620087687,0.004005461993627835,0.002501087429317206
2009-12-24,232.75,190.42,221.17,92.68,8.593649293175964e-05,0.002527113825418592,0.002674766524616734,0.005315110098709219
2009-12-25,232.64,190.38,221.13,,-0.00047261009667032283,-0.00021006196828055046,-0.00018085635484010876,
2009-12-28,232.09,190.27,220.95,92.8,-0.002364167812929807,-0.0005777917848512892,-0.0008140008140008481,
2009-12-29,231.65,190.48,221.37,92.68,-0.0018958162781679277,0.0011036947495663973,0.0019008825526138917,-0.001293103448275712
2009-12-30,230.74,190.05,220.51,92.71,-0.003928340168357414,-0.0022574548509028958,-0.0038848985860776564,0.00032369443245561236
2009-12-31,230.77,189.99,220.4,91.78,0.0001300164687527694,-0.00031570639305444903,-0.0004988435898598542,-0.010031280336533221
2010-01-01,230.76,190.16,220.83,,-4.333318888949389e-05,0.0008947839359965126,0.0019509981851180136,
2010-01-04,233.77,191.84,224.23,93.25,0.013043855087536915,0.008834665544804388,0.015396458814472602,
2010-01-05,235.38,192.4,225.36,93.55,0.006887111263207402,0.0029190992493743906,0.005039468402979086,0.0032171581769435686
2010-01-06,236.3,193.6,227.58,93.64,0.0039085733707198145,0.006237006237006071,0.00985090521831733,0.0009620523784072965
2010-01-07,235.69,193.23,226.44,94.02,-0.002581464240372422,-0.0019111570247933862,-0.005009227524387039,0.004058094831268733
2010-01-08,236.78,193.34,226.84,94.29,0.004624718910433145,0.0005692697821249038,0.0017664723547077266,0.002871729419272606
2010-01-11,236.88,193.53,227.73,94.45,0.0004223329673114229,0.000982724733629814,0.003923470287427122,0.0016968925654894385
2010-01-12,234.68,191.95,225.12,93.57,-0.009287402904424091,-0.008164108923681135,-0.011460940587537771,-0.009317098994176876
2010-01-13,235.3,191.72,225.09,94.36,0.0026418953468552164,-0.0011982287053919904,-0.00013326226012788656,0.008442876990488513
2010-01-14,235.62,192.46,226.67,94.59,0.001359966000849866,0.0038597955351555857,0.007019414456439499,0.002437473505722876
2010-01-15,234.01,191.55,224.24,93.57,-0.006833036244801027,-0.004728255221864264,-0.010720430581903084,-0.01078338090707276
2010-01-18,234.15,191.61,224.63,,0.0005982650314089177,0.0003132341425216012,0.0017392079914377856,
2010-01-19,234.55,192.39,226.26,94.74,0.0017083066410421566,0.004070768749021347,0.007256377153541438,
2010-01-20,231.91,190.3,221.76,93.75,-0.01125559582178648,-0.010863350485991852,-0.019888623707239428,-0.010449651678277383
2010-01-21,230.09,189.37,219.04,91.97,-0.007847872019317803,-0.004887020493956951,-0.012265512265512313,-0.018986666666666707
2010-01-22,228.15,187.95,216.63,89.94,-0.008431483332609013,-0.007498547816444101,-0.011002556610664738,-0.022072414917908012
2010-01-25,228.76,187.92,217.0,90.35,0.002673679596756351,-0.00015961691939347933,0.0017079813506901687,0.004558594618634615
2010-01-26,227.65,187.67,216.23,89.97,-0.004852246896310475,-0.0013303533418476121,-0.003548387096774186,-0.004205866076369635
2010-01-27,225.01,186.49,213.67,90.41,-0.011596749396002748,-0.006287632546491118,-0.011839245248115415,0.004890519061909515
2010-01-28,225.08,186.29,212.57,89.35,0.00031109728456524266,-0.0010724435626575657,-0.00514812561426492,-0.011724366773587014
2010-01-29,223.99,186.15,211.95,88.48,-0.004842722587524495,-0.0007515164528422158,-0.0029166862680528594,-0.009736989367655213
2010-02-01,225.64,186.3,212.67,89.74,0.007366400285726993,0.0008058017727639033,0.003397027600849256,0.014240506329113778
2010-02-02,226.95,186.45,213.27,90.9,0.005805708207764493,0.0008051529790658041,0.002821272393849661,0.012926231334967841
2010-02-03,226.2,186.07,212.25,90.44,-0.0033046926635822427,-0.0020380799141860306,-0.004782669855113331,-0.005060506050605151
2010-02-04,222.71,185.86,210.11,87.62,-0.015428824049513623,-0.0011286075133013496,-0.010082449941107074,-0.031180893409995525
2010-02-05,222.55,186.14,209.67,87.88,-0.0007184230613802578,0.001506510276552131,-0.0020941411641521857,0.0029673590504450953
2010-02-08,222.34,185.67,209.41,87.13,-0.0009436081779375938,-0.0025249811969485503,-0.0012400438784756496,-0.008534365043240788
2010-02-09,222.84,185.89,210.44,88.27,0.002248808131690261,0.0011848979372004464,0.004918580774557091,0.01308389762423956
2010-02-10,221.48,185.15,209.4,88.09,-0.006103033566684624,-0.003980848889127864,-0.00494202623075457,-0.002039197915486457
2010-02-11,222.54,185.83,211.36,88.96,0.0047859851905363016,0.0036726978125845022,0.00936007640878711,0.009876262912929867
2010-02-12,224.23,186.38,212.25,88.73,0.007594140379257652,0.0029596943442931067,0.004210825132475282,-0.0025854316546761735
2010-02-15,224.38,186.47,212.45,,0.0006689559826964508,0.0004828844296598245,0.000942285041224844,
2010-02-16,223.43,186.9,214.01,90.34,-0.004233888938408037,0.002306000965302868,0.007342904212755963,
2010-02-17,223.36,186.93,213.91,90.74,-0.00031329722955730777,0.0001605136436597654,-0.000467267884678213,0.004427717511622742
2010-02-18,223.0,187.16,214.31,91.34,-0.0016117478510029315,0.0012304071042634757,0.0018699453040997849,0.006612298875909195
2010-02-19,222.54,187.15,214.01,91.56,-0.002062780269058373,-5.343022013248877e-05,-0.0013998413513135466,0.002408583315086421
2010-02-22,221.85,186.84,213.7,91.46,-0.00310056619034782,-0.0016564253272776108,-0.0014485304425027046,-0.001092179991262654
2010-02-23,224.82,187.09,213.31,90.36,0.013387423935091292,0.0013380432455576408,-0.0018249883013570223,-0.01202711567898529
2010-02-24,224.96,187.46,214.37,91.25,0.0006227203985411656,0.0019776578117483012,0.004969293516478457,0.009849490925188054
2010-02-25,228.21,187.77,214.62,91.09,0.014447012802276005,0.0016536861197056218,0.0011662079582031026,-0.0017534246575342527
2010-02-26,226.47,188.56,216.13,91.22,-0.007624556329696386,0.004207274857538357,0.0070356909887241414,0.0014271599516961775
2010-03-01,227.62,189.68,217.72,92.15,0.005077935267364442,0.005939753924480318,0.007356683477536707,0.010195132646349636
2010-03-02,227.72,190.46,219.25,92.36,0.0004393287057375961,0.004112188949810136,0.007027374609590353,0.002278893109061153
2010-03-03,226.28,190.23,219.11,92.41,-0.006323555243281209,-0.0012076026462249922,-0.0006385404789053251,0.0005413598960588573
2010-03-04,227.76,189.98,218.83,92.76,0.006540569206292979,-0.0013141986016926843,-0.0012778969467390766,0.0037874688886485597
2010-03-05,226.39,190.17,219.99,94.06,-0.006015103617843409,0.0010001052742394378,0.005300918521226494,0.014014661492022462
2010-03-08,226.12,190.33,220.23,94.06,-0.0011926321834002662,0.0008413524741022194,0.001090958679939913,0.0
2010-03-09,226.82,191.07,221.4,94.23,0.0030957013974879377,0.0038879840277412647,0.005312627707396933,0.0018073570061662991
2010-03-10,225.32,190.72,220.86,94.67,-0.006613173441495479,-0.0018317893965562604,-0.0024390243902439046,0.004669425872864341
2010-03-11,224.79,190.03,219.8,95.08,-0.00235221018995202,-0.003617869127516715,-0.004799420447342273,0.0043308334213583155
2010-03-12,223.7,189.84,219.37,95.06,-0.004848970149917697,-0.0009998421301899985,-0.0019563239308462155,-0.00021034917963813626
2010-03-15,224.21,189.6,218.79,95.11,0.002279839070183476,-0.0012642225031606058,-0.0026439349044993232,0.0005259835893118847
2010-03-16,224.96,190.85,221.54,95.85,0.0033450782748316588,0.006592827004219481,0.012569130216188995,0.007780464725055225
2010-03-17,225.18,192.35,224.28,96.41,0.0009779516358463525,0.007859575582918499,0.012367969666877254,0.005842462180490449
2010-03-18,224.65,192.1,223.71,96.38,-0.002353672617461555,-0.0012997140629061876,-0.002541466024612027,-0.0003111710403485013
2010-03-19,224.15,191.15,221.79,95.89,-0.0022256843979523433,-0.004945340968245615,-0.008582539895400365,-0.005084042332434091
2010-03-22,225.31,191.6,222.61,96.38,0.005175105955833148,0.002354172116139086,0.003697191036566183,0.0051100219000939084
2010-03-23,226.75,192.56,224.29,97.08,0.006391194354445018,0.005010438413361129,0.007546830780288394,0.007262917617762987
2010-03-24,224.59,191.54,221.45,96.55,-0.009525909592061677,-0.005297050270045789,-0.012662178429711513,-0.005459414915533589
2010-03-25,224.15,191.59,221.81,96.39,-0.0019591255176099054,0.0002610420799833424,0.0016256491307293786,-0.0016571724495080264
2010-03-26,223.57,190.93,220.95,96.46,-0.002587552977916574,-0.003444856203350888,-0.0038771921915152774,0.000726216412490821
2010-03-29,224.14,192.75,224.79,97.02,0.002549537057744855,0.009532289320693499,0.01737949762389679,0.005805515239477588
2010-03-30,224.58,193.27,225.55,97.04,0.0019630588025343343,0.002697795071336051,0.003380933315539014,0.00020614306328603504
2010-03-31,226.44,193.6,226.72,96.72,0.008282126636387943,0.0017074558907226312,0.005187319884726094,-0.0032976092333059093
2010-04-01,227.23,194.76,228.84,97.44,0.00348878290054766,0.005991735537190124,0.009350741002117191,0.007444168734491274
2010-04-02,227.64,194.86,228.99,,0.0018043392157724991,0.0005134524543028984,0.0006554798112219373,
2010-04-05,227.76,195.67,230.2,98.22,0.0005271481286241997,0.004156830545006596,0.005284073540329226,
2010-04-06,228.13,196.36,231.31,98.38,0.0016245170354760585,0.003526345377421247,0.004821894005212934,0.0016289961311342083
2010-04-07,227.96,196.19,230.72,97.85,-0.0007451891465392046,-0.0008657567732736071,-0.002550689550819274,-0.005387273836145567
2010-04-08,229.38,195.92,230.76,98.18,0.006229163011054473,-0.0013762169325653995,0.0001733703190014424,0.003372508942258712
2010-04-09,227.24,196.06,231.13,98.84,-0.00932949690469953,0.0007145773785219856,0.001603397469232215,0.006722346710124283
2010-04-12,226.33,195.59,230.57,99.02,-0.004004576659038861,-0.002397225339181852,-0.0024228788993206907,0.001821125050586625
2010-04-13,225.98,194.81,229.44,99.09,-0.0015464145274599606,-0.0039879339434530925,-0.004900897775079183,0.0007069278933549139
2010-04-14,227.38,196.4,232.6,100.2,0.0061952385166830215,0.008161798675632603,0.013772663877266389,0.01120193763245525
2010-04-15,228.08,197.19,234.21,100.28,0.003078546925850967,0.004022403258655771,0.006921754084264986,0.0007984031936127955
2010-04-16,226.02,195.42,230.12,98.66,-0.009031918625043822,-0.008976114407424407,-0.01746296059092267,-0.016154766653370567
2010-04-19,226.7,194.27,228.41,99.11,0.0030085833112112326,-0.0058847610275303275,-0.0074309056144620245,0.004561118994526714
2010-04-20,228.02,195.78,231.28,99.91,0.00582267313630358,0.007772687496782726,0.012565124118909088,0.00807183937039646
2010-04-21,227.98,196.21,231.84,99.81,-0.00017542320849062154,0.002196342833792997,0.002421307506053294,-0.0010009008107295658
2010-04-22,228.41,195.55,230.57,100.04,0.0018861303623125547,-0.0033637429284949505,-0.005477915804002809,0.0023043783188057
2010-04-23,229.24,195.65,231.37,100.75,0.003633816382820454,0.0005113781641523651,0.0034696621416490103,0.007097161135545704
2010-04-26,229.7,196.82,233.22,100.32,0.0020066306054788985,0.005980066445182564,0.00799585080174614,-0.004267990074441785
2010-04-27,227.82,195.19,228.94,97.98,-0.008184588593817987,-0.008281678691189898,-0.018351770860132066,-0.023325358851674527
2010-04-28,229.44,194.73,228.51,98.63,0.0071108770081642625,-0.002356678108509702,-0.001878221368044053,0.006634006940191783
2010-04-29,230.39,196.29,231.39,99.91,0.004140516039051523,0.00801109228162078,0.012603387160299295,0.012977795802494141
2010-04-30,230.48,196.28,231.31,98.25,0.00039064195494598053,-5.094503031222164e-05,-0.00034573663511816566,-0.016614953458112258
2010-05-03,231.96,196.71,232.55,99.54,0.006421381464769338,0.0021907479111473727,0.005360771259348862,0.013129770992366563
2010-05-04,229.95,194.8,227.27,97.17,-0.008665287118468812,-0.009709724975852763,-0.02270479466781339,-0.023809523809523836
2010-05-05,230.78,194.55,225.86,96.56,0.0036094803218091887,-0.0012833675564681846,-0.006204074448893371,-0.006277657713286033
2010-05-06,228.75,193.72,222.9,93.45,-0.008796256174711803,-0.004266255461321089,-0.013105463561498332,-0.03220795360397677
2010-05-07,227.87,191.67,218.98,92.02,-0.003846994535519066,-0.010582283708445273,-0.017586361597128786,-0.015302300695559157
2010-05-10,229.81,193.06,222.69,96.07,0.00851362619037177,0.007252047790473393,0.016942186501050394,0.04401217126711576
2010-05-11,230.43,193.85,223.27,95.76,0.002697880858100188,0.004091992126799893,0.0026045174906821345,-0.003226813781617488
2010-05-12,231.66,194.7,225.13,97.11,0.005337846634552834,0.004384833634253349,0.008330720652125256,0.014097744360902276
2010-05-13,233.23,195.48,226.11,95.94,0.00677717344383999,0.004006163328197143,0.004353040465508995,-0.012048192771084376
2010-05-14,234.26,196.03,226.08,94.13,0.004416241478369054,0.0028135870677308272,-0.0001326787846623878,-0.018865957890348173
2010-05-17,231.99,195.33,224.03,94.26,-0.00969008793648074,-0.0035708820078559356,-0.009067586694975316,0.001381068734728652
2010-05-18,232.61,195.86,225.27,92.93,0.00267252898831849,0.0027133568832231614,0.005534972994688303,-0.014109908762996004
2010-05-19,230.55,194.44,222.51,92.47,-0.008856025106401266,-0.007250076585316068,-0.012251964309495378,-0.004949962337243208
2010-05-20,229.28,192.88,219.51,88.87,-0.0055085664714812355,-0.008023040526640601,-0.013482540110556829,-0.03893154536606458
2010-05-21,229.27,192.72,219.59,90.21,-4.3614794138169266e-05,-0.0008295313148071193,0.00036444808892532876,0.015078204118375016
2010-05-24,230.51,193.17,220.3,89.04,0.00540847036245462,0.0023349937733498916,0.00323329841978226,-0.012969737279680649
2010-05-25,233.39,194.05,221.55,89.08,0.012494034965945033,0.004555572811513198,0.00567408079891063,0.0004492362982928544
2010-05-26,230.74,193.95,221.12,88.59,-0.011354385363554487,-0.0005153311002320526,-0.0019408711351839303,-0.005500673551863455
2010-05-27,225.59,192.81,219.21,91.53,-0.022319493802548385,-0.005877803557617911,-0.008637843704775716,0.03318658990856749
2010-05-28,227.6,193.52,220.78,90.4,0.008909969413537722,0.0036823816192106396,0.00716208202180546,-0.012345679012345623
2010-05-31,227.89,193.51,220.89,,0.001274165202108879,-5.1674245556077025e-05,0.0004982335356462642,
2010-06-01,229.01,193.51,220.97,88.86,0.0049146518056957245,0.0,0.0003621712164425528,
2010-06-02,228.62,193.6,221.38,91.17,-0.0017029824025150964,0.00046509224329494003,0.0018554554916956345,0.025995948683322112
2010-06-03,224.98,192.69,219.95,91.54,-0.015921616656460524,-0.0047004132231405205,-0.00645948143463726,0.004058352528244047
2010-06-04,232.99,195.0,222.96,88.39,0.03560316472575353,0.011988167522964277,0.013684928392816653,-0.034411186366615776
2010-06-07,235.32,195.83,223.95,87.2,0.010000429202970063,0.004256410256410215,0.004440258342303549,-0.013463061432288703
2010-06-08,235.41,196.37,225.0,88.17,0.00038245792962765535,0.0027574937445742354,0.0046885465505692725,0.011123853211009171
2010-06-09,231.86,195.45,223.58,87.65,-0.01508007306401593,-0.004685033355400603,-0.006311111111111045,-0.005897697629579146
2010-06-10,225.78,194.4,221.41,90.24,-0.02622272060726305,-0.005372217958557135,-0.00970569818409528,0.029549343981745357
2010-06-11,227.37,194.96,222.42,90.67,0.007042253521126751,0.0028806584362139898,0.004561672914502379,0.00476507092198597
2010-06-14,221.81,193.12,219.49,90.51,-0.02445353388749616,-0.009437833401723439,-0.01317327578455163,-0.001764641005845391
2010-06-15,219.08,192.87,219.06,92.63,-0.012307831026554195,-0.0012945318972659159,-0.0019590869743496553,0.02342282620704883
2010-06-16,218.59,192.86,219.07,92.58,-0.002236625890085886,-5.184839529215335e-05,4.564959371866628e-05,-0.0005397819281010019
2010-06-17,219.08,192.99,219.61,92.71,0.002241639599249723,0.0006740640879394633,0.0024649655361301814,0.001404190969971797
2010-06-18,218.0,192.85,219.37,92.84,-0.0049297060434545514,-0.0007254261878855139,-0.0010928464095442125,0.0014022219825262638
2010-06-21,216.1,192.52,218.7,92.48,-0.0087155963302753,-0.0017111744879438895,-0.003054200665542295,-0.0038776389487289453
2010-06-22,219.82,193.16,220.23,91.01,0.01721425266080523,0.0033243299397465176,0.006995884773662642,-0.015895328719723212
2010-06-23,221.48,192.81,219.87,90.74,0.007551633154398996,-0.0018119693518326985,-0.001634654679198988,-0.0029667069552797853
2010-06-24,223.98,192.99,220.01,89.21,0.011287700921076338,0.0009335615372647599,0.0006367398917541678,-0.01686136213356848
2010-06-25,222.05,193.19,220.47,89.47,-0.008616840789356095,0.0010363231255505756,0.0020908140539066533,0.002914471471808122
2010-06-28,223.58,193.77,221.68,89.3,0.006890340013510521,0.0030022257880844005,0.005488275048759483,-0.001900078238515679
2010-06-29,229.44,193.76,221.35,86.54,0.026209857769031064,-5.1607575992207444e-05,-0.0014886322627211124,-0.030907054871220474
2010-06-30,229.13,193.05,219.69,85.67,-0.0013511157601115986,-0.003664327002477208,-0.007499435283487621,-0.010053154610584758
2010-07-01,227.57,192.14,216.73,85.4,-0.006808362065203188,-0.004713804713804892,-0.013473530884428042,-0.0031516283413096646
2010-07-02,226.21,191.42,214.91,85.0,-0.005976183152436532,-0.0037472676173623265,-0.008397545332902712,-0.004683840749414636
2010-07-05,226.79,191.61,215.38,,0.0025639892135624898,0.0009925817573923634,0.0021869619840864107,
2010-07-06,225.67,191.49,215.06,85.46,-0.0049384893513823025,-0.0006262721152341388,-0.0014857461231311264,
2010-07-07,221.94,191.32,214.85,88.18,-0.016528559400895038,-0.0008877748185284196,-0.0009764716823212893,0.03182775567516982
2010-07-08,218.97,190.24,213.3,89.01,-0.01338199513381999,-0.005644992682416805,-0.007214335582964804,0.009412565207530088
2010-07-09,218.69,190.06,213.32,89.65,-0.0012787139790838564,-0.0009461732548360358,9.376465072663542e-05,0.0071902033479385175
2010-07-12,219.81,190.39,214.3,89.72,0.005121404728154033,0.0017362938019571672,0.004594037127320538,0.0007808142777467886
2010-07-13,217.83,189.92,213.52,91.11,-0.009007779445885045,-0.0024686170492147497,-0.0036397573495100533,0.01549264378065085
2010-07-14,217.2,189.85,213.38,91.09,-0.002892163613827381,-0.0003685762426284267,-0.0006556762832522489,-0.0002195148721325646
2010-07-15,218.42,190.58,214.16,91.2,0.005616942909760558,0.003845140900711197,0.0036554503702315166,0.0012075968822045091
2010-07-16,219.61,190.84,214.03,88.58,0.005448219027561763,0.0013642564802183177,-0.0006070227867015499,-0.028728070175438658
2010-07-19,218.5,190.21,213.02,89.11,-0.0050544146441419135,-0.0033011947180884293,-0.004718964631126421,0.0059832919394897655
2010-07-20,218.14,190.48,213.52,90.13,-0.0016475972540046513,0.0014194837285104178,0.0023471974462492273,0.011446526764672837
2010-07-21,219.86,191.1,214.72,88.99,0.007884844595214213,0.00325493490130202,0.0056200824278755945,-0.012648396760235214
2010-07-22,218.16,191.54,215.45,90.99,-0.007732193213863425,0.002302459445316485,0.0033997764530551144,0.022474435329812303
2010-07-23,216.49,190.65,213.62,91.74,-0.007654932159882555,-0.00464654902370254,-0.008493850081225274,0.00824266402901408
2010-07-26,215.4,190.33,212.86,92.77,-0.005034874590050364,-0.0016784683975871184,-0.0035577193146708597,0.011227381730978925
2010-07-27,213.93,189.5,211.04,92.67,-0.006824512534818972,-0.004360846950034247,-0.008550220802405417,-0.001077934677158554
2010-07-28,214.95,189.78,211.69,92.04,0.004767914738465828,0.0014775725593667577,0.0030799848369977845,-0.006798316607316224
2010-07-29,215.49,190.49,213.03,91.67,0.0025122121423588606,0.0037411739909369857,0.006330010864944002,-0.004019991308126913
2010-07-30,217.85,192.15,216.13,91.67,0.010951784305536227,0.008714368208304846,0.01455194104116786,0.0
2010-08-02,216.87,192.83,217.58,93.69,-0.004498508147808056,0.003538901899557745,0.0067089251839171915,0.022035562343187376
2010-08-03,218.58,193.46,218.73,93.24,0.007884908009406555,0.0032671264844681414,0.005285412262156397,-0.004803073967339144
2010-08-04,218.65,193.71,219.44,93.84,0.0003202488791289593,0.001292256797270852,0.0032460110638687922,0.006435006435006496
2010-08-05,220.67,194.04,220.22,93.73,0.009238509032700515,0.0017035775127767216,0.0035545023696681444,-0.0011722080136402635
2010-08-06,223.58,194.19,219.95,93.39,0.013187111977160493,0.0007730364873221873,-0.0012260466805922299,-0.0036274405206444538
2010-08-09,222.09,194.49,220.87,93.9,-0.006664281241613779,0.001544878727020027,0.0041827688110935846,0.005460970125281239
2010-08-10,222.49,193.98,220.01,93.35,0.0018010716376244407,-0.002622242788832385,-0.0038936931226514204,-0.005857294994675355
2010-08-11,223.83,194.47,220.31,90.76,0.006022742595172881,0.0025260336117125526,0.0013635743829827351,-0.027745045527584278
2010-08-12,224.89,194.47,220.22,90.28,0.004735736943215718,0.0,-0.0004085152739321529,-0.005288673424416079
2010-08-13,225.43,194.6,220.55,89.92,0.0024011739072435923,0.0006684835707306824,0.0014985014985016143,-0.003987594151528606
2010-08-16,228.47,196.27,223.59,89.94,0.01348533912966321,0.008581706063720551,0.013783722511901964,0.00022241992882565675
2010-08-17,227.43,196.4,223.66,91.06,-0.004552019958856679,0.0006623528812350621,0.00031307303546657117,0.012452746275294801
2010-08-18,228.32,196.67,224.22,91.21,0.003913292001934687,0.0013747454175152551,0.002503800411338686,0.0016472655392048008
2010-08-19,229.45,196.48,223.98,89.67,0.004949194113524902,-0.0009660853205877284,-0.0010703773080010803,-0.016884113584036742
2010-08-20,229.53,196.6,224.34,89.34,0.00034865983874476925,0.000610749185667725,0.001607286364853966,-0.0036801605888256983
2010-08-23,230.05,197.01,225.09,88.98,0.002265499063303311,0.0020854526958291597,0.003343139876972545,-0.004029550033579632
2010-08-24,232.23,197.7,226.01,87.69,0.009476200825907277,0.0035023602862798153,0.004087253987293815,-0.014497639919083039
2010-08-25,231.09,197.52,225.35,87.99,-0.004908926495284738,-0.0009104704097115945,-0.0029202247688154825,0.003421142661649057
2010-08-26,231.84,197.64,225.61,87.31,0.0032454887706088176,0.0006075334143376132,0.001153760816507754,-0.007728150926241573
2010-08-27,229.9,196.96,224.67,88.79,-0.00836783988957901,-0.003440599069014283,-0.0041664819821817245,0.01695109380368809
2010-08-30,232.31,197.59,225.93,87.5,0.01048281861678979,0.003198619008935699,0.005608225397249367,-0.014528663137740816
2010-08-31,234.99,198.82,227.9,87.53,0.01153630924196114,0.006225011387215984,0.008719514893993807,0.00034285714285720026
2010-09-01,232.39,197.79,226.7,90.13,-0.011064300608536581,-0.005180565335479281,-0.005265467310223815,0.029704101450930942
2010-09-02,231.86,197.93,226.77,90.95,-0.0022806489091612425,0.0007078214267657312,0.00030877812086460565,0.009097969599467515
2010-09-03,230.19,197.19,225.56,92.16,-0.00720262227206081,-0.0037386954984085508,-0.005335802795784272,0.013304013194062492
2010-09-06,229.7,197.06,225.25,,-0.002128676310873656,-0.0006592626400933055,-0.0013743571555240308,
2010-09-07,234.08,198.93,228.61,91.11,0.019068350021767655,0.009489495585101038,0.014916759156492931,
2010-09-08,231.88,198.27,227.62,91.71,-0.009398496240601628,-0.0033177499622982776,-0.004330519224880813,0.006585446163977604
2010-09-09,230.36,197.69,226.21,92.16,-0.006555114714507426,-0.002925303878549501,-0.006194534750900593,0.004906771344455274
2010-09-10,227.7,196.52,223.75,92.61,-0.01154714360131981,-0.005918357023622756,-0.010874850802351843,0.0048828125
2010-09-13,228.5,197.37,225.63,93.67,0.003513394817742599,0.004325259515570945,0.008402234636871508,0.011445848180542173
2010-09-14,232.15,199.07,229.3,93.6,0.01597374179431066,0.008613264427217882,0.01626556752204955,-0.0007473043663926981
2010-09-15,229.75,197.27,226.22,93.94,-0.010338143441740333,-0.009042045511629015,-0.0134321849105975,0.0036324786324786196
2010-09-16,228.35,196.29,224.44,93.92,-0.006093579978237229,-0.004967810614893375,-0.007868446644858973,-0.0002129018522460946
2010-09-17,230.37,197.2,226.53,94.0,0.008846069629954156,0.0046359977584187195,0.009312065585457052,0.0008517887563883608
2010-09-20,229.54,198.02,228.08,95.43,-0.0036028996831185545,0.004158215010142019,0.0068423608352095044,0.015212765957446805
2010-09-21,231.01,198.35,228.79,95.19,0.0064041125729721315,0.0016664983335015204,0.003112942827078191,-0.002514932411191495
2010-09-22,234.56,199.41,230.65,94.74,0.015367300116878146,0.005344088732039287,0.00812972594956074,-0.004727387330601962
2010-09-23,234.49,199.09,230.22,93.95,-0.00029843110504768067,-0.0016047339651973358,-0.0018642965532191802,-0.008338610935190949
2010-09-24,235.79,200.61,233.24,95.94,0.005543946436948222,0.007634738058164725,0.013117887238293768,0.021181479510377743
2010-09-27,237.17,201.3,234.64,95.4,0.005852665507443122,0.0034395094960371075,0.006002400960384069,-0.0056285178236397115
2010-09-28,238.61,202.03,236.09,95.88,0.006071594215120157,0.0036264282165920925,0.006179679509035196,0.005031446540880502
2010-09-29,238.03,202.0,235.5,95.64,-0.002430744729894019,-0.00014849279809925342,-0.002499046973611807,-0.0025031289111389077
2010-09-30,236.42,201.37,233.92,95.35,-0.006763853295803091,-0.0031188118811881216,-0.0067091295116773475,-0.003032204098703528
2010-10-01,235.57,201.1,232.9,95.77,-0.0035952965062177045,-0.0013408154144113338,-0.0043604651162789665,0.0044048243314105395
2010-10-04,235.11,200.59,232.43,95.01,-0.0019527104470008494,-0.002536051715564369,-0.002018033490768567,-0.007935679231492077
2010-10-05,239.77,203.06,237.3,96.99,0.019820509548721832,0.012313674659753637,0.02095254485221365,0.020839911588253823
2010-10-06,241.92,204.19,239.34,96.97,0.008966926638028117,0.0055648576775337855,0.008596713021491675,-0.0002062068254459204
2010-10-07,242.06,204.25,239.22,96.81,0.0005787037037037202,0.00029384396885245856,-0.0005013787916771095,-0.001649994843766045
2010-10-08,246.8,206.63,244.44,97.41,0.019581921837561023,0.011652386780905744,0.021820917983446098,0.006197706848465989
2010-10-11,247.77,207.09,245.62,97.42,0.003930307941653055,0.0022262014228331406,0.004827360497463573,0.0001026588645929305
2010-10-12,248.91,207.37,246.68,97.79,0.00460104128829153,0.0013520691486792469,0.004315609478055649,0.00379798809279408
2010-10-13,251.37,208.74,248.89,98.5,0.00988309027359291,0.006606548681101332,0.008958975190530127,0.007260456079353661
2010-10-14,251.71,208.99,249.09,98.14,0.001352587818753248,0.0011976621634568474,0.0008035678412150471,-0.003654822335025343
2010-10-15,249.17,208.13,247.23,98.34,-0.010090977712446936,-0.004115029427245398,-0.007467180537155338,0.0020379050336254423
2010-10-18,250.45,208.48,248.13,99.05,0.005137055022675252,0.0016816412818911886,0.0036403349108118377,0.0072198495017286035
2010-10-19,242.7,205.55,242.96,97.48,-0.030944300259532875,-0.014054105909439674,-0.020835852174263425,-0.01585058051489141
2010-10-20,248.34,207.68,246.87,98.52,0.02323856613102593,0.01036244222816829,0.016093184063220356,0.010668855149774226
2010-10-21,245.27,207.07,245.56,98.7,-0.012362084239349258,-0.0029372110939908103,-0.00530643658605745,0.0018270401948843329
2010-10-22,245.14,206.83,245.36,98.94,-0.00053002813226255,-0.0011590283479016028,-0.0008144648965628942,0.002431610942249085
2010-10-25,248.59,208.42,248.64,99.15,0.01407359060128921,0.007687472803751705,0.013368112161721513,0.002122498483929647
2010-10-26,245.78,206.81,245.82,99.15,-0.011303753167866804,-0.007724786488820579,-0.011341698841698777,0.0
2010-10-27,242.11,204.53,241.63,98.9,-0.014932053055578098,-0.011024611962671016,-0.017044992270767167,-0.002521432173474558
2010-10-28,246.3,206.05,244.12,99.02,0.01730618313989507,0.00743167261526434,0.01030501179489307,0.0012133468149644333
2010-10-29,247.89,206.74,245.49,98.97,0.006455542021924332,0.003348701771414664,0.005611994101261786,-0.0005049484952535099
2010-11-01,249.07,207.12,246.79,99.07,0.004760175884464868,0.0018380574634806468,0.005295531386207086,0.001010407194099061
2010-11-02,251.99,208.45,248.88,99.84,0.01172361183602999,0.006421398223252162,0.008468738603671255,0.0077722822246897305
2010-11-03,252.78,208.29,248.66,100.22,0.003135045041469775,-0.0007675701607099406,-0.0008839601414336595,0.003806089743589647
2010-11-04,260.27,211.86,255.54,102.17,0.02963050874278017,0.017139565029526294,0.027668302099251862,0.01945719417281988
2010-11-05,259.24,211.38,255.08,102.58,-0.003957428823913478,-0.0022656471254602906,-0.0018001095718869209,0.004012919643731072
2010-11-08,258.29,210.55,254.16,102.38,-0.003664557938589663,-0.003926577727315639,-0.0036067116198840177,-0.0019496977968415097
2010-11-09,257.88,210.81,254.48,101.59,-0.0015873630415425,0.0012348610781287572,0.0012590494176896172,-0.007716350849775289
2010-11-10,256.29,209.33,252.02,102.05,-0.0061656584457886465,-0.007020539822588989,-0.009666771455517087,0.004528004724874357
2010-11-11,253.37,208.47,250.31,101.62,-0.011393343478091289,-0.004108345674294189,-0.006785175779700059,-0.004213620774130233
2010-11-12,247.77,205.39,243.74,100.42,-0.022102064174921998,-0.014774308053916663,-0.026247453158083967,-0.011808699074985274
2010-11-15,246.98,204.76,243.11,100.31,-0.003188440892763489,-0.003067335313306385,-0.002584721424468639,-0.0010953993228440817
2010-11-16,240.32,201.41,236.22,98.71,-0.026965746214268393,-0.016360617308067926,-0.028341080169470678,-0.015950553284817204
2010-11-17,240.01,201.06,235.59,98.75,-0.001289946737683123,-0.001737748870463185,-0.0026670053340106525,0.00040522743389725946
2010-11-18,243.79,202.76,238.47,100.26,0.015749343777342606,0.008455187506217099,0.012224627530879939,0.015291139240506402
2010-11-19,242.58,201.98,236.96,100.52,-0.004963288075802819,-0.0038469126060366454,-0.006332033379460644,0.002593257530420834
2010-11-22,242.16,201.85,236.79,100.37,-0.0017313875834776837,-0.0006436280819882567,-0.0007174206617150958,-0.0014922403501790305
2010-11-23,239.17,200.7,235.01,98.94,-0.012347208457218373,-0.005697299975229164,-0.007517209341610709,-0.014247285045332347
2010-11-24,240.62,201.67,236.96,100.42,0.00606263327340395,0.0048330842052815015,0.008297519254499841,0.01495856074388513
2010-11-25,240.85,201.79,237.15,,0.000955864017953667,0.0005950314870828421,0.000801823092505094,
2010-11-26,237.37,200.59,234.67,99.7,-0.01444882707079087,-0.005946776351652638,-0.010457516339869355,
2010-11-29,237.57,200.7,235.32,99.59,0.0008425664574291947,0.0005483822722966991,0.002769847019218563,-0.0011033099297893534
2010-11-30,236.84,200.9,235.96,98.99,-0.003072778549480071,0.0009965122072745913,0.0027197008329085115,-0.006024701275228472
2010-12-01,240.77,202.4,238.59,101.14,0.0165934808309407,0.0074664011946241615,0.011145956941854607,0.021719365592484108
2010-12-02,243.05,203.13,240.21,102.44,0.009469618307928807,0.0036067193675888287,0.00678989060731805,0.01285347043701801
2010-12-03,246.34,203.71,241.81,102.71,0.013536309401357638,0.002855314330724168,0.0066608384330377746,0.0026356891839125485
2010-12-06,245.69,204.09,242.47,102.58,-0.0026386295364131396,0.0018653968877324623,0.002729415656920642,-0.0012656995424008555
2010-12-07,244.74,203.47,240.98,102.64,-0.003866661239773639,-0.0030378754471066527,-0.006145090114241025,0.0005849093390524196
2010-12-08,244.87,202.57,239.26,103.04,0.0005311759418158424,-0.004423256499729744,-0.007137521786040324,0.0038971161340608518
2010-12-09,245.19,202.88,239.82,103.45,0.0013068158614775172,0.0015303351927729025,0.002340550029256816,0.0039790372670807095
2010-12-10,245.24,202.76,239.85,104.07,0.00020392348790743142,-0.0005914826498423231,0.00012509382036518524,0.005993233446109247
2010-12-13,248.66,203.84,242.31,104.09,0.013945522753221251,0.005326494377589253,0.01025641025641022,0.00019217834150109248
2010-12-14,249.13,203.99,242.55,104.19,0.001890131102710635,0.0007358712715854754,0.0009904667574593962,0.0009607070804111828
2010-12-15,246.43,203.56,241.49,103.65,-0.010837715249066737,-0.0021079464679641946,-0.0043702329416615004,-0.005182839044054033
2010-12-16,247.01,203.44,241.5,104.3,0.002353609544292423,-0.0005895067793280084,4.140958217724311e-05,0.006271104679208772
2010-12-17,245.94,204.01,242.63,104.39,-0.004331808428808537,0.0028018088871410995,0.004679089026915051,0.0008628954937679456
2010-12-20,245.8,204.55,243.89,104.66,-0.0005692445311864525,0.002646929072104509,0.0051930923628569214,0.0025864546412490697
2010-12-21,247.44,205.97,246.58,105.3,0.006672091131000757,0.0069420679540455055,0.01102956250768794,0.006115039174469761
2010-12-22,247.59,206.46,247.37,105.67,0.0006062075654704735,0.0023789872311501536,0.003203828372130735,0.0035137701804368593
2010-12-23,248.6,206.79,247.91,105.51,0.00407932469001171,0.0015983725661143922,0.00218296478958635,-0.0015141478186807555
2010-12-24,248.56,206.77,247.77,,-0.0001609010458567539,-9.671647565157038e-05,-0.0005647210681295478,
2010-12-27,248.44,206.45,247.45,105.57,-0.0004827808175088544,-0.0015476132901292017,-0.0012915203616258308,
2010-12-28,249.79,207.36,248.65,105.65,0.0054339075833198525,0.004407846936304249,0.004849464538290604,0.0007577910391209919
2010-12-29,249.69,207.61,249.19,105.78,-0.00040033628247726494,0.001205632716049454,0.002171727327568762,0.0012304779933742793
2010-12-30,248.7,207.05,247.89,105.62,-0.003964916496455695,-0.0026973652521554703,-0.005216902764958564,-0.0015125732652675472
2010-12-31,249.03,207.58,249.34,105.6,0.0013268998793727338,0.0025597681719391474,0.005849368671588362,-0.00018935807612208144
2011-01-03,249.23,207.95,250.1,106.8,0.0008031160904309331,0.00178244532228522,0.003048046843667329,0.011363636363636465
2011-01-04,246.17,205.34,246.36,106.66,-0.012277815672270598,-0.012551094012983821,-0.014954018392642876,-0.0013108614232210103
2011-01-05,248.22,204.63,246.02,107.21,0.00832757850266086,-0.0034576799454563156,-0.0013800941711317183,0.005156572285767824
2011-01-06,247.04,204.2,245.43,107.02,-0.004753847393441313,-0.0021013536627083607,-0.002398179009836632,-0.0017722227404159963
2011-01-07,245.42,204.18,244.62,106.83,-0.0065576424870466,-9.794319294798015e-05,-0.0033003300330033403,-0.0017753690898897334
2011-01-10,245.5,203.82,244.97,106.68,0.0003259718034389625,-0.0017631501616222067,0.0014307906140136328,-0.001404099971917927
2011-01-11,246.48,203.86,245.93,107.08,0.003991853360488795,0.00019625159454439434,0.003918847205780285,0.0037495313085862403
2011-01-12,249.5,205.25,248.5,108.05,0.012252515417072507,0.006818404787599208,0.010450128085227384,0.00905864774000742
2011-01-13,249.1,205.09,247.28,107.87,-0.0016032064128256307,-0.0007795371498172665,-0.00490945674044263,-0.0016658954187874775
2011-01-14,249.01,204.27,246.6,108.67,-0.00036130068245687763,-0.003998244673070306,-0.0027499191200258677,0.007416334476684883
2011-01-17,248.98,204.46,246.72,,-0.00012047708927354073,0.0009301414794145035,0.00048661800486615725,
2011-01-18,250.61,205.22,248.17,108.82,0.0065467105791630065,0.0037171084808764743,0.005877107652399349,
2011-01-19,249.57,204.92,246.97,107.73,-0.004149874306691781,-0.0014618458239937793,-0.00483539509207398,-0.010016541077007779
2011-01-20,248.21,202.83,242.68,107.6,-0.005449372921424778,-0.010199102088619849,-0.017370530833704434,-0.0012067205049661744
2011-01-21,248.99,203.72,243.97,107.86,0.0031425003021634534,0.004387911058521876,0.0053156419976923,0.0024163568773234445
2011-01-24,249.73,204.25,244.91,108.49,0.002972006907907776,0.0026016100530139585,0.0038529327376317646,0.005840904876691866
2011-01-25,248.29,203.72,242.8,108.52,-0.005766227525727752,-0.002594859241126124,-0.008615409742354307,0.00027652318186
2011-01-26,251.06,204.83,245.75,108.98,0.011156309154617627,0.005448655016689674,0.012149917627677143,0.004238849981570203
2011-01-27,250.93,205.34,246.79,109.23,-0.0005178045088822802,0.0024898696480006866,0.004231943031536067,0.0022939988988806004
2011-01-28,249.6,203.76,244.92,107.28,-0.005300282947435564,-0.007694555371578926,-0.007577292434863714,-0.017852238396045106
2011-01-31,250.98,204.58,246.47,108.11,0.005528846153846079,0.004024342363565081,0.006328597092928323,0.0077367636092469105
2011-02-01,255.0,207.39,250.81,109.91,0.016017212526894697,0.01373545801153564,0.017608633910820792,0.01664970863009896
2011-02-02,256.16,207.61,251.37,109.63,0.004549019607843263,0.0010608033174213105,0.0022327658386827043,-0.0025475388954598888
2011-02-03,255.12,206.76,250.26,109.91,-0.004059962523422889,-0.004094215114878952,-0.004415801408282682,0.002554045425522178
2011-02-04,256.04,206.99,250.22,110.22,0.0036061461273126927,0.0011124008512286565,-0.0001598337728762056,0.002820489491402123
2011-02-07,255.89,206.95,250.72,110.91,-0.0005858459615686318,-0.00019324605053394617,0.0019982415474382176,0.0062602068590091875
2011-02-08,256.73,207.43,251.58,111.41,0.0032826605181914825,0.0023194008214546535,0.0034301212507976686,0.004508159769182285
2011-02-09,257.51,207.66,252.15,111.11,0.0030382113504459074,0.0011088077905798688,0.0022656808967325137,-0.002692756485055181
2011-02-10,255.74,206.32,250.57,111.21,-0.006873519474971723,-0.0064528556293942385,-0.006266111441602273,0.0009000090000899075
2011-02-11,254.82,205.8,249.68,111.84,-0.003597403613044614,-0.002520356727413686,-0.0035519016642056034,0.005664958187213465
2011-02-14,255.14,206.26,250.93,112.13,0.0012557883996546781,0.0022351797862001366,0.005006408202499202,0.0025929899856937944
2011-02-15,253.75,205.71,249.89,111.78,-0.005447989339186221,-0.0026665373800057734,-0.004144582154385734,-0.0031213769731560648
2011-02-16,256.0,206.09,251.43,112.5,0.008866995073891548,0.0018472607068202862,0.006162711593101111,0.006441223832528209
2011-02-17,256.78,206.87,252.4,112.85,0.0030468749999998934,0.003784754233587373,0.0038579326253826984,0.0031111111111110645
2011-02-18,257.69,207.28,252.93,113.07,0.0035438897110366963,0.001981921013196608,0.002099841521394641,0.0019494904740806618
2011-02-21,256.38,206.85,252.13,,-0.005083627614575703,-0.0020744886144345998,-0.0031629304550666593,
2011-02-22,251.88,204.64,247.22,110.75,-0.017552071144395054,-0.010684070582547833,-0.019474080831317186,
2011-02-23,252.35,204.84,247.2,110.08,0.001865967921232281,0.0009773260359657865,-8.089960359203285e-05,-0.006049661399548545
2011-02-24,252.43,205.1,246.86,110.0,0.00031702001188826934,0.0012692833430969497,-0.0013754045307442508,-0.0007267441860464574
2011-02-25,254.93,205.93,249.08,111.18,0.009903735689101856,0.004046806435884953,0.00899295147046919,0.010727272727272696
2011-02-28,256.24,207.0,251.06,111.81,0.0051386655160239325,0.005195940368086127,0.007949253251967159,0.005666486778197477
2011-03-01,255.75,207.15,251.36,110.05,-0.0019122697471121164,0.0007246376811593791,0.0011949334820362534,-0.015740989178069986
2011-03-02,257.46,208.07,252.42,110.25,0.006686217008797568,0.004441226164614953,0.004217059197962891,0.0018173557473875057
2011-03-03,261.04,209.3,254.16,112.15,0.01390507263264218,0.005911472100735393,0.006893273116234777,0.017233560090702982
2011-03-04,260.45,209.7,254.51,111.32,-0.002260190009194085,0.00191113234591489,0.001377085300598102,-0.007400802496656422
2011-03-07,258.65,208.96,252.34,110.4,-0.006911115377231769,-0.0035288507391511015,-0.008526187576126665,-0.008264462809917217
2011-03-08,258.64,207.63,251.11,111.4,-3.866228494098234e-05,-0.0063648545176110405,-0.004874375842117695,0.009057971014492683
2011-03-09,258.13,207.83,251.17,111.27,-0.001971852768326565,0.0009632519385445182,0.00023893911034988946,-0.0011669658886894752
2011-03-10,252.99,205.16,247.08,109.17,-0.019912447216518747,-0.012847038444882886,-0.016283791854122653,-0.018873011593421363
2011-03-11,251.48,205.22,246.36,109.97,-0.00596861536029103,0.0002924546695262098,-0.0029140359397765714,0.007328020518457379
2011-03-14,249.67,205.11,244.6,109.31,-0.007197391442659518,-0.0005360101354643376,-0.007144016885858195,-0.006001636810039068
2011-03-15,240.33,201.33,235.61,108.09,-0.037409380382104285,-0.018429135585783296,-0.03675388389206857,-0.011160918488701821
2011-03-16,236.85,201.05,234.56,105.98,-0.014480089876420021,-0.0013907515025083361,-0.004456517125758674,-0.019520769728929577
2011-03-17,243.65,202.5,237.5,107.41,0.028710154105974217,0.007212136284506343,0.012534106412005475,0.01349311190790714
2011-03-18,245.84,202.94,238.89,107.87,0.008988302893494726,0.0021728395061728634,0.0058526315789473315,0.004282655246252709
2011-03-21,250.11,203.79,240.15,109.49,0.017369020501138976,0.0041884300778554096,0.005274394072585897,0.015018077315286815
2011-03-22,250.84,203.77,240.03,109.11,0.0029187157650634177,-9.814024240628605e-05,-0.0004996876951904872,-0.0034706365878162115
2011-03-23,249.64,203.37,239.54,109.43,-0.004783926008611106,-0.0019629974971782094,-0.002041411490230405,0.002932820089817767
2011-03-24,251.05,204.09,240.27,110.45,0.005648133311969339,0.0035403451836553135,0.0030475077231360004,0.009321027140637872
2011-03-25,249.77,203.12,238.46,110.8,-0.0050985859390559884,-0.004752805134989435,-0.00753319182586254,0.0031688546853778643
2011-03-28,249.45,202.54,237.26,110.5,-0.0012811786843897055,-0.002855454903505361,-0.005032290530906702,-0.0027075812274367506
2011-03-29,249.56,202.69,237.64,111.3,0.00044097013429555965,0.0007405944504790263,0.0016016184776195264,0.007239819004524861
2011-03-30,249.84,203.21,238.32,112.06,0.0011219746754287385,0.0025654941042971835,0.0028614711328058817,0.006828391734052142
2011-03-31,251.77,204.82,240.82,111.85,0.007724943964137143,0.00792283844298991,0.010490097348103467,-0.0018739960735321137
2011-04-01,252.36,205.55,241.85,112.41,0.00234340866664029,0.0035641050678645314,0.0042770534008802485,0.005006705409029921
2011-04-04,251.97,205.77,242.4,112.46,-0.0015454113171660122,0.001070299197275526,0.0022741368616912006,0.0004448002846721977
2011-04-05,253.12,206.46,243.3,112.44,0.00456403540103989,0.003353258492491573,0.003712871287128827,-0.00017784101013684772
2011-04-06,254.25,207.76,245.26,112.74,0.004464285714285587,0.006296619199845033,0.008055898068228373,0.0026680896478121774
2011-04-07,254.73,207.78,244.99,112.57,0.0018879056047196308,9.626492106273865e-05,-0.0011008725434232813,-0.0015078942700017528
2011-04-08,256.63,210.29,248.57,112.12,0.00745887802771561,0.012080084704976457,0.014612841340462701,-0.003997512658790003
2011-04-11,256.13,209.46,247.12,111.81,-0.0019483302809492065,-0.00394693042940697,-0.005833366858430167,-0.0027648947556190295
2011-04-12,254.61,206.76,242.62,110.94,-0.005934486393628147,-0.012890289315382497,-0.01820977662674006,-0.007781057150523241
2011-04-13,254.81,207.13,243.36,110.97,0.0007855151015276896,0.0017895144128459162,0.003050037095045699,0.00027041644131964304
2011-04-14,255.6,207.1,243.52,110.98,0.0031003492798555854,-0.0001448365760633452,0.0006574621959236637,9.011444534556823e-05
2011-04-15,255.75,207.45,244.53,111.42,0.0005868544600939885,0.0016900048285852787,0.004147503285151011,0.003964678320418136
2011-04-18,251.93,203.56,239.22,110.19,-0.014936461388074251,-0.01875150638708112,-0.021715126978284927,-0.011039310716209005
2011-04-19,253.16,204.83,240.75,110.83,0.004882308577779604,0.006238946747887608,0.006395786305492868,0.005808149559851206
2011-04-20,256.96,207.91,245.67,112.33,0.015010270184863339,0.015036859834985039,0.02043613707165104,0.013534241631327326
2011-04-21,258.04,208.53,246.67,112.92,0.004202988792030071,0.002982059544995419,0.004070501078682787,0.005252381376301907
2011-04-22,258.05,208.52,246.65,,3.87536815997791e-05,-4.795473073415657e-05,-8.107998540551886e-05,
2011-04-25,257.62,208.49,246.88,112.74,-0.0016663437318349406,-0.0001438710915020458,0.0009324954388809648,
2011-04-26,258.02,209.22,247.88,113.76,0.001552674481794858,0.0035013669720369567,0.004050550874918901,0.009047365620010739
2011-04-27,259.92,210.02,249.17,114.49,0.007363770250368384,0.003823726221202639,0.0052041310311441435,0.00641701828410679
2011-04-28,259.9,211.12,250.37,114.9,-7.694675284719565e-05,0.0052375964193887015,0.004815989083758243,0.003581098785920167
2011-04-29,261.61,212.18,252.24,115.17,0.006579453636013977,0.005020841227737716,0.007468945959979267,0.0023498694516970176
2011-05-02,261.05,212.21,251.9,114.96,-0.0021405909560032743,0.00014138938636998333,-0.0013479226133841227,-0.0018233915082053187
2011-05-03,258.74,210.58,249.57,114.58,-0.008848879524995246,-0.0076810706375759485,-0.00924970226280275,-0.0033054975643701523
2011-05-04,257.22,209.07,246.58,113.81,-0.005874623173842353,-0.0071706714787730386,-0.011980606643426595,-0.006720195496596193
2011-05-05,251.45,203.98,238.04,112.78,-0.022432159241116745,-0.024345912852154816,-0.03463379025062863,-0.0090501713381953
2011-05-06,251.78,204.07,237.45,113.23,0.0013123881487373534,0.00044121972742416915,-0.0024785750294068487,0.003990069161198928
2011-05-09,253.09,204.57,239.45,113.74,0.005202954960680017,0.0024501396579605927,0.008422825858075411,0.004504106685507381
2011-05-10,254.01,205.43,241.04,114.67,0.003635070528270612,0.004203939971647808,0.006640217164334938,0.008176542992790692
2011-05-11,250.96,203.69,237.41,113.45,-0.012007401283413932,-0.008470038455921758,-0.015059741121805525,-0.010639225603906843
2011-05-12,250.44,202.79,236.6,114.02,-0.0020720433535225125,-0.0044184790613186475,-0.0034118192157027716,0.005024239753195214
2011-05-13,248.54,202.13,235.17,113.11,-0.0075866475003992795,-0.0032545983529759237,-0.0060439560439560225,-0.007981055955095573
2011-05-16,248.36,201.93,234.63,112.41,-0.0007242295002815036,-0.0009894622272794695,-0.0022962112514350874,-0.006188665900450863
2011-05-17,248.01,201.28,234.05,112.4,-0.0014092446448704665,-0.0032189372554846107,-0.0024719771555213876,-8.896005693437292e-05
2011-05-18,248.19,201.62,235.05,113.41,0.0007257771864037643,0.0016891891891892552,0.0042725913266397075,0.008985765124555067
2011-05-19,250.03,202.25,236.15,113.67,0.007413675007051035,0.003124690010911646,0.0046798553499254325,0.002292566793051787
2011-05-20,250.4,201.93,235.94,112.79,0.0014798224213095068,-0.001582200247218779,-0.0008892652974804571,-0.007741708454297447
2011-05-23,246.95,200.28,233.36,111.45,-0.013777955271565556,-0.008171148417768559,-0.010934983470373805,-0.011880485858675405
2011-05-24,248.41,200.43,234.01,111.36,0.005912127961125835,0.0007489514679448472,0.0027853959547479157,-0.0008075370121131131
2011-05-25,249.07,200.2,234.28,111.72,0.0026568978704559765,-0.0011475328044704414,0.0011537968462886905,0.003232758620689724
2011-05-26,251.45,201.39,236.49,112.19,0.009555546633476464,0.005944055944056004,0.009433156906266005,0.004206945936269246
2011-05-27,253.8,202.28,238.16,112.67,0.009345794392523477,0.004419285962560249,0.007061609370375033,0.004278456190391244
2011-05-30,253.82,202.35,238.25,,7.880220646172553e-05,0.00034605497330431056,0.0003778972119583557,
2011-05-31,254.82,202.67,239.6,113.86,0.00393979985816717,0.0015814183345688182,0.0056663168940189745,
2011-06-01,254.15,203.03,239.61,111.28,-0.0026293069617768783,0.0017762865742341205,4.1736227045063856e-05,-0.022659406288424333
2011-06-02,253.65,203.06,239.27,111.15,-0.001967342120794857,0.00014776141456929182,-0.0014189724969743134,-0.001168224299065379
2011-06-03,254.39,203.68,239.94,110.07,0.0029174058742360565,0.0030532847434256993,0.002800183892673447,-0.009716599190283559
2011-06-06,253.84,203.34,238.95,108.89,-0.002162034671174151,-0.0016692851531814323,-0.004126031507877048,-0.010720450622331179
2011-06-07,254.09,203.5,239.31,108.79,0.0009848723605421217,0.0007868594472311141,0.0015065913370999606,-0.0009183579759389771
2011-06-08,253.4,203.23,238.94,108.36,-0.002715573222086598,-0.0013267813267813233,-0.0015461117379131917,-0.0039525691699605625
2011-06-09,253.96,202.67,238.96,109.16,0.0022099447513812542,-0.0027554986960586225,8.3703021679149e-05,0.007382798080472375
2011-06-10,253.86,202.47,237.86,107.64,-0.00039376279729086416,-0.0009868258745743264,-0.0046032808838298855,-0.013924514474166316
2011-06-13,253.95,202.45,237.66,107.74,0.00035452611675723666,-9.878006618269097e-05,-0.0008408307407719029,0.00092902266815309
2011-06-14,252.37,201.19,236.21,109.11,-0.006221697184485064,-0.006223758952827785,-0.006101152907514895,0.01271579728977179
2011-06-15,251.27,200.52,234.15,107.21,-0.00435867971628956,-0.003330185396888452,-0.008721053300029591,-0.017413619283292103
2011-06-16,252.88,200.88,235.13,107.42,0.006407450153221639,0.0017953321364452268,0.004185351270552973,0.0019587725025651537
2011-06-17,253.57,201.57,235.66,107.74,0.002728566909205865,0.0034348864994027117,0.0022540722153703285,0.002978961087320764
2011-06-20,253.55,201.19,235.36,108.33,-7.8873683795333e-05,-0.0018852011708091476,-0.0012730204531952172,0.005476146278076799
2011-06-21,253.25,201.22,235.66,109.79,-0.001183198580161804,0.00014911277896523245,0.0012746430999319713,0.013477337764238984
2011-06-22,253.74,201.45,236.34,109.09,0.001934846989141148,0.0011430275320543082,0.0028855130272427143,-0.006375808361417268
2011-06-23,254.59,201.19,235.51,108.78,0.0033498857097815637,-0.0012906428394141578,-0.00351188965050353,-0.0028416903474195454
2011-06-24,254.3,201.33,235.3,107.5,-0.0011390863741701507,0.0006958596351707147,-0.0008916818818732741,-0.011766868909726114
2011-06-27,253.21,200.48,234.58,108.49,-0.004286276051907234,-0.004221924204043215,-0.0030599235019124205,0.009209302325581259
2011-06-28,250.78,199.72,233.19,109.92,-0.009596777378460541,-0.0037909018355944957,-0.005925483843465029,0.013180938335330517
2011-06-29,249.41,199.38,232.43,110.84,-0.005462955578594775,-0.001702383336671387,-0.003259144903297706,0.008369723435225573
2011-06-30,247.41,199.29,231.6,111.96,-0.008018924662202775,-0.00045139933794768883,-0.0035709676031493442,0.010104655359076009
2011-07-01,244.47,199.13,231.06,113.59,-0.011883109009336756,-0.0008028501179185854,-0.002331606217616522,0.014558770989639314
2011-07-04,244.27,199.23,231.3,,-0.0008180962899332345,0.0005021845025863225,0.0010386912490263356,
2011-07-05,245.01,199.37,232.4,113.44,0.003029434641994344,0.000702705415851046,0.0047557284911370346,
2011-07-06,246.71,200.1,233.74,113.6,0.006938492306436617,0.003661533831569308,0.005765920826161786,0.0014104372355430161
2011-07-07,245.16,200.9,235.53,114.79,-0.00628268006971755,0.003998000999500206,0.007658081629160485,0.01047535211267614
2011-07-08,249.08,201.0,236.44,114.0,0.01598955783977818,0.0004977600796416404,0.003863626714218915,-0.006882132589946965
2011-07-11,252.78,201.3,235.92,111.94,0.014854665167817416,0.0014925373134329067,-0.002199289460328213,-0.01807017543859646
2011-07-12,254.35,201.7,236.17,111.44,0.006210934409367708,0.001987083954297031,0.001059681247880695,-0.00446667857780958
2011-07-13,254.37,202.44,237.75,111.8,7.86318065657543e-05,0.0036688150718890977,0.0066900961172038365,0.003230437903804839
2011-07-14,254.72,201.84,236.63,111.05,0.0013759484215905005,-0.0029638411381149865,-0.004710830704521607,-0.0067084078711985295
2011-07-15,255.82,202.19,237.57,111.66,0.004318467336683396,0.0017340467697186668,0.003972446435363208,0.005493021161638856
2011-07-18,256.62,201.92,236.84,110.76,0.0031271988116645666,-0.0013353776151145968,-0.003072778549480071,-0.008060182697474438
2011-07-19,256.68,202.76,238.57,112.57,0.00023380874444711708,0.004160063391442259,0.0073045093734165345,0.01634163958107604
2011-07-20,255.59,202.28,237.84,112.51,-0.004246532647654733,-0.0023673308344840382,-0.0030598985622668495,-0.0005330016878385413
2011-07-21,254.92,202.23,237.73,114.04,-0.0026213858132165813,-0.000247182123788825,-0.0004624957954928455,0.013598791218558448
2011-07-22,255.73,202.99,239.37,114.15,0.0031774674407656356,0.003758097216041145,0.006898582425440614,0.0009645738337424881
2011-07-25,257.47,203.33,239.81,113.5,0.0068040511476950005,0.0016749593576037558,0.0018381584993942823,-0.005694261936049161
2011-07-26,258.2,204.42,241.7,113.04,0.0028352817804013775,0.005360743618747721,0.007881239314457167,-0.004052863436123322
2011-07-27,258.24,204.12,239.93,110.75,0.00015491866769945517,-0.0014675667742881648,-0.007323127844435229,-0.020258315640481306
2011-07-28,258.81,204.28,239.8,110.4,0.002207249070631967,0.0007838526357044628,-0.0005418246988704301,-0.0031602708803610824
2011-07-29,262.68,205.81,242.62,109.69,0.014953054364205354,0.007489719992167521,0.011759799833194196,-0.006431159420289934
2011-08-01,263.05,205.87,242.13,109.23,0.0014085579412213,0.0002915310237598945,-0.00201961915753035,-0.004193636612270901
2011-08-02,263.52,206.02,242.52,106.44,0.0017867325603495576,0.0007286151454801715,0.0016107049931854966,-0.02554243339741835
2011-08-03,263.89,205.88,242.39,107.02,0.00140406800242876,-0.0006795456751772511,-0.0005360382648854634,0.005449079293498693
2011-08-04,261.17,202.98,238.36,101.9,-0.010307325021789215,-0.014085875267145886,-0.016626098436404058,-0.047841524948607606
2011-08-05,262.11,202.99,237.96,101.84,0.003599188268177844,4.926593753085129e-05,-0.0016781339150864216,-0.0005888125613346951
2011-08-08,263.47,203.11,237.2,95.07,0.0051886612490938955,0.0005911621262131295,-0.003193814086401181,-0.06647682639434416
2011-08-09,264.33,203.74,238.8,99.58,0.0032641287433101684,0.003101767515139464,0.006745362563237878,0.047438729357315745
2011-08-10,268.34,205.43,241.06,95.23,0.015170430900767862,0.008294885638558958,0.009463986599664853,-0.04368347057642086
2011-08-11,264.95,203.99,239.28,99.65,-0.012633226503689254,-0.007009686998004194,-0.007384053762548692,0.0464139451853407
2011-08-12,263.67,203.47,239.06,100.18,-0.004831100207586259,-0.0025491445659101553,-0.0009194249414911093,0.005318615153035555
2011-08-15,262.78,202.79,238.27,102.37,-0.00337543141047536,-0.0033420160220180017,-0.00330460972140878,0.021860650828508632
2011-08-16,262.97,203.2,239.14,101.39,0.0007230382829745974,0.0020217959465456126,0.003651319931170516,-0.009573117124157537
2011-08-17,264.44,203.78,240.25,101.51,0.005589991253755144,0.002854330708661479,0.004641632516517502,0.001183548673439283
2011-08-18,268.77,205.69,242.87,96.99,0.016374224776886992,0.009372853076847543,0.010905306971904283,-0.04452763274554239
2011-08-19,270.59,206.26,244.09,95.54,0.006771589091044472,0.002771160484223767,0.00502326347428661,-0.014949994844829284
2011-08-22,270.65,206.07,244.21,95.56,0.00022173768431943408,-0.0009211674585474228,0.000491621942726006,0.00020933640360043526
2011-08-23,268.43,205.14,242.51,98.84,-0.008202475521891683,-0.00451302955306454,-0.006961221899185244,0.03432398493093336
2011-08-24,264.67,203.81,240.26,100.15,-0.014007376224714041,-0.006483377205810603,-0.009277967918848717,0.013253743423715214
2011-08-25,264.67,203.41,239.88,98.59,0.0,-0.001962612236887318,-0.0015816199117621998,-0.0155766350474289
2011-08-26,265.46,204.04,241.5,100.1,0.002984849057316552,0.0030971928617078426,0.0067533766883440816,0.015315954965006595
2011-08-29,262.62,203.29,240.37,102.94,-0.01069841030663743,-0.003675749852970034,-0.004679089026915051,0.028371628371628432
2011-08-30,263.26,203.84,241.5,103.21,0.0024369811895514903,0.002705494613606252,0.0047010858260181365,0.002622887118709949
2011-08-31,260.77,202.9,239.76,103.73,-0.00945833016789488,-0.0046114599686027935,-0.007204968944099388,0.005038271485321211
2011-09-01,260.76,202.84,239.69,102.51,-3.8347969474994414e-05,-0.00029571217348445256,-0.0002919586252919659,-0.011761303383784782
2011-09-02,264.91,204.57,242.45,99.92,0.015915017640742546,0.00852888976533217,0.01151487337811341,-0.025265827724124557
2011-09-05,267.36,205.48,243.63,,0.009248423993054145,0.00444835508627861,0.004866982883068749,
2011-09-06,265.12,205.34,243.06,99.18,-0.00837821663674454,-0.000681331516449224,-0.002339613348109837,
2011-09-07,261.81,204.48,241.7,102.04,-0.012484912492456202,-0.004188175708580988,-0.005595326256891409,0.028836458963500622
2011-09-08,261.88,204.56,242.02,100.96,0.00026736946640681936,0.00039123630672932563,0.0013239553165080853,-0.010584084672677463
2011-09-09,264.47,205.39,242.62,98.27,0.009890025966091454,0.0040574892452092115,0.0024791339558714043,-0.026644215530903348
2011-09-12,264.97,205.3,241.51,98.96,0.0018905736000303097,-0.0004381907590436107,-0.0045750556425686595,0.00702147145619203
2011-09-13,263.38,204.53,240.43,99.9,-0.006000679322187508,-0.0037506088650755,-0.004471864519067448,0.009498787388844132
2011-09-14,262.13,204.07,239.38,101.24,-0.004745994380742635,-0.002249058817777372,-0.004367175477269947,0.0134134134134134
2011-09-15,259.04,202.92,237.41,103.0,-0.011788044100255468,-0.00563532121330923,-0.008229593115548495,0.01738443303042292
2011-09-16,259.56,203.19,238.06,103.59,0.002007411982705376,0.0013305736250739386,0.0027378796175392406,0.005728155339805863
2011-09-19,263.45,204.31,239.23,102.58,0.014986900909230938,0.005512082287514097,0.004914727379652151,-0.009749975866396365
2011-09-20,263.09,204.68,239.85,102.41,-0.0013664832036439645,0.0018109735206304212,0.002591648204656627,-0.0016572431273152999
2011-09-21,264.7,204.84,239.88,99.41,0.006119578851343732,0.0007817080320500214,0.0001250781738586504,-0.02929401425642031
2011-09-22,269.84,206.59,241.44,96.24,0.019418209293539768,0.008543253270845597,0.006503251625813,-0.031888140026154366
2011-09-23,266.89,205.83,239.95,96.83,-0.01093240438778531,-0.003678784065056395,-0.006171305500331403,0.0061305070656691996
2011-09-26,265.43,205.14,238.74,99.09,-0.0054704185244857095,-0.0033522810085994115,-0.005042717232756733,0.023339874005990024
2011-09-27,259.63,202.43,234.51,100.15,-0.021851335568699892,-0.01321049039680211,-0.017718019602915414,0.010697345847209716
2011-09-28,260.91,203.0,235.33,98.11,0.004930092824404042,0.0028157881736896595,0.003496652594772165,-0.02036944583125322
2011-09-29,261.47,202.77,234.71,98.91,0.0021463339848990515,-0.0011330049261083497,-0.0026345982237708787,0.008154112730608398
2011-09-30,265.03,204.41,237.17,96.44,0.013615328718399544,0.00808798145682288,0.010481019129990221,-0.02497219694671926
2011-10-03,269.41,206.21,239.69,93.7,0.016526430970078998,0.008805831417249665,0.010625289876460053,-0.028411447532144307
2011-10-04,271.79,207.04,241.11,95.82,0.008834119000779461,0.004025023034770259,0.005924318911928017,0.022625400213447167
2011-10-05,266.25,205.54,239.15,97.58,-0.020383384230472146,-0.007244976816074167,-0.008129069719215343,0.018367772907535107
2011-10-06,260.73,203.95,236.19,99.38,-0.020732394366197116,-0.007735720541013902,-0.012377169140706745,0.018446402951424412
2011-10-07,260.06,202.96,235.13,98.57,-0.0025697081271814914,-0.004854130914439758,-0.004487912274016681,-0.008150533306500285
2011-10-10,252.98,201.49,232.07,101.93,-0.02722448665692534,-0.0072428064643279555,-0.013014077318930006,0.03408745054276152
2011-10-11,251.1,201.05,231.44,101.99,-0.0074314175033599605,-0.002183731202541006,-0.002714698151419781,0.0005886392622387326
2011-10-12,247.26,199.85,229.51,103.0,-0.015292712066905634,-0.005968664511315724,-0.008339094365710342,0.009902931659966807
2011-10-13,248.78,200.37,230.39,102.7,0.006147375232548713,0.0026019514635977625,0.003834255587991775,-0.002912621359223322
2011-10-14,244.59,199.09,228.51,104.49,-0.016842189886646874,-0.006388181863552389,-0.008160076392204507,0.017429406037000827
2011-10-17,248.83,199.95,229.67,102.47,0.017335132262153108,0.004319654427645814,0.0050763642728983704,-0.01933199349220016
2011-10-18,249.38,200.82,231.15,104.56,0.0022103444118473092,0.004351087771943041,0.006444028388557621,0.020396213525910145
2011-10-19,249.76,200.27,230.72,103.25,0.001523778971850076,-0.0027387710387410946,-0.001860263897901837,-0.012528691660290803
2011-10-20,249.78,200.69,231.86,103.73,8.007687379896211e-05,0.002097168822090101,0.004941054091539554,0.004648910411622298
2011-10-21,246.89,199.78,230.56,105.68,-0.011570181759948839,-0.004534356470177858,-0.005606831708789839,0.018798804588836537
2011-10-24,243.04,198.93,228.85,107.04,-0.015593989225971105,-0.0042546801481629926,-0.007416724496877247,0.012869038607115746
2011-10-25,245.65,199.32,229.67,104.9,0.010738973008558306,0.001960488614085376,0.0035831330565871955,-0.01999252615844549
2011-10-26,247.31,199.31,229.91,106.0,0.006757581925503686,-5.017057997180885e-05,0.0010449775765228875,0.010486177311725298
2011-10-27,236.2,197.23,227.06,109.64,-0.04492337552060177,-0.010436004214540273,-0.01239615501718061,0.03433962264150936
2011-10-28,236.44,196.82,226.34,109.69,0.0010160880609653145,-0.0020787912589362856,-0.0031709680260724182,0.00045603794235682393
2011-10-31,240.05,196.74,226.11,106.98,0.015268144138047779,-0.00040646275784972374,-0.0010161703631703656,-0.024705989607074375
2011-11-01,248.46,198.47,228.62,103.99,0.03503436784003333,0.008793331300193108,0.01110079165008182,-0.027949149373714843
2011-11-02,248.57,198.51,228.77,105.67,0.0004427271995490756,0.00020154179472964273,0.000656110576502611,0.016155399557649774
2011-11-03,245.6,198.24,228.68,107.68,-0.011948344530715693,-0.0013601329907811932,-0.00039340822660316466,0.01902148197217768
2011-11-04,246.78,198.36,228.99,107.0,0.004804560260586399,0.000605326876513379,0.0013556060871087183,-0.006315007429420594
2011-11-07,247.75,199.06,230.62,107.69,0.003930626468919618,0.0035289372857429946,0.007118214769203934,0.006448598130841088
2011-11-08,246.79,198.88,230.5,109.02,-0.003874873864783135,-0.0009042499748820321,-0.0005203364842598646,0.012350264648528064
2011-11-09,252.22,199.45,230.84,105.03,0.02200251225738481,0.0028660498793242617,0.0014750542299348801,-0.036598789212988425
2011-11-10,253.1,199.54,231.18,105.94,0.0034890175243833532,0.0004512409125094763,0.0014728816496274444,0.008664191183471281
2011-11-11,250.3,199.21,230.68,108.01,-0.011062821019359848,-0.001653803748621785,-0.0021628168526689473,0.019539361902964014
2011-11-14,252.8,199.67,231.25,106.99,0.009988014382740662,0.002309121028060801,0.0024709554361019848,-0.009443570039811222
2011-11-15,253.63,200.33,232.51,107.53,0.0032832278481012,0.003305453999098651,0.005448648648648691,0.0050472006729600505
2011-11-16,254.9,200.19,232.3,105.77,0.005007294089815817,-0.0006988469026107946,-0.000903186959700597,-0.01636752534176511
2011-11-17,256.74,199.28,230.46,103.99,0.007218517065515906,-0.0045456816024775915,-0.007920792079207928,-0.016828968516592657
2011-11-18,255.84,199.06,229.7,103.96,-0.003505491937368599,-0.001103974307506972,-0.003297752321444136,-0.00028848927781521816
2011-11-21,258.12,199.36,229.6,102.03,0.008911819887429617,0.0015070832914698684,-0.0004353504571179556,-0.018564832627933736
2011-11-22,258.64,199.59,230.37,101.61,0.002014566868123291,0.001153691813804203,0.0033536585365854243,-0.004116436342252339
2011-11-23,261.27,200.13,230.78,99.37,0.010168574079802095,0.002705546370058487,0.0017797456266006595,-0.022045074303710166
2011-11-24,260.81,200.16,230.69,,-0.001760630765108795,0.00014990256333380358,-0.0003899818008492595,
2011-11-25,260.74,200.1,230.19,99.12,-0.0002683946167707507,-0.0002997601918465209,-0.0021674108110451007,
2011-11-28,257.51,198.8,228.8,102.03,-0.012387819283577572,-0.006496751624187835,-0.006038489943090419,0.029358353510895885
2011-11-29,254.69,198.02,227.34,102.3,-0.010951031027921165,-0.003923541247484952,-0.006381118881118919,0.002646280505733678
2011-11-30,251.21,197.04,225.82,106.74,-0.013663669559071723,-0.00494899505100499,-0.0066860209378024615,0.04340175953079184
2011-12-01,250.09,196.12,224.18,106.54,-0.004458421241192667,-0.004669102720259777,-0.007262421397573271,-0.00187371182312146
2011-12-02,251.16,196.4,224.96,106.52,0.004278459754488262,0.0014276973281663885,0.003479346953341178,-0.00018772292096869148
2011-12-05,250.25,196.31,224.97,107.62,-0.0036231884057971175,-0.00045824847250508505,4.44523470839453e-05,0.010326699211415713
2011-12-06,250.23,196.33,225.31,107.74,-7.992007992008165e-05,0.00010187968009778281,0.0015113126194603588,0.0011150343802266427
2011-12-07,251.66,196.7,226.22,107.99,0.005714742436958131,0.0018845820811896896,0.004038879765656089,0.0023204009652868507
2011-12-08,253.26,197.0,226.65,105.71,0.0063577843121671584,0.0015251652262329163,0.001900804526567157,-0.02111306602463192
2011-12-09,253.31,197.16,227.07,107.49,0.00019742557055990595,0.0008121827411167182,0.0018530774321641186,0.016838520480560115
2011-12-12,255.82,197.68,227.91,105.9,0.009908807390154317,0.00263745181578412,0.0036992997753997336,-0.014792073681272555
2011-12-13,256.81,198.26,229.21,105.0,0.0038699085294346958,0.002934034803723007,0.005704005967267722,-0.008498583569405138
2011-12-14,259.25,198.91,229.89,103.82,0.009501187648456089,0.003278523151417412,0.002966711749051054,-0.01123809523809527
2011-12-15,258.25,198.74,229.7,104.16,-0.0038572806171649487,-0.0008546578854757847,-0.0008264822306320863,0.0032748988634174747
2011-12-16,258.03,198.7,229.85,104.5,-0.0008518877057116514,-0.0002012679883265367,0.0006530256856769334,0.003264208909370181
2011-12-19,258.07,198.73,229.89,103.27,0.0001550207340232923,0.00015098137896329966,0.00017402653904707854,-0.011770334928229653
2011-12-20,254.63,197.68,227.97,106.37,-0.013329716743519238,-0.005283550545966853,-0.00835182043586058,0.03001839837319653
2011-12-21,254.14,197.2,226.89,106.58,-0.0019243608372934151,-0.002428166734115833,-0.0047374654559810825,0.0019742408573846237
2011-12-22,253.37,197.15,226.95,107.49,-0.0030298260801132626,-0.00025354969574031827,0.0002644453259288415,0.008538187277162601
2011-12-23,252.45,196.91,226.46,108.46,-0.0036310534001657846,-0.0012173471975653882,-0.002159065873540311,0.009024095264675847
2011-12-26,252.38,196.89,226.4,,-0.0002772826302237519,-0.00010156924483273322,-0.0002649474520887152,
2011-12-27,252.0,196.83,226.35,108.47,-0.0015056660591171722,-0.00030473868657610037,-0.00022084805653710404,
2011-12-28,254.03,197.43,227.87,107.14,0.008055555555555483,0.003048315805517454,0.006715263971725172,-0.012261454780123526
2011-12-29,254.85,198.21,229.58,108.29,0.003227965200960581,0.003950767360583418,0.007504278755430693,0.010733619563188412
2011-12-30,253.22,198.35,229.56,107.83,-0.006395919168138087,0.0007063215781242249,-8.711560240448613e-05,-0.004247852987348866
2012-01-02,252.78,198.24,229.23,,-0.0017376194613379914,-0.0005545752457776221,-0.0014375326711971725,
2012-01-03,248.75,197.44,227.19,109.5,-0.015942716987103367,-0.004035512510088823,-0.008899358722680217,
2012-01-04,248.84,197.97,227.84,109.55,0.0003618090452262024,0.0026843598055106277,0.0028610414190766154,0.0004566210045662267
2012-01-05,253.08,198.94,229.87,109.87,0.017039061244173093,0.004899732282669156,0.008909761235954994,0.0029210406207211825
2012-01-06,253.82,199.38,230.78,109.63,0.0029239766081869956,0.002211722127274607,0.003958759298734016,-0.002184399745153498
2012-01-09,252.5,199.08,230.36,109.88,-0.005200535812780682,-0.0015046644598253334,-0.0018199150706299516,0.002280397701359016
2012-01-10,250.29,198.56,229.52,110.86,-0.00875247524752476,-0.0026120152702431287,-0.00364646640041677,0.008918820531488958
2012-01-11,252.28,199.67,231.65,110.91,0.00795077709856562,0.005590249798549385,0.009280237016382031,0.0004510193036262322
2012-01-12,253.04,199.12,230.83,111.17,0.0030125257650228665,-0.0027545449992486537,-0.003539823008849474,0.002344243079974717
2012-01-13,255.93,200.02,232.43,110.62,0.011421119190641926,0.00451988750502208,0.0069315080362171155,-0.004947377889718441
2012-01-16,256.5,200.58,233.36,,0.00222717149220486,0.002799720027997221,0.004001204663769853,
2012-01-17,254.58,200.08,233.04,111.01,-0.007485380116958984,-0.002492770964203861,-0.0013712718546452507,
2012-01-18,253.58,199.6,232.09,112.26,-0.003928038337654205,-0.002399040383846529,-0.004076553381393677,0.011260246824610354
2012-01-19,251.97,198.55,229.94,112.82,-0.006349081157820069,-0.0052605210420840764,-0.009263647722866142,0.004988419739889505
2012-01-20,250.13,197.76,228.11,112.9,-0.007302456641663735,-0.003978846638126532,-0.007958597895103003,0.0007090941322460687
2012-01-23,247.79,197.37,226.51,112.95,-0.009355135329628617,-0.001972087378640741,-0.0070141598351672885,0.0004428697962799433
2012-01-24,247.48,196.47,225.0,112.84,-0.0012510593647847568,-0.004559963520291865,-0.006666372345591753,-0.0009738822487825871
2012-01-25,246.79,196.68,226.02,113.82,-0.0027881040892193676,0.0010688654756452198,0.004533333333333278,0.008684863523573005
2012-01-26,247.26,198.57,229.08,113.17,0.0019044531788159347,0.009609517998779626,0.013538624900451213,-0.005710771393428127
2012-01-27,246.77,198.83,229.56,113.0,-0.0019817196473347343,0.0013093619378556909,0.002095337873232017,-0.0015021648846867963
2012-01-30,248.08,198.95,230.46,112.72,0.005308586943307603,0.0006035306543277219,0.003920543648719299,-0.002477876106194654
2012-01-31,248.83,199.74,232.0,112.67,0.0030232183166720716,0.003970846946468987,0.006682287598715586,-0.0004435770049679988
2012-02-01,248.3,200.37,232.98,113.69,-0.0021299682514166474,0.003154100330429621,0.004224137931034377,0.009052986598029555
2012-02-02,247.73,200.48,232.91,113.83,-0.0022956101490133607,0.0005489843788990534,-0.0003004549746759011,0.0012314187703403867
2012-02-03,248.39,200.51,232.8,115.5,0.002664190852944781,0.00014964086193147708,-0.0004722854321410619,0.01467100061495219
2012-02-06,248.08,200.49,233.08,115.46,-0.0012480373606021944,-9.974564859593915e-05,0.0012027491408934665,-0.00034632034632042785
2012-02-07,246.27,199.87,231.8,115.69,-0.00729603353756858,-0.0030924235622724616,-0.005491676677535584,0.0019920318725099584
2012-02-08,246.94,199.81,231.66,115.98,0.002720591221017532,-0.00030019512683243654,-0.0006039689387403735,0.002506698936813878
2012-02-09,246.06,199.58,231.09,116.16,-0.0035636186927998637,-0.0011510935388618915,-0.002460502460502445,0.0015519917227106994
2012-02-10,246.5,198.96,230.63,115.36,0.0017881817442899628,-0.0031065236997694923,-0.0019905664459735073,-0.00688705234159781
2012-02-13,247.4,199.43,231.64,116.17,0.0036511156186613825,0.0023622838761561127,0.004379308849672636,0.007021497919556197
2012-02-14,247.47,199.67,231.79,116.08,0.000282942603071934,0.0012034297748582112,0.0006475565532724215,-0.0007747266936386499
2012-02-15,249.88,200.52,233.45,115.49,0.009738554168182034,0.0042570240897481515,0.007161654946287621,-0.0050827015851137025
2012-02-16,248.97,200.16,233.04,116.78,-0.003641748039058701,-0.0017953321364453378,-0.0017562647247804097,0.011169798250930896
2012-02-17,248.69,200.09,232.36,117.06,-0.0011246334899787103,-0.0003497202238209596,-0.002917953999313383,0.002397670834046961
2012-02-20,248.79,200.4,232.67,,0.0004021070408941618,0.0015493028137338882,0.001334136684455034,
2012-02-21,250.24,200.38,232.95,117.15,0.0058282085292817865,-9.980039920165495e-05,0.001203421154424733,
2012-02-22,250.23,200.63,233.57,116.76,-3.996163682873366e-05,0.0012476295039425267,0.0026615153466409414,-0.0033290653008962723
2012-02-23,252.13,201.32,235.24,117.28,0.007593014426727329,0.003439166625130774,0.0071498908250204884,0.004453579993148216
2012-02-24,253.53,201.45,235.95,117.49,0.005552691072066018,0.0006457381283528907,0.003018194184662315,0.001790586630286528
2012-02-27,254.99,201.95,236.97,117.66,0.005758687334832091,0.0024820054604119957,0.004322949777495255,0.0014469316537577548
2012-02-28,255.79,202.22,237.23,118.08,0.0031373779363896848,0.0013369645951968323,0.0010971852977170737,0.003569607343192338
2012-02-29,254.33,201.62,235.56,117.54,-0.005707807185581837,-0.002967065572149097,-0.007039581840407982,-0.004573170731707266
2012-03-01,256.66,202.29,237.42,118.27,0.009161325836511747,0.0033230830274773027,0.007896077432501203,0.00621065169304047
2012-03-02,256.28,202.37,237.41,117.89,-0.0014805579365699817,0.00039547184734800567,-4.2119450762378996e-05,-0.003212987232603326
2012-03-05,252.22,200.85,234.83,117.44,-0.0158420477602621,-0.007510994712655039,-0.010867276020386618,-0.0038171176520485073
2012-03-06,244.91,199.43,231.23,115.64,-0.028982634208230884,-0.007069952701020621,-0.01533023889622287,-0.015326975476839255
2012-03-07,247.74,200.05,233.2,116.47,0.01155526519946104,0.0031088602517175268,0.008519655754011257,0.0071774472500865105
2012-03-08,252.69,200.99,235.83,117.63,0.019980624848631612,0.004698825293676601,0.011277873070326017,0.009959646260839783
2012-03-09,253.87,201.96,237.1,118.05,0.0046697534528474804,0.004826110751778634,0.005385235126998289,0.0035705177250702214
2012-03-12,252.4,201.51,236.71,118.08,-0.0057903651475164075,-0.002228163992869958,-0.0016448755799239878,0.0002541296060991627
2012-03-13,254.19,202.21,238.01,120.51,0.007091917591125263,0.0034737730137464062,0.005491952177770099,0.020579268292683084
2012-03-14,246.8,200.78,233.42,120.12,-0.029072740863133828,-0.0070718559912962276,-0.01928490399563043,-0.003236245954692518
2012-03-15,249.33,200.34,232.01,120.84,0.0102512155591572,-0.002191453332005211,-0.006040613486419266,0.005994005994006013
2012-03-16,250.07,200.28,232.22,120.98,0.0029679541170335444,-0.0002994908655286066,0.000905133399422553,0.0011585567692817822
2012-03-19,251.6,200.38,232.33,121.46,0.00611828687967364,0.0004993009786298241,0.0004736887434331205,0.003967597950074397
2012-03-20,245.88,198.93,229.74,121.1,-0.02273449920508741,-0.007236251122866522,-0.01114793612533893,-0.002963938745265904
2012-03-21,246.67,198.83,230.27,120.87,0.003212949406214305,-0.0005026893882269512,0.0023069556890398246,-0.0018992568125515419
2012-03-22,243.77,197.82,228.92,120.01,-0.011756597883812336,-0.005079716340592566,-0.005862682937421426,-0.00711508231984781
2012-03-23,247.68,198.15,230.44,120.38,0.016039709562292392,0.0016681831968456962,0.006639874191857409,0.003083076410299146
2012-03-26,251.2,198.89,232.42,122.05,0.014211886304909438,0.003734544536966755,0.008592258288491639,0.01387273633493935
2012-03-27,250.58,198.91,232.71,121.72,-0.0024681528662419128,0.00010055809744091704,0.0012477411582481057,-0.002703809913969679
2012-03-28,248.11,198.05,231.14,121.15,-0.009857131455024315,-0.00432356342064244,-0.006746594473808654,-0.00468287873808737
2012-03-29,245.51,197.46,230.03,120.96,-0.010479222925315446,-0.0029790456955314237,-0.004802284329843309,-0.0015683037556748491
2012-03-30,249.48,197.54,230.27,121.41,0.01617042075679187,0.00040514534589286555,0.0010433421727600312,0.0037202380952381375
2012-04-02,252.7,198.41,232.66,122.32,0.01290684624017957,0.004404171307077043,0.01037912016328657,0.007495263981549982
2012-04-03,251.3,197.89,231.54,121.87,-0.005540166204986097,-0.002620835643364794,-0.004813891515516255,-0.003678875081752686
2012-04-04,247.38,196.61,228.26,120.63,-0.01559888579387192,-0.006468239931274766,-0.014166018830439664,-0.010174776401083219
2012-04-05,248.46,197.5,230.05,120.59,0.0043657530924083865,0.004526728040282757,0.007841934635941517,-0.0003315924728507502
2012-04-06,245.58,197.45,229.74,,-0.011591403042743309,-0.0002531645569621155,-0.0013475331449684935,
2012-04-09,243.96,196.93,228.26,119.23,-0.006596628389934023,-0.0026335781210432563,-0.006442064942979053,
2012-04-10,238.0,196.74,227.51,117.19,-0.02443023446466641,-0.0009648098309044117,-0.003285726802768729,-0.017109787805082655
2012-04-11,239.41,195.98,226.91,118.08,0.0059243697478992274,-0.0038629663515300505,-0.002637246714430108,0.007594504650567435
2012-04-12,243.71,196.33,228.79,119.71,0.017960820350027218,0.0017858965200532317,0.008285223216253135,0.013804200542005374
2012-04-13,240.87,197.41,230.02,118.22,-0.011653194370358277,0.005500942291040589,0.005376109095677428,-0.012446746303566902
2012-04-16,238.44,196.43,227.97,118.16,-0.010088429443268154,-0.004964287523428368,-0.00891226849839144,-0.0005075283369988526
2012-04-17,241.56,196.56,228.95,119.99,0.013085052843482714,0.0006618133686300265,0.004298811247093859,0.015487474610697438
2012-04-18,240.22,196.75,229.15,119.5,-0.005547276039079341,0.0009666259666258892,0.0008735531775496685,-0.004083673639469931
2012-04-19,239.0,196.58,228.9,118.8,-0.005078677878611271,-0.0008640406607368645,-0.0010909884355225774,-0.0058577405857740406
2012-04-20,240.81,196.13,228.6,118.94,0.007573221757322113,-0.002289144368704976,-0.001310615989515096,0.0011784511784511675
2012-04-23,239.24,196.58,228.84,117.94,-0.006519662804700732,0.0022943965737012295,0.0010498687664042272,-0.008407600470825671
2012-04-24,239.61,196.08,228.08,118.38,0.0015465641197125457,-0.0025434937430054427,-0.0033210977101905126,0.003730710530778447
2012-04-25,242.23,196.81,229.6,120.01,0.010934435123742592,0.0037229702162382416,0.006664328305857614,0.013769217773272668
2012-04-26,243.15,197.75,231.84,120.82,0.003798043182099642,0.00477618007215086,0.009756097560975618,0.006749437546871073
2012-04-27,244.37,197.77,232.09,121.11,0.005017478922475727,0.00010113780025289287,0.0010783298826777532,0.0024002648568117735
2012-04-30,242.74,197.7,231.93,120.64,-0.006670213201293129,-0.0003539465035142797,-0.0006893877375155899,-0.003880769548344487
2012-05-01,243.51,197.78,231.82,121.33,0.0031721183158934796,0.0004046535154274,-0.0004742810330703451,0.005719496021220127
2012-05-02,244.62,198.38,233.01,121.04,0.0045583343599853166,0.0030336737789462553,0.00513329307221122,-0.002390175554273455
2012-05-03,242.54,197.69,231.29,120.13,-0.008502984220423615,-0.0034781732029438572,-0.0073816574395948464,-0.007518175809649752
2012-05-04,239.01,197.42,229.57,118.19,-0.014554300321596436,-0.0013657746977591145,-0.007436551515413559,-0.016149171730625134
2012-05-07,238.33,197.14,229.16,118.24,-0.0028450692439645486,-0.0014182960186405191,-0.0017859476412422914,0.0004230476351636536
2012-05-08,238.15,197.4,229.1,117.75,-0.0007552553182562649,0.00131885969361889,-0.00026182579856870447,-0.004144113667117644
2012-05-09,238.13,197.41,229.19,116.99,-8.398068444259721e-05,5.0658561296712534e-05,0.0003928415539065089,-0.006454352441613631
2012-05-10,238.44,197.29,229.09,117.32,0.001301809935749354,-0.0006078719416443557,-0.00043631921113485017,0.0028207539105906676
2012-05-11,237.85,197.52,229.37,116.94,-0.002474417044120103,0.0011657965431599582,0.0012222270723296624,-0.0032390044323218348
2012-05-14,238.21,198.35,230.29,115.65,0.0015135589657346848,0.004202106115836379,0.004010986615512024,-0.011031298101590536
2012-05-15,237.3,198.62,230.28,115.01,-0.003820158683514485,0.0013612301487271328,-4.342350948804974e-05,-0.005533938607868549
2012-05-16,235.94,198.34,229.45,114.54,-0.005731142014327895,-0.0014097271171080727,-0.0036043077992010675,-0.004086601165116055
2012-05-17,233.31,197.81,228.25,112.83,-0.011146901754683358,-0.002672179086417259,-0.005229897581172316,-0.014929282346778483
2012-05-18,231.9,197.38,226.94,111.99,-0.00604346148900603,-0.0021738031444316075,-0.005739320920043811,-0.007444828503057721
2012-05-21,232.09,197.3,227.37,113.79,0.0008193186718412626,-0.00040530955517270595,0.0018947739490613458,0.016072863648540103
2012-05-22,233.51,197.19,227.1,113.85,0.006118316170450999,-0.0005575266092245901,-0.0011874917535295015,0.0005272871078301211
2012-05-23,238.84,200.03,231.63,114.05,0.022825574921844893,0.014402353060499973,0.019947159841479545,0.0017566974088714105
2012-05-24,238.52,199.81,231.5,114.22,-0.001339809077206433,-0.0010998350247463096,-0.0005612399084746755,0.0014905743095134927
2012-05-25,237.64,199.85,231.47,113.98,-0.0036894180781487096,0.0002001901806716333,-0.00012958963282938551,-0.0021012081947119343
2012-05-28,237.87,199.85,231.45,,0.0009678505302137541,0.0,-8.640428565265257e-05,
2012-05-29,239.39,199.94,232.57,115.26,0.006390044982553356,0.0004503377533149333,0.004839058111903327,
2012-05-30,244.82,202.77,237.31,113.64,0.022682651739838855,0.014154246273882176,0.02038096057101102,-0.01405517959396152
2012-05-31,246.43,203.69,238.78,113.39,0.006576260109468324,0.004537160329437295,0.006194429227592613,-0.0021999296022526815
2012-06-01,249.0,204.83,240.54,110.6,0.010428925049709825,0.005596740144337087,0.007370801574671182,-0.024605344386630312
2012-06-04,246.89,204.1,239.11,110.62,-0.00847389558232936,-0.003563931064785475,-0.005944957179678911,0.00018083182640160622
2012-06-05,245.88,203.67,238.29,111.26,-0.0040908906800598555,-0.002106810387065172,-0.0034293839655389347,0.005785572229253244
2012-06-06,238.71,201.33,234.52,113.85,-0.02916056612981932,-0.011489173663278729,-0.01582105837424974,0.0232788063994247
2012-06-07,237.2,200.02,231.97,113.84,-0.006325667127476953,-0.006506730243878267,-0.010873273068395028,-8.783487044350391e-05
2012-06-08,239.65,201.54,235.04,114.77,0.010328836424957855,0.007599240075992331,0.013234469974565677,0.008169360505973167
2012-06-11,240.56,201.12,234.53,113.33,0.0037972042562068875,-0.0020839535576063772,-0.002169843430905316,-0.012546832796026863
2012-06-12,237.79,200.54,233.23,114.65,-0.011514798802793491,-0.0028838504375497953,-0.005543000895407935,0.011647401394158763
2012-06-13,236.73,199.56,231.45,113.89,-0.004457714790361278,-0.004886805624812918,-0.007631951292715322,-0.0066288704753598715
2012-06-14,235.53,199.63,231.53,115.12,-0.005069066024584901,0.00035077169773489736,0.0003456470079932217,0.01079989463517439
2012-06-15,233.73,199.87,232.6,116.31,-0.007642338555598038,0.001202224114612127,0.004621431347989535,0.01033703961084087
2012-06-18,233.56,199.99,232.91,116.48,-0.0007273349591407907,0.0006003902536648731,0.0013327601031813963,0.001461611211417857
2012-06-19,230.16,198.44,230.18,117.63,-0.014557287206713454,-0.007750387519376067,-0.01172126572495813,0.009872939560439553
2012-06-20,229.81,198.06,229.43,117.43,-0.0015206812652067692,-0.0019149365047369526,-0.0032583195759839922,-0.0017002465357476293
2012-06-21,235.92,199.38,232.78,114.84,0.026587180714503278,0.006664647076643382,0.014601403478184949,-0.022055692753129574
2012-06-22,234.73,199.29,232.41,115.66,-0.005044082739911859,-0.00045139933794768883,-0.0015894836326144635,0.007140369209334585
2012-06-25,237.24,200.11,233.92,113.83,0.01069313679546724,0.004114606854332958,0.006497138677337366,-0.015822237592944877
2012-06-26,234.55,199.86,233.35,114.37,-0.011338728713539026,-0.0012493128779171858,-0.002436730506155893,0.0047439163665115025
2012-06-27,233.02,199.64,232.99,115.43,-0.0065231293967171755,-0.0011007705393777378,-0.0015427469466465782,0.009268164728512662
2012-06-28,236.86,200.44,234.78,115.19,0.016479272165479397,0.004007212983370145,0.007682733164513511,-0.002079182188339357
2012-06-29,223.73,196.99,227.45,118.06,-0.05543358946212962,-0.017212133306725108,-0.03122071726722897,0.024915357235871127
2012-07-02,225.23,198.22,230.0,118.36,0.006704509900326228,0.006243971775216961,0.011211255220927807,0.002541080806369722
2012-07-03,221.09,197.52,227.44,119.13,-0.018381210318341168,-0.0035314297245484516,-0.011130434782608667,0.006505576208178487
2012-07-04,221.48,197.99,228.26,,0.0017639875163959484,0.0023795058728230956,0.0036053464650016576,
2012-07-05,226.03,199.98,232.33,118.57,0.020543615676358984,0.010051012677407822,0.01783054411635865,
2012-07-06,231.63,201.03,235.15,117.49,0.02477547228244026,0.005250525052505228,0.012137907287048666,-0.009108543476427422
2012-07-09,231.86,201.01,235.48,117.3,0.0009929629149938446,-9.948763866096666e-05,0.001403359557728967,-0.0016171589071409809
2012-07-10,233.41,201.71,236.59,116.35,0.0066850685758645945,0.003482413810258267,0.0047137761168676295,-0.008098891730605295
2012-07-11,232.64,201.77,236.49,116.36,-0.003298916070434088,0.00029745674483172557,-0.00042267213322622066,8.594757198121528e-05
2012-07-12,236.69,202.98,238.34,115.78,0.017408872077028903,0.005996927194330093,0.007822740919277704,-0.004984530766586448
2012-07-13,233.1,202.35,237.61,117.7,-0.015167518695339943,-0.0031037540644398565,-0.0030628513887722697,0.016583174987044424
2012-07-16,233.89,202.82,238.74,117.42,0.003389103389103365,0.002322708178897903,0.004755692100500752,-0.0023789294817332385
2012-07-17,232.5,202.62,238.46,118.29,-0.005942964641498127,-0.0009860960457548362,-0.0011728239926279693,0.007409299948901493
2012-07-18,234.03,203.5,240.58,119.1,0.0065806451612904215,0.004343105320304019,0.008890379937935178,0.006847577986304643
2012-07-19,231.31,203.03,239.7,119.44,-0.011622441567320396,-0.0023095823095823365,-0.003657826918280871,0.0028547439126784813
2012-07-20,236.42,204.33,242.37,118.24,0.02209156543167179,0.0064029946313353125,0.011138923654568256,-0.010046885465505695
2012-07-23,241.05,204.28,242.29,117.19,0.019583791557397978,-0.0002447021974257835,-0.00033007385402483713,-0.008880243572395141
2012-07-24,242.74,204.03,241.53,116.13,0.00701099356979884,-0.0012238104562365404,-0.003136736968096021,-0.009045140370338767
2012-07-25,240.92,203.95,241.45,116.09,-0.007497734201203032,-0.0003920992010979507,-0.0003312217943941542,-0.0003444415740979645
2012-07-26,234.8,202.66,239.47,118.02,-0.025402623277436365,-0.0063250796763912875,-0.008200455580865573,0.01662503230252388
2012-07-27,229.48,201.5,236.95,120.28,-0.022657580919931974,-0.0057238724958057485,-0.010523238819058811,0.01914929672936805
2012-07-30,231.24,202.76,238.95,120.22,0.007669513683109752,0.006253101736972688,0.008440599282549144,-0.0004988360492185206
2012-07-31,232.14,202.8,239.23,119.7,0.0038920601971976776,0.00019727756954046605,0.0011717932621886362,-0.004325403427050345
2012-08-01,230.85,202.23,238.07,119.36,-0.005556991470664241,-0.00281065088757404,-0.004848890189357524,-0.0028404344193818654
2012-08-02,232.18,203.0,239.74,118.49,0.0057613168724279795,0.0038075458636206427,0.007014743562817616,-0.007288873994638068
2012-08-03,226.62,202.12,237.49,120.76,-0.023946937720733974,-0.004334975369458149,-0.009385167264536531,0.01915773482994365
2012-08-06,226.18,202.16,237.21,121.05,-0.0019415762068660802,0.00019790223629523318,-0.0011789970104004732,0.0024014574362372088
2012-08-07,222.26,200.97,234.12,121.67,-0.01733132902997625,-0.005886426592797811,-0.013026432275199173,0.005121850475010348
2012-08-08,222.46,201.35,234.72,121.78,0.0008998470260057623,0.0018908294770363376,0.0025627883136851715,0.000904084819594031
2012-08-09,222.6,201.86,235.64,121.88,0.0006293266205159576,0.0025329029053886565,0.0039195637355144974,0.0008211528986696859
2012-08-10,223.39,202.44,237.43,122.15,0.0035489667565138383,0.0028732785098581903,0.007596333389916943,0.0022152937315393917
2012-08-13,221.53,201.38,235.82,122.02,-0.008326245579479807,-0.005236119344003143,-0.006780945963020701,-0.0010642652476464676
2012-08-14,220.13,200.78,234.26,122.03,-0.006319685821333465,-0.002979441851226561,-0.006615214994487362,8.195377806918813e-05
2012-08-15,218.96,200.64,233.7,122.21,-0.00531504111207004,-0.0006972806056381176,-0.002390506275078974,0.0014750471195608128
2012-08-16,217.34,200.33,232.93,123.09,-0.00739861161856048,-0.0015450558213714327,-0.003294822421908372,0.007200720072007227
2012-08-17,217.83,200.59,233.36,123.32,0.0022545320695683824,0.0012978585334197934,0.0018460481689779318,0.0018685514664065206
2012-08-20,218.33,200.64,233.67,123.32,0.0022953679474819744,0.00024926466922559065,0.0013284196091873923,0.0
2012-08-21,216.99,200.31,232.79,122.89,-0.006137498282416498,-0.0016447368421051989,-0.0037659947789617787,-0.0034868634446966196
2012-08-22,218.56,200.28,233.23,122.93,0.007235356468040077,-0.00014976785981724028,0.0018901155547919046,0.00032549434453588155
2012-08-23,217.94,200.3,232.47,121.94,-0.00283674963396785,9.986019572605365e-05,-0.0032585859452042287,-0.008053363702920424
2012-08-24,218.16,200.49,233.19,122.74,0.0010094521427916892,0.0009485771342985228,0.0030971738288811945,0.0065606035755290115
2012-08-27,217.91,200.47,233.15,122.68,-0.0011459479281261675,-9.975559878305784e-05,-0.0001715339422787565,-0.0004888381945574727
2012-08-28,217.42,200.13,232.79,122.59,-0.002248634757468726,-0.00169601436623934,-0.001544070340982251,-0.000733615911314045
2012-08-29,217.79,199.69,232.76,122.72,0.0017017753656518586,-0.002198570928896193,-0.00012887151509943795,0.0010604453870626251
2012-08-30,218.41,199.6,232.82,121.78,0.0028467790073005705,-0.00045069858280333275,0.00025777625021472517,-0.007659713168187698
2012-08-31,219.79,200.41,234.44,122.4,0.006318392015017604,0.004058116232464881,0.006958165106090597,0.005091147971752363
2012-09-03,219.79,200.38,234.14,,0.0,-0.00014969312908541532,-0.0012796451117557117,
2012-09-04,218.75,199.91,232.82,122.26,-0.004731789435370115,-0.0023455434674118925,-0.005637652686426908,
2012-09-05,217.66,199.27,231.58,122.16,-0.004982857142857178,-0.0032014406482916424,-0.00532600292071117,-0.0008179290037625409
2012-09-06,218.49,199.82,232.75,124.67,0.0038132867775431123,0.0027600742710893744,0.00505224976250096,0.0205468238375901
2012-09-07,220.81,200.28,233.57,125.19,0.010618334935237339,0.0023020718646782345,0.0035230934479053566,0.004171011470281538
2012-09-10,219.33,199.43,231.69,124.42,-0.006702594991168875,-0.004244058318354282,-0.008048978892837289,-0.006150651010464081
2012-09-11,221.02,199.86,231.93,124.82,0.0077052842748370765,0.002156145013287869,0.0010358668911045754,0.0032149172158815187
2012-09-12,219.6,199.22,230.28,125.11,-0.006424757940457937,-0.0032022415690984296,-0.007114215496054843,0.002323345617689432
2012-09-13,223.21,200.67,233.18,127.17,0.016438979963570244,0.007278385704246437,0.012593364599617907,0.016465510350891277
2012-09-14,221.26,200.23,231.88,127.67,-0.008736167734420541,-0.0021926546070663022,-0.005575092203447984,0.003931744908390433
2012-09-17,217.07,198.7,228.64,127.28,-0.01893699719786679,-0.0076412126055036556,-0.013972744523029212,-0.003054750528706851
2012-09-18,216.35,198.56,228.56,127.12,-0.0033169023817202214,-0.0007045797684951394,-0.00034989503149052137,-0.0012570710245128902
2012-09-19,217.24,198.68,229.23,127.27,0.0041137046452508486,0.0006043513295730385,0.002931396569828326,0.001179987413467476
2012-09-20,217.43,198.82,229.68,127.22,0.0008746087276745307,0.0007046506945842523,0.0019630938358854433,-0.00039286556140483153
2012-09-21,218.7,199.31,230.19,127.21,0.005840960309065002,0.0024645407906649375,0.0022204806687564638,-7.860399308290411e-05
2012-09-24,217.16,198.69,229.34,126.93,-0.007041609510745284,-0.00311073202548795,-0.003692601763760295,-0.0022010848203756206
2012-09-25,216.95,198.47,228.72,125.61,-0.0009670289187696524,-0.0011072525039005354,-0.0027034097845992644,-0.0103994327582132
2012-09-26,215.84,197.59,227.45,124.91,-0.005116386264116035,-0.004433919484053028,-0.005552640783490825,-0.00557280471300059
2012-09-27,218.77,198.96,229.74,126.13,0.013574870274277284,0.006933549268687722,0.010068146845460646,0.009767032263229503
2012-09-28,218.5,198.78,229.58,125.56,-0.0012341728756228854,-0.000904704463208672,-0.0006964394532950058,-0.004519146911916239
2012-10-01,218.83,198.83,229.56,125.9,0.001510297482837597,0.00025153435959368586,-8.711560240448613e-05,0.0027078687480088792
2012-10-02,217.17,198.43,228.66,126.02,-0.007585797194169075,-0.002011768847759443,-0.003920543648719299,0.0009531374106432899
2012-10-03,215.11,198.1,228.24,126.51,-0.009485656398213305,-0.0016630549816056828,-0.001836788244555132,0.003888271702904289
2012-10-04,218.97,198.7,229.49,127.41,0.017944307563572126,0.003028773346794411,0.005476691202243256,0.007114062129475851
2012-10-05,217.18,198.19,227.9,127.42,-0.008174635794857665,-0.002566683442375428,-0.006928406466512715,7.8486774978348e-05
2012-10-08,216.25,197.8,227.48,126.98,-0.004282162261718403,-0.0019678086684493667,-0.0018429135585783518,-0.0034531470726730795
2012-10-09,215.62,197.41,226.08,125.72,-0.002913294797687871,-0.0019716885743176205,-0.006154387198874511,-0.009922822491731043
2012-10-10,214.4,196.87,225.23,124.96,-0.005658102216863026,-0.002735423737399323,-0.003759731068648353,-0.006045179764556208
2012-10-11,216.79,197.66,226.99,125.0,0.011147388059701502,0.004012800325087662,0.00781423433823214,0.0003201024327785795
2012-10-12,215.48,197.04,225.76,124.63,-0.006042714147331485,-0.003136699382778496,-0.005418740913696762,-0.0029600000000000737
2012-10-15,214.43,196.99,225.48,125.64,-0.004872842027102253,-0.00025375558262275,-0.0012402551381998084,0.008103987803899537
2012-10-16,214.77,196.45,224.45,126.93,0.0015855990299864509,-0.0027412559013149096,-0.004568032641475983,0.010267430754536733
2012-10-17,216.52,195.97,223.26,127.47,0.008148251618010027,-0.002443369814202012,-0.005301848964134548,0.004254313401087062
2012-10-18,215.35,195.36,221.93,127.16,-0.005403657860705735,-0.0031127213348981497,-0.005957179969542148,-0.002431944771318806
2012-10-19,212.94,193.84,219.29,125.06,-0.011191084281402364,-0.007780507780507873,-0.011895642770242909,-0.01651462724127084
2012-10-22,211.9,193.28,218.35,125.12,-0.004884004884004867,-0.0028889806025588216,-0.004286561174700165,0.00047976971053897977
2012-10-23,210.12,192.34,216.58,123.31,-0.008400188768286965,-0.004863410596026463,-0.008106251431188372,-0.014466112531969277
2012-10-24,210.81,192.36,216.82,122.93,0.0032838378069675045,0.00010398253093479859,0.001108135561916912,-0.0030816640986132127
2012-10-25,210.92,192.17,216.49,123.3,0.0005217968787059046,-0.000987731337076414,-0.0015219998155151515,0.003009843000081336
2012-10-26,211.04,192.39,217.07,123.21,0.0005689360895126949,0.0011448196908987462,0.0026791075800267627,-0.0007299270072993469
2012-10-29,209.94,192.52,217.53,,-0.005212282031842319,0.0006757107957795494,0.0021191320772102618,
2012-10-30,210.53,192.45,217.7,,0.0028103267600267934,-0.0003635985871598413,0.0007815014021053113,
2012-10-31,211.36,192.8,218.43,123.25,0.003942431007457392,0.0018186541958951086,0.00335323840147006,
2012-11-01,212.11,193.47,219.59,124.6,0.003548448145344496,0.0034751037344398217,0.005310625829785254,0.010953346855983703
2012-11-02,207.88,193.34,218.28,123.43,-0.019942482674084272,-0.0006719388018814332,-0.0059656632815702215,-0.009390048154092945
2012-11-05,207.44,193.88,219.15,123.72,-0.002116605734077348,0.002793007137684933,0.003985706432105607,0.0023495098436359108
2012-11-06,211.06,194.21,219.92,124.69,0.017450829155418512,0.0017020837631525065,0.0035135751768193835,0.00784028451341734
2012-11-07,208.17,194.25,219.95,121.85,-0.013692788780441667,0.00020596261778482727,0.0001364132411785235,-0.022776485684497527
2012-11-08,206.41,193.85,219.1,120.36,-0.008454628428688049,-0.00205920205920207,-0.003864514662423213,-0.012228149363972096
2012-11-09,204.99,193.83,218.92,120.57,-0.006879511651567194,-0.00010317255609992859,-0.000821542674577902,0.0017447657028912822
2012-11-12,204.67,193.45,218.13,120.58,-0.0015610517586224226,-0.001960480833720357,-0.0036086241549424525,8.293937131953477e-05
2012-11-13,204.42,193.37,218.16,120.14,-0.001221478477549276,-0.0004135435513051844,0.00013753266400762243,-0.0036490296898324948
2012-11-14,204.2,192.76,217.09,118.52,-0.0010762156344780172,-0.003154574132492205,-0.004904657132379864,-0.013484268353587514
2012-11-15,204.06,192.36,216.53,118.34,-0.0006856023506365272,-0.002075119319360774,-0.002579575291353775,-0.0015187310158621958
2012-11-16,204.44,192.51,216.63,118.93,0.0018621973929235924,0.0007797878976916195,0.00046182976954689536,0.004985634612134637
2012-11-19,207.82,192.05,216.7,121.3,0.01653296810800242,-0.002389486260453877,0.0003231316068872392,0.019927688556293566
2012-11-20,207.62,191.49,215.64,121.39,-0.0009623712828408237,-0.0029159073158031568,-0.004891555145362214,0.0007419620774937741
2012-11-21,208.63,191.46,215.81,121.67,0.004864656584144145,-0.00015666614444620475,0.0007883509552959467,0.002306615042425353
2012-11-22,209.15,191.59,216.16,,0.002492450750131825,0.0006789930011490419,0.0016217969510217145,
2012-11-23,212.74,191.57,217.24,123.27,0.017164714319866103,-0.00010438958191982817,0.004996299037749896,
2012-11-26,211.68,191.53,217.34,123.03,-0.004982607878161183,-0.0002088009604843677,0.0004603203829864899,-0.0019469457288877612
2012-11-27,211.44,191.43,217.04,122.39,-0.0011337868480726376,-0.0005221114185767206,-0.001380325756878631,-0.005201983256116427
2012-11-28,211.71,192.24,218.44,123.39,0.0012769580022702343,0.004231311706629048,0.00645042388499828,0.008170602173380281
2012-11-29,212.13,192.6,218.97,123.94,0.001983845826838637,0.001872659176029856,0.0024262955502656336,0.004457411459599658
2012-11-30,210.66,192.56,218.68,123.96,-0.006929712911893593,-0.00020768431983375635,-0.0013243823354797124,0.00016136840406644204
2012-12-03,210.15,191.64,217.29,123.37,-0.0024209626886926294,-0.004777731616119718,-0.006356319736601446,-0.004759599870926001
2012-12-04,210.13,191.71,217.49,123.16,-9.517011658344288e-05,0.000365268211229397,0.000920428919876759,-0.001702196644240983
2012-12-05,211.44,192.73,219.66,123.4,0.006234235949174272,0.005320536226592232,0.00997747022851625,0.0019486846378695688
2012-12-06,211.68,193.91,221.58,123.84,0.0011350737797957144,0.006122554869506525,0.00874078120732058,0.003565640194489461
2012-12-07,211.59,193.97,221.38,124.21,-0.00042517006802722523,0.00030942189675631226,-0.0009026085386768523,0.0029877260981912013
2012-12-10,212.66,194.42,222.11,124.26,0.0050569497613308645,0.0023199463834613354,0.003297497515584169,0.00040254407857664987
2012-12-11,213.34,194.67,222.64,125.07,0.003197592401015692,0.0012858759386893404,0.0023862050335419216,0.0065185900531143925
2012-12-12,215.59,195.05,223.5,125.16,0.010546545420455633,0.0019520213694972366,0.003862738052461401,0.000719597025665708
2012-12-13,213.28,193.93,221.48,124.4,-0.0107147826893641,-0.005742117405793445,-0.009038031319910544,-0.0060722275487375965
2012-12-14,214.23,193.77,221.63,123.89,0.004454238559639778,-0.0008250399628731975,0.000677262055264638,-0.004099678456591649
2012-12-17,213.65,193.31,220.84,125.36,-0.002707370583018176,-0.002373948495639211,-0.003564499390876663,0.01186536443619346
2012-12-18,213.25,193.43,220.86,126.8,-0.0018722209220688457,0.0006207645750349045,9.056330374934696e-05,0.01148691767708998
2012-12-19,213.68,193.31,221.22,125.84,0.002016412661195899,-0.000620379465439691,0.0016299918500406463,-0.007570977917981003
2012-12-20,213.03,193.16,220.92,126.56,-0.0030419318607263213,-0.0007759557187936306,-0.001356116083536807,0.005721551176096629
2012-12-21,210.6,191.84,218.81,125.38,-0.011406844106463865,-0.006833712984054663,-0.009550968676443894,-0.009323640960809176
2012-12-24,210.48,191.73,218.77,125.09,-0.0005698005698006048,-0.0005733944954129377,-0.0001828070015080785,-0.0023129685755303164
2012-12-25,210.4,191.76,218.88,,-0.0003800836183959211,0.00015647003598817655,0.0005028111715499328,
2012-12-26,211.12,191.81,219.22,124.5,0.003422053231939115,0.0002607425949103792,0.0015533625730994594,
2012-12-27,212.41,192.51,221.04,124.37,0.006110269041303518,0.0036494447630466276,0.008302162211476949,-0.0010441767068273267
2012-12-28,211.62,192.22,220.11,123.01,-0.003719222258839028,-0.0015064152511556905,-0.004207383279044463,-0.010935112969365557
2012-12-31,212.52,192.66,221.47,125.09,0.004252906152537594,0.0022890438039746552,0.006178728817409329,0.01690919437444105
2013-01-02,214.86,194.3,224.37,128.29,0.011010728402032655,0.008512405273539025,0.013094324287713954,0.02558158126149168
2013-01-03,212.73,194.1,223.44,128.02,-0.009913432002234157,-0.0010293360782296368,-0.004144939162989747,-0.002104606750331084
2013-01-04,213.26,193.55,222.84,128.65,0.0024914210501574274,-0.0028335909325089004,-0.0026852846401718145,0.004921106077175441
2013-01-07,213.36,193.26,222.52,128.25,0.00046891118822101063,-0.0014983208473263732,-0.0014360078980434343,-0.0031092110376992332
2013-01-08,212.09,193.04,221.9,127.87,-0.005952380952381042,-0.0011383628272793045,-0.0027862664030199324,-0.002962962962962945
2013-01-09,213.1,193.85,223.49,128.22,0.004762129284737515,0.004196021549937923,0.0071653898152321815,0.0027371549229686654
2013-01-10,215.23,194.29,224.78,129.19,0.009995307367433037,0.0022697962342017597,0.0057720703387176275,0.007565122445796213
2013-01-11,214.65,193.4,223.79,129.2,-0.002694791618268799,-0.00458078130629469,-0.0044043064329567505,7.740537193279273e-05
2013-01-14,212.54,193.5,224.07,129.08,-0.009829955741905483,0.0005170630816959676,0.0012511729746638167,-0.0009287925696592758
2013-01-15,210.2,192.91,222.85,129.22,-0.011009692293215356,-0.0030490956072352082,-0.005444727094211621,0.0010845986984815426
2013-01-16,208.9,192.7,222.13,129.26,-0.00618458610846806,-0.00108859053444621,-0.0032308727843841645,0.00030954960532425524
2013-01-17,210.21,193.44,223.3,129.99,0.00627094303494502,0.0038401660612350508,0.0052671858821411455,0.005647532105833353
2013-01-18,208.0,193.61,223.72,130.44,-0.010513296227582014,0.0008788254755998093,0.0018808777429466517,0.0034618047542118724
2013-01-21,207.8,193.56,223.76,,-0.0009615384615384581,-0.00025825112339239453,0.00017879492222427906,
2013-01-22,208.26,194.07,224.79,131.02,0.002213666987487928,0.002634841909485486,0.00460314622810154,
2013-01-23,207.46,193.94,224.44,131.22,-0.0038413521559588215,-0.0006698613902199613,-0.0015570087637349905,0.0015264845061822019
2013-01-24,209.21,194.75,226.1,131.23,0.008435361033452216,0.004176549448283051,0.007396186063090449,7.620789513795856e-05
2013-01-25,211.35,194.83,226.43,131.94,0.010228956550834,0.00041078305519892666,0.0014595311808933698,0.005410348243541918
2013-01-28,210.94,194.61,225.68,131.7,-0.0019399101017270048,-0.0011291895498639626,-0.003312281941438844,-0.0018190086402911643
2013-01-29,212.78,195.48,227.47,132.38,0.008722859580923448,0.004470479420379148,0.007931584544487835,0.005163249810174797
2013-01-30,212.36,195.41,227.29,131.9,-0.0019738697245981207,-0.00035809289952937196,-0.0007913131401943163,-0.00362592536636952
2013-01-31,212.05,195.47,227.41,131.57,-0.001459785270295777,0.00030704672227632734,0.0005279598750496106,-0.0025018953752844464
2013-02-01,214.27,196.9,230.22,132.89,0.010469228955435117,0.00731570061902076,0.012356536651862315,0.010032682222391065
2013-02-04,209.31,195.43,227.32,131.36,-0.02314836421337574,-0.007465718638902996,-0.012596646685778867,-0.011513281661524322
2013-02-05,211.75,195.91,228.05,132.75,0.011657350341598649,0.0024561223967660695,0.003211332042935222,0.010581607795371317
2013-02-06,209.81,195.82,228.24,132.84,-0.009161747343565563,-0.00045939461997857034,0.0008331506248628884,0.0006779661016949046
2013-02-07,207.63,195.06,226.73,132.65,-0.010390353176683687,-0.003881115309978478,-0.006615842972309882,-0.0014302920806985586
2013-02-08,209.6,195.63,228.06,133.4,0.009488031594663493,0.0029221777914487657,0.005866008027168856,0.005653976630229929
2013-02-11,211.72,195.6,227.88,133.33,0.010114503816794018,-0.00015335071308086867,-0.0007892659826361781,-0.0005247376311843244
2013-02-12,214.45,196.31,229.58,133.55,0.012894388815416491,0.003629856850715818,0.007460066701773016,0.0016500412510311868
2013-02-13,216.57,196.89,230.19,133.69,0.00988575425507121,0.0029545107228361456,0.0026570258733338292,0.001048296518157965
2013-02-14,216.5,197.1,230.64,133.8,-0.0003232211294269538,0.001066585403016962,0.001954906816108437,0.0008227990126412621
2013-02-15,216.25,196.71,229.81,133.67,-0.0011547344110854896,-0.0019786910197868712,-0.003598681928546621,-0.0009715994020929042
2013-02-18,216.2,196.8,230.07,,-0.00023121387283242534,0.0004575263077626346,0.0011313693921064516,
2013-02-19,219.08,197.71,231.97,134.67,0.013320999074930784,0.004623983739837412,0.008258356152475388,
2013-02-20,217.38,197.15,230.03,133.01,-0.0077597224758080285,-0.0028324313388295996,-0.008363150407380227,-0.012326427563674192
2013-02-21,212.29,195.25,225.65,132.2,-0.02341521759131482,-0.009637331980725361,-0.019040994652871346,-0.006089767686640157
2013-02-22,214.73,195.97,227.34,133.38,0.011493711432474463,0.003687580025608206,0.007489474850432165,0.008925869894099936
2013-02-25,212.4,196.07,227.11,130.93,-0.010850835933497782,0.0005102821860487605,-0.0010117005366411247,-0.01836857100014988
2013-02-26,205.18,194.19,222.92,131.76,-0.03399246704331449,-0.00958841230172891,-0.01844920963409813,0.006339265256243731
2013-02-27,206.94,194.76,223.89,133.46,0.008577834096890502,0.0029352695813378293,0.004351336802440375,0.012902246508804005
2013-02-28,207.05,195.68,225.35,133.36,0.000531555040108378,0.004723762579585289,0.006521059448836519,-0.0007492881762325432
2013-03-01,205.76,196.55,226.23,133.67,-0.00623037913547464,0.004446034341782479,0.0039050366097181932,0.0023245350929812503
2013-03-04,205.52,196.12,225.74,134.29,-0.001166407465007735,-0.0021877384889341656,-0.0021659373204260257,0.004638288321987094
2013-03-05,207.36,196.94,227.76,135.57,0.008952899961074401,0.004181113603916042,0.008948347656595912,0.009531610693275683
2013-03-06,209.0,197.65,229.22,135.76,0.007908950617283805,0.003605158931654362,0.0064102564102563875,0.0014014900051633195
2013-03-07,210.09,196.8,228.05,136.02,0.005215311004784784,-0.0043005312420946185,-0.005104266643399247,0.0019151443724221284
2013-03-08,213.04,197.98,229.49,136.64,0.014041601218525379,0.005995934959349469,0.006314404735803469,0.004558153212762761
2013-03-11,212.84,198.26,230.17,137.1,-0.0009387908374013376,0.001414284271138433,0.0029630920737286903,0.003366510538641787
2013-03-12,211.68,198.07,229.69,136.77,-0.005450103364029291,-0.0009583375365681546,-0.0020854151279489086,-0.0024070021881836823
2013-03-13,211.75,198.03,229.43,137.0,0.00033068783068790353,-0.00020194880597768083,-0.001131960468457427,0.0016816553337719586
2013-03-14,210.82,197.91,229.63,137.77,-0.004391971664698957,-0.0006059687926072144,0.000871725580787075,0.005620437956204372
2013-03-15,209.77,197.99,230.44,137.55,-0.004980552129778881,0.0004042241422870241,0.0035274136654619426,-0.0015968643391158777
2013-03-18,208.45,198.14,229.9,136.79,-0.0062926061877295325,0.0007576140209100135,-0.0023433431695886187,-0.005525263540530845
2013-03-19,206.89,198.04,229.62,136.46,-0.0074838090669225865,-0.0005046936509538469,-0.0012179208351457138,-0.0024124570509539423
2013-03-20,206.84,197.98,229.86,137.38,-0.00024167431968669106,-0.00030296909715210596,0.0010452051215050773,0.006741902388978316
2013-03-21,205.29,197.43,228.66,136.24,-0.007493714948752728,-0.0027780583897362154,-0.0052205690420256134,-0.008298151113699137
2013-03-22,204.76,196.96,228.01,137.22,-0.002581713673340147,-0.0023805905890695866,-0.0028426484737165136,0.007193188490898228
2013-03-25,205.47,197.41,228.29,136.76,0.003467474116038316,0.0022847278635256263,0.0012280163150739654,-0.0033522810085994115
2013-03-26,204.67,198.03,229.39,137.87,-0.003893512434905433,0.003140671698495634,0.0048184326952560586,0.008116408306522382
2013-03-27,204.41,198.61,230.22,137.8,-0.0012703376166511848,0.0029288491642680547,0.003618291991804412,-0.0005077246681656211
2013-03-28,206.28,198.27,229.8,138.36,0.009148280416809484,-0.001711897688938091,-0.0018243419338024314,0.0040638606676342
2013-03-29,205.9,198.18,229.61,,-0.001842156292418018,-0.00045392646391284597,-0.0008268059181897325,
2013-04-01,206.3,197.7,228.48,137.75,0.0019426906265178623,-0.0024220405691796065,-0.0049213884412701026,
2013-04-02,208.07,198.85,230.31,138.46,0.008579738245273694,0.005816894284269125,0.008009453781512743,0.005154264972776934
2013-04-03,205.86,198.21,229.13,137.02,-0.010621425481808888,-0.0032185064118681606,-0.0051235291563545005,-0.010400115556839507
2013-04-04,206.67,198.48,230.77,137.59,0.003934712911687344,0.0013621916149537672,0.007157508837777771,0.004159976645745189
2013-04-05,204.32,197.5,230.04,137.0,-0.011370784342187967,-0.004937525191454961,-0.003163322788924061,-0.004288102333018462
2013-04-08,205.11,198.15,231.19,137.91,0.0038664839467503764,0.003291139240506391,0.004999130585985112,0.006642335766423368
2013-04-09,204.53,197.53,230.31,138.4,-0.0028277509628980013,-0.0031289427201615094,-0.003806393010078235,0.0035530418388804996
2013-04-10,206.0,198.66,232.77,140.09,0.007187209700288522,0.005720650027843943,0.010681255698840708,0.01221098265895959
2013-04-11,206.32,199.12,234.04,140.6,0.0015533980582524975,0.0023155139434209993,0.005456029557073361,0.003640516810621719
2013-04-12,206.24,200.21,235.87,140.21,-0.0003877471888328321,0.005474085978304455,0.007819176209195033,-0.002773826458036921
2013-04-15,207.18,199.99,235.28,136.99,0.004557796741660125,-0.001098846211477933,-0.002501377877644484,-0.022965551672491258
2013-04-16,205.9,199.4,234.5,138.95,-0.0061782025292016485,-0.0029501475073754335,-0.003315198911934769,0.01430761369443001
2013-04-17,206.58,199.89,234.63,136.96,0.003302574065080277,0.002457372116348999,0.0005543710021320702,-0.01432169845268072
2013-04-18,206.05,199.65,234.09,136.04,-0.002565592022460983,-0.001200660363199657,-0.0023014959723820505,-0.006717289719626263
2013-04-19,206.67,199.96,235.18,137.25,0.0030089784033000555,0.0015527172551965673,0.004656328762441708,0.008894442810938097
2013-04-22,206.68,200.15,235.75,137.89,4.838631634984658e-05,0.000950190038007559,0.0024236754826090223,0.0046630236794169555
2013-04-23,208.86,201.14,237.82,139.33,0.01054770659957427,0.004946290282288102,0.008780487804878057,0.010443106824280513
2013-04-24,209.27,201.21,237.94,139.35,0.001963037441348181,0.00034801630704994757,0.0005045832982928378,0.00014354410392569683
2013-04-25,205.97,199.9,235.72,139.92,-0.01576910211688254,-0.006510610804632,-0.009330083214255658,0.004090419806243251
2013-04-26,206.57,200.49,236.96,139.66,0.0029130455891634988,0.002951475737869025,0.005260478533853696,-0.0018582046883932613
2013-04-29,205.47,201.11,238.19,140.67,-0.005325071404366555,0.0030924235622724616,0.005190749493585445,0.007231848775597793
2013-04-30,204.6,201.04,238.47,141.02,-0.00423419477295961,-0.0003480682213714559,0.001175532138208979,0.0024880926992252306
2013-05-01,205.51,201.77,239.68,139.72,0.004447702834799561,0.003631118185435822,0.0050740135027467215,-0.009218550560204264
2013-05-02,205.49,202.01,239.73,141.04,-9.731886526198608e-05,0.0011894731625117227,0.00020861148197592883,0.00944746636129401
2013-05-03,202.5,200.63,237.51,142.54,-0.01455058640323137,-0.006831344982921594,-0.009260417970216483,0.010635280771412292
2013-05-06,201.84,200.15,236.48,142.82,-0.003259259259259295,-0.0023924637392214176,-0.0043366595090733595,0.0019643608811561464
2013-05-07,200.22,200.09,236.04,143.57,-0.008026159334126093,-0.0002997751686235617,-0.001860622462787509,0.005251365354992377
2013-05-08,199.72,200.77,237.62,144.23,-0.002497253021676138,0.003398470688190436,0.006693780715133046,0.004597060667270281
2013-05-09,201.62,200.8,237.34,143.76,0.009513318646104496,0.0001494247148479122,-0.0011783519905731454,-0.003258684046314908
2013-05-10,199.49,200.1,235.9,144.39,-0.010564428132129766,-0.003486055776892538,-0.006067245302098234,0.004382303839732815
2013-05-13,199.2,199.79,235.38,144.41,-0.0014537069527296165,-0.0015492253873063966,-0.002204323866044966,0.00013851374748941048
2013-05-14,200.46,200.87,236.89,145.9,0.006325301204819445,0.0054056759597578274,0.006415158467159454,0.010317845024582883
2013-05-15,201.83,202.05,239.14,146.69,0.006834281153347277,0.005874446159207514,0.009498079277301619,0.00541466758053466
2013-05-16,202.63,202.12,239.61,145.97,0.003963731853539931,0.00034644889878743257,0.0019653759304174567,-0.004908310041584318
2013-05-17,203.88,203.71,241.97,147.47,0.00616887923802012,0.007866613892737018,0.009849338508409522,0.010276084126875418
2013-05-20,201.19,202.91,241.04,147.37,-0.013194035707278728,-0.0039271513425949145,-0.00384345166756217,-0.0006781040211567557
2013-05-21,202.05,203.01,241.31,147.63,0.004274566330334517,0.0004928293332018274,0.001120146033853242,0.001764266811427051
2013-05-22,202.67,203.85,241.99,146.42,0.00306854738925999,0.004137727205556496,0.00281795201193491,-0.008196166090903012
2013-05-23,198.44,201.17,236.75,146.02,-0.02087136724724914,-0.013146921756193364,-0.02165378734658463,-0.002731867231252405
2013-05-24,197.83,200.58,235.55,145.94,-0.003073977020761842,-0.0029328428692149133,-0.005068637803590237,-0.0005478701547734222
2013-05-27,197.56,200.55,235.37,,-0.0013648081686297164,-0.00014956625785222943,-0.0007641689662492013,
2013-05-28,196.73,201.75,236.59,146.87,-0.004201255314841168,0.005983545250560995,0.005183328376598517,
2013-05-29,192.49,199.08,232.27,145.86,-0.021552381436486412,-0.013234200743494351,-0.018259436155374287,-0.0068768298495267555
2013-05-30,190.56,197.87,230.96,146.41,-0.010026494882851122,-0.00607795860960425,-0.005639987945063929,0.0037707390648566985
2013-05-31,191.11,197.58,229.74,144.32,0.0028862300587741974,-0.001465608733006496,-0.005282299965362003,-0.01427498121713
2013-06-03,186.44,195.15,226.22,145.19,-0.024436188582491858,-0.012298815669602225,-0.015321667972490682,0.0060282705099778955
2013-06-04,187.41,195.43,226.35,144.4,0.005202746191804275,0.0014347937483987216,0.0005746618336133213,-0.0054411460844410175
2013-06-05,186.73,193.93,223.23,142.44,-0.0036284083026519864,-0.007675382489894078,-0.013783962889330703,-0.013573407202216115
2013-06-06,181.84,192.4,220.7,143.67,-0.026187543512022682,-0.007889444644974986,-0.011333602114411145,0.008635214827295679
2013-06-07,185.29,193.55,222.45,145.52,0.018972723273207093,0.00597713097713104,0.007929315813321347,0.012876731398343555
2013-06-10,184.62,194.22,223.62,145.48,-0.003615953370392333,0.003461637819684782,0.005259608900876733,-0.0002748763056625858
2013-06-11,182.6,193.56,222.23,144.0,-0.010941393131838395,-0.0033982082174852657,-0.006215901976567406,-0.010173219686554824
2013-06-12,181.32,192.73,221.12,142.83,-0.007009857612267245,-0.004288076048770462,-0.004994825181118601,-0.008124999999999938
2013-06-13,180.22,192.47,220.97,144.96,-0.006066622545775391,-0.0013490375136200328,-0.0006783646888567363,0.014912833438353257
2013-06-14,178.24,191.95,220.39,144.11,-0.010986571967595116,-0.002701719748532283,-0.0026247906955696454,-0.005863686534216317
2013-06-17,180.34,192.45,221.49,145.2,0.011781867145421954,0.002604845011721757,0.004991152048641201,0.007563666643535916
2013-06-18,180.27,193.22,222.91,146.34,-0.000388155705888793,0.004001039230969061,0.006411124655740563,0.007851239669421695
2013-06-19,184.64,192.53,221.82,144.31,0.024241415654296272,-0.003571058896594592,-0.004889865865147391,-0.013871805384720548
2013-06-20,188.62,193.66,222.46,140.72,0.021555459272097233,0.005869215187243482,0.002885222252276609,-0.024877000900838442
2013-06-21,188.59,193.1,221.12,141.1,-0.00015904994168169928,-0.002891665806051824,-0.006023554796367847,0.002700397953382616
2013-06-24,189.74,193.04,220.55,139.39,0.006097884299273604,-0.00031071983428276884,-0.0025777858176555535,-0.012119064493267273
2013-06-25,189.58,192.98,220.52,140.72,-0.0008432591967956204,-0.00031081641110652924,-0.00013602357742004134,0.009541574001004527
2013-06-26,188.88,193.81,221.93,142.1,-0.003692372613144923,0.004300963830448756,0.00639397787048801,0.009806708357021021
2013-06-27,187.28,194.24,222.97,142.99,-0.008470986869970276,0.0022186677674012056,0.004686162303428887,0.006263194933145755
2013-06-28,187.8,194.61,223.15,142.38,0.0027765912003416826,0.0019048599670510313,0.000807283491052635,-0.004266032589691715
2013-07-01,187.71,193.83,221.94,143.17,-0.0004792332268370725,-0.004008016032064132,-0.005422361640152418,0.005548532097204628
2013-07-02,187.56,194.19,222.22,143.12,-0.0007991050023973267,0.0018572976319455314,0.0012616022348381772,-0.00034923517496665557
2013-07-03,188.0,194.37,222.46,143.24,0.002345915973555046,0.0009269272362120162,0.001080010800108111,0.000838457238680812
2013-07-04,187.64,194.24,222.08,,-0.0019148936170213515,-0.0006688274939548045,-0.0017081722556864243,
2013-07-05,190.76,196.9,225.96,144.7,0.016627584736729872,0.013694398682042808,0.01747118155619587,
2013-07-08,188.62,196.11,224.81,145.51,-0.011218284755713959,-0.004012188928390059,-0.005089396353336939,0.005597788527988978
2013-07-09,186.3,196.39,224.93,146.56,-0.01229986215671719,0.001427770129009076,0.0005337840843377961,0.00721599890041924
2013-07-10,187.55,195.85,224.7,146.59,0.006709608158883551,-0.002749630836600625,-0.0010225403458854476,0.00020469432314418334
2013-07-11,183.81,194.04,222.28,148.6,-0.01994134897360711,-0.009241766658156791,-0.010769915442812583,0.013711712940855492
2013-07-12,184.49,194.61,223.65,149.05,0.0036994722811598546,0.002937538651824445,0.006163397516645741,0.00302826379542398
2013-07-15,184.35,194.94,224.23,149.26,-0.0007588487180877346,0.0016956990904886116,0.0025933378046052447,0.001408923180140853
2013-07-16,181.78,193.76,222.64,148.71,-0.013940873338757709,-0.006053144557299772,-0.00709093341658118,-0.003684845236499923
2013-07-17,181.91,194.13,223.47,149.14,0.0007151501815381156,0.0019095788604459596,0.0037279913762127137,0.0028915338578439087
2013-07-18,181.53,194.55,224.11,149.9,-0.0020889450827331624,0.002163498686447385,0.0028639190942856274,0.005095883062893991
2013-07-19,180.89,194.12,223.61,150.15,-0.0035255880570704834,-0.002210228732973607,-0.002231047253580809,0.0016677785190126748
2013-07-22,179.38,193.07,222.08,150.46,-0.00834761457239197,-0.005409025345147422,-0.0068422700237019685,0.002064602064602017
2013-07-23,178.64,192.78,221.74,150.18,-0.004125320548556188,-0.001502045890091619,-0.0015309798270893848,-0.0018609597235145214
2013-07-24,181.3,193.41,222.64,149.61,0.014890282131661658,0.0032679738562091387,0.004058807612518978,-0.003795445465441416
2013-07-25,180.32,192.66,221.45,149.99,-0.005405405405405461,-0.003877772607414287,-0.005344951491196515,0.002539937169975248
2013-07-26,178.78,192.27,220.86,150.12,-0.008540372670807428,-0.002024291497975672,-0.002664258297583988,0.0008667244482964964
2013-07-29,179.11,192.0,220.21,149.56,0.0018458440541448962,-0.0014042752379467283,-0.002943040840351352,-0.0037303490540900874
2013-07-30,179.69,192.65,221.43,149.63,0.0032382334878007235,0.0033854166666666963,0.005540166204986097,0.0004680395827760808
2013-07-31,179.86,192.7,221.4,149.63,0.0009460737937561081,0.00025953802232026035,-0.00013548299688392884,0.0
2013-08-01,184.45,194.73,225.81,151.52,0.02551984877126645,0.010534509600415243,0.01991869918699196,0.01263115685357219
2013-08-02,182.16,194.2,225.29,151.77,-0.012415288696123516,-0.0027217172495249686,-0.0023028209556706924,0.001649947201689539
2013-08-05,182.08,194.29,225.32,151.56,-0.0004391743522177416,0.0004634397528322509,0.0001331617026942844,-0.0013836726625815476
2013-08-06,181.42,193.46,224.23,150.7,-0.0036247803163446113,-0.004271964589016353,-0.004837564352920265,-0.005674320401161337
2013-08-07,179.77,192.63,222.4,150.17,-0.0090949178701355,-0.004290292566938914,-0.008161262988895301,-0.003516921035169207
2013-08-08,177.51,191.72,220.52,150.79,-0.012571619291316782,-0.004724082437834176,-0.008453237410071868,0.0041286541919158815
2013-08-09,177.67,191.52,220.07,150.28,0.0009013576699903325,-0.0010431879824743806,-0.0020406312352622136,-0.0033821871476887866
2013-08-12,177.4,191.08,219.27,150.11,-0.0015196713007259444,-0.0022974101921470202,-0.003635206979597294,-0.0011312217194568985
2013-08-13,182.11,192.33,222.03,150.56,0.02655016910935748,0.006541762612518376,0.012587221234094947,0.0029978016121510187
2013-08-14,181.27,191.92,221.52,149.81,-0.004612596782164635,-0.002131752716684976,-0.002296986893662978,-0.004981402763018061
2013-08-15,181.15,190.94,219.21,147.7,-0.0006619959176918933,-0.0051062942892871055,-0.010427952329360779,-0.014084507042253613
2013-08-16,181.99,191.09,219.97,147.22,0.004637041126138497,0.0007855870954227573,0.0034669951188357473,-0.003249830737982351
2013-08-19,182.85,190.62,219.31,146.36,0.004725534370020323,-0.002459574022711797,-0.0030004091467018545,-0.005841597609020366
2013-08-20,181.54,190.2,218.66,146.92,-0.007164342357123377,-0.002203336480956941,-0.0029638411381149865,0.0038261820169442906
2013-08-21,182.41,189.89,217.72,146.08,0.004792332268370725,-0.001629863301787604,-0.004298911552181428,-0.005717397222978371
2013-08-22,184.73,190.96,219.77,147.34,0.012718600953895098,0.0056348412238664825,0.009415763365790975,0.008625410733844374
2013-08-23,183.48,191.54,220.82,147.95,-0.006766632382395943,0.0030372852953497453,0.004777722164080567,0.004140084159087731
2013-08-26,180.93,190.64,218.89,147.35,-0.01389797253106595,-0.004698757439699275,-0.008740150348700348,-0.004055424129773555
2013-08-27,179.82,189.78,217.22,145.01,-0.00613496932515345,-0.004511120436424543,-0.0076294028964319915,-0.01588055649813369
2013-08-28,181.24,190.16,218.07,145.44,0.007896785674563533,0.0020023184740225464,0.0039130835098057926,0.0029653127370525834
2013-08-29,180.21,190.08,217.5,145.74,-0.005683072169499037,-0.0004206983592762725,-0.002613839592791267,0.0020627062706271015
2013-08-30,179.39,189.33,215.8,145.29,-0.004550246934132529,-0.003945707070707072,-0.007816091954022886,-0.003087690407575283
2013-09-02,180.74,189.63,216.43,,0.007525503093818164,0.0015845349389953522,0.0029193697868397095,
2013-09-03,181.03,190.25,218.19,145.91,0.001604514772601373,0.0032695248642091723,0.00813195952501955,
2013-09-04,181.27,189.99,218.19,147.13,0.0013257471137380072,-0.0013666228646517231,0.0,0.008361318621067815
2013-09-05,185.02,191.4,220.27,147.31,0.02068737242787,0.007421443233854408,0.009532975846739067,0.0012234078705906093
2013-09-06,182.64,190.51,219.22,147.33,-0.012863474219003468,-0.004649947753396111,-0.004766877014573123,0.0001357681080715878
2013-09-09,181.83,190.16,218.97,148.82,-0.004434954007884184,-0.0018371739016324051,-0.0011404068971808679,0.010113350980791358
2013-09-10,183.14,190.72,219.63,149.91,0.007204531705438999,0.002944888514934796,0.0030141115221262726,0.007324284370380241
2013-09-11,182.19,190.41,219.17,150.39,-0.00518728841323568,-0.001625419463087252,-0.0020944315439603844,0.003201921152691467
2013-09-12,181.84,190.62,219.33,149.92,-0.0019210714089685776,0.0011028832519301979,0.0007300269197427767,-0.0031252077930713495
2013-09-13,182.26,190.85,219.75,150.33,0.0023097228332600306,0.0012065890252859202,0.0019149227191901375,0.002734791889007715
2013-09-16,179.82,190.41,219.11,151.19,-0.013387468451662499,-0.002305475504322807,-0.0029124004550624694,0.005720747688418681
2013-09-17,179.31,190.45,219.01,151.83,-0.002836169502836161,0.00021007300036757215,-0.00045639176669265424,0.0042330841986903955
2013-09-18,178.74,191.26,220.91,153.68,-0.003178852267023524,0.0042530847991599785,0.008675402949636979,0.012184680234472722
2013-09-19,177.53,190.75,219.86,153.42,-0.006769609488642803,-0.002666527240405725,-0.004753066859807031,-0.001691827173347371
2013-09-20,178.14,190.4,219.71,152.31,0.003436038979327316,-0.0018348623853210455,-0.000682252342399714,-0.007235041063746506
2013-09-23,175.87,189.46,217.72,151.59,-0.012742786572358722,-0.004936974789915949,-0.009057393837331063,-0.004727201103013612
2013-09-24,175.35,189.26,217.48,151.22,-0.0029567294023995494,-0.00105563179562973,-0.001102333272092637,-0.0024407942476416533
2013-09-25,174.46,188.66,216.35,150.81,-0.005075563159395391,-0.003170241995138934,-0.005195880080926973,-0.0027112815765110154
2013-09-26,175.28,188.7,216.69,151.36,0.004700217814971763,0.0002120216262058161,0.0015715276172867387,0.003646973012399801
2013-09-27,174.51,188.37,216.36,150.75,-0.004392971246006461,-0.001748807631160476,-0.001522912917070407,-0.004030126849894344
2013-09-30,173.53,187.5,214.52,149.85,-0.005615724027276281,-0.004618569835961206,-0.008504344610833825,-0.005970149253731405
2013-10-01,174.94,188.39,216.21,151.06,0.008125396185097555,0.004746666666666677,0.00787805332836089,0.008074741408074848
2013-10-02,175.02,188.23,215.89,150.99,0.00045729964559293457,-0.0008493019799352686,-0.0014800425512234705,-0.0004633920296570615
2013-10-03,174.53,187.93,215.24,149.63,-0.002799680036567276,-0.0015937948254793888,-0.003010792533234441,-0.009007219021127333
2013-10-04,175.01,188.05,215.31,150.69,0.002750243511144168,0.0006385356249667407,0.00032521836089949296,0.007084140880839529
2013-10-07,173.84,187.1,213.52,149.41,-0.006685332266727517,-0.005051847912789231,-0.008313594352329146,-0.008494259738536125
2013-10-08,173.03,186.25,211.83,147.61,-0.004659456971928266,-0.004543025120256505,-0.007914949419258188,-0.012047386386453307
2013-10-09,171.42,185.52,210.56,147.71,-0.009304744841934998,-0.003919463087248221,-0.005995373648680635,0.0006774608766342283
2013-10-10,174.15,187.16,214.04,150.96,0.015925796289814498,0.008840017248814114,0.01652735562310026,0.02200257260848959
2013-10-11,174.91,187.84,215.74,151.91,0.004364053976457116,0.0036332549690105687,0.007942440665296369,0.006293057763645971
2013-10-14,175.63,187.81,215.71,152.53,0.00411640272139957,-0.00015971039182283153,-0.00013905627143784294,0.0040813639655059575
2013-10-15,175.67,187.79,215.86,151.45,0.00022775152308818214,-0.00010649060220435658,0.000695378053868545,-0.007080574313249932
2013-10-16,176.68,188.3,216.99,153.56,0.005749416519610806,0.002715799563342225,0.005234874455665617,0.013931990756025137
2013-10-17,177.84,189.03,218.66,154.61,0.006565542223228471,0.003876792352628833,0.007696207198488292,0.006837718155769723
2013-10-18,178.96,189.54,219.99,155.62,0.0062977957714800414,0.0026979844469130487,0.006082502515320609,0.006532565810749569
2013-10-21,179.18,189.6,220.15,155.64,0.0012293249888242208,0.00031655587211143477,0.0007273057866266086,0.00012851818532300108
2013-10-22,180.17,190.7,222.49,156.53,0.005525170219890407,0.005801687763713037,0.010629116511469361,0.005718324338216396
2013-10-23,177.19,189.65,219.92,155.8,-0.016539934506299536,-0.005506030414263119,-0.011551080947458381,-0.004663642752188002
2013-10-24,177.18,189.94,220.35,156.31,-5.643659348719687e-05,0.0015291326127075955,0.0019552564568934283,0.0032734274711168077
2013-10-25,176.01,189.64,219.6,156.99,-0.00660345411445995,-0.0015794461408866756,-0.003403675970047648,0.0043503294734821285
2013-10-28,176.87,189.93,220.78,157.2,0.004886086017839908,0.0015292132461506291,0.005373406193078356,0.0013376648194152185
2013-10-29,176.05,190.07,220.87,158.09,-0.004636173460733861,0.0007371136734586337,0.00040764562007433724,0.005661577608142565
2013-10-30,175.34,190.16,221.03,157.33,-0.004032945186026704,0.000473509759562285,0.0007244080228188121,-0.004807388196596762
2013-10-31,175.98,189.77,219.98,156.74,0.0036500513288466596,-0.0020509045014723837,-0.0047504863593177404,-0.0037500794508358304
2013-11-01,175.13,189.08,218.05,157.19,-0.0048300943289010245,-0.0036359803973230465,-0.008773524865896776,0.0028709965548041616
2013-11-04,176.93,189.84,219.81,157.76,0.010278079141209373,0.00401946266130726,0.008071543224031252,0.0036261848718111
2013-11-05,175.85,189.18,218.42,157.33,-0.00610410896964908,-0.003476611883691527,-0.006323643146353697,-0.0027256592292087545
2013-11-06,176.9,189.84,220.07,158.09,0.005970998009667383,0.0034887408816999255,0.007554253273509781,0.004830610818025827
2013-11-07,176.8,189.28,218.48,156.04,-0.0005652911249293124,-0.002949852507374673,-0.007224973871949869,-0.012967297109241605
2013-11-08,172.37,189.03,217.44,158.14,-0.025056561085972873,-0.0013207945900253204,-0.004760161113145367,0.013458087669828256
2013-11-11,172.14,189.11,217.72,158.25,-0.0013343389220863422,0.00042321324657468296,0.001287711552612203,0.000695586189452424
2013-11-12,171.83,189.07,217.77,157.89,-0.0018008597653071945,-0.00021151710644606858,0.0002296527650194058,-0.0022748815165877234
2013-11-13,173.15,189.32,218.46,159.21,0.0076820112902287185,0.0013222615962342754,0.00316848050695695,0.00836025080752445
2013-11-14,174.25,190.08,220.16,160.01,0.006352873231302292,0.004014367208958536,0.007781744941865787,0.0050248099993717155
2013-11-15,175.03,190.18,220.63,160.69,0.004476327116212264,0.000526094276094291,0.0021348110465115866,0.00424973439160059
2013-11-18,176.82,191.07,222.33,160.1,0.010226818259726933,0.004679777053317791,0.007705207813987203,-0.0036716659406310637
2013-11-19,176.58,190.47,221.22,159.81,-0.001357312521207854,-0.003140210394096399,-0.004992578599379405,-0.0018113678950655299
2013-11-20,173.48,190.3,220.6,159.23,-0.017555782081776106,-0.0008925290071927217,-0.0028026399059759566,-0.0036293098053939987
2013-11-21,172.61,191.01,221.6,160.54,-0.005014987318422759,0.003730951129794935,0.00453309156844961,0.008227092884506737
2013-11-22,173.18,191.49,222.46,161.36,0.003302242048548676,0.0025129574367834806,0.003880866425992835,0.00510776130559365
2013-11-25,173.75,192.11,223.62,161.16,0.0032913731377757216,0.0032377669852212687,0.005214420569989997,-0.0012394645513139624
2013-11-26,175.28,192.03,223.81,161.2,0.008805755395683512,-0.0004164280880746274,0.0008496556658617038,0.00024820054604113295
2013-11-27,176.44,192.97,225.65,161.64,0.006617982656321297,0.004895068478883546,0.008221259103704082,0.0027295285359800747
2013-11-28,176.82,193.19,226.15,,0.0021537066424845985,0.001140073586567869,0.0022158209616662816,
2013-11-29,176.58,192.97,225.93,161.52,-0.001357312521207854,-0.0011387752989284738,-0.0009728056599601631,
2013-12-02,176.44,193.37,226.53,161.08,-0.0007928417714351266,0.002072861066487075,0.0026556898154295183,-0.002724120851906875
2013-12-03,174.8,192.24,224.47,160.58,-0.009294944457039156,-0.005843719294616467,-0.009093718271310669,-0.0031040476781722948
2013-12-04,170.9,191.01,221.46,160.41,-0.02231121281464532,-0.006398252184769082,-0.013409364280304703,-0.0010586623489849956
2013-12-05,169.87,190.08,219.74,159.72,-0.006026916325336473,-0.004868855033767772,-0.00776663957373791,-0.004301477463998449
2013-12-06,171.48,191.31,222.23,161.53,0.009477835992229178,0.006470959595959558,0.011331573677982876,0.011332331580265587
2013-12-09,172.53,191.54,222.98,161.83,0.006123163051084735,0.001202237206628043,0.0033748818791341506,0.001857240141150296
2013-12-10,171.43,190.27,220.77,161.32,-0.006375702776328707,-0.006630468831575587,-0.009911202798457142,-0.0031514552307978505
2013-12-11,169.86,189.25,218.57,159.51,-0.009158257014524884,-0.005360803069322628,-0.00996512207274547,-0.01121993553186218
2013-12-12,170.31,189.55,218.64,158.95,0.002649240551041876,0.001585204755614411,0.000320263531134124,-0.0035107516770108704
2013-12-13,169.75,189.03,217.82,158.94,-0.0032881216605014085,-0.0027433394882617756,-0.003750457372850291,-6.29128656809419e-05
2013-12-16,169.84,189.63,218.83,159.94,0.0005301914580264633,0.003174099349309678,0.00463685611973208,0.006291682395872744
2013-12-17,170.92,189.68,219.21,159.45,0.0063589260480452214,0.00026367136001703706,0.0017365077914361926,-0.0030636488683256635
2013-12-18,172.82,190.95,222.03,162.11,0.011116311724783667,0.00669548713622925,0.01286437662515394,0.016682345562872625
2013-12-19,171.91,191.88,223.18,162.04,-0.005265594259923567,0.004870384917517789,0.0051794802504165904,-0.00043180556412325544
2013-12-20,171.62,192.0,223.33,162.82,-0.0016869292071431952,0.0006253908692932519,0.0006721032350569534,0.004813626265119719
2013-12-23,172.4,192.47,224.42,163.71,0.0045449248339355375,0.0024479166666666607,0.00488066986074398,0.005466158948532307
2013-12-24,172.06,192.87,224.97,164.2,-0.00197215777262183,0.0020782459604093972,0.002450761964174264,0.002993097550546553
2013-12-25,172.01,192.92,225.0,,-0.00029059630361505384,0.0002592419764606557,0.0001333511134817833,
2013-12-26,172.24,193.21,225.67,164.98,0.0013371315621186763,0.0015032137673647306,0.002977777777777746,
2013-12-27,173.7,194.05,227.21,164.96,0.008476544356711413,0.004347601055846084,0.006824123720476916,-0.00012122681537141133
2013-12-30,174.94,194.11,227.73,164.94,0.007138744962579269,0.00030919866013912056,0.002288631662338725,-0.0001212415130941169
2013-12-31,174.97,194.07,227.39,165.6,0.0001714873670972672,-0.0002060687239194836,-0.0014929960918631524,0.004001455074572613
2014-01-02,170.65,191.65,222.55,164.16,-0.024689946848031052,-0.012469727417941945,-0.02128501693126339,-0.008695652173912993
2014-01-03,169.98,190.76,220.27,164.11,-0.003926164664518117,-0.00464388207670241,-0.010244888789036177,-0.0003045808966860575
2014-01-06,170.19,190.29,219.17,163.7,0.0012354394634663812,-0.0024638288949465625,-0.004993871158124219,-0.002498324294680554
2014-01-07,171.81,191.35,220.82,164.7,0.009518773135906988,0.005570445110095079,0.00752840260984633,0.006108735491753281
2014-01-08,173.44,192.15,222.84,164.71,0.00948722425935622,0.004180820486020531,0.009147722126618962,6.071645415928195e-05
2014-01-09,173.26,191.72,221.94,164.77,-0.0010378228782288446,-0.0022378350247203027,-0.0040387722132472215,0.000364276607370595
2014-01-10,170.04,191.09,220.63,165.15,-0.018584785870945364,-0.0032860421447944432,-0.005902496170136051,0.002306245068883772
2014-01-13,168.02,190.43,218.72,163.09,-0.011879557751117265,-0.003453869904233575,-0.00865702760277387,-0.012473508931274635
2014-01-14,170.88,191.49,220.79,164.86,0.017021783121056844,0.005566349839836171,0.009464155084125903,0.010852903304923833
2014-01-15,171.55,193.0,223.41,165.71,0.003920880149812733,0.007885529270458047,0.011866479460120427,0.005155889845929851
2014-01-16,169.68,192.61,222.75,165.49,-0.010900612066452986,-0.0020207253886009857,-0.002954209748892156,-0.0013276205419106013
2014-01-17,168.31,192.81,223.11,164.85,-0.00807402168788307,0.001038367685997521,0.0016161616161616266,-0.003867303160311919
2014-01-20,167.75,192.67,223.14,,-0.0033271938684570346,-0.0007261034178726034,0.00013446282102980156,
2014-01-21,168.1,192.83,223.74,165.31,0.002086438152011816,0.0008304354595942698,0.002688894864210978,
2014-01-22,170.06,193.01,224.48,165.43,0.0116597263533611,0.0009334647098480087,0.0033074103870562865,0.0007259088984332696
2014-01-23,168.91,192.4,222.77,163.96,-0.006762319181465415,-0.003160458007357092,-0.007617605131860161,-0.008885933627516218
2014-01-24,166.53,190.03,218.38,160.54,-0.014090343970161623,-0.012318087318087367,-0.01970642366566422,-0.020858746035618547
2014-01-27,166.06,188.96,216.4,159.76,-0.002822314297724171,-0.00563068989106974,-0.009066764355710188,-0.004858602217515884
2014-01-28,166.26,189.83,217.69,160.74,0.0012043839576056925,0.004604149026248949,0.0059611829944545836,0.006134201301952968
2014-01-29,166.42,189.91,218.3,159.12,0.0009623481294358527,0.00042142970025804694,0.00280214984611149,-0.01007838745800671
2014-01-30,163.87,189.94,217.96,160.92,-0.015322677562792819,0.0001579695645306245,-0.0015574896930828919,0.011312217194570096
2014-01-31,162.62,189.54,217.14,159.88,-0.00762799780313661,-0.0021059281878488267,-0.0037621581941641447,-0.006462838677603777
2014-02-03,160.57,187.54,213.43,156.23,-0.012606075513467041,-0.010551862403714307,-0.01708575112830424,-0.022829622216662515
2014-02-04,159.72,187.11,211.89,157.43,-0.005293641402503546,-0.002292844193238608,-0.007215480485405101,0.007680983165845312
2014-02-05,158.15,186.63,210.64,157.16,-0.009829701978462224,-0.002565335898669363,-0.005899287366086137,-0.001715047957822624
2014-02-06,156.94,186.82,210.91,159.19,-0.007650964274423022,0.0010180571183624476,0.001281807823775294,0.012916772715703795
2014-02-07,158.44,188.3,213.32,161.31,0.009557792787052266,0.007922064018841768,0.011426674885022026,0.013317419435894262
2014-02-10,157.62,187.95,212.94,161.57,-0.005175460742236737,-0.0018587360594797264,-0.0017813613350834423,0.001611803359990116
2014-02-11,157.63,188.13,213.42,163.36,6.34437254154463e-05,0.000957701516360876,0.0022541561003099897,0.01107878937921658
2014-02-12,155.94,187.35,211.98,163.4,-0.010721309395419598,-0.004146069207462966,-0.006747258926061317,0.0002448579823701724
2014-02-13,158.85,188.83,214.6,164.37,0.01866102347056553,0.007899653055778,0.012359656571374611,0.0059363525091800096
2014-02-14,158.18,188.71,214.1,165.17,-0.004217815549260262,-0.0006354922416988984,-0.002329916123019582,0.004867068199793101
2014-02-17,157.99,188.82,214.18,,-0.0012011632317612264,0.0005829049864871649,0.00037365716954695927,
2014-02-18,158.42,189.54,215.36,165.39,0.002721691246281299,0.0038131553860820677,0.005509384629750702,
2014-02-19,159.73,189.41,215.26,164.32,0.008269157934604143,-0.000685871056241405,-0.0004643387815751465,-0.006469556805127286
2014-02-20,158.47,188.65,214.41,165.34,-0.007888311525699576,-0.004012459743413688,-0.003948713184056429,0.006207400194742085
2014-02-21,159.44,189.5,215.77,165.04,0.006121032372057744,0.004505698383249435,0.006342987733781058,-0.0018144429660095218
2014-02-24,157.99,189.51,215.69,166.07,-0.009094330155544283,5.277044854867796e-05,-0.0003707651666126077,0.006240911294231655
2014-02-25,159.27,189.64,216.29,165.85,0.008101778593581965,0.0006859796316815991,0.0027817701330612454,-0.0013247425784307376
2014-02-26,161.41,190.02,217.12,165.88,0.013436303133044447,0.002003796667369828,0.0038374404734384804,0.00018088634308099927
2014-02-27,162.81,190.77,218.17,166.73,0.008673564215352147,0.003946952952320837,0.004836035372144387,0.005124186158668831
2014-02-28,163.03,190.64,218.53,167.19,0.0013512683496099687,-0.0006814488651256667,0.0016500893798414573,0.002758951598392567
2014-03-03,163.93,189.29,216.63,165.97,0.005520456357725578,-0.007081409987410803,-0.008694458426760643,-0.007297087146360459
2014-03-04,163.54,190.4,218.45,168.5,-0.0023790642347344404,0.005864018173173502,0.008401421779070217,0.015243718744351487
2014-03-05,162.01,189.96,217.19,168.53,-0.009355509355509328,-0.002310924369747891,-0.005767910276951227,0.00017804154302680786
2014-03-06,161.84,190.4,217.51,168.85,-0.0010493179433367361,0.0023162771109708213,0.001473364335374594,0.0018987717320357866
2014-03-07,161.05,190.12,217.3,168.95,-0.004881364310429959,-0.0014705882352941124,-0.0009654728518228017,0.0005922416345869319
2014-03-10,160.4,189.35,215.95,168.88,-0.004036013660353999,-0.0040500736377026,-0.006212609295904392,-0.00041432376442729346
2014-03-11,160.31,189.17,215.38,168.03,-0.0005610972568578232,-0.0009506205439662185,-0.002639499884232399,-0.005033159639980966
2014-03-12,160.74,188.42,214.45,168.13,0.0026823030378642088,-0.003964687846910175,-0.004317949670350152,0.000595131821698569
2014-03-13,160.87,188.16,213.25,166.18,0.0008087594873709136,-0.0013798959770724428,-0.0055957099557005785,-0.011598168084220428
2014-03-14,161.56,187.88,213.03,165.72,0.00428917759681724,-0.0014880952380952328,-0.0010316529894489612,-0.002768082801781202
2014-03-17,160.28,188.34,213.54,167.31,-0.007922753156721973,0.00244837130083031,0.0023940290099986328,0.009594496741491598
2014-03-18,161.63,189.52,215.43,168.52,0.008422760169702892,0.006265264946373694,0.008850800786737834,0.007232084155161189
2014-03-19,158.84,188.28,212.83,167.49,-0.01726164697147803,-0.006542845082313287,-0.012068885484844194,-0.006112034179919346
2014-03-20,156.12,187.49,211.32,168.5,-0.017124150088138945,-0.00419587847886127,-0.007094864445801874,0.00603021075885124
2014-03-21,155.32,187.13,210.55,168.01,-0.005124263387138117,-0.0019201024054616989,-0.0036437630134392718,-0.0029080118694362334
2014-03-24,155.13,186.78,210.38,167.19,-0.0012232809683234702,-0.0018703575054774824,-0.0008074091664688199,-0.004880661865365066
2014-03-25,155.97,187.38,211.43,167.94,0.005414813382324635,0.0032123353678124023,0.0049909687232627675,0.004485914229319876
2014-03-26,156.33,188.2,211.69,166.77,0.002308136180034781,0.004376134059131065,0.0012297214208012441,-0.006966773847802754
2014-03-27,157.73,189.11,212.81,166.49,0.008955414827608088,0.004835281615303,0.005290755349804055,-0.0016789590453918368
2014-03-28,157.62,189.41,213.04,167.26,-0.0006973942813668366,0.0015863782983447372,0.001080776279310136,0.00462490239654012
2014-03-31,157.55,190.05,213.99,168.6,-0.0004441060779089012,0.0033789134681379007,0.004459256477656881,0.008011479134282018
2014-04-01,156.24,190.6,214.4,169.8,-0.00831482069184386,0.0028939752696657273,0.0019159773821206816,0.007117437722420128
2014-04-02,153.6,189.55,212.81,170.31,-0.016897081413210557,-0.005508919202518281,-0.007416044776119457,0.0030035335689044818
2014-04-03,154.01,189.77,212.96,170.12,0.002669270833333348,0.0011606436296491829,0.0007048540952023785,-0.0011156127062414978
2014-04-04,155.53,190.51,213.54,167.99,0.009869488994221243,0.003899457237708681,0.0027235161532681573,-0.012520573712673344
2014-04-07,156.15,189.76,212.32,166.19,0.003986369189223904,-0.003936801217783836,-0.005713215322656118,-0.010714923507351704
2014-04-08,158.17,189.91,212.85,166.87,0.012936279218699775,0.0007904721753795307,0.0024962321024868395,0.0040917022684878734
2014-04-09,160.01,191.14,215.23,168.7,0.011633053044193042,0.006476752145753162,0.0111815832746065,0.010966620722718146
2014-04-10,160.64,191.21,214.82,165.18,0.003937253921629802,0.0003662237103694288,-0.0019049389025693753,-0.020865441612329505
2014-04-11,160.04,190.04,212.98,163.63,-0.0037350597609561165,-0.006118926834370653,-0.008565310492505418,-0.009383702627436818
2014-04-14,160.43,190.12,213.32,164.97,0.0024368907773058,0.0004209640075774068,0.00159639402760825,0.008189207358064055
2014-04-15,160.52,190.07,213.62,166.09,0.0005609923331046929,-0.0002629917946560534,0.001406337896118659,0.006789113172091854
2014-04-16,161.77,190.69,215.13,167.84,0.007787191627211643,0.0032619561214288773,0.007068626533096145,0.010536456138238393
2014-04-17,161.31,190.55,214.95,168.07,-0.0028435433022192536,-0.0007341758875661908,-0.0008367033886487185,0.0013703527168731355
2014-04-18,161.14,190.56,214.96,,-0.0010538714276858707,5.247966413013394e-05,4.652244708069908e-05,
2014-04-21,160.33,190.51,214.92,168.71,-0.005026684870299003,-0.00026238455079774514,-0.00018608113137341675,
2014-04-22,160.85,190.77,215.22,169.4,0.00324331067173933,0.0013647577554984913,0.0013958682300392322,0.004089858336790986
2014-04-23,160.89,190.06,214.58,169.05,0.00024867889337887306,-0.0037217591864548982,-0.0029737013288727576,-0.0020661157024792765
2014-04-24,161.01,190.17,214.92,169.34,0.0007458512026849995,0.000578764600652315,0.001584490632864144,0.0017154687962139814
2014-04-25,161.24,189.34,213.58,167.97,0.0014284827029378278,-0.00436451595940468,-0.006234878094174445,-0.008090232668005237
2014-04-28,161.13,189.15,213.7,168.52,-0.0006822128504093694,-0.0010034857927537777,0.0005618503605204772,0.0032743942370661028
2014-04-29,162.15,190.49,215.61,169.33,0.006330292310556818,0.007084324610097781,0.00893776321946671,0.004806551151198768
2014-04-30,163.07,190.84,216.3,169.84,0.005673758865248235,0.0018373667909077351,0.003200222624182514,0.003011870312407572
2014-05-01,161.98,190.63,215.84,169.83,-0.006684246029312613,-0.0011003982393628098,-0.0021266759130836865,-5.8878944889206863e-05
2014-05-02,162.92,190.59,216.06,169.6,0.005803185578466374,-0.00020983056182133364,0.0010192735359526583,-0.001354295471942657
2014-05-05,162.83,190.05,215.17,169.93,-0.0005524183648414338,-0.0028333070990083087,-0.004119226140886889,0.0019457547169812184
2014-05-06,164.95,190.38,215.87,168.41,0.013019713811950995,0.0017363851617995252,0.0032532416229029693,-0.008944859648090442
2014-05-07,164.42,190.5,216.33,169.43,-0.003213094877235534,0.0006303183107470023,0.0021309121230370653,0.006056647467490128
2014-05-08,164.9,191.67,217.36,169.24,0.0029193528767790244,0.006141732283464485,0.004761244395137032,-0.001121407070766689
2014-05-09,161.82,190.46,215.57,169.52,-0.018677986658581003,-0.006312933688109701,-0.00823518586676486,0.0016544552115338451
2014-05-12,160.5,190.64,215.8,171.17,-0.008157211716722235,0.0009450803318280521,0.001066938813378604,0.009733364794714428
2014-05-13,162.42,191.77,217.46,171.28,0.011962616822429828,0.005927402433906881,0.007692307692307665,0.0006426359759303946
2014-05-14,165.55,192.59,218.78,170.51,0.019271025735746905,0.004275955571778622,0.006070081854134157,-0.004495562821111743
2014-05-15,166.22,191.85,217.73,168.95,0.004047115675022583,-0.003842359416376784,-0.004799341804552548,-0.009149023517682209
2014-05-16,165.62,192.06,218.13,169.58,-0.0036096739261219923,0.001094605160281592,0.0018371377394019728,0.0037289138798461963
2014-05-19,165.61,192.38,218.7,170.25,-6.037918125822994e-05,0.001666145996042978,0.0026131206161463805,0.003950937610567307
2014-05-20,164.73,191.62,217.41,169.15,-0.0053136887869091876,-0.00395051460650786,-0.005898491083676238,-0.0064610866372980524
2014-05-21,164.88,192.39,218.84,170.54,0.0009105809506464446,0.0040183696900113475,0.006577434340646837,0.008217558380135825
2014-05-22,163.83,192.68,219.02,170.97,-0.006368267831149854,0.0015073548521233882,0.000822518735148936,0.00252140260349476
2014-05-23,164.23,193.43,220.02,171.7,0.0024415552707073296,0.0038924641893294254,0.004565793078257663,0.004269754927765046
2014-05-26,164.81,193.86,220.5,,0.0035316324666627708,0.0022230264178255688,0.0021816198527406794,
2014-05-27,164.26,194.29,221.21,172.73,-0.003337176142224396,0.002218095532858566,0.003219954648526091,
2014-05-28,165.18,195.28,222.71,172.56,0.005600876658955478,0.005095475835091845,0.006780886940011666,-0.000984194986394904
2014-05-29,166.33,195.82,223.69,173.51,0.006962101949388622,0.002765260139287129,0.004400341250954121,0.005505331478905751
2014-05-30,165.46,195.25,222.71,173.83,-0.005230565742800453,-0.002910836482483914,-0.0043810630783673865,0.0018442741052389078
2014-06-02,161.05,194.37,221.27,173.97,-0.026652967484588452,-0.004507042253521054,-0.006465807552422431,0.0008053845711326613
2014-06-03,157.66,193.03,218.94,173.92,-0.02104936355169207,-0.006894068014611343,-0.010530121570931472,-0.00028740587457609656
2014-06-04,156.43,192.6,218.31,174.28,-0.007801598376252605,-0.002227633010412955,-0.002877500685119161,0.002069917203311844
2014-06-05,158.75,194.11,220.75,175.43,0.014830914786166272,0.007840083073727966,0.011176766982730957,0.0065985770025247525
2014-06-06,159.89,195.5,222.45,176.26,0.007181102362204594,0.007160888156199974,0.00770101925254818,0.004731231830359617
2014-06-09,159.44,196.07,223.33,176.44,-0.002814434924010234,0.0029156010230177998,0.003955945156215002,0.0010212186542608581
2014-06-10,158.85,195.61,222.61,176.39,-0.003700451580531894,-0.002346100882337887,-0.0032239287153539298,-0.00028338245295855824
2014-06-11,159.46,195.03,222.18,175.79,0.0038401007239534657,-0.0029650835846838364,-0.001931629306859528,-0.003401553376041644
2014-06-12,162.81,196.16,223.76,174.59,0.021008403361344463,0.005793980413269839,0.007111351156719792,-0.006826326867284793
2014-06-13,162.31,195.64,223.47,175.14,-0.003071064430931747,-0.0026508972267537123,-0.0012960314622809666,0.003150237699753644
2014-06-16,161.8,195.35,223.09,175.29,-0.0031421354198755136,-0.0014823144551215917,-0.001700451962232008,0.0008564576909901866
2014-06-17,158.33,194.57,221.98,175.68,-0.021446229913473447,-0.003992833375991767,-0.00497557039759744,0.002224884477152189
2014-06-18,160.27,195.4,223.84,177.03,0.01225288953451642,0.004265816929639676,0.008379133255248306,0.007684426229508157
2014-06-19,162.07,196.59,225.8,177.28,0.01123104760716287,0.0060900716479017625,0.008756254467476854,0.0014121900242896057
2014-06-20,161.58,195.89,224.97,177.59,-0.003023384957117181,-0.0035607101073300562,-0.003675819309123196,0.0017486462093863064
2014-06-23,161.89,195.48,224.04,177.57,0.0019185542765192132,-0.0020930113839399134,-0.004133884517935726,-0.00011261895377001618
2014-06-24,161.88,195.56,224.25,176.44,-6.177033788368202e-05,0.0004092490280336314,0.0009373326191752795,-0.006363687559835518
2014-06-25,164.33,196.07,224.98,177.31,0.015134667655053224,0.002607895275107408,0.003255295429208438,0.004930854681478136
2014-06-26,167.08,196.44,225.75,177.13,0.016734619363475867,0.001887081144489322,0.0034225264467953043,-0.001015171169138851
2014-06-27,167.48,196.28,225.54,177.48,0.0023940627244432022,-0.0008144980655671041,-0.0009302325581396209,0.0019759498673290743
2014-06-30,167.03,196.21,225.81,177.42,-0.002686887986625197,-0.0003566333808844302,0.0011971268954509284,-0.00033806626098720205
2014-07-01,168.47,197.21,227.56,178.64,0.008621205771418339,0.005096580194689393,0.007749878216199546,0.0068763386314958375
2014-07-02,165.15,196.66,226.64,178.77,-0.019706772719178423,-0.002788905227929628,-0.004042889787308934,0.0007277205553068988
2014-07-03,165.85,197.4,227.33,179.75,0.004238570996064173,0.0037628394182853686,0.0030444758206849,0.005481904122615511
2014-07-04,165.67,197.39,227.23,,-0.0010853180584866617,-5.065856129693458e-05,-0.00043988914793480216,
2014-07-07,164.79,196.69,226.1,179.05,-0.005311764350817816,-0.003546278940169123,-0.004972934911763427,
2014-07-08,165.78,196.34,225.42,177.84,0.006007646095030017,-0.0017794498957750537,-0.003007518796992459,-0.006757888857860994
2014-07-09,167.01,196.66,225.94,178.68,0.0074194715888527,0.00162982581236637,0.0023068050749712743,0.004723346828610087
2014-07-10,168.72,196.2,225.52,177.94,0.010238907849829504,-0.0023390623410963762,-0.0018589005930778058,-0.004141481978956807
2014-07-11,168.46,196.31,225.97,178.22,-0.0015410146989093265,0.0005606523955148379,0.0019953884356154195,0.0015735641227379027
2014-07-14,167.16,196.32,225.93,179.08,-0.007716965451739388,5.093984004878038e-05,-0.00017701464796204824,0.0048254965772640546
2014-07-15,166.48,195.69,225.42,178.73,-0.004067958841828201,-0.0032090464547677167,-0.0022573363431152016,-0.001954433772615727
2014-07-16,168.19,196.53,226.73,179.51,0.010271504084574667,0.004292503449333074,0.005811374323485108,0.004364124657304291
2014-07-17,170.15,196.23,226.71,177.4,0.01165348712765324,-0.001526484506182313,-8.821064702502213e-05,-0.011754219820622747
2014-07-18,170.22,196.42,227.19,179.22,0.00041140170437836687,0.0009682515415583293,0.0021172422919146783,0.010259301014656108
2014-07-21,170.32,196.72,227.79,178.81,0.0005874750323111577,0.0015273393748092001,0.002640961309916756,-0.0022876911059033223
2014-07-22,172.73,198.2,230.36,179.71,0.014149835603569638,0.007523383489223212,0.011282321436410836,0.005033275543873339
2014-07-23,173.58,199.02,231.42,180.02,0.004920974931974964,0.004137235116044469,0.004601493314811522,0.0017250013911300766
2014-07-24,169.33,198.19,229.81,180.11,-0.02448438760225835,-0.004170435132147543,-0.006957047791893434,0.0004999444506166295
2014-07-25,169.72,198.0,229.52,179.24,0.002303194944782261,-0.000958676017962512,-0.0012619120142726148,-0.004830381433568398
2014-07-28,168.53,197.75,229.51,179.3,-0.007011548432712678,-0.0012626262626262985,-4.356918787040698e-05,0.00033474670832411846
2014-07-29,168.6,198.15,230.04,178.49,0.0004153563163828977,0.0020227560050569693,0.002309267570040463,-0.004517568321249277
2014-07-30,163.95,196.74,228.04,178.53,-0.02758007117437722,-0.007115821347464024,-0.008694140149539176,0.00022410219059887382
2014-07-31,159.75,194.31,223.4,174.97,-0.025617566331198494,-0.01235132662397076,-0.02034730748991398,-0.019940626225284253
2014-08-01,161.42,193.73,222.14,174.47,0.010453834115805805,-0.00298492100252179,-0.0056401074306178245,-0.0028576327370406496
2014-08-04,162.17,194.41,223.45,175.73,0.004646264403419753,0.0035100397460383626,0.005897181957324138,0.007221871955063852
2014-08-05,160.34,193.55,222.07,174.04,-0.011284454584694958,-0.004423640759220082,-0.006175878272544177,-0.009617026119615346
2014-08-06,162.16,192.67,220.65,174.1,0.011350879381314627,-0.004546628778093642,-0.006394380150402945,0.0003447483337164492
2014-08-07,163.22,192.73,221.05,173.17,0.006536753823384256,0.00031141329734785117,0.00181282574212549,-0.005341757610568654
2014-08-08,162.84,192.69,221.22,175.18,-0.002328146060531777,-0.00020754423286462043,0.0007690567744853549,0.011607091297568983
2014-08-11,162.98,193.43,222.31,175.69,0.0008597396217144837,0.0038403653536769333,0.004927221770183454,0.00291129124329248
2014-08-12,164.52,194.0,223.33,175.41,0.009449012148730063,0.00294680246083856,0.00458818766587199,-0.0015937162046787412
2014-08-13,165.18,194.92,224.66,176.63,0.0040116703136396925,0.004742268041237008,0.005955312765862031,0.006955133686791015
2014-08-14,167.78,196.03,226.72,177.41,0.01574040440731328,0.005694643956495105,0.009169411555238982,0.004416010870180509
2014-08-15,168.92,196.43,227.65,177.42,0.006794611991894017,0.0020405040044890743,0.004101976005645769,5.6366608421010156e-05
2014-08-18,170.04,197.13,228.92,178.95,0.00663035756571162,0.0035636104464693563,0.005578739292773971,0.008623605005072754
2014-08-19,169.92,197.8,229.75,179.88,-0.0007057163020466328,0.003398772383706339,0.0036257207758170207,0.005196982397317695
2014-08-20,171.16,197.99,230.37,180.33,0.007297551789077206,0.000960566228513704,0.002698585418933641,0.0025016677785190122
2014-08-21,170.16,198.06,229.67,180.87,-0.005842486562280924,0.0003535532097580507,-0.0030385900941963806,0.0029945100648809397
2014-08-22,171.75,198.6,230.75,180.53,0.009344146685472454,0.002726446531354121,0.004702399094352883,-0.0018798031735500764
2014-08-25,173.39,199.67,232.56,181.4,0.009548762736535599,0.005387713997985877,0.007843986998916641,0.004819143632637246
2014-08-26,174.37,200.61,233.69,181.59,0.00565199838514352,0.0047077678168980786,0.004858961128310968,0.001047409040793923
2014-08-27,175.63,201.44,234.81,181.64,0.0072260136491368865,0.00413738098798655,0.004792674055372537,0.0002753455586761433
2014-08-28,176.05,201.4,234.5,181.36,0.0023913909924273558,-0.00019857029388403724,-0.0013202163451301319,-0.0015415106804667067
2014-08-29,177.16,201.99,235.7,181.97,0.00630502698097124,0.0029294935451837922,0.0051172707889124425,0.003363475959417661
2014-09-01,177.03,202.29,236.0,,-0.0007337999548430174,0.0014852220406949002,0.0012728044123886395,
2014-09-02,179.39,202.19,235.92,181.88,0.013331073829294438,-0.000494339809184785,-0.0003389830508475633,
2014-09-03,177.22,202.44,235.77,181.78,-0.012096549417470293,0.0012364607547357132,-0.0006358087487282615,-0.0005498130635583909
2014-09-04,182.66,204.65,239.23,181.5,0.030696309671594646,0.010916814858723534,0.014675319166984613,-0.0015403234679283173
2014-09-05,181.77,205.07,239.82,182.42,-0.004872440600021788,0.0020522843879793307,0.002466245872173145,0.005068870523415869
2014-09-08,186.38,204.98,240.0,181.89,0.025361720856026837,-0.00043887453064805904,0.0007505629221917776,-0.0029053831816686637
2014-09-09,185.4,203.28,236.86,180.7,-0.005258074900740373,-0.00829349204800467,-0.013083333333333225,-0.0065424157457804055
2014-09-10,183.13,202.93,237.04,181.38,-0.012243797195253592,-0.001721763085399397,0.000759942582115869,0.0037631433314886387
2014-09-11,183.75,202.6,236.7,181.59,0.0033855730901546366,-0.0016261765140689333,-0.0014343570705366293,0.001157790274561643
2014-09-12,181.71,201.51,235.02,180.51,-0.011102040816326486,-0.005380059230009837,-0.00709759188846637,-0.005947464067404651
2014-09-15,181.01,200.86,234.24,180.39,-0.003852292113807776,-0.003225646369907076,-0.003318866479448568,-0.0006647831145089045
2014-09-16,179.0,200.73,234.03,181.74,-0.011104358875200226,-0.0006472169670418415,-0.0008965163934426812,0.007483785132213594
2014-09-17,182.95,201.66,235.76,181.98,0.02206703910614527,0.004633089224331144,0.007392214673332509,0.001320567844172782
2014-09-18,182.37,202.62,237.48,182.89,-0.0031702650997539328,0.0047604879500149355,0.0072955548014930205,0.005000549510935315
2014-09-19,187.89,204.78,241.31,182.81,0.03026813620661284,0.01066034942256433,0.016127673909381857,-0.0004374214008419086
2014-09-22,190.36,204.66,241.15,181.34,0.013145989674809844,-0.0005859947260474785,-0.000663047532219907,-0.008041135605273197
2014-09-23,191.71,203.78,239.99,180.31,0.007091826013868374,-0.004299814326199525,-0.004810284055567049,-0.005679938237564852
2014-09-24,192.54,204.85,241.54,181.73,0.004329455949089622,0.0052507606242024885,0.006458602441768324,0.007875325827741086
2014-09-25,197.61,204.3,240.76,178.79,0.02633219071361803,-0.0026848913839393473,-0.0032292787944026013,-0.016177846255433836
2014-09-26,202.06,205.27,242.21,180.36,0.022519103284246667,0.004747919725893279,0.006022595115467766,0.008781251747860708
2014-09-29,202.86,204.38,241.03,179.91,0.003959220033653343,-0.004335752910800461,-0.004871805458073641,-0.0024950099800400416
2014-09-30,206.68,205.88,243.56,179.42,0.018830720694074765,0.007339269987278518,0.010496618678172753,-0.002723584014229341
2014-10-01,207.57,205.81,243.33,177.06,0.00430617379523901,-0.00034000388575861074,-0.0009443258334701499,-0.013153494593690751
2014-10-02,203.98,204.06,240.59,177.08,-0.017295370236546703,-0.008502988192993555,-0.01126042822504425,0.00011295606009276149
2014-10-03,211.33,206.52,244.64,179.06,0.03603294440631455,0.01205527785945315,0.0168336173573298,0.011181386943754257
2014-10-06,206.3,205.45,242.38,178.78,-0.02380163724979889,-0.0051810962618633605,-0.009238064094179155,-0.0015637216575449253
2014-10-07,205.95,204.54,241.16,176.08,-0.0016965584100825382,-0.004429301533219743,-0.005033418598894279,-0.015102360443002505
2014-10-08,205.77,205.47,242.89,179.21,-0.0008739985433356967,0.004546787914344375,0.0071736606402388325,0.017776010904134498
2014-10-09,207.53,205.26,242.98,175.52,0.008553239053311845,-0.0010220470141626414,0.000370538103668272,-0.020590368841024498
2014-10-10,210.49,205.74,243.83,173.53,0.0142629981207536,0.002338497515346427,0.003498230307021233,-0.011337739288969972
2014-10-13,209.21,205.43,242.78,170.67,-0.0060810489809491886,-0.001506756099932005,-0.0043062789648525834,-0.01648130006338966
2014-10-14,212.85,206.78,244.79,170.94,0.01739878590889532,0.00657158156062887,0.008279100420133467,0.0015820003515556458
2014-10-15,216.16,207.51,246.94,169.57,0.01555085741132256,0.003530322081439108,0.00878303852281559,-0.008014508014508093
2014-10-16,212.05,205.07,243.68,169.6,-0.019013693560325562,-0.01175846947135073,-0.01320158743014499,0.00017691808692577027
2014-10-17,210.07,204.91,242.95,171.79,-0.009337420419712417,-0.000780221387818747,-0.0029957321076823362,0.012912735849056611
2014-10-20,210.54,205.53,244.12,173.36,0.0022373494549436934,0.00302571860816947,0.0048158057213418815,0.009139065137668156
2014-10-21,209.12,205.46,243.49,176.76,-0.00674456160349568,-0.00034058288327731834,-0.002580698017368488,0.01961236732810323
2014-10-22,210.6,206.22,244.65,175.49,0.007077276205049721,0.0036990168402608603,0.004764056018727647,-0.0071848834577957765
2014-10-23,209.2,205.62,243.37,177.65,-0.006647673314340019,-0.002909514111143374,-0.0052319640302472825,0.012308393640663162
2014-10-24,209.22,206.07,244.15,178.9,9.560229445515489e-05,0.002188503063904168,0.0032049965073757125,0.007036307345904769
2014-10-27,208.68,205.89,244.39,178.63,-0.0025810151993116426,-0.0008734895909157103,0.0009830022527135274,-0.0015092230296255282
2014-10-28,205.16,205.71,243.34,180.77,-0.016867931761548882,-0.0008742532420222826,-0.00429641147346449,0.011980070536864007
2014-10-29,204.33,204.75,241.44,180.54,-0.004045622928446013,-0.0046667638909144715,-0.007808005260129924,-0.0012723350113404974
2014-10-30,207.2,207.04,244.36,181.67,0.014045906132236885,0.0111843711843711,0.012094102054340583,0.006259000775451495
2014-10-31,210.45,209.26,247.86,183.81,0.015685328185328196,0.010722565687789842,0.014323129808479385,0.011779600374305144
2014-11-03,214.47,209.34,248.64,183.78,0.019101924447612273,0.0003822995316831168,0.0031469377874604465,-0.00016321201240410144
2014-11-04,216.49,210.06,250.51,183.27,0.009418566699305408,0.0034393809114359186,0.007520913770913795,-0.002775057133529213
2014-11-05,217.91,210.65,251.44,184.37,0.006559194420065584,0.0028087213177188097,0.0037124266496346703,0.006002073443553302
2014-11-06,219.01,210.99,252.16,185.13,0.005047955577990981,0.0016140517446001645,0.002863506204263455,0.004122145685306666
2014-11-07,216.35,210.3,250.73,185.23,-0.012145564129491748,-0.003270297170481995,-0.005671002538071068,0.0005401609679684949
2014-11-10,217.71,210.78,251.61,185.82,0.006286110469147177,0.002282453637660442,0.003509751525545557,0.003185229174539783
2014-11-11,213.98,210.56,250.99,185.95,-0.0171328831932388,-0.0010437422905399396,-0.002464130996383318,0.0006996017651490494
2014-11-12,215.38,211.09,252.03,185.87,0.006542667539022329,0.0025170972644377176,0.004143591378142464,-0.00043022317827368095
2014-11-13,218.13,212.54,254.54,185.98,0.012768130745658857,0.006869107963427767,0.009959131849383018,0.0005918114811427344
2014-11-14,216.23,212.15,253.69,186.05,-0.00871040205382112,-0.0018349487155358002,-0.0033393572719415676,0.00037638455747934785
2014-11-17,216.99,212.98,254.56,186.2,0.0035147759330342865,0.003912326184303483,0.003429382317001073,0.0008062348830957244
2014-11-18,216.23,213.0,254.38,187.19,-0.003502465551407985,9.390553103583166e-05,-0.0007071024512885771,0.005316863587540244
2014-11-19,217.64,212.66,253.9,186.92,0.006520834296813494,-0.0015962441314554265,-0.0018869407972323948,-0.0014423847427748049
2014-11-20,217.52,213.06,254.48,187.3,-0.0005513692335966658,0.0018809367064798188,0.002284363922804289,0.0020329552749840385
2014-11-21,218.16,214.89,256.31,188.3,0.0029422581831555217,0.008589129822585084,0.0071911348632505145,0.005339028296849957
2014-11-24,219.61,215.23,257.05,188.84,0.006646497983131772,0.00158220484899263,0.0028871288673872897,0.0028677642060541686
2014-11-25,221.2,216.15,258.49,188.65,0.007240107463230228,0.00427449704966798,0.005602022952732932,-0.0010061427663630162
2014-11-26,221.17,216.93,259.4,189.22,-0.00013562386980103813,0.0036086051353227955,0.0035204456652093707,0.0030214683275906484
2014-11-27,221.72,218.17,260.92,,0.002486774879052467,0.005716129627068467,0.005859676175790529,
2014-11-28,232.33,221.01,265.93,188.75,0.047853148114739286,0.01301737177430451,0.0192012877510348,
2014-12-01,225.52,219.22,262.48,187.47,-0.029311754831489734,-0.008099181032532377,-0.012973338848569105,-0.006781456953642406
2014-12-02,227.88,219.7,263.42,188.67,0.010464703795672214,0.0021895812425873906,0.0035812252362084074,0.00640102416386612
2014-12-03,227.82,220.38,264.32,189.43,-0.0002632964718273234,0.0030951297223487106,0.0034165970693189607,0.004028197381671816
2014-12-04,227.55,219.96,264.36,189.22,-0.00118514616802734,-0.0019057990743260866,0.00015133171912840027,-0.0011085889246688074
2014-12-05,229.72,221.42,266.08,189.53,0.009536365633926458,0.006637570467357579,0.0065062793160839405,0.0016383046189620831
2014-12-08,229.82,221.2,265.84,188.19,0.0004353125544140912,-0.0009935868485231314,-0.0009019843656044024,-0.0070701208251992
2014-12-09,228.63,219.67,264.06,188.14,-0.005177965364198012,-0.006916817359855387,-0.006695756846223144,-0.00026568893139922167
2014-12-10,229.38,219.3,263.2,185.08,0.003280409395092443,-0.001684344698866358,-0.003256835567674088,-0.016264483894971704
2014-12-11,231.45,220.12,264.45,185.97,0.009024326445200126,0.0037391700866393762,0.004749240121580511,0.004808731359412066
2014-12-12,232.99,219.48,263.85,182.96,0.006653704903867075,-0.002907504997274324,-0.0022688598979011543,-0.016185406248319545
2014-12-15,233.08,218.27,262.53,181.81,0.0003862826730760549,-0.005513030800072816,-0.00500284252416161,-0.006285526891123827
2014-12-16,235.32,217.93,262.79,180.26,0.0096104341856873,-0.0015577037613964118,0.000990363006132755,-0.008525383642263962
2014-12-17,237.46,219.23,264.48,183.94,0.009093999660037433,0.005965218189326826,0.006430990524753488,0.02041495617441469
2014-12-18,237.88,220.24,265.48,188.39,0.0017687189421375926,0.0046070337088903734,0.0037810042347248274,0.024192671523322717
2014-12-19,237.17,220.85,266.48,189.25,-0.002984698167143085,0.0027697057755176058,0.0037667620913062194,0.004564998142152055
2014-12-22,240.27,222.44,268.86,190.0,0.013070793101994438,0.007199456644781499,0.008931251876313384,0.003963011889035695
2014-12-23,240.05,222.26,268.29,190.34,-0.0009156365755191853,-0.0008092069771623578,-0.002120062486052232,0.001789473684210563
2014-12-24,239.87,222.69,269.11,190.32,-0.0007498437825452786,0.0019346711059120558,0.0030563942003056788,-0.00010507512871704705
2014-12-25,239.95,222.71,269.09,,0.0003335139867428616,8.981094795457167e-05,-7.431905168908681e-05,
2014-12-26,240.08,223.01,269.5,190.95,0.0005417795374036416,0.0013470432400879417,0.001523653796127844,
2014-12-29,243.3,224.41,272.12,191.15,0.013412195934688453,0.0062777453925833004,0.009721706864564084,0.0010473946059179617
2014-12-30,241.77,223.82,271.23,190.23,-0.006288532675709058,-0.0026291163495387737,-0.0032706159047478645,-0.00481297410410686
2014-12-31,243.31,224.47,272.18,188.27,0.0063696902014311885,0.00290411938164592,0.0035025624009143996,-0.01030331703727061
2015-01-01,243.31,224.5,272.17,,0.0,0.00013364814897309785,-3.6740392387324405e-05,
2015-01-02,246.52,226.55,275.23,188.24,0.013193045908511891,0.00913140311804006,0.011242973141786461,
2015-01-05,250.17,227.17,275.95,184.81,0.01480610092487411,0.002736702714632333,0.0026159938960141904,-0.01822141946451339
2015-01-06,252.29,227.3,276.19,183.16,0.008474237518487415,0.000572258660914926,0.0008697227758651671,-0.008928088306909832
2015-01-07,253.13,228.41,277.57,185.35,0.003329501763843279,0.004883413990321106,0.00499656033889706,0.011956759117711213
2015-01-08,252.43,229.34,278.81,188.67,-0.0027653774740251658,0.004071625585569949,0.004467341571495531,0.01791205826814135
2015-01-09,252.06,228.83,278.09,187.09,-0.0014657528819871368,-0.0022237725647510365,-0.002582403787525611,-0.008374410346106864
2015-01-12,254.41,230.01,280.02,185.57,0.009323177021343998,0.00515666652099811,0.006940199216081133,-0.008124432091506817
2015-01-13,254.46,230.5,280.96,185.11,0.00019653315514323033,0.0021303421590366245,0.0033569030783515696,-0.002478848951877888
2015-01-14,254.03,230.16,280.53,184.04,-0.0016898530220860186,-0.0014750542299349911,-0.0015304669703872786,-0.005780346820809412
2015-01-15,245.71,229.6,278.19,182.34,-0.0327520371609652,-0.0024330900243308973,-0.008341353865896628,-0.00923712236470331
2015-01-16,243.6,229.28,277.55,184.79,-0.008587359081844492,-0.0013937282229964376,-0.0023005859304791043,0.01343643742459144
2015-01-19,243.76,229.55,277.85,,0.0006568144499179418,0.0011775994417306812,0.0010808863267879332,
2015-01-20,248.37,230.6,279.76,185.09,0.01891204463406626,0.004574166848181127,0.0068742127046965695,
2015-01-21,246.57,230.1,278.55,185.98,-0.00724725208358501,-0.002168256721595818,-0.004325135830711924,0.0048084715543788015
2015-01-22,249.04,232.26,281.91,188.83,0.010017439266739592,0.009387222946545037,0.012062466343564893,0.015324228411657259
2015-01-23,254.61,234.76,286.03,187.79,0.02236588499839387,0.010763799190562251,0.01461459330992132,-0.0055075994280571194
2015-01-26,256.57,234.63,285.98,188.27,0.0076980479949726455,-0.0005537570284546156,-0.00017480683844339762,0.002556046647851362
2015-01-27,252.84,233.4,283.94,185.75,-0.014537942861597153,-0.005242296381536837,-0.007133365969648309,-0.013385032134700214
2015-01-28,256.05,234.29,285.36,183.26,0.01269577598481253,0.0038131962296485966,0.005001056561245498,-0.013405114401076723
2015-01-29,262.46,234.91,287.02,185.02,0.025034173013083194,0.0026462930556148123,0.005817213344547101,0.009603841536614643
2015-01-30,264.03,234.16,286.1,182.62,0.005981863903070872,-0.003192712102507378,-0.0032053515434462554,-0.012971570641011843
2015-02-02,261.23,233.66,285.25,184.99,-0.010604855508843491,-0.0021352921079603737,-0.002970989164627791,0.012977768042930604
2015-02-03,255.71,231.64,281.47,187.67,-0.02113080427209746,-0.00864503980142095,-0.013251533742331234,0.014487269582139417
2015-02-04,257.91,232.32,282.94,186.94,0.008603496147980172,0.002935589708167985,0.0052225814474009535,-0.003889806575371635
2015-02-05,256.24,231.39,281.52,188.91,-0.006475126982280699,-0.004003099173553792,-0.0050187318866191655,0.01053814057986524
2015-02-06,253.81,230.25,279.84,188.31,-0.009483296909147731,-0.004926747050434277,-0.0059676044330776445,-0.0031761156106081545
2015-02-09,251.93,228.44,277.14,187.52,-0.0074071155588826265,-0.007861020629750248,-0.009648370497427061,-0.004195210026020857
2015-02-10,253.68,229.46,278.8,189.53,0.006946373992775756,0.004465067413762958,0.005989752471674992,0.010718856655290043
2015-02-11,254.17,230.26,280.06,189.59,0.0019315673289181934,0.003486446439466606,0.004519368723098882,0.0003165725742626524
2015-02-12,251.82,230.06,279.92,191.47,-0.009245780383208113,-0.0008685833405714938,-0.0004998928800971081,0.009916134817237188
2015-02-13,251.35,229.93,279.36,192.26,-0.0018664125168771362,-0.000565069981743882,-0.002000571591883382,0.004125972737243355
2015-02-16,250.71,229.68,278.95,,-0.002546250248657178,-0.0010872874353063944,-0.00146764032073321,
2015-02-17,247.64,228.92,277.7,192.6,-0.012245223565075292,-0.003308951584813702,-0.004481089801039562,
2015-02-18,248.82,230.04,279.28,192.55,0.004764981424648651,0.004892538878210839,0.005689593086064093,-0.00025960539979219543
2015-02-19,250.62,230.5,280.21,192.37,0.007234145165179617,0.0019996522343941336,0.00332999140647372,-0.0009348221241236576
2015-02-20,250.73,230.88,280.94,193.58,0.0004389114994811649,0.0016485900216920424,0.0026051889654188365,0.0062899620522951505
2015-02-23,252.95,232.32,283.38,193.52,0.008854145893989473,0.006237006237006293,0.008685128497188055,-0.0003099493749354476
2015-02-24,254.11,232.99,284.46,194.06,0.0045858865388417325,0.00288395316804424,0.003811136989201769,0.0027904092600248287
2015-02-25,253.28,232.53,284.11,193.94,-0.0032663019951989503,-0.001974333662388972,-0.0012304014624199278,-0.000618365453983305
2015-02-26,256.2,234.07,286.69,193.69,0.011528742893240684,0.006622801358964425,0.009080989757488167,-0.0012890584716922504
2015-02-27,254.19,233.46,285.51,193.12,-0.007845433255269318,-0.0026060580168325576,-0.004115944051065634,-0.0029428468170787925
2015-03-02,254.7,234.05,286.47,194.31,0.0020063731854125244,0.0025271995202604813,0.0033624041189452836,0.0061619718309859906
2015-03-03,251.81,232.38,283.92,193.43,-0.011346682371417338,-0.007135227515488229,-0.008901455649806267,-0.0045288456589984705
2015-03-04,251.7,232.25,283.63,192.62,-0.0004368372979628443,-0.0005594285222479956,-0.0010214144829530092,-0.004187561391717942
2015-03-05,254.93,233.43,285.69,192.86,0.012832737385776838,0.005080731969860031,0.007262983464372708,0.0012459765341086282
2015-03-06,255.77,233.53,286.22,190.15,0.003295022162946637,0.0004283939510774104,0.001855157688403608,-0.014051643679352965
2015-03-09,256.61,233.38,286.43,190.92,0.0032842006490205744,-0.0006423157624287912,0.0007337013486128363,0.004049434656849815
2015-03-10,259.84,233.91,287.81,187.69,0.012587194575425675,0.002270974376553214,0.0048179310826379496,-0.016918080871569208
2015-03-11,262.28,235.73,290.68,187.36,0.009390394088669929,0.0077807703817707186,0.00997185643306353,-0.001758218338750006
2015-03-12,262.73,236.73,291.97,189.77,0.0017157236541103238,0.004242141432995394,0.004437869822485174,0.012862937660119478
2015-03-13,265.43,237.71,294.03,188.62,0.010276709930346684,0.004139737253411102,0.007055519402678234,-0.006059967328871818
2015-03-16,265.05,238.3,295.0,191.18,-0.0014316392269148048,0.002482015901728918,0.0032989830969629708,0.013572261690170784
2015-03-17,265.67,238.21,295.06,190.54,0.002339181286549641,-0.0003776751993286309,0.00020338983050849357,-0.0033476305052830835
2015-03-18,265.39,238.62,295.62,192.87,-0.0010539390973766105,0.001721170395869276,0.0018979190673082957,0.012228403484832562
2015-03-19,267.52,239.5,297.1,191.93,0.008025924111684679,0.0036878719302657625,0.005006427170015648,-0.004873749157463525
2015-03-20,263.6,238.76,294.97,193.66,-0.014653110047846751,-0.003089770354906096,-0.007169303264893956,0.009013702912520127
2015-03-23,260.2,237.24,292.11,193.32,-0.012898330804248959,-0.006366225498408373,-0.009695901278096164,-0.0017556542393886154
2015-03-24,261.31,237.8,292.89,192.15,0.004265949269792513,0.002360478839993352,0.0026702269692922,-0.006052141527001842
2015-03-25,259.86,236.4,290.28,189.36,-0.005548964831043501,-0.005887300252312877,-0.008911195329304511,-0.014519906323185006
2015-03-26,257.91,234.45,287.32,188.91,-0.007504040637266174,-0.0082487309644671,-0.01019705112305358,-0.002376425855513453
2015-03-27,260.92,235.45,289.38,189.39,0.01167073785429018,0.004265301770100205,0.007169706250870211,0.002540892488486435
2015-03-30,264.34,237.44,293.13,191.73,0.013107465889927727,0.008451900615842112,0.012958739373833739,0.012355456993505376
2015-03-31,265.72,237.43,292.93,190.06,0.00522054929257787,-4.211590296487877e-05,-0.0006822911336267223,-0.00871016533667135
2015-04-01,263.46,237.02,291.64,189.33,-0.00850519343670042,-0.0017268247483468446,-0.0044037824736286035,-0.0038408923497842418
2015-04-02,262.81,236.63,291.32,190.01,-0.0024671676914901353,-0.0016454307653362976,-0.001097243176518936,0.003591612528389465
2015-04-03,261.58,236.89,291.54,,-0.004680187207488418,0.0010987617799940175,0.0007551833035837063,
2015-04-06,259.82,236.31,290.2,191.26,-0.006728343145500415,-0.002448393769259982,-0.0045962818138164385,
2015-04-07,262.09,237.26,292.0,190.87,0.008736817796936247,0.004020143032457346,0.006202618883528688,-0.002039109066192535
2015-04-08,265.66,238.47,294.64,191.46,0.013621275134495958,0.005099890415577901,0.009041095890411022,0.00309110913186994
2015-04-09,268.41,239.8,297.09,192.31,0.010351577203944862,0.005577221453432424,0.008315232147705576,0.004439569622897599
2015-04-10,268.41,240.28,297.93,193.31,0.0,0.002001668056713868,0.002827426032515401,0.005199937600748772
2015-04-13,270.38,240.47,298.97,192.44,0.007339517901717496,0.0007907441318462105,0.00349075286141054,-0.004500543169003168
2015-04-14,268.72,240.08,298.2,192.76,-0.006139507360011676,-0.0016218239281406976,-0.0025755092484196496,0.0016628559551028488
2015-04-15,266.01,239.56,297.64,193.75,-0.010084846680559867,-0.0021659446851050035,-0.00187793427230043,0.005135920315418208
2015-04-16,262.19,238.11,295.04,193.6,-0.014360362392391246,-0.006052763399565841,-0.008735385028893816,-0.0007741935483871476
2015-04-17,261.54,236.05,292.24,191.41,-0.0024791181967275255,-0.008651463609256282,-0.00949023861171372,-0.011311983471074316
2015-04-20,262.71,236.14,292.93,193.19,0.004473503097040421,0.0003812751535690051,0.0023610730906105104,0.009299409644219159
2015-04-21,264.08,236.99,294.1,192.9,0.0052148757184729,0.003599559583298051,0.003994128290035315,-0.0015011128940420893
2015-04-22,261.41,236.43,293.12,193.89,-0.010110572553771457,-0.002362968901641449,-0.0033321999319959605,0.005132192846034167
2015-04-23,259.64,235.64,292.17,194.37,-0.006770972801346642,-0.0033413695385526854,-0.0032409934497815707,0.0024756305121460542
2015-04-24,261.67,236.48,293.4,194.81,0.007818517947927983,0.0035647598030894567,0.0042098778108634605,0.002263723825693287
2015-04-27,260.75,237.4,293.92,194.0,-0.0035158787786143675,0.003890392422192246,0.001772324471711162,-0.004157897438529901
2015-04-28,257.21,235.93,291.39,194.56,-0.013576222435282892,-0.006192080876158412,-0.008607784431137855,0.0028865979381442752
2015-04-29,250.01,232.09,285.11,193.84,-0.027992690797402853,-0.016276014071970546,-0.021551872061498223,-0.0037006578947368363
2015-04-30,248.58,229.91,281.47,191.89,-0.0057197712091515696,-0.009392907923650329,-0.012767002209673417,-0.010059843169624494
2015-05-01,250.55,230.21,281.53,193.98,0.007925014079974257,0.0013048584228612103,0.00021316658968961733,0.010891656678305273
2015-05-04,249.1,230.14,281.69,194.55,-0.005787268010377211,-0.0003040701967769177,0.0005683230916777582,0.0029384472626043934
2015-05-05,244.3,227.92,277.81,192.27,-0.01926936973103166,-0.009646302250803873,-0.013774006887003476,-0.011719352351580614
2015-05-06,241.03,226.22,274.4,191.48,-0.01338518215309048,-0.007458757458757459,-0.012274576149166827,-0.004108805325844012
2015-05-07,241.74,226.57,274.62,192.25,0.002945691407708617,0.0015471664751127712,0.0008017492711371865,0.004021307708376831
2015-05-08,242.99,228.15,276.94,194.84,0.005170844709191602,0.0069735622544908615,0.008448037287888788,0.013472041612483832
2015-05-11,241.4,227.52,276.45,193.89,-0.006543479155520782,-0.002761341222879632,-0.00176933631833609,-0.004875795524532989
2015-05-12,238.41,226.89,275.03,193.33,-0.012386081193040632,-0.002768987341772222,-0.0051365527220113005,-0.002888235597503619
2015-05-13,237.3,227.08,274.31,193.31,-0.0046558449729456886,0.0008374101987749238,-0.002617896229502148,-0.00010345005948386721
2015-05-14,237.37,227.47,274.2,195.42,0.0002949852507374562,0.0017174564030297823,-0.00040100616091287566,0.010915110444363885
2015-05-15,237.26,228.16,275.02,195.59,-0.0004634115515861348,0.0030333670374114163,0.002990517870167686,0.0008699211953742125
2015-05-18,236.17,227.77,274.73,196.2,-0.00459411615948746,-0.001709326788218779,-0.0010544687659077567,0.003118768853213272
2015-05-19,237.15,228.82,276.37,196.11,0.00414955328788591,0.00460991350924167,0.0059694973246460226,-0.00045871559633015035
2015-05-20,238.8,229.33,277.33,195.95,0.006957621758380883,0.0022288261515601704,0.003473604226218452,-0.0008158686451482655
2015-05-21,239.97,229.51,277.82,196.44,0.004899497487437232,0.0007848951292894757,0.0017668481592327812,0.002500637917836279
2015-05-22,238.63,229.63,278.33,196.0,-0.005584031337250495,0.0005228530347261007,0.0018357209704125133,-0.0022398696803095364
2015-05-25,238.36,229.56,278.27,,-0.0011314587436616064,-0.0003048382180028675,-0.00021557144396944228,
2015-05-26,237.41,229.21,278.68,193.99,-0.003985568048330279,-0.0015246558633907892,0.0014733891544185251,
2015-05-27,237.29,230.3,280.36,195.8,-0.0005054546986226205,0.004755464421273059,0.006028419692837739,0.009330377854528615
2015-05-28,237.62,229.96,280.12,195.58,0.0013907033587594597,-0.0014763352149370634,-0.0008560422314167759,-0.0011235955056180247
2015-05-29,237.83,228.99,278.97,194.35,0.0008837639929299979,-0.00421812489128548,-0.004105383407111196,-0.0062889866039472775
2015-06-01,237.28,228.17,278.31,194.77,-0.0023125762098978875,-0.003580942399231457,-0.0023658457898699803,0.002161049652688485
2015-06-02,238.13,226.32,275.03,194.59,0.003582265677680274,-0.008107989656834791,-0.011785419136933761,-0.000924166966165263
2015-06-03,239.82,226.46,275.31,195.04,0.007096963843278958,0.000618593142453161,0.0010180707559177549,0.002312554601983541
2015-06-04,237.7,225.78,274.04,193.36,-0.008839963305812715,-0.003002737790338328,-0.004612981729686494,-0.008613617719442024
2015-06-05,238.87,225.54,274.36,193.09,0.004922170803533854,-0.0010629816635663314,0.00116771274266525,-0.001396359122879609
2015-06-08,236.94,223.78,271.59,191.87,-0.008079708628124127,-0.007803493837013398,-0.010096223939349946,-0.006318297167124176
2015-06-09,237.14,222.55,269.5,191.95,0.0008440955516164639,-0.005496469747072963,-0.007695423248278543,0.0004169489758689693
2015-06-10,239.38,222.41,269.28,194.28,0.009445896938517384,-0.0006290721186250625,-0.0008163265306123657,0.01213857775462368
2015-06-11,240.0,223.92,271.92,194.67,0.0025900242292589137,0.006789263072703555,0.009803921568627638,0.002007411982705376
2015-06-12,238.14,223.23,271.59,193.32,-0.007750000000000035,-0.003081457663451248,-0.0012135922330098747,-0.006934812760055475
2015-06-15,236.75,222.45,270.74,192.43,-0.005836902662299415,-0.0034941540115576153,-0.003129717589012704,-0.004603765776950097
2015-06-16,236.5,222.33,270.65,193.53,-0.001055966209081327,-0.0005394470667564599,-0.00033242225012941606,0.005716364392246431
2015-06-17,235.85,222.12,270.52,193.92,-0.0027484143763213398,-0.0009445418971798514,-0.0004803251431738653,0.002015191443186959
2015-06-18,235.64,221.91,270.42,195.86,-0.0008903964384142649,-0.0009454349000540541,-0.0003696584356053245,0.010004125412541365
2015-06-19,234.74,222.13,270.86,194.83,-0.0038193855033100688,0.0009913929070344274,0.001627098587382525,-0.005258858368222152
2015-06-22,238.83,223.54,271.92,196.01,0.01742353241884631,0.0063476342682213804,0.003913460828472326,0.0060565621310886275
2015-06-23,240.59,223.82,272.35,196.15,0.007369258468366668,0.00125257224657771,0.0015813474551338302,0.0007142492729963479
2015-06-24,239.31,223.14,271.44,194.72,-0.005320254374662325,-0.0030381556607989024,-0.003341288782816365,-0.007290339026255421
2015-06-25,237.49,222.38,269.98,194.15,-0.007605198278383685,-0.0034059334946670017,-0.005378720895962252,-0.002927280197206228
2015-06-26,238.83,222.44,270.05,194.11,0.0056423428354879235,0.0002698084360104325,0.00025927846507145524,-0.000206026268349202
2015-06-29,233.23,219.09,266.06,190.07,-0.023447640581166662,-0.015060240963855387,-0.014775041658952048,-0.020812941115862293
2015-06-30,231.44,219.3,265.4,190.59,-0.007674827423573283,0.0009585102012872326,-0.0024806434638804387,0.0027358341663599184
2015-07-01,231.35,220.16,266.6,191.96,-0.0003888696854476015,0.0039215686274509665,0.0045214770158252815,0.007188205047484075
2015-07-02,232.0,220.0,266.58,191.9,0.0028095958504430474,-0.0007267441860464574,-7.501875468884922e-05,-0.0003125651177329214
2015-07-03,231.14,220.05,266.82,,-0.0037068965517241814,0.00022727272727274261,0.0009002925950933882,
2015-07-06,227.92,220.58,267.87,191.17,-0.013930950938824904,0.002408543512838035,0.0039352372385879075,
2015-07-07,226.47,222.09,270.62,192.33,-0.006361881361881316,0.006845588901985611,0.01026617389032003,0.006067897682690893
2015-07-08,224.22,220.64,267.27,189.18,-0.009935090740495478,-0.006528884686388459,-0.012378981597812477,-0.016378100140383767
2015-07-09,226.18,220.46,266.42,189.61,0.008741414682008841,-0.0008158085569252016,-0.003180304560930769,0.0022729675441379715
2015-07-10,229.01,220.04,265.56,191.95,0.012512158457865352,-0.0019051075024948405,-0.003227985886945506,0.012341121248879094
2015-07-13,227.71,220.84,266.4,194.09,-0.005676608008383877,0.0036357025995275016,0.0031631269769543113,0.011148736650169466
2015-07-14,227.61,221.14,267.07,194.96,-0.00043915506565361806,0.0013584495562397603,0.002515015015015054,0.004482456592302508
2015-07-15,227.79,222.97,269.69,194.82,0.0007908264136020637,0.008275300714479572,0.00981016212977881,-0.0007180960196964126
2015-07-16,227.28,224.04,270.94,196.39,-0.0022389042539180393,0.004798851863479392,0.00463495124031299,0.008058720870547154
2015-07-17,227.28,224.71,272.34,196.6,0.0,0.0029905374040350985,0.0051671956890824156,0.0010693008809001814
2015-07-20,227.02,225.16,273.46,196.76,-0.0011439633931713544,0.002002581104534773,0.004112506425791418,0.0008138351983724146
2015-07-21,226.69,224.32,272.44,195.93,-0.0014536164214606906,-0.003730680405045317,-0.003729978790316668,-0.004218337060377997
2015-07-22,227.43,225.05,273.66,195.48,0.00326436984428069,0.0032542796005707864,0.004478050212890938,-0.0022967386311438798
2015-07-23,227.11,225.15,274.09,194.38,-0.001407026337774231,0.00044434570095530646,0.0015712928451361297,-0.005627174135461432
2015-07-24,227.3,225.68,274.84,192.3,0.0008365990048875283,0.0023539862314012616,0.00273632748367314,-0.010700689371334393
2015-07-27,225.47,224.55,273.51,191.19,-0.008051033875934976,-0.005007089684509025,-0.00483917915878318,-0.005772230889235619
2015-07-28,224.99,224.21,272.94,193.56,-0.002128886326340451,-0.0015141393898908673,-0.002084018865854964,0.012396045818295898
2015-07-29,224.49,224.0,272.75,195.0,-0.0022223209920441134,-0.0009366219169528733,-0.0006961236901883439,0.007439553626782391
2015-07-30,226.03,225.33,274.65,195.03,0.006859993763641992,0.005937500000000151,0.006966086159486684,0.00015384615384617106
2015-07-31,225.95,226.07,276.03,194.58,-0.00035393531832061953,0.003284072249589487,0.005024576734025121,-0.00230733733271804
2015-08-03,226.05,227.88,278.96,194.05,0.0004425757911044048,0.00800636970849733,0.010614788247654161,-0.0027238153972659607
2015-08-04,225.58,227.04,277.66,193.62,-0.0020791860207918234,-0.0036861506055818616,-0.004660166332090432,-0.0022159237309972157
2015-08-05,228.26,227.61,278.71,194.29,0.011880485858675405,0.0025105708245243274,0.00378160339984146,0.003460386323726805
2015-08-06,227.17,227.14,278.12,192.84,-0.004775256286690621,-0.002064935635517018,-0.002116895698037302,-0.007463070667558691
2015-08-07,225.84,226.87,277.81,192.29,-0.005854646300127553,-0.0011886941974111886,-0.0011146267798073373,-0.0028521053723294942
2015-08-10,225.49,225.44,274.85,194.76,-0.0015497697484945228,-0.0063031692158505015,-0.010654764047370424,0.012845181756721669
2015-08-11,227.22,227.14,278.37,192.94,0.007672180584504806,0.00754080908445709,0.01280698562852467,-0.00934483466830971
2015-08-12,222.11,225.17,275.12,193.16,-0.022489217498459557,-0.008673065070000874,-0.011675108668319112,0.0011402508551880963
2015-08-13,224.49,225.08,275.64,192.95,0.010715411282697707,-0.00039969800595096583,0.0018900843268392364,-0.0010871816110996635
2015-08-14,224.61,224.84,275.23,193.7,0.0005345449685953962,-0.0010662875422072782,-0.001487447395152941,0.003887017362010914
2015-08-17,224.77,225.86,277.02,194.75,0.000712345843907114,0.004536559331079992,0.0065036514914798005,0.0054207537429014074
2015-08-18,225.37,225.99,277.58,194.27,0.0026693953819458827,0.000575577791552373,0.0020215146920798954,-0.002464698331193782
2015-08-19,226.33,226.52,278.46,192.68,0.004259661889337574,0.002345236514889937,0.0031702572231429027,-0.008184485509857398
2015-08-20,225.2,225.85,277.34,188.62,-0.0049927097600849235,-0.0029577962210842745,-0.004022121669180478,-0.02107120614490343
2015-08-21,226.99,226.6,278.53,182.64,0.007948490230905936,0.0033207881337171674,0.004290762241292212,-0.03170395504188328
2015-08-24,232.72,227.71,281.22,175.45,0.025243402793074576,0.004898499558693814,0.009657846551538674,-0.039367060884800686
2015-08-25,230.12,226.37,278.24,173.08,-0.011172224132004138,-0.005884677879759326,-0.010596685868714983,-0.01350812197207163
2015-08-26,232.05,227.3,280.39,179.85,0.008386928559012796,0.0041083182400494245,0.007727142035652612,0.03911486018026333
2015-08-27,225.77,224.76,275.16,184.24,-0.0270631329454859,-0.011174659040915191,-0.01865259103391692,0.02440922991381722
2015-08-28,222.21,222.93,272.33,184.37,-0.015768259733356937,-0.008142018152696107,-0.010284925134467326,0.0007056013894919388
2015-08-31,220.69,221.81,270.15,182.84,-0.006840376220692224,-0.005023998564571808,-0.008004993941174376,-0.008298530129630666
2015-09-01,226.36,223.28,273.36,177.45,0.02569214735601988,0.006627293629682951,0.01188228761799004,-0.029479326186830135
2015-09-02,225.96,223.24,273.34,180.72,-0.0017670966601873728,-0.00017914725904688567,-7.316359379583304e-05,0.01842772612003385
2015-09-03,224.92,222.81,272.66,180.94,-0.004602584528235143,-0.0019261781042824166,-0.0024877442013607753,0.0012173528109782339
2015-09-04,228.67,224.59,276.13,178.18,0.016672594700337884,0.007988869440330282,0.012726472529890565,-0.015253675251464482
2015-09-07,228.46,224.68,276.59,,-0.0009183539598547341,0.00040073021951103627,0.0016658820120956097,
2015-09-08,226.31,222.85,273.01,182.67,-0.009410837783419446,-0.008144917215595515,-0.01294334574641165,
2015-09-09,226.33,223.14,273.56,180.15,8.837435376252145e-05,0.001301323760376949,0.002014578220578045,-0.013795368697651411
2015-09-10,226.3,222.46,272.77,181.12,-0.00013254981663946008,-0.0030474141794387677,-0.0028878491007457985,0.005384401887316148
2015-09-11,227.22,223.05,274.01,181.98,0.004065399911621581,0.0026521621864605827,0.004545954467133573,0.004748233215547515
2015-09-14,226.99,222.85,273.74,181.25,-0.0010122348384824509,-0.0008966599417171706,-0.000985365497609525,-0.004011429827453505
2015-09-15,224.48,221.94,272.09,183.58,-0.011057755848275286,-0.0040834642135966215,-0.0060276174472128075,0.012855172413793081
2015-09-16,221.09,220.01,268.52,185.19,-0.015101568068424776,-0.008696043975849332,-0.013120658605608404,0.008770018520535938
2015-09-17,221.97,220.47,269.2,184.74,0.003980279524175678,0.0020908140539066533,0.002532399821242315,-0.0024299368216426087
2015-09-18,226.72,221.96,272.29,181.76,0.02139928819209813,0.0067582891096293896,0.0114784546805351,-0.016130778391252654
2015-09-21,225.68,221.87,272.0,182.59,-0.004587155963302725,-0.0004054784645882714,-0.001065040948988294,0.004566461267605737
2015-09-22,230.01,223.88,275.78,180.34,0.019186458702587617,0.009059359084148344,0.013897058823529207,-0.012322690180185059
2015-09-23,231.42,224.12,276.53,179.98,0.006130168253554169,0.0010720028586743702,0.00271955906882293,-0.001996229344571443
2015-09-24,230.68,223.67,276.09,179.38,-0.0031976492956528046,-0.0020078529359273123,-0.0015911474342747978,-0.003333703744860528
2015-09-25,227.83,222.75,274.05,179.3,-0.012354777180509813,-0.004113202485804934,-0.007388894925567602,-0.00044598059984379823
2015-09-28,232.37,224.3,276.97,174.75,0.019927138656015364,0.006958473625140238,0.01065498996533476,-0.02537646402677085
2015-09-29,233.84,224.7,277.42,174.97,0.006326117829323907,0.001783325902808608,0.0016247246994258724,0.0012589413447783304
2015-09-30,231.27,224.39,276.33,178.32,-0.010990420800547351,-0.0013796172674677143,-0.003929060630091685,0.01914613933817222
2015-10-01,231.35,224.49,276.92,178.68,0.00034591602888389694,0.00044565265831830736,0.0021351282886405976,0.0020188425302827273
2015-10-02,230.1,224.7,277.03,181.26,-0.005403068943159672,0.00093545369504211,0.00039722663585139983,0.014439220953660126
2015-10-05,225.46,222.89,273.29,184.59,-0.02016514558887439,-0.008055184690698769,-0.013500342923148945,0.018371400198609722
2015-10-06,222.55,221.69,270.31,183.92,-0.012906945799698422,-0.005383821616043782,-0.01090416773390912,-0.0036296657457067782
2015-10-07,221.2,220.7,268.37,185.47,-0.006066052572455738,-0.004465695340340137,-0.007176944989086609,0.008427577207481551
2015-10-08,219.45,220.01,267.4,187.11,-0.007911392405063333,-0.003126415949252337,-0.0036144129373626432,0.008842400388203053
2015-10-09,217.65,218.7,264.73,187.25,-0.008202323991797544,-0.0059542748056906625,-0.009985041136873485,0.0007482229704451893
2015-10-12,218.7,219.35,265.79,187.49,0.004824259131633202,0.0029721079103794956,0.0040040796283005164,0.0012817089452603625
2015-10-13,220.69,219.96,267.05,186.23,0.00909922267946972,0.00278094369728743,0.004740584672109582,-0.0067203584191157795
2015-10-14,221.2,221.04,268.66,185.36,0.0023109338891658116,0.004909983633387904,0.006028833551769308,-0.004671642592492975
2015-10-15,218.63,220.93,267.95,188.12,-0.01161844484629293,-0.0004976474846181134,-0.002642745477555386,0.014889943892965052
2015-10-16,219.2,220.98,268.13,188.98,0.0026071444906921037,0.00022631602770095682,0.0006717671207314702,0.004571550074420561
2015-10-19,221.1,221.43,269.1,189.04,0.008667883211678884,0.0020363833831116285,0.003617648155745501,0.00031749391469992894
2015-10-20,219.77,220.31,267.27,188.77,-0.006015377657168641,-0.0050580318836652705,-0.006800445930880916,-0.0014282691493863187
2015-10-21,221.92,221.32,269.23,187.7,0.009782954907403107,0.004584449185238926,0.007333408164029054,-0.005668273560417547
2015-10-22,221.47,223.2,271.39,190.82,-0.0020277577505406486,0.008494487619736146,0.00802288006537144,0.01662226957911561
2015-10-23,220.8,223.5,271.37,192.93,-0.0030252404388855236,0.0013440860215054862,-7.369468292850456e-05,0.011057541138245641
2015-10-26,221.49,224.14,272.63,192.56,0.0031250000000000444,0.002863534675615176,0.004643107196816043,-0.0019177940185559628
2015-10-27,223.92,225.2,274.46,192.07,0.010971149939049019,0.004729187115195765,0.00671239408722446,-0.0025446614042377025
2015-10-28,223.1,224.18,273.33,194.36,-0.0036620221507680517,-0.004529307282415518,-0.00411717554470592,0.0119227365023169
2015-10-29,220.15,222.52,270.38,194.3,-0.013222770058269773,-0.007404764028905331,-0.010792814546518814,-0.0003087054949578727
2015-10-30,218.63,221.71,269.14,193.36,-0.006904383374971679,-0.003640122236203469,-0.004586138027960707,-0.004837879567678782
2015-11-02,218.26,221.82,269.23,195.66,-0.0016923569500983948,0.0004961436110233475,0.0003343984543362488,0.01189491104675211
2015-11-03,215.19,220.92,267.62,196.2,-0.014065793090809131,-0.004057343792264079,-0.005980017085763123,0.002759889604415866
2015-11-04,214.71,220.98,268.0,195.57,-0.002230586923184119,0.00027159152634448347,0.0014199237725132097,-0.0032110091743119407
2015-11-05,216.09,221.5,268.37,195.39,0.006427273997484884,0.0023531541315957583,0.0013805970149254332,-0.0009203865623562679
2015-11-06,214.48,221.76,268.1,195.34,-0.007450599287334048,0.0011738148984197228,-0.0010060737042142387,-0.000255898459491144
2015-11-09,214.79,221.61,268.41,193.46,0.0014453562103693418,-0.0006764069264068029,0.0011562849682953402,-0.009624244906317192
2015-11-10,216.83,222.97,270.58,193.81,0.009497648866334751,0.00613690717927895,0.008084646622704028,0.001809159516179104
2015-11-11,216.22,223.02,270.64,193.18,-0.0028132638472536664,0.00022424541418142319,0.0002217458792224125,-0.00325060626386664
2015-11-12,216.27,222.81,270.6,190.51,0.00023124595319590213,-0.0009416195856873921,-0.0001477978125922208,-0.013821306553473578
2015-11-13,218.12,223.55,271.63,188.38,0.008554122162112154,0.0033212153853059423,0.0038063562453805044,-0.011180515458506068
2015-11-16,219.06,224.65,273.46,191.22,0.004309554373739255,0.004920599418474669,0.006737105621617667,0.015075910393884673
2015-11-17,218.89,225.61,274.82,191.01,-0.0007760430932165496,0.004273314044068499,0.0049733050537557055,-0.0010982114841544544
2015-11-18,219.05,226.04,275.99,194.11,0.0007309607565444409,0.0019059438854660549,0.004257332071901709,0.01622951677922635
2015-11-19,218.14,225.28,274.99,193.9,-0.004154302670623222,-0.003362236772252669,-0.003623319685495896,-0.0010818608005770392
2015-11-20,219.04,226.21,276.36,194.67,0.004125790776565497,0.004128196022727293,0.004981999345430754,0.003971119133573842
2015-11-23,218.87,226.02,276.08,194.43,-0.0007761139517895588,-0.0008399275009945972,-0.0010131712259372483,-0.0012328556017875414
2015-11-24,217.64,225.01,274.39,194.68,-0.005619774295243851,-0.0044686310945935,-0.006121414082874477,0.0012858098030139598
2015-11-25,217.93,225.89,275.71,194.67,0.0013324756478589883,0.003910937291675909,0.004810670942818618,-5.136634477098667e-05
2015-11-26,218.02,225.88,275.71,,0.000412976643876517,-4.4269334631863444e-05,0.0,
2015-11-27,220.67,227.82,278.88,194.83,0.012154848179066091,0.008588631131574376,0.011497588045410012,
2015-11-30,220.35,227.6,278.32,193.94,-0.0014501291521276105,-0.000965674655429738,-0.002008032128514081,-0.004568084997177091
2015-12-01,218.52,227.73,278.55,196.02,-0.00830496936691616,0.0005711775043937273,0.0008263868927853579,0.010724966484479737
2015-12-02,221.28,228.64,280.3,193.91,0.012630422844590816,0.003995960128222009,0.006282534553940122,-0.01076420773390474
2015-12-03,214.94,222.29,270.04,191.13,-0.028651482284887897,-0.027772918124562618,-0.03660363895825902,-0.014336547883038508
2015-12-04,214.32,221.88,269.45,195.06,-0.0028845259142086244,-0.001844437446578806,-0.002184861501999813,0.020561921205462186
2015-12-07,219.28,225.0,275.16,193.71,0.023142963792459836,0.014061654948620994,0.021191315642976605,-0.006920947400799737
2015-12-08,219.72,224.68,274.56,192.47,0.0020065669463700253,-0.0014222222222222136,-0.002180549498473683,-0.006401321563161422
2015-12-09,216.21,223.5,272.4,190.99,-0.015974877116329833,-0.005251913833006938,-0.00786713286713292,-0.007689510053514814
2015-12-10,218.0,224.2,273.25,191.44,0.008278988020905542,0.0031319910514540084,0.0031204111600589,0.002356144300748708
2015-12-11,218.58,225.27,274.68,187.76,0.002660550458715605,0.004772524531668321,0.00523330283623058,-0.019222732971165946
2015-12-14,219.92,225.15,274.65,188.66,0.006130478543324935,-0.0005326941004129004,-0.00010921799912633201,0.004793353216872687
2015-12-15,219.74,224.93,273.9,190.67,-0.000818479447071585,-0.0009771263602043057,-0.002730748225013624,0.01065408671684498
2015-12-16,220.73,225.22,274.3,193.45,0.00450532447437868,0.0012892900013337094,0.0014603870025557963,0.014580164682435726
2015-12-17,224.34,227.26,277.66,190.57,0.016354822633987354,0.009057810141195333,0.012249362012395126,-0.014887567846988858
2015-12-18,222.33,226.34,275.59,187.18,-0.008959614870286181,-0.004048226700695157,-0.007455160988259157,-0.01778873904601974
2015-12-21,222.29,226.01,274.89,188.66,-0.00017991274232009857,-0.0014579835645489592,-0.002540005080010066,0.007906827652526927
2015-12-22,222.79,225.58,274.64,190.34,0.0022493139592423272,-0.001902570682713045,-0.0009094546909672596,0.008904908300646719
2015-12-23,220.97,224.67,272.66,192.72,-0.008169127878270954,-0.004034045571416067,-0.0072094378094959,0.012503940317326823
2015-12-24,219.91,224.35,271.9,192.41,-0.004797031271213337,-0.001424311211999818,-0.002787354214039639,-0.0016085512660855006
2015-12-25,219.89,224.31,271.86,,-9.094629621209105e-05,-0.0001782928459995725,-0.00014711290915769837,
2015-12-28,221.57,224.93,273.11,191.99,0.007640183728227834,0.0027640319201105434,0.004597954829691719,
2015-12-29,220.45,223.91,271.03,194.07,-0.005054835943494207,-0.004534744142622227,-0.0076159789095969765,0.010833897598833131
2015-12-30,222.35,224.83,272.97,192.69,0.00861873440689509,0.004108793711759207,0.007157879201564521,-0.007110836296181811
2015-12-31,221.91,224.52,272.28,190.88,-0.0019788621542612406,-0.001378819552550814,-0.00252775030223118,-0.009393326067777319
2016-01-04,223.01,225.3,273.07,188.0,0.004956964535171915,0.0034740780331372623,0.002901425003672742,-0.015088013411567402
2016-01-05,223.48,226.11,273.74,188.38,0.002107528810367354,0.003595206391478145,0.0024535833302816723,0.002021276595744581
2016-01-06,225.51,228.48,276.0,185.98,0.00908358689815647,0.010481623988324085,0.008256009351939708,-0.012740205966663143
2016-01-07,225.26,228.35,275.43,181.57,-0.001108598288324214,-0.000568977591036357,-0.002065217391304275,-0.023712227121195806
2016-01-08,226.67,229.69,276.78,179.61,0.006259433543460924,0.005868184804028953,0.004901426859819091,-0.010794734813019624
2016-01-11,228.99,231.78,280.15,179.76,0.010235143600829444,0.00909922068875435,0.012175735240985697,0.0008351428094202085
2016-01-12,230.46,233.41,281.7,181.16,0.006419494301061146,0.007032530848218199,0.0055327503123328015,0.007788161993769416
2016-01-13,229.63,233.68,281.99,176.66,-0.003601492666840289,0.00115676277794452,0.001029463968761135,-0.024839920512254365
2016-01-14,231.14,233.88,282.67,179.61,0.006575795845490617,0.000855871276959963,0.0024114330295401665,0.016698743348805722
2016-01-15,236.65,238.1,288.26,175.74,0.023838366358051477,0.018043441080896283,0.019775710192096785,-0.02154668448304664
2016-01-18,237.23,237.98,288.27,,0.0024508768223112654,-0.0005039899202016196,3.4690904044953896e-05,
2016-01-19,235.99,237.36,287.12,175.83,-0.005226994899464543,-0.0026052609462978715,-0.003989315572206498,
2016-01-20,240.82,240.35,291.74,173.8,0.02046696893936173,0.012596899224806224,0.016090833101142454,-0.011545242563840041
2016-01-21,238.08,238.2,288.89,174.71,-0.011377792542147547,-0.008945288121489536,-0.009768972372660611,0.005235903337169168
2016-01-22,231.05,234.33,283.26,178.26,-0.02952788978494625,-0.016246851385390282,-0.01948838658312846,0.020319386411767892
2016-01-25,233.26,235.72,285.14,175.47,0.009565029214455567,0.005931805573336613,0.006637011932500103,-0.015651295859979708
2016-01-26,230.75,234.76,283.63,177.95,-0.0107605247363457,-0.0040726285423383635,-0.005295644244932229,0.014133470108850466
2016-01-27,230.09,233.99,282.5,176.03,-0.002860238353196043,-0.0032799454762310054,-0.003984063745019917,-0.010789547625737472
2016-01-28,229.6,233.52,282.05,177.02,-0.0021296014602981694,-0.00200863284755759,-0.0015929203539822856,0.005624041356586895
2016-01-29,227.12,233.91,282.51,181.41,-0.010801393728222974,0.0016700924974306641,0.0016309165041659135,0.024799457688396753
2016-02-01,226.58,233.82,282.33,181.33,-0.002377597745685023,-0.0003847633705271747,-0.0006371455877668408,-0.00044099002260067355
2016-02-02,231.72,236.92,286.64,177.94,0.022685144319886996,0.013258061756906914,0.015265823681507529,-0.018695196602878772
2016-02-03,229.05,235.79,284.91,178.89,-0.01152252718798541,-0.004769542461590337,-0.006035445157688946,0.005338878273575265
2016-02-04,227.09,234.93,283.47,179.2,-0.008557083606199556,-0.0036473132872471004,-0.005054227650837073,0.001732908491251628
2016-02-05,231.77,236.05,285.12,175.89,0.02060856928970889,0.004767377516707194,0.005820721769499437,-0.01847098214285714
2016-02-08,236.01,239.42,289.2,173.42,0.018293998360443542,0.014276636305867285,0.014309764309764272,-0.014042867701404282
2016-02-09,239.31,240.95,291.34,173.34,0.013982458370408013,0.006390443571965498,0.007399723374827083,-0.0004613078076345367
2016-02-10,238.35,241.37,291.71,173.37,-0.004011533157828762,0.0017431002282632946,0.001269993821651605,0.0001730702665281303
2016-02-11,245.82,244.59,296.69,171.27,0.03134046570169913,0.013340514562704575,0.01707174934009803,-0.012112822287593028
2016-02-12,238.96,240.52,290.95,174.63,-0.027906598323976795,-0.016640091581830774,-0.019346792948869207,0.01961814678577678
2016-02-15,235.86,239.49,289.45,,-0.012972882490793425,-0.004282388158988848,-0.00515552500429628,
2016-02-16,236.01,239.46,288.65,177.57,0.0006359704909690844,-0.00012526619065511557,-0.0027638624978407744,
2016-02-17,230.97,237.29,285.3,180.52,-0.021355027329350462,-0.009062056293326681,-0.011605750909405743,0.01661316663850876
2016-02-18,233.0,238.42,286.79,179.68,0.008789020219076127,0.004762105440600184,0.0052225727304591185,-0.004653224019499191
2016-02-19,235.23,239.55,288.25,179.71,0.009570815450643755,0.004739535273886597,0.005090833013703389,0.00016696349065004057
2016-02-22,231.87,238.71,287.03,182.3,-0.014283892360668182,-0.0035065748278021447,-0.00423243712055521,0.014412108396861578
2016-02-23,234.75,239.94,288.6,180.04,0.012420753008151042,0.005152695739600199,0.005469811517959888,-0.012397147558968813
2016-02-24,237.25,241.24,290.51,180.85,0.010649627263045858,0.005418021171959664,0.006618156618156457,0.004499000222172755
2016-02-25,235.57,241.46,290.65,182.95,-0.007081138040042179,0.0009119548996849858,0.0004819111218201666,0.01161183301078239
2016-02-26,232.2,239.91,288.03,182.63,-0.014305726535636998,-0.006419282696927042,-0.00901427834164803,-0.0017491117791745836
2016-02-29,232.94,240.85,289.32,181.16,0.0031869078380706295,0.003918135967654557,0.004478700135402525,-0.00804906094289004
2016-03-01,228.34,239.15,286.51,185.49,-0.01974757448269937,-0.0070583350633173225,-0.00971242914420023,0.023901523515124756
2016-03-02,227.23,237.35,284.07,186.28,-0.004861171936585862,-0.0075266569098891845,-0.008516282154200527,0.004258989702948801
2016-03-03,227.51,236.63,283.54,186.95,0.0012322316595521077,-0.0030334948388456295,-0.0018657373182665582,0.00359673609619926
2016-03-04,225.73,234.78,281.06,187.58,-0.00782383191947611,-0.007818112665342491,-0.00874656133173457,0.003369884995988448
2016-03-07,224.48,233.59,279.79,187.75,-0.0055375891551854295,-0.005068574836016637,-0.004518608126378609,0.0009062799872054939
2016-03-08,227.22,235.28,282.0,185.68,0.012205987170349264,0.007234898754227448,0.00789878122877874,-0.011025299600532557
2016-03-09,223.84,233.14,279.68,186.65,-0.014875451104656268,-0.00909554573274407,-0.008226950354609852,0.005224041361482135
2016-03-10,222.18,231.07,276.17,186.69,-0.007416011436740533,-0.00887878527923136,-0.012550057208237986,0.00021430484864715105
2016-03-11,218.92,230.5,275.88,189.8,-0.014672787829687728,-0.0024667849569394162,-0.0010500778505992958,0.016658631956719683
2016-03-14,218.26,230.64,275.75,189.58,-0.0030147999269138914,0.0006073752711495128,-0.00047121937074090514,-0.0011591148577450028
2016-03-15,218.64,230.3,274.72,189.23,0.0017410427929991368,-0.001474158862296071,-0.003735267452402491,-0.001846186306572517
2016-03-16,219.61,230.79,275.93,190.3,0.004436516648371969,0.0021276595744679216,0.004404484566103539,0.005654494530465737
2016-03-17,221.74,232.08,278.53,191.56,0.009699011884704678,0.0055894969452749965,0.009422679665132438,0.0066211245401996965
2016-03-18,221.19,232.3,278.79,192.4,-0.0024803824298729182,0.0009479489831092369,0.0009334721573979188,0.004385049070787295
2016-03-21,220.46,231.94,278.38,192.6,-0.0033003300330032292,-0.001549720189410353,-0.001470640984253424,0.0010395010395010118
2016-03-22,220.18,231.84,278.56,192.46,-0.0012700716683298197,-0.0004311459860308897,0.0006465981751562211,-0.0007268951194183693
2016-03-23,220.63,232.18,278.19,191.23,0.002043782359887336,0.0014665286404416111,-0.001328259620907546,-0.00639093837680571
2016-03-24,220.35,231.79,277.41,191.15,-0.0012690930517155197,-0.0016797312430011369,-0.002803839102771377,-0.0004183444020289251
2016-03-25,220.33,231.75,277.36,,-9.076469253455066e-05,-0.00017256999870574052,-0.00018023863595406642,
2016-03-28,220.23,231.68,277.27,191.26,-0.0004538646575592553,-0.00030204962243796096,-0.00032448802999718307,
2016-03-29,222.98,233.1,279.81,192.99,0.012486945466103627,0.006129143646408819,0.009160745843401763,0.009045278678239121
2016-03-30,223.23,233.16,280.03,193.85,0.001121176787155731,0.0002574002574002865,0.000786247811014551,0.004456189439867364
2016-03-31,224.74,233.62,280.88,193.45,0.006764323791605076,0.001972894149939952,0.0030353890654573057,-0.0020634511220015694
2016-04-01,225.53,234.35,281.76,194.68,0.003515173088902701,0.0031247324715348856,0.0031330105383080564,0.006358232101318251
2016-04-04,225.54,234.3,281.31,194.1,4.4339999113240935e-05,-0.00021335609131634126,-0.0015971039182282043,-0.002979247996712564
2016-04-05,227.26,235.19,282.46,192.13,0.007626141704353939,0.003798548868971352,0.004088016778642789,-0.01014940752189597
2016-04-06,227.18,235.06,282.4,194.22,-0.00035201971310383495,-0.0005527445894808469,-0.00021241945762229264,0.010878051319419102
2016-04-07,228.9,235.48,282.44,191.9,0.007571089004313691,0.0017867778439546456,0.00014164305949004863,-0.011945216764493893
2016-04-08,227.86,234.58,281.18,192.43,-0.004543468763652192,-0.003821980635298039,-0.004461124486616619,0.00276185513288163
2016-04-11,228.45,234.69,281.54,191.91,0.002589309224962477,0.00046892318185687287,0.0012803186570879976,-0.00270228134906203
2016-04-12,227.08,233.12,279.18,193.77,-0.005996935872181974,-0.006689675742468815,-0.008382467855367004,0.009692043145224316
2016-04-13,224.42,232.95,278.09,195.74,-0.011713933415536504,-0.0007292381606039955,-0.003904291138333793,0.010166692470454652
2016-04-14,223.65,232.27,277.06,195.79,-0.0034310667498439473,-0.0029190813479286204,-0.003703836887338552,0.00025544089097784273
2016-04-15,225.55,233.39,278.72,195.6,0.008495416946121104,0.004821974426314046,0.005991481989460867,-0.0009704274988507899
2016-04-18,225.27,232.9,278.03,196.88,-0.0012414098869429901,-0.0020994901238270414,-0.0024756027554536653,0.006543967280163709
2016-04-19,226.19,232.44,277.49,197.49,0.004083988103165126,-0.0019750966079863375,-0.0019422364493039135,0.003098334010564807
2016-04-20,223.91,231.68,276.23,197.65,-0.010080021221097302,-0.0032696609877818084,-0.0045407041695195716,0.0008101676034228955
2016-04-21,221.78,229.6,272.61,196.63,-0.009512750658746794,-0.008977900552486262,-0.013105021178003828,-0.005160637490513542
2016-04-22,219.31,228.01,270.12,196.64,-0.011137162954279023,-0.006925087108013983,-0.009133927588863222,5.085693942930014e-05
2016-04-25,219.78,227.49,269.44,196.29,0.0021430851306369902,-0.002280601727994269,-0.002517399674218934,-0.0017799023596419827
2016-04-26,219.82,227.3,269.4,196.65,0.00018200018200009715,-0.0008352015473207519,-0.00014845605700719577,0.0018340210912426436
2016-04-27,219.87,227.51,269.52,196.99,0.00022745882995178768,0.000923889133303879,0.00044543429844101645,0.001728960081362807
2016-04-28,223.39,228.89,271.62,195.19,0.016009460135534503,0.006065667443189371,0.007791629563668856,-0.009137519671049366
2016-04-29,225.09,228.42,270.59,194.2,0.007610009400599971,-0.002053388090349051,-0.0037920624401738268,-0.005071981146575144
2016-05-02,225.69,229.12,271.65,195.72,0.0026656004264959954,0.0030645302512914974,0.003917365756310298,0.007826982492276091
2016-05-03,224.09,228.51,270.02,194.03,-0.007089370375293558,-0.0026623603351956238,-0.00600036812074356,-0.008634784385857297
2016-05-04,221.73,227.32,267.72,192.92,-0.010531482886340315,-0.005207649555818095,-0.008517887563883941,-0.005720764830181024
2016-05-05,220.71,227.3,267.87,192.92,-0.0046001894195643045,-8.798169980639425e-05,0.0005602868668757033,0.0
2016-05-06,221.71,227.97,268.86,193.55,0.0045308323138961715,0.002947646282446037,0.003695822600515264,0.0032656023222061847
2016-05-09,218.64,227.16,267.29,193.7,-0.01384691714401709,-0.0035530990919857564,-0.005839470356319265,0.0007749935417202813
2016-05-10,220.99,227.81,268.92,196.12,0.010748261983168694,0.0028614192639548897,0.006098245351490839,0.012493546721734639
2016-05-11,223.74,228.09,269.59,194.35,0.012444001991040343,0.001229094420789334,0.002491447270563496,-0.009025086681623495
2016-05-12,222.06,226.87,268.0,194.34,-0.007508715473317329,-0.005348765838046332,-0.005897844875551672,-5.145356315916505e-05
2016-05-13,220.93,227.35,268.32,192.7,-0.005088714761776081,0.0021157491074184076,0.0011940298507462366,-0.008438818565400963
2016-05-16,222.01,226.82,268.07,194.61,0.0048884261983432875,-0.002331207389487555,-0.0009317233154442217,0.009911779968863721
2016-05-17,221.73,226.2,267.54,192.84,-0.0012612044502500197,-0.0027334450224848483,-0.00197709553474823,-0.009095113303530189
2016-05-18,216.76,223.74,264.3,192.91,-0.022414648446308583,-0.010875331564986657,-0.012110338640950902,0.000362995229205465
2016-05-19,213.54,223.0,263.18,192.2,-0.014855139324598587,-0.0033074103870563976,-0.004237608777903912,-0.003680472759317821
2016-05-20,214.55,223.44,263.78,193.38,0.00472979301301879,0.0019730941704034777,0.002279808496086222,0.0061394380853279085
2016-05-23,214.05,223.4,263.59,192.99,-0.0023304591004428277,-0.0001790189760114691,-0.0007202972173780964,-0.0020167545764814276
2016-05-24,213.36,223.43,263.39,195.63,-0.0032235459004905653,0.00013428827215755668,-0.0007587541257255692,0.013679465257267154
2016-05-25,215.81,223.81,263.92,197.01,0.011482939632545985,0.0017007563890256705,0.002012225217358443,0.0070541328017175164
2016-05-26,217.06,224.49,264.76,196.99,0.0057921319679348215,0.003038291407890581,0.0031827826614123644,-0.00010151768945731998
2016-05-27,216.25,224.53,264.83,197.87,-0.003731687091126923,0.00017818165619853943,0.0002643903912977752,0.004467231839179631
2016-05-30,215.88,224.22,264.22,,-0.0017109826589595256,-0.0013806618269274207,-0.0023033644224594862,
2016-05-31,213.91,223.75,263.3,197.69,-0.009125440059292167,-0.002096155561502111,-0.00348194686246317,
2016-06-01,215.29,224.13,264.0,197.95,0.0064513112991444466,0.0016983240223462648,0.00265856437523726,0.0013151904496939704
2016-06-02,217.08,225.81,266.52,198.53,0.008314366668215056,0.007495649846071428,0.009545454545454524,0.0029300328365748918
2016-06-03,221.98,226.92,267.55,197.95,0.022572323567348285,0.004915637039989207,0.003864625544049316,-0.0029214728252657807
2016-06-06,223.01,226.81,267.71,198.93,0.00464005766285247,-0.00048475233562483844,0.0005980190618575243,0.004950745137661139
2016-06-07,223.88,227.74,269.37,199.19,0.0039011703511053764,0.004100348309157509,0.006200739606290417,0.0013069924093902507
2016-06-08,225.5,228.41,270.69,199.89,0.0072360192960514436,0.0029419513480284376,0.004900322975832427,0.003514232642200854
2016-06-09,225.64,229.12,271.77,199.55,0.0006208425720619637,0.0031084453395211487,0.003989803834644645,-0.0017009355145328753
2016-06-10,223.47,229.31,271.39,197.73,-0.009617089168587056,0.0008292597765362508,-0.0013982411598042477,-0.009120521172638507
2016-06-13,222.81,228.75,270.11,196.18,-0.0029534165659820255,-0.0024421089355021186,-0.0047164597074320636,-0.007838972336013716
2016-06-14,221.32,229.25,270.99,195.84,-0.006687312059602379,0.002185792349726823,0.0032579319536485407,-0.0017331022530329143
2016-06-15,221.93,229.34,270.85,195.49,0.002756190131935732,0.00039258451472190536,-0.0005166242296763546,-0.001787173202614345
2016-06-16,222.19,230.71,272.6,196.14,0.0011715405758572217,0.005973663556291919,0.006461140852870528,0.003324978259757305
2016-06-17,223.54,229.36,270.68,195.5,0.006075881002745476,-0.00585150188548389,-0.00704328686720479,-0.003262975425716297
2016-06-20,225.95,227.17,267.09,196.64,0.010781068265187432,-0.009548308336240097,-0.013262893453524605,0.005831202046035822
2016-06-21,223.65,225.75,264.79,197.19,-0.010179243195397092,-0.006250825373068536,-0.008611329514395694,0.00279698942229456
2016-06-22,223.74,225.34,264.0,196.86,0.0004024144869214652,-0.001816168327796186,-0.0029834963556025773,-0.0016735128556214507
2016-06-23,224.32,224.14,262.56,199.5,0.002592294627692837,-0.005325286234135196,-0.00545454545454549,0.013410545565376353
2016-06-24,219.65,229.22,270.17,192.33,-0.020818473609129806,0.022664406174712326,0.028983851310176778,-0.03593984962406005
2016-06-27,215.08,230.94,272.28,188.85,-0.020805827452765713,0.00750370822790325,0.007809897471962035,-0.018093901107471666
2016-06-28,219.16,232.11,274.46,192.25,0.018969685698344785,0.005066250974279152,0.00800646393418547,0.018003706645485895
2016-06-29,222.74,233.2,276.44,195.55,0.01633509764555585,0.004696049286975867,0.007214165998688404,0.01716514954486348
2016-06-30,223.6,233.87,277.42,198.2,0.0038610038610038533,0.002873070325900562,0.0035450730719144286,0.013551521350038342
2016-07-01,227.12,235.37,280.06,198.62,0.015742397137745945,0.006413819643391605,0.009516256938937317,0.0021190716448034053
2016-07-04,227.22,235.39,280.25,,0.00044029587883054333,8.497259633766241e-05,0.0006784260515604323,
2016-07-05,226.43,236.62,282.02,197.28,-0.0034768066191356306,0.005225370661455564,0.0063157894736840525,
2016-07-06,227.37,236.73,282.48,198.4,0.0041513933666033065,0.00046488039895176136,0.001631089993617607,0.005677210056772131
2016-07-07,225.28,236.88,282.23,198.25,-0.009192065795839421,0.0006336332530731958,-0.0008850184083828427,-0.0007560483870967527
2016-07-08,226.17,238.41,284.69,201.27,0.003950639204545414,0.006458966565349611,0.008716295220210446,0.015233291298865081
2016-07-11,224.6,237.39,283.16,201.96,-0.006941681036388481,-0.0042783440291934705,-0.005374266746285383,0.0034282307348338925
2016-07-12,223.77,235.31,280.41,203.38,-0.0036954585930542017,-0.0087619529045031,-0.009711823703912992,0.007031095266389231
2016-07-13,224.35,236.34,281.76,203.42,0.002591947088528279,0.004377204538693613,0.004814378945116049,0.000196676172681709
2016-07-14,223.35,234.76,279.57,204.5,-0.004457321149988869,-0.006685283913006712,-0.00777257240204432,0.005309212466817481
2016-07-15,221.74,233.26,277.09,204.31,-0.007208417282292268,-0.006389504174476035,-0.00887076581893631,-0.000929095354523235
2016-07-18,221.57,233.51,277.43,204.8,-0.0007666636601425525,0.0010717654119867248,0.001227038146450754,0.0023983162840781613
2016-07-19,221.46,233.74,277.56,204.51,-0.000496457101593073,0.0009849685238321193,0.0004685866705114172,-0.0014160156250000444
2016-07-20,220.49,233.19,276.73,205.41,-0.004380023480538231,-0.0023530418413622023,-0.0029903444300330984,0.004400762798885127
2016-07-21,220.69,233.18,276.7,204.67,0.0009070706154472585,-4.288348556968913e-05,-0.0001084089184404391,-0.003602550995569831
2016-07-22,220.08,233.3,276.99,205.61,-0.0027640581811589904,0.0005146238957030036,0.0010480664980123677,0.004592759075585207
2016-07-25,219.33,232.97,276.54,204.99,-0.00340785169029445,-0.0014144877839692427,-0.001624607386548238,-0.003015417538057563
2016-07-26,220.59,233.92,277.83,205.06,0.005744768157570634,0.004077778254710784,0.004664786287697842,0.00034148007219858556
2016-07-27,221.12,235.38,279.86,204.82,0.002402647445487016,0.006241450068399379,0.007306626354245616,-0.001170389154393825
2016-07-28,221.91,235.84,280.81,205.17,0.003572720694645426,0.0019542866853599072,0.0033945544200670863,0.0017088174982911042
2016-07-29,223.52,236.79,282.19,205.51,0.007255193546933603,0.004028154681139817,0.0049143549018908494,0.0016571623531704827
2016-08-01,221.71,236.96,282.59,205.25,-0.008097709377236972,0.0007179357236370976,0.0014174846734469337,-0.001265145248406374
2016-08-02,220.01,235.1,279.45,203.95,-0.007667673988543622,-0.007849426063470721,-0.01111150429951513,-0.006333739342265554
2016-08-03,218.82,233.81,277.57,204.65,-0.005408845052497613,-0.005487026797107553,-0.006727500447307189,0.003432213777886828
2016-08-04,221.14,235.53,280.79,204.74,0.010602321542820592,0.0073564004961292895,0.011600677306625506,0.00043977522599569774
2016-08-05,220.5,235.5,281.12,206.51,-0.002894094238943601,-0.00012737230925996545,0.0011752555290429623,0.008645110872325779
2016-08-08,219.92,235.06,280.75,206.34,-0.002630385487528364,-0.0018683651804670687,-0.0013161639157655003,-0.0008232046874242505
2016-08-09,221.24,236.57,283.1,206.43,0.0060021826118590305,0.006423891772313395,0.00837043633125556,0.0004361733061937212
2016-08-10,221.51,237.27,284.37,205.92,0.001220394142108061,0.0029589550661539565,0.004486047333097876,-0.0024705711379160444
2016-08-11,219.51,236.03,282.79,206.92,-0.009028937745474197,-0.005226113710119273,-0.005556141646446466,0.00485625485625496
2016-08-12,218.67,235.37,281.66,206.76,-0.003826704933716063,-0.00279625471338385,-0.003995898016195709,-0.000773245698820757
2016-08-15,216.85,235.15,281.65,207.37,-0.00832304385603877,-0.0009346985597145085,-3.5503798906599826e-05,0.0029502805184755676
2016-08-16,214.97,233.68,278.83,206.27,-0.008669587272308044,-0.006251328938975065,-0.01001242677081482,-0.005304528138110554
2016-08-17,213.04,232.47,277.03,206.7,-0.008977996929804166,-0.005178021225607732,-0.006455546390273681,0.002084646337324747
2016-08-18,213.26,233.21,278.59,207.16,0.0010326699211415935,0.003183206435239061,0.00563115908024403,0.002225447508466427
2016-08-19,211.78,231.44,275.73,206.89,-0.006939885585670047,-0.007589725998027541,-0.010265982267848694,-0.0013033404132072324
2016-08-22,213.8,231.43,275.8,206.78,0.0095382000188875,-4.3207742827511275e-05,0.0002538715410003167,-0.000531683503310898
2016-08-23,215.17,232.41,277.49,207.19,0.006407857811038253,0.004234541762087929,0.006127628716461109,0.0019827836347809935
2016-08-24,214.64,230.92,274.81,206.11,-0.002463168657340753,-0.006411083860419109,-0.009658005693898852,-0.00521260678604174
2016-08-25,214.41,230.48,274.33,205.84,-0.0010715616846812548,-0.0019054217910964288,-0.0017466613296459599,-0.0013099801077095519
2016-08-26,214.32,229.73,273.85,205.52,-0.0004197565412060733,-0.0032540784449843763,-0.00174971749352959,-0.001554605518849561
2016-08-29,215.97,230.3,274.78,206.62,0.00769876819708859,0.0024811735515606337,0.0033960197188240837,0.005352277150642237
2016-08-30,216.44,230.2,274.25,206.25,0.0021762281798398675,-0.00043421623968742384,-0.0019288157798965644,-0.0017907269383409252
2016-08-31,216.63,229.4,272.62,205.8,0.0008778414341157337,-0.0034752389226758718,-0.005943482224247898,-0.0021818181818181737
2016-09-01,216.78,228.74,271.42,205.79,0.0006924248719013537,-0.0028770706190061057,-0.004401731347663418,-4.859086491748599e-05
2016-09-02,217.25,229.62,273.07,206.67,0.0021680966878863117,0.0038471627174958556,0.006079139341242268,0.004276203897176645
2016-09-05,218.02,230.16,274.12,,0.0035443037974685065,0.002351711523386424,0.0038451679056652477,
2016-09-06,220.34,232.57,277.79,207.29,0.010641225575635183,0.010470976711852709,0.013388297096162294,
2016-09-07,220.29,233.04,278.49,207.31,-0.00022692202959073704,0.002020896934256333,0.0025198891248785493,9.648318780453025e-05
2016-09-08,216.87,230.04,273.8,206.85,-0.01552498978619088,-0.012873326467559232,-0.016840820137168255,-0.002218899233032645
2016-09-09,212.87,225.77,265.69,201.78,-0.018444229261769696,-0.018561989219266106,-0.02962016070124185,-0.024510514865844768
2016-09-12,210.87,224.84,263.83,204.76,-0.009395405646638766,-0.004119236391017411,-0.0070006398434265815,0.01476855981762304
2016-09-13,209.07,223.24,261.04,201.78,-0.008536064874093086,-0.007116171499733093,-0.010574991471780981,-0.014553623754639533
2016-09-14,210.03,223.48,261.0,201.68,0.00459176352417856,0.001075076151227261,-0.0001532332209623899,-0.0004955892556248731
2016-09-15,210.86,224.22,262.31,203.75,0.003951816407179898,0.0033112582781458233,0.005019157088122617,0.010263784212614091
2016-09-16,212.25,224.81,263.36,202.98,0.006592051598216742,0.0026313442155025957,0.004002897335214195,-0.003779141104294559
2016-09-19,214.36,225.98,265.38,202.98,0.009941107184923581,0.0052043948222944,0.007670109356014532,0.0
2016-09-20,215.81,226.82,266.69,203.05,0.006764321701810072,0.003717143110009813,0.004936317733062134,0.000344861562715737
2016-09-21,217.95,227.69,267.95,205.26,0.009916129929104178,0.0038356405960673357,0.0047245865986724755,0.010884018714602206
2016-09-22,220.1,228.68,269.92,206.6,0.00986464785501262,0.004348017040713303,0.007352117932450275,0.006528305563675341
2016-09-23,220.46,227.99,269.03,205.42,0.001635620172648844,-0.0030173167745320972,-0.0032972732661531445,-0.0057115198451113125
2016-09-26,219.41,227.59,268.28,203.67,-0.004762768756237046,-0.0017544629150401114,-0.0027877931829164426,-0.008519131535390856
2016-09-27,220.56,229.26,270.57,204.99,0.005241329018732088,0.007337756491937242,0.008535858058744683,0.006481072322875425
2016-09-28,218.27,228.55,270.08,206.12,-0.010382662314109559,-0.003096920526912572,-0.00181099161030418,0.005512464022635166
2016-09-29,217.28,227.34,268.09,204.21,-0.004535666834654339,-0.005294246335593944,-0.00736818720379151,-0.009266446730060163
2016-09-30,215.54,226.71,267.48,205.84,-0.008008100147275488,-0.0027711797307996555,-0.0022753552911334296,0.007981979334998224
2016-10-03,214.28,226.4,267.44,205.19,-0.005845782685348411,-0.001367385646861674,-0.00014954389113208677,-0.0031577924601632335
2016-10-04,212.61,225.51,265.78,204.19,-0.007793541161097539,-0.003931095406360496,-0.006206999700867577,-0.004873531848530677
2016-10-05,209.95,223.86,263.5,205.15,-0.01251117068811447,-0.007316748702939857,-0.008578523590939802,0.004701503501640669
2016-10-06,209.83,223.81,263.59,205.26,-0.0005715646582518108,-0.00022335388189054228,0.0003415559772295129,0.0005361930294904838
2016-10-07,210.48,223.52,263.35,204.6,0.0030977457942142905,-0.0012957419239533197,-0.0009105049508705276,-0.003215434083601254
2016-10-10,211.13,223.84,263.97,205.54,0.0030881793994679274,0.0014316392269146938,0.0023542813745964786,0.004594330400782054
2016-10-11,210.71,222.78,261.83,202.98,-0.0019892956945957163,-0.004735525375268113,-0.008106981853998718,-0.012454996594336909
2016-10-12,210.21,222.65,261.44,203.23,-0.002372929618907449,-0.0005835353263309306,-0.001489516098231669,0.001231648438269728
2016-10-13,207.8,221.65,259.62,202.61,-0.011464725750439997,-0.004491354143274173,-0.006961444308445475,-0.0030507306992076932
2016-10-14,209.21,222.06,260.45,202.65,0.006785370548604508,0.0018497631400857806,0.0031969802018334548,0.00019742362173635897
2016-10-17,208.27,221.74,259.73,202.04,-0.004493093064385056,-0.0014410519679365352,-0.002764446150892552,-0.0030101159634838837
2016-10-18,209.57,223.11,261.83,203.28,0.006241897536851226,0.006178407143501374,0.008085319370114918,0.00613739853494355
2016-10-19,210.36,223.79,263.07,203.76,0.003769623514816134,0.0030478239433462395,0.004735897337967421,0.0023612750885477762
2016-10-20,210.81,223.68,262.81,203.49,0.002139189960068455,-0.0004915322400463884,-0.0009883301022540758,-0.0013250883392225132
2016-10-21,211.07,223.94,263.0,203.48,0.0012333380769413704,0.0011623748211730955,0.0007229557474981441,-4.914246400322675e-05
2016-10-24,211.75,224.71,264.23,204.45,0.0032216800113706867,0.003438421005626635,0.004676806083650176,0.004767053273049049
2016-10-25,210.8,224.33,263.76,203.67,-0.0044864226682408415,-0.001691068488273717,-0.0017787533588162763,-0.003815113719735863
2016-10-26,208.41,222.37,260.39,203.32,-0.011337760910816064,-0.008737128337716782,-0.012776766757658486,-0.001718466146216846
2016-10-27,207.51,221.88,259.03,202.72,-0.004318410824816543,-0.0022035346494581054,-0.0052229348285265376,-0.0029510131811921747
2016-10-28,206.73,221.09,257.67,202.1,-0.0037588549949399974,-0.0035604831440417817,-0.005250357101493908,-0.003058405682715093
2016-10-31,204.86,220.8,257.13,202.08,-0.00904561505345125,-0.001311683025012389,-0.0020957038071953704,-9.896091044026001e-05
2016-11-01,201.4,219.33,254.68,200.71,-0.016889583129942487,-0.0066576086956521285,-0.009528254190487306,-0.006779493269992054
2016-11-02,197.84,218.5,252.68,199.43,-0.017676266137040764,-0.0037842520403046365,-0.007852991989948155,-0.006377360370684038
2016-11-03,196.59,218.36,252.58,198.62,-0.006318236959158896,-0.0006407322654461423,-0.0003957574798163499,-0.0040615754901469625
2016-11-04,194.19,217.94,251.51,198.29,-0.01220814893941713,-0.001923429199487181,-0.004236281574154788,-0.0016614641023059429
2016-11-07,201.09,219.94,254.91,202.7,0.0355322107214584,0.009176837661741821,0.013518349171007138,0.02224015331080742
2016-11-08,202.35,219.96,255.14,203.57,0.006265851111442622,9.093389106129557e-05,0.0009022792358086562,0.0042920572274296465
2016-11-09,202.76,218.07,253.96,205.83,0.0020261922411661804,-0.008592471358428888,-0.004624911813122079,0.011101832293560099
2016-11-10,203.22,217.08,252.99,206.25,0.0022686920497139162,-0.004539826661163704,-0.0038194991337218154,0.002040518874799613
2016-11-11,203.95,215.65,250.88,205.97,0.0035921661253812687,-0.006587433204348625,-0.008340250602790644,-0.0013575757575757796
2016-11-14,208.19,216.52,252.47,205.97,0.02078940916891403,0.004034314862044974,0.0063376913265307255,0.0
2016-11-15,207.89,216.39,252.07,207.56,-0.001440991402084646,-0.0006004064289674149,-0.001584346655048141,0.007719570811283161
2016-11-16,207.27,215.98,251.02,207.29,-0.002982346433209715,-0.0018947271130828058,-0.004165509580671967,-0.001300828676045529
2016-11-17,208.83,216.21,251.85,208.27,0.007526414821247718,0.0010649134179090414,0.003306509441478811,0.00472767620242176
2016-11-18,210.06,216.32,251.96,207.81,0.005889958339319046,0.0005087646269830159,0.00043676791741131815,-0.0022086714361165827
2016-11-21,208.72,215.64,251.18,209.36,-0.006379129772446035,-0.003143491124260378,-0.003095729480870002,0.007458736345700379
2016-11-22,208.97,216.54,252.56,209.83,0.0011977769260254068,0.004173622704507496,0.005494067999044505,0.0022449369507069328
2016-11-23,212.06,217.38,254.36,210.0,0.014786811504043706,0.00387919091160982,0.007127019322141326,0.0008101796692558949
2016-11-24,212.01,217.51,254.83,,-0.00023578232575693914,0.0005980310976170244,0.0018477748073595368,
2016-11-25,212.99,218.27,256.21,210.83,0.004622423470591164,0.003494092225644785,0.005415374955852759,
2016-11-28,209.36,217.75,255.24,209.75,-0.017043053664491215,-0.002382370458606342,-0.003785956832285886,-0.005122610634160307
2016-11-29,209.57,216.95,253.84,210.08,0.0010030569354222418,-0.0036739380022963175,-0.005485033693778396,0.0015733015494636682
2016-11-30,212.83,216.81,253.91,209.57,0.01555566159278543,-0.0006453099792578243,0.00027576426095166084,-0.0024276466108150707
2016-12-01,211.91,215.89,252.97,208.84,-0.004322698867640917,-0.004243346709100204,-0.0037020991689968863,-0.0034833229947034416
2016-12-02,208.32,214.81,251.2,208.92,-0.016941154263602543,-0.005002547593681905,-0.0069968771000514796,0.0003830683777052979
2016-12-05,207.18,214.8,251.18,210.16,-0.005472350230414702,-4.655276756193594e-05,-7.96178343948073e-05,0.00593528623396522
2016-12-06,210.05,215.65,252.24,210.88,0.013852688483444453,0.003957169459962717,0.00422008121665729,0.003425961172440095
2016-12-07,210.01,216.12,252.51,213.7,-0.00019043084979775138,0.0021794574542082223,0.0010704091341577904,0.01337253414264028
2016-12-08,212.7,217.66,255.15,214.18,0.012808913861244609,0.007125670923560978,0.010455031483901589,0.002246139447824147
2016-12-09,215.14,219.02,257.8,215.45,0.011471556182416576,0.006248277129468072,0.010386047423084577,0.0059295919320196955
2016-12-12,213.53,218.37,256.43,215.22,-0.0074834991168540865,-0.0029677655008675252,-0.005314197051978331,-0.0010675330703179275
2016-12-13,215.34,218.93,257.1,216.66,0.00847656067063185,0.002564454824380613,0.0026127988144912795,0.006690827989963788
2016-12-14,216.69,218.62,257.25,214.92,0.006269155753691802,-0.0014159777097703108,0.0005834305717618005,-0.008031016338964303
2016-12-15,224.79,220.98,260.71,215.76,0.037380589782638696,0.010794986734973921,0.013449951409135075,0.003908431044109539
2016-12-16,225.56,220.33,259.53,215.39,0.0034254192802172234,-0.0029414426644944758,-0.004526101798933757,-0.0017148683722655322
2016-12-19,224.88,220.28,258.61,215.82,-0.0030147189217947234,-0.00022693232877957215,-0.003544869571918352,0.001996378661962117
2016-12-20,226.34,220.76,259.6,216.64,0.006492351476343083,0.0021790448520064842,0.0038281582305401685,0.0037994625150588046
2016-12-21,225.89,220.24,258.95,216.11,-0.001988159406203116,-0.002355499184634846,-0.002503852080123381,-0.002446454948301202
2016-12-22,227.35,220.04,258.85,215.74,0.006463322856257614,-0.0009081002542681293,-0.000386174937246464,-0.001712091064735577
2016-12-23,228.08,220.11,258.72,216.03,0.0032109082911810916,0.00031812397745878407,-0.0005022213637241313,0.0013442106238990004
2016-12-26,228.1,220.1,258.69,,8.768853034024637e-05,-4.543182953986591e-05,-0.00011595547309839471,
2016-12-27,229.55,220.58,259.89,216.52,0.0063568610258659675,0.0021808268968650513,0.00463875681317405,
2016-12-28,228.38,220.64,260.0,214.75,-0.005096928773687726,0.0002720101550457432,0.00042325599292003524,-0.008174764455939454
2016-12-29,223.57,219.19,257.45,214.69,-0.02106138891321485,-0.006571791153009321,-0.009807692307692406,-0.00027939464493598187
2016-12-30,221.49,218.09,255.57,213.71,-0.009303573824752776,-0.005018477120306564,-0.00730238881336176,-0.0045647212259536385
2017-01-02,222.09,218.39,256.06,,0.0027089259108763475,0.0013755788894491694,0.0019172829361819854,
2017-01-03,223.09,219.12,256.95,215.53,0.004502679094060991,0.003342643893951225,0.0034757478715925494,
2017-01-04,223.11,219.64,258.13,216.81,8.964991707394177e-05,0.0023731288791528637,0.0045923331387429656,0.005938848420173448
2017-01-05,217.9,217.86,254.85,216.64,-0.02335170991887414,-0.008104170460753846,-0.01270677565567735,-0.0007840966745077393
2017-01-06,220.48,218.39,255.88,217.47,0.011840293712712224,0.0024327549802625192,0.004041593093976781,0.0038312407680944904
2017-01-09,217.61,217.97,254.87,216.7,-0.013017053701015913,-0.0019231649800814932,-0.003947162732530818,-0.0035407182599899167
2017-01-10,217.79,218.31,255.22,216.7,0.0008271678691236239,0.0015598476854612464,0.0013732491073881192,0.0
2017-01-11,217.33,219.1,256.79,217.34,-0.002112126360255151,0.0036187073427693672,0.006151555520727214,0.002953391785879056
2017-01-12,215.78,218.13,255.83,216.88,-0.007132011227166113,-0.0044272021907804104,-0.0037384633357997465,-0.002116499493880597
2017-01-13,216.68,218.64,256.61,217.28,0.004170914820650795,0.0023380552881309136,0.003048899659930493,0.00184433788270022
2017-01-16,216.18,218.31,256.15,,-0.0023075503045966173,-0.0015093304061469803,-0.0017926035618255343,
2017-01-17,211.59,216.54,253.04,216.63,-0.021232306411323898,-0.008107736704686008,-0.012141323443294882,
2017-01-18,213.4,216.86,254.04,217.05,0.008554279502811957,0.0014777870139466298,0.0039519443566233825,0.0019387896413238792
2017-01-19,215.82,216.94,254.55,216.27,0.01134020618556697,0.0003689015954992936,0.0020075578649032533,-0.0035936420179681905
2017-01-20,214.77,216.7,254.51,217.0,-0.004865165415624095,-0.0011062966718908829,-0.00015714005107059226,0.0033754103666712165
2017-01-23,210.36,215.65,252.77,216.43,-0.020533594077385087,-0.00484540839870784,-0.006836666535695923,-0.0026267281105990525
2017-01-24,212.0,217.21,255.42,217.85,0.007796158965582833,0.007233943890563532,0.010483839063179845,0.006561012798595334
2017-01-25,213.63,218.01,256.21,219.6,0.007688679245283048,0.0036830716817826126,0.0030929449534100595,0.008033050263943187
2017-01-26,214.67,218.39,256.64,219.44,0.004868230117492933,0.0017430393101234287,0.001678310760704127,-0.0007285974499089409
2017-01-27,213.64,218.13,256.37,219.26,-0.0047980621418922675,-0.0011905307019551836,-0.0010520573566084046,-0.0008202697776157342
2017-01-30,210.05,216.41,253.45,217.95,-0.01680396929413952,-0.007885206069774942,-0.011389788196746964,-0.005974641977560924
2017-01-31,207.17,215.64,252.59,217.76,-0.013711021185432104,-0.0035580610877501417,-0.003393174196093862,-0.0008717595778848786
2017-02-01,209.33,216.36,254.0,217.88,0.010426220012550225,0.0033388981636062187,0.005582168731937065,0.0005510653930933529
2017-02-02,208.85,216.29,253.9,218.01,-0.0022930301437922296,-0.0003235348493253465,-0.0003937007874015297,0.0005966587112171684
2017-02-03,209.91,217.15,255.11,219.62,0.005075412975819926,0.003976143141153132,0.00476565576998822,0.007384982340259638
2017-02-06,207.25,216.82,254.22,219.15,-0.012672097565623375,-0.0015196868524062213,-0.003488691152836121,-0.002140060103815622
2017-02-07,206.76,216.24,253.17,219.21,-0.002364294330518768,-0.0026750299787842158,-0.004130280859098501,0.00027378507871311797
2017-02-08,206.84,216.54,253.84,219.43,0.0003869220352099578,0.0013873473917869195,0.002646443101473439,0.001003603850189272
2017-02-09,208.64,217.37,254.83,220.74,0.008702378650164322,0.003833010067423981,0.0039000945477467575,0.005970013216059833
2017-02-10,211.41,219.56,258.55,221.54,0.013276457055214852,0.010074987348760223,0.014597967272299117,0.0036241732354804768
2017-02-13,213.01,220.23,259.37,222.76,0.007568232344733028,0.0030515576607761385,0.0031715335525044352,0.005506906202040307
2017-02-14,214.1,220.64,260.65,223.71,0.005117130651143054,0.0018616900513099832,0.004935034892238788,0.004264679475668887
2017-02-15,216.07,222.05,263.24,224.86,0.009201307800093428,0.006390500362581708,0.00993669671973918,0.005140583791515718
2017-02-16,212.95,220.88,260.8,224.69,-0.014439764891007512,-0.005269083539743424,-0.009269108038292062,-0.0007560259717157569
2017-02-17,212.47,220.42,260.01,225.07,-0.0022540502465366874,-0.0020825787758058656,-0.0030291411042945304,0.0016912190128621774
2017-02-20,212.91,221.06,261.09,,0.002070880594907454,0.0029035477724344005,0.004153686396676903,
2017-02-21,214.18,222.22,262.94,226.43,0.005964961720914985,0.005247444132814527,0.007085679267685663,
2017-02-22,214.29,222.36,262.93,226.21,0.0005135867027732388,0.0006300063000630463,-3.803149007375328e-05,-0.0009716027028220386
2017-02-23,212.69,221.84,262.12,226.33,-0.007466517336319867,-0.0023385500989386854,-0.00308066785836536,0.0005304805269439328
2017-02-24,210.2,221.15,260.7,226.72,-0.011707179463068318,-0.003110349801658807,-0.005417366091866382,0.001723147616312426
2017-02-27,211.14,221.05,260.63,226.99,0.0044719314938153065,-0.00045218177707440077,-0.000268507863444567,0.0011908962597035888
2017-02-28,210.79,220.46,259.8,226.41,-0.0016576678980770865,-0.0026690793938023427,-0.0031845911829029294,-0.002555178642230982
2017-03-01,214.06,222.65,263.1,229.54,0.015513069879975472,0.009933774834437026,0.012702078521940052,0.01382447771741524
2017-03-02,212.2,220.98,260.16,228.22,-0.008689152574044678,-0.007500561419268026,-0.011174458380843744,-0.00575063169817891
2017-03-03,209.87,220.25,258.51,228.34,-0.010980207351555027,-0.0033034663770477035,-0.006342250922509396,0.0005258084304617938
2017-03-06,209.46,219.95,258.07,227.6,-0.0019535903178157232,-0.001362088535754924,-0.0017020618157904677,-0.0032407812910572042
2017-03-07,209.96,220.24,258.46,226.95,0.002387090613959808,0.0013184814730622385,0.0015112178866198978,-0.0028558875219684143
2017-03-08,206.9,219.59,257.15,226.49,-0.014574204610402042,-0.002951325826371254,-0.0050684825504914155,-0.0020268781669970926
2017-03-09,205.45,218.76,255.73,226.68,-0.007008216529724609,-0.003779771392139919,-0.005522068831421256,0.0008388891341781779
2017-03-10,204.94,218.77,255.67,227.42,-0.0024823558043318705,4.5712196014013884e-05,-0.0002346224533688046,0.0032645138521263384
2017-03-13,205.87,219.29,256.82,227.58,0.004537913535668903,0.0023769255382364296,0.004497985684671635,0.0007035441034211054
2017-03-14,205.41,219.09,256.51,226.82,-0.002234419779472474,-0.0009120342924893166,-0.0012070711003816514,-0.003339485016258137
2017-03-15,205.87,219.13,256.19,228.73,0.0022394235918408167,0.0001825733716736,-0.0012475147167751999,0.00842077418217091
2017-03-16,207.43,219.48,256.68,228.37,0.0075775975129936946,0.0015972253913201229,0.0019126429603029127,-0.001573908101254684
2017-03-17,207.35,219.67,256.79,228.07,-0.0003856722749844277,0.0008656825223254394,0.0004285491662772145,-0.0013136576608135941
2017-03-20,206.88,219.47,256.65,227.62,-0.0022666988184228964,-0.0009104565939818121,-0.0005451925698043425,-0.001973078440829501
2017-03-21,203.39,217.37,252.91,224.81,-0.016869682907965977,-0.009568505946143002,-0.01457237482953433,-0.012345136631227493
2017-03-22,202.0,217.05,251.91,225.24,-0.006834160971532444,-0.0014721442701384202,-0.003953975722589043,0.0019127263022107321
2017-03-23,202.88,217.5,252.42,225.01,0.00435643564356436,0.0020732550103661485,0.0020245325711563122,-0.0010211330136743468
2017-03-24,203.53,218.07,253.35,224.82,0.0032038643533123246,0.00262068965517237,0.0036843356310911624,-0.0008444069152482303
2017-03-27,201.42,216.58,251.01,224.59,-0.010367022060630005,-0.006832668409226361,-0.009236234458259385,-0.0010230406547460102
2017-03-28,204.91,217.92,253.09,226.22,0.01732697845298392,0.006187090220703517,0.008286522449304945,0.007257669531145705
2017-03-29,206.02,218.88,254.46,226.51,0.005417012346883965,0.004405286343612369,0.005413094156228926,0.0012819379365218708
2017-03-30,207.05,219.19,254.83,227.18,0.004999514610231959,0.0014163011695906835,0.0014540595771437292,0.0029579268023487426
2017-03-31,205.96,218.24,253.39,226.67,-0.005264428881912586,-0.00433413933117377,-0.005650826040890067,-0.0022449159256977547
2017-04-03,206.12,218.1,253.05,226.31,0.00077684987376192,-0.0006414956011731032,-0.001341805122538231,-0.0015882119380596915
2017-04-04,205.46,218.22,252.7,226.47,-0.003202018241800886,0.0005502063273727931,-0.0013831258644537714,0.0007069948301003937
2017-04-05,204.95,217.82,252.23,225.8,-0.0024822349849119574,-0.0018330125561359933,-0.0018599129402453451,-0.0029584492427252584
2017-04-06,204.63,217.89,252.3,226.31,-0.0015613564283971648,0.00032136626572398796,0.0002775244816239919,0.0022586359610274886
2017-04-07,205.9,218.27,252.88,226.12,0.0062063236084641815,0.0017439992656846925,0.0022988505747125743,-0.0008395563607440648
2017-04-10,204.35,217.32,251.48,226.29,-0.007527926177756217,-0.0043524075686077746,-0.005536222714330963,0.0007518131965327246
2017-04-11,203.35,217.21,250.89,226.0,-0.004893564962074826,-0.0005061660224553455,-0.0023461110227454007,-0.0012815413849485147
2017-04-12,203.22,216.87,250.57,225.15,-0.0006392918613228327,-0.001565305464757638,-0.0012754593646617796,-0.003761061946902622
2017-04-13,203.01,217.05,250.91,223.62,-0.0010333628579864973,0.0008299903167796607,0.0013569062537415189,-0.006795469686875388
2017-04-14,202.86,216.98,250.8,,-0.0007388798581349221,-0.00032250633494601555,-0.0004384042086803541,
2017-04-17,204.7,217.52,251.53,225.54,0.009070294784580435,0.0024887086367408884,0.0029106858054226414,
2017-04-18,205.07,215.62,248.36,224.9,0.0018075232046899092,-0.008734828981243115,-0.012602870432950275,-0.0028376341225502255
2017-04-19,205.31,215.02,247.47,224.54,0.0011703320817282314,-0.0027826732214080163,-0.0035835078112418373,-0.0016007114273011158
2017-04-20,206.58,216.13,249.43,226.24,0.0061857678632313284,0.0051623104827456245,0.007920151937608644,0.007571034114189024
2017-04-21,208.05,216.32,249.66,225.56,0.007115887307580504,0.0008791005413408826,0.000922102393457136,-0.00300565770862804
2017-04-24,209.72,217.26,250.08,228.01,0.008026916606584944,0.004345414201183395,0.0016822879115598877,0.01086185493881886
2017-04-25,208.96,216.75,249.18,229.39,-0.0036238794583253187,-0.0023474178403755097,-0.0035988483685220896,0.0060523661242928295
2017-04-26,209.63,217.25,249.92,229.29,0.0032063552833077047,0.0023068050749712743,0.0029697407496587225,-0.0004359387941932358
2017-04-27,211.64,217.98,250.77,229.44,0.009588322282116035,0.003360184119677756,0.003401088348271575,0.0006541933795629618
2017-04-28,211.77,217.96,250.78,229.0,0.0006142506142507997,-9.175153683815829e-05,3.9877178290792514e-05,-0.0019177126917712117
2017-05-01,210.62,217.41,249.95,229.4,-0.005430419795060759,-0.002523398788768616,-0.003309673817688874,0.0017467248908296096
2017-05-02,212.95,218.53,252.06,229.67,0.01106257715316672,0.005151556966100923,0.008441688337667674,0.001176983435047907
2017-05-03,210.4,218.05,251.13,229.42,-0.011974641934726415,-0.0021964947604447005,-0.0036895977148297954,-0.001088518308877906
2017-05-04,212.62,218.92,252.38,229.57,0.01055133079847903,0.003989910570969757,0.004977501692350561,0.0006538226832883964
2017-05-05,211.42,218.21,251.42,230.51,-0.005643871695983571,-0.0032431938607709876,-0.0038037879388224116,0.004094611665287351
2017-05-08,208.83,217.9,250.98,230.54,-0.012250496641755593,-0.0014206498327299366,-0.0017500596611248476,0.00013014619756201995
2017-05-09,205.79,217.96,251.46,230.32,-0.014557295407747972,0.0002753556677375091,0.0019125029882860467,-0.00095428125271102
2017-05-10,203.94,217.4,250.58,230.67,-0.008989746829291989,-0.0025692787667461747,-0.0034995625546806464,0.0015196248697464387
2017-05-11,204.92,217.51,250.47,230.24,0.004805334902422187,0.0005059797608095717,-0.0004389815627744431,-0.0018641349113450723
2017-05-12,207.92,218.44,251.42,229.91,0.014639859457349136,0.0042756654866442645,0.003792869405517596,-0.0014332870048645585
2017-05-15,208.25,218.4,251.51,231.03,0.0015871489034244846,-0.0001831166453030164,0.0003579667488664562,0.004871471445348163
2017-05-16,210.53,218.15,250.46,230.92,0.010948379351740645,-0.0011446886446886406,-0.00417478430281093,-0.0004761286413020871
2017-05-17,211.48,215.66,245.47,226.79,0.004512421032631941,-0.011414164565665907,-0.019923341052463517,-0.017884981811882916
2017-05-18,211.28,214.73,244.34,227.63,-0.00094571590694148,-0.004312343503663163,-0.0046034138591273255,0.0037038670135367546
2017-05-19,210.89,214.76,244.23,229.18,-0.0018458917076865644,0.0001397103339078054,-0.0004501923549153908,0.00680929578702294
2017-05-22,210.37,214.69,244.2,230.36,-0.002465740433401198,-0.00032594524119944346,-0.0001228350325512828,0.005148791343049242
2017-05-23,210.15,215.09,245.17,230.79,-0.0010457764890431376,0.0018631515207974125,0.003972153972154002,0.0018666435144989446
2017-05-24,210.43,215.18,245.61,231.37,0.0013323816321675341,0.0004184294946301126,0.001794673083982623,0.0025131071536894645
2017-05-25,215.31,216.99,248.52,232.43,0.023190609703939602,0.00841156241286356,0.011848051789422165,0.004581406405324895
2017-05-26,214.72,216.82,248.27,232.54,-0.0027402350099856587,-0.0007834462417624088,-0.001005955255110269,0.0004732607666824151
2017-05-29,214.74,216.84,248.34,,9.314456035780516e-05,9.224241306160508e-05,0.00028195110162321235,
2017-05-30,215.36,217.31,248.74,232.29,0.002887212442954201,0.002167496771813271,0.0016106950148988552,
2017-05-31,219.01,218.04,249.98,232.22,0.016948365527488685,0.0033592563618793925,0.004985125030151805,-0.00030134745361398707
2017-06-01,220.05,219.33,252.11,234.01,0.0047486416145381405,0.005916345624656039,0.008520681654532458,0.007708207734045347
2017-06-02,224.0,221.01,254.46,234.88,0.017950465803226567,0.007659690876760994,0.009321327991749673,0.0037177898380411634
2017-06-05,223.29,220.58,253.85,234.6,-0.0031696428571429403,-0.001945613320664119,-0.0023972333569127757,-0.0011920980926430902
2017-06-06,223.56,220.36,253.28,233.95,0.0012091898428052694,-0.0009973705685012435,-0.0022454205239313962,-0.002770673486786057
2017-06-07,223.99,220.33,253.04,234.37,0.001923421005546544,-0.00013614086041024986,-0.0009475679090334976,0.0017952553964522
2017-06-08,222.59,219.98,252.8,234.44,-0.006250279030313832,-0.001588526301457005,-0.000948466645589563,0.000298673038358066
2017-06-09,220.87,219.61,252.48,234.24,-0.007727211465025419,-0.0016819710882806094,-0.0012658227848102444,-0.0008530967411704005
2017-06-12,218.59,218.74,251.2,234.03,-0.010322814325168683,-0.003961568234597701,-0.005069708491761693,-0.0008965163934426812
2017-06-13,219.36,218.23,250.88,235.15,0.0035225765131068343,-0.0023315351558929054,-0.001273885350318471,0.0047857112336024965
2017-06-14,223.36,220.35,253.75,234.93,0.018234865061998562,0.009714521376529284,0.011439732142857206,-0.000935573038486015
2017-06-15,217.17,217.02,248.98,234.45,-0.027713108882521653,-0.015112321307011456,-0.01879802955665033,-0.0020431617928745593
2017-06-16,218.25,217.45,249.78,234.51,0.004973062577704246,0.001981384204220671,0.003213109486705834,0.0002559181062060656
2017-06-19,219.24,218.78,251.86,236.47,0.004536082474226877,0.006116348585881948,0.008327328048682858,0.008357852543601663
2017-06-20,219.58,219.03,252.43,234.89,0.0015508118956395478,0.0011427004296553633,0.0022631620741682124,-0.006681608660718097
2017-06-21,221.54,219.68,253.48,234.78,0.008926131705984108,0.0029676300050220927,0.004159568989422713,-0.00046830431265687533
2017-06-22,222.17,220.34,254.91,234.67,0.0028437302518731222,0.0030043699927166934,0.005641470727473674,-0.0004685237243376994
2017-06-23,222.92,220.15,254.49,235.04,0.0033757933114282324,-0.0008623037124444455,-0.0016476403436506137,0.0015766821494012095
2017-06-26,222.51,221.02,256.0,235.12,-0.0018392248340212136,0.003951851010674634,0.0059334354984479365,0.00034036759700484254
2017-06-27,218.14,217.46,250.58,233.22,-0.019639566761044502,-0.016107139625373246,-0.02117187499999995,-0.008080979925144671
2017-06-28,216.66,216.62,249.47,235.32,-0.006784633721463207,-0.0038627793617217465,-0.004429723042541411,0.009004373552868428
2017-06-29,210.7,213.35,244.72,233.3,-0.027508538724268505,-0.015095559043486362,-0.01904036557501909,-0.008584055753867004
2017-06-30,206.54,210.55,240.73,233.67,-0.019743711438063527,-0.013123974689477347,-0.01630434782608703,0.0015859408486924575
2017-07-03,203.25,209.46,239.71,234.23,-0.015929117846421925,-0.005176917596770414,-0.004237112117309816,0.002396542132066637
2017-07-04,202.78,209.34,239.21,,-0.002312423124231189,-0.0005729017473503628,-0.00208585373993575,
2017-07-05,203.88,209.77,240.01,234.62,0.005424598086596344,0.0020540747109965007,0.0033443417917311535,
2017-07-06,201.33,208.14,237.66,232.51,-0.012507357268981667,-0.0077704152166659934,-0.009791258697554261,-0.008993265706248477
2017-07-07,201.69,208.77,239.02,234.0,0.0017881090746534323,0.0030268088786395975,0.005722460658083017,0.0064083265235903575
2017-07-10,202.55,209.46,239.63,234.21,0.004263969458079275,0.0033050725678975823,0.0025520876914064683,0.0008974358974358498
2017-07-11,202.46,209.55,239.8,234.03,-0.00044433473216487496,0.0004296763105127166,0.0007094270333432018,-0.0007685410529012504
2017-07-12,206.79,211.12,241.63,235.77,0.02138694063024782,0.0074922452875207934,0.007631359466221843,0.0074349442379182396
2017-07-13,208.26,211.42,242.42,236.21,0.0071086609603945305,0.0014209928003030559,0.0032694615734800703,0.0018662255588073329
2017-07-14,209.54,211.6,242.5,237.32,0.0061461634495343365,0.0008513858669947361,0.0003300057751010055,0.004699208331569338
2017-07-17,209.48,211.8,242.89,237.32,-0.00028634150997419727,0.000945179584121103,0.0016082474226803978,0.0
2017-07-18,210.32,211.68,242.26,237.46,0.004009929348863794,-0.0005665722379604166,-0.002593766725678237,0.0005899207820665442
2017-07-19,210.02,211.81,242.38,238.76,-0.001426397869912388,0.0006141345427059797,0.0004953355898622558,0.00547460624947349
2017-07-20,211.12,212.37,243.34,238.74,0.0052375964193887015,0.002643878948113798,0.003960722831916952,-8.376612497895675e-05
2017-07-21,211.73,211.83,242.37,238.65,0.002889352027283021,-0.002542732024297223,-0.003986192159118884,-0.00037697914048762104
2017-07-24,210.56,211.52,242.16,238.4,-0.005525905634534478,-0.0014634376622764123,-0.0008664438668152252,-0.0010475591870940937
2017-07-25,209.83,211.93,243.38,239.1,-0.0034669452887537977,0.0019383509833585943,0.005037991410637543,0.002936241610738133
2017-07-26,210.76,212.91,245.02,239.17,0.004432159367106614,0.004624168357476366,0.006738433725039128,0.00029276453366788857
2017-07-27,206.73,212.51,243.9,238.96,-0.0191212753843234,-0.0018787281010755885,-0.00457105542404701,-0.0008780365430446357
2017-07-28,206.19,211.71,243.12,238.65,-0.0026121027427078447,-0.0037645287280597683,-0.00319803198031976,-0.0012972882490793758
2017-07-31,205.72,212.16,243.81,238.48,-0.002279450991803711,0.002125549100184143,0.002838104639684147,-0.000712340247223997
2017-08-01,205.54,213.13,244.45,239.06,-0.0008749756951196286,0.004572021116138858,0.002624994873056785,0.0024320697752433507
2017-08-02,205.03,213.0,244.78,239.22,-0.002481268852777996,-0.0006099563646599915,0.0013499693188792072,0.0006692880448422311
2017-08-03,204.51,213.28,244.42,238.75,-0.002536214212554344,0.001314553990610312,-0.0014707083912084418,-0.0019647186690076035
2017-08-04,203.43,213.18,244.36,239.2,-0.005280915358662042,-0.00046886721680416965,-0.0002454790933638096,0.0018848167539267102
2017-08-07,203.16,213.52,244.97,239.6,-0.0013272378705205812,0.0015948963317384823,0.002496316909477825,0.0016722408026756952
2017-08-08,202.58,213.41,244.87,239.05,-0.002854892695412392,-0.0005151742225553146,-0.00040821325060214075,-0.002295492487479067
2017-08-09,200.33,212.07,242.31,238.99,-0.011106723269819319,-0.006278993486715678,-0.010454526891820137,-0.0002509935160008858
2017-08-10,198.73,210.29,239.36,235.62,-0.007986821744122352,-0.008393454991276417,-0.01217448722710568,-0.014101008410393745
2017-08-11,198.98,209.96,238.66,235.94,0.0012579882252301555,-0.0015692614960292062,-0.002924465240641827,0.0013581190051779046
2017-08-14,198.07,210.81,240.17,238.32,-0.004573323952155928,0.004048390169556049,0.006326992374088514,0.01008731033313559
2017-08-15,195.76,210.4,240.04,238.26,-0.011662543545211346,-0.0019448792751767252,-0.0005412832576924265,-0.0002517623363544885
2017-08-16,199.16,212.81,243.87,238.66,0.01736820596648969,0.011454372623574072,0.015955674054324298,0.0016788382439352212
2017-08-17,198.16,211.49,241.04,234.99,-0.005021088572002452,-0.006202716037780109,-0.01160454340427286,-0.01537752451185781
2017-08-18,197.85,211.44,241.1,234.56,-0.0015643924101735873,-0.00023641779753180714,0.0002489213408563007,-0.001829865100642647
2017-08-21,199.0,212.1,242.23,234.84,0.005812484205206081,0.0031214528944381037,0.004686851928660252,0.0011937244201909447
2017-08-22,197.54,212.9,243.49,237.19,-0.007336683417085488,0.003771805752003754,0.005201667836354007,0.010006813149378235
2017-08-23,198.69,213.28,244.42,236.39,0.0058216057507340935,0.001784875528417107,0.0038194587046695982,-0.0033728234748514607
2017-08-24,197.7,213.36,244.87,235.9,-0.004982636267552465,0.00037509377344346895,0.0018410932002292935,-0.0020728457210541507
2017-08-25,199.85,214.38,246.79,236.32,0.010875063227111736,0.004780652418447717,0.007840895168865103,0.0017804154302669684
2017-08-28,201.79,215.2,247.76,236.45,0.009707280460345302,0.003824983673850202,0.003930467198832943,0.0005501015572104695
2017-08-29,203.11,216.1,249.16,236.68,0.006541453986818047,0.004182156133829107,0.005650629641588578,0.0009727215056039018
2017-08-30,201.62,215.68,248.61,237.83,-0.0073359263453302015,-0.0019435446552521496,-0.0022074169208540217,0.0048588811897920525
2017-08-31,202.69,216.59,250.16,239.21,0.005307013193135646,0.004219213649851561,0.006234664735931705,0.005802463944834635
2017-09-01,201.45,217.37,251.32,239.7,-0.00611771671024719,0.0036012742970590317,0.004637032299328325,0.0020484093474353315
2017-09-04,201.35,217.05,250.89,,-0.0004964010920823769,-0.0014721442701384202,-0.0017109660989973463,
2017-09-05,205.36,217.6,251.04,237.89,0.019915569903153907,0.0025339783460032184,0.0005978715771852716,
2017-09-06,203.37,217.25,250.76,238.63,-0.009690299961044091,-0.0016084558823529216,-0.0011153601019757708,0.0031106814073731393
2017-09-07,208.24,220.07,254.77,238.64,0.02394650145055821,0.012980437284234814,0.015991386185994605,4.190587939478796e-05
2017-09-08,210.4,219.59,253.6,238.3,0.01037264694583162,-0.0021811241877583987,-0.00459237743847396,-0.001424740194435059
2017-09-11,205.24,219.55,253.52,240.89,-0.024524714828897287,-0.00018215765745244195,-0.0003154574132491206,0.010868652958455627
2017-09-12,202.21,217.8,251.45,241.71,-0.014763204053790724,-0.007970849464814411,-0.008165036289050298,0.00340404333928368
2017-09-13,197.86,215.89,248.04,241.9,-0.02151228920429249,-0.008769513314968003,-0.013561344203618986,0.0007860659467957554
2017-09-14,197.95,214.8,247.07,241.71,0.00045486707773156887,-0.005048867478808505,-0.0039106595710369785,-0.0007854485324514382
2017-09-15,198.26,214.38,246.51,242.19,0.0015660520333418138,-0.001955307262569872,-0.002266564131622628,0.001985850812957546
2017-09-18,195.48,213.94,246.12,242.55,-0.014021991324523309,-0.0020524302640171355,-0.0015820859194353165,0.0014864362690449884
2017-09-19,196.56,215.0,247.6,242.82,0.005524861878453136,0.004954660185098714,0.006013326832439381,0.001113172541743923
2017-09-20,194.2,215.02,247.26,242.97,-0.012006512006512038,9.302325581406201e-05,-0.0013731825525040708,0.0006177415369410522
2017-09-21,192.43,213.58,245.87,242.24,-0.009114315139031826,-0.006697051437075663,-0.005621612877133364,-0.003004486150553487
2017-09-22,193.1,213.68,245.56,242.4,0.003481785584368291,0.0004682086337672864,-0.0012608288933175782,0.0006605019815060231
2017-09-25,194.09,213.62,245.16,241.87,0.005126877265665408,-0.000280793710220939,-0.0016289297931258995,-0.00218646864686467
2017-09-26,191.36,212.36,243.22,241.9,-0.014065639651707929,-0.005898324126954346,-0.007913199543155502,0.00012403357175339025
2017-09-27,187.71,211.14,241.43,242.89,-0.019073996655518455,-0.005744961386325187,-0.007359592138804327,0.004092600248036371
2017-09-28,188.63,211.66,242.2,243.23,0.004901177348036745,0.0024628208771431126,0.0031893302406493795,0.0013998106138581878
2017-09-29,187.24,212.06,242.53,244.14,-0.007368923288978313,0.0018898233015214316,0.0013625103220480383,0.0037413148049172396
2017-10-02,185.41,212.11,242.63,245.09,-0.009773552659688156,0.00023578232575682812,0.00041232012534520024,0.0038912099614976103
2017-10-03,186.03,213.03,244.29,245.63,0.003343940456286054,0.004337372118240479,0.006841693112970448,0.002203272267330414
2017-10-04,186.78,213.41,245.04,245.95,0.004031607805192738,0.0017837863211753735,0.003070121576814522,0.001302772462647095
2017-10-05,185.27,213.89,245.88,247.38,-0.008084377342327809,0.0022491916967339876,0.00342801175318308,0.005814189875991138
2017-10-06,183.86,212.58,244.32,247.19,-0.007610514384411959,-0.0061246435083452955,-0.006344558321132232,-0.0007680491551459445
2017-10-09,184.34,212.65,244.65,246.75,0.0026106820406830433,0.0003292877975349384,0.0013506876227897813,-0.0017800072818480173
2017-10-10,185.66,213.98,246.64,247.33,0.007160681349679843,0.006254408652715648,0.008134069078274964,0.0023505572441742117
2017-10-11,186.55,214.67,247.98,247.78,0.004793708930302731,0.0032246004299467668,0.005433019785922921,0.001819431528726767
2017-10-12,187.13,215.01,248.28,247.38,0.0031090860359153094,0.0015838263381002804,0.0012097749818533732,-0.0016143352974412606
2017-10-13,188.08,216.25,249.67,247.6,0.005076684657724595,0.0057671736198317,0.005598517802481107,0.0008893200743795848
2017-10-16,188.81,217.71,252.09,248.04,0.0038813270948532264,0.006751445086705221,0.009692794488725287,0.001777059773828693
2017-10-17,188.09,217.12,251.17,248.21,-0.003813357343361079,-0.0027100271002710175,-0.0036494902614145897,0.0006853733268827877
2017-10-18,189.24,217.35,251.76,248.4,0.006114094316550522,0.0010593220338983578,0.0023490066488831562,0.000765480842834787
2017-10-19,189.15,216.71,250.79,248.5,-0.00047558655675339345,-0.0029445594662985686,-0.0038528757546869574,0.00040257648953301306
2017-10-20,189.95,216.82,251.11,249.79,0.0042294475284165856,0.00050759078953444,0.001275967941305467,0.005191146881287745
2017-10-23,189.51,216.54,250.24,248.81,-0.002316399052382234,-0.0012913937828613609,-0.0034646171000757287,-0.003923295568277307
2017-10-24,189.82,216.78,250.42,249.21,0.001635797583241061,0.0011083402604599168,0.0007193094629154295,0.0016076524255457247
2017-10-25,189.38,216.77,250.21,248.05,-0.0023179854599093552,-4.612971676354327e-05,-0.0008385911668395973,-0.0046547088800610315
2017-10-26,190.52,218.14,251.64,248.37,0.006019643045728218,0.0063200627393087405,0.005715199232644519,0.0012900624874017108
2017-10-27,192.15,219.36,253.41,250.37,0.008555532227587648,0.005592738608233283,0.007033857892227102,0.008052502315094356
2017-10-30,191.49,219.66,253.57,249.59,-0.003434816549570674,0.001367614879649759,0.0006313878694605979,-0.003115389223948606
2017-10-31,192.18,221.28,255.99,249.84,0.003603321322262154,0.007375034143676684,0.00954371573924373,0.0010016426940182566
2017-11-01,194.07,222.98,258.31,250.23,0.009834530128004948,0.007682574114244334,0.0090628540177351,0.0015609990393852247
2017-11-02,192.86,222.62,257.94,250.31,-0.006234863708970861,-0.001614494573504266,-0.0014323874414463589,0.00031970587059904076
2017-11-03,193.37,223.16,258.8,251.11,0.0026444052680700825,0.0024256580720509735,0.003334108707451433,0.003196036914226319
2017-11-06,195.32,224.26,260.64,251.45,0.010084294357966428,0.004929198781143507,0.007109737248840675,0.001353988291983521
2017-11-07,195.05,223.76,259.59,251.4,-0.0013823469178783077,-0.0022295549808257764,-0.004028545119705407,-0.00019884668920255866
2017-11-08,195.25,223.63,259.46,251.77,0.0010253781081772662,-0.0005809796210225482,-0.000500789706845417,0.001471758154335756
2017-11-09,193.88,221.64,256.93,250.89,-0.007016645326504478,-0.008898627196708864,-0.009751021352038758,-0.0034952536044803306
2017-11-10,193.22,219.82,254.52,250.75,-0.003404167526304902,-0.00821151416711785,-0.009379986766823611,-0.0005580134720394314
2017-11-13,192.85,219.6,254.31,251.0,-0.0019149156402028522,-0.0010008188517878214,-0.0008250825082508628,0.0009970089730808596
2017-11-14,191.66,218.57,252.5,250.46,-0.006170598911070746,-0.00469034608378871,-0.007117297786166543,-0.002151394422310715
2017-11-15,190.17,217.35,250.94,249.13,-0.00777418344985914,-0.005581735828338763,-0.006178217821782184,-0.00531022917831192
2017-11-16,191.98,218.8,252.86,251.26,0.009517799863280274,0.006671267540832915,0.00765123137004875,0.008549753140930427
2017-11-17,191.83,219.76,254.16,250.61,-0.0007813313886861906,0.004387568555758614,0.005141184845368851,-0.0025869617129665734
2017-11-20,193.57,220.19,254.85,250.94,0.00907053119949941,0.001956680014561396,0.002714825306893376,0.001316787039623346
2017-11-21,194.89,222.53,258.43,252.58,0.006819238518365411,0.010627185612425594,0.014047478909162248,0.006535426795249988
2017-11-22,192.75,222.48,258.2,252.41,-0.010980553132536208,-0.00022468880600368113,-0.0008899895522965773,-0.0006730540818751241
2017-11-23,192.63,222.54,258.24,,-0.000622568093385234,0.00026968716289110795,0.00015491866769945517,
2017-11-24,194.13,223.8,260.24,252.94,0.007786949073353089,0.005661903478026531,0.007744733581164898,
2017-11-27,192.24,222.85,258.61,252.88,-0.009735744089012455,-0.004244861483467477,-0.006263449123885656,-0.00023721040562985074
2017-11-28,193.94,222.92,259.19,255.38,0.008843112775696937,0.00031411263181513327,0.0022427593673870483,0.009886111989876545
2017-11-29,192.19,221.33,256.36,255.31,-0.009023409301845975,-0.007132603624618539,-0.010918631120027666,-0.00027410133918082114
2017-11-30,193.25,221.95,257.49,257.5,0.005515375409750778,0.0028012470067320105,0.004407863941332524,0.008577807371430879
2017-12-01,191.17,222.03,258.15,256.99,-0.010763260025873245,0.0003604415408875461,0.0025632063381100245,-0.001980582524271801
2017-12-04,192.11,221.9,257.49,256.72,0.0049170895014909455,-0.0005855064630905238,-0.0025566531086576028,-0.0010506245379197088
2017-12-05,191.58,221.14,256.27,255.78,-0.0027588360834938097,-0.0034249662009915305,-0.004738048079537149,-0.0036615768152072903
2017-12-06,190.03,219.31,253.63,255.75,-0.008090614886731462,-0.008275300714479461,-0.01030163499434189,-0.00011728829462820389
2017-12-07,193.31,221.69,257.35,256.55,0.01726043256327947,0.01085221832109795,0.01466703465678365,0.0031280547409580084
2017-12-08,194.23,223.06,259.38,257.99,0.004759195075267675,0.006179800622490905,0.007888090149601679,0.0056129409471836755
2017-12-11,194.47,224.56,261.52,258.81,0.0012356484580138272,0.006724648076750661,0.008250443364947069,0.003178417768130437
2017-12-12,195.03,223.86,260.66,259.22,0.002879621535455401,-0.0031172069825435855,-0.0032884674212295684,0.0015841737181716553
2017-12-13,191.99,222.69,258.61,259.11,-0.01558734553658403,-0.005226480836237002,-0.007864651269853473,-0.00042434997299600763
2017-12-14,190.61,222.54,258.11,258.1,-0.007187874368456693,-0.0006735821096591765,-0.0019334132477475396,-0.003897958396048007
2017-12-15,192.13,223.64,260.13,260.43,0.007974397985415216,0.0049429316078009045,0.007826120646236001,0.009027508717551314
2017-12-18,193.2,225.04,261.55,261.84,0.005569145890803151,0.006260060812019352,0.005458809057010017,0.005414122796912668
2017-12-19,192.92,223.69,260.16,261.0,-0.0014492753623188692,-0.0059989335229292395,-0.0053144714203784416,-0.0032080659945004086
2017-12-20,191.6,223.11,259.56,260.81,-0.006842214389384149,-0.002592874066788764,-0.0023062730627306793,-0.0007279693486590411
2017-12-21,191.8,223.75,260.9,261.33,0.0010438413361169019,0.0028685401819730227,0.005162582832485718,0.0019937885817260526
2017-12-22,191.67,223.99,261.24,261.21,-0.0006777893639208221,0.0010726256983240035,0.001303181295515543,-0.000459189530478743
2017-12-25,191.74,224.04,261.29,,0.00036521103980802216,0.00022322425108245447,0.00019139488592867515,
2017-12-26,191.66,224.81,262.2,260.95,-0.0004172316678836552,0.0034368862703089142,0.0034827203490372938,
2017-12-27,190.83,224.6,262.29,261.17,-0.004330585411666421,-0.0009341221475913652,0.0003432494279176357,0.0008430733857061057
2017-12-28,189.6,224.15,261.88,261.7,-0.006445527432793696,-0.002003561887800487,-0.0015631552861337106,0.0020293295554618673
2017-12-29,188.36,223.51,261.2,260.36,-0.006540084388185541,-0.002855230872183867,-0.0025966091339545416,-0.005120366832250589
2018-01-01,188.38,223.52,261.21,,0.00010617965597781165,4.4740727484393616e-05,3.8284839203539534e-05,
2018-01-02,186.68,223.29,260.97,262.54,-0.009024312559719694,-0.0010289906943451443,-0.0009188009647408402,
2018-01-03,189.04,225.33,264.04,264.22,0.01264195414613245,0.00913610103452922,0.011763804268689837,0.006399024910489937
2018-01-04,190.89,228.23,268.36,265.34,0.009786288616165928,0.01287001287001277,0.0163611574003939,0.0042388918325635405
2018-01-05,192.32,228.97,269.66,267.2,0.007491225313007499,0.0032423432502299843,0.004844239081830404,0.007009874123765858
2018-01-08,193.48,229.41,269.87,267.65,0.0060316139767053745,0.001921649124339453,0.0007787584365497313,0.0016841317365268171
2018-01-09,195.18,229.41,269.6,268.08,0.00878643787471578,0.0,-0.0010004817134174893,0.0016065757519148072
2018-01-10,194.17,228.86,268.82,267.78,-0.005174710523619286,-0.002397454339392313,-0.0028931750741840734,-0.0011190689346464167
2018-01-11,193.36,229.26,269.93,269.69,-0.0041716022042538325,0.0017477934108187654,0.004129157056766752,0.007132720890283162
2018-01-12,194.83,231.62,274.03,271.51,0.007602399669011106,0.010293989357061939,0.01518912310599041,0.0067484890058955305
2018-01-15,194.77,232.2,275.13,,-0.00030796078632655544,0.0025041015456350735,0.004014159033682629,
2018-01-16,193.01,231.94,274.44,270.56,-0.009036299224726707,-0.0011197243755383113,-0.002507905353832718,
2018-01-17,193.06,232.2,275.02,273.1,0.0002590539350293408,0.00112097956368018,0.002113394548899583,0.009387936132466024
2018-01-18,192.87,232.36,275.45,272.69,-0.000984150005179707,0.0006890611541774394,0.0015635226528980528,-0.0015012815818382652
2018-01-19,193.86,233.53,276.96,273.89,0.005132991133924403,0.005035290067137099,0.005481938645852225,0.004400601415526673
2018-01-22,196.05,234.95,279.32,276.1,0.011296812132466805,0.006080589217659416,0.008521086077411866,0.008068932783234173
2018-01-23,197.05,235.98,280.52,276.71,0.00510073960724311,0.004383911470525748,0.004296147787483884,0.0022093444404200913
2018-01-24,198.38,237.23,283.38,276.56,0.006749555950266384,0.005297059072802757,0.010195351490089877,-0.0005420837700118586
2018-01-25,196.85,236.25,281.75,276.73,-0.007712471015223321,-0.00413101209796396,-0.00575199378925817,0.0006146948221001924
2018-01-26,200.24,237.12,283.5,280.01,0.017221234442468925,0.0036825396825397316,0.006211180124223503,0.011852708416145497
2018-01-29,199.04,234.76,279.6,278.14,-0.005992808629644464,-0.009952766531713952,-0.013756613756613634,-0.0066783329166815175
2018-01-30,195.85,231.36,274.61,275.13,-0.01602692926045013,-0.014482876128812272,-0.017846924177396306,-0.010821888257711909
2018-01-31,197.09,232.23,276.48,275.27,0.006331376053101856,0.003760373443983278,0.006809657332216723,0.0005088503616472728
2018-02-01,199.21,233.92,279.56,275.14,0.010756507179461083,0.007277268225466038,0.01114004629629628,-0.00047226359574237264
2018-02-02,193.51,229.3,272.07,269.33,-0.02861302143466704,-0.019750341997263887,-0.026792101874374086,-0.021116522497637624
2018-02-05,183.59,222.64,260.82,258.29,-0.05126350059428442,-0.029044919319668683,-0.04134965266291768,-0.040990606319385
2018-02-06,178.09,218.94,256.14,262.82,-0.02995805871779511,-0.016618756737333817,-0.01794340924775706,0.017538425800456725
2018-02-07,176.26,217.24,252.49,261.52,-0.010275703296086292,-0.00776468438841682,-0.014250019520574586,-0.004946351114831438
2018-02-08,174.08,215.3,249.81,251.74,-0.012368092590491209,-0.008930215429939214,-0.010614281753732802,-0.03739675741817061
2018-02-09,169.66,212.83,246.0,255.58,-0.02539062500000011,-0.01147236414305619,-0.01525159120931907,0.015253833320092225
2018-02-12,172.79,214.29,248.08,259.14,0.01844866202994222,0.006859935159516883,0.00845528455284561,0.013929102433680063
2018-02-13,174.08,214.91,248.98,259.84,0.007465709821170341,0.002893275467823919,0.0036278619800063083,0.0027012425715828847
2018-02-14,182.22,218.04,254.34,263.39,0.04676011029411753,0.014564236191894286,0.021527833560928578,0.013662253694581405
2018-02-15,187.22,219.57,256.21,266.64,0.02743935901657335,0.007017061089708232,0.007352362978689797,0.012339116898895108
2018-02-16,185.21,219.67,256.37,266.76,-0.01073603247516286,0.0004554356241746049,0.000624487724913303,0.0004500450045004101
2018-02-19,185.82,219.66,256.32,,0.0032935586631390734,-4.552282969905175e-05,-0.00019503061980730152,
2018-02-20,180.97,219.06,254.91,265.22,-0.026100527392099893,-0.0027314941272875704,-0.005500936329588035,
2018-02-21,179.7,219.25,255.44,263.77,-0.007017737746587871,0.0008673422806537712,0.002079165195559174,-0.00546715933941655
2018-02-22,180.78,219.26,255.12,264.05,0.006010016694490972,4.561003420744392e-05,-0.0012527403695583583,0.0010615308791750433
2018-02-23,180.87,219.55,255.3,268.29,0.0004978426817126014,0.0013226306667883936,0.0007055503292567877,0.016057564855141093
2018-02-26,181.0,219.95,256.08,271.48,0.000718748272239722,0.0018219084491002402,0.0030552291421854783,0.011890118901189073
2018-02-27,178.87,219.47,255.27,268.07,-0.011767955801104901,-0.0021823141623095177,-0.0031630740393625567,-0.012560777957860703
2018-02-28,174.9,217.53,251.71,265.12,-0.022194890143679813,-0.008839476921674971,-0.013946017941787181,-0.011004588353788147
2018-03-01,172.45,215.09,248.36,261.63,-0.014008004574042388,-0.011216843653748865,-0.013308966667990973,-0.013163850331925242
2018-03-02,174.85,215.42,249.57,262.98,0.01391707741374315,0.0015342414803105608,0.004871960057980296,0.005159958720330371
2018-03-05,176.36,216.22,250.67,265.89,0.008635973691735854,0.003713675610435452,0.004407581039387765,0.011065480264658811
2018-03-06,177.48,217.13,251.92,266.6,0.006350646405080429,0.004208676348163909,0.0049866358160131075,0.0026702771822935123
2018-03-07,176.46,216.53,251.05,266.49,-0.005747126436781547,-0.00276332151245795,-0.0034534772943790593,-0.000412603150787727
2018-03-08,174.32,216.11,249.8,267.75,-0.01212739431032539,-0.0019396850320970715,-0.004979087831109341,0.004728132387706863
2018-03-09,174.89,217.27,252.03,272.41,0.003269848554382726,0.005367636851603352,0.008927141713370723,0.01740429505135399
2018-03-12,174.85,217.16,251.73,272.07,-0.00022871519240663662,-0.0005062825056382225,-0.0011903344839900853,-0.0012481186446900994
2018-03-13,175.47,217.09,251.87,270.35,0.00354589648269954,-0.00032234297292310643,0.0005561514320899796,-0.0063219024515748234
2018-03-14,174.08,216.38,250.87,268.88,-0.007921582036815367,-0.0032705329586807386,-0.003970302139992832,-0.0054373959681894846
2018-03-15,172.85,216.38,250.85,268.69,-0.00706571691176483,0.0,-7.972256547217338e-05,-0.0007066349300802743
2018-03-16,172.56,216.76,251.61,269.15,-0.0016777552791437111,0.0017561697014512045,0.003029699023320731,0.0017120101231902218
2018-03-19,172.85,215.82,250.27,265.33,0.001680574872508167,-0.004336593467429428,-0.005325702476054239,-0.014192829277354657
2018-03-20,172.5,216.76,251.76,265.73,-0.0020248770610356015,0.004355481419701546,0.005953570144244136,0.0015075566275959407
2018-03-21,174.09,218.17,254.07,265.27,0.009217391304347844,0.006504890201144198,0.009175405147759719,-0.0017310804199752727
2018-03-22,172.4,217.12,251.52,258.6,-0.009707622494112278,-0.0048127606912040655,-0.010036604085488232,-0.025144192709314894
2018-03-23,174.23,217.15,251.7,253.18,0.010614849187934983,0.0001381724392042205,0.0007156488549617812,-0.020959010054137694
2018-03-26,175.91,218.03,253.66,260.06,0.009642426677380467,0.004052498273083183,0.007787048073103042,0.027174342365115622
2018-03-27,172.09,217.06,251.83,255.57,-0.0217156500483201,-0.004448929046461436,-0.007214381455491581,-0.01726524648158123
2018-03-28,169.83,216.06,249.97,254.87,-0.013132663141379508,-0.00460702110015665,-0.007385934956121276,-0.0027389756231168683
2018-03-29,170.04,217.08,251.02,258.39,0.0012365306482953198,0.0047209108580950065,0.004200504060487331,0.013810962451445752
2018-03-30,169.95,217.24,251.07,,-0.0005292872265350024,0.0007370554634236193,0.00019918731575163662,
2018-04-02,169.91,216.36,249.68,252.62,-0.00023536334215945587,-0.004050819370281733,-0.005536304616242438,
2018-04-03,170.94,216.39,250.14,255.81,0.006062032840915776,0.00013865779256772015,0.0018423582185196352,0.012627662101179604
2018-04-04,170.64,216.53,250.18,258.79,-0.0017550017550018726,0.0006469799898332074,0.0001599104501479598,0.011649270943278278
2018-04-05,169.63,215.95,249.29,260.61,-0.005918893577121387,-0.002678612663372326,-0.0035574386441762362,0.0070327292399241514
2018-04-06,169.31,214.97,247.67,254.9,-0.0018864587631903795,-0.004538087520259304,-0.006498455613943577,-0.021910133916580365
2018-04-09,170.38,215.35,248.56,255.82,0.006319768472033527,0.0017676885146764576,0.0035934913392821066,0.003609258532757842
2018-04-10,170.93,216.56,250.6,260.11,0.0032280784129592455,0.005618760157882541,0.008207273897650413,0.016769603627550644
2018-04-11,172.29,217.64,252.26,258.69,0.007956473410167808,0.004987070557813,0.006624102154828337,-0.005459228787820569
2018-04-12,172.67,218.18,252.71,260.85,0.0022055836090313363,0.0024811615511854956,0.0017838737810196292,0.008349762263713423
2018-04-13,172.35,218.7,253.44,260.1,-0.001853246076330528,0.002383353194609805,0.0028886866368564856,-0.002875215641173101
2018-04-16,172.01,218.73,253.3,262.22,-0.001972729910066695,0.00013717421124836982,-0.0005523989898988946,0.008150711264898192
2018-04-17,171.32,219.07,253.63,265.02,-0.004011394686355474,0.0015544278334018724,0.0013028030003947588,0.010678056593699692
2018-04-18,171.82,220.09,255.74,265.24,0.002918515059537663,0.004656046012690096,0.008319205141347652,0.0008301260282244094
2018-04-19,171.17,219.12,254.64,263.75,-0.0037830287510185467,-0.0044072879276659815,-0.004301243450379411,-0.005617553913436879
2018-04-20,170.06,217.77,253.12,261.51,-0.0064847812116608505,-0.006161007667031759,-0.005969211435752353,-0.008492890995260738
2018-04-23,169.03,217.01,251.95,261.53,-0.006056685875573287,-0.0034899205583873716,-0.004622313527180899,7.647891094020309e-05
2018-04-24,169.26,216.52,251.33,258.03,0.001360705200260215,-0.002257960462651365,-0.002460805715419623,-0.013382785913661932
2018-04-25,169.93,216.31,251.11,258.51,0.003958407184213808,-0.0009698873083318071,-0.0008753431743127038,0.0018602488082781754
2018-04-26,169.37,217.57,252.56,261.2,-0.003295474607191262,0.005824973417779988,0.005774361833459363,0.010405787010173695
2018-04-27,169.53,217.21,252.15,261.51,0.000944677333648114,-0.0016546398860136646,-0.0016233766233766378,0.0011868300153139444
2018-04-30,169.22,217.39,252.1,259.38,-0.0018285849112251729,0.0008286911284010046,-0.00019829466587351074,-0.008145004015142843
2018-05-01,168.3,216.86,251.56,260.04,-0.0054367096087931666,-0.0024380146280876813,-0.0021420071400237717,0.0025445292620867033
2018-05-02,167.86,216.85,250.98,258.17,-0.002614379084967311,-4.6112699437550475e-05,-0.0023056129750358423,-0.007191201353637933
2018-05-03,169.01,216.51,250.46,257.61,0.006850947217919456,-0.0015679040811621414,-0.002071878237309699,-0.002169113374907994
2018-05-04,169.15,217.29,251.76,260.96,0.0008283533518727015,0.003602604960510014,0.005190449572785916,0.013004153565467025
2018-05-07,168.82,218.65,253.42,261.87,-0.0019509311262193574,0.006258916655161428,0.0065935811884334505,0.0034871244635195087
2018-05-08,167.82,217.06,251.79,261.8,-0.005923468783319508,-0.007271895723759414,-0.006432010101807273,-0.0002673082063618937
2018-05-09,169.44,218.83,255.14,264.37,0.009653199856989758,0.008154427347277338,0.013304738075380351,0.009816653934300978
2018-05-10,168.66,218.47,254.94,266.9,-0.004603399433427802,-0.0016451126445186093,-0.0007838833581562676,0.009569920944131338
2018-05-11,167.37,218.49,255.0,267.45,-0.007648523657061479,9.154574998859744e-05,0.0002353494939986156,0.0020606968902210365
2018-05-14,167.21,218.96,255.9,267.7,-0.0009559658242217495,0.002151128198086827,0.003529411764706003,0.0009347541596560482
2018-05-15,169.51,219.78,257.37,265.88,0.013755158184318939,0.003744976251370158,0.005744431418522877,-0.0067986552110571585
2018-05-16,169.7,220.05,257.79,267.03,0.0011208778243172457,0.0012285012285013774,0.0016318918288844575,0.004325259515570945
2018-05-17,170.49,220.5,258.54,266.88,0.004655274012964172,0.002044989775050965,0.002909344815547499,-0.0005617346365576203
2018-05-18,170.73,219.65,257.16,266.2,0.0014077071969029742,-0.003854875283446635,-0.005337665351589638,-0.0025479616306954833
2018-05-21,171.64,219.61,257.5,268.18,0.005330053300532933,-0.00018210789893002843,0.001322134079950077,0.007438016528925617
2018-05-22,171.05,219.55,257.47,267.34,-0.003437427173152985,-0.0002732116023860254,-0.0001165048543688707,-0.003132224625251867
2018-05-23,169.92,218.15,254.99,268.22,-0.0066062554808536955,-0.006376679571851507,-0.009632190158076703,0.0032916884865716867
2018-05-24,167.28,217.0,252.87,267.68,-0.015536723163841692,-0.00527160210864086,-0.008314051531432609,-0.0020132726866006756
2018-05-25,166.09,215.21,250.17,267.08,-0.007113821138211351,-0.008248847926267233,-0.010677423181872148,-0.0022414823670054984
2018-05-28,166.52,215.18,250.12,,0.0025889577939670616,-0.00013939872682500187,-0.00019986409241712355,
2018-05-29,164.35,212.05,244.75,264.01,-0.01303146769156871,-0.014545961520587403,-0.021469694546617624,
2018-05-30,163.72,212.59,246.06,267.41,-0.0038332826285366606,0.0025465692053761035,0.005352400408580094,0.012878300064391723
2018-05-31,163.3,211.89,245.11,265.62,-0.0025653554849742743,-0.003292723081988913,-0.0038608469478987884,-0.006693840918439942
2018-06-01,163.88,212.38,246.31,268.53,0.003551745254133376,0.002312520647505867,0.004895761086858963,0.010955500338829749
2018-06-04,163.55,212.22,246.11,269.74,-0.0020136685379544828,-0.0007533666070250744,-0.0008119848970808974,0.00450601422559882
2018-06-05,163.59,212.4,246.47,269.95,0.0002445735249159142,0.0008481764206955678,0.0014627605542236743,0.0007785274708977941
2018-06-06,162.62,211.61,245.43,272.27,-0.005929457790818549,-0.00371939736346516,-0.004219580476325646,0.008594184108168257
2018-06-07,163.68,211.54,245.13,272.12,0.0065182634362317415,-0.00033079722130346934,-0.001222344456667912,-0.0005509237154294189
2018-06-08,163.27,211.49,244.89,272.98,-0.002504887585532689,-0.00023636191736775558,-0.0009790723289683223,0.003160370424812653
2018-06-11,164.42,211.21,244.84,273.28,0.007043547498009284,-0.0013239396661780534,-0.00020417330229893782,0.001098981610374139
2018-06-12,165.75,211.19,245.25,273.76,0.00808904026274182,-9.469248615123771e-05,0.0016745629799053141,0.0017564402810306134
2018-06-13,166.45,211.91,246.31,272.67,0.004223227752639502,0.0034092523320232715,0.0043221202854231144,-0.003981589713617728
2018-06-14,168.53,213.81,249.29,273.43,0.012496245118654326,0.00896607050162812,0.012098574966505682,0.002787251989584405
2018-06-15,169.25,212.62,247.22,273.18,0.004272236397080631,-0.005565689163275822,-0.008303582173372348,-0.0009143107925245753
2018-06-18,169.13,212.58,247.4,272.6,-0.0007090103397341396,-0.0001881290565327598,0.0007280964323275185,-0.002123142250530674
2018-06-19,169.0,211.8,245.93,271.52,-0.000768639508070712,-0.003669206886819043,-0.0059417946645109465,-0.003961848862802819
2018-06-20,170.42,212.23,247.02,271.98,0.008402366863905275,0.0020302171860244744,0.0044321554913999694,0.0016941661756042503
2018-06-21,168.94,211.14,244.98,270.28,-0.008684426710479975,-0.00513593742637708,-0.00825844061209624,-0.006250459592617275
2018-06-22,169.39,211.75,245.96,270.8,0.002663667574286599,0.0028890783366486428,0.004000326557270117,0.0019239307384935067
2018-06-25,168.19,209.88,243.04,267.08,-0.0070842434618335615,-0.008831168831168856,-0.011871849081151464,-0.013737075332348692
2018-06-26,170.34,210.78,244.77,267.67,0.012783161900231876,0.004288164665523286,0.00711816984858471,0.0022090759323050158
2018-06-27,173.3,212.53,247.08,265.36,0.017377010684513472,0.00830249549293094,0.009437431057727652,-0.008630029513953752
2018-06-28,174.34,213.14,248.21,267.04,0.006001154068089987,0.0028701830329835865,0.004573417516593903,0.006331022007838527
2018-06-29,173.29,213.05,247.71,267.26,-0.00602271423654932,-0.0004222576710142256,-0.002014423270617627,0.0008238466147392209
2018-07-02,175.76,214.13,249.98,268.09,0.014253563390847601,0.005069232574512972,0.00916394170602719,0.0031055900621117516
2018-07-03,173.55,212.88,247.76,266.76,-0.01257396449704129,-0.0058375753047213985,-0.008880710456836582,-0.0049610205527993445
2018-07-04,173.27,212.66,247.52,,-0.001613367905502705,-0.0010334460729048978,-0.0009686793671294103,
2018-07-05,173.22,213.0,247.96,269.13,-0.00028856697639523254,0.001598796200507957,0.0017776341305753007,
2018-07-06,171.32,211.93,246.45,271.43,-0.01096871031058777,-0.005023474178403764,-0.006089691885788118,0.008546055809460107
2018-07-09,172.65,213.04,248.5,273.91,0.007763250058370419,0.0052375784457130425,0.008318117265165403,0.009136794016873617
2018-07-10,173.25,213.94,249.84,274.86,0.0034752389226759828,0.004224558768306519,0.005392354124748477,0.003468292504837267
2018-07-11,174.22,213.54,249.57,272.91,0.005598845598845603,-0.0018696830887164895,-0.0010806916426513435,-0.007094520846976593
2018-07-12,175.02,214.78,251.26,275.33,0.004591895304787208,0.0058068745902406516,0.006771647233241085,0.008867392180572198
2018-07-13,175.95,215.88,252.69,275.63,0.005313678436750013,0.005121519694571086,0.00569131576852655,0.0010896015690262661
2018-07-16,172.87,213.44,249.04,275.36,-0.017504973003694135,-0.011302575504910095,-0.01444457635838381,-0.0009795740666835862
2018-07-17,174.95,214.65,251.14,276.45,0.012032162896974619,0.005669040479760135,0.008432380340507528,0.003958454386984167
2018-07-18,175.72,215.58,252.28,277.05,0.004401257502143485,0.004332634521313716,0.004539300788404921,0.0021703743895822303
2018-07-19,177.28,216.12,253.26,275.98,0.008877760072843133,0.00250487058168658,0.0038845726970033745,-0.003862118751127963
2018-07-20,173.43,213.33,248.57,275.73,-0.021717057761732828,-0.012909494725152681,-0.01851851851851849,-0.0009058627436770994
2018-07-23,172.92,212.99,248.52,276.24,-0.0029406677045494822,-0.0015937749027328252,-0.00020115058132508246,0.0018496355130017683
2018-07-24,172.62,212.98,248.2,277.58,-0.001734906315058904,-4.695056105930018e-05,-0.0012876227265412599,0.004850854329568444
2018-07-25,171.59,212.39,247.14,280.1,-0.005966863631097219,-0.0027702131655554796,-0.004270749395648643,0.009078463866272868
2018-07-26,173.31,213.82,249.6,279.25,0.010023894166326652,0.006732897029050333,0.009953872299101718,-0.003034630489111123
2018-07-27,172.8,213.21,248.21,277.42,-0.0029427038255148696,-0.0028528668973902827,-0.005568910256410153,-0.0065532676812891655
2018-07-30,170.65,211.16,245.42,275.85,-0.01244212962962965,-0.009614933633506961,-0.011240481850046447,-0.005659289164443804
2018-07-31,170.46,211.55,245.7,277.2,-0.0011133899794901758,0.0018469407084675815,0.0011409013120364797,0.004893964110929794
2018-08-01,169.28,211.24,245.27,276.92,-0.006922445148421996,-0.001465374615930104,-0.0017501017501017069,-0.0010101010101009056
2018-08-02,171.79,212.07,247.14,278.31,0.014827504725897889,0.003929180079530248,0.007624250825620571,0.005019500216669082
2018-08-03,171.99,212.01,246.58,279.64,0.0011642121194481714,-0.00028292544914421125,-0.0022659221493889214,0.004778843735402827
2018-08-06,174.27,213.16,248.53,280.66,0.013256584685156225,0.0054242724399793385,0.00790818395652515,0.0036475468459449267
2018-08-07,174.24,213.42,249.18,281.45,-0.00017214666896192554,0.0012197410395946573,0.002615378425139925,0.002814793700562923
2018-08-08,172.04,212.47,247.44,281.39,-0.012626262626262763,-0.0044513166526097825,-0.006982903924873662,-0.0002131817374311229
2018-08-09,173.87,213.2,248.93,281.05,0.010637061148570215,0.0034357791688237604,0.006021661817006141,-0.0012082874302568047
2018-08-10,175.98,214.43,251.0,279.14,0.012135503537125336,0.005769230769230749,0.008315590728317224,-0.0067959437822452395
2018-08-13,175.89,214.7,251.43,278.02,-0.0005114217524718745,0.0012591521708715803,0.001713147410358662,-0.0040123235652360645
2018-08-14,177.27,215.66,253.26,279.83,0.007845812723861645,0.004471355379599418,0.007278367736546887,0.006510322998345419
2018-08-15,175.82,215.66,253.15,277.75,-0.008179613019687615,0.0,-0.00043433625523170427,-0.007433084372654775
2018-08-16,177.08,215.76,253.36,280.03,0.007166420202479928,0.00046369284985625647,0.0008295476989927941,0.008208820882088075
2018-08-17,176.69,215.88,253.51,280.99,-0.002202394398012286,0.0005561735261401246,0.0005920429428480922,0.0034282041209872105
2018-08-20,175.6,215.71,252.75,281.68,-0.006168996547625816,-0.0007874745228830804,-0.0029979093526881773,0.0024556034022562567
2018-08-21,173.81,214.22,250.39,282.27,-0.01019362186788153,-0.006907422001761643,-0.009337289812067273,0.0020945754047145826
2018-08-22,174.76,214.53,250.87,282.17,0.005465738450031621,0.0014471104472038032,0.0019170094652343206,-0.00035427073369453943
2018-08-23,177.37,216.49,253.99,281.71,0.014934767681391792,0.009136251340138957,0.012436720213656383,-0.0016302229152639347
2018-08-24,175.7,215.4,251.95,283.46,-0.009415346450921902,-0.005034874590050364,-0.008031812276073969,0.006212062049625544
2018-08-27,174.66,215.07,251.49,285.66,-0.005919180421172454,-0.0015320334261839097,-0.0018257590791822542,0.007761236153249307
2018-08-28,174.22,215.51,252.21,285.74,-0.002519180121378639,0.002045845538661828,0.0028629368960992885,0.0002800532101099318
2018-08-29,174.42,216.41,253.53,287.4,0.001147973826196802,0.004176140318314703,0.005233733793267525,0.0058094771470567075
2018-08-30,176.48,217.3,255.14,286.17,0.01181057218208914,0.004112564114412631,0.00635033329389012,-0.004279749478079187
2018-08-31,177.51,217.16,255.34,286.24,0.005836355394378989,-0.0006442705936493542,0.0007838833581563787,0.00024460984729346436
2018-09-03,177.77,217.16,255.62,,0.0014647062137345124,0.0,0.001096577112869035,
2018-09-04,177.31,217.74,256.86,285.79,-0.002587613208077877,0.0026708417756493574,0.004850950629841311,
2018-09-05,174.72,215.25,252.83,284.99,-0.014607185155941615,-0.011435657205841832,-0.015689480650938226,-0.0027992581965778918
2018-09-06,174.04,214.39,251.16,284.03,-0.003891941391941378,-0.0039953542392567876,-0.006605228809872354,-0.003368539246991209
2018-09-07,173.44,215.03,252.27,283.43,-0.003447483337163826,0.0029852138625869884,0.004419493549928433,-0.002112452909903806
2018-09-10,172.99,215.14,252.02,283.97,-0.0025945571955718894,0.000511556526996193,-0.0009910017045229313,0.0019052323324983966
2018-09-11,173.17,216.89,254.9,285.05,0.0010405225735590218,0.008134238170493635,0.011427664471073795,0.0038032186498573317
2018-09-12,172.12,215.51,252.38,285.15,-0.006063405901714947,-0.006362672322375418,-0.00988622989407617,0.0003508156463776224
2018-09-13,171.0,214.17,250.64,286.73,-0.006507088078085088,-0.0062178089183796414,-0.006894365639115607,0.00554094336314237
2018-09-14,171.06,215.87,253.44,286.86,0.00035087719298254605,0.007937619647943261,0.01117140121289495,0.0004533882049313487
2018-09-17,170.19,215.08,252.14,285.26,-0.0050859347597334015,-0.003659609950433129,-0.005129419191919227,-0.005577633688907513
2018-09-18,170.15,215.58,253.26,286.81,-0.00023503143545444694,0.0023247163846011887,0.004441976679622428,0.005433639486783992
2018-09-19,168.28,214.95,251.87,287.17,-0.010990302674111052,-0.002922349011967862,-0.005488430861565141,0.0012551863603083024
2018-09-20,167.02,213.1,248.87,289.43,-0.0074875207986688785,-0.00860665270993255,-0.011910906419978606,0.007869902845004662
2018-09-21,168.05,213.1,248.74,289.33,0.0061669261166328315,0.0,-0.0005223610720456184,-0.00034550668555444197
2018-09-24,167.9,213.62,249.82,288.31,-0.0008925914906278143,0.002440168934772391,0.004341883090777543,-0.003525386237168582
2018-09-25,167.41,214.28,250.66,287.96,-0.002918403811792758,0.003089598352214118,0.0033624209430789254,-0.0012139710728036324
2018-09-26,166.62,213.7,249.47,287.01,-0.004718953467534703,-0.0027067388463692943,-0.004747466687943791,-0.0032990693151826456
2018-09-27,168.42,215.27,252.31,287.86,0.010803024846957054,0.007346747777257967,0.011384134364853526,0.0029615692833002694
2018-09-28,170.18,215.79,252.88,287.87,0.010450065312908263,0.0024155711432154447,0.0022591256787285463,3.473910928919466e-05
2018-10-01,171.01,217.66,255.46,288.92,0.0048771888588552414,0.00866583252235964,0.01020246757355281,0.0036474797651717683
2018-10-02,170.57,216.23,253.02,288.81,-0.0025729489503537595,-0.006569879628778863,-0.009551397479057422,-0.00038072822926771277
2018-10-03,174.99,219.06,257.53,289.02,0.025913114850208308,0.01308791564537759,0.017824677891075558,0.0007271216370623446
2018-10-04,175.59,217.56,255.02,286.73,0.003428767358134799,-0.006847439057792393,-0.009746437308274625,-0.007923327105390454
2018-10-05,176.31,216.94,253.93,285.14,0.004100461301896452,-0.0028497885640742515,-0.004274174574543155,-0.005545286506469571
2018-10-08,175.89,216.59,253.34,285.03,-0.002382167772673194,-0.0016133493131741394,-0.002323474973417894,-0.00038577540857132053
2018-10-09,174.52,215.82,251.87,284.71,-0.007788959008471097,-0.003555104113763363,-0.005802478882134698,-0.0011226888397711798
2018-10-10,171.6,213.5,248.27,275.36,-0.01673160669264273,-0.01074969882309329,-0.014293087703974194,-0.03284043412595261
2018-10-11,164.23,207.29,238.96,269.69,-0.04294871794871802,-0.02908665105386421,-0.03749949651589002,-0.020591226031377197
2018-10-12,164.26,206.81,238.32,273.55,0.00018267064482735407,-0.002315596507308504,-0.0026782725142283637,0.014312729430086435
2018-10-15,162.88,206.31,237.31,271.94,-0.008401314988432995,-0.0024176780619892257,-0.004237999328633779,-0.005885578504843725
2018-10-16,163.41,206.84,237.95,277.8,0.0032539292730844327,0.002568949638892981,0.0026968943575913507,0.021548871074501763
2018-10-17,162.34,207.86,239.44,277.74,-0.006547946882075717,0.004931347901759864,0.006261819710023042,-0.0002159827213823462
2018-10-18,161.03,208.48,239.85,273.77,-0.008069483799433286,0.0029827768690464662,0.001712328767123239,-0.01429394397638084
2018-10-19,161.52,208.58,240.11,273.68,0.0030429112587717633,0.00047966231772833545,0.0010840108401084514,-0.00032874310552644115
2018-10-22,162.33,208.52,240.22,272.51,0.005014858841010383,-0.0002876594112570796,0.0004581233601266277,-0.004275065770242725
2018-10-23,159.9,207.37,238.63,271.02,-0.014969506560709722,-0.005515058507577275,-0.006618932645075404,-0.005467689259109787
2018-10-24,158.82,208.61,239.83,262.65,-0.006754221388367787,0.005979649901142858,0.005028705527385657,-0.03088332964356877
2018-10-25,159.55,209.08,240.67,267.54,0.004596398438484028,0.002253008005368873,0.0035024809239876387,0.018617932609937382
2018-10-26,156.26,208.37,239.39,262.91,-0.02062049514258868,-0.0033958293476181733,-0.00531848589354722,-0.01730582342827236
2018-10-29,155.76,208.79,239.93,261.19,-0.0031997952131063157,0.0020156452464366037,0.0022557333221939757,-0.006542162717279809
2018-10-30,155.87,209.52,241.27,265.3,0.0007062146892655718,0.0034963360314193004,0.005584962280665184,0.015735671350358027
2018-10-31,156.77,209.77,241.89,268.19,0.005774042471290208,0.0011932035127910634,0.002569735151489949,0.010893328307576278
2018-11-01,151.66,205.82,234.44,271.03,-0.03259552210244321,-0.018830147304190414,-0.03079912356856418,0.010589507438756085
2018-11-02,153.43,205.14,233.96,269.34,0.011670842674403437,-0.0033038577397725977,-0.0020474321788089833,-0.006235472087960714
2018-11-05,153.46,205.64,234.67,270.86,0.0001955289056898568,0.002437359851808596,0.0030347067874849643,0.005643424667706398
2018-11-06,153.56,205.79,235.01,272.57,0.000651635605369405,0.0007294300719704605,0.0014488430562065169,0.006313224544044926
2018-11-07,151.42,204.64,233.55,278.36,-0.013935920812711777,-0.0055882210019922995,-0.006212501595676656,0.021242249697325466
2018-11-08,153.53,205.52,235.18,277.81,0.013934751023642944,0.004300234558248794,0.006979233568829013,-0.0019758586003736367
2018-11-09,155.29,207.08,237.06,275.3,0.011463557610890351,0.0075905021409108375,0.007993877030359808,-0.009034951945574243
2018-11-12,157.03,208.6,239.13,269.87,0.011204842552643424,0.007340158392891594,0.008731966590736384,-0.019723937522702517
2018-11-13,158.53,208.11,238.43,269.48,0.009552314844297305,-0.0023489932885905063,-0.00292727804959636,-0.0014451402527142498
2018-11-14,158.7,208.1,238.28,267.51,0.001072352236169749,-4.8051511220115195e-05,-0.0006291154636580698,-0.007310375538073455
2018-11-15,157.15,207.07,236.64,270.44,-0.009766855702583399,-0.004949543488707353,-0.006882659056572149,0.010952861575268313
2018-11-16,154.93,205.28,233.92,271.06,-0.014126630607699697,-0.008644419761433264,-0.011494252873563204,0.00229256027214908
2018-11-19,156.78,205.34,234.1,266.55,0.011940876524882071,0.0002922837100545195,0.0007694938440492294,-0.016638382645908667
2018-11-20,161.34,207.0,236.7,261.74,0.029085342518178292,0.008084153111912018,0.011106364801366952,-0.018045394860251363
2018-11-21,159.25,206.14,235.32,262.55,-0.01295401016486919,-0.004154589371980766,-0.0058301647655260025,0.0030946741040727144
2018-11-22,159.36,206.14,235.34,,0.0006907378335949677,0.0,8.499065102851588e-05,
2018-11-23,162.3,207.59,237.57,260.85,0.018448795180722843,0.007034054526050326,0.009475652247811661,
2018-11-26,161.01,207.31,237.07,264.93,-0.007948243992606407,-0.0013488125632256098,-0.0021046428421096497,0.01564117308798152
2018-11-27,161.88,208.12,238.4,265.8,0.0054033910937210106,0.003907192127731385,0.0056101573374953695,0.0032838863095911996
2018-11-28,160.04,206.6,236.31,271.92,-0.01136644427971334,-0.007303478762252569,-0.008766778523489949,0.023024830699774235
2018-11-29,159.89,206.76,236.6,271.39,-0.0009372656835791027,0.0007744433688285923,0.0012272015572765138,-0.0019491026772581188
2018-11-30,160.7,207.49,237.64,273.66,0.005065982863218466,0.0035306635712903933,0.00439560439560438,0.008364346512399257
2018-12-03,156.45,204.98,233.57,276.65,-0.026446795270690715,-0.012096968528603869,-0.017126746339000132,0.010925966527808084
2018-12-04,156.95,205.66,233.89,267.71,0.003195909236177741,0.0033173968192019565,0.0013700389604829333,-0.03231519971082597
2018-12-05,158.55,206.31,235.06,,0.010194329404269009,0.003160556257901348,0.005002351532771954,
2018-12-06,160.32,207.85,237.03,267.39,0.011163670766319633,0.007464495177160524,0.008380838934739954,
2018-12-07,157.28,206.34,234.34,261.2,-0.01896207584830334,-0.007264854462352588,-0.011348774416740537,-0.023149706421332183
2018-12-10,161.04,208.74,237.88,261.66,0.023906408952187208,0.011631288165164344,0.015106255867542773,0.0017611026033692578
2018-12-11,160.28,208.71,237.88,261.58,-0.004719324391455504,-0.0001437194596148883,0.0,-0.0003057402736377224
2018-12-12,156.9,206.89,235.21,263.0,-0.02108809583229343,-0.008720233817258505,-0.0112241466285522,0.005428549583301523
2018-12-13,156.23,206.54,234.85,263.0,-0.004270235818993107,-0.0016917202378075036,-0.0015305471706135165,0.0
2018-12-14,158.54,207.99,236.76,258.01,0.014785892594252115,0.007020431877602373,0.008132850755801613,-0.01897338403041826
2018-12-17,159.05,207.53,235.97,252.66,0.0032168537908414674,-0.002211644790614975,-0.0033367122824801143,-0.02073563040192239
2018-12-18,162.5,209.22,238.46,252.7,0.0216912920465262,0.008143400954078839,0.010552188837564147,0.0001583155228370714
2018-12-19,162.67,209.35,238.19,248.83,0.0010461538461536968,0.0006213555109453317,-0.0011322653694539886,-0.015314602295211643
2018-12-20,163.75,210.08,239.11,244.91,0.006639208212946501,0.003486983520420539,0.0038624627398295974,-0.015753727444440035
2018-12-21,166.0,210.8,240.57,239.87,0.013740458015267132,0.0034272658035034986,0.006105976328886209,-0.020578988199746795
2018-12-24,167.84,211.01,240.61,233.39,0.011084337349397622,0.00099620493358632,0.0001662717712100914,-0.027014632926168458
2018-12-25,168.37,211.11,240.71,,0.0031577693040991672,0.00047391118904327456,0.0004156103237604736,
2018-12-26,165.52,210.87,240.76,244.97,-0.016927005998693345,-0.0011368480886742027,0.00020771883178927197,
2018-12-27,166.9,211.33,241.82,247.09,0.008337361043982527,0.002181438801157176,0.0044027247051006135,0.008654120912764851
2018-12-28,165.91,210.64,240.33,246.82,-0.005931695626123501,-0.003265035726115695,-0.006161607807460001,-0.0010927192520944207
2018-12-31,165.46,210.48,239.89,248.95,-0.002712313905129271,-0.0007595898214963759,-0.001830815961386567,0.0086297706830889
2019-01-02,167.6,212.61,242.98,249.26,0.012933639550344322,0.010119726339794965,0.01288090374755102,0.0012452299658565202
2019-01-03,170.03,212.07,242.6,243.16,0.014498806682577525,-0.0025398617186398464,-0.0015639147254917773,-0.024472438417716402
2019-01-04,163.66,209.36,237.42,251.51,-0.03746397694524495,-0.012778799453010747,-0.021352019785655374,0.03433952952788277
2019-01-07,161.13,207.62,234.65,253.27,-0.015458878162043277,-0.00831104317921283,-0.011667087861174208,0.0069977336885214125
2019-01-08,158.45,206.51,233.34,255.73,-0.016632532737541172,-0.005346305750891123,-0.005582782868101432,0.00971295455442811
2019-01-09,156.08,204.79,230.52,256.86,-0.014957399810665684,-0.00832889448452856,-0.012085368989457446,0.004418722871778913
2019-01-10,156.13,205.58,231.75,258.02,0.0003203485392104799,0.003857610234874853,0.005335762623633444,0.004516078797788481
2019-01-11,157.32,205.99,232.31,257.98,0.007621853583552163,0.0019943574277654363,0.0024163969795036877,-0.0001550267421128737
2019-01-14,158.76,207.27,234.11,256.66,0.009153318077803174,0.00621389387834359,0.007748267401317177,-0.005116675711295371
2019-01-15,158.17,207.11,234.3,259.42,-0.0037163013353489482,-0.0007719399816663586,0.0008115842979796728,0.010753526065611974
2019-01-16,156.77,206.47,233.32,260.0,-0.008851236011885755,-0.003090145333397798,-0.00418267178830567,0.0022357566879962487
2019-01-17,155.14,205.85,232.43,262.0,-0.010397397461249125,-0.0030028575579987837,-0.0038145036859248416,0.007692307692307665
2019-01-18,151.72,204.25,230.22,265.46,-0.022044604873017848,-0.007772649987855207,-0.009508239039710875,0.01320610687022894
2019-01-21,151.98,204.28,230.26,,0.0017136831004480602,0.00014687882496944304,0.00017374685083826336,
2019-01-22,154.88,205.65,232.07,261.71,0.01908145808659034,0.006706481300176259,0.007860679232172263,
2019-01-23,154.64,205.68,231.78,262.29,-0.0015495867768595684,0.00014587892049600093,-0.001249622958589991,0.0022161934966185015
2019-01-24,156.04,207.09,233.61,262.66,0.009053285049146487,0.006855309218203098,0.007895418068858406,0.0014106523313890396
2019-01-25,152.95,205.51,230.99,264.9,-0.01980261471417588,-0.007629533053261972,-0.01121527331877914,0.008528135231858469
2019-01-28,155.21,206.15,231.92,262.82,0.01477607061131092,0.0031142036883851087,0.004026148318108991,-0.007852019630049
2019-01-29,155.6,206.34,231.97,262.44,0.0025127246955736204,0.0009216589861751334,0.0002155915833046418,-0.0014458564797199536
2019-01-30,154.29,205.59,231.09,266.55,-0.008419023136246762,-0.003634777551613788,-0.0037935939992239653,0.015660722450846043
2019-01-31,156.2,206.52,232.18,268.9,0.012379285760580672,0.004523566321319228,0.0047167770132849896,0.008816357156255838
2019-02-01,154.42,205.91,231.13,269.18,-0.011395646606914167,-0.002953709083866052,-0.004522353346541497,0.001041279285979968
2019-02-04,153.85,205.29,230.28,271.0,-0.0036912317057375965,-0.0030110242338886595,-0.003677584043611848,0.006761274983282606
2019-02-05,154.05,205.82,231.26,272.28,0.0012999675008125156,0.002581713673340147,0.004255688726767293,0.004723247232472305
2019-02-06,154.22,206.3,231.95,271.7,0.0011035378123984696,0.002332134875133729,0.002983654760875254,-0.00213016012927858
2019-02-07,157.14,207.72,234.62,269.2,0.01893399040331989,0.0068831798351913775,0.011511101530502277,-0.00920132499079862
2019-02-08,158.63,208.75,236.26,269.47,0.009481990581647004,0.004958598112844159,0.006990026425709672,0.0010029717682022987
2019-02-11,157.35,209.05,236.28,269.67,-0.008069091596797584,0.0014371257485030764,8.465250148148584e-05,0.000742197647233489
2019-02-12,155.79,207.77,234.65,273.16,-0.009914204003813154,-0.006122937096388448,-0.006898594887421727,0.012941743612563616
2019-02-13,154.92,207.85,234.29,274.01,-0.005584440593106144,0.0003850411512729135,-0.0015341998721500882,0.003111729389368767
2019-02-14,155.75,208.73,235.92,273.38,0.00535760392460638,0.004233822468125981,0.006957189807503594,-0.0022991861610890396
2019-02-15,154.97,208.32,235.36,276.37,-0.005008025682182948,-0.0019642600488669615,-0.0023736859952525613,0.010937157070744163
2019-02-18,154.99,208.23,235.16,,0.00012905723688461102,-0.000432027649769573,-0.0008497620666214623,
2019-02-19,156.11,208.52,235.99,276.81,0.007226272662752553,0.0013926907746242279,0.0035295118217384402,
2019-02-20,155.95,208.71,236.46,277.35,-0.001024918326820945,0.0009111835795128087,0.0019916098139751703,0.0019507965752683099
2019-02-21,154.74,207.88,234.89,276.4,-0.007758897082398075,-0.003976809927650815,-0.0066396007781444055,-0.003425274923382182
2019-02-22,155.9,208.7,236.38,278.18,0.0074964456507689015,0.003944583413507674,0.006343394780535583,0.006439942112880015
2019-02-25,156.35,209.05,237.08,278.56,0.0028864656831302238,0.0016770483948251869,0.0029613334461460195,0.0013660220001436851
2019-02-26,156.78,209.08,237.18,278.34,0.002750239846498248,0.00014350633819670833,0.00042179854901291947,-0.0007897759908099822
2019-02-27,154.5,207.66,234.92,278.23,-0.014542671259089146,-0.006791658695236347,-0.009528628046209686,-0.0003952001149671869
2019-02-28,152.93,207.39,234.04,277.53,-0.010161812297734607,-0.0013002022536839908,-0.0037459560701514905,-0.002515904108112199
2019-03-01,151.87,207.44,233.91,279.46,-0.006931275747073862,0.00024109166305041896,-0.0005554606050247601,0.006954203149209137
2019-03-04,151.55,208.15,235.16,278.38,-0.002107065253177054,0.0034226764365599127,0.005343935701765723,-0.0038645960065840645
2019-03-05,151.57,208.11,235.14,278.08,0.00013196964698103386,-0.00019216910881569849,-8.504847763224355e-05,-0.0010776636252605165
2019-03-06,153.53,209.61,237.57,276.28,0.012931318862571706,0.007207726683004179,0.010334268946159852,-0.006472957422324566
2019-03-07,155.36,212.11,241.59,274.09,0.011919494561323685,0.0119269118839751,0.016921328450562045,-0.00792674098740409
2019-03-08,155.18,210.89,239.52,273.53,-0.0011585993820804052,-0.005751732591580017,-0.008568235440208571,-0.0020431245211427473
2019-03-11,156.21,211.75,241.26,277.55,0.0066374532800619335,0.004077955332163707,0.007264529058116143,0.014696742587650524
2019-03-12,156.4,210.99,239.96,278.38,0.001216311375712209,-0.0035891381345926066,-0.005388377683826495,0.002990452170779978
2019-03-13,156.08,210.52,239.62,280.33,-0.002046035805626567,-0.002227593724821064,-0.0014169028171362452,0.007004813564192691
2019-03-14,155.43,210.82,240.09,280.18,-0.004164531009738681,0.0014250427512825237,0.00196143894499623,-0.0005350836514107504
2019-03-15,156.89,210.83,240.32,281.59,0.009393296017499608,4.743382980754163e-05,0.0009579740930483194,0.005032479120565148
2019-03-18,157.14,211.45,241.27,282.64,0.0015934731340430108,0.0029407579566473885,0.0039530625832224775,0.003728825597499874
2019-03-19,157.27,211.27,240.97,282.61,0.0008272877688686453,-0.0008512650744856298,-0.0012434202345920076,-0.00010614208887615995
2019-03-20,156.93,210.76,240.44,281.79,-0.0021618872003561496,-0.002413972641643447,-0.0021994439141801436,-0.002901525069884281
2019-03-21,158.62,212.09,243.13,284.86,0.010769132734340214,0.006310495350161371,0.01118782232573623,0.01089463785088185
2019-03-22,160.12,212.41,243.26,279.48,0.009456562854621042,0.00150879343674859,0.0005346933739152071,-0.018886470546935374
2019-03-25,160.95,212.22,243.47,279.27,0.005183612290781792,-0.0008944964926321797,0.000863273863356051,-0.0007513954486905172
2019-03-26,160.45,212.71,244.22,281.27,-0.003106554830692776,0.0023089247007821445,0.0030804616585204947,0.007161528270132944
2019-03-27,161.86,213.89,246.14,279.97,0.008787784356497408,0.005547458981712161,0.007861763983293635,-0.004621893554236034
2019-03-28,161.05,213.9,246.21,281.02,-0.005004324725071063,4.675300388057302e-05,0.000284390996993622,0.0037504018287672913
2019-03-29,161.66,214.54,246.81,282.92,0.0037876435889474536,0.002992052360916153,0.0024369440721334623,0.006761084620311886
2019-04-01,162.03,214.58,246.75,286.2,0.0022887541754299523,0.0001864454181039754,-0.00024310198128119076,0.011593383288561965
2019-04-02,163.67,215.5,248.53,286.22,0.01012158242300809,0.004287445241867749,0.007213779128672826,6.9881201956834e-05
2019-04-03,163.53,214.43,246.33,286.83,-0.0008553797275003827,-0.004965197215777262,-0.008852050054319327,0.0021312277269232016
2019-04-04,163.24,214.39,246.28,287.49,-0.0017733749159175582,-0.00018654106235149737,-0.0002029797426217339,0.0023010145382282854
2019-04-05,164.23,214.95,247.48,288.83,0.006064690026954089,0.002612062129763615,0.004872502842293347,0.004661031688058648
2019-04-08,164.73,214.85,247.43,289.14,0.003044510747122864,-0.00046522447080710183,-0.00020203652820427465,0.001073295710279476
2019-04-09,164.14,214.55,246.87,287.47,-0.003581618405876341,-0.0013963230160576323,-0.0022632663783695994,-0.005775748772220979
2019-04-10,166.37,215.58,249.03,288.49,0.013585963202144669,0.004800745746912138,0.008749544294567979,0.003548196333530429
2019-04-11,165.37,215.77,249.16,288.51,-0.006010699044298851,0.0008813433528156445,0.0005220254587801065,6.932649311930383e-05
2019-04-12,164.62,214.95,247.61,290.45,-0.004535284513515148,-0.0038003429577792014,-0.006220902231497738,0.0067242036671173455
2019-04-15,164.01,214.58,246.86,290.27,-0.0037055035840117823,-0.001721330541986421,-0.0030289568272686695,-0.000619728008263043
2019-04-16,164.7,215.45,248.29,290.42,0.004207060545088792,0.0040544319135054074,0.005792757028274975,0.0005167602576912067
2019-04-17,164.74,215.81,248.87,289.79,0.00024286581663646167,0.0016709213274541668,0.0023359780901366367,-0.0021692720886991035
2019-04-18,166.82,217.23,251.42,290.25,0.012625956051960596,0.006579861915573915,0.01024631333628001,0.0015873563615029784
2019-04-19,167.12,217.19,251.42,,0.0017983455221197708,-0.00018413662937899478,0.0,
2019-04-22,167.33,217.28,251.48,290.55,0.0012565820966969898,0.0004143837193240074,0.00023864449924437814,
2019-04-23,169.78,218.5,254.23,293.13,0.01464172593079538,0.005614874815905724,0.01093526324160976,0.008879710893133552
2019-04-24,173.07,220.73,258.16,292.49,0.0193780186123218,0.01020594965675059,0.015458443142036815,-0.0021833316276054227
2019-04-25,171.37,219.87,256.27,292.38,-0.00982261512682725,-0.0038961627327503967,-0.007321041214750745,-0.00037608123354648804
2019-04-26,170.99,220.01,256.36,293.76,-0.0022174242866311866,0.0006367398917541678,0.0003511921020800113,0.0047198850810588056
2019-04-29,170.55,220.19,256.61,294.09,-0.002573249897654839,0.0008181446297896855,0.0009751911374629163,0.001123366013071836
2019-04-30,170.78,220.42,257.2,294.38,0.0013485781295807797,0.0010445524319904198,0.002299208916254125,0.000986092692713214
2019-05-01,171.18,220.22,256.74,292.17,0.0023421946363744173,-0.0009073586788856947,-0.0017884914463451862,-0.00750730348529105
2019-05-02,169.53,219.08,254.16,291.56,-0.009638976515948139,-0.00517664154027786,-0.010049076887123198,-0.0020878255809974045
2019-05-03,170.12,219.83,256.0,294.4,0.003480209992331673,0.0034234069746210682,0.007239534151715521,0.009740705172177178
2019-05-06,169.55,219.16,255.33,293.11,-0.0033505760639548354,-0.0030478096711095137,-0.002617187499999951,-0.0043817934782607315
2019-05-07,167.35,217.72,252.98,288.27,-0.012975523444411774,-0.006570542069720742,-0.009203775506207768,-0.016512572071918474
2019-05-08,167.54,217.72,252.73,287.82,0.0011353450851507851,0.0,-0.0009882204126808736,-0.0015610365282546779
2019-05-09,165.29,216.41,250.99,287.05,-0.013429628745374234,-0.00601690244350539,-0.006884817789736042,-0.0026752831630879603
2019-05-10,165.93,217.01,251.94,288.22,0.0038719825760784587,0.0027725151333117815,0.0037850113550339515,0.004075944957324662
2019-05-13,162.92,215.49,249.99,281.27,-0.01814017959380476,-0.007004285516796327,-0.007739938080495334,-0.02411352439109027
2019-05-14,163.74,215.4,249.26,283.56,0.005033145101890568,-0.00041765279131278366,-0.0029201168046723014,0.008141643260923814
2019-05-15,166.11,217.05,252.09,285.27,0.014474166361304608,0.0076601671309193264,0.011353606675760242,0.006030469741853395
2019-05-16,168.65,218.63,254.29,287.89,0.01529107218108483,0.0072794287030637506,0.008727041929469603,0.009184281557822471
2019-05-17,169.32,219.38,255.71,286.24,0.003972724577527398,0.003430453277226464,0.005584175547603154,-0.00573135572614536
2019-05-20,166.24,217.57,252.83,284.31,-0.01819040869359778,-0.008250524204576504,-0.01126275859371939,-0.006742593627725002
2019-05-21,167.81,217.86,253.04,286.74,0.009444177093358874,0.0013329043526222328,0.0008305976347742217,0.008547008547008517
2019-05-22,167.71,218.4,254.35,285.93,-0.000595912043382385,0.0024786560176259798,0.005177047107176813,-0.0028248587570621764
2019-05-23,164.37,217.32,253.37,282.56,-0.019915330033987266,-0.0049450549450550385,-0.003852958521721961,-0.011786101493372558
2019-05-24,163.48,216.64,251.95,282.98,-0.005414613372270005,-0.003129026320633166,-0.005604451987212489,0.001486409966025004
2019-05-27,163.8,217.01,252.37,,0.0019574259848300635,0.0017079025110782187,0.0016669974201231064,
2019-05-28,164.69,217.03,252.66,280.61,0.005433455433455414,9.2161651536804e-05,0.0011491064706581344,
2019-05-29,164.1,216.45,252.39,278.68,-0.0035824883113728667,-0.002672441597935782,-0.0010686297791498989,-0.006877873204803819
2019-05-30,162.25,215.69,250.95,279.3,-0.011273613650213288,-0.0035112035112034867,-0.005705455842149099,0.0022247739342615702
2019-05-31,158.32,215.28,250.83,275.67,-0.024221879815100156,-0.0019008762575919436,-0.0004781829049610442,-0.012996777658431768
2019-06-03,155.84,214.69,249.75,274.91,-0.015664477008590083,-0.0027406168710516488,-0.0043057050592034685,-0.002756919505205513
2019-06-04,156.63,214.9,249.03,280.82,0.0050693018480492125,0.0009781545484186527,-0.0028828828828828534,0.02149794478192857
2019-06-05,158.37,217.01,252.53,283.15,0.011108982953457192,0.009818520241972939,0.01405453158254022,0.008297129834057282
2019-06-06,157.17,216.56,251.91,284.96,-0.007577192650123243,-0.002073637159577868,-0.0024551538431077935,0.006392371534522434
2019-06-07,157.92,217.72,253.62,287.98,0.004771903034930247,0.005356483191725214,0.0067881386209360794,0.010597978663672292
2019-06-10,159.44,217.72,253.25,289.32,0.009625126646403359,0.0,-0.0014588754830060502,0.004653100909785213
2019-06-11,159.97,217.72,253.25,289.24,0.0033241344706471665,0.0,0.0,-0.00027651043826903976
2019-06-12,160.04,218.21,254.4,288.65,0.00043758204663379985,0.002250597097189111,0.004540967423494635,-0.002039828516111286
2019-06-13,161.66,219.31,256.42,289.92,0.010122469382654264,0.005041015535493409,0.007940251572327028,0.00439979213580477
2019-06-14,164.39,220.28,258.52,289.49,0.016887294321415336,0.00442296292918698,0.0081896887918258,-0.001483167770419458
2019-06-17,163.85,219.86,257.96,289.76,-0.003284871342539075,-0.0019066642455056737,-0.0021661766981277975,0.0009326747037894378
2019-06-18,166.04,222.63,261.96,292.59,0.013365883429966363,0.012598926589647785,0.015506280043417586,0.009766703478740979
2019-06-19,164.22,222.47,261.56,293.46,-0.010961214165261302,-0.0007186812199613257,-0.0015269506794929333,0.0029734440684918706
2019-06-20,164.52,222.91,262.51,296.27,0.001826817683595161,0.001977794758843965,0.0036320538308609596,0.009575410618142266
2019-06-21,162.74,221.71,260.22,295.91,-0.01081935327011918,-0.005383338567134688,-0.008723477200868412,-0.001215107840820684
2019-06-24,162.36,221.28,259.55,295.4,-0.0023350129040186074,-0.0019394704794551965,-0.0025747444470064496,-0.001723497009225916
2019-06-25,163.02,221.04,259.03,292.6,0.004065040650406582,-0.0010845986984816536,-0.0020034675399731583,-0.009478672985781866
2019-06-26,159.74,219.78,256.54,292.24,-0.020120230646546444,-0.005700325732899025,-0.009612786163764597,-0.0012303485987696927
2019-06-27,159.36,220.2,257.34,293.4,-0.0023788656566920974,0.0019110019110017973,0.0031184220784281624,0.003969340268272559
2019-06-28,158.98,220.56,257.72,295.1,-0.002384538152610638,0.0016348773841963204,0.0014766456827546293,0.005794137695978252
2019-07-01,158.6,222.62,261.41,297.37,-0.002390237765756642,0.009339862169024382,0.014317864348905696,0.007692307692307665
2019-07-02,161.61,224.73,265.21,298.25,0.018978562421185563,0.00947803431856964,0.014536551776902051,0.0029592763224266516
2019-07-03,162.78,226.27,267.95,300.61,0.00723965101169477,0.006852667645619315,0.010331435466234273,0.007912824811399988
2019-07-04,163.0,226.55,268.2,,0.0013515173854281581,0.0012374596720732267,0.0009330098899047456,
2019-07-05,161.75,224.74,264.56,300.1,-0.0076687116564416735,-0.007989406312072345,-0.013571961222967888,
2019-07-08,161.64,224.89,264.84,298.65,-0.0006800618238022027,0.0006674379282725074,0.0010583610523131615,-0.004831722759080503
2019-07-09,160.82,224.15,263.69,299.11,-0.005073001732244453,-0.0032904975765929434,-0.004342244373961579,0.0015402645236901602
2019-07-10,159.9,223.11,261.78,300.46,-0.005720681507275116,-0.004639750167298673,-0.0072433539383367496,0.00451338972284443
2019-07-11,159.15,221.94,259.72,301.15,-0.004690431519699834,-0.005244050020169477,-0.007869203147681025,0.0022964787326100744
2019-07-12,159.08,221.32,258.5,302.57,-0.00043983663210800383,-0.002793547805713281,-0.00469736639457885,0.004715258176988257
2019-07-15,159.47,222.44,260.35,302.62,0.0024515966809151024,0.005060545816013118,0.007156673114119938,0.00016525101629372152
2019-07-16,159.97,223.06,261.34,301.6,0.0031353859660123717,0.0027872684768925904,0.003802573458805192,-0.0033705637433083524
2019-07-17,160.51,224.03,262.81,299.64,0.003375632931174488,0.004348605756298696,0.0056248565087626545,-0.006498673740053196
2019-07-18,160.11,224.28,263.45,300.74,-0.002492056569683987,0.0011159219747354232,0.002435219359993912,0.0036710719530104186
2019-07-19,160.02,224.26,263.2,298.89,-0.0005621135469364713,-8.917424647769678e-05,-0.0009489466691972037,-0.006151492983972995
2019-07-22,159.97,225.1,264.83,299.75,-0.0003124609423822422,0.0037456523677874554,0.006193009118540926,0.002877312723744474
2019-07-23,161.09,226.23,266.38,301.81,0.007001312746139909,0.0050199911150599075,0.00585281123739767,0.00687239366138459
2019-07-24,162.31,227.03,268.13,303.23,0.007573406170463759,0.003536224196614146,0.0065695622794503805,0.004704946820847544
2019-07-25,161.3,226.36,266.87,301.64,-0.006222660341322128,-0.002951151830154597,-0.004699213068287689,-0.00524354450417186
2019-07-26,162.13,227.19,268.57,303.87,0.005145691258524376,0.0036667255698885626,0.006370142766140674,0.0073929187110464145
2019-07-29,163.79,228.2,270.57,303.38,0.010238697341639513,0.004445618205026536,0.007446848121532623,-0.0016125316747293006
2019-07-30,163.53,227.83,269.79,302.63,-0.0015873984980767641,-0.0016213847502190015,-0.00288280297150445,-0.0024721471421979
2019-07-31,163.38,228.4,270.15,299.34,-0.0009172628875435684,0.0025018654259754136,0.001334371177582394,-0.01087136106797082
2019-08-01,166.17,229.54,272.75,296.68,0.01707675358060956,0.004991243432574288,0.009624282805848594,-0.008886216342620323
2019-08-02,166.89,229.01,273.02,294.54,0.004332912077992468,-0.0023089657576021994,0.0009899175068743826,-0.0072131589591478695
2019-08-05,167.3,228.03,272.24,285.79,0.002456708011264963,-0.00427928911401243,-0.0028569335579810007,-0.029707340259387482
2019-08-06,166.77,227.89,273.07,289.53,-0.003167961745367598,-0.0006139543042582574,0.0030487804878047697,0.013086532069001455
2019-08-07,171.18,230.28,278.41,289.76,0.026443604964921708,0.010487515906797196,0.019555425348811717,0.0007943909094050294
2019-08-08,171.53,229.91,276.69,295.27,0.002044631382170703,-0.0016067396213306218,-0.0061779390108115395,0.019015737161788948
2019-08-09,171.71,228.85,275.16,293.36,0.0010493791173555866,-0.004610499760775988,-0.005529654125555616,-0.006468655806549872
2019-08-12,172.26,230.18,278.01,289.84,0.0032030749519538215,0.005811667030806156,0.010357610117749605,-0.011998909190073737
2019-08-13,170.37,229.99,277.02,294.2,-0.01097178683385569,-0.0008254409592493017,-0.0035610229847847785,0.0150427822246757
2019-08-14,170.98,230.45,279.39,285.66,0.003580442566179398,0.002000086960302516,0.008555338964695736,-0.029027872195785065
2019-08-15,172.15,231.35,281.43,286.42,0.006842905602994609,0.0039054024734215265,0.00730162138945567,0.002660505496044241
2019-08-16,172.42,231.5,280.77,290.6,0.001568399651466601,0.0006483682731792673,-0.0023451657605799703,0.014593952936247545
2019-08-19,170.28,231.89,280.29,294.14,-0.012411553184085267,0.0016846652267819007,-0.0017095843573029512,0.012181693048864295
2019-08-20,170.77,232.12,281.01,291.83,0.0028776133427297346,0.000991849583854565,0.002568768061650406,-0.007853403141361293
2019-08-21,170.67,231.76,280.43,294.25,-0.0005855829478247365,-0.0015509219369291838,-0.0020639834881320818,0.00829249905767071
2019-08-22,169.63,231.39,279.18,294.11,-0.006093630983769804,-0.0015964791163272096,-0.004457440359447951,-0.0004757858963465589
2019-08-23,172.72,232.02,281.01,286.48,0.018216117432058088,0.002722676001555957,0.0065549108102298526,-0.025942674509537245
2019-08-26,173.22,232.59,281.69,289.66,0.002894858730893901,0.002456684768554318,0.002419842710223774,0.011100251326445099
2019-08-27,174.34,233.63,284.34,288.73,0.006465766077820234,0.004471387419923367,0.00940750470375229,-0.003210660774701446
2019-08-28,174.6,234.43,285.76,290.63,0.0014913387633359587,0.0034242177802508156,0.004994021242174851,0.006580542375229426
2019-08-29,172.38,234.91,285.69,294.37,-0.01271477663230236,0.0020475195154203707,-0.0002449608062710107,0.012868595809104377
2019-08-30,173.31,236.11,287.76,294.6,0.005395057431256456,0.0051083393640118935,0.007245615877349509,0.0007813296191867547
2019-09-02,172.93,236.43,288.49,,-0.002192602850383696,0.001355300495531786,0.002536836252432728,
2019-09-03,176.13,237.19,290.73,292.59,0.01850459723587572,0.0032144820877215707,0.007764567229366692,
2019-09-04,172.07,234.69,285.67,295.79,-0.02305115539658209,-0.010540073358910607,-0.017404464623533844,0.010936805769165225
2019-09-05,166.59,232.01,279.68,299.7,-0.031847503922822096,-0.011419319101793834,-0.02096825007876224,0.013218837688900864
2019-09-06,164.52,231.9,279.47,299.99,-0.012425715829281425,-0.0004741174949355331,-0.0007508581235696754,0.0009676343009676902
2019-09-09,161.9,230.14,275.74,299.98,-0.01592511548747877,-0.0075894782233721925,-0.013346691952624723,-3.3334444481503134e-05
2019-09-10,159.75,228.22,271.77,300.09,-0.01327980234712789,-0.008342747892587044,-0.014397620947269263,0.0003666911127406802
2019-09-11,159.41,228.43,272.49,302.27,-0.0021283255086071984,0.0009201647533081392,0.0026492990396291827,0.007264487320470581
2019-09-12,156.91,227.12,270.26,303.19,-0.015682830437237283,-0.00573479840651403,-0.008183786560974737,0.00304363648393835
2019-09-13,153.12,224.59,265.24,303.06,-0.024153973615448243,-0.011139485734413479,-0.018574705838821814,-0.0004287740360829906
2019-09-16,152.16,224.57,265.39,302.11,-0.006269592476489061,-8.905115989144008e-05,0.0005655255617553756,-0.0031346928001055874
2019-09-17,153.39,225.0,266.45,302.9,0.008083596214510935,0.0019147704501938367,0.003994121858396982,0.0026149415775709173
2019-09-18,154.71,226.29,268.67,303.0,0.008605515353021786,0.005733333333333368,0.00833176956276982,0.0003301419610433065
2019-09-19,155.64,226.98,269.82,303.02,0.006011246848943053,0.0030491846745326345,0.004280343916328588,6.600660065991804e-05
2019-09-20,157.38,227.72,271.11,301.56,0.011179645335389399,0.0032601991364877847,0.00478096508783632,-0.0048181638175697206
2019-09-23,158.87,228.43,272.61,301.53,0.009467530817130587,0.0031178640435622906,0.005532809560695018,-9.948269001203158e-05
2019-09-24,159.03,228.15,272.36,299.01,0.0010071127336817032,-0.0012257584380335196,-0.0009170610028979009,-0.008357377375385444
2019-09-25,159.84,227.96,271.98,300.85,0.005093378607809784,-0.0008327854481700037,-0.0013952122191217553,0.0061536403464768075
2019-09-26,160.0,228.78,273.56,300.14,0.0010010010010010895,0.003597122302158251,0.005809250680196998,-0.0023599800565067275
2019-09-27,160.36,228.87,273.28,298.59,0.0022500000000000853,0.0003933910306845867,-0.0010235414534289777,-0.005164256680215917
2019-09-30,159.96,228.57,272.61,300.11,-0.00249438762783738,-0.0013107877834579451,-0.0024516978922715094,0.005090592451187481
2019-10-01,160.23,227.55,271.28,296.45,0.0016879219804950552,-0.004462527890799262,-0.004878764535417024,-0.012195528306287784
2019-10-02,159.75,225.86,268.7,291.14,-0.002995693690320156,-0.007426939134256183,-0.009510468888233481,-0.01791195817169844
2019-10-03,160.01,225.78,268.9,293.53,0.0016275430359937726,-0.0003542017178783663,0.0007443245254930009,0.00820910901971561
2019-10-04,160.33,226.73,270.57,297.71,0.0019998750078120686,0.004207635751616534,0.006210487169951762,0.014240452423943006
2019-10-07,160.71,227.22,270.97,296.38,0.0023701116447327752,0.0021611608521148185,0.0014783604982075982,-0.004467434751939781
2019-10-08,160.35,226.86,270.97,291.77,-0.0022400597349263585,-0.0015843675732769569,0.0,-0.01555435589445986
2019-10-09,160.35,226.65,270.24,294.52,0.0,-0.0009256810367628265,-0.002694025168837988,0.00942523220344782
2019-10-10,159.16,225.35,267.06,296.42,-0.00742126598066728,-0.005735715861460489,-0.011767317939609279,0.006451174792883485
2019-10-11,157.17,223.33,262.23,299.69,-0.012503141492837488,-0.00896383403594403,-0.018085823410469493,0.011031644288509446
2019-10-14,158.63,223.81,263.24,299.27,0.009289304574664481,0.002149285810235879,0.00385158067345448,-0.0014014481631019482
2019-10-15,158.67,223.99,263.1,302.25,0.00025215911239984123,0.0008042536079710949,-0.0005318340677707978,0.009957563404283887
2019-10-16,158.89,224.29,263.48,301.67,0.001386525493161983,0.001339345506495837,0.0014443177499050552,-0.001918941273779895
2019-10-17,156.9,223.16,261.44,302.52,-0.012524387941342918,-0.005038120290695058,-0.0077425231516624615,0.0028176484237742994
2019-10-18,155.88,221.55,258.77,301.34,-0.006500956022944648,-0.007214554579673682,-0.010212668298653638,-0.003900568557450801
2019-10-21,155.76,221.67,259.09,303.42,-0.0007698229407236967,0.0005416384563303733,0.0012366193917379142,0.006902502157032142
2019-10-22,156.13,222.26,259.99,302.35,0.002375449409347752,0.002661614111066024,0.0034736963989348,-0.0035264649660535774
2019-10-23,156.24,222.65,260.62,303.22,0.0007045410875552438,0.0017547017007109034,0.00242317012192772,0.002877459897469903
2019-10-24,157.19,223.92,262.66,303.81,0.006080389144905274,0.005704019761958223,0.007827488297137641,0.001945781940505098
2019-10-25,157.42,224.15,262.88,305.05,0.0014631974044150287,0.0010271525544838234,0.0008375847102717326,0.004081498304861597
2019-10-28,156.81,223.56,261.91,306.75,-0.0038749841189174017,-0.0026321659602944747,-0.0036898965307363696,0.005572856908703461
2019-10-29,155.82,222.97,260.8,306.5,-0.006313372871628142,-0.0026391125424941597,-0.004238097056240786,-0.0008149959250203231
2019-10-30,155.2,222.83,260.79,307.52,-0.003978950070594345,-0.0006278871597075186,-3.834355828213898e-05,0.0033278955954323397
2019-10-31,155.16,223.12,261.31,306.61,-0.0002577319587628857,0.001301440560068201,0.0019939414854863724,-0.002959157127991552
2019-11-01,155.38,223.15,261.21,309.6,0.00141789120907454,0.0001344567945500419,-0.0003826872297272299,0.009751801963406415
2019-11-04,155.97,223.81,261.87,310.75,0.0037971424893807892,0.002957651803719541,0.0025267026530377823,0.0037144702842375477
2019-11-05,155.2,223.3,260.45,310.39,-0.00493684682951856,-0.00227871855591788,-0.0054225379004850804,-0.0011584875301690056
2019-11-06,155.28,223.4,261.01,310.63,0.0005154639175257714,0.0004478280340349805,0.0021501247840276516,0.0007732207867521268
2019-11-07,155.37,223.02,260.14,311.62,0.0005795981452858534,-0.0017009847806624956,-0.003333205624305613,0.0031870714354698126
2019-11-08,155.23,222.7,259.63,312.48,-0.0009010748535753788,-0.0014348488924761371,-0.0019604828169447197,0.002759771516590792
2019-11-11,154.53,222.26,258.65,311.86,-0.004509437608709588,-0.0019757521329142325,-0.003774602318684317,-0.001984126984126977
2019-11-12,154.65,222.97,259.84,312.37,0.000776548243059727,0.003194456942319901,0.004600811907983671,0.0016353491951517363
2019-11-13,153.11,222.61,259.24,312.6,-0.009957969608794026,-0.001614566982105159,-0.002309113300492438,0.0007363063034222517
2019-11-14,153.33,222.91,260.15,312.94,0.0014368754490234892,0.0013476483536227768,0.0035102607622279347,0.0010876519513753902
2019-11-15,154.86,223.43,260.93,315.4,0.009978477792995433,0.0023327800457584313,0.0029982702287143503,0.007860931808014282
2019-11-18,154.0,223.72,261.49,315.57,-0.005553403073744079,0.0012979456653090526,0.002146169470739201,0.0005389980976537867
2019-11-19,152.59,223.86,261.58,315.4,-0.00915584415584414,0.0006257822277848657,0.00034418142185166367,-0.000538707735209365
2019-11-20,152.66,223.5,261.07,314.28,0.00045874565830006375,-0.0016081479496113937,-0.0019496903432983936,-0.0035510462904249085
2019-11-21,153.65,223.01,260.26,313.8,0.006484999344949616,-0.0021923937360179835,-0.0031026161565863575,-0.0015273004963725079
2019-11-22,153.9,223.27,260.66,314.48,0.0016270745200130943,0.0011658670014798034,0.001536924613847912,0.0021669853409815865
2019-11-25,154.79,224.81,263.45,316.88,0.005782975958414482,0.0068974783893940295,0.010703598557507688,0.007631645891630567
2019-11-26,154.27,225.82,264.91,317.59,-0.0033593901414818994,0.0044926827098439315,0.005541848548111794,0.0022405958091389344
2019-11-27,154.95,226.16,265.77,318.95,0.004407856355739703,0.001505623948277357,0.003246385564908749,0.004282250700588852
2019-11-28,154.8,225.98,265.58,,-0.0009680542110356294,-0.0007958967102936754,-0.0007149038642435546,
2019-11-29,152.78,225.07,263.47,317.74,-0.013049095607235217,-0.0040269050358439085,-0.007944875367120852,
2019-12-02,150.88,221.84,257.61,315.01,-0.012436182746432767,-0.014351090771759889,-0.022241621436975834,-0.008591930509221468
2019-12-03,147.88,221.04,256.57,312.93,-0.01988335100742311,-0.0036062026685900195,-0.004037110360622709,-0.006602964985238491
2019-12-04,149.77,221.36,257.27,314.94,0.012780632945631698,0.001447701773434673,0.0027283002689324487,0.006423161729460336
2019-12-05,150.3,221.23,257.07,315.5,0.0035387594311278026,-0.0005872786411277309,-0.0007773933999299931,0.0017781164666286209
2019-12-06,154.2,222.57,259.35,318.4,0.025948103792414967,0.006057044704605996,0.008869179600887067,0.009191759112519682
2019-12-09,154.0,222.41,259.25,317.42,-0.0012970168612190802,-0.0007188749606864553,-0.0003855793329478052,-0.003077889447236082
2019-12-10,154.01,222.17,258.76,317.08,6.493506493510104e-05,-0.0010790881704959565,-0.0018900675024108304,-0.001071136034276443
2019-12-11,152.16,222.76,259.48,318.01,-0.012012206999545416,0.00265562407165687,0.0027825011593756166,0.002933013750473057
2019-12-12,154.83,222.64,259.46,320.78,0.01754731861198744,-0.0005386963548213997,-7.707723138594691e-05,0.008710417911386381
2019-12-13,155.77,223.85,261.95,320.86,0.006071174836917992,0.005434782608695787,0.009596855006552163,0.00024939210673990964
2019-12-16,157.21,224.41,262.76,323.16,0.009244398793092357,0.0025016752289479527,0.0030921931666347824,0.007168235367450038
2019-12-17,156.48,224.52,262.45,323.27,-0.004643470517142756,0.0004901742346599125,-0.0011797838331557564,0.0003403886619630647
2019-12-18,156.82,223.88,261.41,323.16,0.0021728016359918723,-0.0028505255656512407,-0.003962659554200609,-0.00034027283694726407
2019-12-19,156.52,223.38,260.61,324.62,-0.0019130212983037298,-0.00223333928890479,-0.0030603266898742154,0.004517885876965
2019-12-20,157.75,223.46,260.87,326.24,0.007858420649118347,0.00035813412122842614,0.0009976593377076792,0.004990450372743593
2019-12-23,157.19,223.67,261.37,326.52,-0.003549920760697267,0.0009397655061307297,0.001916663472227631,0.0008582638548306765
2019-12-24,156.84,224.25,262.39,326.48,-0.0022266047458489036,0.002593105914963978,0.0039025136779278213,-0.00012250398137925167
2019-12-25,156.73,224.25,262.39,,-0.0007013516959960553,0.0,0.0,
2019-12-26,156.7,224.59,263.02,328.19,-0.0001914119823901439,0.0015161649944259725,0.0024010061359045487,
2019-12-27,156.61,225.26,264.44,328.2,-0.0005743458838542992,0.002983213856360356,0.005398828986388882,3.047015448376378e-05
2019-12-30,155.64,223.93,262.24,326.35,-0.0061937296468936864,-0.005904288377874378,-0.008319467554076532,-0.005636806825106588
2019-12-31,155.49,223.65,262.02,327.33,-0.0009637625289127261,-0.0012503907471085318,-0.000838926174496768,0.003002910985138607
2020-01-02,155.69,225.53,264.82,330.12,0.0012862563508906355,0.008405991504583099,0.010686207159758876,0.008523508386032441
2020-01-03,153.16,225.56,264.63,327.82,-0.016250240863253884,0.00013301999733950076,-0.0007174684691488853,-0.006967163455713132
2020-01-06,152.89,225.3,264.49,328.98,-0.001762862366153084,-0.0011526866465685348,-0.0005290405471790605,0.0035385272405588086
2020-01-07,152.31,225.93,264.98,328.09,-0.0037935770815618053,0.002796271637816261,0.0018526220272978566,-0.0027053316311023146
2020-01-08,152.53,225.06,264.13,329.71,0.0014444225592542548,-0.0038507502323729126,-0.0032077892671146246,0.0049376695418938965
2020-01-09,153.37,226.17,265.51,331.99,0.0055071133547499596,0.004932018128499083,0.00522469995835384,0.006915167874799177
2020-01-10,153.72,226.37,265.89,331.04,0.002282062984938271,0.0008842905778838617,0.0014312078641105508,-0.0028615319738546363
2020-01-13,153.37,226.33,266.04,333.35,-0.0022768670309653016,-0.0001767018597870207,0.0005641430666818437,0.006978008699854987
2020-01-14,153.61,227.08,267.1,332.88,0.0015648431896722048,0.003313745415985503,0.003984363253646039,-0.0014099295035249204
2020-01-15,153.08,227.47,267.93,333.51,-0.003450296204674186,0.0017174564030297823,0.003107450393111222,0.0018925739005046793
2020-01-16,154.41,228.53,269.62,336.31,0.008688267572511066,0.004659955158922147,0.006307617661329479,0.008395550358310189
2020-01-17,155.36,230.07,272.0,337.62,0.006152451266109749,0.0067387213932526,0.008827238335435084,0.003895215723588308
2020-01-20,155.32,230.25,272.15,,-0.0002574665293513245,0.0007823705828660099,0.0005514705882352366,
2020-01-21,152.89,229.44,270.59,336.73,-0.0156451197527685,-0.003517915309446229,-0.005732133014881513,
2020-01-22,152.15,229.52,271.16,336.84,-0.004840081104061644,0.0003486750348675738,0.002106508001034957,0.0003266712202654176
2020-01-23,150.13,228.28,269.15,337.25,-0.013276372001314596,-0.0054025792959219165,-0.007412597728278736,0.0012171951074695375
2020-01-24,148.99,229.08,270.23,334.21,-0.007593419036834637,0.0035044681969511604,0.004012632361137136,-0.00901408450704233
2020-01-27,143.85,225.78,265.06,328.95,-0.03449895966172234,-0.014405447878470423,-0.019131850645746296,-0.015738607462373877
2020-01-28,144.56,226.15,265.34,332.26,0.004935696906499976,0.0016387633979981775,0.001056364596695003,0.010062319501443984
2020-01-29,144.43,227.58,267.3,331.98,-0.0008992805755395628,0.006323236789741449,0.007386749076656596,-0.0008427135375909112
2020-01-30,142.53,227.28,267.27,333.07,-0.013155161670013182,-0.0013182177695756359,-0.00011223344556687831,0.003283330321103506
2020-01-31,139.8,225.51,264.35,327.2,-0.019153862344769457,-0.00778775079197469,-0.010925281550491883,-0.017623922899090316
2020-02-03,139.3,226.42,265.85,329.58,-0.003576537911301858,0.004035297769500179,0.005674295441649324,0.007273838630806884
2020-02-04,141.19,227.53,267.41,334.52,0.013567839195979703,0.004902393781468062,0.005867970660146771,0.014988773590630444
2020-02-05,142.66,228.29,268.06,338.29,0.010411502231036263,0.0033402188722366777,0.002430724355857894,0.011269879229941493
2020-02-06,143.49,229.51,269.49,339.47,0.005818028879854387,0.0053440798983748206,0.0053346265761395895,0.0034881314848207445
2020-02-07,142.52,230.21,270.59,337.71,-0.006760052965363417,0.003049976035902624,0.00408178411072746,-0.005184552390491204
2020-02-10,143.17,232.18,274.37,340.23,0.004560763401627588,0.008557404109291511,0.013969474112125457,0.0074620236297415765
2020-02-11,143.54,231.86,273.93,340.82,0.002584340294754517,-0.001378241019898363,-0.001603673871049982,0.0017341210357697534
2020-02-12,143.74,231.72,273.59,343.03,0.0013933398355860938,-0.0006038126455620851,-0.0012411930055125087,0.006484361246405612
2020-02-13,143.65,231.5,273.25,342.58,-0.0006261305134270811,-0.000949421715863985,-0.0012427354800979007,-0.001311838614698413
2020-02-14,143.48,231.68,273.57,343.27,-0.0011834319526627946,0.0007775377969763131,0.0011710887465690156,0.0020141280868701816
2020-02-17,143.52,231.77,273.78,,0.0002787844995819633,0.000388466850828717,0.0007676280293891224,
2020-02-18,143.66,232.34,274.77,342.29,0.0009754738015606002,0.0024593346852481712,0.0036160420775805946,
2020-02-19,144.38,233.98,277.31,343.96,0.005011833495753848,0.007058620986485353,0.009244095061324176,0.004878903853457572
2020-02-20,144.83,235.16,279.6,342.66,0.003116775176617459,0.00504316608257116,0.008257906314233177,-0.003779509245260937
2020-02-21,144.66,234.25,278.71,339.07,-0.0011737899606436564,-0.0038697057322674144,-0.00318311874105881,-0.010476857526411143
2020-02-24,144.13,232.19,276.58,327.75,-0.00366376330706486,-0.008794023479188895,-0.007642352265796015,-0.033385436635502974
2020-02-25,142.49,228.96,271.99,317.83,-0.011378616526746543,-0.0139110211464748,-0.01659556005495688,-0.030266971777269336
2020-02-26,142.9,228.27,271.1,316.63,0.0028773949049056835,-0.0030136268343815553,-0.0032721791242324993,-0.00377560330994553
2020-02-27,140.86,225.12,266.27,302.71,-0.014275717284814471,-0.013799448022079108,-0.017816303946883272,-0.04396298518775865
2020-02-28,138.75,222.14,263.24,300.27,-0.014979412182308804,-0.013237384506041283,-0.011379426897509926,-0.008060519969607882
2020-03-02,139.03,221.42,262.24,314.1,0.002018018018018042,-0.0032411992437201276,-0.003798814769791825,0.046058547307423536
2020-03-03,139.57,221.83,262.01,305.28,0.003884053801337828,0.001851684581338775,-0.0008770591824284191,-0.02808022922636122
2020-03-04,140.73,223.77,265.44,318.18,0.008311241670846181,0.008745435693999992,0.013091103393000347,0.042256289308176154
2020-03-05,142.29,224.3,266.53,307.45,0.011085056491153322,0.002368503374000186,0.00410638939119945,-0.033723049845999165
2020-03-06,144.46,225.28,269.5,302.22,0.015250544662309462,0.0043691484618813,0.01114321089558401,-0.017010896080663418
2020-03-09,149.72,225.34,271.43,279.29,0.03641146338086654,0.0002663352272727071,0.007161410018552861,-0.07587188141089274
2020-03-10,148.27,223.13,267.21,293.1,-0.009684744857066496,-0.009807402147865463,-0.015547286593228571,0.049446811557879
2020-03-11,148.13,223.1,267.15,278.79,-0.00094422337627309,-0.00013445076861018368,-0.00022454249466707932,-0.048822927328556864
2020-03-12,153.03,220.42,265.13,252.33,0.03307905218389262,-0.012012550425818058,-0.007561295152536007,-0.09491014742279136
2020-03-13,152.76,219.29,262.68,275.85,-0.0017643599294256962,-0.005126576535704586,-0.009240749820842553,0.09321127095470216
2020-03-16,161.28,220.1,264.86,242.8,0.055773762765121804,0.0036937388845821317,0.008299071113141432,-0.11981149175276418
2020-03-17,162.39,221.08,266.1,257.37,0.006882440476190466,0.0044525215810995444,0.00468171864381195,0.060008237232289874
2020-03-18,170.61,221.7,268.23,244.03,0.05061888047293572,0.0028044146915142676,0.008004509582863584,-0.05183199285075957
2020-03-19,164.51,220.78,266.31,245.2,-0.03575405896489081,-0.004149751917004951,-0.007158036013868774,0.004794492480432622
2020-03-20,168.48,222.13,268.6,234.61,0.024132271594431876,0.0061146843011141705,0.008599001164057096,-0.04318923327895585
2020-03-23,174.59,222.76,270.54,227.73,0.03626543209876543,0.002836177013460617,0.0072226358897988785,-0.029325263202762075
2020-03-24,166.98,221.89,267.69,249.13,-0.04358783435477409,-0.003905548572454731,-0.010534486582390867,0.09397093048785843
2020-03-25,158.39,221.0,265.88,252.0,-0.05144328662115227,-0.0040109964396772835,-0.006761552542119631,0.01152008991289688
2020-03-26,157.54,221.12,266.0,267.74,-0.005366500410379449,0.0005429864253394534,0.00045133142771169865,0.06246031746031755
2020-03-27,158.74,221.51,266.78,258.72,0.007617113114129825,0.0017637481910275365,0.002932330827067675,-0.03368940016433852
2020-03-30,164.02,222.99,269.19,267.44,0.03326193775985886,0.0066814139316511145,0.00903366069420497,0.033704390847247856
2020-03-31,161.04,222.44,268.03,263.18,-0.01816851603462999,-0.002466478317413423,-0.0043092239682009925,-0.015928806461262268
2020-04-01,168.12,224.75,271.55,251.57,0.04396423248882275,0.010384822873583888,0.013132858262135061,-0.044114294399270504
2020-04-02,167.04,224.01,270.73,257.35,-0.0064239828693790635,-0.003292547274749813,-0.0030197017123918535,0.02297571252534092
2020-04-03,167.72,223.98,271.2,253.49,0.004070881226053702,-0.00013392259274136453,0.0017360469840799198,-0.014999028560326422
2020-04-06,164.64,222.82,269.07,271.32,-0.018363939899833093,-0.0051790338423073345,-0.007853982300884965,0.07033808039764877
2020-04-07,161.81,220.87,265.39,270.89,-0.017189018464528583,-0.008751458576429338,-0.013676738395213217,-0.0015848444641014536
2020-04-08,161.76,221.11,265.87,280.18,-0.00030900438786241047,0.0010866120342283292,0.001808658954745912,0.03429436302558231
2020-04-09,161.52,221.35,265.87,284.28,-0.0014836795252224366,0.001085432590113511,0.0,0.014633449925048003
2020-04-10,161.44,221.33,265.8,,-0.0004952947003468156,-9.03546419696033e-05,-0.0002632865686237329,
2020-04-13,161.43,221.41,265.97,281.41,-6.194251734381595e-05,0.0003614512266749692,0.000639578630549309,
2020-04-14,161.4,221.78,266.71,290.05,-0.00018583906337110712,0.0016711078993723039,0.0027822686769183314,0.03070253366973441
2020-04-15,164.75,223.81,270.08,283.68,0.02075588599752165,0.009153214897646311,0.012635446739904799,-0.021961730736079987
2020-04-16,164.72,223.9,270.19,285.33,-0.00018209408194236332,0.00040212680398554745,0.00040728672985790304,0.005816412859559916
2020-04-17,162.52,222.49,268.1,292.99,-0.01335599805730936,-0.006297454220634213,-0.007735297383322792,0.026846108015280645
2020-04-20,163.52,223.21,269.2,287.75,0.00615308885060295,0.003236100498898775,0.0041029466616933075,-0.017884569439230003
2020-04-21,167.62,225.91,273.78,278.93,0.02507338551859095,0.012096232247659211,0.0170133729569093,-0.03065160729800176
2020-04-22,165.75,225.51,272.65,285.33,-0.011156186612576113,-0.0017706166172369864,-0.004127401563298938,0.022944824866453883
2020-04-23,164.84,224.61,271.1,285.2,-0.005490196078431375,-0.003990953837967215,-0.005684944067485653,-0.0004556127992149106
2020-04-24,165.89,225.5,272.9,289.18,0.006369813152147463,0.003962423756733724,0.006639616377720259,0.013955119214586365
2020-04-27,164.52,225.17,272.2,293.44,-0.008258484537946642,-0.0014634146341463428,-0.002565042139977991,0.014731309219171429
2020-04-28,163.83,224.92,271.49,291.9,-0.004194018964259638,-0.0011102722387529296,-0.002608376193974915,-0.005248091603053506
2020-04-29,161.89,223.91,269.83,299.67,-0.011841543062931281,-0.004490485505957653,-0.006114405687134061,0.026618705035971413
2020-04-30,160.51,222.95,268.47,296.92,-0.008524306627957223,-0.00428743691661837,-0.005040210502909037,-0.009176761103880882
2020-05-01,162.35,223.88,269.89,288.62,0.011463460220547006,0.0041713388652164785,0.005289231571497632,-0.027953657550855437
2020-05-04,163.36,224.27,270.67,289.85,0.00622112719433332,0.001742004645345796,0.0028900663233171198,0.004261658928695233
2020-05-05,161.99,222.93,268.76,292.47,-0.008386385896180237,-0.005974940919427518,-0.0070565633428160135,0.009039158185268237
2020-05-06,163.23,223.62,269.8,290.45,0.007654793505771806,0.003095141972816462,0.003869623455871496,-0.006906691284576327
2020-05-07,162.4,223.56,269.89,293.9,-0.0050848495987256825,-0.00026831231553525736,0.0003335804299480216,0.01187812015837486
2020-05-08,160.95,223.0,268.57,298.91,-0.008928571428571508,-0.0025049203793164887,-0.004890881470228536,0.01704661449472633
2020-05-11,161.38,222.93,268.66,298.97,0.0026716371543957784,-0.0003139013452914119,0.00033510816546900024,0.00020072931651671233
2020-05-12,161.54,223.28,269.31,292.87,0.0009914487544924189,0.001569999551428669,0.0024194148738181376,-0.02040338495501226
2020-05-13,163.93,224.62,271.91,287.78,0.014795097189550743,0.006001433178072446,0.009654301734061121,-0.017379724792570217
2020-05-14,164.03,224.89,272.07,291.16,0.0006100164704445632,0.0012020300952719776,0.0005884299952187977,0.011745083049552019
2020-05-15,163.65,224.8,272.07,292.33,-0.0023166493934035914,-0.00040019565120719136,0.0,0.004018409122132027
2020-05-18,159.97,221.93,267.24,301.58,-0.022487014970974717,-0.012766903914590788,-0.01775278420994586,0.031642322033318404
2020-05-19,159.11,221.25,266.13,298.44,-0.0053760080015001765,-0.003064029198395879,-0.0041535698248765796,-0.010411831023277363
2020-05-20,158.53,221.15,265.52,303.47,-0.003645276852492052,-0.00045197740112989937,-0.002292112877165353,0.01685430907385088
2020-05-21,159.55,221.44,266.13,301.13,0.0064341134170189385,0.0013113271535156734,0.0022973787285327507,-0.007710811612350543
2020-05-22,160.43,222.5,267.72,301.89,0.005515512378564624,0.0047868497109826436,0.005974523729004755,0.002523826918606531
2020-05-25,160.06,222.3,267.48,,-0.0023063018138752556,-0.0008988764044943753,-0.0008964589870014139,
2020-05-26,156.62,220.02,263.43,305.6,-0.021491940522304076,-0.01025641025641022,-0.015141318977119789,
2020-05-27,157.21,220.81,264.81,310.14,0.003767079555612396,0.003590582674302345,0.0052385833048627095,0.014856020942408232
2020-05-28,156.18,220.37,264.07,309.52,-0.006551746072132825,-0.001992663375752879,-0.0027944564027038155,-0.0019990971819178194
2020-05-29,156.59,220.81,264.37,311.06,0.002625176078883351,0.001996642011163008,0.0011360624076950376,0.004975445851641336
2020-06-01,154.85,220.3,263.66,312.24,-0.011111820678204265,-0.002309678003713511,-0.00268562998827393,0.0037934803574872777
2020-06-02,153.15,218.9,261.38,314.82,-0.010978366160800723,-0.0063549704947798435,-0.008647500568914612,0.008262874711760126
2020-06-03,150.75,217.34,258.56,319.15,-0.015670910871694477,-0.007126541799908681,-0.010788889739077212,0.013753891112381567
2020-06-04,149.72,216.49,256.96,318.14,-0.006832504145936946,-0.003910922977822695,-0.006188118811881305,-0.003164656117812914
2020-06-05,147.45,214.71,253.94,326.48,-0.015161635052097333,-0.008222088780082237,-0.011752801992527928,0.02621487395486266
2020-06-08,147.72,215.04,254.43,330.42,0.0018311291963377663,0.0015369568254854915,0.0019295896668505286,0.012068120558686557
2020-06-09,148.29,215.71,255.71,327.87,0.0038586515028431467,0.0031156994047620845,0.0050308532798806205,-0.00771745051752315
2020-06-10,148.72,216.15,256.38,326.13,0.0028997235147347755,0.0020397756246812726,0.0026201556450666796,-0.005306981425565072
2020-06-11,151.6,216.25,257.2,306.94,0.019365250134480982,0.0004626416840156633,0.0031983774085342365,-0.05884156624658876
2020-06-12,150.81,216.37,257.55,311.04,-0.00521108179419516,0.000554913294797732,0.0013608087091758758,0.01335765947742229
2020-06-15,150.66,216.33,257.66,313.64,-0.000994629003381764,-0.0001848685122706195,0.00042710153368274995,0.008359053497942304
2020-06-16,150.05,217.03,258.57,319.59,-0.00404885171910252,0.003235797161743603,0.003531786074671972,0.018970794541512515
2020-06-17,150.05,216.84,258.46,318.44,0.0,-0.000875455006220327,-0.00042541671500950784,-0.0035983603992615354
2020-06-18,150.08,216.89,258.58,318.64,0.00019993335554824299,0.00023058476295867436,0.00046428847790758176,0.0006280618012812766
2020-06-19,149.83,216.98,258.62,316.9,-0.0016657782515991926,0.00041495689058979046,0.00015469100471809938,-0.0054607080090384175
2020-06-22,150.39,217.29,259.13,318.96,0.0037375692451442344,0.0014287031062771849,0.001972005258680687,0.006500473335437018
2020-06-23,151.0,218.11,260.1,320.33,0.004056120752709669,0.0037737585714943123,0.003743294871300318,0.004295209430649649
2020-06-24,151.1,218.16,260.39,312.05,0.0006622516556291647,0.00022924212553299128,0.0011149557862359938,-0.02584834389535784
2020-06-25,151.22,219.04,261.94,315.49,0.0007941760423559874,0.004033736707004021,0.005952609547217769,0.011023874379106013
2020-06-26,152.05,219.44,262.79,307.85,0.005488691971961446,0.0018261504747991708,0.0032450179430405512,-0.02421629845636941
2020-06-29,151.14,217.98,260.11,312.41,-0.005984873396909118,-0.006653299307327831,-0.010198257163514635,0.01481240864057165
2020-06-30,151.03,217.65,259.8,317.25,-0.0007278020378456151,-0.001513900357830944,-0.001191803467763597,0.015492461829006654
2020-07-01,150.3,216.25,257.81,318.85,-0.0048334767926900835,-0.006432345508844528,-0.007659738260200166,0.005043341213553987
2020-07-02,150.12,217.26,258.94,320.37,-0.0011976047904191933,0.004670520231213837,0.0043830728055545,0.004767131880194286
2020-07-03,150.07,217.28,259.25,,-0.00033306687982959104,9.205560158331849e-05,0.0011971885378851965,
2020-07-06,150.83,217.77,259.88,325.46,0.005064303325114983,0.0022551546391753607,0.0024300867888138455,
2020-07-07,150.55,217.75,259.84,321.94,-0.0018563946164555922,-9.184001469442205e-05,-0.0001539171925505345,-0.010815461193387721
2020-07-08,151.41,218.12,260.46,324.46,0.005712387910992822,0.0016991963260619691,0.0023860837438423044,0.007827545505373568
2020-07-09,151.08,218.3,260.66,322.72,-0.0021795125817316574,0.0008252338162479944,0.0007678722260617832,-0.00536275658016383
2020-07-10,151.11,218.35,260.83,326.1,0.00019857029388403724,0.00022904260192380121,0.0006521905931096139,0.010473475458601778
2020-07-13,151.7,218.86,261.74,323.05,0.0039044404738268756,0.0023356995649188583,0.003488862477475818,-0.009352959214964818
2020-07-14,152.05,219.31,262.77,327.42,0.0023071852340146304,0.0020561089280817235,0.003935202873080135,0.013527317752669799
2020-07-15,152.21,219.0,262.16,330.4,0.0010522854324235276,-0.0014135242351009936,-0.0023214217756971633,0.009101459898601005
2020-07-16,151.59,218.59,261.62,329.29,-0.004073319755600879,-0.0018721461187214405,-0.0020598108025633444,-0.003359564164648776
2020-07-17,152.14,218.92,262.1,330.24,0.0036282076654132744,0.0015096756484742624,0.0018347221160461835,0.002884994989219125
2020-07-20,152.87,220.11,264.14,333.02,0.004798212172998584,0.005435775625799444,0.007783288821060497,0.008418120155038622
2020-07-21,154.82,221.56,265.88,333.58,0.01275593641656303,0.006587615283267345,0.006587415764367499,0.0016815806858447857
2020-07-22,155.33,221.94,266.23,335.51,0.003294148042888745,0.001715111030871963,0.0013163833308260653,0.00578571856825949
2020-07-23,155.52,221.71,265.67,331.4,0.0012232022146396737,-0.0010363161214742567,-0.0021034443901889466,-0.012250007451342748
2020-07-24,155.0,220.7,263.99,329.36,-0.003343621399176988,-0.004555500428487735,-0.006323634584258664,-0.006155703077851404
2020-07-27,156.85,222.59,267.0,331.79,0.011935483870967767,0.00856366107838702,0.011401947043448546,0.007377945105659478
2020-07-28,156.93,222.6,266.97,329.65,0.0005100414408671927,4.492564805236299e-05,-0.00011235955056165814,-0.006449862865065437
2020-07-29,157.41,222.84,267.22,333.75,0.003058688587268099,0.0010781671159030282,0.0009364348054088367,0.012437433641741213
2020-07-30,157.32,223.41,268.38,332.55,-0.0005717552887364308,0.0025578890683899402,0.0043409924406854206,-0.0035955056179775013
2020-07-31,157.09,223.24,267.76,335.14,-0.0014619883040934978,-0.0007609328141084948,-0.0023101572397347114,0.007788302510900458
2020-08-03,156.65,222.22,266.35,337.55,-0.002800942135081752,-0.004569073642716415,-0.005265909769943122,0.007191024646416411
2020-08-04,159.0,223.7,268.39,338.77,0.015001595914458932,0.0066600666006659814,0.00765909517552088,0.003614279366019657
2020-08-05,160.61,224.22,269.06,340.95,0.010125786163522,0.002324541797049662,0.002496367226796803,0.00643504442542131
2020-08-06,162.05,225.15,270.83,343.18,0.008965817819562849,0.004147712068504283,0.006578458336430559,0.006540548467517393
2020-08-07,158.34,223.18,267.42,343.47,-0.022894168466522702,-0.008749722407284,-0.01259092419598995,0.0008450375896031925
2020-08-10,159.76,223.69,267.98,344.42,0.008968043450801932,0.0022851509991934638,0.0020940842121008885,0.002765889306198366
2020-08-11,156.91,220.94,263.81,341.67,-0.017839258888332488,-0.012293799454602405,-0.015560862750951587,-0.007984437605249362
2020-08-12,157.98,221.19,264.2,346.51,0.006819195717290061,0.0011315289218791769,0.0014783366817026078,0.014165715456434524
2020-08-13,158.1,220.61,262.9,345.88,0.0007595898214964869,-0.002622180026221721,-0.0049205147615443146,-0.0018181293469163862
2020-08-14,157.16,220.04,262.18,345.85,-0.005945604048070874,-0.0025837450704865317,-0.0027386839102319094,-8.673528391345275e-05
2020-08-17,159.48,221.4,264.18,346.79,0.014762025960804337,0.006180694419196664,0.0076283469372187,0.0027179413040334666
2020-08-18,161.21,222.47,266.12,347.65,0.010847755204414389,0.0048328816621499016,0.007343477931713194,0.002479886963291822
2020-08-19,159.33,221.44,264.7,346.17,-0.011661807580174877,-0.004629837730930064,-0.005335938674282392,-0.004257155184812178
2020-08-20,158.58,220.82,263.84,347.28,-0.0047072114479382865,-0.0027998554913295504,-0.0032489610880241937,0.003206517029205269
2020-08-21,157.79,220.02,262.6,348.5,-0.0049817127002145245,-0.0036228602481658267,-0.004699818071558393,0.00351301543423177
2020-08-24,158.58,220.47,263.17,352.04,0.005006654414094758,0.0020452686119443175,0.002170601675552053,0.010157819225251163
2020-08-25,158.4,219.52,261.65,353.31,-0.0011350737797957144,-0.0043089762779515706,-0.005775734316221581,0.0036075445972048037
2020-08-26,159.34,219.97,262.38,356.91,0.005934343434343514,0.0020499271137026653,0.0027899866233518367,0.010189352127027318
2020-08-27,158.26,218.92,260.79,357.53,-0.006777959081210039,-0.004773378187934774,-0.006059913103132808,0.0017371326104618223
2020-08-28,161.44,220.28,263.2,359.97,0.020093516997346184,0.006212315000913682,0.009241151884658017,0.006824602131289881
2020-08-31,161.68,220.39,263.79,359.23,0.0014866204162538033,0.0004993644452513379,0.0022416413373862465,-0.0020557268661277606
2020-09-01,161.24,220.58,264.53,361.94,-0.00272142503711037,0.000862108081129076,0.002805261761249289,0.007543913370264166
2020-09-02,160.73,220.81,265.01,367.54,-0.0031629868518978643,0.0010427055943420527,0.0018145389936869982,0.015472177709012547
2020-09-03,159.54,219.71,262.75,354.69,-0.007403720525104185,-0.004981658439382253,-0.008527980076223463,-0.034962180987103464
2020-09-04,157.6,218.64,260.84,351.81,-0.012159959884668448,-0.00487005598288659,-0.007269267364414911,-0.008119766556711427
2020-09-07,158.38,218.53,260.73,,0.004949238578680237,-0.0005031101353822898,-0.0004217144609720558,
2020-09-08,154.86,218.5,259.95,342.06,-0.02222502841267826,-0.0001372809225278493,-0.0029916005062710083,
2020-09-09,156.42,218.98,260.7,348.97,0.010073614877954107,0.0021967963386726463,0.0028851702250431988,0.02020113430392345
2020-09-10,155.46,218.66,260.17,342.85,-0.00613732259301869,-0.0014613206685542002,-0.0020329881089373725,-0.01753732412528297
2020-09-11,155.63,219.23,261.49,343.05,0.0010935288820275169,0.0026067867922803245,0.0050736057193372375,0.000583345486364184
2020-09-14,156.92,220.91,263.7,347.53,0.00828889031677682,0.007663184783104571,0.00845156602546937,0.0130593207987173
2020-09-15,157.8,221.13,263.85,349.35,0.005607953097119811,0.0009958806753882499,0.0005688282138796019,0.005236957960464084
2020-09-16,158.72,220.71,263.18,347.75,0.0058301647655258915,-0.0018993352326684976,-0.0025393215842335337,-0.004579934163446486
2020-09-17,158.89,220.25,262.9,344.83,0.0010710685483870108,-0.00208418286439227,-0.0010639106315070146,-0.00839683680805181
2020-09-18,159.2,220.14,263.07,340.98,0.0019510353074454478,-0.0004994324631101277,0.0006466337010271328,-0.01116492184554696
2020-09-21,153.24,217.49,258.87,337.05,-0.037437185929648065,-0.012037794131007473,-0.0159653324210286,-0.011525602674643642
2020-09-22,152.26,217.18,258.67,340.59,-0.006395197076481507,-0.0014253528897880674,-0.0007725885579633607,0.01050289274588323
2020-09-23,149.73,214.62,254.05,332.54,-0.0166163141993958,-0.01178745740860121,-0.017860594579966804,-0.023635456120261744
2020-09-24,149.96,213.66,252.79,333.55,0.001536098310291889,-0.004473022085546563,-0.004959653611493864,0.003037228604077624
2020-09-25,149.46,213.86,253.66,338.89,-0.0033342224593224667,0.0009360666479454327,0.0034415918351200503,0.016009593764053198
2020-09-28,151.4,215.23,255.09,344.35,0.012980061554931144,0.0064060600392779055,0.005637467476149238,0.016111422585499913
2020-09-29,151.87,216.46,257.23,342.74,0.0031043593130779534,0.005714816707708126,0.008389195970049945,-0.004675475533614137
2020-09-30,152.48,216.13,256.7,345.58,0.004016593138868707,-0.0015245310911947696,-0.0020604128600864025,0.008286164439516686
2020-10-01,152.9,216.26,256.75,347.44,0.002754459601259196,0.0006014898440753758,0.0001947798987145255,0.005382255917587786
2020-10-02,151.78,216.65,257.16,344.12,-0.0073250490516677536,0.001803384814575093,0.001596884128529874,-0.009555606723463006
2020-10-05,153.46,216.12,256.16,350.34,0.011068651996310575,-0.002446342026309667,-0.0038886296469123893,0.018075090084854084
2020-10-06,153.26,215.49,255.37,345.45,-0.001303271210739032,-0.0029150471960022184,-0.003084009993754022,-0.013957869498201658
2020-10-07,153.83,216.4,256.82,351.47,0.003719170037844277,0.004222933778829541,0.005678035791204961,0.017426545086119738
2020-10-08,154.84,216.65,257.35,354.4,0.006565689397386665,0.001155268022181133,0.0020637022038783037,0.00833641562580012
2020-10-09,156.9,218.38,260.19,357.52,0.013304055799534975,0.007985229633048707,0.011035554692053529,0.00880361173814892
2020-10-12,156.23,218.89,260.28,363.39,-0.004270235818993107,0.002335378697682966,0.0003459010722932643,0.016418661893040865
2020-10-13,155.37,218.28,259.76,361.1,-0.005504704602188992,-0.0027867878843254035,-0.0019978484708774724,-0.006301769448801453
2020-10-14,156.76,218.63,260.58,358.74,0.008946386046212229,0.0016034451163642327,0.0031567600862334455,-0.006535585710329639
2020-10-15,155.85,218.65,261.22,358.2,-0.005805052309262537,9.147875405934869e-05,0.002456059559444501,-0.0015052684395384652
2020-10-16,156.47,219.13,261.74,358.26,0.003978184151427699,0.0021952892750971564,0.0019906592144551816,0.00016750418760480557
2020-10-19,156.71,219.0,261.87,352.41,0.0015338403527833666,-0.000593255145347471,0.0004966760907771928,-0.01632892312845413
2020-10-20,157.38,219.22,262.11,354.08,0.004275413183587373,0.001004566210045743,0.0009164852789551592,0.004738798558497015
2020-10-21,158.26,219.82,262.99,353.31,0.005591561824882518,0.0027369765532341273,0.003357369043531344,-0.0021746497966560474
2020-10-22,157.11,218.56,260.92,355.18,-0.00726652344243639,-0.005731962514784805,-0.007871021711852166,0.005292802354872395
2020-10-23,157.2,218.67,261.24,356.41,0.0005728470498376215,0.0005032942898974824,0.001226429556952402,0.0034630328284250833
2020-10-26,155.91,218.24,260.81,349.79,-0.008206106870228935,-0.0019664334385145477,-0.0016459960189864065,-0.018574114082096527
2020-10-27,156.47,218.29,261.53,348.74,0.0035918157911616344,0.000229105571847521,0.002760630343928483,-0.003001801080648403
2020-10-28,152.84,216.45,259.4,336.43,-0.02319933533584706,-0.008429153877868911,-0.008144381141742763,-0.035298503182886964
2020-10-29,151.67,216.38,259.02,340.48,-0.007655064119340582,-0.00032340032340028024,-0.0014649190439475213,0.012038165443034154
2020-10-30,151.36,215.85,258.2,336.39,-0.0020439111228323092,-0.0024493945836029374,-0.0031657787043470886,-0.012012453007518853
2020-11-02,151.17,216.13,258.82,340.53,-0.0012552854122622747,0.0012971971276349858,0.002401239349341555,0.012307143494158623
2020-11-03,153.28,216.96,259.16,346.6,0.013957795858966726,0.003840281312173177,0.0013136542771039483,0.01782515490558856
2020-11-04,152.39,217.54,260.42,354.24,-0.005806367432150461,0.0026733038348081273,0.004861861398363976,0.02204270051933066
2020-11-05,156.38,219.91,263.5,361.2,0.026182820395039164,0.01089454812907964,0.011827048613777702,0.019647696476964738
2020-11-06,157.61,220.55,264.24,361.14,0.007865455940657462,0.0029102814787869136,0.0028083491461101673,-0.00016611295681068228
2020-11-09,154.77,217.26,256.97,365.4,-0.01801916122073477,-0.014917252323736196,-0.027512867090523696,0.011795979398571133
2020-11-10,154.8,216.66,255.94,364.95,0.0001938360147315521,-0.002761668047500665,-0.004008249990271384,-0.0012315270935959743
2020-11-11,154.06,215.81,254.62,367.74,-0.004780361757106055,-0.00392319763685034,-0.005157458779401436,0.007644882860665891
2020-11-12,153.12,215.98,255.26,364.15,-0.006101518888744661,0.0007877299476390931,0.0025135496033303895,-0.009762332082449698
2020-11-13,155.04,217.15,257.24,369.14,0.0125391849529779,0.005417168256319993,0.00775679699130305,0.013703144308663928
2020-11-16,155.61,218.65,259.95,373.45,0.003676470588235503,0.006907667510937188,0.010534909034364714,0.011675786964295387
2020-11-17,155.57,218.78,260.21,371.71,-0.00025705288863198117,0.0005945575120054336,0.0010001923446816274,-0.004659258267505684
2020-11-18,155.94,219.05,260.39,367.48,0.0023783505817316364,0.0012341164640279345,0.0006917489719842074,-0.011379839121895996
2020-11-19,155.55,218.79,260.07,368.95,-0.0025009619084261914,-0.001186943620178127,-0.0012289258420061788,0.004000217698922226
2020-11-20,155.67,219.79,261.77,366.45,0.0007714561234328787,0.004570592805887008,0.00653670165724618,-0.0067759859059493
2020-11-23,155.98,219.06,260.74,368.56,0.0019913920472796054,-0.003321352199827099,-0.00393475188142256,0.005757947878291647
2020-11-24,157.06,219.47,261.85,374.52,0.006923964610847655,0.0018716333424633191,0.004257114366802206,0.016171044063381768
2020-11-25,156.62,218.9,261.18,373.94,-0.002801477142493347,-0.0025971658996672975,-0.0025587168226084422,-0.0015486489373063295
2020-11-26,156.69,219.09,261.89,,0.00044694164219127863,0.0008679762448606798,0.002718431732904536,
2020-11-27,157.48,220.36,264.14,374.87,0.005041802284766028,0.005796704550641296,0.00859139333307879,
2020-11-30,155.21,218.52,261.26,373.21,-0.014414528829057582,-0.008349972771827918,-0.0109033088513667,-0.004428201776615959
2020-12-01,157.58,219.73,262.6,377.43,0.015269634688486633,0.0055372505949111694,0.00512899027788416,0.01130730687816528
2020-12-02,158.22,219.74,262.81,378.14,0.004061429115369775,4.551039912636945e-05,0.0007996953541506979,0.0018811435233023754
2020-12-03,160.28,221.02,265.05,377.97,0.013019845784350892,0.005825065987075551,0.008523267759978692,-0.00044956894271952486
2020-12-04,161.16,221.72,266.26,381.34,0.00549039181432498,0.003167134196000232,0.00456517638181464,0.00891605153848185
2020-12-07,160.47,221.95,266.9,380.6,-0.004281459419210654,0.0010373443983402453,0.002403665590024806,-0.0019405255152881162
2020-12-08,159.73,221.79,266.65,381.67,-0.00461145385430306,-0.0007208830817752032,-0.0009366804046458954,0.0028113504992117733
2020-12-09,161.07,222.08,267.14,378.65,0.00838915670193452,0.0013075431714686392,0.0018376148509282597,-0.00791259464982852
2020-12-10,161.21,222.72,268.87,378.19,0.0008691873098654046,0.0028818443804032867,0.006476005090963577,-0.001214842202561628
2020-12-11,160.51,222.25,268.44,377.72,-0.004342162396873794,-0.002110272988505746,-0.0015992859002492699,-0.0012427615748696885
2020-12-14,161.18,222.16,268.24,376.15,0.004174194754221094,-0.0004049493813274019,-0.000745045447772319,-0.004156518055702718
2020-12-15,162.67,224.43,270.0,381.01,0.009244323117011843,0.010217861001080353,0.006561288398449161,0.01292037750897257
2020-12-16,162.39,224.77,270.29,381.69,-0.0017212762033564921,0.0015149489818651052,0.0010740740740742272,0.0017847300595785764
2020-12-17,164.56,227.41,273.92,383.9,0.013362891803682553,0.011745339680562239,0.0134300196085686,0.005790039036914774
2020-12-18,164.12,227.07,273.6,382.58,-0.002673796791443861,-0.0014950969614353493,-0.001168224299065379,-0.0034383954154727503
2020-12-21,162.56,225.95,272.11,381.1,-0.009505240068242715,-0.004932399700532941,-0.00544590643274856,-0.003868471953578201
2020-12-22,160.98,224.74,269.55,380.34,-0.0097194881889765,-0.005355167072361056,-0.009407960016169947,-0.001994227236945756
2020-12-23,163.53,226.46,271.56,380.63,0.01584047707789793,0.0076532882441933126,0.007456872565386741,0.0007624756796551502
2020-12-24,164.41,227.1,272.58,382.02,0.005381275606922253,0.0028261061556125178,0.0037560760053025888,0.003651840369913062
2020-12-25,164.36,227.11,272.63,,-0.00030411775439442845,4.403346543391251e-05,0.00018343238682216878,
2020-12-28,164.36,227.75,273.74,385.35,0.0,0.0028180177006735807,0.004071452151267252,
2020-12-29,166.75,229.02,275.78,384.49,0.01454125091263081,0.005576289791437983,0.007452327025644578,-0.0022317373816012065
2020-12-30,168.59,230.6,278.49,385.05,0.011034482758620623,0.0068989607894507365,0.009826673435347155,0.0014564748107883663
2020-12-31,168.4,230.73,278.47,387.56,-0.0011269944836586054,0.000563746747614946,-7.181586412430274e-05,0.006518633943643604
2021-01-04,168.13,231.57,280.57,381.86,-0.0016033254156769816,0.0036406189052138327,0.0075412073113798606,-0.014707400144493676
2021-01-05,171.77,233.39,284.04,384.61,0.021649913757211703,0.007859394567517386,0.012367680079837573,0.007201592206567797
2021-01-06,174.1,233.17,283.97,386.81,0.013564650404610745,-0.0009426282188611523,-0.0002464441627939573,0.005720080081121015
2021-01-07,174.02,233.04,283.42,392.64,-0.0004595060310165211,-0.0005575331303340203,-0.0019368243124273654,0.015071999172720396
2021-01-08,175.68,232.75,282.88,394.85,0.009539133432938662,-0.0012444215585306617,-0.0019052995554301733,0.005628565607171954
2021-01-11,173.68,231.08,279.6,392.26,-0.011384335154826952,-0.007175080558539104,-0.011595022624434348,-0.006559452956819145
2021-01-12,176.92,233.25,282.66,392.42,0.0186549976969137,0.009390687207893267,0.01094420600858359,0.00040789272421348777
2021-01-13,176.71,232.91,282.79,393.32,-0.001186977164820191,-0.0014576634512325493,0.00045991650746479706,0.0022934610876101935
2021-01-14,179.72,234.64,285.41,391.89,0.017033557806575672,0.007427761796402033,0.009264825488878747,-0.0036357164649649665
2021-01-15,175.81,232.15,281.29,389.08,-0.02175606498998439,-0.010612001363791257,-0.014435373672961771,-0.0071703794432110834
2021-01-18,175.42,232.15,280.99,,-0.00221830385074806,0.0,-0.0010665149845355826,
2021-01-19,176.42,232.85,282.33,392.26,0.005700604264051945,0.0030152918371741944,0.004768852984091909,
2021-01-20,177.64,233.83,283.95,397.73,0.006915315723840854,0.004208718058836158,0.00573796620975453,0.013944832509050098
2021-01-21,178.43,234.2,284.2,397.89,0.004447196577347601,0.0015823461489115065,0.0008804366966015387,0.000402282955773936
2021-01-22,175.06,231.45,280.59,396.69,-0.018886958471109105,-0.011742100768573849,-0.012702322308233649,-0.003015908919550614
2021-01-25,174.77,231.87,281.51,398.13,-0.0016565748886095966,0.0018146467919637477,0.003278805374389737,0.003630038569159888
2021-01-26,176.8,232.47,282.32,397.54,0.011615265777879413,0.0025876568766980412,0.00287734005896767,-0.0014819280134629187
2021-01-27,173.53,229.83,278.63,387.33,-0.018495475113122217,-0.011356304039230825,-0.01307027486540091,-0.025682950143381844
2021-01-28,173.62,229.58,278.22,391.15,0.0005186423096870119,-0.0010877605186442318,-0.001471485482539503,0.00986239124260968
2021-01-29,172.42,227.96,276.39,383.65,-0.006911646123718529,-0.007056363794755716,-0.00657752857450955,-0.01917422983510164
2021-02-01,173.93,229.23,277.88,389.8,0.008757684723350145,0.005571152833830473,0.005390933101776518,0.016030235892089184
2021-02-02,174.86,229.82,278.15,395.23,0.005346978669579672,0.0025738341403831466,0.000971642435583675,0.013930220625961942
2021-02-03,176.62,230.87,279.67,395.62,0.010065195013153394,0.004568792968410174,0.005464677332374768,0.0009867671988461613
2021-02-04,176.71,230.93,279.3,399.96,0.000509568565281393,0.0002598865162213304,-0.0013229878070583068,0.010970122845154417
2021-02-05,179.24,232.84,282.17,401.56,0.014317242940410813,0.008270904603126406,0.01027568922305755,0.004000400040004015
2021-02-08,181.74,234.43,284.87,404.54,0.013947779513501457,0.006828723587012586,0.00956869972002683,0.007421057874290371
2021-02-09,182.61,235.5,286.78,404.16,0.004787058435127056,0.0045642622531245625,0.00670481272159229,-0.0009393385079349281
2021-02-10,181.16,235.49,286.76,404.03,-0.007940419473194349,-4.2462845010526884e-05,-6.973987028380257e-05,-0.000321654790182202
2021-02-11,181.36,235.98,287.73,404.78,0.0011039964672114877,0.0020807677608389863,0.0033826196122193064,0.0018562977996683383
2021-02-12,183.16,236.86,288.94,406.71,0.009925011027789976,0.0037291295872532437,0.004205331387064248,0.004768022135481109
2021-02-15,185.16,237.62,289.99,,0.010919414719370968,0.00320864645782315,0.0036339724510279225,
2021-02-16,187.77,238.48,290.79,406.53,0.014095917044718131,0.0036192239710461926,0.002758715817786861,
2021-02-17,186.92,237.63,290.1,406.46,-0.004526814720136496,-0.0035642401878563934,-0.0023728463839884917,-0.0001721890143409066
2021-02-18,186.97,237.71,290.47,404.68,0.0002674941151294963,0.0003366578293986233,0.001275422268183446,-0.0043792747133788446
2021-02-19,189.26,238.86,292.46,403.96,0.012247954217253998,0.004837827605065126,0.0068509656763176,-0.0017791835524365585
2021-02-22,191.54,239.02,293.95,400.87,0.012046919581528037,0.0006698484467888566,0.005094713807016316,-0.007649272205168756
2021-02-23,191.97,239.53,294.38,401.38,0.0022449618878563893,0.002133712660028486,0.0014628338152746778,0.0012722328934566818
2021-02-24,195.6,241.1,296.9,405.94,0.018909204563212878,0.006554502567527987,0.008560364155173472,0.011360805221984238
2021-02-25,197.96,239.36,294.1,396.06,0.012065439672801714,-0.007216922438821993,-0.009430784776018664,-0.024338572202788566
2021-02-26,193.0,234.5,286.42,394.22,-0.025055566781167937,-0.020304144385026812,-0.026113566814008893,-0.004645760743321681
2021-03-01,191.71,235.63,288.46,403.61,-0.006683937823834141,0.004818763326225994,0.007122407653096685,0.023819187255846863
2021-03-02,191.45,235.6,289.37,400.35,-0.0013562151165824599,-0.0001273182531935646,0.0031546834916453825,-0.008077104135179924
2021-03-03,191.4,235.67,288.65,395.14,-0.00026116479498550227,0.00029711375212215785,-0.002488163942357624,-0.013013613088547649
2021-03-04,191.18,234.61,287.32,389.91,-0.0011494252873562871,-0.004497814740951234,-0.004607656331196863,-0.013235815154122532
2021-03-05,192.16,235.7,288.67,397.53,0.005126059211214562,0.004646008269042046,0.0046985939022692325,0.019542971454951097
2021-03-08,193.62,236.07,288.41,395.4,0.007597835137385545,0.0015697921086126332,-0.0009006824401565083,-0.005358086182174926
2021-03-09,194.07,236.2,288.6,401.04,0.002324140068174607,0.0005506841191171841,0.0006587843694740858,0.014264036418816461
2021-03-10,194.42,236.61,288.88,403.48,0.00180347297366934,0.001735817104149051,0.0009702009702008407,0.006084181129064392
2021-03-11,197.54,239.11,292.39,407.7,0.016047731714844193,0.01056591014750019,0.01215037385765716,0.010459006642212776
2021-03-12,199.13,240.04,293.48,408.21,0.008049002733623523,0.0038894232779891347,0.003727897670919189,0.0012509197939660766
2021-03-15,198.16,239.62,293.58,410.88,-0.004871189675086596,-0.0017497083819363324,0.00034073872154816165,0.006540751084000984
2021-03-16,198.4,239.54,293.05,410.25,0.0012111425111021035,-0.00033386194808449066,-0.0018053000885618342,-0.0015332943925233655
2021-03-17,198.86,239.95,293.41,411.43,0.002318548387096886,0.0017116139266928343,0.0012284593072855454,0.0028762949421083928
2021-03-18,196.22,238.17,291.12,405.38,-0.013275671326561489,-0.00741821212752658,-0.00780477829658166,-0.014704810052742934
2021-03-19,195.23,237.54,290.74,405.18,-0.005045357252064009,-0.0026451694168031503,-0.001305303654850265,-0.0004933642508263558
2021-03-22,194.14,237.06,289.67,408.03,-0.00558315832607692,-0.002020712301086136,-0.00368026415353917,0.007033910854435055
2021-03-23,191.09,234.75,286.03,404.91,-0.01571031214587404,-0.009744368514300161,-0.012566023405944815,-0.007646496581133588
2021-03-24,191.1,234.92,286.05,402.72,5.233136218540935e-05,0.0007241746538870775,6.992273537753668e-05,-0.00540860932058973
2021-03-25,189.07,233.57,284.36,404.85,-0.010622710622710585,-0.005746637153073331,-0.005908058031812602,0.005289034564958328
2021-03-26,192.48,236.1,288.35,411.58,0.018035648172634478,0.010831870531318177,0.0140315093543395,0.016623440780535903
2021-03-29,193.42,235.93,288.27,411.23,0.004883624272651765,-0.0007200338839474796,-0.00027744061036949486,-0.0008503814568248114
2021-03-30,194.14,235.78,287.99,409.97,0.00372246923792785,-0.0006357817996863746,-0.0009713116175806835,-0.003063978795321276
2021-03-31,195.85,236.58,289.54,411.49,0.008808076645719698,0.0033929934684875374,0.005382131324004336,0.003707588360123859
2021-04-01,195.79,237.41,290.03,416.36,-0.00030635690579527974,0.0035083269929832017,0.0016923395731158752,0.011835038518554608
2021-04-02,196.57,237.58,290.32,,0.003983860258440108,0.0007160608230487586,0.000999896562424718,
2021-04-05,196.41,237.66,290.62,422.42,-0.0008139594037747111,0.00033672868086531693,0.001033342518600211,
2021-04-06,195.84,238.05,290.4,422.03,-0.002902092561478553,0.0016409997475386184,-0.0007570022710069457,-0.0009232517399745399
2021-04-07,194.82,238.07,289.21,422.66,-0.00520833333333337,8.401596303286851e-05,-0.004097796143250676,0.0014927848731134397
2021-04-08,194.81,238.26,289.24,424.54,-5.132943229646525e-05,0.0007980845969672856,0.00010373085301340623,0.004448019684853088
2021-04-09,195.59,238.08,289.08,427.83,0.004003901237102925,-0.0007554772097707607,-0.0005531738348777404,0.007749564234230011
2021-04-12,194.99,237.26,288.06,427.75,-0.0030676414949639685,-0.003444220430107614,-0.0035284350352843274,-0.00018699015964285248
2021-04-13,194.86,237.58,288.32,429.16,-0.0006667008564541499,0.0013487313495743614,0.0009025897382488601,0.00329631794272367
2021-04-14,196.43,239.27,290.64,427.46,0.0080570666119264,0.00711339338328143,0.00804661487236391,-0.003961226582160582
2021-04-15,195.56,240.0,291.22,432.21,-0.004429058697754895,0.0030509466293309195,0.0019955959262318856,0.01111215084452355
2021-04-16,196.67,240.8,292.18,433.77,0.00567600736346896,0.0033333333333334103,0.0032964768903234187,0.00360935656278194
2021-04-19,196.65,240.91,292.3,431.47,-0.00010169319164077262,0.00045681063122926524,0.0004107057293449845,-0.0053023491712196336
2021-04-20,194.61,239.36,290.29,428.54,-0.010373760488176953,-0.006433937985139582,-0.006876496749914418,-0.006790738637680538
2021-04-21,194.97,240.11,291.9,432.53,0.0018498535532602833,0.003133355614973299,0.0055461779599708105,0.009310682783403967
2021-04-22,195.41,240.34,292.11,428.58,0.0022567574498639775,0.0009578942984465044,0.0007194244604318278,-0.009132314521536067
2021-04-23,196.28,241.33,293.67,433.28,0.004452177473005525,0.004119164516934282,0.005340453938584844,0.010966447337719787
2021-04-26,197.69,242.71,296.22,434.05,0.0071836152435296174,0.005718311026395417,0.00868321585453069,0.0017771418020680052
2021-04-27,198.39,243.56,297.37,433.96,0.0035408973645605357,0.0035021218738411353,0.0038822496792922934,-0.00020734938371158584
2021-04-28,198.65,244.05,298.23,433.6,0.0013105499269117082,0.0020118246017408747,0.002892020042371435,-0.0008295695455801111
2021-04-29,199.02,244.62,298.76,436.56,0.0018625723634533298,0.002335586969883119,0.0017771518626561456,0.006826568265682509
2021-04-30,198.65,243.7,297.68,433.45,-0.001859109637222467,-0.00376093532826427,-0.0036149417592715727,-0.007123877588418592
2021-05-03,199.17,244.44,298.77,434.64,0.002617669267555911,0.00303652031185897,0.00366165009406072,0.00274541469604328
2021-05-04,198.32,244.51,298.91,431.74,-0.0042677110006527075,0.000286368843069873,0.0004685878769623564,-0.006672188477820695
2021-05-05,200.65,245.72,301.3,432.05,0.011748688987494926,0.0049486728559160476,0.007995717774580857,0.0007180247371103565
2021-05-06,201.21,247.28,303.5,435.64,0.002790929479192572,0.006348689565359056,0.007301692665117709,0.008309223469505689
2021-05-07,202.67,249.7,307.02,438.93,0.007256100591421788,0.009786476868327343,0.011598023064250285,0.007552107244513939
2021-05-10,202.77,249.55,307.08,434.36,0.0004934129372873297,-0.0006007208650379292,0.00019542700801244983,-0.010411682956280033
2021-05-11,202.45,249.28,307.23,430.59,-0.001578142723282605,-0.0010819475055099392,0.0004884720593982816,-0.00867943641219271
2021-05-12,203.13,248.71,306.24,421.42,0.0033588540380340426,-0.0022865853658535773,-0.0032223415682062218,-0.02129636080726438
2021-05-13,200.51,246.23,302.88,426.62,-0.012898144045685012,-0.009971452695910932,-0.010971786833855801,0.012339234018319045
2021-05-14,202.27,247.62,304.46,433.02,0.00877761707645508,0.005645128538358524,0.005216587427363972,0.015001640804462868
2021-05-17,202.97,248.57,305.74,431.92,0.00346072081870763,0.0038365237056781076,0.004204164750706285,-0.0025402983695902437
2021-05-18,203.53,248.9,306.55,428.3,0.002759028427846477,0.0013275938367462992,0.0026493098711324325,-0.008381181700314877
2021-05-19,199.25,245.0,300.73,427.1,-0.02102884095710711,-0.015668943350743314,-0.018985483607894316,-0.0028017744571561254
2021-05-20,200.2,245.63,302.0,431.64,0.004767879548306153,0.002571428571428447,0.0042230572274133404,0.01062982907984078
2021-05-21,199.59,244.99,300.81,431.32,-0.003046953046953016,-0.0026055449252940788,-0.003940397350993385,-0.0007413585395236177
2021-05-24,200.65,246.11,301.88,435.64,0.005310887319003976,0.004571615167966003,0.0035570625976528714,0.010015765556895095
2021-05-25,199.82,246.33,301.77,434.72,-0.004136556192374852,0.0008939092275812577,-0.0003643831986219759,-0.002111835460471889
2021-05-26,199.28,246.13,301.57,435.54,-0.0027024321889700387,-0.0008119189704868246,-0.0006627564038836908,0.0018862716231136112
2021-05-27,202.2,248.23,305.02,436.09,0.014652749899638717,0.008532076544915279,0.011440129986404424,0.0012628002020478313
2021-05-28,202.79,248.56,305.6,436.48,0.0029179030662709327,0.0013294122386497964,0.001901514654776948,0.0008943108074022099
2021-05-31,202.43,248.39,305.73,,-0.0017752354652595947,-0.0006839394914709418,0.00042539267015695437,
2021-06-01,205.36,249.84,307.97,436.28,0.0144741392086154,0.005837594106042898,0.007326726196317024,
2021-06-02,205.29,250.46,308.58,436.95,-0.0003408648227504196,0.002481588216458608,0.001980712407052554,0.001535711011277252
2021-06-03,202.88,248.99,305.73,435.44,-0.011739490476886383,-0.005869200670765795,-0.009235854559595413,-0.0034557729717358265
2021-06-04,204.61,250.26,308.14,439.29,0.008527208201892789,0.005100606450058054,0.007882772380858771,0.008841631453242682
2021-06-07,205.25,250.48,308.39,438.95,0.003127901862079119,0.0008790857508191863,0.0008113195300836207,-0.0007739761888502228
2021-06-08,204.68,250.8,308.52,439.04,-0.0027771010962240883,0.0012775471095498592,0.00042154414864303824,0.0002050347419979559
2021-06-09,202.66,250.35,307.61,438.25,-0.009869063904631714,-0.0017942583732057926,-0.0029495656683520277,-0.0017993804664723223
2021-06-10,202.47,251.02,308.59,440.31,-0.0009375308398302806,0.0026762532454565058,0.0031858522154675217,0.004700513405590412
2021-06-11,200.66,250.01,306.54,441.18,-0.008939595989529314,-0.004023583778185125,-0.006643118701189166,0.001975880629556448
2021-06-14,200.86,249.58,305.88,442.09,0.000996710854181293,-0.0017199312027518232,-0.002153063221765561,0.002062650165465252
2021-06-15,199.48,248.54,304.12,441.22,-0.006870457034750643,-0.004167000560942435,-0.0057538904145416625,-0.0019679250831277084
2021-06-16,197.74,246.68,301.8,438.85,-0.00872267896530976,-0.00748370483624361,-0.007628567670656339,-0.005371470014958524
2021-06-17,191.3,242.19,294.24,438.67,-0.032568018610296345,-0.018201718826009405,-0.025049701789264467,-0.0004101629258288497
2021-06-18,188.98,240.92,291.47,432.93,-0.01212754835337182,-0.005243816838019777,-0.009414083741163592,-0.013085006952834766
2021-06-21,191.82,242.17,293.91,439.01,0.015028045295798487,0.005188444296861938,0.008371358973479293,0.014043840805672891
2021-06-22,192.54,243.16,295.52,441.26,0.003753518923991228,0.004088037329148975,0.005477867374366063,0.005125167991617552
2021-06-23,193.29,244.13,297.02,440.79,0.0038952944842629567,0.003989142951143165,0.0050757985923117754,-0.0010651316684040513
2021-06-24,194.24,245.23,298.34,443.38,0.004914894717781726,0.004505796092245884,0.004444145175409142,0.0058758138796251025
2021-06-25,195.36,246.14,299.72,444.87,0.005766062602965416,0.003710802104147204,0.004625594958772128,0.0033605485136902757
2021-06-28,194.03,245.71,299.01,445.9,-0.006807944307944402,-0.0017469732672461546,-0.0023688776191113092,0.0023152831164159338
2021-06-29,194.42,245.99,299.34,446.06,0.002009998453847306,0.0011395547596759759,0.0011036420186614215,0.0003588248486208201
2021-06-30,194.85,245.9,299.33,446.67,0.0022117066145459496,-0.0003658685312410981,-3.3406828355730944e-05,0.001367529031968795
2021-07-01,195.87,246.31,299.99,449.03,0.0052347959969207825,0.001667344448962993,0.002204924331006053,0.0052835426601292035
2021-07-02,196.13,247.2,301.02,452.45,0.0013274110379333237,0.0036133327920100378,0.0034334477815927134,0.00761641761129539
2021-07-05,197.28,247.47,301.49,,0.005863457910569636,0.0010922330097087318,0.001561358049299244,
2021-07-06,192.39,244.28,296.36,451.56,-0.024787104622871148,-0.012890451367842504,-0.017015489734319544,
2021-07-07,193.27,243.94,295.44,453.08,0.004574042309891446,-0.0013918454232847433,-0.0031043325684978473,0.0033661086012932717
2021-07-08,191.51,242.89,292.96,449.29,-0.009106431417188476,-0.00430433713208167,-0.008394259409694071,-0.008364968658956418
2021-07-09,194.07,244.73,296.83,454.36,0.013367448175030106,0.007575445674997017,0.013209994538503578,0.011284471054330059
2021-07-12,195.12,245.23,297.39,455.93,0.00541041892100802,0.002043067870714621,0.0018866017585823514,0.0034554098072012707
2021-07-13,195.64,245.83,298.55,454.33,0.0026650266502663555,0.0024466827060312113,0.003900601903224832,-0.0035093106397912077
2021-07-14,193.86,244.94,297.74,454.91,-0.00909834389695341,-0.0036203880730586446,-0.0027131133813431685,0.001276605110822615
2021-07-15,193.17,244.29,296.85,453.44,-0.0035592695759828485,-0.002653711112925672,-0.00298918519513669,-0.0032314084104548835
2021-07-16,193.72,244.14,296.75,450.02,0.002847233007195804,-0.0006140243153629488,-0.00033687047330310804,-0.00754234297812284
2021-07-19,190.1,240.78,290.58,442.89,-0.01868676440223005,-0.013762595232243768,-0.02079191238416178,-0.015843740278209895
2021-07-20,193.23,242.13,293.12,449.61,0.016465018411362387,0.005606777971592258,0.00874113841282953,0.01517306780464689
2021-07-21,194.7,243.37,295.89,453.32,0.007607514361124057,0.005121215875769192,0.0094500545851528,0.008251595827494906
2021-07-22,196.88,244.8,297.89,454.27,0.011196712891628158,0.005875826930188621,0.006759268647132277,0.0020956498720550165
2021-07-23,198.39,246.06,299.74,458.9,0.0076696464851686574,0.0051470588235293935,0.006210346100909758,0.01019217645893411
2021-07-26,199.53,246.68,301.14,460.0,0.005746257371843422,0.002519710639681483,0.004670714619336769,0.002397036391370788
2021-07-27,199.1,245.66,299.68,457.83,-0.0021550644013431652,-0.004134911626398563,-0.004848243341967096,-0.0047173913043478954
2021-07-28,199.13,246.22,300.66,457.75,0.00015067805123059053,0.002279573394121881,0.003270154831820582,-0.00017473734792383677
2021-07-29,198.26,247.38,302.29,459.73,-0.004369005172500384,0.00471123385590122,0.005421406239606075,0.004325505188421674
2021-07-30,197.93,246.59,301.09,457.28,-0.0016644809845656194,-0.0031934675398173074,-0.00396969797214608,-0.005329214974006624
2021-08-02,197.72,246.55,301.24,456.44,-0.0010609811549537884,-0.00016221257958548563,0.0004981899099938403,-0.001836948915325376
2021-08-03,198.28,246.51,301.36,460.18,0.0028322880841593623,-0.00016223889677557946,0.00039835347231442775,0.008193848041363694
2021-08-04,198.53,245.98,301.15,458.05,0.0012608432519669588,-0.0021500141982069287,-0.0006968409875233172,-0.0046286235820766075
2021-08-05,199.0,246.91,302.65,460.84,0.002367400392887742,0.0037807951866004608,0.004980906524987505,0.0060910380962775346
2021-08-06,198.26,246.53,301.96,461.66,-0.00371859296482413,-0.0015390223158235905,-0.002279861225838453,0.001779359430605032
2021-08-09,197.79,245.22,299.88,461.27,-0.0023706244325633063,-0.0053137549182655786,-0.006888329580076791,-0.0008447775419140324
2021-08-10,198.55,246.51,302.23,461.72,0.003842459173871271,0.005260582334230435,0.007836467920501633,0.0009755674550697702
2021-08-11,198.72,247.22,303.39,462.88,0.0008562075044069584,0.002880207699484938,0.0038381365185453653,0.0025123451442432554
2021-08-12,199.87,247.88,304.36,464.37,0.0057870370370369795,0.0026696869185340866,0.0031972049177626527,0.0032189768406498676
2021-08-13,199.12,247.45,303.66,465.13,-0.003752439085405568,-0.0017347103437147515,-0.0022999080036798514,0.0016366259663629368
2021-08-16,199.71,247.52,303.97,466.37,0.002963037364403398,0.00028288543140031486,0.0010208786142396065,0.0026659213553199557
2021-08-17,200.03,246.73,302.67,463.1,0.0016023233688848837,-0.0031916612798966737,-0.004276737835970712,-0.007011600231575765
2021-08-18,199.67,245.92,301.43,458.21,-0.001799730040493941,-0.003282940866534245,-0.004096871179832817,-0.010559274454761458
2021-08-19,199.71,243.73,297.52,458.82,0.00020033054539991824,-0.008905335068314923,-0.012971502504727561,0.001331267322843166
2021-08-20,199.44,243.57,297.51,462.58,-0.0013519603424966276,-0.0006564641201328714,-3.361118580258449e-05,0.008194934832832068
2021-08-23,199.57,244.58,299.3,466.56,0.0006518251103089234,0.004146651886521413,0.00601660448388297,0.008603917160274976
2021-08-24,198.86,245.07,300.18,467.26,-0.003557648945232139,0.002003434459072695,0.0029401937854995897,0.0015003429355280318
2021-08-25,198.06,244.51,299.72,468.31,-0.00402293070501869,-0.0022850614110254686,-0.0015324138850022484,0.0022471429182895353
2021-08-26,198.19,243.91,299.49,465.59,0.0006563667575480991,-0.002453887366569818,-0.0007673828906979985,-0.00580811855394936
2021-08-27,198.37,245.54,302.03,469.71,0.0009082193854381693,0.006682792833422102,0.008481084510334025,0.008848987306428358
2021-08-30,199.51,246.87,303.47,471.76,0.005746836719261905,0.005416632727865078,0.004767738304142233,0.004364395052266268
2021-08-31,197.27,245.88,302.42,471.18,-0.011227507393113068,-0.004010207801677046,-0.0034599795696445,-0.001229438697642804
2021-09-01,197.06,245.5,301.9,471.36,-0.001064530846048628,-0.0015454693346347304,-0.0017194629984790266,0.00038201961033990095
2021-09-02,197.96,247.2,304.41,472.77,0.004567136912615455,0.006924643584521384,0.008314011262007481,0.0029913441955193854
2021-09-03,194.77,246.48,303.41,472.63,-0.01611436653869469,-0.002912621359223322,-0.003285043198318016,-0.0002961270808214955
2021-09-06,194.92,246.98,304.06,,0.0007701391384709044,0.0020285621551443533,0.002142315678454798,
2021-09-07,194.87,245.31,301.95,471.04,-0.0002565154935356695,-0.006761681107781969,-0.006939419851345163,
2021-09-08,195.13,245.93,302.82,470.43,0.0013342228152100066,0.0025274142921201115,0.0028812717337307614,-0.0012950067934782705
2021-09-09,194.85,245.9,303.11,468.3,-0.0014349408086916648,-0.00012198593095591459,0.000957664619245735,-0.004527772463490787
2021-09-10,193.5,245.91,303.38,464.71,-0.006928406466512715,4.066693777948771e-05,0.0008907657286132409,-0.007666026051676322
2021-09-13,195.11,246.82,305.02,465.77,0.008320413436692542,0.0037005408482777558,0.00540576175093932,0.0022809924469022747
2021-09-14,195.73,247.05,305.29,463.21,0.0031776946337962464,0.0009318531723523371,0.0008851878565341309,-0.005496274985507865
2021-09-15,195.62,249.03,308.71,467.15,-0.0005619986716394187,0.008014571948998128,0.01120246323168117,0.00850586127242492
2021-09-16,196.54,247.82,307.29,466.44,0.004702995603721449,-0.004858852347106812,-0.004599786207119871,-0.0015198544364765088
2021-09-17,194.26,245.98,304.3,462.19,-0.01160069197110003,-0.007424743765636399,-0.009730222265612265,-0.009111568476116938
2021-09-20,193.16,243.34,299.86,454.35,-0.005662514156285381,-0.010732579884543458,-0.0145908642786724,-0.016962720958912936
2021-09-21,193.52,242.95,299.67,454.0,0.001863739904742312,-0.0016026958165530347,-0.0006336290268792455,-0.0007703312424343078
2021-09-22,195.57,244.57,302.74,458.32,0.010593220338982912,0.0066680386910886735,0.010244602395968805,0.00951541850220261
2021-09-23,193.81,245.66,305.11,463.9,-0.008999335276371534,0.004456801733655036,0.007828499702715153,0.01217489963344387
2021-09-24,193.07,246.13,306.17,464.58,-0.00381817243692284,0.0019132133843522414,0.0034741568614597984,0.0014658331536969715
2021-09-27,192.84,247.58,308.04,463.3,-0.0011912777749002457,0.005891195709584407,0.0061077179344808386,-0.002755176718756691
2021-09-28,190.53,246.6,306.44,453.89,-0.011978842563783454,-0.003958316503756443,-0.005194130632385496,-0.020310813727606347
2021-09-29,192.52,247.48,307.33,454.65,0.01044454941479045,0.003568532035685301,0.0029043205847800735,0.0016744145057172588
2021-09-30,191.51,247.32,308.01,449.27,-0.005246208186162615,-0.0006465168902537455,0.0022126053427911074,-0.011833278345980469
2021-10-01,191.86,247.01,307.98,454.43,0.0018275808051799736,-0.0012534368429565346,-9.73994350831342e-05,0.01148529837291612
2021-10-04,190.4,247.33,308.37,448.56,-0.007609715417492002,0.0012954941095502104,0.0012663159945449642,-0.012917280989371283
2021-10-05,192.21,250.69,313.84,453.33,0.00950630252100848,0.013585088747826823,0.017738431105490005,0.010634028892455794
2021-10-06,191.83,248.46,310.46,455.19,-0.001977004318193587,-0.008895448561968888,-0.010769819016059112,0.004102971345377515
2021-10-07,191.76,249.24,311.64,459.07,-0.00036490642756614733,0.003139338324076313,0.0038008116987695573,0.008523913091236679
2021-10-08,192.17,249.91,312.54,458.2,0.002138089278264532,0.0026881720430107503,0.0028879476318830477,-0.0018951358180669953
2021-10-11,193.97,250.98,314.02,455.06,0.009366706561898308,0.004281541354887786,0.004735393869584659,-0.0068529026625927525
2021-10-12,195.73,251.22,314.61,453.96,0.009073568077537786,0.0009562514941430234,0.001878861219030803,-0.002417263657539692
2021-10-13,193.18,250.09,312.42,455.34,-0.013028151024370271,-0.004498049518350422,-0.006960999332506934,0.003039915411049421
2021-10-14,191.89,251.95,314.06,463.16,-0.006677709907858098,0.007437322563876858,0.005249343832020914,0.01717397988316427
2021-10-15,192.58,254.65,317.88,466.61,0.0035958100995363562,0.010716411986505303,0.01216328090173846,0.007448829778046395
2021-10-18,193.99,254.8,318.21,468.19,0.007321632568283221,0.0005890437855879949,0.0010381275953188496,0.0033861254580913602
2021-10-19,192.6,254.98,318.17,471.66,-0.007165317799886717,0.0007064364207221008,-0.00012570315200644,0.007411520963711338
2021-10-20,191.18,255.41,318.96,473.39,-0.007372793354101681,0.0016864067770021585,0.00248294936669069,0.0036678963660263797
2021-10-21,194.04,254.12,317.6,474.84,0.014959723820483273,-0.005050702791589923,-0.004263857536995097,0.003063013582880858
2021-10-22,193.23,253.61,317.26,474.34,-0.004174397031539878,-0.002006925861797515,-0.0010705289672544582,-0.0010529862690590308
2021-10-25,193.1,254.84,319.15,476.6,-0.0006727733788749468,0.004849966483971402,0.005957259030448192,0.004764514904920691
2021-10-26,194.53,255.58,320.18,477.47,0.007405489383738972,0.002903782765656837,0.0032273225755914403,0.0018254301300881792
2021-10-27,190.58,252.84,315.86,475.06,-0.020305351359687362,-0.010720713670866355,-0.013492410519083009,-0.005047437535342536
2021-10-28,191.01,252.92,316.15,479.75,0.0022562703326685085,0.000316405632020178,0.000918128284683073,0.009872437165831638
2021-10-29,195.94,253.65,317.6,480.74,0.025810167006963036,0.0028862881543572083,0.004586430491855253,0.0020635747785304748
2021-11-01,196.73,254.89,319.09,481.61,0.0040318464836173185,0.004888626059530665,0.00469143576826192,0.0018097100303697822
2021-11-02,195.13,254.02,317.18,483.39,-0.008132974126976,-0.0034132370826630565,-0.005985772039236448,0.003695936546167955
2021-11-03,195.11,253.23,316.17,486.51,-0.00010249577204934912,-0.003109991339264706,-0.00318431174727285,0.0064544156891950255
2021-11-04,192.23,251.53,313.46,488.61,-0.01476090410537656,-0.006713264621095449,-0.008571338204130807,0.004316458037861626
2021-11-05,191.03,251.35,312.23,490.48,-0.006242521978879423,-0.0007156204031328883,-0.003923945638996895,0.0038271832340721623
2021-11-08,191.93,251.97,313.47,490.92,0.004711301889755548,0.0024666799283867835,0.00397143131665767,0.0008970804110259856
2021-11-09,189.94,251.4,312.08,489.24,-0.01036836346584702,-0.002262174068341394,-0.004434236131049318,-0.0034221461745295167
2021-11-10,192.35,252.52,314.22,485.32,0.012688217331789042,0.004455051710421598,0.0068572160984363695,-0.008012427438476077
2021-11-11,194.26,253.84,316.78,485.59,0.009929815440603118,0.0052273087280214625,0.008147158042135949,0.0005563339652188137
2021-11-12,193.1,253.75,316.48,489.14,-0.005971378564810004,-0.0003545540497951194,-0.0009470294841844584,0.007310694207047108
2021-11-15,194.59,253.86,316.99,489.16,0.007716209218021852,0.00043349753694577053,0.0016114762386247872,4.088808929969545e-05
2021-11-16,195.61,254.93,319.01,491.08,0.005241790431163018,0.004214921610336431,0.006372440771002186,0.003925096083081225
2021-11-17,193.3,254.07,317.89,489.9,-0.011809212207964825,-0.003373475071588361,-0.003510861728472481,-0.00240286714995519
2021-11-18,192.4,253.74,317.03,491.6,-0.004655975168132431,-0.0012988546463572614,-0.002705338324577755,0.00347009593794656
2021-11-19,189.98,253.03,316.02,490.92,-0.01257796257796262,-0.002798139828170565,-0.003185818376809757,-0.0013832384052074875
2021-11-22,192.87,254.29,318.76,489.4,0.015212127592378222,0.004979646682211625,0.008670337320422883,-0.003096227491241055
2021-11-23,195.17,255.2,320.71,490.21,0.011925130917197935,0.0035785913720554063,0.006117455138662242,0.0016550878626890864
2021-11-24,196.53,255.93,321.92,491.36,0.006968284060050234,0.0028605015673981438,0.0037728789248854255,0.0023459333754922707
2021-11-25,196.37,255.82,321.86,,-0.0008141250699638114,-0.0004298050248114915,-0.00018638170974161206,
2021-11-26,183.76,246.83,307.6,480.21,-0.06421551153434846,-0.03514189664607925,-0.04430497731933136,
2021-11-29,184.85,247.71,309.03,486.57,0.005931649978232478,0.0035652068225093814,0.004648894668400461,0.013244205660023711
2021-11-30,180.4,244.22,302.58,477.41,-0.02407357316743297,-0.014089055750676205,-0.020871760023298713,-0.018825657151077868
2021-12-01,181.49,244.32,302.71,471.81,0.006042128603104269,0.00040946687412990457,0.0004296384427258104,-0.011729959573532178
2021-12-02,181.4,244.99,303.88,478.58,-0.0004958950906386317,0.0027423051735429027,0.0038650853952628683,0.014348996418049653
2021-12-03,180.73,245.08,303.51,474.56,-0.0036934950385888454,0.0003673619331401312,-0.0012175858891667612,-0.008399849554933336
2021-12-06,183.4,246.41,305.63,480.14,0.014773418912189529,0.0054267994124366226,0.006984942835491337,0.011758260283209587
2021-12-07,184.97,247.41,307.66,490.09,0.008560523446019541,0.0040582768556471915,0.00664201812649301,0.02072312242262675
2021-12-08,183.92,246.27,306.13,491.61,-0.0056765962047899965,-0.00460773614647747,-0.004973022167327645,0.003101471158358793
2021-12-09,184.17,245.9,305.77,488.14,0.0013592866463680853,-0.0015024160474276238,-0.0011759709927156026,-0.007058440633835872
2021-12-10,183.28,245.67,305.48,492.81,-0.004832491719606757,-0.0009353395689305488,-0.0009484252869802479,0.009566927520793245
2021-12-13,183.55,245.94,305.75,488.32,0.0014731558271496858,0.0010990352912443324,0.000883854916852167,-0.009111016416063045
2021-12-14,184.1,246.13,306.2,484.74,0.0029964587305910673,0.0007725461494674235,0.0014717906786589907,-0.007331258191349943
2021-12-15,183.86,246.28,306.15,492.68,-0.0013036393264529433,0.0006094340389224406,-0.00016329196603526164,0.01637991500598268
2021-12-16,181.7,245.73,305.53,488.39,-0.01174806918307425,-0.002233230469384506,-0.002025151069737108,-0.008707477470163205
2021-12-17,182.66,245.68,305.26,483.39,0.005283434232250972,-0.0002034753591338978,-0.0008837102739501779,-0.010237719855033856
2021-12-20,182.93,244.61,303.76,477.89,0.0014781561370853513,-0.004355258873331103,-0.004913843936316553,-0.011377976375183563
2021-12-21,182.4,246.24,307.23,486.42,-0.0028972831137593635,0.00666366869710977,0.011423492230708598,0.017849295863064718
2021-12-22,180.24,246.25,306.79,491.43,-0.011842105263157876,4.061078622474845e-05,-0.0014321518080916418,0.010299740964598403
2021-12-23,179.03,246.24,306.29,494.49,-0.006713271193963699,-4.060913705583591e-05,-0.0016297793278789996,0.006226726085098555
2021-12-24,178.86,246.22,306.22,,-0.0009495615260011192,-8.122157244971895e-05,-0.00022854157824281351,
2021-12-27,178.95,247.53,307.56,501.35,0.0005031868500502412,0.005320445130371221,0.0043759388674808886,
2021-12-28,178.38,247.31,307.32,500.85,-0.0031852472757752937,-0.0008887811578394134,-0.0007803355442840276,-0.0009973072703699515
2021-12-29,177.58,247.43,307.63,501.55,-0.0044848077138691655,0.000485220977720191,0.0010087205518678477,0.0013976240391333494
2021-12-30,177.32,246.74,306.62,500.1,-0.0014641288433383526,-0.0027886675019197504,-0.003283164840880204,-0.0028910377828730294
2021-12-31,175.91,245.09,304.05,498.81,-0.007951725693661205,-0.006687201102374973,-0.008381710260257025,-0.0025794841031794302
2022-01-03,178.44,246.96,307.4,501.99,0.014382354613154513,0.0076298502590885775,0.011017924683440095,0.0063751729115295586
2022-01-04,179.4,249.19,310.99,501.71,0.005379959650302579,0.009029802397149345,0.011678594664931818,-0.0005577800354589213
2022-01-05,179.88,248.79,310.6,492.02,0.0026755852842808014,-0.0016052008507564386,-0.0012540596160647288,-0.019313946303641583
2022-01-06,179.93,248.89,311.15,491.58,0.0002779630865021865,0.0004019454158123992,0.001770766258853751,-0.0008942725905450866
2022-01-07,178.49,248.18,309.98,489.67,-0.008003112321458339,-0.002852665836313162,-0.003760244255182288,-0.0038854306521827198
2022-01-10,178.83,247.06,308.93,488.97,0.0019048686200908715,-0.004512853574018871,-0.003387315310665273,-0.001429534176077718
2022-01-11,178.11,248.05,309.92,493.45,-0.004026170105686955,0.004007123775601196,0.003204609458453467,0.009162116285252653
2022-01-12,175.06,247.37,307.97,494.85,-0.017124249059569996,-0.0027413827857286632,-0.006291946308724761,0.0028371668862094968
2022-01-13,173.22,245.23,304.85,487.85,-0.010510682051868003,-0.008651008610583433,-0.010130856901646279,-0.014145700717389076
2022-01-14,176.0,247.04,308.15,488.26,0.01604895508601789,0.007380826163193799,0.010824995899622714,0.0008404222609408318
2022-01-17,176.87,247.72,309.34,,0.004943181818181763,0.0027525906735752503,0.003861755638487674,
2022-01-18,178.67,248.2,311.32,479.29,0.0101769661333182,0.0019376715646697296,0.006400724122324952,
2022-01-19,178.35,248.37,311.67,474.66,-0.001791011361728323,0.00068493150684934,0.0011242451496853434,-0.009660122264182447
2022-01-20,178.01,248.23,311.69,469.45,-0.0019063638912251157,-0.0005636751620566871,6.417043667972244e-05,-0.010976277756710173
2022-01-21,175.93,245.88,308.07,460.58,-0.011684736812538565,-0.0094670265479595,-0.011614103756937944,-0.018894450953243158
2022-01-24,174.42,243.64,304.7,461.85,-0.00858295913147289,-0.009110135025215627,-0.010939072288765561,0.0027573928524904368
2022-01-25,175.62,245.31,307.37,456.23,0.006879944960440421,0.006854375307831395,0.008762717426977318,-0.012168452960918064
2022-01-26,179.23,247.86,311.63,455.56,0.020555745359298383,0.01039501039501034,0.013859517844942548,-0.001468557525809433
2022-01-27,182.07,249.72,314.79,453.13,0.015845561568933686,0.007504236262406039,0.010140230401437744,-0.005334094301518988
2022-01-28,182.72,250.62,315.4,464.22,0.0035700554731696865,0.003604036520903353,0.0019377998030432053,0.0244742126983426
2022-01-31,182.27,250.34,314.68,473.0,-0.0024627845884412913,-0.0011172292714068943,-0.0022828154724159333,0.018913446210848228
2022-02-01,183.39,250.51,315.42,476.24,0.006144730345092331,0.0006790764560198337,0.0023515952713868415,0.0068498942917547545
2022-02-02,182.08,250.6,315.63,480.74,-0.007143246632858813,0.0003592670951260146,0.0006657789613846443,0.009449017302200602
2022-02-03,184.61,252.12,318.25,469.03,0.013894991212653807,0.006065442936951326,0.008300858600259753,-0.024358280983483915
2022-02-04,188.51,254.53,321.79,471.53,0.021125616163804706,0.009558940187212484,0.011123330714846835,0.005330149457390743
2022-02-07,189.34,254.6,322.31,469.8,0.004402949445652782,0.0002750166974423429,0.001615960719723919,-0.003668907598668114
2022-02-08,189.95,254.75,323.38,473.75,0.003221717545156766,0.0005891594658287147,0.00331978529986654,0.008407833120476882
2022-02-09,189.59,255.18,323.31,480.68,-0.001895235588312616,0.0016879293424927333,-0.00021646360319127478,0.014627968337730834
2022-02-10,192.5,256.92,327.17,472.04,0.015348910807531979,0.006818716200329256,0.011939005907642963,-0.01797453607389532
2022-02-11,194.71,257.16,327.78,463.1,0.011480519480519424,0.0009341429238673982,0.0018644741266007347,-0.01893907295991859
2022-02-14,196.31,258.83,329.97,461.36,0.008217348877818331,0.006494011510343567,0.0066813106351824025,-0.0037572878427984957
2022-02-15,194.46,257.4,328.43,468.68,-0.009423870409046908,-0.0055248618784530246,-0.004667090947661934,0.01586613490549671
2022-02-16,192.93,257.5,328.32,469.16,-0.007867941993211947,0.00038850038850046786,-0.0003349267728283145,0.0010241529401724403
2022-02-17,191.8,255.73,326.2,459.28,-0.005857046597211424,-0.006873786407767035,-0.00645711500974655,-0.02105891380339342
2022-02-18,191.96,255.49,326.03,456.06,0.0008342022940563965,-0.0009384898134751074,-0.0005211526670754196,-0.007010973697961997
2022-02-21,192.16,255.79,326.43,,0.0010418837257761826,0.0011742142549608925,0.0012268809618747323,
2022-02-22,195.62,258.41,330.22,451.44,0.01800582847626986,0.010242777278236082,0.011610452470667498,
2022-02-23,197.14,259.43,332.48,443.13,0.00777016664962682,0.003947215665028425,0.0068439222336624805,-0.01840776182881443
2022-02-24,198.0,260.06,331.9,449.79,0.004362382063508141,0.002428400724665547,-0.0017444658325314055,0.015029449597183664
2022-02-25,194.66,256.5,327.32,459.91,-0.016868686868686922,-0.01368914865800197,-0.013799337149743907,0.02249938860357048
2022-02-28,192.32,256.64,326.27,458.83,-0.012020959621904859,0.0005458089668615163,-0.0032078699743370853,-0.0023482855341263598
2022-03-01,193.19,258.65,327.97,451.75,0.004523710482529086,0.007831982543640814,0.005210408557329904,-0.015430551620425836
2022-03-02,197.48,264.09,335.38,460.18,0.022206118329106017,0.0210322830079257,0.02259352989602692,0.01866076369673486
2022-03-03,198.99,265.78,338.74,457.82,0.007646343933563005,0.006399333560528575,0.010018486492933354,-0.005128428006432317
2022-03-04,201.24,268.45,342.77,454.22,0.011307100859339725,0.010045902626232284,0.011897030170632261,-0.00786335240924374
2022-03-07,208.39,274.56,351.86,440.82,0.03552971576227382,0.022760290556900875,0.02651924030691144,-0.029501122803927693
2022-03-08,218.15,278.07,356.92,437.64,0.046835260809060086,0.012784090909090828,0.014380719604388137,-0.007213828773649178
2022-03-09,206.8,272.62,349.2,448.96,-0.05202842081136827,-0.019599381450713826,-0.02162949680600701,0.025866008591536316
2022-03-10,207.57,272.62,350.11,447.07,0.0037234042553191404,0.0,0.002605956471935844,-0.004209729151817498
2022-03-11,212.07,274.73,353.45,441.3,0.02167943344413925,0.0077397109529748764,0.009539858901488119,-0.012906256290961093
2022-03-14,213.77,273.97,353.14,438.12,0.008016221059084394,-0.0027663524187383493,-0.0008770688923468439,-0.007205982324949067
2022-03-15,211.1,272.62,351.4,447.51,-0.012490059409645982,-0.004927546811694827,-0.004927224330293911,0.02143248425089017
2022-03-16,207.68,270.94,348.59,457.54,-0.016200852676456545,-0.0061624238867288295,-0.007996585088218544,0.022412906974145885
2022-03-17,210.46,271.71,348.83,463.22,0.013385978428351208,0.0028419576289953064,0.0006884879084312345,0.012414215150587937
2022-03-18,209.08,271.31,347.97,468.63,-0.006557065475624846,-0.0014721578153177317,-0.0024653842846084073,0.011679115754932745
2022-03-21,216.92,275.22,354.28,468.45,0.0374976085708818,0.014411558733552043,0.01813374716211147,-0.0003840983291722999
2022-03-22,218.29,276.31,356.43,473.74,0.006315692421169139,0.003960467989244876,0.0060686462684882425,0.011292560572099486
2022-03-23,221.55,278.18,359.19,467.95,0.0149342617618764,0.006767760848322535,0.007743455938052257,-0.01222189386583361
2022-03-24,222.84,279.17,360.91,474.71,0.00582261340555168,0.0035588467898484133,0.004788552019822534,0.014445987819211359
2022-03-25,226.9,281.85,365.43,477.12,0.018219350206426066,0.009599885374502959,0.01252389792469022,0.005076783720587397
2022-03-28,224.38,280.51,363.76,480.53,-0.011106214191273778,-0.0047543019336527825,-0.004569958678816821,0.007147048960429281
2022-03-29,218.88,277.78,359.43,486.42,-0.024511988590783518,-0.009732273359238541,-0.011903452826039107,0.012257299232097951
2022-03-30,219.63,278.44,360.25,483.4,0.0034265350877193956,0.0023759809921521935,0.0022813899785771863,-0.006208626290037489
2022-03-31,216.22,276.5,357.81,475.87,-0.015526112097618672,-0.006967389742853047,-0.006773074253990319,-0.01557716177079016
2022-04-01,217.24,277.67,359.8,477.49,0.004717417445194716,0.0042314647377939,0.005561610910818526,0.0034042910879021893
2022-04-04,218.99,279.14,361.4,481.36,0.008055606702264795,0.005294054092987999,0.004446914952751513,0.008104881777628803
2022-04-05,223.85,281.75,366.04,475.39,0.02219279419151543,0.009350146879701926,0.012838959601549682,-0.012402359980056565
2022-04-06,223.31,281.42,365.95,470.78,-0.002412329685056891,-0.001171251109139293,-0.00024587476778503703,-0.009697301163255512
2022-04-07,224.18,281.77,366.73,472.84,0.003895929425462352,0.001243692701300425,0.002131438721136858,0.004375716895365089
2022-04-08,227.07,284.17,370.64,471.59,0.012891426532250838,0.008517585264577576,0.010661794780901346,-0.0026436003722188905
2022-04-11,229.15,285.22,373.25,463.63,0.009160170872418272,0.00369497131998453,0.0070418735160804324,-0.016879068682541964
2022-04-12,232.84,286.42,375.15,462.07,0.01610298930831333,0.004207278591964014,0.005090421969189407,-0.0033647520652244634
2022-04-13,234.28,287.05,375.09,467.32,0.006184504380690514,0.0021995670693386593,-0.0001599360255897242,0.011361914861384603
2022-04-14,237.68,289.02,378.18,461.64,0.014512549086563187,0.0068629158683155556,0.008238022874510254,-0.012154412394076886
2022-04-15,237.84,289.17,378.43,,0.0006731740154830579,0.0005189952252440122,0.0006610608704848975,
2022-04-18,241.62,291.29,381.48,461.55,0.015893037336024207,0.0073313275927655575,0.008059614723991304,
2022-04-19,240.67,291.02,381.97,468.97,-0.003931793725685084,-0.0009269113254832817,0.0012844710076544974,0.016076264760047643
2022-04-20,240.09,290.12,380.38,468.68,-0.0024099389205135546,-0.0030925709573224047,-0.004162630573081749,-0.0006183764419899207
2022-04-21,241.13,291.28,382.1,461.81,0.004331708942479917,0.003998345512201684,0.0045217939954782516,-0.01465818895621751
2022-04-22,241.72,290.38,380.35,449.0,0.002446812922489938,-0.0030898104916231572,-0.004579952891913153,-0.027738680409692296
2022-04-25,237.63,287.9,375.57,451.57,-0.016920403772960446,-0.008540533094565816,-0.0125673721572237,0.005723830734966517
2022-04-26,238.83,288.39,375.91,438.86,0.005049867440979794,0.0017019798541160203,0.0009052906249169546,-0.028146245321876928
2022-04-27,242.13,290.92,380.07,439.79,0.01381735962818742,0.008772842331564945,0.011066478678406932,0.002119126828601381
2022-04-28,245.67,292.71,382.94,450.69,0.014620245322760406,0.0061528942664648145,0.007551240560949246,0.024784556265490254
2022-04-29,245.42,292.78,383.07,434.37,-0.0010176252696706412,0.00023914454579609945,0.00033947876952011846,-0.03621114291419825
2022-05-02,248.03,293.54,384.27,436.84,0.010634830087197455,0.002595805724434852,0.0031325867334952573,0.005686396390174098
2022-05-03,247.94,293.51,384.84,438.95,-0.0003628593315324613,-0.00010220072221855947,0.0014833320321647747,0.0048301437597289
2022-05-04,249.21,293.66,385.42,452.07,0.005122206985560984,0.0005110558413683464,0.001507119842012461,0.029889509055701202
2022-05-05,254.88,297.11,391.3,436.0,0.02275189599133265,0.011748280324184401,0.015256084271703552,-0.035547592187050614
2022-05-06,256.92,297.66,392.26,433.59,0.008003766478342778,0.001851166234727808,0.0024533605928953595,-0.005527522935779849
2022-05-09,251.18,295.35,387.77,419.73,-0.02234158492916083,-0.0077605321507761005,-0.011446489573242236,-0.03196568186535653
2022-05-10,249.27,295.07,387.0,420.77,-0.00760410860737315,-0.0009480277636703116,-0.0019857131804935646,0.002477783336906958
2022-05-11,250.34,295.85,388.46,413.85,0.00429253419986364,0.0026434405395330263,0.0037726098191213087,-0.01644603940394984
2022-05-12,250.9,296.16,387.97,413.46,0.0022369577374770078,0.0010478282913639614,-0.0012613911342221895,-0.0009423704240667519
2022-05-13,252.25,296.56,388.7,423.38,0.005380629732961273,0.0013506212857914424,0.0018815887826377775,0.023992647414502022
2022-05-16,251.56,296.98,389.49,421.73,-0.0027353815659068026,0.0014162395468033662,0.0020324157447904057,-0.0038972081817751913
2022-05-17,251.42,296.49,389.26,430.26,-0.0005565272698362378,-0.0016499427570880743,-0.000590515802716407,0.02022621108292033
2022-05-18,249.89,295.8,388.46,412.98,-0.006085434730729422,-0.002327228574319551,-0.0020551816266762835,-0.04016176265513871
2022-05-19,246.49,293.95,385.21,410.61,-0.013605986634118938,-0.006254225828262405,-0.00836636976780103,-0.005738776696208037
2022-05-20,246.24,293.45,384.31,410.68,-0.0010142399285975046,-0.001700969552644982,-0.002336387944238183,0.00017047806921399733
2022-05-23,244.75,292.83,383.73,418.35,-0.0060510071474983995,-0.0021127960470267437,-0.0015091983034528633,0.01867634167721821
2022-05-24,241.8,291.84,382.1,414.96,-0.012053115423901861,-0.003380801147423451,-0.004247778385844225,-0.008103262818214496
2022-05-25,241.18,292.08,382.01,418.89,-0.002564102564102555,0.000822368421052655,-0.0002355404344412948,0.00947079236552928
2022-05-26,241.3,292.63,382.21,427.23,0.0004975536943361281,0.0018830457408929302,0.0005235465040180909,0.019909761512568958
2022-05-27,239.19,291.75,380.33,437.88,-0.008744301699129764,-0.0030072104705600733,-0.004918761937154903,0.024928024717365327
2022-05-30,239.52,291.82,380.35,,0.0013796563401480277,0.00023993144815759315,5.2585912234226484e-05,
2022-05-31,242.03,292.44,382.3,435.17,0.010479291917167677,0.0021245973545336305,0.005126856842381899,
2022-06-01,247.12,294.56,385.73,431.96,0.021030450770565645,0.007249350294077361,0.008972011509285949,-0.007376427603005831
2022-06-02,246.35,294.82,386.36,439.99,-0.0031158951116866396,0.0008826724606192382,0.0016332667928342648,0.018589684230021275
2022-06-03,250.5,296.26,388.89,432.83,0.016845950882890204,0.004884336205142059,0.006548296925147357,-0.01627309711584357
2022-06-06,255.07,298.61,393.4,434.19,0.018243512974051912,0.007932221697158015,0.011597109722543575,0.003142111221495769
2022-06-07,253.83,298.98,393.26,438.34,-0.004861410593170468,0.0012390743779511215,-0.000355871886120962,0.009558027591607399
2022-06-08,258.02,300.42,395.5,433.63,0.01650711105858238,0.004816375677302753,0.005695977216091164,-0.010745083724962301
2022-06-09,265.66,302.76,399.49,423.35,0.029610107743585967,0.007789095266626633,0.010088495575221179,-0.023706846851001995
2022-06-10,271.8,304.57,403.66,411.04,0.02311224873898965,0.005978332672744058,0.010438308843775834,-0.029077595370261
2022-06-13,281.0,308.19,411.0,395.1,0.033848417954378096,0.011885609219555393,0.01818361987811512,-0.03877968080965355
2022-06-14,286.4,308.77,412.7,393.75,0.019217081850533724,0.0018819559362730498,0.004136253041362448,-0.003416856492027387
2022-06-15,281.59,306.21,408.32,399.51,-0.016794692737430172,-0.008290960909414835,-0.01061303610370723,0.014628571428571435
2022-06-16,276.28,305.61,407.12,386.56,-0.01885720373592814,-0.0019594396002742265,-0.0029388714733542542,-0.03241470801732116
2022-06-17,276.09,304.47,405.6,387.42,-0.0006877081221948744,-0.0037302444291743564,-0.0037335429357436833,0.002224751655629076
2022-06-20,276.47,304.55,405.74,,0.0013763627802529932,0.0002627516668307628,0.00034516765285985684,
2022-06-21,274.53,303.92,404.73,396.92,-0.007017036206460214,-0.002068625841405325,-0.0024892788485236794,
2022-06-22,270.33,301.52,400.45,396.41,-0.015298874439951926,-0.007896814951303122,-0.010574951202035998,-0.0012848936813463219
2022-06-23,262.55,298.04,393.93,400.21,-0.02877963969962627,-0.011541522950384575,-0.01628168310650513,0.00958603466108321
2022-06-24,260.58,296.7,392.18,412.45,-0.00750333269853376,-0.004496040799892742,-0.0044424136267864345,0.0305839434296995
2022-06-27,262.11,296.94,392.8,411.24,0.005871517384296698,0.0008088978766431776,0.0015809067265031285,-0.0029336889319917514
2022-06-28,267.02,299.04,396.66,402.95,0.018732593186066904,0.007072135785007205,0.009826883910386996,-0.02015854488862956
2022-06-29,264.64,298.96,396.16,402.71,-0.00891319002321922,-0.00026752273943297933,-0.0012605253869812927,-0.0005956073954584973
2022-06-30,255.23,297.07,392.13,399.25,-0.03555773881499391,-0.0063219159753812315,-0.010172657512116379,-0.008591790618559192
2022-07-01,252.71,296.52,390.19,403.47,-0.009873447478744635,-0.0018514154912984138,-0.004947338892714148,0.010569818409517984
2022-07-04,254.55,297.18,391.15,,0.007281073166871099,0.0022258195062727637,0.0024603398344396066,
2022-07-05,247.7,296.24,389.05,404.18,-0.026910233745826018,-0.003163066155192129,-0.005368784353828371,
2022-07-06,246.85,295.93,388.68,405.63,-0.0034315704481227005,-0.0010464488252768245,-0.0009510345713918955,0.003587510515117076
2022-07-07,251.83,295.98,389.52,411.75,0.020174194855175243,0.00016895887540968602,0.0021611608521148185,0.015087641446638544
2022-07-08,253.85,296.21,390.43,411.44,0.00802128419965853,0.0007770795324006929,0.0023362086670775106,-0.0007528840315725871
2022-07-11,256.54,298.36,393.88,406.7,0.010596809139255647,0.00725836399851465,0.008836411136439182,-0.011520513319074444
2022-07-12,252.35,297.5,392.01,402.95,-0.016332735635768425,-0.002882423917415222,-0.0047476388747842435,-0.009220555692156407
2022-07-13,254.76,297.87,392.55,401.16,0.009550227858133642,0.0012436974789915567,0.0013775158796969222,-0.004442238491127792
2022-07-14,260.49,300.61,397.27,400.01,0.022491756947715658,0.009198643703629106,0.012023945994140695,-0.00286668660883449
2022-07-15,256.7,298.82,393.98,407.69,-0.014549502859994679,-0.005954559063238163,-0.008281521383441848,0.01919952001199965
2022-07-18,255.16,297.62,392.21,404.28,-0.005999220880405165,-0.004015795462151139,-0.004492613838266046,-0.008364198287914903
2022-07-19,254.91,296.23,389.82,415.47,-0.000979777394575998,-0.0046703850547678005,-0.006093674307131369,0.027678836449985367
2022-07-20,254.52,296.11,389.45,417.93,-0.001529951747675562,-0.00040509063903049203,-0.0009491560207275374,0.005921005126723999
2022-07-21,249.74,294.35,386.52,422.09,-0.018780449473518757,-0.0059437371247171855,-0.0075234304788804884,0.009953820017706283
2022-07-22,242.8,292.97,384.01,418.15,-0.027788900456474752,-0.004688296245965673,-0.006493842491979707,-0.009334502120400878
2022-07-25,242.19,293.06,384.26,418.7,-0.0025123558484350106,0.00030719868928552607,0.0006510247128981295,0.0013153174698075087
2022-07-26,240.82,293.96,385.73,413.87,-0.005656715801643397,0.0030710434723264513,0.0038255347941498208,-0.011535705755911119
2022-07-27,236.78,292.65,383.11,424.7,-0.016776015281122825,-0.004456388624302643,-0.0067923158686127305,0.026167637180757097
2022-07-28,228.35,289.38,377.48,429.91,-0.035602669144353394,-0.011173757047667765,-0.014695518258463602,0.012267482929126494
2022-07-29,225.57,287.98,374.84,436.06,-0.012174293847164397,-0.004837929366231175,-0.0069937480131399,0.014305319718080467
2022-08-01,223.82,286.1,371.86,434.83,-0.007758123863988997,-0.00652823112716161,-0.007950058691708395,-0.002820712745952414
2022-08-02,228.95,287.91,374.84,431.94,0.022920203735144362,0.0063264592799721076,0.008013768622599837,-0.0066462755559644204
2022-08-03,231.31,288.92,376.16,438.7,0.010307927495086355,0.003508040707165483,0.0035215025077368622,0.015650321803954315
2022-08-04,224.87,286.21,372.08,438.4,-0.027841424927586345,-0.009379759102865926,-0.010846448319864033,-0.0006838386140870512
2022-08-05,232.56,287.99,375.28,437.74,0.03419753635433809,0.0062192096712205824,0.008600301010535327,-0.001505474452554667
2022-08-08,228.03,286.6,372.97,437.21,-0.019478844169246612,-0.004826556477655397,-0.00615540396503933,-0.0012107643806826829
2022-08-09,229.07,287.25,374.11,435.38,0.004560803403060865,0.002267969295184802,0.0030565461029037344,-0.004185631618672914
2022-08-10,222.02,285.62,371.02,444.67,-0.03077661850089486,-0.005674499564839008,-0.00825960279062321,0.02133768202489783
2022-08-11,222.27,286.19,372.13,444.47,0.0011260246824611464,0.0019956585673270855,0.0029917524661744466,-0.00044977174084148697
2022-08-12,222.33,287.27,373.51,452.23,0.000269941962478093,0.003773716761591883,0.0037083814795904058,0.017458996107723834
2022-08-15,225.36,288.19,374.8,454.04,0.013628390230738141,0.0032025620496398677,0.0034537227918931546,0.004002388165314175
2022-08-16,227.25,289.43,376.58,454.91,0.008386581469648435,0.00430271695756268,0.004749199573105489,0.0019161307373800618
2022-08-17,230.14,291.2,379.29,451.7,0.01271727172717263,0.006115468334312313,0.007196346061925762,-0.007056340814666662
2022-08-18,231.61,292.82,381.98,452.8,0.006387416355262188,0.0055631868131869044,0.007092198581560183,0.0024352446313926635
2022-08-19,233.86,294.81,385.41,446.97,0.009714606450498708,0.006795983880882428,0.008979527723964598,-0.012875441696112988
2022-08-22,236.15,297.27,389.36,437.45,0.009792183357564266,0.008344357382721102,0.010248825925637695,-0.021298968610868774
2022-08-23,232.8,296.72,388.44,436.48,-0.014185898793139917,-0.0018501698792342536,-0.002362851859461723,-0.002217396273859751
2022-08-24,233.93,298.23,390.57,437.76,0.004853951890034347,0.005088972768940492,0.0054834723509422645,0.0029325513196480912
2022-08-25,232.03,297.19,389.23,443.94,-0.008122087804043998,-0.003487241390872864,-0.0034308830683359437,0.014117324561403466
2022-08-26,232.53,299.04,391.69,428.99,0.0021548937637374532,0.006224973922406507,0.0063201705932225405,-0.03367572194440682
2022-08-29,230.68,299.2,392.16,426.15,-0.007955962671483241,0.0005350454788655146,0.0011999285148971417,-0.006620200937084819
2022-08-30,233.26,298.31,391.24,421.49,0.011184324605514107,-0.0029745989304812426,-0.0023459812321501294,-0.010935116742930795
2022-08-31,233.74,297.39,389.79,418.28,0.002057789591014325,-0.0030840400925212785,-0.003706165013802276,-0.007615839047189765
2022-09-01,239.67,299.71,394.34,419.6,0.025370069307777854,0.0078012038064494416,0.011672952102413925,0.003155780816678
2022-09-02,235.32,297.88,391.25,415.13,-0.018149956189760896,-0.006105902372293137,-0.0078358776690165,-0.01065300285986659
2022-09-05,236.29,298.87,392.98,,0.004122046574876803,0.0033234859675037587,0.004421725239616592,
2022-09-06,240.65,300.09,395.05,413.45,0.018451902323416203,0.004082042359554228,0.005267443635808444,
2022-09-07,240.17,298.17,391.66,421.05,-0.0019945979638479328,-0.006398080575827136,-0.008581192254144998,0.01838190833232556
2022-09-08,241.86,298.67,392.56,423.88,0.007036682350002099,0.0016768957306234622,0.002297911453811974,0.0067212920080750305
2022-09-09,238.12,296.79,389.76,430.39,-0.015463491275944818,-0.006294572605216486,-0.007132667617689048,0.015358120222704441
2022-09-12,234.93,295.07,385.87,434.95,-0.013396606752897666,-0.005795343508878448,-0.009980500821017979,0.010595041706359387
2022-09-13,243.46,298.91,393.05,416.16,0.0363086876942067,0.013013861117701087,0.018607302977686757,-0.043200367858374444
2022-09-14,242.95,298.82,393.62,417.68,-0.0020947999671404594,-0.0003010939747750685,0.0014501971759317556,0.00365244136870424
2022-09-15,246.18,299.72,395.06,412.99,0.01329491664951643,0.0030118465966133545,0.003658350693562351,-0.011228691821490111
2022-09-16,246.67,299.39,394.47,410.03,0.0019904135185635496,-0.0011010276257842344,-0.0014934440338175703,-0.007167243758928854
2022-09-19,249.19,300.31,395.91,412.85,0.010216078161106035,0.003072914927018333,0.0036504677161761645,0.0068775455454479495
2022-09-20,253.83,302.3,399.48,408.2,0.01862032986877482,0.006626485964503326,0.009017200878987719,-0.011263170643090792
2022-09-21,253.86,302.5,400.23,401.24,0.00011818933932161713,0.0006615944426067166,0.001877440672874764,-0.017050465458108732
2022-09-22,261.59,305.15,404.61,397.88,0.030449854250374164,0.008760330578512221,0.010943707368263222,-0.008374040474528943
2022-09-23,271.78,308.88,411.59,391.03,0.038954088459038916,0.012223496640996201,0.017251180148785128,-0.017216246104353128
2022-09-26,279.69,312.21,417.11,386.99,0.029104422694826715,0.010780885780885763,0.013411404553074657,-0.010331688105771897
2022-09-27,280.31,312.75,418.47,386.19,0.002216739962100922,0.001729605073508278,0.003260530795233807,-0.0020672368795059404
2022-09-28,269.07,308.96,412.05,393.81,-0.04009846241661019,-0.012118305355715453,-0.015341601548498174,0.01973122038374897
2022-09-29,271.6,309.68,412.96,385.55,0.009402757646709059,0.002330398757120822,0.0022084698458924024,-0.02097458165104993
2022-09-30,272.34,309.26,412.25,379.76,0.002724594992635998,-0.0013562386980109364,-0.0017192948469585412,-0.015017507456879797
2022-10-03,259.99,305.85,406.36,389.59,-0.045347727105823465,-0.011026320895039632,-0.014287446937537918,0.02588476932799666
2022-10-04,247.45,302.01,398.89,401.54,-0.048232624331705165,-0.012555174104953548,-0.018382714834137337,0.030673271901229704
2022-10-05,252.7,304.5,402.74,400.77,0.021216407355021172,0.008244760107281257,0.009651783699766936,-0.0019176171738806147
2022-10-06,259.03,307.49,406.95,396.76,0.025049465769687362,0.009819376026272586,0.010453394249391623,-0.01000573895251633
2022-10-07,263.88,311.36,412.24,385.66,0.01872369995753398,0.012585775147159195,0.012999139943482119,-0.02797661054541778
2022-10-10,271.87,313.29,416.23,382.77,0.03027891465817789,0.006198612538540704,0.009678827867261708,-0.0074936472540581
2022-10-11,271.46,313.14,416.55,380.29,-0.001508073711700586,-0.00047878961984115787,0.0007688057083823363,-0.006479086657783961
2022-10-12,273.27,313.26,416.96,379.04,0.006667649009062027,0.00038321517532091676,0.0009842755971671835,-0.0032869652107602176
2022-10-13,268.35,313.11,416.47,388.94,-0.018004171698320248,-0.0004788354721316779,-0.0011751726784342553,0.026118615449556737
2022-10-14,275.47,314.94,419.08,379.75,0.02653251350847774,0.005844591357669682,0.006266958004177869,-0.023628323134673668
2022-10-17,267.93,312.39,415.06,389.8,-0.027371401604530554,-0.008096780339112208,-0.009592440584136663,0.026464779460171117
2022-10-18,266.77,311.53,413.6,394.27,-0.00432948904564634,-0.0027529690451039146,-0.0035175637257263137,0.01146741918932781
2022-10-19,273.11,314.76,418.54,391.64,0.023765790756082206,0.01036818283953389,0.01194390715667315,-0.006670555710553638
2022-10-20,275.03,315.59,419.87,388.57,0.007030134378089192,0.0026369297242343492,0.0031777130023413758,-0.00783883158002241
2022-10-21,272.19,313.89,417.4,397.79,-0.010326146238592071,-0.005386735954878152,-0.005882773239336059,0.023728028411869273
2022-10-24,270.45,314.02,417.98,402.52,-0.006392593409015768,0.0004141578259899692,0.0013895543842836755,0.011890696095929965
2022-10-25,261.4,310.69,412.77,409.07,-0.03346274727306342,-0.010604420100630452,-0.012464711230202541,0.01627248335486442
2022-10-26,254.06,307.75,407.56,406.05,-0.028079571537872883,-0.009462808587337834,-0.012622041330523026,-0.007382599555088354
2022-10-27,252.07,307.16,406.71,403.59,-0.007832795402660797,-0.001917140536149442,-0.0020855824909216114,-0.006058367196158154
2022-10-28,257.29,309.02,410.01,413.57,0.02070853334391254,0.006055475973433921,0.008113889503577498,0.02472806561114016
2022-10-31,260.52,310.71,413.04,410.5,0.012553927474833637,0.005468901689211103,0.007390063656984136,-0.00742316899194817
2022-11-01,258.38,309.93,411.42,408.82,-0.008214340549669852,-0.0025103794535096258,-0.003922138291690858,-0.0040925700365408435
2022-11-02,258.13,310.35,411.56,398.6,-0.0009675671491601312,0.0013551447100959013,0.000340284867045737,-0.024998776967858682
2022-11-03,269.74,314.09,417.07,394.43,0.04497733700073603,0.012050910262606518,0.013388084361939834,-0.010461615654791756
2022-11-04,258.65,310.7,410.88,399.89,-0.0411136650107512,-0.010793084784615825,-0.014841633298966594,0.013842760439114699
2022-11-07,257.62,310.27,410.61,403.74,-0.003982215348927065,-0.001383971676858775,-0.0006571261682242202,0.009627647603090983
2022-11-08,254.19,307.68,406.93,406.01,-0.013314183681391256,-0.00834756824701055,-0.008962275638683903,0.005622430276910784
2022-11-09,256.76,307.26,406.71,397.66,0.010110547228451061,-0.001365054602184168,-0.0005406335241934235,-0.020565995911430712
2022-11-10,236.72,299.74,395.43,419.73,-0.07804954042685774,-0.024474386513050783,-0.027734749575864748,0.05549967308756232
2022-11-11,231.32,297.44,391.08,423.61,-0.02281176072997637,-0.007673316874624692,-0.011000682801001527,0.009244037833845642
2022-11-14,234.12,297.3,391.44,419.92,0.012104444060176522,-0.0004706831629908148,0.0009205277692543312,-0.008710842520242679
2022-11-15,231.95,296.12,389.96,423.61,-0.00926875106782854,-0.003969054826774343,-0.0037809115062333865,0.008787388073918878
2022-11-16,230.03,295.71,389.39,420.21,-0.008277646044406062,-0.0013845738214238734,-0.0014616883782951895,-0.008026250560657311
2022-11-17,232.93,296.34,390.57,419.0,0.012607051254184265,0.002130465658922498,0.0030303808521019437,-0.002879512624640035
2022-11-18,234.64,296.76,391.32,421.01,0.007341261323144277,0.0014172909495850927,0.0019202703740686111,0.004797136038186212
2022-11-21,236.62,297.27,392.41,419.42,0.008438458915785985,0.0017185604528910936,0.0027854441377901384,-0.0037766323840288107
2022-11-22,233.57,297.0,392.01,425.12,-0.012889865607302875,-0.0009082652134422275,-0.0010193420147295296,0.013590195984931608
2022-11-23,228.81,295.89,389.95,427.66,-0.020379329537183688,-0.003737373737373817,-0.005254967985510617,0.005974783590515731
2022-11-24,228.24,295.73,389.53,,-0.0024911498623311212,-0.0005407414917705244,-0.001077061161687487,
2022-11-25,230.58,296.1,390.22,427.55,0.010252365930599305,0.0012511412437019587,0.0017713654917466126,
2022-11-28,232.9,296.46,390.67,420.95,0.010061583832075671,0.0012158054711244315,0.0011531956332324622,-0.015436791018594409
2022-11-29,232.32,295.78,389.78,420.32,-0.002490339201373981,-0.0022937327126762996,-0.002278137558553328,-0.0014966147998574097
2022-11-30,229.47,294.9,388.12,433.44,-0.01226756198347101,-0.0029751842585705734,-0.004258812663553768,0.031214312904453756
2022-12-01,224.19,292.17,384.1,433.14,-0.023009543731206672,-0.009257375381485078,-0.010357621354220248,-0.0006921373200443615
2022-12-02,224.59,291.35,383.01,432.65,0.0017842009010213822,-0.002806585207242307,-0.0028378026555585523,-0.0011312739529943938
2022-12-05,224.17,291.78,383.29,424.92,-0.0018700743577185763,0.0014758881070875418,0.0007310514085794306,-0.01786663584883852
2022-12-06,221.81,291.23,382.03,418.82,-0.010527724494802992,-0.0018849818356294623,-0.0032873281327455706,-0.0143556434152311
2022-12-07,221.67,290.65,380.93,418.05,-0.0006311708218746936,-0.0019915530680220117,-0.0028793550244744504,-0.0018384986390334035
2022-12-08,223.85,291.06,381.4,421.25,0.009834438579870985,0.0014106313435404694,0.0012338224870709347,0.007654586771917105
2022-12-09,226.2,291.77,382.56,418.17,0.010498101407192317,0.002439359582216749,0.0030414263240692296,-0.007311572700296698
2022-12-12,224.96,291.29,382.56,424.14,-0.005481874447391566,-0.0016451314391471294,0.0,0.01427649042255541
2022-12-13,228.27,290.05,381.16,427.25,0.014713726884779454,-0.004256926087404356,-0.00365955667084894,0.007332484556985985
2022-12-14,229.41,290.2,381.42,424.75,0.004994085950847715,0.0005171522151352637,0.0006821282401090478,-0.005851375073142151
2022-12-15,223.79,290.39,380.91,414.19,-0.02449762434070013,0.0006547208821501282,-0.0013371086990718872,-0.024861683343142982
2022-12-16,224.69,290.52,381.02,409.61,0.004021627418562046,0.0004476738179688411,0.00028878212701144435,-0.011057727130061035
2022-12-19,225.36,290.71,381.38,405.95,0.0029818861542569852,0.0006539997246317597,0.0009448322922680497,-0.008935328727326053
2022-12-20,228.1,290.86,381.64,406.39,0.012158324458643843,0.0005159781225276827,0.0006817347527399154,0.0010838773247936473
2022-12-21,227.8,291.31,382.25,412.49,-0.0013152126260411734,0.0015471360792134181,0.001598364951262976,0.015010211865449596
2022-12-22,227.2,291.83,383.16,406.52,-0.0026338893766463256,0.0017850399917613835,0.0023806409417921337,-0.01447307813522758
2022-12-23,228.03,293.02,384.88,408.92,0.003653169014084634,0.0040777164787719755,0.0044889863242509875,0.005903768572272039
2022-12-26,228.27,293.02,384.99,,0.0010524930930140286,0.0,0.0002858033672834548,
2022-12-27,230.32,293.89,386.3,407.3,0.008980593157225991,0.002969080608832275,0.0034026857840463443,
2022-12-28,229.73,294.23,386.8,402.41,-0.0025616533518583173,0.0011568954370684281,0.0012943308309603108,-0.012005892462558232
2022-12-29,232.7,294.08,386.72,409.49,0.01292822008444694,-0.0005098052543929255,-0.00020682523267834263,0.017593996173057347
2022-12-30,232.57,294.64,387.22,408.47,-0.0005586592178771221,0.0019042437431990855,0.0012929251137774322,-0.0024909033187623386
2023-01-02,232.54,294.37,386.89,,-0.0001289934213355437,-0.0009163725224001773,-0.0008522287071950352,
2023-01-03,232.94,293.29,385.6,406.85,0.0017201341704653483,-0.003668852124876776,-0.003334281061800448,
2023-01-04,233.9,291.85,383.52,409.94,0.004121232935519803,-0.004909816222851138,-0.0053941908713693865,0.0075949367088608
2023-01-05,232.85,292.49,384.23,405.23,-0.004489097905087669,0.002192907315401671,0.0018512724238632927,-0.011489486266282767
2023-01-06,234.1,291.21,382.63,414.49,0.0053682628301481294,-0.0043762179903586995,-0.004164172500845886,0.022851220294647367
2023-01-09,236.29,290.33,381.2,414.25,0.009354976505766777,-0.0030218742488238304,-0.0037372919007918615,-0.0005790248256893893
2023-01-10,236.94,291.92,383.16,417.14,0.002750856997757012,0.0054765267109841975,0.005141657922350662,0.006976463488231666
2023-01-11,234.68,291.64,382.17,422.51,-0.00953827973326582,-0.0009591668950398313,-0.002583777012214239,0.012873375845040114
2023-01-12,236.54,291.38,381.5,424.01,0.007925686040565871,-0.000891510080921698,-0.0017531465054818618,0.003550211829305816
2023-01-13,239.55,292.39,382.86,425.72,0.012725120487021346,0.003466263985173912,0.00356487549148099,0.004032923751798423
2023-01-16,239.69,292.47,383.01,,0.0005844291379668576,0.00027360716850788336,0.00039178812098406013,
2023-01-17,238.0,291.55,381.43,424.85,-0.007050773916308595,-0.003145621773173346,-0.004125218662698105,
2023-01-18,234.37,289.67,378.11,418.24,-0.015252100840336125,-0.006448293603155575,-0.00870408725060956,-0.015558432387901666
2023-01-19,233.87,289.26,377.07,415.1,-0.0021333788454154234,-0.0014154037352850368,-0.0027505223347703556,-0.007507651109410873
2023-01-20,235.55,290.75,379.16,422.96,0.007183478000598598,0.005151075157298068,0.00554273742275968,0.018935196338231597
2023-01-23,235.85,291.76,380.16,427.99,0.0012736149437486688,0.0034737747205502156,0.0026374090093892466,0.01189237752979011
2023-01-24,235.53,291.67,380.24,427.69,-0.0013567945728216735,-0.0003084727173018331,0.00021043771043771642,-0.0007009509567981187
2023-01-25,235.87,291.58,380.57,427.62,0.0014435528382796825,-0.00030856790208122487,0.0008678729223647874,-0.000163669947859435
2023-01-26,236.51,292.71,381.99,432.36,0.002713359053716058,0.003875437272789606,0.003731245237407199,0.011084607829381143
2023-01-27,236.92,292.22,381.69,433.44,0.0017335419221173876,-0.0016740118205731402,-0.0007853608733213724,0.0024979184013322886
2023-01-30,235.96,292.78,382.75,427.86,-0.0040520006753334,0.001916364382998914,0.0027771227959862976,-0.01287375415282388
2023-01-31,236.4,292.26,381.93,434.14,0.0018647228343786626,-0.0017760776009290158,-0.0021423905943827037,0.014677698312532073
2023-02-01,239.62,291.71,381.92,438.68,0.013620981387478803,-0.0018818859919250697,-2.618280836796938e-05,0.010457456120145592
2023-02-02,237.29,291.58,381.38,445.15,-0.009723729237960166,-0.00044564807514313465,-0.0014139086719732186,0.014748791830035524
2023-02-03,229.63,291.6,380.72,440.56,-0.03228117493362548,6.859181013796345e-05,-0.0017305574492630926,-0.010311131079411395
2023-02-06,225.88,290.74,378.51,437.88,-0.0163306188215826,-0.0029492455418381747,-0.005804790922462777,-0.006083166878518287
2023-02-07,228.13,290.63,378.8,443.53,0.009961041260846404,-0.0003783449129807215,0.0007661620564847205,0.012903078468986973
2023-02-08,228.96,291.12,379.62,438.63,0.0036382764213387375,0.0016859924990537678,0.0021647307286165596,-0.01104773070592735
2023-02-09,228.56,291.55,380.16,434.82,-0.0017470300489168533,0.0014770541357516098,0.0014224751066855834,-0.008686136379180587
2023-02-10,227.33,291.32,379.14,435.86,-0.005381519075953745,-0.0007888869833648782,-0.0026830808080808843,0.0023917943056896984
2023-02-13,229.43,292.6,381.18,440.92,0.00923767210662918,0.004393793766305221,0.005380598195917186,0.011609232322305374
2023-02-14,229.36,294.34,383.52,440.85,-0.00030510395327543183,0.005946684894053256,0.0061388320478512615,-0.00015875895854122746
2023-02-15,226.82,294.92,384.63,442.18,-0.0110742936867807,0.0019705102942177977,0.0028942428035043655,0.003016899172054055
2023-02-16,227.11,295.54,385.76,436.13,0.0012785468653557786,0.002102265021022731,0.0029378883602422246,-0.01368221086435395
2023-02-17,226.91,295.55,385.79,435.0,-0.0008806305314605911,3.383636732756656e-05,7.776856076313621e-05,-0.0025909705821658413
2023-02-20,227.24,295.63,386.21,,0.0014543210964699238,0.00027068177973266216,0.001088675185981991,
2023-02-21,224.07,298.05,388.36,426.29,-0.0139500088012674,0.00818590806075159,0.005566919551539318,
2023-02-22,222.05,297.01,386.89,425.62,-0.009015039942874892,-0.0034893474249287904,-0.0037851478010094697,-0.0015717000164208184
2023-02-23,222.18,296.32,386.37,427.93,0.0005854537266380966,-0.002323154102555458,-0.0013440512807257887,0.005427376533057693
2023-02-24,217.82,297.73,387.3,423.44,-0.01962372850841665,0.0047583693304535934,0.002407019178507719,-0.010492370247470406
2023-02-27,219.72,298.4,388.78,424.79,0.008722798641079832,0.002250361065394779,0.003821327136586561,0.003188173058756849
2023-02-28,219.88,298.49,389.04,423.54,0.0007281995266703589,0.00030160857908856364,0.0006687586810021351,-0.0029426304762353306
2023-03-01,222.76,301.11,392.48,421.57,0.013098053483718397,0.008777513484538924,0.008842278428953243,-0.004651272607073764
2023-03-02,221.69,302.46,394.53,424.83,-0.004803375830490175,0.004483411377901758,0.005223196086424631,0.007732998078610942
2023-03-03,224.21,301.93,394.05,431.72,0.011367224502683904,-0.0017522978245055887,-0.001216637518059338,0.01621825200668514
2023-03-06,225.35,304.56,397.8,432.04,0.005084518977743979,0.00871062829132585,0.009516558812333376,0.0007412211618642583
2023-03-07,220.23,304.99,398.88,425.43,-0.022720213001996892,0.0014118728657734891,0.002714932126696823,-0.015299509304694037
2023-03-08,220.87,305.42,399.78,426.07,0.0029060527630204724,0.0014098822912227416,0.002256317689530718,0.0015043602942903522
2023-03-09,220.78,303.75,397.51,418.27,-0.0004074795128355957,-0.005467880295985883,-0.005678122967632149,-0.01830685098692708
2023-03-10,215.33,294.42,382.5,412.25,-0.024685206993387054,-0.030716049382715993,-0.03776005635078361,-0.014392617208979774
2023-03-13,210.76,281.11,360.94,411.63,-0.0212232387498259,-0.04520752666259087,-0.05636601307189548,-0.001503941782898699
2023-03-14,213.48,284.32,366.48,418.52,0.012905674701081837,0.011419017466472114,0.015348811436803889,0.01673833296892835
2023-03-15,204.75,278.45,356.64,415.61,-0.04089376053962901,-0.020645751266178958,-0.026850032743942487,-0.006953072732485799
2023-03-16,207.39,279.49,359.24,422.97,0.012893772893772804,0.0037349613934278825,0.007290264692687343,0.017708909795240757
2023-03-17,206.46,277.71,355.36,418.32,-0.004484304932735328,-0.006368743067730609,-0.010800579000111332,-0.010993687495567173
2023-03-20,207.12,278.49,356.68,422.05,0.0031967451322290064,0.002808685319217963,0.0037145429986491507,0.008916618856377845
2023-03-21,211.02,279.71,359.51,427.56,0.018829663962919962,0.004380767711587463,0.007934282830548423,0.013055325198436218
2023-03-22,211.24,280.02,359.77,420.56,0.0010425552080370881,0.0011082907296842137,0.0007232065867430748,-0.016371971185330736
2023-03-23,210.14,278.73,357.09,421.85,-0.005207347093353687,-0.0046068137990141755,-0.007449203657892589,0.0030673387863802137
2023-03-24,207.71,277.48,355.43,424.23,-0.011563719425145003,-0.004484626699673533,-0.0046486880058247415,0.005641815811307405
2023-03-27,207.85,277.31,356.14,424.93,0.0006740166578402818,-0.0006126567680554418,0.001997580395577181,0.0016500483228436558
2023-03-28,209.29,277.63,356.79,424.27,0.006928073129660817,0.0011539432404168437,0.001825124950862067,-0.0015531969971525061
2023-03-29,210.0,278.21,357.83,430.31,0.0033924219981844583,0.002089111407268529,0.0029148799013423154,0.0142362175030053
2023-03-30,212.28,279.62,359.94,432.83,0.010857142857142899,0.0050681140145933945,0.005896654836095472,0.005856243173526066
2023-03-31,211.67,279.35,359.09,439.09,-0.002873563218390829,-0.0009655961662254908,-0.0023615046952270013,0.014462953122472921
2023-04-03,211.06,278.1,356.81,440.72,-0.0028818443804033977,-0.004474673348845548,-0.00634938316299527,0.0037122230066730655
2023-04-04,215.69,278.56,358.16,438.2,0.02193688998389076,0.0016540812657317439,0.0037835262464618324,-0.00571791613723005
2023-04-05,214.34,278.12,357.64,437.17,-0.006258982799387969,-0.0015795519816197423,-0.0014518650882288098,-0.0023505248744865037
2023-04-06,215.39,279.7,360.53,438.82,0.004898758981058071,0.005681001006759612,0.008080751593781521,0.0037742754534848544
2023-04-07,213.8,279.73,360.53,,-0.007381958308184999,0.00010725777618891819,0.0,
2023-04-10,210.98,279.8,360.72,439.27,-0.013189897100093662,0.00025024130411455126,0.0005270019138492454,
2023-04-11,211.32,281.95,363.82,439.25,0.0016115271589725033,0.007684060042887797,0.008593923264581749,-4.553008400298708e-05
2023-04-12,212.39,282.75,365.06,437.44,0.0050634109407532435,0.0028373825146303933,0.003408278819196253,-0.004120660216277772
2023-04-13,214.53,283.58,366.11,443.31,0.010075803945571948,0.002935455349248439,0.0028762395222703407,0.013418983174835475
2023-04-14,209.35,283.23,365.64,442.4,-0.024145807113224338,-0.0012342196205654687,-0.0012837671738002987,-0.002052739617874666
2023-04-17,206.2,282.42,364.52,443.87,-0.01504657272510157,-0.0028598665395614953,-0.003063122196696244,0.003322784810126711
2023-04-18,207.3,282.37,364.48,444.25,0.0053346265761398115,-0.00017704128602791247,-0.00010973334796438028,0.0008561065176739824
2023-04-19,206.33,282.74,365.64,444.21,-0.004679208876025132,0.0013103375004426265,0.003182616330114074,-9.003939223417579e-05
2023-04-20,208.29,282.26,365.75,441.61,0.00949934570833122,-0.0016976727735729114,0.00030084235860416975,-0.005853087503658094
2023-04-21,208.41,282.81,366.73,442.02,0.0005761198329252704,0.0019485580670304259,0.002679425837320615,0.0009284210049591568
2023-04-24,209.02,283.85,368.23,442.4,0.0029269228923756163,0.0036773805735299536,0.004090202601368942,0.0008596896068051585
2023-04-25,208.07,282.29,365.79,435.42,-0.004545019615347923,-0.005495860489695303,-0.006626293349265344,-0.0157775768535261
2023-04-26,208.22,282.97,367.03,433.75,0.0007209112317969613,0.0024088703106734943,0.0033899231799665586,-0.003835377336824264
2023-04-27,208.99,284.62,369.61,442.25,0.003698011718374916,0.005831006820510964,0.0070293981418414475,0.019596541786743416
2023-04-28,210.46,285.06,369.47,445.95,0.007033829369826217,0.0015459208769588173,-0.0003787776304753354,0.008366308648954268
2023-05-01,209.3,285.58,370.02,445.77,-0.0055117361969020395,0.0018241773661684668,0.0014886188323814942,-0.0004036326942482571
2023-05-02,207.75,284.17,368.57,440.61,-0.007405637840420476,-0.004937320540653989,-0.003918707096913665,-0.011575476142405172
2023-05-03,208.51,284.08,368.34,437.54,0.0036582430806257893,-0.0003167118274273184,-0.0006240334264862035,-0.006967613081863777
2023-05-04,207.85,282.48,365.88,434.42,-0.0031653158121912606,-0.005632216277104973,-0.006678612151816199,-0.007130776614709511
2023-05-05,208.03,282.43,366.54,442.48,0.0008660091412076021,-0.00017700368167661296,0.0018038701213514141,0.018553473596979897
2023-05-08,207.42,281.69,365.24,442.68,-0.0029322693842235292,-0.0026201182593917904,-0.003546679762099658,0.00045199783041027786
2023-05-09,208.15,282.58,366.88,440.69,0.003519429177514244,0.0031595015797507564,0.0044901982258240825,-0.004495346525707045
2023-05-10,208.8,283.04,367.86,442.67,0.003122748018256072,0.0016278575978485588,0.002671173135630145,0.004492954230865376
2023-05-11,207.47,283.32,368.35,442.02,-0.006369731800766387,0.000989259468626269,0.0013320284890991907,-0.0014683624370299686
2023-05-12,208.5,284.58,370.35,441.42,0.004964573191304833,0.004447268106734459,0.005429618569295469,-0.0013574046423238117
2023-05-15,208.42,283.75,369.24,442.78,-0.0003836930455636267,-0.0029165788179070784,-0.0029971648440664245,0.003080965973449201
2023-05-16,208.38,285.09,371.09,439.98,-0.00019192016121294397,0.004722466960352278,0.005010291409381251,-0.006323682189800728
2023-05-17,207.9,285.76,372.2,445.3,-0.0023034840195795825,0.0023501350450736425,0.002991188121479915,0.012091458702668367
2023-05-18,208.12,287.48,374.1,449.59,0.0010582010582009804,0.006019036954087342,0.005104782375067174,0.009633954637322972
2023-05-19,209.17,288.51,376.34,448.95,0.005045166250240207,0.003582857937943329,0.005987703822507129,-0.0014235192063880575
2023-05-22,208.09,289.32,377.39,449.07,-0.005163264330448891,0.002807528335239784,0.002790030291757395,0.00026729034413630615
2023-05-23,207.35,288.98,376.81,444.04,-0.003556153587390143,-0.0011751693626433912,-0.0015368716712154118,-0.01120092635891945
2023-05-24,206.25,289.42,376.67,440.8,-0.0053050397877983935,0.001522596719496061,-0.00037154003343853326,-0.007296639942347527
2023-05-25,205.97,292.19,381.23,444.67,-0.0013575757575757796,0.009570865869670264,0.012106087556747358,0.008779491833030839
2023-05-26,206.73,293.34,383.52,450.51,0.003689857746273617,0.003935795201752246,0.006006872491671533,0.013133334832572396
2023-05-29,206.87,293.15,383.48,,0.0006772118221836099,-0.0006477125519874782,-0.00010429703796399625,
2023-05-30,209.08,292.91,383.85,450.54,0.01068303765649925,-0.0008186935016201158,0.0009648482319808416,
2023-05-31,209.27,290.84,380.26,447.88,0.000908743064855555,-0.007067017172510459,-0.009352611697277635,-0.005904026279575647
2023-06-01,210.58,290.2,380.39,452.38,0.006259855688823146,-0.00220052262412318,0.00034187135118068923,0.010047334107350148
2023-06-02,208.23,290.81,381.03,458.98,-0.011159654288156573,0.0021019986216403996,0.0016824837666604697,0.014589504398956787
2023-06-05,207.74,290.64,381.47,458.07,-0.0023531671709167146,-0.0005845741205598998,0.0011547647166891828,-0.0019826571963920125
2023-06-06,207.51,291.11,382.0,459.16,-0.0011071531722346428,0.0016171208367741219,0.0013893622041050158,0.0023795489772306944
2023-06-07,208.05,291.35,381.77,457.42,0.0026022842272661606,0.0008244306275977387,-0.0006020942408377916,-0.0037895287045910386
2023-06-08,208.78,289.91,380.07,460.31,0.0035087719298245723,-0.004942509009781992,-0.004452942871362331,0.0063180446854094185
2023-06-09,209.38,290.35,380.54,460.85,0.002873838490276892,0.0015177123935015135,0.0012366143078907932,0.0011731224609503599
2023-06-12,209.99,291.13,381.59,465.14,0.0029133632629669837,0.0026864129498880285,0.0027592368739159934,0.009308885754583773
2023-06-13,212.02,292.24,382.86,468.39,0.009667127006047993,0.003812729708377649,0.003328179459629599,0.0069871436556736555
2023-06-14,212.81,292.8,383.72,468.88,0.00372606357890759,0.001916233232959197,0.0022462518936425813,0.0010461367663698873
2023-06-15,211.19,291.84,381.39,474.68,-0.007612424228184755,-0.003278688524590234,-0.006072135932450817,0.012369902746971473
2023-06-16,211.87,292.73,382.07,472.94,0.00321984942468867,0.0030496162280704286,0.001782951834080615,-0.0036656273700177433
2023-06-19,212.24,293.12,383.42,,0.0017463538962572134,0.0013322857240460895,0.003533383934881007,
2023-06-20,209.8,291.83,381.73,470.7,-0.011496419148134152,-0.0044009279475982765,-0.004407699128892606,
2023-06-21,209.11,291.73,381.21,468.27,-0.0032888465204956585,-0.0003426652503168981,-0.0013622193697117035,-0.00516252390057359
2023-06-22,211.38,293.23,383.78,470.05,0.01085553058199018,0.005141740650601578,0.006741690931507449,0.0038012257885409184
2023-06-23,210.13,290.97,381.12,466.45,-0.005913520673668238,-0.007707260512225811,-0.006931054249830537,-0.007658759706414275
2023-06-26,208.79,290.31,380.19,464.37,-0.00637700471136915,-0.0022682750799052354,-0.0024401763224181083,-0.004459213206131407
2023-06-27,211.22,292.04,383.28,469.68,0.011638488433354022,0.005959147118597352,0.008127515189773504,0.011434847212352217
2023-06-28,210.59,291.72,383.3,469.52,-0.002982672095445449,-0.0010957403095466223,5.2181173032961325e-05,-0.0003406574689150954
2023-06-29,213.43,293.45,385.8,471.67,0.013485920509046068,0.005930344165638202,0.006522306287503277,0.004579144658374501
2023-06-30,212.42,294.65,388.02,477.48,-0.004732230707960583,0.004089282671664751,0.005754276827371729,0.012317934148875276
2023-07-03,213.39,295.94,390.19,478.06,0.004566425007061392,0.004378075683013849,0.0055924952322046195,0.0012147105637931865
2023-07-04,213.32,295.53,389.47,,-0.00032803786494206566,-0.0013854159626952578,-0.0018452548758296494,
2023-07-05,212.84,295.49,388.93,477.18,-0.002250140633789588,-0.00013535004906428671,-0.0013864996020233056,
2023-07-06,214.75,296.15,389.0,473.44,0.008973877090772353,0.002233578124471114,0.00017998097343996378,-0.007837713231904075
2023-07-07,213.42,295.28,388.02,472.16,-0.00619324796274745,-0.0029377004896167236,-0.0025192802056556163,-0.0027036160865157033
2023-07-10,213.82,294.38,387.48,473.29,0.0018742385905725634,-0.0030479544838796224,-0.0013916808411936765,0.002393256523212539
2023-07-11,214.97,294.32,386.93,476.49,0.005378355626227682,-0.00020381819417081282,-0.0014194280995148967,0.006761182361765483
2023-07-12,212.25,291.03,382.12,480.04,-0.01265292831557896,-0.011178309323185753,-0.01243118910397234,0.0074503137526495955
2023-07-13,210.81,289.31,378.58,484.15,-0.006784452296819787,-0.005910043638112761,-0.009264105516591736,0.008561786517790049
2023-07-14,211.21,290.39,380.66,483.67,0.0018974431952942794,0.0037330199440046563,0.0054942152253156795,-0.000991428276360562
2023-07-17,211.93,290.43,381.59,485.54,0.0034089295014441134,0.00013774579014436128,0.002443125098513077,0.0038662724584943575
2023-07-18,210.52,289.64,379.92,488.99,-0.006653140187797835,-0.002720104672382373,-0.004376424958725256,0.007105490793755331
2023-07-19,209.97,288.69,378.18,490.15,-0.0026125783773514044,-0.0032799337108133653,-0.004579911560328553,0.0023722366510561255
2023-07-20,211.4,288.51,377.35,486.89,0.006810496737629235,-0.0006235061831030286,-0.0021947220900100373,-0.006651025196368399
2023-07-21,213.18,289.45,378.71,487.05,0.008420056764427697,0.003258119302623763,0.003604081091824529,0.0003286163199081038
2023-07-24,213.04,289.57,378.75,489.02,-0.0006567220189511724,0.00041457937467614947,0.00010562171582484403,0.004044759264962394
2023-07-25,213.22,289.23,378.54,490.41,0.0008449117536613038,-0.0011741547812272879,-0.000554455445544555,0.0028424195329435076
2023-07-26,214.71,289.92,379.93,490.34,0.006988087421442746,0.0023856446426719913,0.0036720029587362646,-0.00014273770926376272
2023-07-27,214.5,291.04,380.73,487.22,-0.0009780634343998784,0.003863134657836609,0.002105651040981371,-0.006362931843210684
2023-07-28,215.55,291.63,382.36,492.08,0.004895104895104918,0.0020272127542604323,0.004281249179208357,0.009974959977012254
2023-07-31,216.21,291.52,382.0,492.82,0.003061934585942838,-0.0003771902753489931,-0.0009415210796108742,0.0015038205169890517
2023-08-01,216.2,292.48,382.91,491.52,-4.625132972579937e-05,0.003293084522502765,0.0023821989528796106,-0.002637879956170597
2023-08-02,211.72,289.32,378.15,484.72,-0.020721554116558738,-0.01080415754923425,-0.012431119584236594,-0.01383463541666663
2023-08-03,211.69,289.02,376.45,483.51,-0.00014169658038920563,-0.0010369141435089269,-0.004495570540790639,-0.0024962865159268155
2023-08-04,212.0,288.53,376.62,480.98,0.0014644054986063804,-0.001695384402463529,0.00045158719617477416,-0.0052325701640089095
2023-08-07,211.78,288.7,376.75,485.33,-0.0010377358490566424,0.0005891934980764013,0.0003451755084700192,0.00904403509501428
2023-08-08,209.13,287.37,374.18,483.29,-0.012512985173293023,-0.004606858330446828,-0.006821499668214992,-0.004203325572290972
2023-08-09,211.12,288.22,374.89,479.93,0.00951561229857023,0.0029578592059018582,0.0018974824950557245,-0.00695234745184059
2023-08-10,212.71,289.65,377.48,480.11,0.007531261841606796,0.00496148775241112,0.0069086932166770865,0.0003750546954763845
2023-08-11,214.92,291.96,380.83,479.67,0.010389732499647364,0.007975142413257474,0.008874642365158225,-0.000916456645352115
2023-08-14,215.22,292.62,381.95,482.45,0.0013958682300392322,0.00226058364159476,0.002940944778510035,0.005795651176850658
2023-08-15,215.43,292.83,382.2,476.95,0.0009757457485364274,0.0007176542956734977,0.0006545359340228707,-0.011400145092755776
2023-08-16,215.29,293.08,382.46,473.43,-0.000649863064568601,0.0008537376634907279,0.0006802721088434716,-0.007380228535485811
2023-08-17,216.54,293.98,383.39,469.87,0.005806121975010514,0.0030708339020064646,0.0024316268367934324,-0.007519591069429454
2023-08-18,215.11,292.8,381.16,469.83,-0.006603860718573884,-0.004013878495135792,-0.005816531469260977,-8.512992955500565e-05
2023-08-21,217.41,294.44,383.63,473.07,0.010692203988656779,0.00560109289617472,0.0064802182810368425,0.006896111359427914
2023-08-22,216.29,293.84,382.65,471.76,-0.005151556966100923,-0.002037766607797975,-0.002554544743633258,-0.0027691462151478996
2023-08-23,211.76,289.61,377.06,476.98,-0.020944102824910993,-0.014395589436427825,-0.014608650202534879,0.011064948278785902
2023-08-24,211.72,290.56,378.18,470.58,-0.00018889308651304226,0.003280273471219841,0.0029703495464912244,-0.013417753364921015
2023-08-25,214.73,292.75,381.63,473.79,0.014216890232382262,0.007537169603524241,0.009122640012692251,0.006821369373964048
2023-08-28,215.03,292.58,381.74,476.77,0.0013971033390769438,-0.000580700256191391,0.0002882372979062797,0.0062897064100126965
2023-08-29,212.53,290.89,379.69,483.7,-0.01162628470445981,-0.005776197962950258,-0.005370147220621346,0.014535310527088452
2023-08-30,212.83,290.62,379.32,485.63,0.0014115654260575816,-0.0009281859122004521,-0.0009744791803839581,0.003990076493694428
2023-08-31,210.86,290.01,378.31,484.97,-0.009256213879622277,-0.002098960842337072,-0.002662659495940134,-0.0013590593661840789
2023-09-01,213.16,291.17,380.01,485.87,0.010907711277624799,0.003999862073721605,0.004493669213079254,0.0018557848939109167
2023-09-04,214.05,291.45,380.9,,0.00417526740476637,0.0009616375313390435,0.002342043630430668,
2023-09-05,216.85,294.86,385.72,483.85,0.013081055828077393,0.011700120089209287,0.012654239957994307,
2023-09-06,217.16,295.29,386.11,480.49,0.0014295596034124003,0.0014583192023334135,0.001011096131909195,-0.0069443009197065475
2023-09-07,216.54,294.56,385.24,479.01,-0.002855037760176815,-0.0024721460259407024,-0.002253243894227097,-0.0030801889737559485
2023-09-08,216.37,295.49,386.49,479.73,-0.000785074351159043,0.0031572514937534546,0.00324473055757446,0.001503100144047087
2023-09-11,218.28,295.68,386.66,482.96,0.00882747146092333,0.0006429997631054452,0.00043985614116803795,0.0067329539532652305
2023-09-12,219.04,296.48,387.73,480.23,0.003481766538391051,0.0027056277056276556,0.002767289091191172,-0.005652642040748668
2023-09-13,219.66,296.5,387.48,480.83,0.002830533235938626,6.745817593079018e-05,-0.0006447785830345776,0.0012494013285300198
2023-09-14,220.05,297.99,389.65,485.01,0.0017754711827371317,0.005025295109612138,0.0056002890471764655,0.008693301166732503
2023-09-15,219.86,298.68,390.81,479.14,-0.0008634401272438197,0.0023155139434209993,0.002977030668548819,-0.012102843240345607
2023-09-18,220.32,298.51,390.6,479.49,0.002092240516692323,-0.0005691710191509936,-0.0005373455131648663,0.0007304754351546983
2023-09-19,220.82,299.25,391.42,478.46,0.0022694262890341488,0.0024789789286792097,0.002099334357398952,-0.0021481157062712697
2023-09-20,218.96,297.72,388.88,473.99,-0.008423150076985686,-0.00511278195488718,-0.006489193194011644,-0.009342473770012072
2023-09-21,222.04,299.59,391.45,466.24,0.014066496163682718,0.00628106946123852,0.006608722485085261,-0.01635055591890122
2023-09-22,221.6,298.26,389.53,465.17,-0.001981624932444581,-0.004439400514035796,-0.004904840975859082,-0.0022949553877831264
2023-09-25,222.96,299.02,390.15,467.05,0.006137184115523553,0.002548112385167167,0.0015916617462070626,0.004041533202915115
2023-09-26,224.57,299.71,390.76,460.2,0.007221026193038993,0.002307537957327188,0.0015635012174803897,-0.014666523926774477
2023-09-27,227.67,302.15,393.79,460.31,0.013804159059535914,0.008141203163057664,0.007754120176067136,0.00023902651021301402
2023-09-28,227.97,301.93,393.82,463.09,0.001317696666227386,-0.0007281151745820447,7.618273699172562e-05,0.006039408224891796
2023-09-29,225.78,299.91,391.16,461.85,-0.009606527174628177,-0.0066902924518927875,-0.006754354781372096,-0.0026776652486556474
2023-10-02,229.83,302.38,395.52,461.89,0.01793781557268148,0.008235804074555597,0.011146333980979639,8.660820612749198e-05
2023-10-03,230.59,303.54,396.64,455.58,0.0033067919766782694,0.003836232555063157,0.0028317152103560783,-0.013661261339279918
2023-10-04,228.21,300.53,393.76,459.27,-0.010321349581508321,-0.009916320748501128,-0.007260992335619165,0.008099565389174224
2023-10-05,223.45,297.47,389.57,458.76,-0.02085798168353714,-0.01018201177918987,-0.01064099959366116,-0.0011104579005812854
2023-10-06,223.11,297.18,389.7,464.25,-0.0015215931975832708,-0.0009748882240226964,0.0003337012603639167,0.011967041590374095
2023-10-09,219.52,294.45,385.77,467.18,-0.016090717583254865,-0.009186351706036766,-0.010084680523479661,0.00631125471190086
2023-10-10,219.34,293.22,383.81,469.62,-0.0008199708454811327,-0.004177279673968304,-0.0050807475957176385,0.0052228263196199
2023-10-11,217.95,292.19,382.42,471.66,-0.006337193398377017,-0.003512720823954818,-0.0036215835960501375,0.004343937651718477
2023-10-12,221.75,294.55,385.68,468.76,0.017435191557696683,0.008076936240117849,0.008524658752157244,-0.0061484967985413475
2023-10-13,221.97,293.57,384.66,466.41,0.0009921082299886308,-0.003327109149550256,-0.002644679527069038,-0.005013226384503744
2023-10-16,221.65,294.49,386.68,471.37,-0.0014416362571518793,0.003133835201144519,0.005251390838662662,0.010634420359769248
2023-10-17,225.02,296.22,389.87,471.32,0.015204150688021612,0.005874562803490857,0.008249715527050894,-0.00010607378492477615
2023-10-18,228.49,297.38,391.67,465.0,0.01542085147986838,0.003916008372155666,0.004616923589914723,-0.013409148773656954
2023-10-19,229.44,298.26,393.12,461.1,0.004157731191736902,0.002959176810814368,0.0037020961523730467,-0.00838709677419347
2023-10-20,227.97,297.33,391.71,455.31,-0.006406903765690419,-0.00311808489237575,-0.003586691086691185,-0.01255692908262851
2023-10-23,225.33,296.2,390.25,454.54,-0.011580471114620239,-0.0038004910368950595,-0.003727247198182293,-0.0016911554764884595
2023-10-24,225.13,295.52,389.46,457.86,-0.0008875870944837772,-0.0022957461174881733,-0.0020243433696348623,0.0073040876490517714
2023-10-25,229.4,297.78,392.81,451.29,0.01896681917114562,0.007647536545749789,0.008601653571612022,-0.014349364434543266
2023-10-26,228.62,297.1,391.85,445.96,-0.0034001743679162866,-0.0022835650480218517,-0.0024439296351925766,-0.011810587427153352
2023-10-27,228.4,296.76,391.24,443.83,-0.0009622955122036148,-0.0011443958263211984,-0.0015567181319382506,-0.004776213113283689
2023-10-30,226.34,295.01,388.77,449.2,-0.009019264448336228,-0.0058970211618816215,-0.006313260402821874,0.01209922718157852
2023-10-31,228.58,296.86,391.6,452.14,0.009896615710877521,0.00627097386529285,0.007279368264012209,0.006544968833481768
2023-11-01,226.5,295.59,389.83,456.89,-0.009099658762796503,-0.004278110894024301,-0.0045199182839633645,0.010505595611978613
2023-11-02,219.79,292.86,384.46,465.54,-0.02962472406181016,-0.009235765756622216,-0.013775235359002602,0.01893234695440915
2023-11-03,211.84,288.14,376.25,469.93,-0.03617089039537735,-0.01611691593252762,-0.021354627269416837,0.009429909352579813
2023-11-06,213.96,289.53,377.91,470.77,0.010007552870090697,0.004824043867564409,0.004411960132890469,0.0017875002659970551
2023-11-07,214.34,289.62,378.56,472.12,0.0017760329033464917,0.00031084861672381336,0.0017199862401100496,0.0028676423731335277
2023-11-08,213.2,288.81,377.03,472.61,-0.005318652608006014,-0.002796768178993214,-0.004041631445477645,0.0010378717275270066
2023-11-09,216.51,290.5,379.67,468.88,0.015525328330206367,0.005851597936359587,0.007002095323979551,-0.007892342523433737
2023-11-10,217.39,292.34,382.79,476.28,0.004064477391344523,0.006333907056798482,0.008217662707087792,0.015782289711653297
2023-11-13,216.59,292.28,382.62,475.91,-0.0036800220801324057,-0.0002052404734214086,-0.0004441077353117828,-0.0007768539514569905
2023-11-14,204.98,288.19,375.02,485.09,-0.05360358280622379,-0.01399343095661687,-0.019863049500810304,0.01928936143388449
2023-11-15,205.17,288.07,374.29,485.95,0.0009269196994827755,-0.0004163919636350766,-0.0019465628499811816,0.0017728668906800138
2023-11-16,204.43,288.26,375.01,486.65,-0.0036067651216064034,0.0006595619120353113,0.0019236420957011724,0.0014404774153720101
2023-11-17,203.06,288.03,374.46,487.28,-0.0067015604363351855,-0.0007978907930341617,-0.0014666275565985432,0.0012945648823590172
2023-11-20,201.43,287.66,373.33,490.93,-0.008027184083522099,-0.001284588410929266,-0.0030176787907920666,0.007490559842390443
2023-11-21,200.82,286.84,372.18,489.95,-0.0030283473166857755,-0.002850587499131141,-0.0030803846462914564,-0.0019962112724828396
2023-11-22,201.51,287.7,373.97,491.97,0.0034359127576935045,0.002998187142657871,0.0048095007791928435,0.004122869680579733
2023-11-23,201.66,287.45,373.4,,0.0007443799315169919,-0.000868960722975376,-0.0015241864320668652,
2023-11-24,200.91,288.58,375.42,492.27,-0.0037191312109491337,0.003931118455383631,0.005409748259239455,
2023-11-27,199.41,288.61,376.27,491.32,-0.007466029565477039,0.0001039573081988987,0.0022641308401256666,-0.0019298352530114915
2023-11-28,196.57,287.9,374.53,491.8,-0.014242013941126341,-0.00246006721873826,-0.004624338905573122,0.0009769600260522981
2023-11-29,194.26,286.7,372.77,491.42,-0.01175153889199776,-0.004168113928447292,-0.004699223026192856,-0.0007726718178121539
2023-11-30,195.63,286.66,372.52,493.43,0.007052403994646461,-0.00013951866062078544,-0.0006706548273734958,0.0040901876195513776
2023-12-01,193.39,284.89,369.81,496.37,-0.011450186576700938,-0.0061745621991210475,-0.007274777193170823,0.005958291956305928
2023-12-04,193.71,284.84,369.88,493.69,0.0016546874192049366,-0.0001755063357787856,0.00018928639030857397,-0.005399198178777986
2023-12-05,194.73,285.08,370.53,493.43,0.005265603221310089,0.0008425782895660205,0.0017573267005515092,-0.0005266462760031843
2023-12-06,194.94,285.95,371.39,491.51,0.0010784162686796606,0.0030517749403675687,0.002320999649151334,-0.003891129440852792
2023-12-07,193.11,283.88,368.36,495.51,-0.009387503847337553,-0.007239027802063314,-0.008158539540644494,0.008138186405159509
2023-12-08,193.67,284.96,370.73,497.55,0.002899901610480926,0.0038044244046779863,0.006433923335867009,0.004116970394139496
2023-12-11,193.37,287.4,374.27,499.5,-0.0015490266948933185,0.008562605277933732,0.009548728184932243,0.00391920410009039
2023-12-12,194.5,288.01,374.85,501.82,0.005843719294616578,0.0021224773834378485,0.0015496833836536883,0.0046446446446446465
2023-12-13,194.02,287.53,374.75,508.68,-0.002467866323907386,-0.0016666087983057132,-0.00026677337601710427,0.013670240325216243
2023-12-14,194.86,285.22,371.57,510.15,0.004329450572105875,-0.008033944284074557,-0.008485657104736477,0.002889832507666945
2023-12-15,193.79,284.27,370.5,510.14,-0.0054911218310582655,-0.0033307622186383723,-0.0028796727399951205,-1.960207782025769e-05
2023-12-18,193.65,284.33,370.29,512.45,-0.0007224314980132096,0.0002110669433987855,-0.0005668016194331216,0.004528168737993665
2023-12-19,197.78,286.25,373.7,515.5,0.02132713658662544,0.006752716913445811,0.009208998352642439,0.005951800175626909
2023-12-20,198.31,285.58,372.29,507.99,0.002679745171402681,-0.0023406113537118856,-0.0037730800107036444,-0.014568380213385024
2023-12-21,199.51,285.1,372.09,513.22,0.00605113206595731,-0.0016807899712864005,-0.0005372156114857862,0.010295478257446034
2023-12-22,200.27,285.49,372.69,514.08,0.0038093328655206538,0.0013679410733076214,0.0016125131016690997,0.001675694633880287
2023-12-25,200.45,285.51,372.74,,0.0008987866380385512,7.005499316958819e-05,0.000134159757439134,
2023-12-26,201.11,285.86,373.36,516.25,0.0032925916687454038,0.0012258765016988082,0.0016633578365616852,
2023-12-27,205.22,286.37,374.61,517.03,0.02043657699766288,0.001784090114041792,0.0033479751446325867,0.0015108958837772857
2023-12-28,204.1,285.19,373.0,517.28,-0.005457557742910124,-0.004120543353004824,-0.004297803048503801,0.00048353093630937316
2023-12-29,202.79,284.32,371.32,515.85,-0.006418422341989194,-0.003050597847049308,-0.004504021447721218,-0.0027644602536343044
2024-01-01,202.65,284.31,371.31,,-0.0006903693476009165,-3.51716375913691e-05,-2.693094904659965e-05,
2024-01-02,198.59,284.31,371.52,512.94,-0.020034542314335102,0.0,0.0005655651611859991,
2024-01-03,194.92,282.13,368.14,508.85,-0.018480286016415826,-0.007667686680032371,-0.00909776055124889,-0.007973642141381077
2024-01-04,193.26,281.79,367.89,507.17,-0.008516314385388912,-0.0012051182079182432,-0.0006790894768294864,-0.0033015623464675015
2024-01-05,192.74,281.62,367.44,508.1,-0.0026906757735691844,-0.0006032861350652174,-0.0012231917149148064,0.001833704674961023
2024-01-08,195.12,283.33,371.06,515.28,0.012348241153885997,0.006072011930970733,0.009851948617461304,0.014131076559732225
2024-01-09,191.78,282.36,368.96,514.59,-0.017117671176711813,-0.003423569689055106,-0.005659462081604061,-0.0013390777829528355
2024-01-10,191.97,283.46,370.46,517.52,0.0009907185316508915,0.0038957359399347524,0.0040654813529921174,0.005693853358984757
2024-01-11,191.91,283.82,371.14,517.19,-0.00031254883575559944,0.0012700204614408683,0.0018355557954974344,-0.0006376565156900327
2024-01-12,194.71,284.83,372.81,517.62,0.014590172476681929,0.003558593474737526,0.00449964972786554,0.0008314159206479488
2024-01-15,194.27,285.17,373.07,,-0.0022597709414000633,0.0011936944844295194,0.0006974061854563285,
2024-01-16,187.84,285.23,372.61,515.7,-0.03309826530087001,0.00021040081354972706,-0.001233012571367209,
2024-01-17,183.48,284.94,371.93,512.81,-0.023211243611584442,-0.001016723346071613,-0.0018249644400311071,-0.0056040333527246355
2024-01-18,182.78,285.49,372.16,517.37,-0.003815129714410226,0.0019302309258089068,0.0006183959347190182,0.008892182289736983
2024-01-19,184.33,286.94,374.69,523.77,0.008480140059087482,0.005078987004798696,0.006798151332759961,0.012370257262694029
2024-01-22,185.29,288.97,377.74,524.92,0.005208050778495066,0.007074649752561557,0.008140062451626795,0.0021956202149797654
2024-01-23,183.46,287.01,374.17,526.46,-0.009876409951967147,-0.006782711008063269,-0.009450945094509389,0.002933780385582674
2024-01-24,183.24,285.66,371.76,526.9,-0.0011991714815218213,-0.004703668861712029,-0.006440922575300045,0.0008357709987463213
2024-01-25,183.0,287.15,373.91,529.7,-0.0013097576948265521,0.005215991038297174,0.005783301054443912,0.00531410134750443
2024-01-26,183.73,288.38,375.79,529.35,0.003989071038251302,0.0042834755354344,0.0050279479019015305,-0.0006607513686992528
2024-01-29,186.03,289.46,378.59,533.36,0.012518369346323555,0.00374505860323171,0.007450969956624531,0.00757532823273821
2024-01-30,186.42,288.88,377.41,533.08,0.002096436058700135,-0.0020037310854694734,-0.0031168282310677364,-0.0005249737513123298
2024-01-31,188.9,287.46,375.94,524.51,0.01330329363802174,-0.004915535862641929,-0.0038949683368221244,-0.016076386283484734
2024-02-01,191.48,287.97,378.28,531.1,0.013658020116463554,0.0017741598831142458,0.006224397510240953,0.012564107452670115
2024-02-02,188.12,289.67,380.8,536.8,-0.017547524545644344,0.005903392714518896,0.006661732050333269,0.010732442101299089
2024-02-05,183.62,290.71,380.86,535.09,-0.023920901552200724,0.0035902924016983917,0.0001575630252101945,-0.003185543964232318
2024-02-06,185.17,290.08,380.51,536.34,0.008441346258577509,-0.0021671081146159565,-0.0009189728509163553,0.0023360556168121605
2024-02-07,185.27,292.13,383.91,540.77,0.0005400442836314134,0.007067015995587456,0.008935376205618795,0.008259686020061885
2024-02-08,183.55,295.47,388.56,541.15,-0.009283748043396156,0.011433266011707133,0.012112213800109295,0.0007027017031269178
2024-02-09,183.44,297.85,392.13,544.31,-0.0005992917461182801,0.008054963278843807,0.009187770228536118,0.005839416058394109
2024-02-12,183.92,297.84,392.59,543.8,0.0026166593981682418,-3.357394661762658e-05,0.0011730803560043856,-0.0009369660671308955
2024-02-13,179.11,300.02,395.04,536.42,-0.026152675076119958,0.007319366102605418,0.006240607249293317,-0.013571165869805113
2024-02-14,181.73,299.08,394.86,541.66,0.014627882306962103,-0.0031331244583694406,-0.00045565006075332093,0.009768465008761718
2024-02-15,184.34,299.93,396.86,544.94,0.014361965553293388,0.0028420489501137514,0.005065086359722359,0.0060554591441126515
2024-02-16,182.29,299.85,396.06,542.41,-0.011120755126396986,-0.00026672890341072897,-0.0020158242201280263,-0.004642712959225026
2024-02-19,182.48,300.47,397.3,,0.0010422952438422506,0.002067700516925175,0.003130838761803867,
2024-02-20,183.65,298.72,395.0,539.17,0.006411661551950942,-0.005824208739641179,-0.005789076264787307,
2024-02-21,183.69,298.99,394.99,539.88,0.00021780560849427033,0.0009038564542045435,-2.5316455696144935e-05,0.0013168388448911994
2024-02-22,185.22,302.52,400.89,551.31,0.008329250367467012,0.011806414930265241,0.014937087014861072,0.02117137141587011
2024-02-23,186.65,302.96,402.93,551.51,0.007720548536875205,0.0014544492926087393,0.005088677692135057,0.00036277230596226673
2024-02-26,186.5,303.77,403.78,549.44,-0.000803643182426983,0.0026736202799049202,0.002109547564092873,-0.0037533317618899664
2024-02-27,186.15,303.72,403.26,550.39,-0.0018766756032171372,-0.00016459821575520728,-0.0012878300064390613,0.0017290331974373352
2024-02-28,184.58,301.55,399.8,549.53,-0.008434058554928736,-0.0071447385750033066,-0.008580072409859585,-0.001562528388960538
2024-02-29,185.32,301.59,400.2,552.52,0.004009101744500976,0.00013264798540868483,0.0010005002501249916,0.0054410132294870905
2024-03-01,187.38,303.25,402.63,556.98,0.011115907619253296,0.005504161278557129,0.006071964017990927,0.00807210598711361
2024-03-04,187.82,303.19,402.55,556.33,0.002348169495143493,-0.00019785655399839897,-0.00019869358964796913,-0.0011670077920211686
2024-03-05,187.81,301.22,400.05,550.68,-5.3242466190983606e-05,-0.006497575777565157,-0.006210408644888865,-0.010155842755199429
2024-03-06,188.85,302.3,401.43,553.55,0.005537511314626542,0.0035854192948674424,0.003449568803899572,0.005211738214571104
2024-03-07,189.25,302.05,401.14,559.33,0.002118083134763138,-0.0008269930532583958,-0.0007224173579454263,0.010441694517207223
2024-03-08,188.36,299.93,397.76,555.72,-0.004702774108322205,-0.007018705512332413,-0.008425985940070824,-0.006454150501492895
2024-03-11,188.07,299.09,395.96,555.09,-0.0015396050116798232,-0.002800653485813487,-0.004525341914722425,-0.001133664435327142
2024-03-12,189.3,300.73,399.24,561.33,0.006540118041155063,0.0054832993413356235,0.00828366501666844,0.011241420310220018
2024-03-13,189.87,302.48,401.26,560.27,0.003011093502377049,0.005819173344860928,0.005059613265203877,-0.001888372258742721
2024-03-14,189.72,303.96,402.49,558.8,-0.0007900142202560412,0.004892885480031639,0.0030653441658774483,-0.00262373498491808
2024-03-15,189.99,304.61,403.45,555.2,0.0014231499051233776,0.002138439268324799,0.002385152426147119,-0.006442376521116566
2024-03-18,190.92,306.74,405.71,558.71,0.004894994473393144,0.006992547848067909,0.005601685462882644,0.006322046109510149
2024-03-19,191.5,307.22,407.02,561.87,0.0030379216425728828,0.0015648431896722048,0.0032289073476128305,0.005655885879973344
2024-03-20,192.71,306.69,407.39,566.95,0.006318537859007822,-0.0017251481023371484,0.0009090462385141773,0.009041237296883775
2024-03-21,193.5,309.07,411.25,568.79,0.004099424004981644,0.007760279109198187,0.009474950293330675,0.0032454361054765624
2024-03-22,192.37,308.32,410.29,568.02,-0.005839793281653738,-0.0024266347429384716,-0.002334346504559215,-0.0013537509449884633
2024-03-25,194.56,309.38,411.69,566.29,0.01138431148307939,0.003437986507524693,0.0034122206244362463,-0.003045667406077257
2024-03-26,194.6,310.36,413.72,564.7,0.00020559210526305272,0.0031676255737280723,0.004930894605164049,-0.0028077486800047735
2024-03-27,195.97,311.63,416.43,569.65,0.007040082219938348,0.004092022167805132,0.0065503238905539884,0.008765716309544702
2024-03-28,196.11,312.11,416.62,570.3,0.0007143950604684424,0.0015402881622437192,0.00045625915520020044,0.001141051522864922
2024-03-29,196.01,312.27,416.97,,-0.0005099179032177492,0.0005126397744383837,0.0008400940905382015,
2024-04-01,196.08,313.84,418.77,569.15,0.00035712463649817394,0.005027700387485234,0.004316857327865131,
2024-04-02,196.87,315.0,420.33,565.05,0.004028967768257896,0.003696150904919815,0.0037251952145569422,-0.007203724852850812
2024-04-03,197.26,314.39,419.66,565.69,0.0019810026921318613,-0.001936507936508014,-0.0015939856779196848,0.0011326431289269134
2024-04-04,196.99,313.68,418.15,558.78,-0.0013687519010442406,-0.0022583415503036885,-0.003598150884049134,-0.012215170853294377
2024-04-05,198.26,314.79,420.13,564.99,0.006447027767906954,0.0035386381025248603,0.004735142891306943,0.011113497261892036
2024-04-08,199.86,316.03,422.04,564.79,0.008070210834258074,0.003939134025858326,0.004546211886796936,-0.00035398856616941643
2024-04-09,199.12,314.22,420.05,565.68,-0.0037025918142700176,-0.005727304369838149,-0.004715192872713492,0.001575806937091695
2024-04-10,202.51,318.66,426.27,560.34,0.017024909602249894,0.014130227229329773,0.014807760980835472,-0.00943996605854891
2024-04-11,202.22,319.05,426.74,564.53,-0.00143202804799758,0.0012238749764639234,0.00110258756187398,0.0074776028839631525
2024-04-12,201.58,317.14,423.18,556.38,-0.0031648699436256367,-0.00598652248863818,-0.00834231616440928,-0.014436788124634559
2024-04-15,203.99,319.93,427.15,549.7,0.011955551145947041,0.008797376552941882,0.009381350725459647,-0.012006182824688127
2024-04-16,202.5,318.84,424.37,548.57,-0.007304279621550114,-0.003406995280217595,-0.006508252370361678,-0.002055666727305838
2024-04-17,200.73,316.77,422.74,545.4,-0.008740740740740827,-0.006492284531426362,-0.0038409878172349643,-0.005778660881929465
2024-04-18,203.09,318.4,424.53,544.23,0.011757086633786829,0.005145689301385925,0.0042342811184179485,-0.00214521452145211
2024-04-19,203.31,317.1,422.67,539.49,0.0010832635777242583,-0.004082914572864138,-0.0043813158080699965,-0.008709552946364552
2024-04-22,201.14,315.22,420.09,544.2,-0.010673355958880637,-0.005928729107537056,-0.006104052807154647,0.00873046766390484
2024-04-23,201.21,314.97,419.28,550.72,0.00034801630704994757,-0.0007930968847154052,-0.001928158251803147,0.011980889378904847
2024-04-24,203.24,317.37,422.57,550.84,0.010088961781223649,0.007619773311743794,0.007846784964701481,0.00021789657176052302
2024-04-25,202.28,317.6,422.98,548.33,-0.004723479629994087,0.0007247061789079634,0.0009702534491327075,-0.004556677075012727
2024-04-26,203.29,319.83,426.56,553.94,0.004993078900533909,0.007021410579344911,0.008463757151638385,0.010231065234439063
2024-04-29,199.94,317.1,422.42,555.73,-0.016478921737419383,-0.008535784635587573,-0.0097055513878469,0.003231396902191541
2024-04-30,201.72,318.61,424.7,547.01,0.008902670801240298,0.004761904761904745,0.005397471710619772,-0.01569107300307704
2024-05-01,198.22,314.77,419.93,545.13,-0.017350783263930247,-0.012052352405762634,-0.011231457499411346,-0.0034368658708250344
2024-05-02,194.01,309.48,410.03,550.11,-0.02123902734335592,-0.01680592178415974,-0.023575357797728236,0.009135435584172624
2024-05-03,191.98,306.38,404.67,557.05,-0.010463378176382654,-0.01001680237818281,-0.01307221422822713,0.01261565868644432
2024-05-06,192.2,307.19,405.55,562.82,0.0011459527034065609,0.0026437757033748177,0.0021746114117675575,0.010358136612512503
2024-05-07,193.71,308.23,407.43,563.6,0.007856399583767049,0.0033855268726197263,0.004635679940821147,0.00138587825592551
2024-05-08,195.23,309.34,409.64,563.6,0.007846781270971936,0.0036012068909578865,0.005424244655523491,0.0
2024-05-09,195.56,310.05,410.86,566.58,0.0016903139886288443,0.002295209154975275,0.0029782247827361275,0.005287437899219372
2024-05-10,197.65,311.72,413.84,567.6,0.010687257107792947,0.005386228027737472,0.007253078907657029,0.0018002753362278412
2024-05-13,195.68,311.16,412.71,567.47,-0.009967113584619325,-0.0017964840241242452,-0.0027305238739608884,-0.0002290345313601394
2024-05-14,196.18,312.2,414.56,570.3,0.0025551921504496367,0.003342331919269803,0.0044825664510188545,0.0049870477734503815
2024-05-15,194.4,311.58,412.85,577.09,-0.009073300030584153,-0.0019859064702114626,-0.004124855268236138,0.011906014378397556
2024-05-16,194.68,312.01,413.13,576.01,0.001440329218107106,0.0013800629051929914,0.0006782124258204458,-0.001871458524666969
2024-05-17,197.31,315.1,418.21,576.7,0.013509348674748178,0.009903528733053557,0.012296371602159128,0.001197895869863519
2024-05-20,199.27,316.62,420.48,577.28,0.009933607014342982,0.00482386543954294,0.005427895076636213,0.0010057222125887666
2024-05-21,199.22,316.53,420.77,578.74,-0.00025091584282632695,-0.0002842524161456028,0.0006896879756468355,0.0025291019955655525
2024-05-22,199.54,315.07,418.56,577.18,0.0016062644312819785,-0.0046125169810128375,-0.005252275589989752,-0.0026955109375540465
2024-05-23,199.79,314.55,417.58,572.94,0.0012528816277437294,-0.0016504268892626461,-0.0023413608562691257,-0.00734606188710607
2024-05-24,199.46,314.98,418.83,576.97,-0.001651734321037046,0.001367032268319912,0.0029934383830643174,0.00703389534680765
2024-05-27,199.69,315.16,419.14,,0.0011531134061966153,0.000571464854911552,0.0007401571043144095,
2024-05-28,201.63,317.01,422.27,577.11,0.00971505834042774,0.005870034268308011,0.007467671899603845,
2024-05-29,203.46,316.44,421.31,572.87,0.009076030352626052,-0.0017980505346834041,-0.002273426954318314,-0.007346952920587069
2024-05-30,201.18,313.12,416.64,569.5,-0.011206133883810088,-0.010491720389331327,-0.011084474614891704,-0.005882660987658661
2024-05-31,199.85,311.93,414.94,574.13,-0.006610995128740527,-0.003800459887583041,-0.004080261136712671,0.008129938542581261
2024-06-03,197.01,309.9,412.13,574.84,-0.01421065799349519,-0.006507870355528578,-0.006772063430857456,0.0012366537195409588
2024-06-04,192.98,305.06,403.91,575.73,-0.020455814425663688,-0.015617941271377833,-0.019945162934025595,0.001548256906269474
2024-06-05,194.7,306.46,406.16,582.56,0.008912840708881653,0.004589261128958189,0.005570547894332867,0.011863199763778143
2024-06-06,195.65,306.94,407.23,582.45,0.004879301489471022,0.0015662729230569994,0.002634429781366965,-0.00018882175226564435
2024-06-07,194.13,306.75,406.82,581.91,-0.007768975210835749,-0.000619013487978104,-0.0010068020528940513,-0.0009271182075716311
2024-06-10,195.59,307.62,408.05,583.46,0.00752073352907856,0.0028361858190708578,0.0030234501745243225,0.0026636421439742985
2024-06-11,193.98,305.75,404.63,585.05,-0.008231504678153367,-0.006078928548208795,-0.008381325817914509,0.0027251225448186034
2024-06-12,193.0,304.87,404.52,590.04,-0.005052067223424994,-0.002878168438266493,-0.00027185329807477565,0.008529185539697393
2024-06-13,190.47,302.78,400.31,591.43,-0.013108808290155483,-0.006855380982058068,-0.010407396420448856,0.0023557724900007404
2024-06-14,187.35,301.04,396.87,591.34,-0.01638053236730197,-0.005746746812867243,-0.008593340161374918,-0.00015217354547436557
2024-06-17,188.29,302.45,399.33,595.94,0.005017347211102141,0.004683762955088877,0.00619850328823035,0.007778942740217065
2024-06-18,188.03,302.72,399.78,597.47,-0.0013808486908492013,0.000892709538766967,0.0011268875366237108,0.0025673725542838532
2024-06-19,188.24,302.82,400.3,,0.001116843056959027,0.00033033826638462216,0.001300715393466545,
2024-06-20,190.3,305.19,404.11,595.96,0.010943476413089792,0.007826431543491275,0.009517861603797195,
2024-06-21,188.29,304.26,402.09,595.06,-0.010562270099842452,-0.003047282021036102,-0.004998638984434978,-0.0015101684676825933
2024-06-24,187.91,304.0,401.89,593.28,-0.0020181634712411745,-0.0008545323078945621,-0.00049740107936036,-0.002991294995462579
2024-06-25,187.55,304.7,402.83,595.61,-0.0019158107604703156,0.0023026315789473895,0.002338948468486368,0.003927319309600996
2024-06-26,189.16,305.69,403.89,596.55,0.008584377499333495,0.003249097472924234,0.0026313829655189025,0.0015782139319351352
2024-06-27,189.16,304.95,402.52,597.09,0.0,-0.0024207530504759545,-0.0033920126767189585,0.0009052049283380104
2024-06-28,190.46,305.57,403.82,594.73,0.006872488898287177,0.002033120183636772,0.0032296531849349552,-0.003952502972751182
2024-07-01,191.89,307.29,405.69,596.34,0.0075081381917461165,0.00562882481919047,0.004630776088356159,0.0027071107897702618
2024-07-02,191.42,306.9,405.71,600.04,-0.0024493199228724505,-0.0012691594259495176,4.9298725627977547e-05,0.006204514203306699
2024-07-03,191.93,307.75,407.76,603.1,0.002664298401421128,0.002769631801889938,0.005052870276798682,0.005099660022665153
2024-07-04,192.65,308.05,408.25,,0.0037513676861355982,0.0009748172217709516,0.0012016872670197465,
2024-07-05,192.33,307.06,407.54,606.49,-0.0016610433428496663,-0.003213763999350805,-0.0017391304347825765,
2024-07-08,191.94,307.86,409.0,607.12,-0.002027764779285679,0.00260535400247508,0.00358247043235016,0.001038764035680817
2024-07-09,193.69,308.87,410.92,607.59,0.009117432530999281,0.003280712011953346,0.004694376528117328,0.0007741467914086364
2024-07-10,194.11,310.6,413.53,613.86,0.0021684134441635194,0.005601061935442075,0.006351601284921626,0.010319458845603036
2024-07-11,192.75,308.35,409.85,608.51,-0.007006336613260555,-0.007244043786220233,-0.00889899160883112,-0.008715342260450343
2024-07-12,192.69,308.9,410.63,611.86,-0.0003112840466926725,0.0017836873682501864,0.0019031352934000267,0.0055052505299830745
2024-07-15,192.35,309.4,411.41,613.65,-0.0017644921895272336,0.0016186468112657781,0.0018995202493730101,0.0029255058346679963
2024-07-16,191.44,308.96,410.64,617.58,-0.0047309591889783675,-0.0014221073044602406,-0.0018716122602757679,0.0064043021266195765
2024-07-17,189.78,306.3,405.87,608.98,-0.008671124111993334,-0.008609528741584604,-0.011616014026884836,-0.013925321415849012
2024-07-18,189.73,304.88,403.92,604.22,-0.0002634629571083291,-0.004635977799542945,-0.004804494049818864,-0.007816348648559845
2024-07-19,188.23,301.9,399.92,599.95,-0.007905971643915044,-0.009774337444240389,-0.009902951079421629,-0.007066962364701612
2024-07-22,188.52,301.86,400.19,606.45,0.001540668331296846,-0.00013249420337846374,0.0006751350270053358,0.010834236186348933
2024-07-23,188.77,300.96,398.79,605.5,0.001326119244642543,-0.0029815146094217537,-0.0034983382893125636,-0.0015664935279083858
2024-07-24,186.66,297.61,393.07,591.49,-0.011177623563066286,-0.011131047315257714,-0.014343388750971742,-0.023137902559867918
2024-07-25,183.48,294.9,388.83,588.46,-0.01703632272581168,-0.009105876818655378,-0.010786882743531678,-0.005122656342457121
2024-07-26,185.27,298.0,394.29,595.02,0.009755831698277762,0.010512037978976041,0.014042126379137487,0.011147741562723024
2024-07-29,185.59,298.05,394.16,595.52,0.0017272089383062461,0.0001677852348993536,-0.00032970656116060315,0.0008403078888103988
2024-07-30,186.26,298.21,394.28,592.56,0.0036101083032489267,0.0005368226807580534,0.00030444489547387654,-0.004970445996775985
2024-07-31,185.71,298.72,394.07,601.97,-0.0029528615913239076,0.0017102042185039856,-0.000532616414730569,0.015880248413662867
2024-08-01,184.24,297.0,390.18,593.75,-0.0079155672823219,-0.005757900374933178,-0.009871342654858228,-0.013655165539811054
2024-08-02,183.61,292.5,382.26,582.84,-0.003419452887537977,-0.015151515151515138,-0.020298323850530542,-0.01837473684210522
2024-08-05,177.69,286.2,371.21,565.4,-0.03224225260062097,-0.021538461538461617,-0.028907026631088795,-0.029922448699471693
2024-08-06,178.57,286.02,371.37,571.26,0.004952445269851946,-0.0006289308176100628,0.00043102287115126536,0.01036434382737883
2024-08-07,177.05,285.26,370.35,566.86,-0.0085120680965447,-0.0026571568421788205,-0.0027465869617900873,-0.007702272170290181
2024-08-08,176.7,285.63,370.69,579.93,-0.0019768426998024724,0.0012970623291033156,0.000918050492777045,0.023056839431252696
2024-08-09,177.75,286.18,371.31,582.71,0.005942275042444933,0.0019255680425724897,0.0016725565836683831,0.004793681996103194
2024-08-12,178.2,287.15,372.69,582.81,0.0025316455696202667,0.0033894751554963687,0.0037165710592226286,0.0001716119510561942
2024-08-13,180.41,289.44,376.26,592.64,0.012401795735129006,0.007974925996865778,0.009579006681155855,0.016866560285513366
2024-08-14,180.38,289.93,377.4,594.92,-0.00016628789978379022,0.001692924267551188,0.003029819805453693,0.0038471922246219314
2024-08-15,177.78,289.4,376.87,604.7,-0.014414014857523028,-0.0018280274549029585,-0.0014043455219925338,0.016439185100517895
2024-08-16,178.65,291.06,379.71,605.98,0.004893688828889742,0.005736005528680144,0.007535755034892677,0.0021167521084834995
2024-08-19,179.45,290.08,377.91,611.94,0.004478029666946437,-0.0033670033670034627,-0.004740459824602916,0.00983530809597677
2024-08-20,181.91,290.93,379.28,610.74,0.013708553914739463,0.0029302261445118827,0.0036252017676163817,-0.001960976566330097
2024-08-21,184.57,291.72,380.77,613.36,0.01462261557913247,0.002715429828481053,0.003928496097869605,0.004289877853096202
2024-08-22,182.45,290.83,379.79,607.89,-0.01148615701359923,-0.003050870697929642,-0.0025737321742783648,-0.008918090517803567
2024-08-23,182.24,292.87,382.22,614.88,-0.0011510002740475755,0.007014407041914694,0.00639827272966631,0.01149879089966932
2024-08-26,182.35,292.42,381.16,612.96,0.0006035996488147344,-0.0015365179089698033,-0.0027732719376275528,-0.0031225604996095724
2024-08-27,183.02,291.54,380.04,613.98,0.003674252810529355,-0.0030093700841256066,-0.0029383985727778894,0.0016640563821457288
2024-08-28,182.58,290.94,379.58,610.32,-0.0024041088405638567,-0.0020580366330521516,-0.0012103989053784403,-0.005961106224958379
2024-08-29,180.81,289.59,377.13,610.32,-0.009694380545514303,-0.00464013198597657,-0.006454502344696689,0.0
2024-08-30,179.41,288.84,376.32,616.57,-0.007742934572202875,-0.002589868434683562,-0.002147800493198626,0.0102405295582646
2024-09-02,178.75,288.78,375.99,,-0.0036787247087676223,-0.0002077274615703839,-0.0008769132653060341,
2024-09-03,180.05,286.85,373.64,603.59,0.0072727272727273196,-0.006683288316365221,-0.00625016622782526,
2024-09-04,184.0,288.01,375.54,602.65,0.021938350458206024,0.00404392539654852,0.005085108660743076,-0.001557348531287861
2024-09-05,185.66,288.6,376.84,600.85,0.009021739130434803,0.002048539981250652,0.003461681844810105,-0.002986808263502838
2024-09-06,187.64,288.78,376.72,590.55,0.010664655822471225,0.0006237006237004294,-0.00031843753317040147,-0.01714238162602988
2024-09-09,186.35,289.35,377.9,597.46,-0.006874866766147902,0.001973820901724599,0.0031322998513483302,0.011700956735246848
2024-09-10,189.07,291.41,380.79,600.14,0.014596189965119466,0.007119405564195658,0.007647525800476451,0.004485655943494038
2024-09-11,189.05,291.01,380.25,606.55,-0.00010578092769863989,-0.0013726364915412903,-0.0014181044670291687,0.01068084113706802
2024-09-12,187.08,290.75,379.92,611.11,-0.010420523670986559,-0.0008934400879694326,-0.0008678500986193383,0.007517929272112811
2024-09-13,188.56,292.9,382.74,614.51,0.007911054094504877,0.007394668959587181,0.007422615287428824,0.005563646479357143
2024-09-16,189.88,294.22,385.01,615.41,0.007000424268137406,0.0045066575623080585,0.005930919161833081,0.0014645815365086357
2024-09-17,187.83,292.68,382.78,615.59,-0.01079629239519686,-0.005234178505880038,-0.005792057349159774,0.0002924879348726872
2024-09-18,188.0,291.48,381.0,613.81,0.0009050737368896389,-0.0041000410004099486,-0.004650190710068336,-0.0028915349502105503
2024-09-19,187.09,292.94,382.59,624.27,-0.0048404255319148826,0.005008919994510697,0.0041732283464566144,0.0170411039246674
2024-09-20,185.68,292.42,381.67,623.06,-0.007536479769095106,-0.0017751075305523223,-0.0024046629551215393,-0.0019382638922261775
2024-09-23,187.19,292.58,382.0,624.82,0.008132270573028899,0.0005471581971137063,0.00086462126968323,0.0028247680801207764
2024-09-24,189.62,294.27,384.18,626.39,0.012981462684972467,0.005776197962950258,0.005706806282722576,0.0025127236644153506
2024-09-25,187.19,292.09,380.74,625.23,-0.012815103891994584,-0.007408162571787891,-0.008954136082044872,-0.001851881415731338
2024-09-26,189.13,294.97,385.02,627.79,0.010363801485121948,0.009859974665343163,0.01124126700635597,0.004094493226492579
2024-09-27,190.23,294.83,384.23,627.03,0.005816105324379928,-0.0004746245380887748,-0.0020518414627810344,-0.0012105958999028
2024-09-30,188.11,292.14,380.02,629.74,-0.011144404142353848,-0.009123901909575016,-0.010956978892850744,0.0043219622665582325
2024-10-01,187.35,291.04,378.37,623.88,-0.004040189250970272,-0.003765317998219886,-0.004341876743329198,-0.009305427636802532
2024-10-02,184.28,289.16,375.35,624.01,-0.016386442487323127,-0.006459593183067658,-0.00798160530697456,0.00020837340514190394
2024-10-03,180.72,285.74,369.12,622.96,-0.019318428478402483,-0.011827362014109943,-0.01659784201412018,-0.0016826653419015347
2024-10-04,176.31,284.23,366.25,628.68,-0.02440239043824699,-0.005284524392804579,-0.0077752492414391305,0.00918196994991649
2024-10-07,172.37,282.04,361.82,622.66,-0.022347002438885988,-0.007705027618478022,-0.012095563139931764,-0.009575618756760162
2024-10-08,173.01,281.47,361.91,628.7,0.003712943087544218,-0.002020989930506256,0.00024874246863082483,0.009700317990556817
2024-10-09,171.74,281.84,361.98,633.19,-0.007340616149355439,0.0013145273030872318,0.0001934182531568851,0.007141721011611368
2024-10-10,171.71,282.56,362.54,631.97,-0.00017468265983466846,0.0025546409310248652,0.001547046798165752,-0.0019267518438383924
2024-10-11,172.84,284.5,365.51,635.8,0.006580863083105237,0.006865798414495972,0.008192199481436457,0.006060414260170566
2024-10-14,171.95,285.84,367.21,640.7,-0.005149271002082956,0.00471001757469236,0.004651035539383397,0.00770682604592654
2024-10-15,175.34,285.71,368.16,635.88,0.019715033439953622,-0.00045479988804919547,0.0025870755153727387,-0.00752302169502117
2024-10-16,176.18,286.57,369.64,638.87,0.004790692369111449,0.003010045150677376,0.004019991308126691,0.004702145058816054
2024-10-17,175.05,287.07,370.01,638.76,-0.006413894880236137,0.0017447744006700017,0.001000973920571413,-0.0001721790035531523
2024-10-18,177.62,289.23,373.46,641.34,0.014681519565838297,0.007524297209739794,0.009324072322369537,0.004039075709186601
2024-10-21,174.59,287.49,370.22,640.19,-0.017058889764666185,-0.006015973446737877,-0.008675627911958306,-0.0017931206536314637
2024-10-22,173.43,286.61,368.43,639.89,-0.006644137694025942,-0.003060976033948948,-0.004834962994975989,-0.0004686108811448042
2024-10-23,171.17,285.48,366.88,634.02,-0.013031194141728708,-0.003942639824151217,-0.00420704068615485,-0.009173451687008671
2024-10-24,172.72,284.98,366.64,635.38,0.009055325115382429,-0.0017514361776657106,-0.0006541648495420604,0.002145042743131098
2024-10-25,171.63,284.98,366.61,635.2,-0.006310792033348833,0.0,-8.182413266411004e-05,-0.0002832950360412978
2024-10-28,173.25,287.38,370.9,636.89,0.009438909281594077,0.008421643624113795,0.011701808461307639,0.00266057934508801
2024-10-29,173.72,288.18,371.81,637.92,0.002712842712842667,0.0027837706173012844,0.0024534915071448005,0.0016172337452307062
2024-10-30,172.44,285.83,368.29,635.81,-0.007368178678332948,-0.008154625581234032,-0.009467200989752733,-0.003307624780536811
2024-10-31,170.03,282.9,363.68,624.03,-0.013975875666898618,-0.010250848406395452,-0.012517309728746429,-0.018527547537786404
2024-11-01,171.37,284.24,366.6,626.61,0.007880962183144158,0.004736656062212852,0.008029036515618149,0.004134416614585801
2024-11-04,169.66,282.27,363.43,624.88,-0.009978409289840728,-0.006930762735716356,-0.008647026732133134,-0.0027608879526340724
2024-11-05,169.5,282.98,364.7,632.55,-0.0009430625957798089,0.002515322209232451,0.003494483119170111,0.012274356676481801
2024-11-06,171.56,285.69,369.16,648.55,0.012153392330383594,0.009576648526397502,0.012229229503701866,0.025294443127025446
2024-11-07,170.35,286.51,369.56,653.39,-0.007052926089997746,0.0028702439707375405,0.0010835410120273448,0.0074628016344153725
2024-11-08,171.65,286.42,370.4,655.98,0.007631347226298768,-0.0003141251614253715,0.0022729732655049073,0.003963941902998203
2024-11-11,173.23,286.91,372.22,656.62,0.00920477716283119,0.001710774387263525,0.004913606911447266,0.0009756395012043839
2024-11-12,175.2,286.64,372.33,654.76,0.011372164174796584,-0.0009410616569657249,0.00029552415238298657,-0.0028326886174652177
2024-11-13,175.84,287.69,373.65,654.94,0.0036529680365298134,0.0036631314540886972,0.0035452421239223764,0.000274909890647157
2024-11-14,176.8,288.93,375.78,651.05,0.005459508644221955,0.004310195001564265,0.005700521878763576,-0.0059394753717899595
2024-11-15,176.63,287.82,373.96,642.54,-0.0009615384615385691,-0.0038417609801683072,-0.004843259353877305,-0.01307119268873358
2024-11-18,174.76,285.84,370.85,645.16,-0.010587102983638186,-0.0068792995622264375,-0.008316397475665704,0.004077567155352124
2024-11-19,174.05,285.39,370.55,647.72,-0.004062714579995297,-0.0015743073047858047,-0.0008089524066334786,0.003968007936016038
2024-11-20,176.08,286.49,372.79,647.76,0.011663315139327723,0.0038543747153019225,0.006045068141951271,6.175507935513025e-05
2024-11-21,176.45,287.39,374.47,651.32,0.002101317582916762,0.0031414709064887525,0.0045065586523242995,0.005495862665184648
2024-11-22,178.89,289.93,378.26,653.6,0.013828279965996115,0.008838164167159768,0.010120970972307353,0.003500583430571691
2024-11-25,174.82,287.16,374.06,655.58,-0.022751411481916173,-0.0095540302831717,-0.011103473801089114,0.003029375764993958
2024-11-26,176.85,287.84,375.6,659.38,0.011611943713534023,0.0023680178297811327,0.0041169865796930605,0.005796394032764773
2024-11-27,174.43,286.92,373.95,656.91,-0.013683912920554042,-0.003196220122290039,-0.004392971246006461,-0.003745943158724896
2024-11-28,174.09,287.52,375.14,,-0.0019492059852089794,0.002091175240485077,0.0031822436154567146,
2024-11-29,172.84,288.16,375.56,660.66,-0.007180194152449859,0.0022259321090707385,0.0011195820227116737,
2024-12-02,173.44,290.46,378.91,662.35,0.003471418653089531,0.00798167684619644,0.008920012780913922,0.0025580480125935168
2024-12-03,173.12,290.72,378.9,662.67,-0.0018450184501844769,0.0008951318598087177,-2.6391491383281895e-05,0.00048312825545404614
2024-12-04,173.85,291.26,379.56,666.69,0.004216728280961091,0.001857457347275604,0.0017418844022170088,0.006066367875413148
2024-12-05,172.59,290.07,377.74,665.48,-0.007247627264883483,-0.004085696628441937,-0.004795025819369747,-0.0018149364772233056
2024-12-06,174.53,292.08,381.12,667.22,0.011240512196535102,0.006929361878167395,0.008947953618891225,0.002614654084269974
2024-12-09,174.95,291.59,380.28,663.21,0.0024064630722511193,-0.001677622569159154,-0.0022040302267003486,-0.0060100116902970235
2024-12-10,177.1,292.44,381.66,661.26,0.012289225492998046,0.002915051956514425,0.003628905017355688,-0.0029402451712128297
2024-12-11,177.49,293.14,381.83,666.67,0.002202145680406664,0.002393653398987894,0.00044542262746927186,0.00818135075462001
2024-12-12,177.58,292.59,381.32,663.06,0.0005070708208914088,-0.0018762366104932982,-0.0013356729434564896,-0.005414972925135375
2024-12-13,177.95,292.77,381.42,663.13,0.0020835679693658182,0.0006151953245154829,0.00026224693171106317,0.00010557113986675581
2024-12-16,179.03,293.61,382.96,665.74,0.006069120539477391,0.00286914642893743,0.004037543914844344,0.003935879842564827
2024-12-17,179.05,293.23,382.94,663.18,0.00011171312070601402,-0.0012942338476209514,-5.2224775433429294e-05,-0.0038453450295912184
2024-12-18,182.64,294.63,386.51,643.63,0.020050265289025315,0.004774409166865556,0.00932260928605011,-0.029479176090955628
2024-12-19,182.05,292.24,383.0,643.07,-0.0032303985983354044,-0.008111869123985982,-0.009081265685234485,-0.000870065099513595
2024-12-20,180.52,290.58,380.03,650.1,-0.00840428453721509,-0.005680262797700619,-0.00775456919060058,0.010931935870122977
2024-12-23,182.27,291.66,382.03,654.87,0.009694216707289982,0.003716704521990577,0.005262742415072408,0.007337332718043266
2024-12-24,183.38,292.51,383.09,662.1,0.006089866681296963,0.002914352328053038,0.0027746512054027672,0.011040359155252144
2024-12-25,183.38,292.5,383.07,,0.0,-3.4186865406238276e-05,-5.2207053172881324e-05,
2024-12-26,183.27,292.26,382.62,661.89,-0.0005998473115933489,-0.0008205128205128753,-0.0011747200250606937,
2024-12-27,181.6,292.08,381.91,654.63,-0.00911223877339451,-0.0006158899609937096,-0.0018556269928388103,-0.010968589946970031
2024-12-30,182.63,290.92,380.38,647.63,0.005671806167400817,-0.003971514653519526,-0.0040061794663665,-0.01069306325710706
2024-12-31,183.49,291.78,381.13,644.91,0.004708974429173729,0.0029561391447818774,0.0019717124980282996,-0.004199928971789446
2025-01-02,183.61,293.82,383.49,643.5,0.000653986593274869,0.006991568990335262,0.0061921129273476705,-0.00218635158394187
2025-01-03,182.31,294.5,384.53,651.66,-0.007080224388649969,0.0023143421142195475,0.002711935122167386,0.01268065268065266
2025-01-06,180.99,293.2,382.09,655.31,-0.007240414678295171,-0.004414261460101931,-0.006345408680727083,0.005601080317957141
2025-01-07,181.67,293.98,382.94,648.04,0.003757113652687938,0.0026603001364258194,0.002224606768038928,-0.011093986052402638
2025-01-08,183.49,294.44,384.07,649.07,0.01001816480431561,0.0015647322947138775,0.00295085391967409,0.001589408061230868
2025-01-09,184.39,294.95,384.32,,0.004904899449561073,0.0017321016166280678,0.0006509230088265205,
2025-01-10,186.82,297.09,386.91,639.19,0.01317858886056733,0.007255467028309814,0.006739175686927723,
2025-01-13,188.13,296.79,385.89,640.2,0.0070120972058667075,-0.0010097950116124688,-0.002636272001240725,0.0015801248455076244
2025-01-14,186.97,295.06,383.59,640.94,-0.006165949077765354,-0.005829037366488099,-0.005960247738992952,0.0011558887847546995
2025-01-15,185.37,294.99,382.03,652.74,-0.0085575225972081,-0.0002372398834135092,-0.004066842201308707,0.018410459637407506
2025-01-16,184.44,294.34,381.26,651.37,-0.005016993040945161,-0.002203464524221266,-0.0020155485171321486,-0.0020988448693201045
2025-01-17,186.34,295.61,383.23,657.89,0.010301453047061315,0.004314738058028178,0.005167077584850244,0.010009671922256214
2025-01-20,186.56,294.48,381.2,,0.0011806375442739991,-0.003822604106762273,-0.005297080082457106,
2025-01-21,182.15,291.86,377.42,663.68,-0.023638507718696355,-0.008897038848139083,-0.009916054564532928,
2025-01-22,183.53,293.63,379.8,667.76,0.00757617348339279,0.006064551497293236,0.006305972126543269,0.006147540983606703
2025-01-23,183.42,294.06,380.49,671.32,-0.0005993570533427972,0.0014644280216600247,0.0018167456556081873,0.005331256738948298
2025-01-24,182.75,293.5,379.58,669.47,-0.0036528186675388596,-0.0019043732571584204,-0.0023916528686693805,-0.002755764761961488
2025-01-27,180.89,288.96,374.22,659.71,-0.010177838577291487,-0.015468483816013734,-0.014120870435744615,-0.014578696580877404
2025-01-28,182.64,291.69,378.28,665.79,0.009674387749460944,0.009447674418604723,0.010849233071455133,0.009216170741689345
2025-01-29,183.54,292.32,379.57,662.68,0.004927726675427069,0.002159827213822796,0.0034101723590991284,-0.0046711425524564865
2025-01-30,181.98,292.65,379.21,666.19,-0.008499509643674408,0.0011288998357963376,-0.0009484416576652777,0.005296674111185062
2025-01-31,183.8,293.61,381.7,662.87,0.01000109902187063,0.003280369041517295,0.0065662825347432285,-0.0049835632477222
2025-02-03,183.5,292.23,380.63,657.87,-0.0016322089227421843,-0.00470011239399204,-0.0028032486245742616,-0.007542957140917572
2025-02-04,181.49,290.45,377.23,662.62,-0.010953678474114437,-0.006091092632515616,-0.008932559178204458,0.0072202714822078295
2025-02-05,179.25,289.73,376.58,665.22,-0.012342277811449698,-0.002478912033052061,-0.001723086711025168,0.003923817572666133
2025-02-06,180.48,290.98,378.35,667.64,0.006861924686192511,0.00431436164705068,0.004700196505390775,0.003637894230479999
2025-02-07,181.91,291.29,379.51,661.37,0.007923315602836878,0.0010653653172039146,0.0030659442315315033,-0.009391288718471058
2025-02-10,184.51,294.43,384.38,665.9,0.014292782145016725,0.010779635414878586,0.012832336433822533,0.006849418631023507
2025-02-11,185.11,294.39,383.79,666.15,0.0032518562679531016,-0.0001358557212240985,-0.0015349393829022784,0.0003754317465085588
2025-02-12,187.52,295.37,386.21,664.4,0.013019285830047078,0.0033289174224668816,0.006305531670965703,-0.00262703595286351
2025-02-13,185.81,294.45,384.47,671.34,-0.009119027303754357,-0.0031147374479466583,-0.00450532093938516,0.010445514750150542
2025-02-14,181.74,291.43,379.48,671.45,-0.021904095581507965,-0.01025641025641022,-0.012978906026477999,0.00016385140167418655
2025-02-17,182.76,291.59,379.68,,0.0056124133377351,0.0005490169165836001,0.0005270369979972767,
2025-02-18,185.91,294.77,384.91,673.19,0.01723571897570597,0.010905723790253452,0.013774757690687034,
2025-02-19,185.84,293.89,383.36,674.8,-0.00037652627615514245,-0.0029853784306408393,-0.0040269153828167426,0.0023915982115003676
2025-02-20,182.54,291.25,378.64,671.97,-0.017757210503659082,-0.008982952805471345,-0.01231218697829728,-0.004193835210432595
2025-02-21,179.57,288.93,374.96,660.52,-0.016270406486249556,-0.007965665236051467,-0.00971899429537293,-0.017039451165974717
2025-02-24,178.18,287.89,372.76,657.27,-0.007740713927716136,-0.0035994877652026913,-0.005867292511201216,-0.00492036577242172
2025-02-25,175.17,286.17,369.53,654.2,-0.01689302952070948,-0.005974504150890847,-0.008665092821118159,-0.004670835425319764
2025-02-26,176.07,287.66,372.0,654.3,0.005137866072957742,0.005206695320963073,0.006684166373501554,0.00015285845307233537
2025-02-27,177.39,287.55,371.86,643.93,0.007497018231385155,-0.00038239588402977365,-0.00037634408602149616,-0.015848998930154345
2025-02-28,175.75,286.02,369.52,654.22,-0.009245166018377549,-0.0053208137715180515,-0.006292690797612077,0.0159799978258508
2025-03-03,176.02,287.41,371.95,642.77,0.0015362731152206432,0.004859800013985227,0.0065760987226672896,-0.017501757818470964
2025-03-04,172.85,285.73,368.52,634.92,-0.018009317123054314,-0.005845308096447566,-0.009221669579244529,-0.012212766619475124
2025-03-05,175.1,286.69,370.37,642.02,0.013017066820943057,0.003359815210163264,0.005020080321285203,0.011182511182511234
2025-03-06,174.91,285.58,367.82,630.6,-0.0010850942318675338,-0.0038717778785448687,-0.006885006885006928,-0.017787607862683297
2025-03-07,174.21,285.08,367.17,634.17,-0.004002058201360681,-0.0017508228867567643,-0.001767168723832202,0.005661274976213049
2025-03-10,171.98,283.85,364.77,617.18,-0.012800642902244475,-0.004314578363967869,-0.006536481738704247,-0.026790923569389946
2025-03-11,171.24,283.79,364.31,612.52,-0.004302825909989427,-0.0002113792496036826,-0.0012610686185815512,-0.0075504714994004685
2025-03-12,171.88,283.81,364.3,615.52,0.0037374445223077313,7.047464674569959e-05,-2.744915044872176e-05,0.004897799255534574
2025-03-13,172.77,284.24,364.81,607.03,0.005178031184547516,0.001515098129029946,0.0013999451001920349,-0.013793215492591604
2025-03-14,172.43,284.66,365.12,620.06,-0.0019679342478440276,0.0014776245426399992,0.0008497574079657788,0.021465166466237307
2025-03-17,170.64,284.34,364.11,624.08,-0.010381024183726884,-0.0011241481065131786,-0.002766213847502197,0.006483243557075191
2025-03-18,171.91,285.94,366.6,617.46,0.007442569151429934,0.00562706618836617,0.006838592732965276,-0.010607614408409183
2025-03-19,172.5,286.57,368.07,624.13,0.0034320283869466728,0.0022032594250542825,0.004009819967266681,0.010802319178570219
2025-03-20,172.06,286.02,367.26,622.84,-0.0025507246376811343,-0.0019192518407370462,-0.002200668351128865,-0.0020668770929133107
2025-03-21,171.01,284.69,365.25,623.37,-0.0061025223759154645,-0.004650024473813019,-0.0054729619343244496,0.0008509408515831041
2025-03-24,169.76,284.77,364.94,634.38,-0.007309514063505107,0.0002810074115704442,-0.0008487337440109544,0.017662062659415723
2025-03-25,171.19,286.09,367.13,635.4,0.00842365692742697,0.004635319731713272,0.006000986463528202,0.0016078691005390056
2025-03-26,169.72,284.87,365.1,628.31,-0.008586950172323138,-0.004264392324093702,-0.005529376515130857,-0.011158325464274532
2025-03-27,169.47,285.21,365.1,626.23,-0.0014730143766202852,0.0011935268719063252,0.0,-0.003310467762728475
2025-03-28,170.23,284.52,364.41,613.89,0.004484569540331496,-0.0024192700115703847,-0.0018898931799506968,-0.019705220126790546
2025-03-31,169.94,284.47,363.36,617.36,-0.0017035775127768327,-0.00017573457050457097,-0.00288136988556853,0.005652478457052634
2025-04-01,170.01,284.55,363.61,619.71,0.00041191008591257017,0.00028122473371516854,0.0006880228974019964,0.003806531035376537
2025-04-02,168.78,285.01,364.19,623.9,-0.007234868537144834,0.0016165875944473829,0.0015951156458842153,0.006761227025544159
2025-04-03,168.42,280.63,359.97,593.73,-0.0021329541414860653,-0.015367881828707741,-0.011587358247068802,-0.048357108510979296
2025-04-04,165.53,274.05,349.88,558.33,-0.017159482246764002,-0.023447243701671172,-0.02803011362057961,-0.0596230609873174
2025-04-07,160.64,267.84,340.46,557.04,-0.029541472844801686,-0.02266009852216766,-0.026923516634274614,-0.0023104615549944807
2025-04-08,162.83,268.64,342.11,548.3,0.013632968127490264,0.0029868578255676237,0.004846384303589302,-0.015690076116616436
2025-04-09,156.97,267.15,339.62,600.48,-0.03598845421605368,-0.005546456223942897,-0.007278360761158731,0.09516687944555913
2025-04-10,163.91,267.53,339.73,579.8,0.04421226986048299,0.0014224218603779981,0.00032389140804434113,-0.03443911537436728
2025-04-11,163.34,266.69,338.31,590.3,-0.0034775181502043617,-0.003139834784883888,-0.004179789833102854,0.01810969299758547
2025-04-14,165.71,266.85,338.92,594.99,0.014509611852577375,0.0005999475045934677,0.0018030800153705506,0.00794511265458242
2025-04-15,167.02,267.63,340.09,594.02,0.007905376863194702,0.0029229904440695176,0.0034521420984301443,-0.0016302795004958792
2025-04-16,169.47,269.18,342.13,580.73,0.014668901927912703,0.005791577924746827,0.005998412185009849,-0.02237298407461019
2025-04-17,167.88,269.42,342.03,581.51,-0.009382191538325424,0.0008915967010922898,-0.00029228655774127255,0.0013431370860812475
2025-04-18,167.72,269.5,342.22,,-0.0009530617107457173,0.00029693415485110286,0.0005555068268867647,
2025-04-21,170.81,271.34,344.71,567.85,0.01842356308132609,0.006827458256029484,0.007276021272865307,
2025-04-22,168.96,271.86,345.0,582.13,-0.010830747614308245,0.0019164148301025197,0.0008412868788256755,0.025147486131900987
2025-04-23,166.34,269.07,341.16,591.84,-0.015506628787878785,-0.010262635179872026,-0.011130434782608667,0.016680122996581614
2025-04-24,167.65,270.58,343.13,603.83,0.007875435854274304,0.005611922548035775,0.005774416695978335,0.02025885374425518
2025-04-25,166.58,270.2,342.83,608.28,-0.006382344169400533,-0.0014043905684085756,-0.0008743041995745715,0.007369623900766564
2025-04-28,169.84,271.78,345.27,608.68,0.019570176491775726,0.005847520355292346,0.007117230114050743,0.000657591898467702
2025-04-29,169.48,271.69,345.18,612.22,-0.002119642016015111,-0.00033115019501062104,-0.0002606655660786217,0.00581586383649868
2025-04-30,169.18,271.89,345.6,613.17,-0.0017701203681849131,0.0007361330928632448,0.0012167564748826187,0.0015517297703437904
2025-05-01,165.29,270.44,343.59,617.04,-0.02299326161484816,-0.00533303909669347,-0.00581597222222241,0.006311463378834592
2025-05-02,164.54,268.59,340.25,626.15,-0.0045374795813418745,-0.006840704037864298,-0.009720888267993777,0.014764034746531873
2025-05-05,166.35,269.33,341.57,622.18,0.011000364652971939,0.0027551286347220483,0.0038795003673768313,-0.006340333785834096
2025-05-06,168.17,269.99,342.78,617.41,0.010940787496242832,0.0024505253777893365,0.003542465673214812,-0.007666591661577016
2025-05-07,166.68,270.3,343.2,620.09,-0.008860082059820251,0.0011481906737287328,0.001225275687029681,0.004340713626277637
2025-05-08,161.83,268.79,340.31,623.69,-0.029097672186225054,-0.00558638549759527,-0.008420745920745931,0.005805608863229672
2025-05-09,162.39,268.91,340.53,623.36,0.003460421429895444,0.00044644518025216406,0.0006464693955510192,-0.0005291090124902587
2025-05-12,155.29,265.8,334.66,643.73,-0.04372190405813159,-0.011565207690305335,-0.017237835139341517,0.03267774640657084
2025-05-13,156.46,266.53,335.17,648.41,0.0075342906819499955,0.002746425884123216,0.0015239347397357772,0.0072701287806999915
2025-05-14,154.87,265.82,333.94,649.1,-0.010162341812603892,-0.002663865230930762,-0.0036697795148731283,0.0010641415153993528
2025-05-15,155.77,265.68,334.56,651.95,0.005811325627945951,-0.0005266721841847843,0.0018566209498711572,0.004390694808195983
2025-05-16,154.64,266.51,335.75,656.6,-0.0072542851640240436,0.003124059018367875,0.0035569105691057867,0.007132448807423808
2025-05-19,157.0,267.55,337.66,657.27,0.015261251939989728,0.0039022925969007805,0.005688756515264348,0.0010204081632652073
2025-05-20,158.27,267.22,337.15,654.73,0.008089171974522413,-0.0012334143150812826,-0.001510395071966042,-0.0038644697004274198
2025-05-21,160.14,267.06,336.74,644.19,0.011815252416756072,-0.0005987575780257437,-0.0012160759305945845,-0.01609823896873519
2025-05-22,159.16,266.78,336.51,643.92,-0.006119645310353361,-0.0010484535310417709,-0.0006830195402982575,-0.0004191310017231942
2025-05-23,162.89,267.3,337.55,639.64,0.0234355365669765,0.0019491716020691996,0.0030905470862678808,-0.006646788420921812
2025-05-26,163.05,267.45,337.84,,0.0009822579654983343,0.0005611672278338364,0.0008591319804471809,
2025-05-27,160.73,267.92,338.64,652.78,-0.014228764182766196,0.0017573378201534151,0.0023679848448969754,
2025-05-28,159.56,267.4,337.91,649.15,-0.0072792882473713405,-0.0019408778739923305,-0.002155681549728228,-0.005560832133337357
2025-05-29,161.67,267.82,338.76,651.76,0.013223865630483722,0.0015706806282722585,0.0025154626971677363,0.004020642378494976
2025-05-30,161.94,267.09,337.93,651.77,0.0016700686583781543,-0.0027257112986335263,-0.0024501121738103038,1.5343071068985026e-05
2025-06-02,163.74,268.4,339.48,654.52,0.01111522786217134,0.0049047137668951635,0.004586748734945134,0.004219279807293974
2025-06-03,161.89,268.31,339.06,658.33,-0.011298399902284206,-0.0003353204172875657,-0.001237186284906322,0.005821059707877607
2025-06-04,164.97,268.39,339.98,658.4,0.019025264068194492,0.0002981625731428572,0.0027133840618180916,0.00010632965230183977
2025-06-05,164.96,268.26,340.08,654.98,-6.0617081893643565e-05,-0.0004843697604232089,0.00029413494911456617,-0.005194410692588081
2025-06-06,163.21,268.52,339.78,661.79,-0.010608632395732287,0.0009692089763662093,-0.0008821453775582633,0.010397264038596532
2025-06-09,164.67,269.85,341.65,662.46,0.008945530298388515,0.004953076120959521,0.005503561127788492,0.0010124057480471738
2025-06-10,163.82,269.97,341.42,666.11,-0.005161838829173426,0.0004446914952751513,-0.0006732035709058337,0.005509766627419088
2025-06-11,163.89,270.78,342.29,664.29,0.0004272982541813075,0.0030003333703743085,0.002548181125886062,-0.0027322814550150287
2025-06-12,165.99,271.3,343.55,666.84,0.01281347245103448,0.001920378166777592,0.0036810891349439157,0.003838684911710244
2025-06-13,163.25,269.46,340.14,659.42,-0.016507018495090064,-0.006782159970512458,-0.009925774996361603,-0.011127106952192545
2025-06-16,165.32,271.32,343.43,665.72,0.012679938744257324,0.006902694277443722,0.00967248779914165,0.009553850353340998
2025-06-17,161.79,269.39,340.36,660.18,-0.021352528429712136,-0.007113371664455248,-0.008939230702035283,-0.008321816980111918
2025-06-18,161.3,268.95,339.47,660.0,-0.0030286173434698194,-0.0016333197223356022,-0.002614878364085027,-0.000272652912841842
2025-06-19,160.44,268.27,338.32,,-0.005331680099194158,-0.0025283509946086857,-0.0033876336642414406,
2025-06-20,159.24,267.42,337.41,658.6,-0.007479431563201078,-0.0031684496962014475,-0.0026897611728540216,
2025-06-23,160.32,266.57,337.54,664.94,0.006782215523737589,-0.0031785206790816423,0.0003852879286327937,0.009626480412997296
2025-06-24,163.86,266.51,338.53,672.34,0.022080838323353502,-0.00022508159207712541,0.0029329857202107235,0.011128823653261843
2025-06-25,164.22,267.09,339.47,672.35,0.002196997436836323,0.0021762785636560977,0.002776711074351068,1.4873427135020378e-05
2025-06-26,166.89,269.32,342.52,677.75,0.016258677383997,0.008349245572653485,0.008984593631248483,0.008031531196549313
2025-06-27,164.72,268.03,340.89,681.34,-0.013002576547426425,-0.004789841081241697,-0.004758846198762101,0.0052969383991148256
2025-06-30,167.56,269.68,343.06,684.91,0.01724137931034475,0.006156027310375789,0.006365689811962838,0.005239674758563906
2025-07-01,167.9,270.1,343.29,684.16,0.002029123895917806,0.0015574013645802687,0.0006704366583105692,-0.0010950343840796517
2025-07-02,167.82,269.79,342.72,687.43,-0.00047647409172135724,-0.0011477230655313475,-0.0016604037402778715,0.004779583723105718
2025-07-03,167.0,270.25,342.78,693.27,-0.004886187581932933,0.0017050298380221207,0.00017507002801098182,0.008495410441790474
2025-07-04,166.94,270.13,342.68,,-0.0003592814371257136,-0.0004440333024977594,-0.0002917323064355326,
2025-07-07,165.61,270.24,343.1,687.83,-0.007966934227866207,0.0004072113426869528,0.0012256332438427275,
2025-07-08,165.46,270.94,344.48,687.34,-0.0009057424068594777,0.002590290112492566,0.004022150976391803,-0.0007123853277699599
2025-07-09,165.96,271.09,344.76,691.52,0.0030218783996132093,0.0005536281095444018,0.0008128193218763791,0.006081415311199656
2025-07-10,165.45,269.85,343.13,693.51,-0.003073029645697889,-0.004574126673798196,-0.00472792667362798,0.0028777186487736195
2025-07-11,165.45,270.78,343.92,691.23,0.0,0.0034463590883822004,0.0023023343922128348,-0.0032876238266210667
2025-07-14,163.54,269.88,342.79,692.2,-0.0115442731943185,-0.0033237314424993114,-0.003285647825075566,0.0014032955745555409
2025-07-15,161.66,269.72,341.91,689.53,-0.011495658554482091,-0.0005928560841854669,-0.0025671694040082516,-0.003857266685929006
2025-07-16,162.57,269.57,342.28,691.73,0.005629098107138519,-0.000556132285333022,0.001082156122956146,0.0031905790901050057
2025-07-17,162.75,271.09,344.23,695.45,0.001107215353386204,0.005638609637570902,0.005697090101671298,0.005377820826044877
2025-07-18,163.39,270.88,344.29,695.43,0.003932411674347103,-0.0007746504850786318,0.00017430206547941474,-2.8758357897951115e-05
2025-07-21,166.08,272.83,347.54,696.42,0.01646367586755626,0.007198759598346038,0.009439716518051533,0.0014235796557524605
2025-07-22,167.0,272.64,347.21,696.88,0.005539499036608886,-0.0006964043543598031,-0.0009495309892387782,0.0006605209500014642
2025-07-23,168.95,274.72,350.88,702.33,0.011676646706586746,0.00762910798122074,0.010569972063016575,0.007820571690965616
2025-07-24,167.73,273.53,349.52,702.83,-0.007221071322876638,-0.004331683168317002,-0.003875968992248069,0.0007119160508592959
2025-07-25,166.23,272.13,348.31,705.66,-0.00894294401717044,-0.005118268562863237,-0.0034618905928129884,0.0040265782621684565
2025-07-28,163.94,271.75,346.77,705.78,-0.013776093364615272,-0.0013963914305662462,-0.004421348798484215,0.00017005356687360695
2025-07-29,165.01,272.24,347.49,703.7,0.006526778089544827,0.0018031278748851243,0.002076304178562305,-0.002947093995295913
2025-07-30,163.07,272.32,347.08,702.82,-0.011756863220410918,0.00029385836027029377,-0.0011798900687790548,-0.001250532897541512
2025-07-31,160.7,270.16,342.92,700.28,-0.014533635861899818,-0.007931844888366513,-0.011985709346548301,-0.0036140121225919364
2025-08-01,158.66,266.86,339.66,689.11,-0.012694461729931494,-0.012214983713355054,-0.009506590458415953,-0.01595076255212191
2025-08-04,160.16,268.54,342.11,699.3,0.009454178747006159,0.006295435809038574,0.00721309544838955,0.014787189273120394
2025-08-05,160.55,269.48,343.87,695.91,0.0024350649350650677,0.0035004096224027226,0.005144544152465569,-0.0048477048477048035
2025-08-06,162.5,271.03,346.57,700.98,0.012145748987854255,0.005751818316757973,0.007851804460988099,0.007285424839418964
2025-08-07,162.87,271.04,346.66,700.43,0.0022769230769230653,3.689628454428551e-05,0.00025968779755891624,-0.0007846158235613743
2025-08-08,164.43,271.41,346.98,705.96,0.009578191195432018,0.0013651121605666727,0.0009230946748974844,0.007895150122068095
2025-08-11,161.5,270.17,345.72,704.26,-0.017819132761661582,-0.004568733650197165,-0.003631333218052868,-0.0024080684458043233
2025-08-12,163.36,271.7,348.61,712.27,0.011517027863777285,0.005663101010474847,0.00835936596089315,0.011373640416891373
2025-08-13,164.34,272.94,350.0,714.59,0.005999020568070446,0.004563857195436283,0.003987263704426036,0.003257191795246195
2025-08-14,163.16,272.14,348.98,714.84,-0.007180236095898795,-0.0029310471165824303,-0.002914285714285647,0.0003498509634896063
2025-08-15,163.58,272.16,349.36,712.93,0.0025741603334150653,7.349158521363641e-05,0.0010888876153360982,-0.0026719265849701745
2025-08-18,163.39,272.15,349.39,712.91,-0.001161511187186881,-3.6743092298840985e-05,8.587130753379135e-05,-2.8053245059056486e-05
2025-08-19,161.74,271.68,348.39,708.79,-0.010098537242181127,-0.0017269887929449723,-0.002862131142848945,-0.0057791306055462455
2025-08-20,161.36,271.94,348.93,707.09,-0.0023494497341411957,0.0009570082449941175,0.0015499870834410068,-0.0023984537027891273
2025-08-21,161.1,271.7,348.76,704.35,-0.0016113039167080512,-0.000882547620798757,-0.00048720373713928566,-0.0038750371239870685
2025-08-22,164.38,274.41,353.74,715.07,0.02036002482929855,0.009974236290025917,0.01427916045418054,0.015219706112018283
2025-08-25,163.69,273.83,353.05,712.04,-0.004197590947803809,-0.0021136255967350026,-0.0019505851755526882,-0.0042373473925630956
2025-08-26,162.98,273.47,352.57,715.02,-0.004337467163540887,-0.001314684293174495,-0.0013595807959213557,0.004185158137183231
2025-08-27,163.17,273.69,352.88,716.74,0.0011657872131549674,0.0008044758108749495,0.0008792580196841371,0.0024055271181226967
2025-08-28,164.46,273.82,352.9,719.02,0.00790586504872226,0.00047498995213568485,5.6676490591600626e-05,0.0031810698440160046
2025-08-29,164.07,273.45,352.33,714.48,-0.0023713973002554845,-0.0013512526477248432,-0.0016151884386511606,-0.006314149815025982
2025-09-01,164.42,273.56,352.76,,0.0021332358139818375,0.000402267324922434,0.0012204467402718855,
2025-09-02,164.8,274.31,353.59,709.68,0.0023111543607834406,0.002741628893113024,0.002352874475564093,
2025-09-03,165.55,274.62,354.47,713.31,0.004550970873786309,0.001130108271663488,0.0024887581662378366,0.00511498140006772
2025-09-04,165.31,274.57,354.48,719.33,-0.0014497130776200962,-0.00018206976913559547,2.8211132112598847e-05,0.008439528395788765
2025-09-05,165.86,275.49,355.96,717.15,0.00332708245115243,0.003350693812142591,0.004175129767546748,-0.0030305979175067055
2025-09-08,167.62,276.72,357.59,718.7,0.010611358977450802,0.004464771861047545,0.004579166198449336,0.002161333054451653
2025-09-09,167.17,276.15,357.05,720.65,-0.0026846438372509773,-0.002059843885516277,-0.0015101093431023616,0.002713232224850426
2025-09-10,168.4,277.74,359.72,722.82,0.007357779505892337,0.005757740358500962,0.007477944265509073,0.0030111704711026643
2025-09-11,169.96,278.99,362.23,728.96,0.009263657957244709,0.004500612083243372,0.006977649282775555,0.008494507622921255
2025-09-12,171.02,279.18,362.88,728.64,0.006236761590962647,0.0006810279938349595,0.0017944399966871583,-0.0004389815627744431
2025-09-15,173.61,281.42,366.48,732.23,0.01514442755233314,0.008023497385199585,0.009920634920634885,0.004926987263943916
2025-09-16,173.59,281.32,366.0,731.32,-0.00011520073728477076,-0.0003553407718002166,-0.0013097576948265521,-0.0012427789082665175
2025-09-17,170.9,279.43,362.87,730.62,-0.015496284348176737,-0.006718327882837993,-0.008551912568306008,-0.0009571733304163388
2025-09-18,171.77,279.74,364.6,734.13,0.00509069631363368,0.001109401281179645,0.004767547606580935,0.0048041389504804854
2025-09-19,171.32,279.68,364.74,737.72,-0.0026197822669850046,-0.00021448487881603473,0.0003839824465166064,0.004890142072929926
2025-09-22,173.76,282.38,369.24,741.03,0.014242353490544035,0.009653890160183032,0.012337555518999732,0.004486797158813616
2025-09-23,174.45,282.99,370.1,736.95,0.0039709944751380455,0.002160209646575595,0.0023291084389558403,-0.005505849965588339
2025-09-24,173.68,282.61,369.4,734.86,-0.004413872169676036,-0.0013428036326371684,-0.0018913807079169453,-0.0028360132980528308
2025-09-25,172.85,281.49,367.45,731.19,-0.004778903730999651,-0.003963058632037053,-0.005278830536004309,-0.004994148545301114
2025-09-26,175.53,283.24,370.21,735.52,0.015504772924501031,0.006216917119613585,0.007511226017145267,0.005921853417032441
2025-09-29,175.79,283.42,371.48,737.47,0.001481228280066027,0.0006355034599632159,0.003430485400178318,0.002651185555797353
2025-09-30,176.44,284.07,372.53,740.56,0.0036975937197794018,0.002293416131536219,0.002826531710993674,0.004190000949191086
2025-10-01,177.36,284.72,373.76,743.11,0.0052142371344368055,0.0022881684091951016,0.003301747510267683,0.003443340175002696
2025-10-02,176.23,284.2,372.85,743.58,-0.006371222372575702,-0.0018263557178984646,-0.0024347174657533,0.0006324770222443377
2025-10-03,178.68,286.34,376.46,743.71,0.013902286784316154,0.007529908515130135,0.009682177819498428,0.00017482987708117292
2025-10-06,180.25,287.82,378.88,746.47,0.008786657712110957,0.005168680589509034,0.006428305796100542,0.0037111239596079315
2025-10-07,179.86,287.67,378.48,743.63,-0.002163661581137233,-0.0005211590577443026,-0.0010557432432432012,-0.003804573526062671
2025-10-08,182.12,290.34,382.81,747.97,0.012565328588902469,0.009281468349150002,0.011440498837455015,0.005836235762408659
2025-10-09,179.04,289.79,381.5,745.93,-0.016911926202503924,-0.0018943307845972202,-0.0034220631644941157,-0.0027273821142560495
2025-10-10,177.42,286.48,375.51,725.8,-0.009048257372654134,-0.011422064253424846,-0.015701179554390543,-0.026986446449398738
2025-10-13,181.41,289.73,381.68,737.12,0.022489009130876036,0.011344596481429825,0.016430987190753976,0.015596583080738524
2025-10-14,181.3,289.05,380.08,735.98,-0.00060636128107594,-0.0023470127359955795,-0.004191993292810836,-0.0015465595832429013
2025-10-15,182.38,291.18,383.24,739.0,0.0059569773855487895,0.007368967306694341,0.008314039149652785,0.004103372374249181
2025-10-16,184.86,292.84,386.32,734.35,0.013597982234894168,0.005700940998694781,0.008036739380022917,-0.006292286874154285
2025-10-17,181.05,289.32,380.39,738.24,-0.020610191496267416,-0.012020215817511226,-0.015349968937668268,0.005297201606863089
2025-10-20,185.6,291.59,384.48,746.13,0.025131179232256162,0.007845983685884184,0.010752122821314991,0.010687581274382296
2025-10-21,181.97,290.7,382.54,746.15,-0.01955818965517242,-0.003052230872114925,-0.005045776113191791,2.680498036533585e-05
2025-10-22,180.71,289.29,380.29,742.18,-0.006924218277738037,-0.004850361197110353,-0.005881737857478919,-0.005320645982711314
2025-10-23,182.39,288.93,380.45,746.52,0.009296663161972196,-0.0012444260085036074,0.0004207315469773043,0.005847638039289782
2025-10-24,183.08,289.22,381.45,752.45,0.003783102143757988,0.0010037033191430123,0.002628466289919862,0.00794352462090786
2025-10-27,181.76,289.53,381.5,761.7,-0.007209962857767205,0.001071848419887722,0.0001310787783457279,0.0122931756262874
2025-10-28,181.68,288.55,380.14,763.45,-0.0004401408450703803,-0.0033847960487685125,-0.00356487549148099,0.002297492451096339
2025-10-29,181.6,288.52,380.02,763.42,-0.00044033465433734875,-0.0001039681164444195,-0.00031567317304148634,-3.929530421120653e-05
2025-10-30,181.6,287.97,379.2,755.86,0.0,-0.0019062803271868711,-0.0021577811694121207,-0.009902805794975156
2025-10-31,180.89,287.49,377.76,757.9,-0.003909691629956025,-0.0016668402958641693,-0.0037974683544304,0.0026989124970231426
2025-11-03,181.03,288.11,378.88,759.25,0.00077395101995692,0.0021565967511913975,0.0029648454044897132,0.0017812376302943633
2025-11-04,179.96,285.77,374.83,750.34,-0.005910622548748745,-0.008121897886224083,-0.010689400337837829,-0.011735265064208078
2025-11-05,180.04,286.4,375.62,753.09,0.0004445432318291864,0.002204570108828685,0.0021076221220286406,0.003665005197643678
2025-11-06,179.44,286.28,376.0,744.68,-0.0033325927571650205,-0.00041899441340786936,0.0010116607209413875,-0.011167323958623965
2025-11-07,179.24,285.86,375.95,745.69,-0.0011145786892553522,-0.0014670951515997066,-0.00013297872340423122,0.0013562872643284596
2025-11-10,183.73,289.64,382.48,757.27,0.025050212006248573,0.01322325613936881,0.017369331028062263,0.015529241373761105
2025-11-11,185.68,291.12,385.29,758.85,0.01061340009796985,0.005109791465267355,0.007346789374607754,0.0020864420880268852
2025-11-12,187.67,292.23,387.24,759.35,0.010717363205514863,0.0038128606760099437,0.005061122790625205,0.0006588917440863984
2025-11-13,184.98,290.66,384.57,746.8,-0.0143336708051367,-0.005372480580364769,-0.0068949488689185046,-0.016527293079607652
2025-11-14,180.56,287.02,379.09,746.59,-0.023894475078386823,-0.012523223009702211,-0.014249681462412567,-0.00028119978575247284
2025-11-17,181.21,286.92,378.6,739.82,0.003599911386796606,-0.00034840777646150123,-0.0012925690469280937,-0.009067895364256118
2025-11-18,179.92,285.32,375.91,733.77,-0.007118812427570287,-0.005576467307960464,-0.0071051241415741595,-0.008177664837393017
2025-11-19,181.42,286.12,377.64,736.54,0.008337038683859488,0.0028038693396887915,0.004602165411933701,0.0037750248715537893
2025-11-20,181.28,285.96,377.97,725.18,-0.000771690001102332,-0.000559205927582962,0.00087384810931046,-0.015423466478398984
2025-11-21,180.38,283.59,374.38,732.36,-0.004964695498676064,-0.008287872429710519,-0.009498108315474818,0.00990099009900991
2025-11-24,182.09,284.8,376.78,743.7,0.009479986694755471,0.0042667230861457295,0.006410598856776417,0.01548418810421115
2025-11-25,183.49,285.87,378.53,750.48,0.007688505684002367,0.003757022471910121,0.004644620202770788,0.00911657926583298
2025-11-26,184.97,287.38,381.46,755.68,0.00806583465038968,0.005282121243922022,0.007740469711779774,0.006928898838076902
2025-11-27,184.9,287.27,381.16,,-0.00037843974698592575,-0.00038276845987894603,-0.000786452052639719,
2025-11-28,186.33,288.16,382.93,759.75,0.0077339102217415245,0.0030981306784558793,0.00464371917305062,
2025-12-01,187.5,287.62,382.47,755.8,0.006279182096280644,-0.0018739589117158229,-0.0012012639385787782,-0.005199078644290922
2025-12-02,186.26,286.97,381.75,757.68,-0.00661333333333336,-0.0022599262916347396,-0.0018825005882815438,0.002487430537179147
2025-12-03,185.55,287.81,383.02,759.96,-0.0038118758724362545,0.0029271352406174955,0.0033267845448592404,0.0030091859360152906
2025-12-04,186.65,288.57,384.34,760.84,0.005928321207221643,0.002640630971821656,0.003446295232624852,0.0011579556818779313
2025-12-05,187.07,287.55,382.52,762.43,0.002250200910795641,-0.0035346709637176232,-0.00473539053962635,0.002089795489196078
2025-12-08,186.26,286.03,380.62,759.84,-0.004329929972737512,-0.005286037210920025,-0.004967060545853719,-0.00339703317025819
2025-12-09,187.31,285.88,380.44,759.18,0.00563728121980045,-0.0005244205153305259,-0.00047291261625770353,-0.0008686039166141413
2025-12-10,186.14,286.53,381.37,764.33,-0.00624632961400895,0.0022736812648662674,0.002444537903480093,0.006783634974578012
2025-12-11,187.85,288.54,384.8,765.93,0.009186633716557369,0.0070149722542143245,0.008993890447596797,0.002093336647782884
2025-12-12,185.85,287.1,382.63,757.81,-0.010646792653713044,-0.004990642545227741,-0.005639293139293233,-0.010601490997871887
2025-12-15,186.71,288.09,384.38,756.72,0.0046273876782352286,0.0034482758620688614,0.004573608969500542,-0.001438355260553359
2025-12-16,184.55,287.4,382.98,754.95,-0.011568742970381907,-0.0023950848693116145,-0.003642229044174994,-0.002339042182048834
2025-12-17,187.48,287.56,384.38,746.21,0.015876456244920067,0.0005567153792624957,0.003655543370410852,-0.01157692562421353
2025-12-18,187.1,288.02,385.08,752.14,-0.0020268828675058526,0.00159966615662821,0.0018211145220874414,0.007946824620415072
2025-12-19,189.56,290.28,388.96,758.79,0.01314804917156609,0.00784667731407529,0.010075828399293663,0.008841439093785652
2025-12-22,190.67,291.71,390.87,763.72,0.005855665752268369,0.004926278076340163,0.004910530645824807,0.006497186309782688
2025-12-23,191.02,292.13,391.05,767.2,0.0018356322441916983,0.0014397860889239222,0.0004605111673958717,0.004556643796155724
2025-12-24,191.54,291.82,390.25,769.67,0.0027222280389487263,-0.0010611713962961344,-0.0020457741976729338,0.0032194994786234332
2025-12-25,191.65,291.77,390.02,,0.0005742925759633088,-0.00017133849633343967,-0.0005893657911595351,
2025-12-26,196.03,293.25,393.07,769.51,0.022854161231411485,0.005072488604037417,0.007820111789138995,
2025-12-29,189.83,290.25,387.65,766.85,-0.031627812069581096,-0.010230179028132946,-0.013788892563665556,-0.003456745201491862
2025-12-30,194.74,292.71,391.98,765.79,0.025865247853342543,0.00847545219638235,0.011169869727847281,-0.0013822781508769921
2025-12-31,190.63,291.47,390.26,760.22,-0.021105063161138027,-0.004236274811246443,-0.004387978978519391,-0.007273534519907421
2026-01-02,191.99,294.06,394.37,761.84,0.007134239101925344,0.008885991697258566,0.01053144057807609,0.002130962089921251
2026-01-05,197.14,297.73,399.83,766.68,0.02682431376634198,0.012480446167448811,0.013844866495930086,0.0063530400084006455
2026-01-06,201.57,300.62,404.06,771.49,0.02247134016435015,0.009706781311926926,0.010579496285921586,0.0062738039338448015
2026-01-07,199.06,297.61,399.59,768.84,-0.012452249838765694,-0.010012640542877982,-0.011062713458397377,-0.0034349116644415423
2026-01-08,196.71,296.22,397.34,768.9,-0.011805485783180969,-0.004670541984476251,-0.00563077154082936,7.803964413910514e-05
2026-01-09,200.87,299.48,402.28,773.91,0.02114788266992007,0.011005333873472356,0.01243267730407216,0.006515801794771736
2026-01-12,204.86,302.02,405.65,775.19,0.019863593368845578,0.008481367704020082,0.008377249676841947,0.0016539390885246252
2026-01-13,205.7,303.2,407.15,773.7,0.004100361222298066,0.003907026024766669,0.0036977690126955842,-0.0019221094183361487
2026-01-14,208.17,304.08,408.72,769.59,0.012007778317938644,0.0029023746701846154,0.003856072700479052,-0.005312136487010455
2026-01-15,210.69,304.42,409.97,771.6,0.012105490704712452,0.0011181268087345764,0.0030583284400078625,0.002611780298600541
2026-01-16,207.85,301.89,405.94,771.16,-0.013479519673453955,-0.008310886275540441,-0.009829987560065478,-0.0005702436495593766
2026-01-19,207.26,301.76,405.85,,-0.0028385855184026587,-0.00043062042465802364,-0.00022170764152329436,
2026-01-20,210.86,300.75,404.18,755.28,0.017369487600115807,-0.0033470307529162024,-0.004114820746581316,
2026-01-21,211.51,301.9,406.49,764.04,0.0030826140567199456,0.00382377389858668,0.00571527537235883,0.011598347632665984
2026-01-22,215.96,303.9,409.68,768.25,0.02103919436433266,0.00662471016893007,0.007847671529434885,0.00551018271294712
2026-01-23,218.55,305.33,411.63,768.57,0.011992961659566648,0.004705495228693568,0.00475981253661395,0.000416531077123361
2026-01-26,225.36,307.1,413.05,772.42,0.03115991763898429,0.005797006517538561,0.003449699973276932,0.005009302991269449
2026-01-27,219.56,309.16,414.39,775.57,-0.02573659921902738,0.0067079127320091025,0.0032441593027476845,0.0040780922296161926
2026-01-28,227.35,310.65,416.61,775.52,0.03548005101111307,0.004819510932850157,0.005357272134945301,-6.446871333354309e-05
2026-01-29,226.62,311.6,417.97,774.52,-0.0032109082911809805,0.003058103975535298,0.0032644439643791934,-0.0012894573963275757
2026-01-30,198.47,305.23,408.63,771.24,-0.1242167505074574,-0.020442875481386458,-0.02234610139483706,-0.004234880958529086
2026-02-02,198.53,302.78,406.21,775.44,0.0003023126920944641,-0.008026733938341746,-0.005922227932359414,0.0054457756340440255
2026-02-03,208.46,306.3,411.95,768.93,0.050017629577393974,0.011625602747869834,0.014130622092021428,-0.008395233673785363
2026-02-04,209.67,307.18,412.44,765.03,0.005804470881703772,0.002873000326477193,0.0011894647408665637,-0.0050719831454097974
2026-02-05,199.21,302.45,405.38,755.66,-0.04988791911098378,-0.01539813789960287,-0.01711764135389393,-0.01224788570382862
2026-02-06,203.96,305.78,411.12,770.58,0.023844184528889034,0.011010084311456447,0.014159553998717378,0.019744329460339438
2026-02-09,212.78,309.92,416.99,774.26,0.04324377328888018,0.013539145791091833,0.01427806966335865,0.004775623556282138
2026-02-10,209.76,308.94,415.2,771.75,-0.01419306325782499,-0.003162106350025895,-0.004292668888942197,-0.0032418050783974417
2026-02-11,212.47,309.69,416.27,771.73,0.012919527078566029,0.0024276558555058614,0.0025770712909440885,-2.591512795591111e-05
2026-02-12,203.44,307.17,412.29,759.71,-0.04250011766367012,-0.008137169427491986,-0.00956110216926509,-0.015575395539890846
2026-02-13,204.2,306.74,411.44,760.2,0.0037357451828547994,-0.0013998762900022665,-0.0020616556307454514,0.0006449829540220442
2026-02-16,204.36,306.95,411.63,,0.0007835455435849514,0.000684618895481437,0.00046179272797974846,
2026-02-17,201.24,306.48,410.89,761.09,-0.01526717557251911,-0.00153119400553825,-0.0017977309719894308,
2026-02-18,205.87,309.06,414.87,765.35,0.023007354402703184,0.008418167580266145,0.009686290734746583,0.005597235543759682
2026-02-19,206.25,309.69,415.77,763.3,0.001845825035216464,0.002038439138031478,0.0021693542555498713,-0.002678513098582469
2026-02-20,211.11,310.28,416.73,768.62,0.023563636363636453,0.0019051309373889769,0.0023089689010751258,0.0069697366697236696
2026-02-23,213.55,311.3,417.78,760.66,0.011557955568187284,0.003287353358257139,0.0025196170182131272,-0.010356222840935736
2026-02-24,214.63,312.42,419.88,766.53,0.0050573636150783585,0.0035978156119498284,0.00502656900761167,0.007716982620356028
2026-02-25,220.32,314.83,423.33,772.79,0.02651073941201143,0.007713974777542987,0.008216633323806732,0.008166673189568652
2026-02-26,217.82,314.42,422.62,768.64,-0.011347131445170633,-0.0013022901248291863,-0.0016771785604610123,-0.005370152305283371
2026-02-27,221.93,315.73,424.58,765.38,0.018868790744651642,0.0041664016283951,0.004637736027637063,-0.0042412572855953234
2026-03-02,217.98,314.23,422.46,765.75,-0.017798404902446774,-0.004750894751844981,-0.004993169720665103,0.00048342000052259415
2026-03-03,206.95,309.06,414.9,758.55,-0.05060097256629048,-0.016452916653406757,-0.01789518534299106,-0.009402546523016753
2026-03-04,207.97,309.89,417.15,764.44,0.004928726745590861,0.002685562673914399,0.005422993492407713,0.007764814448619317
2026-03-05,206.08,308.41,414.95,760.15,-0.009087849209020504,-0.004775888218399915,-0.0052738822965360255,-0.005611951232274759
2026-03-06,209.51,308.31,414.82,750.17,0.016644021739130377,-0.00032424370156614035,-0.00031329075792263517,-0.01312898769979609
2026-03-09,207.25,309.14,414.8,756.47,-0.010787074602644275,0.0026920956180467304,-4.821368304319673e-05,0.008398096431475599
2026-03-10,213.48,309.5,415.24,754.94,0.030060313630880575,0.001164520929028967,0.001060752169720347,-0.002022552117070031
2026-03-11,211.18,310.84,417.46,754.33,-0.010773842982949144,0.004329563812600856,0.005346305750890901,-0.0008080112326807054
2026-03-12,209.68,312.11,418.37,742.88,-0.0071029453546737065,0.004085703255694462,0.0021798495664255846,-0.015179033049195989
2026-03-13,205.62,311.37,416.9,738.47,-0.019362838611217126,-0.0023709589567780798,-0.0035136362549896827,-0.005936355804436744
2026-03-16,205.24,310.32,415.72,746.03,-0.0018480692539636356,-0.0033721938529723827,-0.0028304149676180446,0.010237382696656416
2026-03-17,207.92,312.0,418.05,747.92,0.013057883453517771,0.005413766434648082,0.005604733955546948,0.0025334101845770896
2026-03-18,205.54,312.54,418.57,737.74,-0.011446710273182004,0.0017307692307693134,0.0012438703504364934,-0.013611081399080072
2026-03-19,198.01,311.12,415.87,735.76,-0.03663520482631122,-0.00454341844243944,-0.0064505339608667,-0.0026838723669585507
2026-03-20,196.75,312.24,416.98,724.64,-0.006363314984091706,0.003599897145795783,0.002669103325558586,-0.015113624007828674
2026-03-23,190.46,309.3,412.15,732.98,-0.03196950444726809,-0.00941583397386625,-0.01158328936639652,0.01150916317067785
2026-03-24,192.33,310.56,413.93,730.25,0.009818334558437503,0.004073714839961218,0.00431881596506134,-0.0037245218150563364
2026-03-25,193.02,310.31,413.61,734.23,0.0035875838402745774,-0.0008049974240081914,-0.0007730775735027562,0.005450188291680869
2026-03-26,193.08,312.52,417.09,721.46,0.0003108486167235913,0.007121910347716698,0.008413723072459467,-0.01739237023820872
2026-03-27,197.46,314.33,420.07,709.41,0.02268489745183344,0.005791629335722526,0.007144740943201722,-0.01670224267457665
2026-03-30,197.15,313.81,419.22,706.62,-0.0015699382153347985,-0.0016543123468965026,-0.0020234722784296943,-0.00393284560409346
2026-03-31,197.39,313.15,417.88,727.27,0.0012173471975651662,-0.0021031834549568584,-0.0031964123849054227,0.02922362797543232
2026-04-01,197.8,312.36,416.56,732.51,0.002077106236384907,-0.0025227526744370232,-0.0031588015698286176,0.007205027018851284
2026-04-02,198.97,314.86,420.52,733.39,0.005915065722952306,0.008003585606351615,0.009506433647013646,0.0012013487870472517
2026-04-03,200.06,314.97,420.61,,0.005478212795898996,0.0003493616210379358,0.0002140207362313351,
2026-04-06,200.44,315.74,421.91,736.69,0.001899430170948735,0.00244467727085107,0.0030907491500440365,
2026-04-07,202.53,317.0,423.88,737.25,0.010427060466972726,0.003990625197947573,0.004669242255457284,0.0007601569181066026
2026-04-08,192.96,311.96,415.83,755.74,-0.04725225892460372,-0.01589905362776034,-0.01899122393130137,0.02507968802984073
2026-04-09,195.05,313.98,418.92,760.46,0.010831260364842388,0.0064751891268113315,0.007430921289950376,0.006245534178421108
2026-04-10,195.17,315.3,420.39,759.67,0.0006152268649062265,0.004204089432447988,0.003509023202520778,-0.0010388449096599972
2026-04-13,194.79,316.84,422.67,767.39,-0.0019470205461904477,0.004884237234379807,0.005423535288660686,0.01016230731765111
2026-04-14,193.68,315.05,419.7,776.46,-0.005698444478669296,-0.005649539199595877,-0.007026758464049987,0.011819283545524417
2026-04-15,194.41,315.65,420.54,782.71,0.003769103676166896,0.0019044596095856292,0.0020014295925661063,0.008049352188135961
2026-04-16,196.25,316.49,421.99,784.76,0.009464533717401302,0.0026611753524474757,0.003447947876539681,0.0026191054157989058
2026-04-17,192.86,314.14,418.05,794.21,-0.017273885350318374,-0.007425195108850313,-0.009336714140145475,0.012041898159947051
2026-04-20,193.2,314.35,418.54,792.35,0.001762936845379981,0.0006684917552683967,0.0011721085994498281,-0.002341949862127213
2026-04-21,193.85,315.21,419.93,787.32,0.0033643892339545456,0.0027358040400826678,0.003321068476131339,-0.006348204707515626
2026-04-22,196.72,317.29,422.87,795.57,0.014805261800361125,0.006598775419561775,0.007001166861143604,0.010478585581466193
2026-04-23,197.33,318.3,424.45,792.29,0.0031008540056933764,0.003183207790979914,0.003736372880554173,-0.00412283017207804
2026-04-24,196.54,318.5,424.67,798.64,-0.004003446004155586,0.0006283380458687038,0.0005183178230652175,0.008014742076764891
2026-04-27,198.04,319.88,426.94,799.63,0.0076320341915132595,0.0043328100470958475,0.00534532695975698,0.001239607332465198
2026-04-28,198.97,320.55,428.23,795.72,0.004696021005857531,0.0020945354507941882,0.003021501850377195,-0.004889761514700552
2026-04-29,200.87,321.97,431.12,795.4,0.00954917826808055,0.004429886133208605,0.00674870980547837,-0.0004021515105816498
2026-04-30,200.37,321.25,429.8,803.58,-0.0024891721013591273,-0.002236233189427672,-0.0030617925403599866,0.01028413376917281
2026-05-01,200.9,321.25,429.74,805.95,0.0026451065528771966,0.0,-0.00013959981386690856,0.0029493018741133525
2026-05-04,199.75,322.03,430.88,802.72,-0.005724240915878531,0.002428015564202246,0.002652766789221328,-0.004007692784912198
2026-05-05,200.59,322.84,432.07,809.26,0.004205256570713356,0.0025152936061858533,0.002761789825473482,0.008147299182778456
2026-05-06,203.01,320.71,428.71,821.07,0.012064409990527825,-0.006597695452855934,-0.007776517693892204,0.014593579319378325
2026-05-07,204.99,319.68,426.81,817.95,0.009753214127383059,-0.003211624208786623,-0.004431900352219409,-0.0037999196170850347
2026-05-08,206.74,321.69,430.06,824.97,0.008537001804966193,0.006287537537537524,0.007614629460415578,0.008582431688978431
2026-05-11,212.59,324.67,435.2,826.59,0.02829641095095292,0.009263576735366374,0.01195182067618461,0.001963707771191592
2026-05-12,215.2,326.51,438.7,825.29,0.012277153205701108,0.00566729294360413,0.008042279411764719,-0.0015727265028612214
2026-05-13,217.35,327.92,441.12,830.15,0.009990706319702669,0.004318397598848556,0.005516298153635857,0.0058888390747495745
2026-05-14,214.31,326.05,438.22,836.53,-0.01398665746491834,-0.005702610392778751,-0.006574174827711277,0.007685358067819115
2026-05-15,212.25,325.68,436.78,826.34,-0.00961224394568616,-0.0011347952767980507,-0.0032860207201863556,-0.012181272638159935
2026-05-18,215.7,327.29,439.58,825.78,0.016254416961130724,0.004943502824858781,0.006410549933605125,-0.0006776871505675963
2026-05-19,213.62,326.53,438.59,820.32,-0.009643022716736116,-0.002322099666962174,-0.0022521497793348555,-0.006611930538399924
2026-05-20,209.56,324.62,435.9,829.2,-0.019005711075742004,-0.005849385967598542,-0.006133290772703415,0.010825043885313024
2026-05-21,209.37,324.13,434.78,830.72,-0.0009066615766367692,-0.0015094572115088578,-0.002569396650607958,0.001833092136999559
2026-05-22,210.08,324.27,435.46,833.86,0.003391125758227087,0.0004319254620059887,0.0015640093840563196,0.0037798536209552314
2026-05-25,209.5,323.96,434.73,,-0.002760853008377806,-0.0009559934622382915,-0.0016763881872042807,
2026-05-26,207.78,323.27,433.88,839.01,-0.008210023866348393,-0.0021298925793308277,-0.0019552365836266183,
2026-05-27,207.84,321.82,431.23,839.16,0.0002887669650593061,-0.004485414668852661,-0.006107679542730615,0.00017878213608901738
2026-05-28,206.49,322.28,431.61,843.99,-0.006495381062355587,0.0014293704555341513,0.0008812002875495661,0.005755755755755709
2026-05-29,206.32,322.02,430.91,845.87,-0.0008232844205531276,-0.0008067518927640238,-0.001621834526540189,0.0022275145440111555
2026-06-01,212.27,325.45,435.82,848.16,0.02883869716944565,0.01065151232842676,0.011394490728922513,0.002707271802995681
2026-06-02,212.23,326.47,437.42,849.28,-0.0001884392518962663,0.003134121984944116,0.003671240420357158,0.0013205055649876396
2026-06-03,214.91,327.54,438.61,843.03,0.012627809452009586,0.0032774833828528305,0.002720497462393112,-0.00735917483044457
2026-06-04,212.67,326.04,436.21,846.6,-0.01042296775394358,-0.0045795933321121085,-0.005471831467590893,0.004234724742891771
2026-06-05,213.08,322.84,430.91,824.33,0.0019278694691307052,-0.009814746656852114,-0.012150111184979662,-0.026305220883534153
2026-06-08,212.41,322.43,430.74,826.82,-0.0031443589262249994,-0.0012699789369345904,-0.00039451393562461856,0.0030206349398906873
2026-06-09,215.48,320.83,428.57,824.71,0.014453180170425073,-0.004962317402226857,-0.005037841853554381,-0.0025519460100142943
2026-06-10,216.44,319.76,426.75,811.38,0.0044551698533505935,-0.0033350995854501964,-0.004246680822269422,-0.016163257387445285
2026-06-11,216.76,320.79,427.96,825.6,0.0014784697837737504,0.003221165874405907,0.002835383714118178,0.017525696960733583
2026-06-12,214.19,320.71,428.18,829.79,-0.01185643107584422,-0.000249384332429492,0.00051406673520904,0.005075096899224807
2026-06-15,212.14,320.16,427.12,843.7,-0.009570941687287005,-0.0017149449658568905,-0.0024755943761969323,0.01676327745574202
2026-06-16,210.97,319.12,425.31,838.93,-0.00551522579428676,-0.0032483758120940287,-0.0042376849597303146,-0.005653668365532938
2026-06-17,212.49,319.88,426.91,828.75,0.007204815850594848,0.002381549260466187,0.003761961863111729,-0.012134504666658663
2026-06-18,219.85,321.23,428.96,837.75,0.03463692409054531,0.004220332624734313,0.0048019488885244765,0.010859728506787292
2026-06-19,221.04,321.79,429.43,,0.005412781441892278,0.0017432991937240683,0.001095673256247709,
2026-06-22,223.05,323.4,432.25,834.69,0.009093376764386596,0.005003262997606894,0.006566844421675322,
2026-06-23,219.67,320.01,427.11,822.71,-0.015153553015019194,-0.010482374768088998,-0.011891266628108688,-0.014352633911991264
2026-06-24,222.11,318.52,424.23,821.91,0.011107570446579063,-0.004656104496734481,-0.006742993608203962,-0.0009723961055536634
2026-06-25,225.53,319.36,426.28,821.86,0.015397775876817787,0.0026371970362930597,0.004832284374042262,-6.083391125544235e-05
2026-06-26,219.75,316.65,422.3,821.5,-0.025628519487429613,-0.00848572144288584,-0.009336586281317394,-0.0004380308081668449
2026-06-29,221.49,317.91,424.0,831.15,0.007918088737201456,0.003979156797726313,0.00402557423632488,0.011746804625684781
2026-06-30,222.41,318.87,425.87,837.82,0.004153686396676903,0.0030197225629895463,0.00441037735849048,0.008025025566985589
2026-07-01,220.33,318.44,424.83,836.04,-0.009352097477631327,-0.0013485119327626416,-0.002442059783502093,-0.002124561361629085
2026-07-02,216.81,316.48,421.84,836.08,-0.01597603594608088,-0.006155005652556111,-0.007038109361391598,4.784460073681274e-05
2026-07-03,218.91,317.14,422.58,,0.00968590009685899,0.0020854398382204042,0.0017542196093305318,
2026-07-06,217.05,318.51,425.05,842.22,-0.008496642455803727,0.004319858737466209,0.005845047091675104,
2026-07-07,217.98,317.09,422.94,838.47,0.004284727021423462,-0.004458258767385703,-0.004964121868015536,-0.0044525183443755445
2026-07-08,220.85,316.87,422.43,836.11,0.013166345536287816,-0.0006938093285816516,-0.0012058448006809774,-0.0028146504943528106
2026-07-09,217.68,317.7,424.23,842.95,-0.014353633688023448,0.002619370719853409,0.004261061004189992,0.008180741768427646
2026-07-10,218.93,316.63,422.91,846.58,0.005742374127159167,-0.003367957192319748,-0.0031115196945052936,0.004306305237558483
2026-07-13,221.96,318.12,425.44,839.87,0.01384004019549634,0.004705808040931014,0.0059823603130688685,-0.00792600817406508
2026-07-14,219.55,317.78,424.62,843.03,-0.01085781221841775,-0.0010687790770779193,-0.0019274163219255014,0.0037624870515675646
2026-07-15,219.04,316.72,422.78,846.31,-0.0023229332726031338,-0.003335641009503232,-0.00433328623239615,0.003890727494869628
2026-07-16,219.0,316.12,421.78,841.99,-0.00018261504747985047,-0.0018944177822682873,-0.002365296371635406,-0.0051045125308691874
2026-07-17,217.14,314.68,420.13,833.5,-0.008493150684931616,-0.004555232190307512,-0.00391199203376158,-0.010083255145548087
2026-07-20,217.05,316.76,422.97,831.92,-0.0004144791378832835,0.006609889411465675,0.00675981243900714,-0.0018956208758248438
2026-07-21,219.52,320.28,428.09,839.29,0.011379866390232696,0.011112514206339075,0.012104877414473636,0.00885902490624102
2026-07-22,218.73,322.29,431.22,838.15,-0.0035987609329446446,0.0062757587111279545,0.007311546637389421,-0.0013582909363867302
2026-07-23,222.04,322.84,432.18,828.04,0.01513281214282447,0.0017065375903688729,0.002226241825518338,-0.012062280021475913
2026-07-24,219.12,321.92,430.67,828.53,-0.013150783642586816,-0.0028497088340972976,-0.0034939145726317067,0.0005917588522292849
2026-07-27,219.62,318.61,426.11,828.66,0.0022818546914933346,-0.010282057654075527,-0.010588153342466433,0.00015690439694404645
2026-07-28,217.91,315.78,422.26,830.42,-0.007786176122393296,-0.008882332632372036,-0.009035225645960043,0.00212391089228392
2026-07-29,213.94,315.25,421.43,817.83,-0.01821853058602174,-0.0016783836848437428,-0.00196561360299341,-0.015161002866019513
2026-07-30,209.38,313.73,418.93,831.41,-0.02131438721136769,-0.004821570182394819,-0.0059321832807346375,0.016604917892471427
2026-07-31,215.9,315.09,421.12,837.29,0.0311395548763016,0.004334937685270601,0.00522760365693542,0.007072322921302332
2026-08-03,215.3,312.37,417.39,849.72,-0.002779064381658203,-0.008632454219429264,-0.008857332826747721,0.014845513501893004
2026-08-04,212.82,311.99,416.35,864.93,-0.011518810961449244,-0.0012165060665236815,-0.0024916744531492396,0.017900014122298913
2026-08-05,209.91,311.37,415.22,863.49,-0.013673526924161239,-0.001987243180871179,-0.0027140626876426266,-0.0016648746141305626
2026-08-06,211.96,313.41,418.61,861.97,0.009766090229145874,0.006551690914346375,0.008164346611434947,-0.0017602983242422932
2026-08-07,209.74,313.72,418.63,867.34,-0.010473674278165701,0.0009891196834816984,4.777716729176262e-05,0.006229915194264413
2026-08-10,212.96,317.05,424.01,866.92,0.015352340993611158,0.010614560754813152,0.012851443995891332,-0.00048423916803108646
2026-08-11,212.2,316.76,423.28,864.16,-0.003568745304282639,-0.0009146822267781518,-0.001721657508077734,-0.0031836847690674963
2026-08-12,211.94,317.98,425.21,866.45,-0.001225259189443828,0.00385149640106075,0.004559629559629519,0.0026499722273654047
2026-08-13,211.27,317.64,424.49,872.12,-0.0031612720581295495,-0.0010692496383420957,-0.0016932809670514581,0.006543943678227304
2026-08-14,211.82,318.39,426.04,870.75,0.002603303829223247,0.0023611635814129173,0.003651440552192131,-0.0015708847406320503
2026-08-17,213.02,320.11,428.69,866.3,0.005665187423284035,0.005402179716699651,0.0062200732325603525,-0.005110536893482731
2026-08-18,215.24,319.67,427.84,860.36,0.010421556661346365,-0.0013745275061697315,-0.0019827847628822726,-0.006856747085305259
2026-08-19,211.56,318.05,424.41,862.24,-0.017097193830143076,-0.00506772609253292,-0.00801701570680613,0.0021851318052907853
2026-08-20,209.11,318.64,425.97,854.87,-0.011580639062204523,0.0018550542367552492,0.0036756909592139397,-0.008547504175171694
2026-08-21,207.9,321.03,429.42,858.63,-0.005786428195686533,0.007500627667587301,0.008099161912810793,0.004398329570578063
2026-08-24,208.07,319.76,427.23,856.24,0.0008177008177008283,-0.003956016571659893,-0.005099902193656525,-0.0027835039539731987
2026-08-25,207.24,318.96,425.82,859.02,-0.003989042149276645,-0.002501876407305481,-0.0033003300330033403,0.0032467532467532756
2026-08-26,208.62,319.71,426.98,858.85,0.006658946149391998,0.0023513920240783026,0.002724155746559598,-0.00019789993248120474
2026-08-27,207.57,320.6,428.41,865.04,-0.00503307448950252,0.0027837727940946966,0.0033491030024825896,0.007207312103393981
2026-08-28,213.46,321.62,429.98,862.91,0.02837596955244015,0.003181534622582527,0.0036647137088303694,-0.0024623138814390266
2026-08-31,214.89,,,860.09,0.006699147381242332,,,-0.0032680117277583687
