market,security,delivery_year,delivery_month,last_trade_date,in_generic_cycle
ES,ESU97 Index,1997,9,1997-09-18,True
ES,ESZ97 Index,1997,12,1997-12-18,True
ES,ESH98 Index,1998,3,1998-03-20,True
ES,ESM98 Index,1998,6,1998-06-18,True
ES,ESU98 Index,1998,9,1998-09-17,True
ES,ESZ98 Index,1998,12,1998-12-17,True
ES,ESH99 Index,1999,3,1999-03-18,True
ES,ESM99 Index,1999,6,1999-06-17,True
ES,ESU99 Index,1999,9,1999-09-16,True
ES,ESZ99 Index,1999,12,1999-12-16,True
ES,ESH00 Index,2000,3,2000-03-16,True
ES,ESM00 Index,2000,6,2000-06-15,True
ES,ESU00 Index,2000,9,2000-09-14,True
ES,ESZ00 Index,2000,12,2000-12-14,True
ES,ESH01 Index,2001,3,2001-03-16,True
ES,ESM01 Index,2001,6,2001-06-15,True
ES,ESU01 Index,2001,9,2001-09-21,True
ES,ESZ01 Index,2001,12,2001-12-21,True
ES,ESH02 Index,2002,3,2002-03-15,True
ES,ESM02 Index,2002,6,2002-06-21,True
ES,ESU02 Index,2002,9,2002-09-20,True
ES,ESZ02 Index,2002,12,2002-12-20,True
ES,ESH03 Index,2003,3,2003-03-21,True
ES,ESM03 Index,2003,6,2003-06-20,True
ES,ESU03 Index,2003,9,2003-09-19,True
ES,ESZ03 Index,2003,12,2003-12-19,True
ES,ESH04 Index,2004,3,2004-03-19,True
ES,ESM04 Index,2004,6,2004-06-18,True
ES,ESU04 Index,2004,9,2004-09-17,True
ES,ESZ04 Index,2004,12,2004-12-17,True
ES,ESH05 Index,2005,3,2005-03-18,True
ES,ESM05 Index,2005,6,2005-06-17,True
ES,ESU05 Index,2005,9,2005-09-16,True
ES,ESZ05 Index,2005,12,2005-12-16,True
ES,ESH06 Index,2006,3,2006-03-17,True
ES,ESM06 Index,2006,6,2006-06-16,True
ES,ESU06 Index,2006,9,2006-09-15,True
ES,ESZ06 Index,2006,12,2006-12-15,True
ES,ESH07 Index,2007,3,2007-03-16,True
ES,ESM07 Index,2007,6,2007-06-15,True
ES,ESU07 Index,2007,9,2007-09-21,True
ES,ESZ07 Index,2007,12,2007-12-21,True
ES,ESH08 Index,2008,3,2008-03-20,True
ES,ESM08 Index,2008,6,2008-06-20,True
ES,ESU08 Index,2008,9,2008-09-19,True
ES,ESZ08 Index,2008,12,2008-12-19,True
ES,ESH09 Index,2009,3,2009-03-20,True
ES,ESM09 Index,2009,6,2009-06-19,True
ES,ESU09 Index,2009,9,2009-09-18,True
ES,ESZ09 Index,2009,12,2009-12-18,True
ES,ESH10 Index,2010,3,2010-03-19,True
ES,ESM10 Index,2010,6,2010-06-18,True
ES,ESU10 Index,2010,9,2010-09-17,True
ES,ESZ10 Index,2010,12,2010-12-17,True
ES,ESH11 Index,2011,3,2011-03-18,True
ES,ESM11 Index,2011,6,2011-06-17,True
ES,ESU11 Index,2011,9,2011-09-16,True
ES,ESZ11 Index,2011,12,2011-12-16,True
ES,ESH12 Index,2012,3,2012-03-16,True
ES,ESM12 Index,2012,6,2012-06-15,True
ES,ESU12 Index,2012,9,2012-09-21,True
ES,ESZ12 Index,2012,12,2012-12-21,True
ES,ESH13 Index,2013,3,2013-03-15,True
ES,ESM13 Index,2013,6,2013-06-21,True
ES,ESU13 Index,2013,9,2013-09-20,True
ES,ESZ13 Index,2013,12,2013-12-20,True
ES,ESH14 Index,2014,3,2014-03-21,True
ES,ESM14 Index,2014,6,2014-06-20,True
ES,ESU14 Index,2014,9,2014-09-19,True
ES,ESZ14 Index,2014,12,2014-12-19,True
ES,ESH15 Index,2015,3,2015-03-20,True
ES,ESM15 Index,2015,6,2015-06-19,True
ES,ESU15 Index,2015,9,2015-09-18,True
ES,ESZ15 Index,2015,12,2015-12-18,True
ES,ESH16 Index,2016,3,2016-03-18,True
ES,ESM16 Index,2016,6,2016-06-17,True
ES,ESU16 Index,2016,9,2016-09-16,True
ES,ESZ16 Index,2016,12,2016-12-16,True
ES,ESH17 Index,2017,3,2017-03-17,True
ES,ESM17 Index,2017,6,2017-06-16,True
ES,ESU17 Index,2017,9,2017-09-15,True
ES,ESZ17 Index,2017,12,2017-12-15,True
ES,ESH18 Index,2018,3,2018-03-16,True
ES,ESM18 Index,2018,6,2018-06-15,True
ES,ESU18 Index,2018,9,2018-09-21,True
ES,ESZ18 Index,2018,12,2018-12-21,True
ES,ESH19 Index,2019,3,2019-03-15,True
ES,ESM19 Index,2019,6,2019-06-21,True
ES,ESU19 Index,2019,9,2019-09-20,True
ES,ESZ19 Index,2019,12,2019-12-20,True
ES,ESH20 Index,2020,3,2020-03-20,True
ES,ESM20 Index,2020,6,2020-06-19,True
ES,ESU20 Index,2020,9,2020-09-18,True
ES,ESZ20 Index,2020,12,2020-12-18,True
ES,ESH21 Index,2021,3,2021-03-19,True
ES,ESM21 Index,2021,6,2021-06-18,True
ES,ESU21 Index,2021,9,2021-09-17,True
ES,ESZ21 Index,2021,12,2021-12-17,True
ES,ESH22 Index,2022,3,2022-03-18,True
ES,ESM22 Index,2022,6,2022-06-17,True
ES,ESU22 Index,2022,9,2022-09-16,True
ES,ESZ22 Index,2022,12,2022-12-16,True
ES,ESH23 Index,2023,3,2023-03-17,True
ES,ESM23 Index,2023,6,2023-06-16,True
ES,ESU23 Index,2023,9,2023-09-15,True
ES,ESZ23 Index,2023,12,2023-12-15,True
ES,ESH24 Index,2024,3,2024-03-15,True
ES,ESM24 Index,2024,6,2024-06-21,True
ES,ESU24 Index,2024,9,2024-09-20,True
ES,ESZ24 Index,2024,12,2024-12-20,True
ES,ESH25 Index,2025,3,2025-03-21,True
ES,ESM25 Index,2025,6,2025-06-20,True
ES,ESU25 Index,2025,9,2025-09-19,True
ES,ESZ5 Index,2025,12,2025-12-19,True
ES,ESH6 Index,2026,3,2026-03-20,True
ES,ESM6 Index,2026,6,2026-06-18,True
ES,ESU6 Index,2026,9,2026-09-18,True
ES,ESZ6 Index,2026,12,2026-12-18,True
ES,ESH7 Index,2027,3,2027-03-19,True
ES,ESM7 Index,2027,6,2027-06-17,True
ES,ESU7 Index,2027,9,2027-09-17,True
ES,ESZ7 Index,2027,12,2027-12-17,True
ES,ESH8 Index,2028,3,2028-03-17,True
ES,ESM8 Index,2028,6,2028-06-16,True
ES,ESU8 Index,2028,9,2028-09-15,True
ES,ESZ8 Index,2028,12,2028-12-15,True
ES,ESH9 Index,2029,3,2029-03-16,True
ES,ESM9 Index,2029,6,2029-06-15,True
ES,ESU9 Index,2029,9,2029-09-21,True
ES,ESZ9 Index,2029,12,2029-12-21,True
ES,ESH0 Index,2030,3,2030-03-15,True
ES,ESM0 Index,2030,6,2030-06-21,True
ES,ESU0 Index,2030,9,2030-09-20,True
ES,ESZ0 Index,2030,12,2030-12-20,True
ES,ESH1 Index,2031,3,2031-03-21,True
ES,ESM1 Index,2031,6,2031-06-20,True
ES,ESU1 Index,2031,9,2031-09-19,True
ES,ESZ1 Index,2031,12,2031-12-19,True
SP,SPM82 Index,1982,6,1982-06-17,True
SP,SPU82 Index,1982,9,1982-09-16,True
SP,SPZ82 Index,1982,12,1982-12-16,True
SP,SPH83 Index,1983,3,1983-03-17,True
SP,SPM83 Index,1983,6,1983-06-16,True
SP,SPU83 Index,1983,9,1983-09-15,True
SP,SPZ83 Index,1983,12,1983-12-15,True
SP,SPH84 Index,1984,3,1984-03-15,True
SP,SPM84 Index,1984,6,1984-06-14,True
SP,SPU84 Index,1984,9,1984-09-20,True
SP,SPZ84 Index,1984,12,1984-12-20,True
SP,SPH85 Index,1985,3,1985-03-14,True
SP,SPM85 Index,1985,6,1985-06-20,True
SP,SPU85 Index,1985,9,1985-09-19,True
SP,SPZ85 Index,1985,12,1985-12-19,True
SP,SPH86 Index,1986,3,1986-03-20,True
SP,SPM86 Index,1986,6,1986-06-19,True
SP,SPU86 Index,1986,9,1986-09-18,True
SP,SPZ86 Index,1986,12,1986-12-18,True
SP,SPH87 Index,1987,3,1987-03-19,True
SP,SPM87 Index,1987,6,1987-06-18,True
SP,SPU87 Index,1987,9,1987-09-17,True
SP,SPZ87 Index,1987,12,1987-12-17,True
SP,SPH88 Index,1988,3,1988-03-17,True
SP,SPM88 Index,1988,6,1988-06-17,True
SP,SPU88 Index,1988,9,1988-09-15,True
SP,SPZ88 Index,1988,12,1988-12-15,True
SP,SPH89 Index,1989,3,1989-03-16,True
SP,SPM89 Index,1989,6,1989-06-15,True
SP,SPU89 Index,1989,9,1989-09-14,True
SP,SPZ89 Index,1989,12,1989-12-14,True
SP,SPH90 Index,1990,3,1990-03-15,True
SP,SPM90 Index,1990,6,1990-06-14,True
SP,SPU90 Index,1990,9,1990-09-20,True
SP,SPZ90 Index,1990,12,1990-12-20,True
SP,SPH91 Index,1991,3,1991-03-14,True
SP,SPM91 Index,1991,6,1991-06-20,True
SP,SPU91 Index,1991,9,1991-09-19,True
SP,SPZ91 Index,1991,12,1991-12-19,True
SP,SPH92 Index,1992,3,1992-03-19,True
SP,SPM92 Index,1992,6,1992-06-18,True
SP,SPU92 Index,1992,9,1992-09-17,True
SP,SPZ92 Index,1992,12,1992-12-17,True
SP,SPH93 Index,1993,3,1993-03-18,True
SP,SPM93 Index,1993,6,1993-06-17,True
SP,SPU93 Index,1993,9,1993-09-16,True
SP,SPZ93 Index,1993,12,1993-12-16,True
SP,SPH94 Index,1994,3,1994-03-17,True
SP,SPM94 Index,1994,6,1994-06-16,True
SP,SPU94 Index,1994,9,1994-09-15,True
SP,SPZ94 Index,1994,12,1994-12-15,True
SP,SPH95 Index,1995,3,1995-03-16,True
SP,SPM95 Index,1995,6,1995-06-15,True
SP,SPU95 Index,1995,9,1995-09-14,True
SP,SPZ95 Index,1995,12,1995-12-14,True
SP,SPH96 Index,1996,3,1996-03-14,True
SP,SPM96 Index,1996,6,1996-06-20,True
SP,SPU96 Index,1996,9,1996-09-19,True
SP,SPZ96 Index,1996,12,1996-12-19,True
SP,SPH97 Index,1997,3,1997-03-20,True
SP,SPM97 Index,1997,6,1997-06-19,True
SP,SPU97 Index,1997,9,1997-09-18,True
SP,SPZ97 Index,1997,12,1997-12-18,True
SP,SPH98 Index,1998,3,1998-03-19,True
SP,SPM98 Index,1998,6,1998-06-18,True
SP,SPU98 Index,1998,9,1998-09-17,True
SP,SPZ98 Index,1998,12,1998-12-17,True
SP,SPH99 Index,1999,3,1999-03-18,True
SP,SPM99 Index,1999,6,1999-06-17,True
SP,SPU99 Index,1999,9,1999-09-16,True
SP,SPZ99 Index,1999,12,1999-12-16,True
SP,SPH00 Index,2000,3,2000-03-16,True
SP,SPM00 Index,2000,6,2000-06-15,True
SP,SPU00 Index,2000,9,2000-09-14,True
SP,SPZ00 Index,2000,12,2000-12-14,True
SP,SPH01 Index,2001,3,2001-03-15,True
SP,SPM01 Index,2001,6,2001-06-14,True
SP,SPU01 Index,2001,9,2001-09-20,True
SP,SPZ01 Index,2001,12,2001-12-20,True
SP,SPH02 Index,2002,3,2002-03-14,True
SP,SPM02 Index,2002,6,2002-06-20,True
SP,SPU02 Index,2002,9,2002-09-19,True
SP,SPZ02 Index,2002,12,2002-12-19,True
SP,SPH03 Index,2003,3,2003-03-20,True
SP,SPM03 Index,2003,6,2003-06-19,True
SP,SPU03 Index,2003,9,2003-09-18,True
SP,SPZ03 Index,2003,12,2003-12-18,True
SP,SPH04 Index,2004,3,2004-03-18,True
SP,SPM04 Index,2004,6,2004-06-17,True
SP,SPU04 Index,2004,9,2004-09-16,True
SP,SPZ04 Index,2004,12,2004-12-16,True
SP,SPH05 Index,2005,3,2005-03-17,True
SP,SPM05 Index,2005,6,2005-06-16,True
SP,SPU05 Index,2005,9,2005-09-15,True
SP,SPZ05 Index,2005,12,2005-12-15,True
SP,SPH06 Index,2006,3,2006-03-16,True
SP,SPM06 Index,2006,6,2006-06-15,True
SP,SPU06 Index,2006,9,2006-09-14,True
SP,SPZ06 Index,2006,12,2006-12-14,True
SP,SPH07 Index,2007,3,2007-03-15,True
SP,SPM07 Index,2007,6,2007-06-14,True
SP,SPU07 Index,2007,9,2007-09-20,True
SP,SPZ07 Index,2007,12,2007-12-20,True
SP,SPH08 Index,2008,3,2008-03-19,True
SP,SPM08 Index,2008,6,2008-06-19,True
SP,SPU08 Index,2008,9,2008-09-18,True
SP,SPZ08 Index,2008,12,2008-12-18,True
SP,SPH09 Index,2009,3,2009-03-19,True
SP,SPM09 Index,2009,6,2009-06-18,True
SP,SPU09 Index,2009,9,2009-09-17,True
SP,SPZ09 Index,2009,12,2009-12-17,True
SP,SPH10 Index,2010,3,2010-03-18,True
SP,SPM10 Index,2010,6,2010-06-17,True
SP,SPU10 Index,2010,9,2010-09-16,True
SP,SPZ10 Index,2010,12,2010-12-16,True
SP,SPH11 Index,2011,3,2011-03-17,True
SP,SPM11 Index,2011,6,2011-06-16,True
SP,SPU11 Index,2011,9,2011-09-15,True
SP,SPZ11 Index,2011,12,2011-12-15,True
SP,SPH12 Index,2012,3,2012-03-15,True
SP,SPM12 Index,2012,6,2012-06-14,True
SP,SPU12 Index,2012,9,2012-09-20,True
SP,SPZ12 Index,2012,12,2012-12-20,True
SP,SPH13 Index,2013,3,2013-03-14,True
SP,SPM13 Index,2013,6,2013-06-20,True
SP,SPU13 Index,2013,9,2013-09-19,True
SP,SPZ13 Index,2013,12,2013-12-19,True
SP,SPH14 Index,2014,3,2014-03-20,True
SP,SPM14 Index,2014,6,2014-06-19,True
SP,SPU14 Index,2014,9,2014-09-18,True
SP,SPZ14 Index,2014,12,2014-12-18,True
SP,SPH15 Index,2015,3,2015-03-19,True
SP,SPM15 Index,2015,6,2015-06-18,True
SP,SPU15 Index,2015,9,2015-09-17,True
SP,SPZ15 Index,2015,12,2015-12-17,True
SP,SPH16 Index,2016,3,2016-03-17,True
SP,SPM16 Index,2016,6,2016-06-16,True
SP,SPU16 Index,2016,9,2016-09-15,True
SP,SPZ16 Index,2016,12,2016-12-15,True
SP,SPH17 Index,2017,3,2017-03-16,True
SP,SPM17 Index,2017,6,2017-06-15,True
SP,SPU17 Index,2017,9,2017-09-14,True
SP,SPZ17 Index,2017,12,2017-12-14,True
SP,SPH18 Index,2018,3,2018-03-15,True
SP,SPM18 Index,2018,6,2018-06-14,True
SP,SPU18 Index,2018,9,2018-09-20,True
SP,SPZ18 Index,2018,12,2018-12-20,True
SP,SPH19 Index,2019,3,2019-03-14,True
SP,SPM19 Index,2019,6,2019-06-20,True
SP,SPU19 Index,2019,9,2019-09-19,True
SP,SPZ19 Index,2019,12,2019-12-19,True
SP,SPH20 Index,2020,3,2020-03-19,True
SP,SPM20 Index,2020,6,2020-06-18,True
SP,SPU20 Index,2020,9,2020-09-17,True
SP,SPZ20 Index,2020,12,2020-12-17,True
SP,SPH21 Index,2021,3,2021-03-18,True
SP,SPM21 Index,2021,6,2021-06-17,True
SP,SPU21 Index,2021,9,2021-09-16,True
SP,SPZ21 Index,2021,12,2021-09-17,True
SP,SPH22 Index,2022,3,2021-09-17,True
SP,SPM22 Index,2022,6,2021-09-17,True
SP,SPU22 Index,2022,9,2021-09-17,True
SP,SPZ22 Index,2022,12,2021-09-17,True
SP,SPH3 Index,2023,3,2021-09-17,True
SP,SPM3 Index,2023,6,2021-09-17,True
SP,SPU3 Index,2023,9,2021-09-17,True
SP,SPZ3 Index,2023,12,2021-09-17,True
SP,SPZ4 Index,2024,12,2021-09-17,True
SP,SPZ5 Index,2025,12,2021-09-17,True
SP,SPZ6 Index,2026,12,2021-09-17,True
DM,DMM02 Index,2002,6,2002-06-20,True
DM,DMU02 Index,2002,9,2002-09-19,True
DM,DMZ02 Index,2002,12,2002-12-19,True
DM,DMH03 Index,2003,3,2003-03-20,True
DM,DMM03 Index,2003,6,2003-06-19,True
DM,DMU03 Index,2003,9,2003-09-18,True
DM,DMZ03 Index,2003,12,2003-12-18,True
DM,DMH04 Index,2004,3,2004-03-18,True
DM,DMM04 Index,2004,6,2004-06-17,True
DM,DMU04 Index,2004,9,2004-09-16,True
DM,DMZ04 Index,2004,12,2004-12-16,True
DM,DMH05 Index,2005,3,2005-03-17,True
DM,DMM05 Index,2005,6,2005-06-16,True
DM,DMU05 Index,2005,9,2005-09-15,True
DM,DMZ05 Index,2005,12,2005-12-15,True
DM,DMH06 Index,2006,3,2006-03-16,True
DM,DMM06 Index,2006,6,2006-06-15,True
DM,DMU06 Index,2006,9,2006-09-14,True
DM,DMZ06 Index,2006,12,2006-12-14,True
DM,DMH07 Index,2007,3,2007-03-16,True
DM,DMM07 Index,2007,6,2007-06-14,True
DM,DMU07 Index,2007,9,2007-09-20,True
DM,DMZ07 Index,2007,12,2007-12-20,True
DM,DMH08 Index,2008,3,2008-03-20,True
DM,DMM08 Index,2008,6,2008-06-20,True
DM,DMU08 Index,2008,9,2008-09-19,True
DM,DMZ08 Index,2008,12,2008-12-19,True
DM,DMH09 Index,2009,3,2009-03-20,True
DM,DMM09 Index,2009,6,2009-06-19,True
DM,DMU09 Index,2009,9,2009-09-18,True
DM,DMZ09 Index,2009,12,2009-12-18,True
DM,DMH10 Index,2010,3,2010-03-19,True
DM,DMM10 Index,2010,6,2010-06-18,True
DM,DMU10 Index,2010,9,2010-09-17,True
DM,DMZ10 Index,2010,12,2010-12-17,True
DM,DMH11 Index,2011,3,2011-03-18,True
DM,DMM11 Index,2011,6,2011-06-17,True
DM,DMU11 Index,2011,9,2011-09-16,True
DM,DMZ11 Index,2011,12,2011-12-16,True
DM,DMH12 Index,2012,3,2012-03-16,True
DM,DMM12 Index,2012,6,2012-06-15,True
DM,DMU12 Index,2012,9,2012-09-21,True
DM,DMZ12 Index,2012,12,2012-12-21,True
DM,DMH13 Index,2013,3,2013-03-15,True
DM,DMM13 Index,2013,6,2013-06-21,True
DM,DMU13 Index,2013,9,2013-09-20,True
DM,DMZ13 Index,2013,12,2013-12-20,True
DM,DMH14 Index,2014,3,2014-03-21,True
DM,DMM14 Index,2014,6,2014-06-20,True
DM,DMU14 Index,2014,9,2014-09-19,True
DM,DMZ14 Index,2014,12,2014-12-19,True
DM,DMH15 Index,2015,3,2015-03-20,True
DM,DMM15 Index,2015,6,2015-06-19,True
DM,DMU15 Index,2015,9,2015-09-18,True
DM,DMZ15 Index,2015,12,2015-12-18,True
DM,DMH16 Index,2016,3,2016-03-18,True
DM,DMM16 Index,2016,6,2016-06-17,True
DM,DMU16 Index,2016,9,2016-09-16,True
DM,DMZ16 Index,2016,12,2016-12-16,True
DM,DMH17 Index,2017,3,2017-03-17,True
DM,DMM17 Index,2017,6,2017-06-16,True
DM,DMU17 Index,2017,9,2017-09-15,True
DM,DMZ17 Index,2017,12,2017-12-15,True
DM,DMH18 Index,2018,3,2018-03-16,True
DM,DMM18 Index,2018,6,2018-06-15,True
DM,DMU18 Index,2018,9,2018-09-21,True
DM,DMZ18 Index,2018,12,2018-12-21,True
DM,DMH19 Index,2019,3,2019-03-15,True
DM,DMM19 Index,2019,6,2019-06-21,True
DM,DMU19 Index,2019,9,2019-09-20,True
DM,DMZ19 Index,2019,12,2019-12-20,True
DM,DMH20 Index,2020,3,2020-03-20,True
DM,DMM20 Index,2020,6,2020-06-19,True
DM,DMU20 Index,2020,9,2020-09-18,True
DM,DMZ20 Index,2020,12,2020-12-18,True
DM,DMH21 Index,2021,3,2021-03-19,True
DM,DMM21 Index,2021,6,2021-06-18,True
DM,DMU21 Index,2021,9,2021-09-17,True
DM,DMZ21 Index,2021,12,2021-12-17,True
DM,DMH22 Index,2022,3,2022-03-18,True
DM,DMM22 Index,2022,6,2022-06-17,True
DM,DMU22 Index,2022,9,2022-09-16,True
DM,DMZ22 Index,2022,12,2022-12-16,True
DM,DMH23 Index,2023,3,2023-03-17,True
DM,DMM23 Index,2023,6,2023-06-16,True
DM,DMU23 Index,2023,9,2023-09-15,True
DM,DMZ23 Index,2023,12,2023-12-15,True
DM,DMH24 Index,2024,3,2024-03-15,True
DM,DMM24 Index,2024,6,2024-06-21,True
DM,DMU24 Index,2024,9,2024-09-20,True
DM,DMZ24 Index,2024,12,2024-12-20,True
DM,DMH25 Index,2025,3,2025-03-21,True
DM,DMM25 Index,2025,6,2025-06-20,True
DM,DMU25 Index,2025,9,2025-09-19,True
DM,DMZ5 Index,2025,12,2025-12-19,True
DM,DMH6 Index,2026,3,2026-03-20,True
DM,DMM6 Index,2026,6,2026-06-18,True
DM,DMU6 Index,2026,9,2026-09-18,True
DM,DMZ6 Index,2026,12,2026-12-18,True
DM,DMH7 Index,2027,3,2027-03-19,True
DM,DMM7 Index,2027,6,2027-06-17,True
DM,DMU7 Index,2027,9,2027-09-17,True
NQ,NQU99 Index,1999,9,1999-09-17,True
NQ,NQZ99 Index,1999,12,1999-12-17,True
NQ,NQH00 Index,2000,3,2000-03-17,True
NQ,NQM00 Index,2000,6,2000-06-16,True
NQ,NQU00 Index,2000,9,2000-09-15,True
NQ,NQZ00 Index,2000,12,2000-12-15,True
NQ,NQH01 Index,2001,3,2001-03-16,True
NQ,NQM01 Index,2001,6,2001-06-15,True
NQ,NQU01 Index,2001,9,2001-09-21,True
NQ,NQZ01 Index,2001,12,2001-12-21,True
NQ,NQH02 Index,2002,3,2002-03-15,True
NQ,NQM02 Index,2002,6,2002-06-21,True
NQ,NQU02 Index,2002,9,2002-09-20,True
NQ,NQZ02 Index,2002,12,2002-12-20,True
NQ,NQH03 Index,2003,3,2003-03-21,True
NQ,NQM03 Index,2003,6,2003-06-20,True
NQ,NQU03 Index,2003,9,2003-09-19,True
NQ,NQZ03 Index,2003,12,2003-12-19,True
NQ,NQH04 Index,2004,3,2004-03-19,True
NQ,NQM04 Index,2004,6,2004-06-18,True
NQ,NQU04 Index,2004,9,2004-09-17,True
NQ,NQZ04 Index,2004,12,2004-12-17,True
NQ,NQH05 Index,2005,3,2005-03-18,True
NQ,NQM05 Index,2005,6,2005-06-17,True
NQ,NQU05 Index,2005,9,2005-09-16,True
NQ,NQZ05 Index,2005,12,2005-12-16,True
NQ,NQH06 Index,2006,3,2006-03-17,True
NQ,NQM06 Index,2006,6,2006-06-16,True
NQ,NQU06 Index,2006,9,2006-09-15,True
NQ,NQZ06 Index,2006,12,2006-12-15,True
NQ,NQH07 Index,2007,3,2007-03-16,True
NQ,NQM07 Index,2007,6,2007-06-15,True
NQ,NQU07 Index,2007,9,2007-09-21,True
NQ,NQZ07 Index,2007,12,2007-12-21,True
NQ,NQH08 Index,2008,3,2008-03-20,True
NQ,NQM08 Index,2008,6,2008-06-20,True
NQ,NQU08 Index,2008,9,2008-09-19,True
NQ,NQZ08 Index,2008,12,2008-12-19,True
NQ,NQH09 Index,2009,3,2009-03-20,True
NQ,NQM09 Index,2009,6,2009-06-19,True
NQ,NQU09 Index,2009,9,2009-09-18,True
NQ,NQZ09 Index,2009,12,2009-12-18,True
NQ,NQH10 Index,2010,3,2010-03-19,True
NQ,NQM10 Index,2010,6,2010-06-18,True
NQ,NQU10 Index,2010,9,2010-09-17,True
NQ,NQZ10 Index,2010,12,2010-12-17,True
NQ,NQH11 Index,2011,3,2011-03-18,True
NQ,NQM11 Index,2011,6,2011-06-17,True
NQ,NQU11 Index,2011,9,2011-09-16,True
NQ,NQZ11 Index,2011,12,2011-12-16,True
NQ,NQH12 Index,2012,3,2012-03-16,True
NQ,NQM12 Index,2012,6,2012-06-15,True
NQ,NQU12 Index,2012,9,2012-09-21,True
NQ,NQZ12 Index,2012,12,2012-12-21,True
NQ,NQH13 Index,2013,3,2013-03-15,True
NQ,NQM13 Index,2013,6,2013-06-21,True
NQ,NQU13 Index,2013,9,2013-09-20,True
NQ,NQZ13 Index,2013,12,2013-12-20,True
NQ,NQH14 Index,2014,3,2014-03-21,True
NQ,NQM14 Index,2014,6,2014-06-20,True
NQ,NQU14 Index,2014,9,2014-09-19,True
NQ,NQZ14 Index,2014,12,2014-12-19,True
NQ,NQH15 Index,2015,3,2015-03-20,True
NQ,NQM15 Index,2015,6,2015-06-19,True
NQ,NQU15 Index,2015,9,2015-09-18,True
NQ,NQZ15 Index,2015,12,2015-12-18,True
NQ,NQH16 Index,2016,3,2016-03-18,True
NQ,NQM16 Index,2016,6,2016-06-17,True
NQ,NQU16 Index,2016,9,2016-09-16,True
NQ,NQZ16 Index,2016,12,2016-12-16,True
NQ,NQH17 Index,2017,3,2017-03-17,True
NQ,NQM17 Index,2017,6,2017-06-16,True
NQ,NQU17 Index,2017,9,2017-09-15,True
NQ,NQZ17 Index,2017,12,2017-12-15,True
NQ,NQH18 Index,2018,3,2018-03-16,True
NQ,NQM18 Index,2018,6,2018-06-15,True
NQ,NQU18 Index,2018,9,2018-09-21,True
NQ,NQZ18 Index,2018,12,2018-12-21,True
NQ,NQH19 Index,2019,3,2019-03-15,True
NQ,NQM19 Index,2019,6,2019-06-21,True
NQ,NQU19 Index,2019,9,2019-09-20,True
NQ,NQZ19 Index,2019,12,2019-12-20,True
NQ,NQH20 Index,2020,3,2020-03-20,True
NQ,NQM20 Index,2020,6,2020-06-19,True
NQ,NQU20 Index,2020,9,2020-09-18,True
NQ,NQZ20 Index,2020,12,2020-12-18,True
NQ,NQH21 Index,2021,3,2021-03-19,True
NQ,NQM21 Index,2021,6,2021-06-18,True
NQ,NQU21 Index,2021,9,2021-09-17,True
NQ,NQZ21 Index,2021,12,2021-12-17,True
NQ,NQH22 Index,2022,3,2022-03-18,True
NQ,NQM22 Index,2022,6,2022-06-17,True
NQ,NQU22 Index,2022,9,2022-09-16,True
NQ,NQZ22 Index,2022,12,2022-12-16,True
NQ,NQH23 Index,2023,3,2023-03-17,True
NQ,NQM23 Index,2023,6,2023-06-16,True
NQ,NQU23 Index,2023,9,2023-09-15,True
NQ,NQZ23 Index,2023,12,2023-12-15,True
NQ,NQH24 Index,2024,3,2024-03-15,True
NQ,NQM24 Index,2024,6,2024-06-21,True
NQ,NQU24 Index,2024,9,2024-09-20,True
NQ,NQZ24 Index,2024,12,2024-12-20,True
NQ,NQH25 Index,2025,3,2025-03-21,True
NQ,NQM25 Index,2025,6,2025-06-20,True
NQ,NQU25 Index,2025,9,2025-09-19,True
NQ,NQZ5 Index,2025,12,2025-12-19,True
NQ,NQH6 Index,2026,3,2026-03-20,True
NQ,NQM6 Index,2026,6,2026-06-18,True
NQ,NQU6 Index,2026,9,2026-09-18,True
NQ,NQZ6 Index,2026,12,2026-12-18,True
NQ,NQH7 Index,2027,3,2027-03-19,True
NQ,NQM7 Index,2027,6,2027-06-17,True
NQ,NQU7 Index,2027,9,2027-09-17,True
NQ,NQZ7 Index,2027,12,2027-12-17,True
NQ,NQH8 Index,2028,3,2028-03-17,True
NQ,NQM8 Index,2028,6,2028-06-16,True
NQ,NQZ8 Index,2028,12,2028-12-15,True
NQ,NQM9 Index,2029,6,2029-06-15,True
NQ,NQZ9 Index,2029,12,2029-12-21,True
NQ,NQZ0 Index,2030,12,2030-12-20,True
NQ,NQZ1 Index,2031,12,2031-12-19,True
ND,NDM96 Index,1996,6,1996-06-20,True
ND,NDU96 Index,1996,9,1996-09-19,True
ND,NDZ96 Index,1996,12,1996-12-19,True
ND,NDH97 Index,1997,3,1997-03-20,True
ND,NDM97 Index,1997,6,1997-06-19,True
ND,NDU97 Index,1997,9,1997-09-18,True
ND,NDZ97 Index,1997,12,1997-12-18,True
ND,NDH98 Index,1998,3,1998-03-19,True
ND,NDM98 Index,1998,6,1998-06-18,True
ND,NDU98 Index,1998,9,1998-09-17,True
ND,NDZ98 Index,1998,12,1998-12-17,True
ND,NDH99 Index,1999,3,1999-03-18,True
ND,NDM99 Index,1999,6,1999-06-17,True
ND,NDU99 Index,1999,9,1999-09-16,True
ND,NDZ99 Index,1999,12,1999-12-16,True
ND,NDH00 Index,2000,3,2000-03-16,True
ND,NDM00 Index,2000,6,2000-06-15,True
ND,NDU00 Index,2000,9,2000-09-14,True
ND,NDZ00 Index,2000,12,2000-12-14,True
ND,NDH01 Index,2001,3,2001-03-15,True
ND,NDM01 Index,2001,6,2001-06-14,True
ND,NDU01 Index,2001,9,2001-09-20,True
ND,NDZ01 Index,2001,12,2001-12-20,True
ND,NDH02 Index,2002,3,2002-03-14,True
ND,NDM02 Index,2002,6,2002-06-20,True
ND,NDU02 Index,2002,9,2002-09-19,True
ND,NDZ02 Index,2002,12,2002-12-19,True
ND,NDH03 Index,2003,3,2003-03-20,True
ND,NDM03 Index,2003,6,2003-06-19,True
ND,NDU03 Index,2003,9,2003-09-18,True
ND,NDZ03 Index,2003,12,2003-12-18,True
ND,NDH04 Index,2004,3,2004-03-18,True
ND,NDM04 Index,2004,6,2004-06-17,True
ND,NDU04 Index,2004,9,2004-09-16,True
ND,NDZ04 Index,2004,12,2004-12-16,True
ND,NDH05 Index,2005,3,2005-03-17,True
ND,NDM05 Index,2005,6,2005-06-16,True
ND,NDU05 Index,2005,9,2005-09-15,True
ND,NDZ05 Index,2005,12,2005-12-15,True
ND,NDH06 Index,2006,3,2006-03-16,True
ND,NDM06 Index,2006,6,2006-06-15,True
ND,NDU06 Index,2006,9,2006-09-14,True
ND,NDZ06 Index,2006,12,2006-12-14,True
ND,NDH07 Index,2007,3,2007-03-15,True
ND,NDM07 Index,2007,6,2007-06-14,True
ND,NDU07 Index,2007,9,2007-09-20,True
ND,NDZ07 Index,2007,12,2007-12-20,True
ND,NDH08 Index,2008,3,2008-03-19,True
ND,NDM08 Index,2008,6,2008-06-19,True
ND,NDU08 Index,2008,9,2008-09-18,True
ND,NDZ08 Index,2008,12,2008-12-18,True
ND,NDH09 Index,2009,3,2009-03-19,True
ND,NDM09 Index,2009,6,2009-06-18,True
ND,NDU09 Index,2009,9,2009-09-17,True
ND,NDZ09 Index,2009,12,2009-12-17,True
ND,NDH10 Index,2010,3,2010-03-18,True
ND,NDM10 Index,2010,6,2010-06-17,True
ND,NDU10 Index,2010,9,2010-09-16,True
ND,NDZ10 Index,2010,12,2010-12-16,True
ND,NDH11 Index,2011,3,2011-03-17,True
ND,NDM11 Index,2011,6,2011-06-16,True
ND,NDU11 Index,2011,9,2011-09-15,True
ND,NDZ11 Index,2011,12,2011-12-15,True
ND,NDH12 Index,2012,3,2012-03-15,True
ND,NDM12 Index,2012,6,2012-06-14,True
ND,NDU12 Index,2012,9,2012-09-20,True
ND,NDZ12 Index,2012,12,2012-12-20,True
ND,NDH13 Index,2013,3,2013-03-14,True
ND,NDM13 Index,2013,6,2013-06-20,True
ND,NDU13 Index,2013,9,2013-09-19,True
ND,NDZ13 Index,2013,12,2013-12-19,True
ND,NDH14 Index,2014,3,2014-03-20,True
ND,NDM14 Index,2014,6,2014-06-19,True
ND,NDU14 Index,2014,9,2014-09-18,True
ND,NDZ14 Index,2014,12,2014-12-18,True
ND,NDH15 Index,2015,3,2015-03-19,True
ND,NDM15 Index,2015,6,2015-06-18,True
ND,NDU15 Index,2015,9,2015-09-17,True
ND,NDZ15 Index,2015,12,2015-12-17,True
ND,NDH16 Index,2016,3,2016-03-17,True
FA,FAH02 Index,2002,3,2002-03-15,True
FA,FAM02 Index,2002,6,2002-06-21,True
FA,FAU02 Index,2002,9,2002-09-20,True
FA,FAZ02 Index,2002,12,2002-12-20,True
FA,FAH03 Index,2003,3,2003-03-21,True
FA,FAM03 Index,2003,6,2003-06-20,True
FA,FAU03 Index,2003,9,2003-09-19,True
FA,FAZ03 Index,2003,12,2003-12-19,True
FA,FAH04 Index,2004,3,2004-03-19,True
FA,FAM04 Index,2004,6,2004-06-18,True
FA,FAU04 Index,2004,9,2004-09-17,True
FA,FAZ04 Index,2004,12,2004-12-17,True
FA,FAH05 Index,2005,3,2005-03-18,True
FA,FAM05 Index,2005,6,2005-06-17,True
FA,FAU05 Index,2005,9,2005-09-16,True
FA,FAZ05 Index,2005,12,2005-12-16,True
FA,FAH06 Index,2006,3,2006-03-17,True
FA,FAM06 Index,2006,6,2006-06-16,True
FA,FAU06 Index,2006,9,2006-09-15,True
FA,FAZ06 Index,2006,12,2006-12-15,True
FA,FAH07 Index,2007,3,2007-03-16,True
FA,FAM07 Index,2007,6,2007-06-15,True
FA,FAU07 Index,2007,9,2007-09-21,True
FA,FAZ07 Index,2007,12,2007-12-21,True
FA,FAH08 Index,2008,3,2008-03-20,True
FA,FAM08 Index,2008,6,2008-06-20,True
FA,FAU08 Index,2008,9,2008-09-19,True
FA,FAZ08 Index,2008,12,2008-12-19,True
FA,FAH09 Index,2009,3,2009-03-20,True
FA,FAM09 Index,2009,6,2009-06-19,True
FA,FAU09 Index,2009,9,2009-09-18,True
FA,FAZ09 Index,2009,12,2009-12-18,True
FA,FAH10 Index,2010,3,2010-03-19,True
FA,FAM10 Index,2010,6,2010-06-18,True
FA,FAU10 Index,2010,9,2010-09-17,True
FA,FAZ10 Index,2010,12,2010-12-17,True
FA,FAH11 Index,2011,3,2011-03-18,True
FA,FAM11 Index,2011,6,2011-06-17,True
FA,FAU11 Index,2011,9,2011-09-16,True
FA,FAZ11 Index,2011,12,2011-12-16,True
FA,FAH12 Index,2012,3,2012-03-16,True
FA,FAM12 Index,2012,6,2012-06-15,True
FA,FAU12 Index,2012,9,2012-09-21,True
FA,FAZ12 Index,2012,12,2012-12-21,True
FA,FAH13 Index,2013,3,2013-03-15,True
FA,FAM13 Index,2013,6,2013-06-21,True
FA,FAU13 Index,2013,9,2013-09-20,True
FA,FAZ13 Index,2013,12,2013-12-20,True
FA,FAH14 Index,2014,3,2014-03-21,True
FA,FAM14 Index,2014,6,2014-06-20,True
FA,FAU14 Index,2014,9,2014-09-19,True
FA,FAZ14 Index,2014,12,2014-12-19,True
FA,FAH15 Index,2015,3,2015-03-20,True
FA,FAM15 Index,2015,6,2015-06-19,True
FA,FAU15 Index,2015,9,2015-09-18,True
FA,FAZ15 Index,2015,12,2015-12-18,True
FA,FAH16 Index,2016,3,2016-03-18,True
FA,FAM16 Index,2016,6,2016-06-17,True
FA,FAU16 Index,2016,9,2016-09-16,True
FA,FAZ16 Index,2016,12,2016-12-16,True
FA,FAH17 Index,2017,3,2017-03-17,True
FA,FAM17 Index,2017,6,2017-06-16,True
FA,FAU17 Index,2017,9,2017-09-15,True
FA,FAZ17 Index,2017,12,2017-12-15,True
FA,FAH18 Index,2018,3,2018-03-16,True
FA,FAM18 Index,2018,6,2018-06-15,True
FA,FAU18 Index,2018,9,2018-09-21,True
FA,FAZ18 Index,2018,12,2018-12-21,True
FA,FAH19 Index,2019,3,2019-03-15,True
FA,FAM19 Index,2019,6,2019-06-21,True
FA,FAU19 Index,2019,9,2019-09-20,True
FA,FAZ19 Index,2019,12,2019-12-20,True
FA,FAH20 Index,2020,3,2020-03-20,True
FA,FAM20 Index,2020,6,2020-06-19,True
FA,FAU20 Index,2020,9,2020-09-18,True
FA,FAZ20 Index,2020,12,2020-12-18,True
FA,FAH21 Index,2021,3,2021-03-19,True
FA,FAM21 Index,2021,6,2021-06-18,True
FA,FAU21 Index,2021,9,2021-09-17,True
FA,FAZ21 Index,2021,12,2021-12-17,True
FA,FAH22 Index,2022,3,2022-03-18,True
FA,FAM22 Index,2022,6,2022-06-17,True
FA,FAU22 Index,2022,9,2022-09-16,True
FA,FAZ22 Index,2022,12,2022-12-16,True
FA,FAH23 Index,2023,3,2023-03-17,True
FA,FAM23 Index,2023,6,2023-06-16,True
FA,FAU23 Index,2023,9,2023-09-15,True
FA,FAZ23 Index,2023,12,2023-12-15,True
FA,FAH24 Index,2024,3,2024-03-15,True
FA,FAM24 Index,2024,6,2024-06-21,True
FA,FAU24 Index,2024,9,2024-09-20,True
FA,FAZ24 Index,2024,12,2024-12-20,True
FA,FAH25 Index,2025,3,2025-03-21,True
FA,FAM25 Index,2025,6,2025-06-20,True
FA,FAU25 Index,2025,9,2025-09-19,True
FA,FAZ5 Index,2025,12,2025-12-19,True
FA,FAH6 Index,2026,3,2026-03-20,True
FA,FAM6 Index,2026,6,2026-06-18,True
FA,FAU6 Index,2026,9,2026-09-18,True
FA,FAZ6 Index,2026,12,2026-12-18,True
FA,FAH7 Index,2027,3,2027-03-19,True
FA,FAM7 Index,2027,6,2027-06-17,True
FA,FAU7 Index,2027,9,2027-09-17,True
FA,FAZ7 Index,2027,12,2027-12-17,True
MD,MDH92 Index,1992,3,1992-03-19,True
MD,MDM92 Index,1992,6,1992-06-18,True
MD,MDU92 Index,1992,9,1992-09-17,True
MD,MDZ92 Index,1992,12,1992-12-17,True
MD,MDH93 Index,1993,3,1993-03-18,True
MD,MDM93 Index,1993,6,1993-06-17,True
MD,MDU93 Index,1993,9,1993-09-16,True
MD,MDZ93 Index,1993,12,1993-12-16,True
MD,MDH94 Index,1994,3,1994-03-17,True
MD,MDM94 Index,1994,6,1994-06-16,True
MD,MDU94 Index,1994,9,1994-09-15,True
MD,MDZ94 Index,1994,12,1994-12-15,True
MD,MDH95 Index,1995,3,1995-03-16,True
MD,MDM95 Index,1995,6,1995-06-15,True
MD,MDU95 Index,1995,9,1995-09-14,True
MD,MDZ95 Index,1995,12,1995-12-14,True
MD,MDH96 Index,1996,3,1996-03-14,True
MD,MDM96 Index,1996,6,1996-06-20,True
MD,MDU96 Index,1996,9,1996-09-19,True
MD,MDZ96 Index,1996,12,1996-12-19,True
MD,MDH97 Index,1997,3,1997-03-20,True
MD,MDM97 Index,1997,6,1997-06-19,True
MD,MDU97 Index,1997,9,1997-09-18,True
MD,MDZ97 Index,1997,12,1997-12-18,True
MD,MDH98 Index,1998,3,1998-03-19,True
MD,MDM98 Index,1998,6,1998-06-18,True
MD,MDU98 Index,1998,9,1998-09-17,True
MD,MDZ98 Index,1998,12,1998-12-17,True
MD,MDH99 Index,1999,3,1999-03-18,True
MD,MDM99 Index,1999,6,1999-06-17,True
MD,MDU99 Index,1999,9,1999-09-16,True
MD,MDZ99 Index,1999,12,1999-12-16,True
MD,MDH00 Index,2000,3,2000-03-16,True
MD,MDM00 Index,2000,6,2000-06-15,True
MD,MDU00 Index,2000,9,2000-09-14,True
MD,MDZ00 Index,2000,12,2000-12-14,True
MD,MDH01 Index,2001,3,2001-03-15,True
MD,MDM01 Index,2001,6,2001-06-14,True
MD,MDU01 Index,2001,9,2001-09-20,True
MD,MDZ01 Index,2001,12,2001-12-20,True
MD,MDH02 Index,2002,3,2002-03-14,True
MD,MDM02 Index,2002,6,2002-06-20,True
MD,MDU02 Index,2002,9,2002-09-19,True
MD,MDZ02 Index,2002,12,2002-12-19,True
MD,MDH03 Index,2003,3,2003-03-20,True
MD,MDM03 Index,2003,6,2003-06-19,True
MD,MDU03 Index,2003,9,2003-09-18,True
MD,MDZ03 Index,2003,12,2003-12-18,True
MD,MDH04 Index,2004,3,2004-03-18,True
MD,MDM04 Index,2004,6,2004-06-17,True
MD,MDU04 Index,2004,9,2004-09-16,True
MD,MDZ04 Index,2004,12,2004-12-16,True
MD,MDH05 Index,2005,3,2005-03-17,True
MD,MDM05 Index,2005,6,2005-06-16,True
MD,MDU05 Index,2005,9,2005-09-15,True
MD,MDZ05 Index,2005,12,2005-12-15,True
MD,MDH06 Index,2006,3,2006-03-16,True
MD,MDM06 Index,2006,6,2006-06-15,True
MD,MDU06 Index,2006,9,2006-09-14,True
MD,MDZ06 Index,2006,12,2006-12-14,True
MD,MDH07 Index,2007,3,2007-03-15,True
MD,MDM07 Index,2007,6,2007-06-14,True
MD,MDU07 Index,2007,9,2007-09-20,True
MD,MDZ07 Index,2007,12,2007-12-20,True
MD,MDH08 Index,2008,3,2008-03-19,True
MD,MDM08 Index,2008,6,2008-06-20,True
MD,MDU08 Index,2008,9,2008-09-18,True
MD,MDZ08 Index,2008,12,2008-12-18,True
MD,MDH09 Index,2009,3,2009-03-19,True
MD,MDM09 Index,2009,6,2009-06-18,True
MD,MDU09 Index,2009,9,2009-09-17,True
MD,MDZ09 Index,2009,12,2009-12-17,True
MD,MDH10 Index,2010,3,2010-03-18,True
MD,MDM10 Index,2010,6,2010-06-17,True
MD,MDU10 Index,2010,9,2010-09-16,True
MD,MDZ10 Index,2010,12,2010-12-16,True
MD,MDH11 Index,2011,3,2011-03-17,True
MD,MDM11 Index,2011,6,2011-06-16,True
MD,MDU11 Index,2011,9,2011-09-15,True
MD,MDZ11 Index,2011,12,2011-12-15,True
MD,MDH12 Index,2012,3,2012-03-15,True
MD,MDM12 Index,2012,6,2012-06-14,True
MD,MDU12 Index,2012,9,2012-09-20,True
MD,MDZ12 Index,2012,12,2012-12-20,True
MD,MDH13 Index,2013,3,2013-03-14,True
MD,MDM13 Index,2013,6,2013-06-20,True
MD,MDU13 Index,2013,9,2013-09-19,True
MD,MDZ13 Index,2013,12,2013-12-19,True
MD,MDH14 Index,2014,3,2014-03-20,True
MD,MDM14 Index,2014,6,2014-06-19,True
MD,MDU14 Index,2014,9,2014-09-18,True
MD,MDZ14 Index,2014,12,2014-12-18,True
MD,MDH15 Index,2015,3,2015-03-19,True
MD,MDM15 Index,2015,6,2015-06-18,True
MD,MDU15 Index,2015,9,2015-09-17,True
MD,MDZ15 Index,2015,12,2015-12-17,True
MD,MDH16 Index,2016,3,2016-03-17,True
VG,VGU98 Index,1998,9,1998-09-18,True
VG,VGZ98 Index,1998,12,1998-12-18,True
VG,VGH99 Index,1999,3,1999-03-19,True
VG,VGM99 Index,1999,6,1999-06-18,True
VG,VGU99 Index,1999,9,1999-09-17,True
VG,VGZ99 Index,1999,12,1999-12-17,True
VG,VGH00 Index,2000,3,2000-03-17,True
VG,VGM00 Index,2000,6,2000-06-16,True
VG,VGU00 Index,2000,9,2000-09-15,True
VG,VGZ00 Index,2000,12,2000-12-15,True
VG,VGH01 Index,2001,3,2001-03-16,True
VG,VGM01 Index,2001,6,2001-06-15,True
VG,VGU01 Index,2001,9,2001-09-21,True
VG,VGZ01 Index,2001,12,2001-12-21,True
VG,VGH02 Index,2002,3,2002-03-15,True
VG,VGM02 Index,2002,6,2002-06-21,True
VG,VGU02 Index,2002,9,2002-09-20,True
VG,VGZ02 Index,2002,12,2002-12-20,True
VG,VGH03 Index,2003,3,2003-03-21,True
VG,VGM03 Index,2003,6,2003-06-20,True
VG,VGU03 Index,2003,9,2003-09-19,True
VG,VGZ03 Index,2003,12,2003-12-19,True
VG,VGH04 Index,2004,3,2004-03-19,True
VG,VGM04 Index,2004,6,2004-06-18,True
VG,VGU04 Index,2004,9,2004-09-17,True
VG,VGZ04 Index,2004,12,2004-12-17,True
VG,VGH05 Index,2005,3,2005-03-18,True
VG,VGM05 Index,2005,6,2005-06-17,True
VG,VGU05 Index,2005,9,2005-09-16,True
VG,VGZ05 Index,2005,12,2005-12-16,True
VG,VGH06 Index,2006,3,2006-03-17,True
VG,VGM06 Index,2006,6,2006-06-16,True
VG,VGU06 Index,2006,9,2006-09-15,True
VG,VGZ06 Index,2006,12,2006-12-15,True
VG,VGH07 Index,2007,3,2007-03-16,True
VG,VGM07 Index,2007,6,2007-06-15,True
VG,VGU07 Index,2007,9,2007-09-21,True
VG,VGZ07 Index,2007,12,2007-12-21,True
VG,VGH08 Index,2008,3,2008-03-20,True
VG,VGM08 Index,2008,6,2008-06-20,True
VG,VGU08 Index,2008,9,2008-09-19,True
VG,VGZ08 Index,2008,12,2008-12-19,True
VG,VGH09 Index,2009,3,2009-03-20,True
VG,VGM09 Index,2009,6,2009-06-19,True
VG,VGU09 Index,2009,9,2009-09-18,True
VG,VGZ09 Index,2009,12,2009-12-18,True
VG,VGH10 Index,2010,3,2010-03-19,True
VG,VGM10 Index,2010,6,2010-06-18,True
VG,VGU10 Index,2010,9,2010-09-17,True
VG,VGZ10 Index,2010,12,2010-12-17,True
VG,VGH11 Index,2011,3,2011-03-18,True
VG,VGM11 Index,2011,6,2011-06-17,True
VG,VGU11 Index,2011,9,2011-09-16,True
VG,VGZ11 Index,2011,12,2011-12-16,True
VG,VGH12 Index,2012,3,2012-03-16,True
VG,VGM12 Index,2012,6,2012-06-15,True
VG,VGU12 Index,2012,9,2012-09-21,True
VG,VGZ12 Index,2012,12,2012-12-21,True
VG,VGH13 Index,2013,3,2013-03-15,True
VG,VGM13 Index,2013,6,2013-06-21,True
VG,VGU13 Index,2013,9,2013-09-20,True
VG,VGZ13 Index,2013,12,2013-12-20,True
VG,VGH14 Index,2014,3,2014-03-21,True
VG,VGM14 Index,2014,6,2014-06-20,True
VG,VGU14 Index,2014,9,2014-09-19,True
VG,VGZ14 Index,2014,12,2014-12-19,True
VG,VGH15 Index,2015,3,2015-03-20,True
VG,VGM15 Index,2015,6,2015-06-19,True
VG,VGU15 Index,2015,9,2015-09-18,True
VG,VGZ15 Index,2015,12,2015-12-18,True
VG,VGH16 Index,2016,3,2016-03-18,True
VG,VGM16 Index,2016,6,2016-06-17,True
VG,VGU16 Index,2016,9,2016-09-16,True
VG,VGZ16 Index,2016,12,2016-12-16,True
VG,VGH17 Index,2017,3,2017-03-17,True
VG,VGM17 Index,2017,6,2017-06-16,True
VG,VGU17 Index,2017,9,2017-09-15,True
VG,VGZ17 Index,2017,12,2017-12-15,True
VG,VGH18 Index,2018,3,2018-03-16,True
VG,VGM18 Index,2018,6,2018-06-15,True
VG,VGU18 Index,2018,9,2018-09-21,True
VG,VGZ18 Index,2018,12,2018-12-21,True
VG,VGH19 Index,2019,3,2019-03-15,True
VG,VGM19 Index,2019,6,2019-06-21,True
VG,VGU19 Index,2019,9,2019-09-20,True
VG,VGZ19 Index,2019,12,2019-12-20,True
VG,VGH20 Index,2020,3,2020-03-20,True
VG,VGM20 Index,2020,6,2020-06-19,True
VG,VGU20 Index,2020,9,2020-09-18,True
VG,VGZ20 Index,2020,12,2020-12-18,True
VG,VGH21 Index,2021,3,2021-03-19,True
VG,VGM21 Index,2021,6,2021-06-18,True
VG,VGU21 Index,2021,9,2021-09-17,True
VG,VGZ21 Index,2021,12,2021-12-17,True
VG,VGH22 Index,2022,3,2022-03-18,True
VG,VGM22 Index,2022,6,2022-06-17,True
VG,VGU22 Index,2022,9,2022-09-16,True
VG,VGZ22 Index,2022,12,2022-12-16,True
VG,VGH23 Index,2023,3,2023-03-17,True
VG,VGM23 Index,2023,6,2023-06-16,True
VG,VGU23 Index,2023,9,2023-09-15,True
VG,VGZ23 Index,2023,12,2023-12-15,True
VG,VGH24 Index,2024,3,2024-03-15,True
VG,VGM24 Index,2024,6,2024-06-21,True
VG,VGU24 Index,2024,9,2024-09-20,True
VG,VGZ24 Index,2024,12,2024-12-20,True
VG,VGH25 Index,2025,3,2025-03-21,True
VG,VGM25 Index,2025,6,2025-06-20,True
VG,VGU25 Index,2025,9,2025-09-19,True
VG,VGZ5 Index,2025,12,2025-12-19,True
VG,VGH6 Index,2026,3,2026-03-20,True
VG,VGM6 Index,2026,6,2026-06-19,True
VG,VGU6 Index,2026,9,2026-09-18,True
VG,VGZ6 Index,2026,12,2026-12-18,True
VG,VGH7 Index,2027,3,2027-03-19,True
VG,VGM7 Index,2027,6,2027-06-18,True
VG,VGU7 Index,2027,9,2027-09-17,True
VG,VGZ7 Index,2027,12,2027-12-17,True
VG,VGH8 Index,2028,3,2028-03-17,True
VG,VGM8 Index,2028,6,2028-06-16,True
VG,VGU8 Index,2028,9,2028-09-15,True
VG,VGZ8 Index,2028,12,2028-12-15,True
VG,VGH9 Index,2029,3,2029-03-16,True
VG,VGM9 Index,2029,6,2029-06-15,True
VG,VGU9 Index,2029,9,2029-09-21,True
GX,GXZ90 Index,1990,12,1990-12-19,True
GX,GXH91 Index,1991,3,1991-03-14,True
GX,GXM91 Index,1991,6,1991-06-17,True
GX,GXU91 Index,1991,9,1991-09-19,True
GX,GXZ91 Index,1991,12,1991-12-19,True
GX,GXH92 Index,1992,3,1992-03-19,True
GX,GXM92 Index,1992,6,1992-06-17,True
GX,GXU92 Index,1992,9,1992-09-17,True
GX,GXZ92 Index,1992,12,1992-12-17,True
GX,GXH93 Index,1993,3,1993-03-18,True
GX,GXM93 Index,1993,6,1993-06-17,True
GX,GXU93 Index,1993,9,1993-09-16,True
GX,GXZ93 Index,1993,12,1993-12-16,True
GX,GXH94 Index,1994,3,1994-03-17,True
GX,GXM94 Index,1994,6,1994-06-16,True
GX,GXU94 Index,1994,9,1994-09-15,True
GX,GXZ94 Index,1994,12,1994-12-15,True
GX,GXH95 Index,1995,3,1995-03-16,True
GX,GXM95 Index,1995,6,1995-06-14,True
GX,GXU95 Index,1995,9,1995-09-14,True
GX,GXZ95 Index,1995,12,1995-12-14,True
GX,GXH96 Index,1996,3,1996-03-14,True
GX,GXM96 Index,1996,6,1996-06-20,True
GX,GXU96 Index,1996,9,1996-09-19,True
GX,GXZ96 Index,1996,12,1996-12-19,True
GX,GXH97 Index,1997,3,1997-03-20,True
GX,GXM97 Index,1997,6,1997-06-19,True
GX,GXU97 Index,1997,9,1997-09-18,True
GX,GXZ97 Index,1997,12,1997-12-18,True
GX,GXH98 Index,1998,3,1998-03-19,True
GX,GXM98 Index,1998,6,1998-06-18,True
GX,GXU98 Index,1998,9,1998-09-17,True
GX,GXZ98 Index,1998,12,1998-12-17,True
GX,GXH99 Index,1999,3,1999-03-19,True
GX,GXM99 Index,1999,6,1999-06-18,True
GX,GXU99 Index,1999,9,1999-09-17,True
GX,GXZ99 Index,1999,12,1999-12-17,True
GX,GXH00 Index,2000,3,2000-03-17,True
GX,GXM00 Index,2000,6,2000-06-16,True
GX,GXU00 Index,2000,9,2000-09-15,True
GX,GXZ00 Index,2000,12,2000-12-15,True
GX,GXH01 Index,2001,3,2001-03-16,True
GX,GXM01 Index,2001,6,2001-06-15,True
GX,GXU01 Index,2001,9,2001-09-21,True
GX,GXZ01 Index,2001,12,2001-12-21,True
GX,GXH02 Index,2002,3,2002-03-15,True
GX,GXM02 Index,2002,6,2002-06-21,True
GX,GXU02 Index,2002,9,2002-09-20,True
GX,GXZ02 Index,2002,12,2002-12-20,True
GX,GXH03 Index,2003,3,2003-03-21,True
GX,GXM03 Index,2003,6,2003-06-20,True
GX,GXU03 Index,2003,9,2003-09-19,True
GX,GXZ03 Index,2003,12,2003-12-19,True
GX,GXH04 Index,2004,3,2004-03-19,True
GX,GXM04 Index,2004,6,2004-06-18,True
GX,GXU04 Index,2004,9,2004-09-17,True
GX,GXZ04 Index,2004,12,2004-12-17,True
GX,GXH05 Index,2005,3,2005-03-18,True
GX,GXM05 Index,2005,6,2005-06-17,True
GX,GXU05 Index,2005,9,2005-09-16,True
GX,GXZ05 Index,2005,12,2005-12-16,True
GX,GXH06 Index,2006,3,2006-03-17,True
GX,GXM06 Index,2006,6,2006-06-16,True
GX,GXU06 Index,2006,9,2006-09-15,True
GX,GXZ06 Index,2006,12,2006-12-15,True
GX,GXH07 Index,2007,3,2007-03-16,True
GX,GXM07 Index,2007,6,2007-06-15,True
GX,GXU07 Index,2007,9,2007-09-21,True
GX,GXZ07 Index,2007,12,2007-12-21,True
GX,GXH08 Index,2008,3,2008-03-20,True
GX,GXM08 Index,2008,6,2008-06-20,True
GX,GXU08 Index,2008,9,2008-09-19,True
GX,GXZ08 Index,2008,12,2008-12-19,True
GX,GXH09 Index,2009,3,2009-03-20,True
GX,GXM09 Index,2009,6,2009-06-19,True
GX,GXU09 Index,2009,9,2009-09-18,True
GX,GXZ09 Index,2009,12,2009-12-18,True
GX,GXH10 Index,2010,3,2010-03-19,True
GX,GXM10 Index,2010,6,2010-06-18,True
GX,GXU10 Index,2010,9,2010-09-17,True
GX,GXZ10 Index,2010,12,2010-12-17,True
GX,GXH11 Index,2011,3,2011-03-18,True
GX,GXM11 Index,2011,6,2011-06-17,True
GX,GXU11 Index,2011,9,2011-09-16,True
GX,GXZ11 Index,2011,12,2011-12-16,True
GX,GXH12 Index,2012,3,2012-03-16,True
GX,GXM12 Index,2012,6,2012-06-15,True
GX,GXU12 Index,2012,9,2012-09-21,True
GX,GXZ12 Index,2012,12,2012-12-21,True
GX,GXH13 Index,2013,3,2013-03-15,True
GX,GXM13 Index,2013,6,2013-06-21,True
GX,GXU13 Index,2013,9,2013-09-20,True
GX,GXZ13 Index,2013,12,2013-12-20,True
GX,GXH14 Index,2014,3,2014-03-21,True
GX,GXM14 Index,2014,6,2014-06-20,True
GX,GXU14 Index,2014,9,2014-09-19,True
GX,GXZ14 Index,2014,12,2014-12-19,True
GX,GXH15 Index,2015,3,2015-03-20,True
GX,GXM15 Index,2015,6,2015-06-19,True
GX,GXU15 Index,2015,9,2015-09-18,True
GX,GXZ15 Index,2015,12,2015-12-18,True
GX,GXH16 Index,2016,3,2016-03-18,True
GX,GXM16 Index,2016,6,2016-06-17,True
GX,GXU16 Index,2016,9,2016-09-16,True
GX,GXZ16 Index,2016,12,2016-12-16,True
GX,GXH17 Index,2017,3,2017-03-17,True
GX,GXM17 Index,2017,6,2017-06-16,True
GX,GXU17 Index,2017,9,2017-09-15,True
GX,GXZ17 Index,2017,12,2017-12-15,True
GX,GXH18 Index,2018,3,2018-03-16,True
GX,GXM18 Index,2018,6,2018-06-15,True
GX,GXU18 Index,2018,9,2018-09-21,True
GX,GXZ18 Index,2018,12,2018-12-21,True
GX,GXH19 Index,2019,3,2019-03-15,True
GX,GXM19 Index,2019,6,2019-06-21,True
GX,GXU19 Index,2019,9,2019-09-20,True
GX,GXZ19 Index,2019,12,2019-12-20,True
GX,GXH20 Index,2020,3,2020-03-20,True
GX,GXM20 Index,2020,6,2020-06-19,True
GX,GXU20 Index,2020,9,2020-09-18,True
GX,GXZ20 Index,2020,12,2020-12-18,True
GX,GXH21 Index,2021,3,2021-03-19,True
GX,GXM21 Index,2021,6,2021-06-18,True
GX,GXU21 Index,2021,9,2021-09-17,True
GX,GXZ21 Index,2021,12,2021-12-17,True
GX,GXH22 Index,2022,3,2022-03-18,True
GX,GXM22 Index,2022,6,2022-06-17,True
GX,GXU22 Index,2022,9,2022-09-16,True
GX,GXZ22 Index,2022,12,2022-12-16,True
GX,GXH23 Index,2023,3,2023-03-17,True
GX,GXM23 Index,2023,6,2023-06-16,True
GX,GXU23 Index,2023,9,2023-09-15,True
GX,GXZ23 Index,2023,12,2023-12-15,True
GX,GXH24 Index,2024,3,2024-03-15,True
GX,GXM24 Index,2024,6,2024-06-21,True
GX,GXU24 Index,2024,9,2024-09-20,True
GX,GXZ24 Index,2024,12,2024-12-20,True
GX,GXH25 Index,2025,3,2025-03-21,True
GX,GXM25 Index,2025,6,2025-06-20,True
GX,GXU25 Index,2025,9,2025-09-19,True
GX,GXZ5 Index,2025,12,2025-12-19,True
GX,GXH6 Index,2026,3,2026-03-20,True
GX,GXM6 Index,2026,6,2026-06-19,True
GX,GXU6 Index,2026,9,2026-09-18,True
GX,GXZ6 Index,2026,12,2026-12-18,True
GX,GXH7 Index,2027,3,2027-03-19,True
GX,GXM7 Index,2027,6,2027-06-18,True
GX,GXU7 Index,2027,9,2027-09-17,True
GX,GXZ7 Index,2027,12,2027-12-17,True
GX,GXH8 Index,2028,3,2028-03-17,True
GX,GXM8 Index,2028,6,2028-06-16,True
GX,GXU8 Index,2028,9,2028-09-15,True
GX,GXZ8 Index,2028,12,2028-12-15,True
GX,GXH9 Index,2029,3,2029-03-16,True
GX,GXM9 Index,2029,6,2029-06-15,True
GX,GXU9 Index,2029,9,2029-09-21,True
CF,CFZ88 Index,1988,12,1988-12-30,True
CF,CFF89 Index,1989,1,1989-01-31,True
CF,CFG89 Index,1989,2,1989-02-28,True
CF,CFH89 Index,1989,3,1989-03-31,True
CF,CFJ89 Index,1989,4,1989-04-28,True
CF,CFK89 Index,1989,5,1989-05-31,True
CF,CFM89 Index,1989,6,1989-06-30,True
CF,CFN89 Index,1989,7,1989-07-31,True
CF,CFQ89 Index,1989,8,1989-08-31,True
CF,CFU89 Index,1989,9,1989-09-29,True
CF,CFV89 Index,1989,10,1989-10-31,True
CF,CFX89 Index,1989,11,1989-11-30,True
CF,CFZ89 Index,1989,12,1989-12-29,True
CF,CFF90 Index,1990,1,1990-01-31,True
CF,CFG90 Index,1990,2,1990-02-28,True
CF,CFH90 Index,1990,3,1990-03-30,True
CF,CFJ90 Index,1990,4,1990-04-30,True
CF,CFK90 Index,1990,5,1990-05-31,True
CF,CFM90 Index,1990,6,1990-06-29,True
CF,CFN90 Index,1990,7,1990-07-31,True
CF,CFQ90 Index,1990,8,1990-08-31,True
CF,CFU90 Index,1990,9,1990-09-28,True
CF,CFV90 Index,1990,10,1990-10-29,True
CF,CFX90 Index,1990,11,1990-11-30,True
CF,CFZ90 Index,1990,12,1990-12-31,True
CF,CFF91 Index,1991,1,1991-01-31,True
CF,CFG91 Index,1991,2,1991-02-28,True
CF,CFH91 Index,1991,3,1991-03-28,True
CF,CFJ91 Index,1991,4,1991-04-30,True
CF,CFK91 Index,1991,5,1991-05-30,True
CF,CFM91 Index,1991,6,1991-06-28,True
CF,CFN91 Index,1991,7,1991-07-30,True
CF,CFQ91 Index,1991,8,1991-08-30,True
CF,CFU91 Index,1991,9,1991-09-30,True
CF,CFV91 Index,1991,10,1991-10-29,True
CF,CFX91 Index,1991,11,1991-11-29,True
CF,CFZ91 Index,1991,12,1991-12-31,True
CF,CFF92 Index,1992,1,1992-01-29,True
CF,CFG92 Index,1992,2,1992-02-26,True
CF,CFH92 Index,1992,3,1992-03-31,True
CF,CFJ92 Index,1992,4,1992-04-30,True
CF,CFK92 Index,1992,5,1992-05-28,True
CF,CFM92 Index,1992,6,1992-06-30,True
CF,CFN92 Index,1992,7,1992-07-30,True
CF,CFQ92 Index,1992,8,1992-08-31,True
CF,CFU92 Index,1992,9,1992-09-30,True
CF,CFV92 Index,1992,10,1992-10-29,True
CF,CFX92 Index,1992,11,1992-11-30,True
CF,CFZ92 Index,1992,12,1992-12-31,True
CF,CFF93 Index,1993,1,1993-01-29,True
CF,CFG93 Index,1993,2,1993-02-26,True
CF,CFH93 Index,1993,3,1993-03-30,True
CF,CFJ93 Index,1993,4,1993-04-30,True
CF,CFK93 Index,1993,5,1993-05-28,True
CF,CFM93 Index,1993,6,1993-06-30,True
CF,CFN93 Index,1993,7,1993-07-30,True
CF,CFQ93 Index,1993,8,1993-08-30,True
CF,CFU93 Index,1993,9,1993-09-29,True
CF,CFV93 Index,1993,10,1993-10-29,True
CF,CFX93 Index,1993,11,1993-11-30,True
CF,CFZ93 Index,1993,12,1993-12-31,True
CF,CFF94 Index,1994,1,1994-01-31,True
CF,CFG94 Index,1994,2,1994-02-28,True
CF,CFH94 Index,1994,3,1994-03-31,True
CF,CFJ94 Index,1994,4,1994-04-29,True
CF,CFK94 Index,1994,5,1994-05-31,True
CF,CFM94 Index,1994,6,1994-06-30,True
CF,CFN94 Index,1994,7,1994-07-29,True
CF,CFQ94 Index,1994,8,1994-08-31,True
CF,CFU94 Index,1994,9,1994-09-30,True
CF,CFV94 Index,1994,10,1994-10-31,True
CF,CFX94 Index,1994,11,1994-11-30,True
CF,CFZ94 Index,1994,12,1994-12-30,True
CF,CFF95 Index,1995,1,1995-01-31,True
CF,CFG95 Index,1995,2,1995-02-28,True
CF,CFH95 Index,1995,3,1995-03-31,True
CF,CFJ95 Index,1995,4,1995-04-28,True
CF,CFK95 Index,1995,5,1995-05-31,True
CF,CFM95 Index,1995,6,1995-06-30,True
CF,CFN95 Index,1995,7,1995-07-31,True
CF,CFQ95 Index,1995,8,1995-08-31,True
CF,CFU95 Index,1995,9,1995-09-29,True
CF,CFV95 Index,1995,10,1995-10-31,True
CF,CFX95 Index,1995,11,1995-11-30,True
CF,CFZ95 Index,1995,12,1995-12-29,True
CF,CFF96 Index,1996,1,1996-01-31,True
CF,CFG96 Index,1996,2,1996-02-29,True
CF,CFH96 Index,1996,3,1996-03-29,True
CF,CFJ96 Index,1996,4,1996-04-30,True
CF,CFK96 Index,1996,5,1996-05-31,True
CF,CFM96 Index,1996,6,1996-06-28,True
CF,CFN96 Index,1996,7,1996-07-31,True
CF,CFQ96 Index,1996,8,1996-08-30,True
CF,CFU96 Index,1996,9,1996-09-30,True
CF,CFV96 Index,1996,10,1996-10-31,True
CF,CFX96 Index,1996,11,1996-11-29,True
CF,CFZ96 Index,1996,12,1996-12-31,True
CF,CFF97 Index,1997,1,1997-01-31,True
CF,CFG97 Index,1997,2,1997-02-28,True
CF,CFH97 Index,1997,3,1997-03-27,True
CF,CFJ97 Index,1997,4,1997-04-30,True
CF,CFK97 Index,1997,5,1997-05-30,True
CF,CFM97 Index,1997,6,1997-06-30,True
CF,CFN97 Index,1997,7,1997-07-31,True
CF,CFQ97 Index,1997,8,1997-08-29,True
CF,CFU97 Index,1997,9,1997-09-30,True
CF,CFV97 Index,1997,10,1997-10-31,True
CF,CFX97 Index,1997,11,1997-11-28,True
CF,CFZ97 Index,1997,12,1997-12-31,True
CF,CFF98 Index,1998,1,1998-01-30,True
CF,CFG98 Index,1998,2,1998-02-27,True
CF,CFH98 Index,1998,3,1998-03-31,True
CF,CFJ98 Index,1998,4,1998-04-30,True
CF,CFK98 Index,1998,5,1998-05-29,True
CF,CFM98 Index,1998,6,1998-06-30,True
CF,CFN98 Index,1998,7,1998-07-31,True
CF,CFQ98 Index,1998,8,1998-08-31,True
CF,CFU98 Index,1998,9,1998-09-30,True
CF,CFV98 Index,1998,10,1998-10-30,True
CF,CFX98 Index,1998,11,1998-11-30,True
CF,CFZ98 Index,1998,12,1998-12-30,True
CF,CFF99 Index,1999,1,1999-01-29,True
CF,CFG99 Index,1999,2,1999-02-26,True
CF,CFH99 Index,1999,3,1999-03-31,True
CF,CFJ99 Index,1999,4,1999-04-30,True
CF,CFK99 Index,1999,5,1999-05-31,True
CF,CFM99 Index,1999,6,1999-06-30,True
CF,CFN99 Index,1999,7,1999-07-30,True
CF,CFQ99 Index,1999,8,1999-08-31,True
CF,CFU99 Index,1999,9,1999-09-30,True
CF,CFV99 Index,1999,10,1999-10-29,True
CF,CFX99 Index,1999,11,1999-11-30,True
CF,CFZ99 Index,1999,12,1999-12-30,True
CF,CFF00 Index,2000,1,2000-01-31,True
CF,CFG00 Index,2000,2,2000-02-29,True
CF,CFH00 Index,2000,3,2000-03-31,True
CF,CFJ00 Index,2000,4,2000-04-28,True
CF,CFK00 Index,2000,5,2000-05-31,True
CF,CFM00 Index,2000,6,2000-06-30,True
CF,CFN00 Index,2000,7,2000-07-31,True
CF,CFQ00 Index,2000,8,2000-08-31,True
CF,CFU00 Index,2000,9,2000-09-29,True
CF,CFV00 Index,2000,10,2000-10-31,True
CF,CFX00 Index,2000,11,2000-11-30,True
CF,CFZ00 Index,2000,12,2000-12-29,True
CF,CFF01 Index,2001,1,2001-01-31,True
CF,CFG01 Index,2001,2,2001-02-28,True
CF,CFH01 Index,2001,3,2001-03-30,True
CF,CFJ01 Index,2001,4,2001-04-30,True
CF,CFK01 Index,2001,5,2001-05-31,True
CF,CFM01 Index,2001,6,2001-06-29,True
CF,CFN01 Index,2001,7,2001-07-31,True
CF,CFQ01 Index,2001,8,2001-08-31,True
CF,CFU01 Index,2001,9,2001-09-28,True
CF,CFV01 Index,2001,10,2001-10-31,True
CF,CFX01 Index,2001,11,2001-11-30,True
CF,CFZ01 Index,2001,12,2001-12-28,True
CF,CFF02 Index,2002,1,2002-01-31,True
CF,CFG02 Index,2002,2,2002-02-28,True
CF,CFH02 Index,2002,3,2002-03-28,True
CF,CFJ02 Index,2002,4,2002-04-30,True
CF,CFK02 Index,2002,5,2002-05-31,True
CF,CFM02 Index,2002,6,2002-06-28,True
CF,CFN02 Index,2002,7,2002-07-31,True
CF,CFQ02 Index,2002,8,2002-08-30,True
CF,CFU02 Index,2002,9,2002-09-30,True
CF,CFV02 Index,2002,10,2002-10-31,True
CF,CFX02 Index,2002,11,2002-11-29,True
CF,CFZ02 Index,2002,12,2002-12-31,True
CF,CFF03 Index,2003,1,2003-01-31,True
CF,CFG03 Index,2003,2,2003-02-28,True
CF,CFH03 Index,2003,3,2003-03-31,True
CF,CFJ03 Index,2003,4,2003-04-30,True
CF,CFK03 Index,2003,5,2003-05-30,True
CF,CFM03 Index,2003,6,2003-06-30,True
CF,CFN03 Index,2003,7,2003-07-31,True
CF,CFQ03 Index,2003,8,2003-08-29,True
CF,CFU03 Index,2003,9,2003-09-30,True
CF,CFV03 Index,2003,10,2003-10-31,True
CF,CFX03 Index,2003,11,2003-11-28,True
CF,CFZ03 Index,2003,12,2003-12-31,True
CF,CFF04 Index,2004,1,2004-01-30,True
CF,CFG04 Index,2004,2,2004-02-27,True
CF,CFH04 Index,2004,3,2004-03-31,True
CF,CFJ04 Index,2004,4,2004-04-30,True
CF,CFK04 Index,2004,5,2004-05-31,True
CF,CFM04 Index,2004,6,2004-06-30,True
CF,CFN04 Index,2004,7,2004-07-30,True
CF,CFQ04 Index,2004,8,2004-08-31,True
CF,CFU04 Index,2004,9,2004-09-30,True
CF,CFV04 Index,2004,10,2004-10-15,True
CF,CFX04 Index,2004,11,2004-11-19,True
CF,CFZ04 Index,2004,12,2004-12-17,True
CF,CFF05 Index,2005,1,2005-01-21,True
CF,CFG05 Index,2005,2,2005-02-18,True
CF,CFH05 Index,2005,3,2005-03-18,True
CF,CFJ05 Index,2005,4,2005-04-15,True
CF,CFK05 Index,2005,5,2005-05-20,True
CF,CFM05 Index,2005,6,2005-06-17,True
CF,CFN05 Index,2005,7,2005-07-15,True
CF,CFQ05 Index,2005,8,2005-08-19,True
CF,CFU05 Index,2005,9,2005-09-16,True
CF,CFV05 Index,2005,10,2005-10-21,True
CF,CFX05 Index,2005,11,2005-11-18,True
CF,CFZ05 Index,2005,12,2005-12-16,True
CF,CFF06 Index,2006,1,2006-01-20,True
CF,CFG06 Index,2006,2,2006-02-17,True
CF,CFH06 Index,2006,3,2006-03-17,True
CF,CFJ06 Index,2006,4,2006-04-21,True
CF,CFK06 Index,2006,5,2006-05-19,True
CF,CFM06 Index,2006,6,2006-06-16,True
CF,CFN06 Index,2006,7,2006-07-21,True
CF,CFQ06 Index,2006,8,2006-08-18,True
CF,CFU06 Index,2006,9,2006-09-15,True
CF,CFV06 Index,2006,10,2006-10-20,True
CF,CFX06 Index,2006,11,2006-11-17,True
CF,CFZ06 Index,2006,12,2006-12-15,True
CF,CFF07 Index,2007,1,2007-01-19,True
CF,CFG07 Index,2007,2,2007-02-16,True
CF,CFH07 Index,2007,3,2007-03-16,True
CF,CFJ07 Index,2007,4,2007-04-20,True
CF,CFK07 Index,2007,5,2007-05-18,True
CF,CFM07 Index,2007,6,2007-06-15,True
CF,CFN07 Index,2007,7,2007-07-20,True
CF,CFQ07 Index,2007,8,2007-08-17,True
CF,CFU07 Index,2007,9,2007-09-21,True
CF,CFV07 Index,2007,10,2007-10-19,True
CF,CFX07 Index,2007,11,2007-11-16,True
CF,CFZ07 Index,2007,12,2007-12-21,True
CF,CFF08 Index,2008,1,2008-01-18,True
CF,CFG08 Index,2008,2,2008-02-15,True
CF,CFH08 Index,2008,3,2008-03-20,True
CF,CFJ08 Index,2008,4,2008-04-18,True
CF,CFK08 Index,2008,5,2008-05-16,True
CF,CFM08 Index,2008,6,2008-06-20,True
CF,CFN08 Index,2008,7,2008-07-18,True
CF,CFQ08 Index,2008,8,2008-08-15,True
CF,CFU08 Index,2008,9,2008-09-19,True
CF,CFV08 Index,2008,10,2008-10-17,True
CF,CFX08 Index,2008,11,2008-11-21,True
CF,CFZ08 Index,2008,12,2008-12-19,True
CF,CFF09 Index,2009,1,2009-01-16,True
CF,CFG09 Index,2009,2,2009-02-20,True
CF,CFH09 Index,2009,3,2009-03-20,True
CF,CFJ09 Index,2009,4,2009-04-17,True
CF,CFK09 Index,2009,5,2009-05-15,True
CF,CFM09 Index,2009,6,2009-06-19,True
CF,CFN09 Index,2009,7,2009-07-17,True
CF,CFQ09 Index,2009,8,2009-08-21,True
CF,CFU09 Index,2009,9,2009-09-18,True
CF,CFV09 Index,2009,10,2009-10-16,True
CF,CFX09 Index,2009,11,2009-11-20,True
CF,CFZ09 Index,2009,12,2009-12-18,True
CF,CFF10 Index,2010,1,2010-01-15,True
CF,CFG10 Index,2010,2,2010-02-19,True
CF,CFH10 Index,2010,3,2010-03-19,True
CF,CFJ10 Index,2010,4,2010-04-16,True
CF,CFK10 Index,2010,5,2010-05-21,True
CF,CFM10 Index,2010,6,2010-06-18,True
CF,CFN10 Index,2010,7,2010-07-16,True
CF,CFQ10 Index,2010,8,2010-08-20,True
CF,CFU10 Index,2010,9,2010-09-17,True
CF,CFV10 Index,2010,10,2010-10-15,True
CF,CFX10 Index,2010,11,2010-11-19,True
CF,CFZ10 Index,2010,12,2010-12-17,True
CF,CFF11 Index,2011,1,2011-01-21,True
CF,CFG11 Index,2011,2,2011-02-18,True
CF,CFH11 Index,2011,3,2011-03-18,True
CF,CFJ11 Index,2011,4,2011-04-15,True
CF,CFK11 Index,2011,5,2011-05-20,True
CF,CFM11 Index,2011,6,2011-06-17,True
CF,CFN11 Index,2011,7,2011-07-15,True
CF,CFQ11 Index,2011,8,2011-08-19,True
CF,CFU11 Index,2011,9,2011-09-16,True
CF,CFV11 Index,2011,10,2011-10-21,True
CF,CFX11 Index,2011,11,2011-11-18,True
CF,CFZ11 Index,2011,12,2011-12-16,True
CF,CFF12 Index,2012,1,2012-01-20,True
CF,CFG12 Index,2012,2,2012-02-17,True
CF,CFH12 Index,2012,3,2012-03-16,True
CF,CFJ12 Index,2012,4,2012-04-20,True
CF,CFK12 Index,2012,5,2012-05-18,True
CF,CFM12 Index,2012,6,2012-06-15,True
CF,CFN12 Index,2012,7,2012-07-20,True
CF,CFQ12 Index,2012,8,2012-08-17,True
CF,CFU12 Index,2012,9,2012-09-21,True
CF,CFV12 Index,2012,10,2012-10-19,True
CF,CFX12 Index,2012,11,2012-11-16,True
CF,CFZ12 Index,2012,12,2012-12-21,True
CF,CFF13 Index,2013,1,2013-01-18,True
CF,CFG13 Index,2013,2,2013-02-15,True
CF,CFH13 Index,2013,3,2013-03-15,True
CF,CFJ13 Index,2013,4,2013-04-19,True
CF,CFK13 Index,2013,5,2013-05-17,True
CF,CFM13 Index,2013,6,2013-06-21,True
CF,CFN13 Index,2013,7,2013-07-19,True
CF,CFQ13 Index,2013,8,2013-08-16,True
CF,CFU13 Index,2013,9,2013-09-20,True
CF,CFV13 Index,2013,10,2013-10-18,True
CF,CFX13 Index,2013,11,2013-11-15,True
CF,CFZ13 Index,2013,12,2013-12-20,True
CF,CFF14 Index,2014,1,2014-01-17,True
CF,CFG14 Index,2014,2,2014-02-21,True
CF,CFH14 Index,2014,3,2014-03-21,True
CF,CFJ14 Index,2014,4,2014-04-17,True
CF,CFK14 Index,2014,5,2014-05-16,True
CF,CFM14 Index,2014,6,2014-06-20,True
CF,CFN14 Index,2014,7,2014-07-18,True
CF,CFQ14 Index,2014,8,2014-08-15,True
CF,CFU14 Index,2014,9,2014-09-19,True
CF,CFV14 Index,2014,10,2014-10-17,True
CF,CFX14 Index,2014,11,2014-11-21,True
CF,CFZ14 Index,2014,12,2014-12-19,True
CF,CFF15 Index,2015,1,2015-01-16,True
CF,CFG15 Index,2015,2,2015-02-20,True
CF,CFH15 Index,2015,3,2015-03-20,True
CF,CFJ15 Index,2015,4,2015-04-17,True
CF,CFK15 Index,2015,5,2015-05-15,True
CF,CFM15 Index,2015,6,2015-06-19,True
CF,CFN15 Index,2015,7,2015-07-17,True
CF,CFQ15 Index,2015,8,2015-08-21,True
CF,CFU15 Index,2015,9,2015-09-18,True
CF,CFV15 Index,2015,10,2015-10-16,True
CF,CFX15 Index,2015,11,2015-11-20,True
CF,CFZ15 Index,2015,12,2015-12-18,True
CF,CFF16 Index,2016,1,2016-01-15,True
CF,CFG16 Index,2016,2,2016-02-19,True
CF,CFH16 Index,2016,3,2016-03-18,True
CF,CFJ16 Index,2016,4,2016-04-15,True
CF,CFK16 Index,2016,5,2016-05-20,True
CF,CFM16 Index,2016,6,2016-06-17,True
CF,CFN16 Index,2016,7,2016-07-15,True
CF,CFQ16 Index,2016,8,2016-08-19,True
CF,CFU16 Index,2016,9,2016-09-16,True
CF,CFV16 Index,2016,10,2016-10-21,True
CF,CFX16 Index,2016,11,2016-11-18,True
CF,CFZ16 Index,2016,12,2016-12-16,True
CF,CFF17 Index,2017,1,2017-01-20,True
CF,CFG17 Index,2017,2,2017-02-17,True
CF,CFH17 Index,2017,3,2017-03-17,True
CF,CFJ17 Index,2017,4,2017-04-21,True
CF,CFK17 Index,2017,5,2017-05-19,True
CF,CFM17 Index,2017,6,2017-06-16,True
CF,CFN17 Index,2017,7,2017-07-21,True
CF,CFQ17 Index,2017,8,2017-08-18,True
CF,CFU17 Index,2017,9,2017-09-15,True
CF,CFV17 Index,2017,10,2017-10-20,True
CF,CFX17 Index,2017,11,2017-11-17,True
CF,CFZ17 Index,2017,12,2017-12-15,True
CF,CFF18 Index,2018,1,2018-01-19,True
CF,CFG18 Index,2018,2,2018-02-16,True
CF,CFH18 Index,2018,3,2018-03-16,True
CF,CFJ18 Index,2018,4,2018-04-20,True
CF,CFK18 Index,2018,5,2018-05-18,True
CF,CFM18 Index,2018,6,2018-06-15,True
CF,CFN18 Index,2018,7,2018-07-20,True
CF,CFQ18 Index,2018,8,2018-08-17,True
CF,CFU18 Index,2018,9,2018-09-21,True
CF,CFV18 Index,2018,10,2018-10-19,True
CF,CFX18 Index,2018,11,2018-11-16,True
CF,CFZ18 Index,2018,12,2018-12-21,True
CF,CFF19 Index,2019,1,2019-01-18,True
CF,CFG19 Index,2019,2,2019-02-15,True
CF,CFH19 Index,2019,3,2019-03-15,True
CF,CFJ19 Index,2019,4,2019-04-18,True
CF,CFK19 Index,2019,5,2019-05-17,True
CF,CFM19 Index,2019,6,2019-06-21,True
CF,CFN19 Index,2019,7,2019-07-19,True
CF,CFQ19 Index,2019,8,2019-08-16,True
CF,CFU19 Index,2019,9,2019-09-20,True
CF,CFV19 Index,2019,10,2019-10-18,True
CF,CFX19 Index,2019,11,2019-11-15,True
CF,CFZ19 Index,2019,12,2019-12-20,True
CF,CFF20 Index,2020,1,2020-01-17,True
CF,CFG20 Index,2020,2,2020-02-21,True
CF,CFH20 Index,2020,3,2020-03-20,True
CF,CFJ20 Index,2020,4,2020-04-17,True
CF,CFK20 Index,2020,5,2020-05-15,True
CF,CFM20 Index,2020,6,2020-06-19,True
CF,CFN20 Index,2020,7,2020-07-17,True
CF,CFQ20 Index,2020,8,2020-08-21,True
CF,CFU20 Index,2020,9,2020-09-18,True
CF,CFV20 Index,2020,10,2020-10-16,True
CF,CFX20 Index,2020,11,2020-11-20,True
CF,CFZ20 Index,2020,12,2020-12-18,True
CF,CFF21 Index,2021,1,2021-01-15,True
CF,CFG21 Index,2021,2,2021-02-19,True
CF,CFH21 Index,2021,3,2021-03-19,True
CF,CFJ21 Index,2021,4,2021-04-16,True
CF,CFK21 Index,2021,5,2021-05-21,True
CF,CFM21 Index,2021,6,2021-06-18,True
CF,CFN21 Index,2021,7,2021-07-16,True
CF,CFQ21 Index,2021,8,2021-08-20,True
CF,CFU21 Index,2021,9,2021-09-17,True
CF,CFV21 Index,2021,10,2021-10-15,True
CF,CFX21 Index,2021,11,2021-11-19,True
CF,CFZ21 Index,2021,12,2021-12-17,True
CF,CFF22 Index,2022,1,2022-01-21,True
CF,CFG22 Index,2022,2,2022-02-18,True
CF,CFH22 Index,2022,3,2022-03-18,True
CF,CFJ22 Index,2022,4,2022-04-14,True
CF,CFK22 Index,2022,5,2022-05-20,True
CF,CFM22 Index,2022,6,2022-06-17,True
CF,CFN22 Index,2022,7,2022-07-15,True
CF,CFQ22 Index,2022,8,2022-08-19,True
CF,CFU22 Index,2022,9,2022-09-16,True
CF,CFV22 Index,2022,10,2022-10-21,True
CF,CFX22 Index,2022,11,2022-11-18,True
CF,CFZ22 Index,2022,12,2022-12-16,True
CF,CFF23 Index,2023,1,2023-01-20,True
CF,CFG23 Index,2023,2,2023-02-17,True
CF,CFH23 Index,2023,3,2023-03-17,True
CF,CFJ23 Index,2023,4,2023-04-21,True
CF,CFK23 Index,2023,5,2023-05-19,True
CF,CFM23 Index,2023,6,2023-06-16,True
CF,CFN23 Index,2023,7,2023-07-21,True
CF,CFQ23 Index,2023,8,2023-08-18,True
CF,CFU23 Index,2023,9,2023-09-15,True
CF,CFV23 Index,2023,10,2023-10-20,True
CF,CFX23 Index,2023,11,2023-11-17,True
CF,CFZ23 Index,2023,12,2023-12-15,True
CF,CFF24 Index,2024,1,2024-01-19,True
CF,CFG24 Index,2024,2,2024-02-16,True
CF,CFH24 Index,2024,3,2024-03-15,True
CF,CFJ24 Index,2024,4,2024-04-19,True
CF,CFK24 Index,2024,5,2024-05-17,True
CF,CFM24 Index,2024,6,2024-06-21,True
CF,CFN24 Index,2024,7,2024-07-19,True
CF,CFQ24 Index,2024,8,2024-08-16,True
CF,CFU24 Index,2024,9,2024-09-20,True
CF,CFV24 Index,2024,10,2024-10-18,True
CF,CFX24 Index,2024,11,2024-11-15,True
CF,CFZ24 Index,2024,12,2024-12-20,True
CF,CFF25 Index,2025,1,2025-01-17,True
CF,CFG25 Index,2025,2,2025-02-21,True
CF,CFH25 Index,2025,3,2025-03-21,True
CF,CFJ25 Index,2025,4,2025-04-17,True
CF,CFK25 Index,2025,5,2025-05-16,True
CF,CFM25 Index,2025,6,2025-06-20,True
CF,CFN25 Index,2025,7,2025-07-18,True
CF,CFQ25 Index,2025,8,2025-08-15,True
CF,CFU25 Index,2025,9,2025-09-19,True
CF,CFV25 Index,2025,10,2025-10-17,True
CF,CFX5 Index,2025,11,2025-11-21,True
CF,CFZ5 Index,2025,12,2025-12-19,True
CF,CFF6 Index,2026,1,2026-01-16,True
CF,CFG6 Index,2026,2,2026-02-20,True
CF,CFH6 Index,2026,3,2026-03-20,True
CF,CFJ6 Index,2026,4,2026-04-17,True
CF,CFK6 Index,2026,5,2026-05-15,True
CF,CFM6 Index,2026,6,2026-06-19,True
CF,CFN6 Index,2026,7,2026-07-17,True
CF,CFQ6 Index,2026,8,2026-08-21,True
CF,CFU6 Index,2026,9,2026-09-18,True
CF,CFV6 Index,2026,10,2026-10-16,True
CF,CFX6 Index,2026,11,2026-11-20,True
CF,CFZ6 Index,2026,12,2026-12-18,True
CF,CFH7 Index,2027,3,2027-03-19,True
CF,CFM7 Index,2027,6,2027-06-18,True
CF,CFU7 Index,2027,9,2027-09-17,True
CF,CFZ7 Index,2027,12,2027-12-17,True
CF,CFM8 Index,2028,6,2028-06-16,True
CF,CFZ8 Index,2028,12,2028-12-15,True
CF,CFM9 Index,2029,6,2029-06-15,True
CF,CFZ9 Index,2029,12,2029-12-21,True
CF,CFM0 Index,2030,6,2030-06-21,True
CF,CFZ0 Index,2030,12,2030-12-20,True
CF,CFM1 Index,2031,6,2031-06-20,True
SM,SMV91 Index,1991,10,1991-10-18,False
SM,SMX91 Index,1991,11,1991-11-15,False
SM,SMZ91 Index,1991,12,1991-12-20,True
SM,SMF92 Index,1992,1,1992-01-17,False
SM,SMG92 Index,1992,2,1992-02-21,False
SM,SMH92 Index,1992,3,1992-03-20,True
SM,SMJ92 Index,1992,4,1992-04-16,False
SM,SMK92 Index,1992,5,1992-05-15,False
SM,SMM92 Index,1992,6,1992-06-19,True
SM,SMN92 Index,1992,7,1992-07-17,False
SM,SMQ92 Index,1992,8,1992-08-21,False
SM,SMU92 Index,1992,9,1992-09-18,True
SM,SMV92 Index,1992,10,1992-10-16,False
SM,SMX92 Index,1992,11,1992-11-20,False
SM,SMZ92 Index,1992,12,1992-12-18,True
SM,SMF93 Index,1993,1,1993-01-15,False
SM,SMG93 Index,1993,2,1993-02-19,False
SM,SMH93 Index,1993,3,1993-03-19,True
SM,SMJ93 Index,1993,4,1993-04-16,False
SM,SMK93 Index,1993,5,1993-05-21,False
SM,SMM93 Index,1993,6,1993-06-18,True
SM,SMN93 Index,1993,7,1993-07-16,False
SM,SMQ93 Index,1993,8,1993-08-20,False
SM,SMU93 Index,1993,9,1993-09-17,True
SM,SMV93 Index,1993,10,1993-10-15,False
SM,SMX93 Index,1993,11,1993-11-19,False
SM,SMZ93 Index,1993,12,1993-12-17,True
SM,SMF94 Index,1994,1,1994-01-21,False
SM,SMG94 Index,1994,2,1994-02-18,False
SM,SMH94 Index,1994,3,1994-03-18,True
SM,SMJ94 Index,1994,4,1994-04-15,False
SM,SMK94 Index,1994,5,1994-05-20,False
SM,SMM94 Index,1994,6,1994-06-17,True
SM,SMN94 Index,1994,7,1994-07-15,False
SM,SMQ94 Index,1994,8,1994-08-19,False
SM,SMU94 Index,1994,9,1994-09-16,True
SM,SMV94 Index,1994,10,1994-10-21,False
SM,SMX94 Index,1994,11,1994-11-18,False
SM,SMZ94 Index,1994,12,1994-12-16,True
SM,SMF95 Index,1995,1,1995-01-20,False
SM,SMG95 Index,1995,2,1995-02-17,False
SM,SMH95 Index,1995,3,1995-03-17,True
SM,SMJ95 Index,1995,4,1995-04-21,False
SM,SMK95 Index,1995,5,1995-05-19,False
SM,SMM95 Index,1995,6,1995-06-16,True
SM,SMN95 Index,1995,7,1995-07-21,False
SM,SMQ95 Index,1995,8,1995-08-18,False
SM,SMU95 Index,1995,9,1995-09-15,True
SM,SMV95 Index,1995,10,1995-10-20,False
SM,SMX95 Index,1995,11,1995-11-17,False
SM,SMZ95 Index,1995,12,1995-12-15,True
SM,SMF96 Index,1996,1,1996-01-19,False
SM,SMG96 Index,1996,2,1996-02-16,False
SM,SMH96 Index,1996,3,1996-03-15,True
SM,SMJ96 Index,1996,4,1996-04-19,False
SM,SMK96 Index,1996,5,1996-05-17,False
SM,SMM96 Index,1996,6,1996-06-21,True
SM,SMN96 Index,1996,7,1996-07-19,False
SM,SMQ96 Index,1996,8,1996-08-16,False
SM,SMU96 Index,1996,9,1996-09-20,True
SM,SMV96 Index,1996,10,1996-10-18,False
SM,SMX96 Index,1996,11,1996-11-15,False
SM,SMZ96 Index,1996,12,1996-12-20,True
SM,SMF97 Index,1997,1,1997-01-17,False
SM,SMG97 Index,1997,2,1997-02-21,False
SM,SMH97 Index,1997,3,1997-03-21,True
SM,SMJ97 Index,1997,4,1997-04-18,False
SM,SMK97 Index,1997,5,1997-05-16,False
SM,SMM97 Index,1997,6,1997-06-20,True
SM,SMN97 Index,1997,7,1997-07-18,False
SM,SMQ97 Index,1997,8,1997-08-15,False
SM,SMU97 Index,1997,9,1997-09-19,True
SM,SMV97 Index,1997,10,1997-10-17,False
SM,SMX97 Index,1997,11,1997-11-21,False
SM,SMZ97 Index,1997,12,1997-12-19,True
SM,SMF98 Index,1998,1,1998-01-16,False
SM,SMG98 Index,1998,2,1998-02-20,False
SM,SMH98 Index,1998,3,1998-03-20,True
SM,SMJ98 Index,1998,4,1998-04-17,False
SM,SMK98 Index,1998,5,1998-05-15,False
SM,SMM98 Index,1998,6,1998-06-19,True
SM,SMN98 Index,1998,7,1998-07-17,False
SM,SMQ98 Index,1998,8,1998-08-21,False
SM,SMU98 Index,1998,9,1998-09-18,True
SM,SMZ98 Index,1998,12,1998-12-18,True
SM,SMH99 Index,1999,3,1999-03-19,True
SM,SMM99 Index,1999,6,1999-06-18,True
SM,SMU99 Index,1999,9,1999-09-17,True
SM,SMZ99 Index,1999,12,1999-12-17,True
SM,SMH00 Index,2000,3,2000-03-17,True
SM,SMM00 Index,2000,6,2000-06-16,True
SM,SMU00 Index,2000,9,2000-09-15,True
SM,SMZ00 Index,2000,12,2000-12-15,True
SM,SMH01 Index,2001,3,2001-03-16,True
SM,SMM01 Index,2001,6,2001-06-15,True
SM,SMU01 Index,2001,9,2001-09-21,True
SM,SMZ01 Index,2001,12,2001-12-21,True
SM,SMH02 Index,2002,3,2002-03-15,True
SM,SMM02 Index,2002,6,2002-06-21,True
SM,SMU02 Index,2002,9,2002-09-20,True
SM,SMZ02 Index,2002,12,2002-12-20,True
SM,SMH03 Index,2003,3,2003-03-21,True
SM,SMM03 Index,2003,6,2003-06-20,True
SM,SMU03 Index,2003,9,2003-09-19,True
SM,SMZ03 Index,2003,12,2003-12-19,True
SM,SMH04 Index,2004,3,2004-03-19,True
SM,SMM04 Index,2004,6,2004-06-18,True
SM,SMU04 Index,2004,9,2004-09-16,True
SM,SMZ04 Index,2004,12,2004-12-16,True
SM,SMH05 Index,2005,3,2005-03-17,True
SM,SMM05 Index,2005,6,2005-06-16,True
SM,SMU05 Index,2005,9,2005-09-15,True
SM,SMZ05 Index,2005,12,2005-12-15,True
SM,SMH06 Index,2006,3,2006-03-16,True
SM,SMM06 Index,2006,6,2006-06-15,True
SM,SMU06 Index,2006,9,2006-09-14,True
SM,SMZ06 Index,2006,12,2006-12-14,True
SM,SMH07 Index,2007,3,2007-03-15,True
SM,SMM07 Index,2007,6,2007-06-14,True
SM,SMU07 Index,2007,9,2007-09-20,True
SM,SMZ07 Index,2007,12,2007-12-20,True
SM,SMH08 Index,2008,3,2008-03-20,True
SM,SMM08 Index,2008,6,2008-06-20,True
SM,SMU08 Index,2008,9,2008-09-19,True
SM,SMZ08 Index,2008,12,2008-12-19,True
SM,SMH09 Index,2009,3,2009-03-20,True
SM,SMM09 Index,2009,6,2009-06-19,True
SM,SMU09 Index,2009,9,2009-09-18,True
SM,SMZ09 Index,2009,12,2009-12-18,True
SM,SMH10 Index,2010,3,2010-03-19,True
SM,SMM10 Index,2010,6,2010-06-18,True
SM,SMU10 Index,2010,9,2010-09-17,True
SM,SMZ10 Index,2010,12,2010-12-17,True
SM,SMH11 Index,2011,3,2011-03-18,True
SM,SMM11 Index,2011,6,2011-06-17,True
SM,SMU11 Index,2011,9,2011-09-16,True
SM,SMZ11 Index,2011,12,2011-12-16,True
SM,SMH12 Index,2012,3,2012-03-16,True
SM,SMM12 Index,2012,6,2012-06-15,True
SM,SMU12 Index,2012,9,2012-09-21,True
SM,SMZ12 Index,2012,12,2012-12-21,True
SM,SMH13 Index,2013,3,2013-03-15,True
SM,SMM13 Index,2013,6,2013-06-21,True
SM,SMU13 Index,2013,9,2013-09-20,True
SM,SMZ13 Index,2013,12,2013-12-20,True
SM,SMH14 Index,2014,3,2014-03-21,True
SM,SMM14 Index,2014,6,2014-06-20,True
SM,SMU14 Index,2014,9,2014-09-19,True
SM,SMZ14 Index,2014,12,2014-12-19,True
SM,SMH15 Index,2015,3,2015-03-20,True
SM,SMM15 Index,2015,6,2015-06-19,True
SM,SMU15 Index,2015,9,2015-09-18,True
SM,SMZ15 Index,2015,12,2015-12-18,True
SM,SMH16 Index,2016,3,2016-03-18,True
SM,SMM16 Index,2016,6,2016-06-17,True
SM,SMU16 Index,2016,9,2016-09-16,True
SM,SMZ16 Index,2016,12,2016-12-16,True
SM,SMH17 Index,2017,3,2017-03-17,True
SM,SMM17 Index,2017,6,2017-06-16,True
SM,SMU17 Index,2017,9,2017-09-15,True
SM,SMZ17 Index,2017,12,2017-12-15,True
SM,SMH18 Index,2018,3,2018-03-16,True
SM,SMM18 Index,2018,6,2018-06-15,True
SM,SMU18 Index,2018,9,2018-09-21,True
SM,SMZ18 Index,2018,12,2018-12-21,True
SM,SMH19 Index,2019,3,2019-03-15,True
SM,SMM19 Index,2019,6,2019-06-21,True
SM,SMU19 Index,2019,9,2019-09-20,True
SM,SMZ19 Index,2019,12,2019-12-20,True
SM,SMH20 Index,2020,3,2020-03-20,True
SM,SMM20 Index,2020,6,2020-06-19,True
SM,SMU20 Index,2020,9,2020-09-18,True
SM,SMZ20 Index,2020,12,2020-12-18,True
SM,SMH21 Index,2021,3,2021-03-19,True
SM,SMM21 Index,2021,6,2021-06-18,True
SM,SMU21 Index,2021,9,2021-09-17,True
SM,SMZ21 Index,2021,12,2021-12-17,True
SM,SMH22 Index,2022,3,2022-03-18,True
SM,SMM22 Index,2022,6,2022-06-17,True
SM,SMU22 Index,2022,9,2022-09-16,True
SM,SMZ22 Index,2022,12,2022-12-16,True
SM,SMH23 Index,2023,3,2023-03-17,True
SM,SMM23 Index,2023,6,2023-06-16,True
SM,SMU23 Index,2023,9,2023-09-15,True
SM,SMZ23 Index,2023,12,2023-12-15,True
SM,SMH24 Index,2024,3,2024-03-15,True
SM,SMM24 Index,2024,6,2024-06-21,True
SM,SMU24 Index,2024,9,2024-09-20,True
SM,SMZ24 Index,2024,12,2024-12-20,True
SM,SMH25 Index,2025,3,2025-03-21,True
SM,SMM25 Index,2025,6,2025-06-20,True
SM,SMU25 Index,2025,9,2025-09-19,True
SM,SMZ5 Index,2025,12,2025-12-19,True
SM,SMH6 Index,2026,3,2026-03-20,True
SM,SMM6 Index,2026,6,2026-06-19,True
SM,SMU6 Index,2026,9,2026-09-18,True
SM,SMZ6 Index,2026,12,2026-12-18,True
SM,SMH7 Index,2027,3,2027-03-19,True
SM,SMM7 Index,2027,6,2027-06-18,True
SM,SMU7 Index,2027,9,2027-09-17,True
SM,SMZ7 Index,2027,12,2027-12-17,True
SM,SMH8 Index,2028,3,2028-03-17,True
SM,SMM8 Index,2028,6,2028-06-16,True
SM,SMU8 Index,2028,9,2028-09-15,True
SM,SMZ8 Index,2028,12,2028-12-15,True
SM,SMH9 Index,2029,3,2029-03-16,True
SM,SMM9 Index,2029,6,2029-06-15,True
SM,SMU9 Index,2029,9,2029-09-21,True
IB,IBH92 Index,1992,3,1992-03-20,True
IB,IBJ92 Index,1992,4,1992-04-17,True
IB,IBK92 Index,1992,5,1992-05-15,True
IB,IBM92 Index,1992,6,1992-06-19,True
IB,IBN92 Index,1992,7,1992-07-17,True
IB,IBQ92 Index,1992,8,1992-08-21,True
IB,IBU92 Index,1992,9,1992-09-18,True
IB,IBV92 Index,1992,10,1992-10-16,True
IB,IBX92 Index,1992,11,1992-11-20,True
IB,IBZ92 Index,1992,12,1992-12-18,True
IB,IBF93 Index,1993,1,1993-01-15,True
IB,IBG93 Index,1993,2,1993-02-19,True
IB,IBH93 Index,1993,3,1993-03-18,True
IB,IBJ93 Index,1993,4,1993-04-16,True
IB,IBK93 Index,1993,5,1993-05-21,True
IB,IBM93 Index,1993,6,1993-06-18,True
IB,IBN93 Index,1993,7,1993-07-16,True
IB,IBQ93 Index,1993,8,1993-08-20,True
IB,IBU93 Index,1993,9,1993-09-17,True
IB,IBV93 Index,1993,10,1993-10-15,True
IB,IBX93 Index,1993,11,1993-11-19,True
IB,IBZ93 Index,1993,12,1993-12-17,True
IB,IBF94 Index,1994,1,1994-01-21,True
IB,IBG94 Index,1994,2,1994-02-18,True
IB,IBH94 Index,1994,3,1994-03-18,True
IB,IBJ94 Index,1994,4,1994-04-15,True
IB,IBK94 Index,1994,5,1994-05-20,True
IB,IBM94 Index,1994,6,1994-06-17,True
IB,IBN94 Index,1994,7,1994-07-15,True
IB,IBQ94 Index,1994,8,1994-08-19,True
IB,IBU94 Index,1994,9,1994-09-16,True
IB,IBV94 Index,1994,10,1994-10-21,True
IB,IBX94 Index,1994,11,1994-11-18,True
IB,IBZ94 Index,1994,12,1994-12-16,True
IB,IBF95 Index,1995,1,1995-01-20,True
IB,IBG95 Index,1995,2,1995-02-17,True
IB,IBH95 Index,1995,3,1995-03-17,True
IB,IBJ95 Index,1995,4,1995-04-21,True
IB,IBK95 Index,1995,5,1995-05-19,True
IB,IBM95 Index,1995,6,1995-06-16,True
IB,IBN95 Index,1995,7,1995-07-21,True
IB,IBQ95 Index,1995,8,1995-08-18,True
IB,IBU95 Index,1995,9,1995-09-15,True
IB,IBV95 Index,1995,10,1995-10-20,True
IB,IBX95 Index,1995,11,1995-11-17,True
IB,IBZ95 Index,1995,12,1995-12-15,True
IB,IBF96 Index,1996,1,1996-01-19,True
IB,IBG96 Index,1996,2,1996-02-16,True
IB,IBH96 Index,1996,3,1996-03-15,True
IB,IBJ96 Index,1996,4,1996-04-19,True
IB,IBK96 Index,1996,5,1996-05-17,True
IB,IBM96 Index,1996,6,1996-06-21,True
IB,IBN96 Index,1996,7,1996-07-19,True
IB,IBQ96 Index,1996,8,1996-08-16,True
IB,IBU96 Index,1996,9,1996-09-20,True
IB,IBV96 Index,1996,10,1996-10-18,True
IB,IBX96 Index,1996,11,1996-11-15,True
IB,IBZ96 Index,1996,12,1996-12-20,True
IB,IBF97 Index,1997,1,1997-01-17,True
IB,IBG97 Index,1997,2,1997-02-21,True
IB,IBH97 Index,1997,3,1997-03-21,True
IB,IBJ97 Index,1997,4,1997-04-18,True
IB,IBK97 Index,1997,5,1997-05-16,True
IB,IBM97 Index,1997,6,1997-06-20,True
IB,IBN97 Index,1997,7,1997-07-18,True
IB,IBQ97 Index,1997,8,1997-08-15,True
IB,IBU97 Index,1997,9,1997-09-19,True
IB,IBV97 Index,1997,10,1997-10-17,True
IB,IBX97 Index,1997,11,1997-11-21,True
IB,IBZ97 Index,1997,12,1997-12-19,True
IB,IBF98 Index,1998,1,1998-01-16,True
IB,IBG98 Index,1998,2,1998-02-20,True
IB,IBH98 Index,1998,3,1998-03-20,True
IB,IBJ98 Index,1998,4,1998-04-17,True
IB,IBK98 Index,1998,5,1998-05-15,True
IB,IBM98 Index,1998,6,1998-06-19,True
IB,IBN98 Index,1998,7,1998-07-17,True
IB,IBQ98 Index,1998,8,1998-08-21,True
IB,IBU98 Index,1998,9,1998-09-18,True
IB,IBV98 Index,1998,10,1998-10-16,True
IB,IBX98 Index,1998,11,1998-11-20,True
IB,IBZ98 Index,1998,12,1998-12-18,True
IB,IBF99 Index,1999,1,1999-01-15,True
IB,IBG99 Index,1999,2,1999-02-19,True
IB,IBH99 Index,1999,3,1999-03-19,True
IB,IBJ99 Index,1999,4,1999-04-16,True
IB,IBK99 Index,1999,5,1999-05-21,True
IB,IBM99 Index,1999,6,1999-06-18,True
IB,IBN99 Index,1999,7,1999-07-16,True
IB,IBQ99 Index,1999,8,1999-08-20,True
IB,IBU99 Index,1999,9,1999-09-17,True
IB,IBV99 Index,1999,10,1999-10-15,True
IB,IBX99 Index,1999,11,1999-11-19,True
IB,IBZ99 Index,1999,12,1999-12-17,True
IB,IBF00 Index,2000,1,2000-01-21,True
IB,IBG00 Index,2000,2,2000-02-18,True
IB,IBH00 Index,2000,3,2000-03-17,True
IB,IBJ00 Index,2000,4,2000-04-20,True
IB,IBK00 Index,2000,5,2000-05-19,True
IB,IBM00 Index,2000,6,2000-06-16,True
IB,IBN00 Index,2000,7,2000-07-21,True
IB,IBQ00 Index,2000,8,2000-08-18,True
IB,IBU00 Index,2000,9,2000-09-15,True
IB,IBV00 Index,2000,10,2000-10-20,True
IB,IBX00 Index,2000,11,2000-11-17,True
IB,IBZ00 Index,2000,12,2000-12-15,True
IB,IBF01 Index,2001,1,2001-01-19,True
IB,IBG01 Index,2001,2,2001-02-16,True
IB,IBH01 Index,2001,3,2001-03-16,True
IB,IBJ01 Index,2001,4,2001-04-20,True
IB,IBK01 Index,2001,5,2001-05-18,True
IB,IBM01 Index,2001,6,2001-06-15,True
IB,IBN01 Index,2001,7,2001-07-20,True
IB,IBQ01 Index,2001,8,2001-08-17,True
IB,IBU01 Index,2001,9,2001-09-21,True
IB,IBV01 Index,2001,10,2001-10-19,True
IB,IBX01 Index,2001,11,2001-11-16,True
IB,IBZ01 Index,2001,12,2001-12-21,True
IB,IBF02 Index,2002,1,2002-01-18,True
IB,IBG02 Index,2002,2,2002-02-15,True
IB,IBH02 Index,2002,3,2002-03-15,True
IB,IBJ02 Index,2002,4,2002-04-19,True
IB,IBK02 Index,2002,5,2002-05-17,True
IB,IBM02 Index,2002,6,2002-06-21,True
IB,IBN02 Index,2002,7,2002-07-19,True
IB,IBQ02 Index,2002,8,2002-08-16,True
IB,IBU02 Index,2002,9,2002-09-20,True
IB,IBV02 Index,2002,10,2002-10-18,True
IB,IBX02 Index,2002,11,2002-11-15,True
IB,IBZ02 Index,2002,12,2002-12-20,True
IB,IBF03 Index,2003,1,2003-01-17,True
IB,IBG03 Index,2003,2,2003-02-21,True
IB,IBH03 Index,2003,3,2003-03-21,True
IB,IBJ03 Index,2003,4,2003-04-17,True
IB,IBK03 Index,2003,5,2003-05-16,True
IB,IBM03 Index,2003,6,2003-06-20,True
IB,IBN03 Index,2003,7,2003-07-18,True
IB,IBQ03 Index,2003,8,2003-08-14,True
IB,IBU03 Index,2003,9,2003-09-19,True
IB,IBV03 Index,2003,10,2003-10-17,True
IB,IBX03 Index,2003,11,2003-11-21,True
IB,IBZ03 Index,2003,12,2003-12-19,True
IB,IBF04 Index,2004,1,2004-01-16,True
IB,IBG04 Index,2004,2,2004-02-20,True
IB,IBH04 Index,2004,3,2004-03-19,True
IB,IBJ04 Index,2004,4,2004-04-16,True
IB,IBK04 Index,2004,5,2004-05-21,True
IB,IBM04 Index,2004,6,2004-06-18,True
IB,IBN04 Index,2004,7,2004-07-16,True
IB,IBQ04 Index,2004,8,2004-08-20,True
IB,IBU04 Index,2004,9,2004-09-17,True
IB,IBV04 Index,2004,10,2004-10-15,True
IB,IBX04 Index,2004,11,2004-11-19,True
IB,IBZ04 Index,2004,12,2004-12-17,True
IB,IBF05 Index,2005,1,2005-01-21,True
IB,IBG05 Index,2005,2,2005-02-18,True
IB,IBH05 Index,2005,3,2005-03-18,True
IB,IBJ05 Index,2005,4,2005-04-15,True
IB,IBK05 Index,2005,5,2005-05-20,True
IB,IBM05 Index,2005,6,2005-06-17,True
IB,IBN05 Index,2005,7,2005-07-15,True
IB,IBQ05 Index,2005,8,2005-08-19,True
IB,IBU05 Index,2005,9,2005-09-16,True
IB,IBV05 Index,2005,10,2005-10-21,True
IB,IBX05 Index,2005,11,2005-11-18,True
IB,IBZ05 Index,2005,12,2005-12-16,True
IB,IBF06 Index,2006,1,2006-01-20,True
IB,IBG06 Index,2006,2,2006-02-17,True
IB,IBH06 Index,2006,3,2006-03-17,True
IB,IBJ06 Index,2006,4,2006-04-21,True
IB,IBK06 Index,2006,5,2006-05-19,True
IB,IBM06 Index,2006,6,2006-06-16,True
IB,IBN06 Index,2006,7,2006-07-21,True
IB,IBQ06 Index,2006,8,2006-08-18,True
IB,IBU06 Index,2006,9,2006-09-15,True
IB,IBV06 Index,2006,10,2006-10-20,True
IB,IBX06 Index,2006,11,2006-11-17,True
IB,IBZ06 Index,2006,12,2006-12-15,True
IB,IBF07 Index,2007,1,2007-01-19,True
IB,IBG07 Index,2007,2,2007-02-16,True
IB,IBH07 Index,2007,3,2007-03-16,True
IB,IBJ07 Index,2007,4,2007-04-20,True
IB,IBK07 Index,2007,5,2007-05-18,True
IB,IBM07 Index,2007,6,2007-06-15,True
IB,IBN07 Index,2007,7,2007-07-20,True
IB,IBQ07 Index,2007,8,2007-08-17,True
IB,IBU07 Index,2007,9,2007-09-21,True
IB,IBV07 Index,2007,10,2007-10-19,True
IB,IBX07 Index,2007,11,2007-11-16,True
IB,IBZ07 Index,2007,12,2007-12-21,True
IB,IBF08 Index,2008,1,2008-01-18,True
IB,IBG08 Index,2008,2,2008-02-15,True
IB,IBH08 Index,2008,3,2008-03-20,True
IB,IBJ08 Index,2008,4,2008-04-18,True
IB,IBK08 Index,2008,5,2008-05-16,True
IB,IBM08 Index,2008,6,2008-06-20,True
IB,IBN08 Index,2008,7,2008-07-18,True
IB,IBQ08 Index,2008,8,2008-08-15,True
IB,IBU08 Index,2008,9,2008-09-19,True
IB,IBV08 Index,2008,10,2008-10-17,True
IB,IBX08 Index,2008,11,2008-11-21,True
IB,IBZ08 Index,2008,12,2008-12-19,True
IB,IBF09 Index,2009,1,2009-01-16,True
IB,IBG09 Index,2009,2,2009-02-20,True
IB,IBH09 Index,2009,3,2009-03-20,True
IB,IBJ09 Index,2009,4,2009-04-17,True
IB,IBK09 Index,2009,5,2009-05-15,True
IB,IBM09 Index,2009,6,2009-06-19,True
IB,IBN09 Index,2009,7,2009-07-17,True
IB,IBQ09 Index,2009,8,2009-08-21,True
IB,IBU09 Index,2009,9,2009-09-18,True
IB,IBV09 Index,2009,10,2009-10-16,True
IB,IBX09 Index,2009,11,2009-11-20,True
IB,IBZ09 Index,2009,12,2009-12-18,True
IB,IBF10 Index,2010,1,2010-01-15,True
IB,IBG10 Index,2010,2,2010-02-19,True
IB,IBH10 Index,2010,3,2010-03-19,True
IB,IBJ10 Index,2010,4,2010-04-16,True
IB,IBK10 Index,2010,5,2010-05-21,True
IB,IBM10 Index,2010,6,2010-06-18,True
IB,IBN10 Index,2010,7,2010-07-16,True
IB,IBQ10 Index,2010,8,2010-08-20,True
IB,IBU10 Index,2010,9,2010-09-17,True
IB,IBV10 Index,2010,10,2010-10-15,True
IB,IBX10 Index,2010,11,2010-11-19,True
IB,IBZ10 Index,2010,12,2010-12-17,True
IB,IBF11 Index,2011,1,2011-01-21,True
IB,IBG11 Index,2011,2,2011-02-18,True
IB,IBH11 Index,2011,3,2011-03-18,True
IB,IBJ11 Index,2011,4,2011-04-15,True
IB,IBK11 Index,2011,5,2011-05-20,True
IB,IBM11 Index,2011,6,2011-06-17,True
IB,IBN11 Index,2011,7,2011-07-15,True
IB,IBQ11 Index,2011,8,2011-08-19,True
IB,IBU11 Index,2011,9,2011-09-16,True
IB,IBV11 Index,2011,10,2011-10-21,True
IB,IBX11 Index,2011,11,2011-11-18,True
IB,IBZ11 Index,2011,12,2011-12-16,True
IB,IBF12 Index,2012,1,2012-01-20,True
IB,IBG12 Index,2012,2,2012-02-17,True
IB,IBH12 Index,2012,3,2012-03-16,True
IB,IBJ12 Index,2012,4,2012-04-20,True
IB,IBK12 Index,2012,5,2012-05-18,True
IB,IBM12 Index,2012,6,2012-06-15,True
IB,IBN12 Index,2012,7,2012-07-20,True
IB,IBQ12 Index,2012,8,2012-08-17,True
IB,IBU12 Index,2012,9,2012-09-21,True
IB,IBV12 Index,2012,10,2012-10-19,True
IB,IBX12 Index,2012,11,2012-11-16,True
IB,IBZ12 Index,2012,12,2012-12-21,True
IB,IBF13 Index,2013,1,2013-01-18,True
IB,IBG13 Index,2013,2,2013-02-15,True
IB,IBH13 Index,2013,3,2013-03-15,True
IB,IBJ13 Index,2013,4,2013-04-19,True
IB,IBK13 Index,2013,5,2013-05-17,True
IB,IBM13 Index,2013,6,2013-06-21,True
IB,IBN13 Index,2013,7,2013-07-19,True
IB,IBQ13 Index,2013,8,2013-08-16,True
IB,IBU13 Index,2013,9,2013-09-20,True
IB,IBV13 Index,2013,10,2013-10-18,True
IB,IBX13 Index,2013,11,2013-11-15,True
IB,IBZ13 Index,2013,12,2013-12-20,True
IB,IBF14 Index,2014,1,2014-01-17,True
IB,IBG14 Index,2014,2,2014-02-21,True
IB,IBH14 Index,2014,3,2014-03-21,True
IB,IBJ14 Index,2014,4,2014-04-17,True
IB,IBK14 Index,2014,5,2014-05-16,True
IB,IBM14 Index,2014,6,2014-06-20,True
IB,IBN14 Index,2014,7,2014-07-18,True
IB,IBQ14 Index,2014,8,2014-08-15,True
IB,IBU14 Index,2014,9,2014-09-19,True
IB,IBV14 Index,2014,10,2014-10-17,True
IB,IBX14 Index,2014,11,2014-11-21,True
IB,IBZ14 Index,2014,12,2014-12-19,True
IB,IBF15 Index,2015,1,2015-01-16,True
IB,IBG15 Index,2015,2,2015-02-20,True
IB,IBH15 Index,2015,3,2015-03-20,True
IB,IBJ15 Index,2015,4,2015-04-17,True
IB,IBK15 Index,2015,5,2015-05-15,True
IB,IBM15 Index,2015,6,2015-06-19,True
IB,IBN15 Index,2015,7,2015-07-17,True
IB,IBQ15 Index,2015,8,2015-08-21,True
IB,IBU15 Index,2015,9,2015-09-18,True
IB,IBV15 Index,2015,10,2015-10-16,True
IB,IBX15 Index,2015,11,2015-11-20,True
IB,IBZ15 Index,2015,12,2015-12-18,True
IB,IBF16 Index,2016,1,2016-01-15,True
IB,IBG16 Index,2016,2,2016-02-19,True
IB,IBH16 Index,2016,3,2016-03-18,True
IB,IBJ16 Index,2016,4,2016-04-15,True
IB,IBK16 Index,2016,5,2016-05-20,True
IB,IBM16 Index,2016,6,2016-06-17,True
IB,IBN16 Index,2016,7,2016-07-15,True
IB,IBQ16 Index,2016,8,2016-08-19,True
IB,IBU16 Index,2016,9,2016-09-16,True
IB,IBV16 Index,2016,10,2016-10-21,True
IB,IBX16 Index,2016,11,2016-11-18,True
IB,IBZ16 Index,2016,12,2016-12-16,True
IB,IBF17 Index,2017,1,2017-01-20,True
IB,IBG17 Index,2017,2,2017-02-17,True
IB,IBH17 Index,2017,3,2017-03-17,True
IB,IBJ17 Index,2017,4,2017-04-21,True
IB,IBK17 Index,2017,5,2017-05-19,True
IB,IBM17 Index,2017,6,2017-06-16,True
IB,IBN17 Index,2017,7,2017-07-21,True
IB,IBQ17 Index,2017,8,2017-08-18,True
IB,IBU17 Index,2017,9,2017-09-15,True
IB,IBV17 Index,2017,10,2017-10-20,True
IB,IBX17 Index,2017,11,2017-11-17,True
IB,IBZ17 Index,2017,12,2017-12-15,True
IB,IBF18 Index,2018,1,2018-01-19,True
IB,IBG18 Index,2018,2,2018-02-16,True
IB,IBH18 Index,2018,3,2018-03-16,True
IB,IBJ18 Index,2018,4,2018-04-20,True
IB,IBK18 Index,2018,5,2018-05-18,True
IB,IBM18 Index,2018,6,2018-06-15,True
IB,IBN18 Index,2018,7,2018-07-20,True
IB,IBQ18 Index,2018,8,2018-08-17,True
IB,IBU18 Index,2018,9,2018-09-21,True
IB,IBV18 Index,2018,10,2018-10-19,True
IB,IBX18 Index,2018,11,2018-11-16,True
IB,IBZ18 Index,2018,12,2018-12-21,True
IB,IBF19 Index,2019,1,2019-01-18,True
IB,IBG19 Index,2019,2,2019-02-15,True
IB,IBH19 Index,2019,3,2019-03-15,True
IB,IBJ19 Index,2019,4,2019-04-18,True
IB,IBK19 Index,2019,5,2019-05-17,True
IB,IBM19 Index,2019,6,2019-06-21,True
IB,IBN19 Index,2019,7,2019-07-19,True
IB,IBQ19 Index,2019,8,2019-08-16,True
IB,IBU19 Index,2019,9,2019-09-20,True
IB,IBV19 Index,2019,10,2019-10-18,True
IB,IBX19 Index,2019,11,2019-11-15,True
IB,IBZ19 Index,2019,12,2019-12-20,True
IB,IBF20 Index,2020,1,2020-01-17,True
IB,IBG20 Index,2020,2,2020-02-21,True
IB,IBH20 Index,2020,3,2020-03-20,True
IB,IBJ20 Index,2020,4,2020-04-17,True
IB,IBK20 Index,2020,5,2020-05-15,True
IB,IBM20 Index,2020,6,2020-06-19,True
IB,IBN20 Index,2020,7,2020-07-17,True
IB,IBQ20 Index,2020,8,2020-08-21,True
IB,IBU20 Index,2020,9,2020-09-18,True
IB,IBV20 Index,2020,10,2020-10-16,True
IB,IBX20 Index,2020,11,2020-11-20,True
IB,IBZ20 Index,2020,12,2020-12-18,True
IB,IBF21 Index,2021,1,2021-01-15,True
IB,IBG21 Index,2021,2,2021-02-19,True
IB,IBH21 Index,2021,3,2021-03-19,True
IB,IBJ21 Index,2021,4,2021-04-16,True
IB,IBK21 Index,2021,5,2021-05-21,True
IB,IBM21 Index,2021,6,2021-06-18,True
IB,IBN21 Index,2021,7,2021-07-16,True
IB,IBQ21 Index,2021,8,2021-08-20,True
IB,IBU21 Index,2021,9,2021-09-17,True
IB,IBV21 Index,2021,10,2021-10-15,True
IB,IBX21 Index,2021,11,2021-11-19,True
IB,IBZ21 Index,2021,12,2021-12-17,True
IB,IBF22 Index,2022,1,2022-01-21,True
IB,IBG22 Index,2022,2,2022-02-18,True
IB,IBH22 Index,2022,3,2022-03-18,True
IB,IBJ22 Index,2022,4,2022-04-14,True
IB,IBK22 Index,2022,5,2022-05-20,True
IB,IBM22 Index,2022,6,2022-06-17,True
IB,IBN22 Index,2022,7,2022-07-15,True
IB,IBQ22 Index,2022,8,2022-08-19,True
IB,IBU22 Index,2022,9,2022-09-16,True
IB,IBV22 Index,2022,10,2022-10-21,True
IB,IBX22 Index,2022,11,2022-11-18,True
IB,IBZ22 Index,2022,12,2022-12-16,True
IB,IBF23 Index,2023,1,2023-01-20,True
IB,IBG23 Index,2023,2,2023-02-17,True
IB,IBH23 Index,2023,3,2023-03-17,True
IB,IBJ23 Index,2023,4,2023-04-21,True
IB,IBK23 Index,2023,5,2023-05-19,True
IB,IBM23 Index,2023,6,2023-06-16,True
IB,IBN23 Index,2023,7,2023-07-21,True
IB,IBQ23 Index,2023,8,2023-08-18,True
IB,IBU23 Index,2023,9,2023-09-15,True
IB,IBV23 Index,2023,10,2023-10-20,True
IB,IBX23 Index,2023,11,2023-11-17,True
IB,IBZ23 Index,2023,12,2023-12-15,True
IB,IBF24 Index,2024,1,2024-01-19,True
IB,IBG24 Index,2024,2,2024-02-16,True
IB,IBH24 Index,2024,3,2024-03-15,True
IB,IBJ24 Index,2024,4,2024-04-19,True
IB,IBK24 Index,2024,5,2024-05-17,True
IB,IBM24 Index,2024,6,2024-06-21,True
IB,IBN24 Index,2024,7,2024-07-19,True
IB,IBQ24 Index,2024,8,2024-08-16,True
IB,IBU24 Index,2024,9,2024-09-20,True
IB,IBV24 Index,2024,10,2024-10-18,True
IB,IBX24 Index,2024,11,2024-11-15,True
IB,IBZ24 Index,2024,12,2024-12-20,True
IB,IBF25 Index,2025,1,2025-01-17,True
IB,IBG25 Index,2025,2,2025-02-21,True
IB,IBH25 Index,2025,3,2025-03-21,True
IB,IBJ25 Index,2025,4,2025-04-17,True
IB,IBK25 Index,2025,5,2025-05-16,True
IB,IBM25 Index,2025,6,2025-06-20,True
IB,IBN25 Index,2025,7,2025-07-18,True
IB,IBQ25 Index,2025,8,2025-08-15,True
IB,IBU25 Index,2025,9,2025-09-19,True
IB,IBV25 Index,2025,10,2025-10-17,True
IB,IBX5 Index,2025,11,2025-11-21,True
IB,IBZ5 Index,2025,12,2025-12-19,True
IB,IBF6 Index,2026,1,2026-01-16,True
IB,IBG6 Index,2026,2,2026-02-20,True
IB,IBH6 Index,2026,3,2026-03-20,True
IB,IBJ6 Index,2026,4,2026-04-17,True
IB,IBK6 Index,2026,5,2026-05-15,True
IB,IBM6 Index,2026,6,2026-06-19,True
IB,IBN6 Index,2026,7,2026-07-17,True
IB,IBQ6 Index,2026,8,2026-08-21,True
IB,IBU6 Index,2026,9,2026-09-18,True
IB,IBV6 Index,2026,10,2026-10-16,True
IB,IBX6 Index,2026,11,2026-11-20,True
IB,IBZ6 Index,2026,12,2026-12-18,True
IB,IBH7 Index,2027,3,2027-03-19,True
IB,IBM7 Index,2027,6,2027-06-18,True
IB,IBU7 Index,2027,9,2027-09-17,True
IB,IBZ7 Index,2027,12,2027-12-17,True
IB,IBH8 Index,2028,3,2028-03-17,True
IB,IBM8 Index,2028,6,2028-06-16,True
IB,IBU8 Index,2028,9,2028-09-15,True
IB,IBZ8 Index,2028,12,2028-12-15,True
IB,IBH9 Index,2029,3,2029-03-16,True
IB,IBM9 Index,2029,6,2029-06-15,True
IB,IBZ9 Index,2029,12,2029-12-21,True
IB,IBM0 Index,2030,6,2030-06-21,True
IB,IBZ0 Index,2030,12,2030-12-20,True
IB,IBM1 Index,2031,6,2031-06-20,True
BUX,UOZ97 Index,1997,12,1997-12-15,True
BUX,UOH98 Index,1998,3,1998-03-16,True
BUX,UOM98 Index,1998,6,1998-06-15,True
BUX,UOU98 Index,1998,9,1998-09-15,True
BUX,UOZ98 Index,1998,12,1998-12-15,True
BUX,UOH99 Index,1999,3,1999-03-16,True
BUX,UOM99 Index,1999,6,1999-06-15,True
BUX,UOU99 Index,1999,9,1999-09-15,True
BUX,UOZ99 Index,1999,12,1999-12-15,True
BUX,UOH00 Index,2000,3,2000-03-16,True
BUX,UOM00 Index,2000,6,2000-06-15,True
BUX,UOU00 Index,2000,9,2000-09-15,True
BUX,UOZ00 Index,2000,12,2000-12-15,True
BUX,UOF01 Index,2001,1,2001-01-15,False
BUX,UOG01 Index,2001,2,2001-02-15,False
BUX,UOH01 Index,2001,3,2001-03-16,True
BUX,UOJ01 Index,2001,4,2001-04-17,False
BUX,UOK01 Index,2001,5,2001-05-15,False
BUX,UOM01 Index,2001,6,2001-06-15,True
BUX,UON01 Index,2001,7,2001-07-16,False
BUX,UOQ01 Index,2001,8,2001-08-15,False
BUX,UOU01 Index,2001,9,2001-09-17,True
BUX,UOV01 Index,2001,10,2001-10-15,False
BUX,UOX01 Index,2001,11,2001-11-15,False
BUX,UOZ01 Index,2001,12,2001-12-17,True
BUX,UOF02 Index,2002,1,2002-01-15,False
BUX,UOG02 Index,2002,2,2002-02-15,False
BUX,UOH02 Index,2002,3,2002-03-18,True
BUX,UOJ02 Index,2002,4,2002-04-15,False
BUX,UOK02 Index,2002,5,2002-05-15,False
BUX,UOM02 Index,2002,6,2002-06-17,True
BUX,UON02 Index,2002,7,2002-07-15,False
BUX,UOQ02 Index,2002,8,2002-08-15,False
BUX,UOU02 Index,2002,9,2002-09-16,True
BUX,UOV02 Index,2002,10,2002-10-18,False
BUX,UOX02 Index,2002,11,2002-11-15,False
BUX,UOZ02 Index,2002,12,2002-12-20,True
BUX,UOF03 Index,2003,1,2003-01-17,False
BUX,UOG03 Index,2003,2,2003-02-21,False
BUX,UOH03 Index,2003,3,2003-03-21,True
BUX,UOJ03 Index,2003,4,2003-04-18,False
BUX,UOK03 Index,2003,5,2003-05-16,False
BUX,UOM03 Index,2003,6,2003-06-20,True
BUX,UON03 Index,2003,7,2003-07-18,False
BUX,UOQ03 Index,2003,8,2003-08-15,False
BUX,UOU03 Index,2003,9,2003-09-19,True
BUX,UOV03 Index,2003,10,2003-10-17,False
BUX,UOX03 Index,2003,11,2003-11-21,False
BUX,UOZ03 Index,2003,12,2003-12-19,True
BUX,UOF04 Index,2004,1,2004-01-16,False
BUX,UOG04 Index,2004,2,2004-02-20,False
BUX,UOH04 Index,2004,3,2004-03-19,True
BUX,UOJ04 Index,2004,4,2004-04-16,False
BUX,UOK04 Index,2004,5,2004-05-21,False
BUX,UOM04 Index,2004,6,2004-06-18,True
BUX,UON04 Index,2004,7,2004-07-16,False
BUX,UOQ04 Index,2004,8,2004-08-20,False
BUX,UOU04 Index,2004,9,2004-09-17,True
BUX,UOV04 Index,2004,10,2004-10-15,False
BUX,UOX04 Index,2004,11,2004-11-19,False
BUX,UOZ04 Index,2004,12,2004-12-17,True
BUX,UOF05 Index,2005,1,2005-01-21,False
BUX,UOG05 Index,2005,2,2005-02-18,False
BUX,UOH05 Index,2005,3,2005-03-18,True
BUX,UOJ05 Index,2005,4,2005-04-15,False
BUX,UOK05 Index,2005,5,2005-05-20,False
BUX,UOM05 Index,2005,6,2005-06-17,True
BUX,UON05 Index,2005,7,2005-07-15,False
BUX,UOQ05 Index,2005,8,2005-08-19,False
BUX,UOU05 Index,2005,9,2005-09-16,True
BUX,UOV05 Index,2005,10,2005-10-21,False
BUX,UOX05 Index,2005,11,2005-11-18,False
BUX,UOZ05 Index,2005,12,2005-12-16,True
BUX,UOF06 Index,2006,1,2006-01-20,False
BUX,UOG06 Index,2006,2,2006-02-17,False
BUX,UOH06 Index,2006,3,2006-03-17,True
BUX,UOJ06 Index,2006,4,2006-04-21,False
BUX,UOK06 Index,2006,5,2006-05-19,False
BUX,UOM06 Index,2006,6,2006-06-16,True
BUX,UON06 Index,2006,7,2006-07-21,False
BUX,UOQ06 Index,2006,8,2006-08-18,False
BUX,UOU06 Index,2006,9,2006-09-15,True
BUX,UOV06 Index,2006,10,2006-10-20,False
BUX,UOX06 Index,2006,11,2006-11-17,False
BUX,UOZ06 Index,2006,12,2006-12-15,True
BUX,UOF07 Index,2007,1,2007-01-19,False
BUX,UOG07 Index,2007,2,2007-02-16,False
BUX,UOH07 Index,2007,3,2007-03-16,True
BUX,UOJ07 Index,2007,4,2007-04-20,False
BUX,UOK07 Index,2007,5,2007-05-18,False
BUX,UOM07 Index,2007,6,2007-06-15,True
BUX,UON07 Index,2007,7,2007-07-20,False
BUX,UOQ07 Index,2007,8,2007-08-17,False
BUX,UOU07 Index,2007,9,2007-09-21,True
BUX,UOV07 Index,2007,10,2007-10-19,False
BUX,UOX07 Index,2007,11,2007-11-16,False
BUX,UOZ07 Index,2007,12,2007-12-21,True
BUX,UOF08 Index,2008,1,2008-01-18,False
BUX,UOG08 Index,2008,2,2008-02-15,False
BUX,UOH08 Index,2008,3,2008-03-21,True
BUX,UOJ08 Index,2008,4,2008-04-18,False
BUX,UOK08 Index,2008,5,2008-05-16,False
BUX,UOM08 Index,2008,6,2008-06-20,True
BUX,UON08 Index,2008,7,2008-07-18,False
BUX,UOQ08 Index,2008,8,2008-08-15,False
BUX,UOU08 Index,2008,9,2008-09-19,True
BUX,UOV08 Index,2008,10,2008-10-17,False
BUX,UOX08 Index,2008,11,2008-11-21,False
BUX,UOZ08 Index,2008,12,2008-12-19,True
BUX,UOF09 Index,2009,1,2009-01-16,False
BUX,UOG09 Index,2009,2,2009-02-20,False
BUX,UOH09 Index,2009,3,2009-03-20,True
BUX,UOJ09 Index,2009,4,2009-04-17,False
BUX,UOK09 Index,2009,5,2009-05-15,False
BUX,UOM09 Index,2009,6,2009-06-19,True
BUX,UON09 Index,2009,7,2009-07-17,False
BUX,UOQ09 Index,2009,8,2009-08-19,False
BUX,UOU09 Index,2009,9,2009-09-18,True
BUX,UOV09 Index,2009,10,2009-10-16,False
BUX,UOX09 Index,2009,11,2009-11-20,False
BUX,UOZ09 Index,2009,12,2009-12-18,True
BUX,UOF10 Index,2010,1,2010-01-15,False
BUX,UOG10 Index,2010,2,2010-02-19,False
BUX,UOH10 Index,2010,3,2010-03-19,True
BUX,UOJ10 Index,2010,4,2010-04-16,False
BUX,UOK10 Index,2010,5,2010-05-21,False
BUX,UOM10 Index,2010,6,2010-06-18,True
BUX,UON10 Index,2010,7,2010-07-16,False
BUX,UOQ10 Index,2010,8,2010-08-19,False
BUX,UOU10 Index,2010,9,2010-09-17,True
BUX,UOV10 Index,2010,10,2010-10-15,False
BUX,UOX10 Index,2010,11,2010-11-19,False
BUX,UOZ10 Index,2010,12,2010-12-17,True
BUX,UOF11 Index,2011,1,2011-01-21,False
BUX,UOG11 Index,2011,2,2011-02-18,False
BUX,UOH11 Index,2011,3,2011-03-18,True
BUX,UOJ11 Index,2011,4,2011-04-15,False
BUX,UOK11 Index,2011,5,2011-05-20,False
BUX,UOM11 Index,2011,6,2011-06-17,True
BUX,UON11 Index,2011,7,2011-07-15,False
BUX,UOQ11 Index,2011,8,2011-08-19,False
BUX,UOU11 Index,2011,9,2011-09-16,True
BUX,UOV11 Index,2011,10,2011-10-21,False
BUX,UOX11 Index,2011,11,2011-11-18,False
BUX,UOZ11 Index,2011,12,2011-12-16,True
BUX,UOF12 Index,2012,1,2012-01-20,False
BUX,UOG12 Index,2012,2,2012-02-17,False
BUX,UOH12 Index,2012,3,2012-03-14,True
BUX,UOJ12 Index,2012,4,2012-04-20,False
BUX,UOK12 Index,2012,5,2012-05-18,False
BUX,UOM12 Index,2012,6,2012-06-15,True
BUX,UON12 Index,2012,7,2012-07-20,False
BUX,UOQ12 Index,2012,8,2012-08-17,False
BUX,UOU12 Index,2012,9,2012-09-21,True
BUX,UOV12 Index,2012,10,2012-10-19,False
BUX,UOX12 Index,2012,11,2012-11-16,False
BUX,UOZ12 Index,2012,12,2012-12-21,True
BUX,UOF13 Index,2013,1,2013-01-18,False
BUX,UOG13 Index,2013,2,2013-02-15,False
BUX,UOH13 Index,2013,3,2013-03-14,True
BUX,UOJ13 Index,2013,4,2013-04-19,False
BUX,UOK13 Index,2013,5,2013-05-17,False
BUX,UOM13 Index,2013,6,2013-06-21,True
BUX,UON13 Index,2013,7,2013-07-19,False
BUX,UOQ13 Index,2013,8,2013-08-16,False
BUX,UOU13 Index,2013,9,2013-09-20,True
BUX,UOV13 Index,2013,10,2013-10-18,False
BUX,UOX13 Index,2013,11,2013-11-15,False
BUX,UOZ13 Index,2013,12,2013-12-20,True
BUX,UOF14 Index,2014,1,2014-01-17,False
BUX,UOG14 Index,2014,2,2014-02-21,False
BUX,UOH14 Index,2014,3,2014-03-21,True
BUX,UOJ14 Index,2014,4,2014-04-18,False
BUX,UOK14 Index,2014,5,2014-05-16,False
BUX,UOM14 Index,2014,6,2014-06-20,True
BUX,UON14 Index,2014,7,2014-07-18,False
BUX,UOQ14 Index,2014,8,2014-08-15,False
BUX,UOU14 Index,2014,9,2014-09-19,True
BUX,UOV14 Index,2014,10,2014-10-17,False
BUX,UOX14 Index,2014,11,2014-11-21,False
BUX,UOZ14 Index,2014,12,2014-12-19,True
BUX,UOF15 Index,2015,1,2015-01-16,False
BUX,UOG15 Index,2015,2,2015-02-20,False
BUX,UOH15 Index,2015,3,2015-03-20,True
BUX,UOJ15 Index,2015,4,2015-04-17,False
BUX,UOK15 Index,2015,5,2015-05-15,False
BUX,UOM15 Index,2015,6,2015-06-19,True
BUX,UON15 Index,2015,7,2015-07-17,False
BUX,UOQ15 Index,2015,8,2015-08-19,False
BUX,UOU15 Index,2015,9,2015-09-18,True
BUX,UOV15 Index,2015,10,2015-10-16,False
BUX,UOX15 Index,2015,11,2015-11-20,False
BUX,UOZ15 Index,2015,12,2015-12-18,True
BUX,UOF16 Index,2016,1,2016-01-15,False
BUX,UOG16 Index,2016,2,2016-02-19,False
BUX,UOH16 Index,2016,3,2016-03-18,True
BUX,UOJ16 Index,2016,4,2016-04-15,False
BUX,UOK16 Index,2016,5,2016-05-20,False
BUX,UOM16 Index,2016,6,2016-06-17,True
BUX,UON16 Index,2016,7,2016-07-15,False
BUX,UOQ16 Index,2016,8,2016-08-19,False
BUX,UOU16 Index,2016,9,2016-09-16,True
BUX,UOV16 Index,2016,10,2016-10-21,False
BUX,UOX16 Index,2016,11,2016-11-18,False
BUX,UOZ16 Index,2016,12,2016-12-16,True
BUX,UOF17 Index,2017,1,2017-01-20,False
BUX,UOG17 Index,2017,2,2017-02-17,False
BUX,UOH17 Index,2017,3,2017-03-17,True
BUX,UOJ17 Index,2017,4,2017-04-21,False
BUX,UOK17 Index,2017,5,2017-05-19,False
BUX,UOM17 Index,2017,6,2017-06-16,True
BUX,UON17 Index,2017,7,2017-07-21,False
BUX,UOQ17 Index,2017,8,2017-08-18,False
BUX,UOU17 Index,2017,9,2017-09-15,True
BUX,UOV17 Index,2017,10,2017-10-20,False
BUX,UOX17 Index,2017,11,2017-11-17,False
BUX,UOZ17 Index,2017,12,2017-12-15,True
BUX,UOF18 Index,2018,1,2018-01-19,False
BUX,UOG18 Index,2018,2,2018-02-16,False
BUX,UOH18 Index,2018,3,2018-03-16,True
BUX,UOJ18 Index,2018,4,2018-04-20,False
BUX,UOK18 Index,2018,5,2018-05-18,False
BUX,UOM18 Index,2018,6,2018-06-15,True
BUX,UON18 Index,2018,7,2018-07-20,False
BUX,UOQ18 Index,2018,8,2018-08-17,False
BUX,UOU18 Index,2018,9,2018-09-21,True
BUX,UOV18 Index,2018,10,2018-10-19,False
BUX,UOX18 Index,2018,11,2018-11-16,False
BUX,UOZ18 Index,2018,12,2018-12-21,True
BUX,UOF19 Index,2019,1,2019-01-18,False
BUX,UOG19 Index,2019,2,2019-02-15,False
BUX,UOH19 Index,2019,3,2019-03-14,True
BUX,UOJ19 Index,2019,4,2019-04-18,False
BUX,UOK19 Index,2019,5,2019-05-17,False
BUX,UOM19 Index,2019,6,2019-06-21,True
BUX,UON19 Index,2019,7,2019-07-19,False
BUX,UOQ19 Index,2019,8,2019-08-16,False
BUX,UOU19 Index,2019,9,2019-09-20,True
BUX,UOV19 Index,2019,10,2019-10-18,False
BUX,UOX19 Index,2019,11,2019-11-15,False
BUX,UOZ19 Index,2019,12,2019-12-20,True
BUX,UOF20 Index,2020,1,2020-01-17,False
BUX,UOG20 Index,2020,2,2020-02-21,False
BUX,UOH20 Index,2020,3,2020-03-20,True
BUX,UOJ20 Index,2020,4,2020-04-17,False
BUX,UOK20 Index,2020,5,2020-05-15,False
BUX,UOM20 Index,2020,6,2020-06-19,True
BUX,UON20 Index,2020,7,2020-07-17,False
BUX,UOQ20 Index,2020,8,2020-08-19,False
BUX,UOU20 Index,2020,9,2020-09-18,True
BUX,UOV20 Index,2020,10,2020-10-16,False
BUX,UOX20 Index,2020,11,2020-11-20,False
BUX,UOZ20 Index,2020,12,2020-12-18,True
BUX,UOF21 Index,2021,1,2021-01-15,False
BUX,UOG21 Index,2021,2,2021-02-19,False
BUX,UOH21 Index,2021,3,2021-03-19,True
BUX,UOJ21 Index,2021,4,2021-04-16,False
BUX,UOK21 Index,2021,5,2021-05-21,False
BUX,UOM21 Index,2021,6,2021-06-18,True
BUX,UON21 Index,2021,7,2021-07-16,False
BUX,UOQ21 Index,2021,8,2021-08-19,False
BUX,UOU21 Index,2021,9,2021-09-17,True
BUX,UOV21 Index,2021,10,2021-10-15,False
BUX,UOX21 Index,2021,11,2021-11-19,False
BUX,UOZ21 Index,2021,12,2021-12-17,True
BUX,UOF22 Index,2022,1,2022-01-21,False
BUX,UOG22 Index,2022,2,2022-02-18,False
BUX,UOH22 Index,2022,3,2022-03-18,True
BUX,UOJ22 Index,2022,4,2022-04-14,False
BUX,UOK22 Index,2022,5,2022-05-20,False
BUX,UOM22 Index,2022,6,2022-06-17,True
BUX,UON22 Index,2022,7,2022-07-15,False
BUX,UOQ22 Index,2022,8,2022-08-19,False
BUX,UOU22 Index,2022,9,2022-09-16,True
BUX,UOV22 Index,2022,10,2022-10-21,False
BUX,UOX22 Index,2022,11,2022-11-18,False
BUX,UOZ22 Index,2022,12,2022-12-16,True
BUX,UOF23 Index,2023,1,2023-01-20,False
BUX,UOG23 Index,2023,2,2023-02-17,False
BUX,UOH23 Index,2023,3,2023-03-17,True
BUX,UOJ23 Index,2023,4,2023-04-21,False
BUX,UOK23 Index,2023,5,2023-05-19,False
BUX,UOM23 Index,2023,6,2023-06-16,True
BUX,UON23 Index,2023,7,2023-07-21,False
BUX,UOQ23 Index,2023,8,2023-08-18,False
BUX,UOU23 Index,2023,9,2023-09-15,True
BUX,UOV23 Index,2023,10,2023-10-20,False
BUX,UOX23 Index,2023,11,2023-11-17,False
BUX,UOZ23 Index,2023,12,2023-12-15,True
BUX,UOF24 Index,2024,1,2024-01-19,False
BUX,UOG24 Index,2024,2,2024-02-16,False
BUX,UOH24 Index,2024,3,2024-03-14,True
BUX,UOJ24 Index,2024,4,2024-04-19,False
BUX,UOK24 Index,2024,5,2024-05-17,False
BUX,UOM24 Index,2024,6,2024-06-21,True
BUX,UON24 Index,2024,7,2024-07-19,False
BUX,UOQ24 Index,2024,8,2024-08-16,False
BUX,UOU24 Index,2024,9,2024-09-20,True
BUX,UOV24 Index,2024,10,2024-10-18,False
BUX,UOX24 Index,2024,11,2024-11-15,False
BUX,UOZ24 Index,2024,12,2024-12-20,True
BUX,UOF25 Index,2025,1,2025-01-17,False
BUX,UOG25 Index,2025,2,2025-02-21,False
BUX,UOH25 Index,2025,3,2025-03-21,True
BUX,UOJ25 Index,2025,4,2025-04-17,False
BUX,UOK25 Index,2025,5,2025-05-16,False
BUX,UOM25 Index,2025,6,2025-06-20,True
BUX,UON25 Index,2025,7,2025-07-18,False
BUX,UOQ25 Index,2025,8,2025-08-15,False
BUX,UOU25 Index,2025,9,2025-09-19,True
BUX,UOV25 Index,2025,10,2025-10-17,False
BUX,UOX5 Index,2025,11,2025-11-21,False
BUX,UOZ5 Index,2025,12,2025-12-19,True
BUX,UOF6 Index,2026,1,2026-01-16,False
BUX,UOG6 Index,2026,2,2026-02-20,False
BUX,UOH6 Index,2026,3,2026-03-20,True
BUX,UOJ6 Index,2026,4,2026-04-17,False
BUX,UOK6 Index,2026,5,2026-05-15,False
BUX,UOM6 Index,2026,6,2026-06-19,True
BUX,UON6 Index,2026,7,2026-07-17,False
BUX,UOQ6 Index,2026,8,2026-08-19,False
BUX,UOU6 Index,2026,9,2026-09-18,True
BUX,UOV6 Index,2026,10,2026-10-16,False
BUX,UOX6 Index,2026,11,2026-11-20,False
BUX,UOZ6 Index,2026,12,2026-12-18,True
BUX,UOH7 Index,2027,3,2027-03-19,True
BUX,UOM7 Index,2027,6,2027-06-18,True
BUX,UOU7 Index,2027,9,2027-09-17,True
BUX,UOZ7 Index,2027,12,2027-12-17,True
BUX,UOM8 Index,2028,6,2028-06-16,True
OBX,OIM93 Index,1993,6,1993-06-14,True
OBX,OIN93 Index,1993,7,1993-07-14,True
OBX,OIQ93 Index,1993,8,1993-08-18,True
OBX,OIU93 Index,1993,9,1993-09-15,True
OBX,OIV93 Index,1993,10,1993-10-20,True
OBX,OIX93 Index,1993,11,1993-11-17,True
OBX,OIZ93 Index,1993,12,1993-12-15,True
OBX,OIF94 Index,1994,1,1994-01-19,True
OBX,OIG94 Index,1994,2,1994-02-16,True
OBX,OIH94 Index,1994,3,1994-03-16,True
OBX,OIJ94 Index,1994,4,1994-04-20,True
OBX,OIK94 Index,1994,5,1994-05-18,True
OBX,OIM94 Index,1994,6,1994-06-15,True
OBX,OIN94 Index,1994,7,1994-07-15,True
OBX,OIQ94 Index,1994,8,1994-08-17,True
OBX,OIU94 Index,1994,9,1994-09-14,True
OBX,OIV94 Index,1994,10,1994-10-19,True
OBX,OIX94 Index,1994,11,1994-11-16,True
OBX,OIZ94 Index,1994,12,1994-12-14,True
OBX,OIF95 Index,1995,1,1995-01-18,True
OBX,OIG95 Index,1995,2,1995-02-15,True
OBX,OIH95 Index,1995,3,1995-03-15,True
OBX,OIJ95 Index,1995,4,1995-04-19,True
OBX,OIK95 Index,1995,5,1995-05-17,True
OBX,OIM95 Index,1995,6,1995-06-14,True
OBX,OIN95 Index,1995,7,1995-07-19,True
OBX,OIQ95 Index,1995,8,1995-08-17,True
OBX,OIU95 Index,1995,9,1995-09-21,True
OBX,OIV95 Index,1995,10,1995-10-18,True
OBX,OIX95 Index,1995,11,1995-11-15,True
OBX,OIZ95 Index,1995,12,1995-12-20,True
OBX,OIF96 Index,1996,1,1996-01-17,True
OBX,OIG96 Index,1996,2,1996-02-14,True
OBX,OIH96 Index,1996,3,1996-03-20,True
OBX,OIJ96 Index,1996,4,1996-04-17,True
OBX,OIK96 Index,1996,5,1996-05-15,True
OBX,OIM96 Index,1996,6,1996-06-19,True
OBX,OIN96 Index,1996,7,1996-07-17,True
OBX,OIQ96 Index,1996,8,1996-08-14,True
OBX,OIU96 Index,1996,9,1996-09-18,True
OBX,OIV96 Index,1996,10,1996-10-16,True
OBX,OIX96 Index,1996,11,1996-11-20,True
OBX,OIZ96 Index,1996,12,1996-12-18,True
OBX,OIF97 Index,1997,1,1997-01-15,True
OBX,OIG97 Index,1997,2,1997-02-20,True
OBX,OIH97 Index,1997,3,1997-03-20,True
OBX,OIJ97 Index,1997,4,1997-04-17,True
OBX,OIK97 Index,1997,5,1997-05-15,True
OBX,OIM97 Index,1997,6,1997-06-19,True
OBX,OIN97 Index,1997,7,1997-07-17,True
OBX,OIQ97 Index,1997,8,1997-08-21,True
OBX,OIU97 Index,1997,9,1997-09-18,True
OBX,OIV97 Index,1997,10,1997-10-16,True
OBX,OIX97 Index,1997,11,1997-11-20,True
OBX,OIZ97 Index,1997,12,1997-12-18,True
OBX,OIF98 Index,1998,1,1998-01-15,True
OBX,OIG98 Index,1998,2,1998-02-19,True
OBX,OIH98 Index,1998,3,1998-03-19,True
OBX,OIJ98 Index,1998,4,1998-04-16,True
OBX,OIK98 Index,1998,5,1998-05-20,True
OBX,OIM98 Index,1998,6,1998-06-18,True
OBX,OIN98 Index,1998,7,1998-07-16,True
OBX,OIQ98 Index,1998,8,1998-08-20,True
OBX,OIU98 Index,1998,9,1998-09-17,True
OBX,OIV98 Index,1998,10,1998-10-15,True
OBX,OIX98 Index,1998,11,1998-11-19,True
OBX,OIZ98 Index,1998,12,1998-12-17,True
OBX,OIF99 Index,1999,1,1999-01-21,True
OBX,OIG99 Index,1999,2,1999-02-18,True
OBX,OIH99 Index,1999,3,1999-03-18,True
OBX,OIJ99 Index,1999,4,1999-04-15,True
OBX,OIK99 Index,1999,5,1999-05-20,True
OBX,OIM99 Index,1999,6,1999-06-17,True
OBX,OIN99 Index,1999,7,1999-07-15,True
OBX,OIQ99 Index,1999,8,1999-08-19,True
OBX,OIU99 Index,1999,9,1999-09-16,True
OBX,OIV99 Index,1999,10,1999-10-21,True
OBX,OIX99 Index,1999,11,1999-11-18,True
OBX,OIZ99 Index,1999,12,1999-12-16,True
OBX,OIF00 Index,2000,1,2000-01-20,True
OBX,OIG00 Index,2000,2,2000-02-17,True
OBX,OIH00 Index,2000,3,2000-03-16,True
OBX,OIJ00 Index,2000,4,2000-04-19,True
OBX,OIK00 Index,2000,5,2000-05-18,True
OBX,OIM00 Index,2000,6,2000-06-15,True
OBX,OIN00 Index,2000,7,2000-07-20,True
OBX,OIQ00 Index,2000,8,2000-08-17,True
OBX,OIU00 Index,2000,9,2000-09-21,True
OBX,OIV00 Index,2000,10,2000-10-19,True
OBX,OIX00 Index,2000,11,2000-11-16,True
OBX,OIZ00 Index,2000,12,2000-12-21,True
OBX,OIF01 Index,2001,1,2001-01-18,True
OBX,OIG01 Index,2001,2,2001-02-15,True
OBX,OIH01 Index,2001,3,2001-03-15,True
OBX,OIJ01 Index,2001,4,2001-04-19,True
OBX,OIK01 Index,2001,5,2001-05-16,True
OBX,OIM01 Index,2001,6,2001-06-21,True
OBX,OIN01 Index,2001,7,2001-07-19,True
OBX,OIQ01 Index,2001,8,2001-08-16,True
OBX,OIU01 Index,2001,9,2001-09-20,True
OBX,OIV01 Index,2001,10,2001-10-18,True
OBX,OIX01 Index,2001,11,2001-11-15,True
OBX,OIZ01 Index,2001,12,2001-12-20,True
OBX,OIF02 Index,2002,1,2002-01-17,True
OBX,OIG02 Index,2002,2,2002-02-21,True
OBX,OIH02 Index,2002,3,2002-03-21,True
OBX,OIJ02 Index,2002,4,2002-04-18,True
OBX,OIK02 Index,2002,5,2002-05-16,True
OBX,OIM02 Index,2002,6,2002-06-20,True
OBX,OIN02 Index,2002,7,2002-07-18,True
OBX,OIQ02 Index,2002,8,2002-08-15,True
OBX,OIU02 Index,2002,9,2002-09-19,True
OBX,OIV02 Index,2002,10,2002-10-17,True
OBX,OIX02 Index,2002,11,2002-11-21,True
OBX,OIZ02 Index,2002,12,2002-12-19,True
OBX,OIF03 Index,2003,1,2003-01-16,True
OBX,OIG03 Index,2003,2,2003-02-20,True
OBX,OIH03 Index,2003,3,2003-03-20,True
OBX,OIJ03 Index,2003,4,2003-04-17,True
OBX,OIK03 Index,2003,5,2003-05-15,True
OBX,OIM03 Index,2003,6,2003-06-19,True
OBX,OIN03 Index,2003,7,2003-07-16,True
OBX,OIQ03 Index,2003,8,2003-08-20,True
OBX,OIU03 Index,2003,9,2003-09-18,True
OBX,OIV03 Index,2003,10,2003-10-16,True
OBX,OIX03 Index,2003,11,2003-11-20,True
OBX,OIZ03 Index,2003,12,2003-12-18,True
OBX,OIF04 Index,2004,1,2004-01-15,True
OBX,OIG04 Index,2004,2,2004-02-19,True
OBX,OIH04 Index,2004,3,2004-03-18,True
OBX,OIJ04 Index,2004,4,2004-04-15,True
OBX,OIK04 Index,2004,5,2004-05-19,True
OBX,OIM04 Index,2004,6,2004-06-17,True
OBX,OIN04 Index,2004,7,2004-07-15,True
OBX,OIQ04 Index,2004,8,2004-08-19,True
OBX,OIU04 Index,2004,9,2004-09-16,True
OBX,OIV04 Index,2004,10,2004-10-21,True
OBX,OIX04 Index,2004,11,2004-11-18,True
OBX,OIZ04 Index,2004,12,2004-12-16,True
OBX,OIF05 Index,2005,1,2005-01-20,True
OBX,OIG05 Index,2005,2,2005-02-17,True
OBX,OIH05 Index,2005,3,2005-03-17,True
OBX,OIJ05 Index,2005,4,2005-04-21,True
OBX,OIK05 Index,2005,5,2005-05-19,True
OBX,OIM05 Index,2005,6,2005-06-16,True
OBX,OIN05 Index,2005,7,2005-07-21,True
OBX,OIQ05 Index,2005,8,2005-08-18,True
OBX,OIU05 Index,2005,9,2005-09-15,True
OBX,OIV05 Index,2005,10,2005-10-20,True
OBX,OIX05 Index,2005,11,2005-11-17,True
OBX,OIZ05 Index,2005,12,2005-12-15,True
OBX,OIF06 Index,2006,1,2006-01-19,True
OBX,OIG06 Index,2006,2,2006-02-16,True
OBX,OIH06 Index,2006,3,2006-03-16,True
OBX,OIJ06 Index,2006,4,2006-04-20,True
OBX,OIK06 Index,2006,5,2006-05-18,True
OBX,OIM06 Index,2006,6,2006-06-15,True
OBX,OIN06 Index,2006,7,2006-07-20,True
OBX,OIQ06 Index,2006,8,2006-08-17,True
OBX,OIU06 Index,2006,9,2006-09-21,True
OBX,OIV06 Index,2006,10,2006-10-19,True
OBX,OIX06 Index,2006,11,2006-11-16,True
OBX,OIZ06 Index,2006,12,2006-12-21,True
OBX,OIF07 Index,2007,1,2007-01-18,True
OBX,OIG07 Index,2007,2,2007-02-15,True
OBX,OIH07 Index,2007,3,2007-03-15,True
OBX,OIJ07 Index,2007,4,2007-04-19,True
OBX,OIK07 Index,2007,5,2007-05-17,True
OBX,OIM07 Index,2007,6,2007-06-21,True
OBX,OIN07 Index,2007,7,2007-07-19,True
OBX,OIQ07 Index,2007,8,2007-08-16,True
OBX,OIU07 Index,2007,9,2007-09-20,True
OBX,OIV07 Index,2007,10,2007-10-18,True
OBX,OIX07 Index,2007,11,2007-11-15,True
OBX,OIZ07 Index,2007,12,2007-12-20,True
OBX,OIF08 Index,2008,1,2008-01-17,True
OBX,OIG08 Index,2008,2,2008-02-21,True
OBX,OIH08 Index,2008,3,2008-03-19,True
OBX,OIJ08 Index,2008,4,2008-04-17,True
OBX,OIK08 Index,2008,5,2008-05-15,True
OBX,OIM08 Index,2008,6,2008-06-19,True
OBX,OIN08 Index,2008,7,2008-07-17,True
OBX,OIQ08 Index,2008,8,2008-08-21,True
OBX,OIU08 Index,2008,9,2008-09-18,True
OBX,OIV08 Index,2008,10,2008-10-16,True
OBX,OIX08 Index,2008,11,2008-11-20,True
OBX,OIZ08 Index,2008,12,2008-12-18,True
OBX,OIF09 Index,2009,1,2009-01-15,True
OBX,OIG09 Index,2009,2,2009-02-19,True
OBX,OIH09 Index,2009,3,2009-03-19,True
OBX,OIJ09 Index,2009,4,2009-04-16,True
OBX,OIK09 Index,2009,5,2009-05-20,True
OBX,OIM09 Index,2009,6,2009-06-18,True
OBX,OIN09 Index,2009,7,2009-07-16,True
OBX,OIQ09 Index,2009,8,2009-08-20,True
OBX,OIU09 Index,2009,9,2009-09-17,True
OBX,OIV09 Index,2009,10,2009-10-15,True
OBX,OIX09 Index,2009,11,2009-11-19,True
OBX,OIZ09 Index,2009,12,2009-12-17,True
OBX,OIF10 Index,2010,1,2010-01-21,True
OBX,OIG10 Index,2010,2,2010-02-18,True
OBX,OIH10 Index,2010,3,2010-03-18,True
OBX,OIJ10 Index,2010,4,2010-04-15,True
OBX,OIK10 Index,2010,5,2010-05-20,True
OBX,OIM10 Index,2010,6,2010-06-17,True
OBX,OIN10 Index,2010,7,2010-07-15,True
OBX,OIQ10 Index,2010,8,2010-08-19,True
OBX,OIU10 Index,2010,9,2010-09-16,True
OBX,OIV10 Index,2010,10,2010-10-21,True
OBX,OIX10 Index,2010,11,2010-11-18,True
OBX,OIZ10 Index,2010,12,2010-12-16,True
OBX,OIF11 Index,2011,1,2011-01-20,True
OBX,OIG11 Index,2011,2,2011-02-17,True
OBX,OIH11 Index,2011,3,2011-03-17,True
OBX,OIJ11 Index,2011,4,2011-04-20,True
OBX,OIK11 Index,2011,5,2011-05-19,True
OBX,OIM11 Index,2011,6,2011-06-16,True
OBX,OIN11 Index,2011,7,2011-07-21,True
OBX,OIQ11 Index,2011,8,2011-08-18,True
OBX,OIU11 Index,2011,9,2011-09-15,True
OBX,OIV11 Index,2011,10,2011-10-20,True
OBX,OIX11 Index,2011,11,2011-11-17,True
OBX,OIZ11 Index,2011,12,2011-12-15,True
OBX,OIF12 Index,2012,1,2012-01-19,True
OBX,OIG12 Index,2012,2,2012-02-16,True
OBX,OIH12 Index,2012,3,2012-03-15,True
OBX,OIJ12 Index,2012,4,2012-04-19,True
OBX,OIK12 Index,2012,5,2012-05-16,True
OBX,OIM12 Index,2012,6,2012-06-21,True
OBX,OIN12 Index,2012,7,2012-07-19,True
OBX,OIQ12 Index,2012,8,2012-08-16,True
OBX,OIU12 Index,2012,9,2012-09-20,True
OBX,OIV12 Index,2012,10,2012-10-18,True
OBX,OIX12 Index,2012,11,2012-11-15,True
OBX,OIZ12 Index,2012,12,2012-12-20,True
OBX,OIF13 Index,2013,1,2013-01-17,True
OBX,OIG13 Index,2013,2,2013-02-21,True
OBX,OIH13 Index,2013,3,2013-03-21,True
OBX,OIJ13 Index,2013,4,2013-04-18,True
OBX,OIK13 Index,2013,5,2013-05-16,True
OBX,OIM13 Index,2013,6,2013-06-20,True
OBX,OIN13 Index,2013,7,2013-07-18,True
OBX,OIQ13 Index,2013,8,2013-08-15,True
OBX,OIU13 Index,2013,9,2013-09-19,True
OBX,OIV13 Index,2013,10,2013-10-17,True
OBX,OIX13 Index,2013,11,2013-11-21,True
OBX,OIZ13 Index,2013,12,2013-12-19,True
OBX,OIF14 Index,2014,1,2014-01-16,True
OBX,OIG14 Index,2014,2,2014-02-20,True
OBX,OIH14 Index,2014,3,2014-03-20,True
OBX,OIJ14 Index,2014,4,2014-04-16,True
OBX,OIK14 Index,2014,5,2014-05-15,True
OBX,OIM14 Index,2014,6,2014-06-19,True
OBX,OIN14 Index,2014,7,2014-07-17,True
OBX,OIQ14 Index,2014,8,2014-08-21,True
OBX,OIU14 Index,2014,9,2014-09-18,True
OBX,OIV14 Index,2014,10,2014-10-16,True
OBX,OIX14 Index,2014,11,2014-11-20,True
OBX,OIZ14 Index,2014,12,2014-12-18,True
OBX,OIF15 Index,2015,1,2015-01-15,True
OBX,OIG15 Index,2015,2,2015-02-19,True
OBX,OIH15 Index,2015,3,2015-03-19,True
OBX,OIJ15 Index,2015,4,2015-04-16,True
OBX,OIK15 Index,2015,5,2015-05-21,True
OBX,OIM15 Index,2015,6,2015-06-18,True
OBX,OIN15 Index,2015,7,2015-07-16,True
OBX,OIQ15 Index,2015,8,2015-08-20,True
OBX,OIU15 Index,2015,9,2015-09-17,True
OBX,OIV15 Index,2015,10,2015-10-15,True
OBX,OIX15 Index,2015,11,2015-11-19,True
OBX,OIZ15 Index,2015,12,2015-12-17,True
OBX,OIF16 Index,2016,1,2016-01-21,True
OBX,OIG16 Index,2016,2,2016-02-18,True
OBX,OIH16 Index,2016,3,2016-03-17,True
OBX,OIJ16 Index,2016,4,2016-04-21,True
OBX,OIK16 Index,2016,5,2016-05-19,True
OBX,OIM16 Index,2016,6,2016-06-16,True
OBX,OIN16 Index,2016,7,2016-07-21,True
OBX,OIQ16 Index,2016,8,2016-08-18,True
OBX,OIU16 Index,2016,9,2016-09-15,True
OBX,OIV16 Index,2016,10,2016-10-20,True
OBX,OIX16 Index,2016,11,2016-11-17,True
OBX,OIZ16 Index,2016,12,2016-12-15,True
OBX,OIF17 Index,2017,1,2017-01-19,True
OBX,OIG17 Index,2017,2,2017-02-16,True
OBX,OIH17 Index,2017,3,2017-03-16,True
OBX,OIJ17 Index,2017,4,2017-04-20,True
OBX,OIK17 Index,2017,5,2017-05-18,True
OBX,OIM17 Index,2017,6,2017-06-15,True
OBX,OIN17 Index,2017,7,2017-07-20,True
OBX,OIQ17 Index,2017,8,2017-08-17,True
OBX,OIU17 Index,2017,9,2017-09-21,True
OBX,OIV17 Index,2017,10,2017-10-19,True
OBX,OIX17 Index,2017,11,2017-11-16,True
OBX,OIZ17 Index,2017,12,2017-12-21,True
OBX,OIF18 Index,2018,1,2018-01-19,True
OBX,OIG18 Index,2018,2,2018-02-16,True
OBX,OIH18 Index,2018,3,2018-03-16,True
OBX,OIJ18 Index,2018,4,2018-04-20,True
OBX,OIK18 Index,2018,5,2018-05-18,True
OBX,OIM18 Index,2018,6,2018-06-15,True
OBX,OIN18 Index,2018,7,2018-07-20,True
OBX,OIQ18 Index,2018,8,2018-08-17,True
OBX,OIU18 Index,2018,9,2018-09-21,True
OBX,OIV18 Index,2018,10,2018-10-19,True
OBX,OIX18 Index,2018,11,2018-11-16,True
OBX,OIZ18 Index,2018,12,2018-12-21,True
OBX,OIF19 Index,2019,1,2019-01-18,True
OBX,OIG19 Index,2019,2,2019-02-15,True
OBX,OIH19 Index,2019,3,2019-03-15,True
OBX,OIJ19 Index,2019,4,2019-04-17,True
OBX,OIK19 Index,2019,5,2019-05-16,True
OBX,OIM19 Index,2019,6,2019-06-21,True
OBX,OIN19 Index,2019,7,2019-07-19,True
OBX,OIQ19 Index,2019,8,2019-08-16,True
OBX,OIU19 Index,2019,9,2019-09-20,True
OBX,OIV19 Index,2019,10,2019-10-18,True
OBX,OIX19 Index,2019,11,2019-11-15,True
OBX,OIZ19 Index,2019,12,2019-12-20,True
OBX,OIF20 Index,2020,1,2020-01-17,True
OBX,OIG20 Index,2020,2,2020-02-21,True
OBX,OIH20 Index,2020,3,2020-03-20,True
OBX,OIJ20 Index,2020,4,2020-04-17,True
OBX,OIK20 Index,2020,5,2020-05-15,True
OBX,OIM20 Index,2020,6,2020-06-19,True
OBX,OIN20 Index,2020,7,2020-07-17,True
OBX,OIQ20 Index,2020,8,2020-08-21,True
OBX,OIU20 Index,2020,9,2020-09-18,True
OBX,OIV20 Index,2020,10,2020-10-16,True
OBX,OIX20 Index,2020,11,2020-11-20,True
OBX,OIZ20 Index,2020,12,2020-12-18,True
OBX,OIF21 Index,2021,1,2021-01-15,True
OBX,OIG21 Index,2021,2,2021-02-19,True
OBX,OIH21 Index,2021,3,2021-03-19,True
OBX,OIJ21 Index,2021,4,2021-04-16,True
OBX,OIK21 Index,2021,5,2021-05-21,True
OBX,OIM21 Index,2021,6,2021-06-18,True
OBX,OIN21 Index,2021,7,2021-07-16,True
OBX,OIQ21 Index,2021,8,2021-08-20,True
OBX,OIU21 Index,2021,9,2021-09-17,True
OBX,OIV21 Index,2021,10,2021-10-15,True
OBX,OIX21 Index,2021,11,2021-11-19,True
OBX,OIZ21 Index,2021,12,2021-12-17,True
OBX,OIF22 Index,2022,1,2022-01-21,True
OBX,OIG22 Index,2022,2,2022-02-18,True
OBX,OIH22 Index,2022,3,2022-03-18,True
OBX,OIJ22 Index,2022,4,2022-04-13,True
OBX,OIK22 Index,2022,5,2022-05-20,True
OBX,OIM22 Index,2022,6,2022-06-17,True
OBX,OIN22 Index,2022,7,2022-07-15,True
OBX,OIQ22 Index,2022,8,2022-08-19,True
OBX,OIU22 Index,2022,9,2022-09-16,True
OBX,OIV22 Index,2022,10,2022-10-21,True
OBX,OIX22 Index,2022,11,2022-11-18,True
OBX,OIZ22 Index,2022,12,2022-12-16,True
OBX,OIF23 Index,2023,1,2023-01-20,True
OBX,OIG23 Index,2023,2,2023-02-17,True
OBX,OIH23 Index,2023,3,2023-03-17,True
OBX,OIJ23 Index,2023,4,2023-04-21,True
OBX,OIK23 Index,2023,5,2023-05-19,True
OBX,OIM23 Index,2023,6,2023-06-16,True
OBX,OIN23 Index,2023,7,2023-07-21,True
OBX,OIQ23 Index,2023,8,2023-08-18,True
OBX,OIU23 Index,2023,9,2023-09-15,True
OBX,OIV23 Index,2023,10,2023-10-20,True
OBX,OIX23 Index,2023,11,2023-11-17,True
OBX,OIZ23 Index,2023,12,2023-12-15,True
OBX,OIF24 Index,2024,1,2024-01-19,True
OBX,OIG24 Index,2024,2,2024-02-16,True
OBX,OIH24 Index,2024,3,2024-03-15,True
OBX,OIJ24 Index,2024,4,2024-04-19,True
OBX,OIK24 Index,2024,5,2024-05-16,True
OBX,OIM24 Index,2024,6,2024-06-21,True
OBX,OIN24 Index,2024,7,2024-07-19,True
OBX,OIQ24 Index,2024,8,2024-08-16,True
OBX,OIU24 Index,2024,9,2024-09-20,True
OBX,OIV24 Index,2024,10,2024-10-18,True
OBX,OIX24 Index,2024,11,2024-11-15,True
OBX,OIZ24 Index,2024,12,2024-12-20,True
OBX,OIF25 Index,2025,1,2025-01-17,True
OBX,OIG25 Index,2025,2,2025-02-21,True
OBX,OIH25 Index,2025,3,2025-03-21,True
OBX,OIJ25 Index,2025,4,2025-04-16,True
OBX,OIK25 Index,2025,5,2025-05-16,True
OBX,OIM25 Index,2025,6,2025-06-20,True
OBX,OIN25 Index,2025,7,2025-07-18,True
OBX,OIQ25 Index,2025,8,2025-08-15,True
OBX,OIU25 Index,2025,9,2025-09-19,True
OBX,OIV25 Index,2025,10,2025-10-17,True
OBX,OIX5 Index,2025,11,2025-11-21,True
OBX,OIZ5 Index,2025,12,2025-12-19,True
OBX,OIF6 Index,2026,1,2026-01-16,True
OBX,OIG6 Index,2026,2,2026-02-20,True
OBX,OIH6 Index,2026,3,2026-03-20,True
OBX,OIJ6 Index,2026,4,2026-04-17,True
OBX,OIK6 Index,2026,5,2026-05-15,True
OBX,OIM6 Index,2026,6,2026-06-19,True
OBX,OIN6 Index,2026,7,2026-07-17,True
OBX,OIQ6 Index,2026,8,2026-08-21,True
OBX,OIU6 Index,2026,9,2026-09-18,True
OBX,OIV6 Index,2026,10,2026-10-16,True
OBX,OIX6 Index,2026,11,2026-11-20,True
OBX,OIZ6 Index,2026,12,2026-12-18,True
OBX,OIH7 Index,2027,3,2027-03-19,True
OBX,OIM7 Index,2027,6,2027-06-18,True
OBX,OIU7 Index,2027,9,2027-09-17,True
AI,AIM94 Index,1994,6,1994-06-15,True
AI,AIU94 Index,1994,9,1994-09-15,True
AI,AIZ94 Index,1994,12,1994-12-15,True
AI,AIH95 Index,1995,3,1995-03-15,True
AI,AIM95 Index,1995,6,1995-06-16,True
AI,AIU95 Index,1995,9,1995-09-21,True
AI,AIZ95 Index,1995,12,1995-12-15,True
AI,AIH96 Index,1996,3,1996-03-15,True
AI,AIM96 Index,1996,6,1996-06-18,True
AI,AIU96 Index,1996,9,1996-09-16,True
AI,AIZ96 Index,1996,12,1996-12-16,True
AI,AIH97 Index,1997,3,1997-03-17,True
AI,AIM97 Index,1997,6,1997-06-20,True
AI,AIU97 Index,1997,9,1997-09-19,True
AI,AIZ97 Index,1997,12,1997-12-19,True
AI,AIH98 Index,1998,3,1998-03-20,True
AI,AIM98 Index,1998,6,1998-06-18,True
AI,AIU98 Index,1998,9,1998-09-17,True
AI,AIZ98 Index,1998,12,1998-12-17,True
AI,AIH99 Index,1999,3,1999-03-18,True
AI,AIM99 Index,1999,6,1999-06-17,True
AI,AIU99 Index,1999,9,1999-09-16,True
AI,AIZ99 Index,1999,12,1999-12-15,True
AI,AIH00 Index,2000,3,2000-03-16,True
AI,AIM00 Index,2000,6,2000-06-15,True
AI,AIU00 Index,2000,9,2000-09-21,True
AI,AIZ00 Index,2000,12,2000-12-21,True
AI,AIH01 Index,2001,3,2001-03-15,True
AI,AIM01 Index,2001,6,2001-06-21,True
AI,AIU01 Index,2001,9,2001-09-20,True
AI,AIZ01 Index,2001,12,2001-12-20,True
AI,AIH02 Index,2002,3,2002-03-20,True
AI,AIM02 Index,2002,6,2002-06-20,True
AI,AIU02 Index,2002,9,2002-09-19,True
AI,AIZ02 Index,2002,12,2002-12-19,True
AI,AIH03 Index,2003,3,2003-03-20,True
AI,AIM03 Index,2003,6,2003-06-19,True
AI,AIU03 Index,2003,9,2003-09-18,True
AI,AIZ03 Index,2003,12,2003-12-18,True
AI,AIH04 Index,2004,3,2004-03-18,True
AI,AIM04 Index,2004,6,2004-06-17,True
AI,AIU04 Index,2004,9,2004-09-16,True
AI,AIZ04 Index,2004,12,2004-12-15,True
AI,AIH05 Index,2005,3,2005-03-17,True
AI,AIM05 Index,2005,6,2005-06-15,True
AI,AIU05 Index,2005,9,2005-09-15,True
AI,AIZ05 Index,2005,12,2005-12-15,True
AI,AIH06 Index,2006,3,2006-03-16,True
AI,AIM06 Index,2006,6,2006-06-15,True
AI,AIU06 Index,2006,9,2006-09-21,True
AI,AIZ06 Index,2006,12,2006-12-21,True
AI,AIH07 Index,2007,3,2007-03-15,True
AI,AIM07 Index,2007,6,2007-06-21,True
AI,AIU07 Index,2007,9,2007-09-20,True
AI,AIZ07 Index,2007,12,2007-12-20,True
AI,AIH08 Index,2008,3,2008-03-20,True
AI,AIM08 Index,2008,6,2008-06-19,True
AI,AIU08 Index,2008,9,2008-09-18,True
AI,AIZ08 Index,2008,12,2008-12-18,True
AI,AIH09 Index,2009,3,2009-03-19,True
AI,AIM09 Index,2009,6,2009-06-18,True
AI,AIU09 Index,2009,9,2009-09-17,True
AI,AIZ09 Index,2009,12,2009-12-17,True
AI,AIH10 Index,2010,3,2010-03-18,True
AI,AIM10 Index,2010,6,2010-06-17,True
AI,AIU10 Index,2010,9,2010-09-16,True
AI,AIZ10 Index,2010,12,2010-12-15,True
AI,AIH11 Index,2011,3,2011-03-17,True
AI,AIM11 Index,2011,6,2011-06-15,True
AI,AIU11 Index,2011,9,2011-09-15,True
AI,AIZ11 Index,2011,12,2011-12-15,True
AI,AIH12 Index,2012,3,2012-03-15,True
AI,AIM12 Index,2012,6,2012-06-21,True
AI,AIU12 Index,2012,9,2012-09-20,True
AI,AIZ12 Index,2012,12,2012-12-20,True
AI,AIH13 Index,2013,3,2013-03-20,True
AI,AIM13 Index,2013,6,2013-06-20,True
AI,AIU13 Index,2013,9,2013-09-19,True
AI,AIZ13 Index,2013,12,2013-12-19,True
AI,AIH14 Index,2014,3,2014-03-20,True
AI,AIM14 Index,2014,6,2014-06-19,True
AI,AIU14 Index,2014,9,2014-09-18,True
AI,AIZ14 Index,2014,12,2014-12-18,True
AI,AIH15 Index,2015,3,2015-03-19,True
AI,AIM15 Index,2015,6,2015-06-18,True
AI,AIU15 Index,2015,9,2015-09-17,True
AI,AIZ15 Index,2015,12,2015-12-17,True
AI,AIH16 Index,2016,3,2016-03-17,True
AI,AIM16 Index,2016,6,2016-06-15,True
AI,AIU16 Index,2016,9,2016-09-15,True
AI,AIZ16 Index,2016,12,2016-12-15,True
AI,AIH17 Index,2017,3,2017-03-16,True
AI,AIM17 Index,2017,6,2017-06-15,True
AI,AIU17 Index,2017,9,2017-09-21,True
AI,AIZ17 Index,2017,12,2017-12-21,True
AI,AIH18 Index,2018,3,2018-03-15,True
AI,AIM18 Index,2018,6,2018-06-21,True
AI,AIU18 Index,2018,9,2018-09-20,True
AI,AIZ18 Index,2018,12,2018-12-20,True
AI,AIH19 Index,2019,3,2019-03-20,True
AI,AIM19 Index,2019,6,2019-06-20,True
AI,AIN19 Index,2019,7,2019-07-18,False
AI,AIQ19 Index,2019,8,2019-08-15,False
AI,AIU19 Index,2019,9,2019-09-19,True
AI,AIV19 Index,2019,10,2019-10-17,False
AI,AIX19 Index,2019,11,2019-11-21,False
AI,AIZ19 Index,2019,12,2019-12-19,True
AI,AIF20 Index,2020,1,2020-01-16,False
AI,AIG20 Index,2020,2,2020-02-20,False
AI,AIH20 Index,2020,3,2020-03-19,True
AI,AIJ20 Index,2020,4,2020-04-16,False
AI,AIK20 Index,2020,5,2020-05-21,False
AI,AIM20 Index,2020,6,2020-06-18,True
AI,AIN20 Index,2020,7,2020-07-16,False
AI,AIQ20 Index,2020,8,2020-08-20,False
AI,AIU20 Index,2020,9,2020-09-17,True
AI,AIV20 Index,2020,10,2020-10-15,False
AI,AIX20 Index,2020,11,2020-11-19,False
AI,AIZ20 Index,2020,12,2020-12-17,True
AI,AIF21 Index,2021,1,2021-01-21,False
AI,AIG21 Index,2021,2,2021-02-18,False
AI,AIH21 Index,2021,3,2021-03-18,True
AI,AIJ21 Index,2021,4,2021-04-15,False
AI,AIK21 Index,2021,5,2021-05-20,False
AI,AIM21 Index,2021,6,2021-06-17,True
AI,AIN21 Index,2021,7,2021-07-15,False
AI,AIQ21 Index,2021,8,2021-08-19,False
AI,AIU21 Index,2021,9,2021-09-16,True
AI,AIV21 Index,2021,10,2021-10-21,False
AI,AIX21 Index,2021,11,2021-11-18,False
AI,AIZ21 Index,2021,12,2021-12-15,True
AI,AIF22 Index,2022,1,2022-01-20,False
AI,AIG22 Index,2022,2,2022-02-17,False
AI,AIH22 Index,2022,3,2022-03-17,True
AI,AIJ22 Index,2022,4,2022-04-21,False
AI,AIK22 Index,2022,5,2022-05-19,False
AI,AIM22 Index,2022,6,2022-06-15,True
AI,AIN22 Index,2022,7,2022-07-21,False
AI,AIQ22 Index,2022,8,2022-08-18,False
AI,AIU22 Index,2022,9,2022-09-15,True
AI,AIV22 Index,2022,10,2022-10-20,False
AI,AIX22 Index,2022,11,2022-11-17,False
AI,AIZ22 Index,2022,12,2022-12-15,True
AI,AIF23 Index,2023,1,2023-01-19,False
AI,AIG23 Index,2023,2,2023-02-16,False
AI,AIH23 Index,2023,3,2023-03-16,True
AI,AIJ23 Index,2023,4,2023-04-20,False
AI,AIK23 Index,2023,5,2023-05-18,False
AI,AIM23 Index,2023,6,2023-06-15,True
AI,AIN23 Index,2023,7,2023-07-20,False
AI,AIQ23 Index,2023,8,2023-08-17,False
AI,AIU23 Index,2023,9,2023-09-21,True
AI,AIV23 Index,2023,10,2023-10-19,False
AI,AIX23 Index,2023,11,2023-11-16,False
AI,AIZ23 Index,2023,12,2023-12-21,True
AI,AIF24 Index,2024,1,2024-01-18,False
AI,AIG24 Index,2024,2,2024-02-15,False
AI,AIH24 Index,2024,3,2024-03-20,True
AI,AIJ24 Index,2024,4,2024-04-18,False
AI,AIK24 Index,2024,5,2024-05-16,False
AI,AIM24 Index,2024,6,2024-06-20,True
AI,AIN24 Index,2024,7,2024-07-18,False
AI,AIQ24 Index,2024,8,2024-08-15,False
AI,AIU24 Index,2024,9,2024-09-19,True
AI,AIV24 Index,2024,10,2024-10-17,False
AI,AIX24 Index,2024,11,2024-11-21,False
AI,AIZ24 Index,2024,12,2024-12-19,True
AI,AIF25 Index,2025,1,2025-01-16,False
AI,AIG25 Index,2025,2,2025-02-20,False
AI,AIH25 Index,2025,3,2025-03-20,True
AI,AIJ25 Index,2025,4,2025-04-17,False
AI,AIK25 Index,2025,5,2025-05-15,False
AI,AIM25 Index,2025,6,2025-06-19,True
AI,AIN25 Index,2025,7,2025-07-17,False
AI,AIQ25 Index,2025,8,2025-08-21,False
AI,AIU25 Index,2025,9,2025-09-18,True
AI,AIV25 Index,2025,10,2025-10-16,False
AI,AIX5 Index,2025,11,2025-11-20,False
AI,AIZ5 Index,2025,12,2025-12-18,True
AI,AIF6 Index,2026,1,2026-01-15,False
AI,AIG6 Index,2026,2,2026-02-19,False
AI,AIH6 Index,2026,3,2026-03-19,True
AI,AIJ6 Index,2026,4,2026-04-16,False
AI,AIK6 Index,2026,5,2026-05-21,False
AI,AIM6 Index,2026,6,2026-06-18,True
AI,AIN6 Index,2026,7,2026-07-16,False
AI,AIQ6 Index,2026,8,2026-08-20,False
AI,AIU6 Index,2026,9,2026-09-17,True
AI,AIV6 Index,2026,10,2026-10-15,False
AI,AIX6 Index,2026,11,2026-11-19,False
AI,AIZ6 Index,2026,12,2026-12-17,True
AI,AIF7 Index,2027,1,2027-01-21,False
AI,AIG7 Index,2027,2,2027-02-18,False
AI,AIH7 Index,2027,3,2027-03-18,True
AI,AIJ7 Index,2027,4,2027-04-15,False
AI,AIK7 Index,2027,5,2027-05-20,False
AI,AIM7 Index,2027,6,2027-06-17,True
AI,AIN7 Index,2027,7,2027-07-15,False
AI,AIQ7 Index,2027,8,2027-08-19,False
AI,AIU7 Index,2027,9,2027-09-16,True
AI,AIV7 Index,2027,10,2027-10-21,False
AI,AIZ7 Index,2027,12,2027-12-15,True
AI,AIH8 Index,2028,3,2028-03-16,True
AI,AIM8 Index,2028,6,2028-06-15,True
AI,AIU8 Index,2028,9,2028-09-21,True
AI,AIZ8 Index,2028,12,2028-12-21,True
FTASE,AJV99 Index,1999,10,1999-10-15,True
FTASE,AJX99 Index,1999,11,1999-11-19,True
FTASE,AJZ99 Index,1999,12,1999-12-17,True
FTASE,AJF00 Index,2000,1,2000-01-21,True
FTASE,AJG00 Index,2000,2,2000-02-18,True
FTASE,AJH00 Index,2000,3,2000-03-17,True
FTASE,AJJ00 Index,2000,4,2000-04-21,True
FTASE,AJK00 Index,2000,5,2000-05-19,True
FTASE,AJM00 Index,2000,6,2000-06-16,True
FTASE,AJN00 Index,2000,7,2000-07-21,True
FTASE,AJQ00 Index,2000,8,2000-08-18,True
FTASE,AJU00 Index,2000,9,2000-09-15,True
FTASE,AJV00 Index,2000,10,2000-10-20,True
FTASE,AJX00 Index,2000,11,2000-11-17,True
FTASE,AJZ00 Index,2000,12,2000-12-15,True
FTASE,AJF01 Index,2001,1,2001-01-19,True
FTASE,AJG01 Index,2001,2,2001-02-16,True
FTASE,AJH01 Index,2001,3,2001-03-16,True
FTASE,AJJ01 Index,2001,4,2001-04-20,True
FTASE,AJK01 Index,2001,5,2001-05-18,True
FTASE,AJM01 Index,2001,6,2001-06-15,True
FTASE,AJN01 Index,2001,7,2001-07-20,True
FTASE,AJQ01 Index,2001,8,2001-08-17,True
FTASE,AJU01 Index,2001,9,2001-09-21,True
FTASE,AJV01 Index,2001,10,2001-10-19,True
FTASE,AJX01 Index,2001,11,2001-11-16,True
FTASE,AJZ01 Index,2001,12,2001-12-21,True
FTASE,AJF02 Index,2002,1,2002-01-18,True
FTASE,AJG02 Index,2002,2,2002-02-15,True
FTASE,AJH02 Index,2002,3,2002-03-15,True
FTASE,AJJ02 Index,2002,4,2002-04-19,True
FTASE,AJK02 Index,2002,5,2002-05-17,True
FTASE,AJM02 Index,2002,6,2002-06-21,True
FTASE,AJN02 Index,2002,7,2002-07-19,True
FTASE,AJQ02 Index,2002,8,2002-08-16,True
FTASE,AJU02 Index,2002,9,2002-09-20,True
FTASE,AJV02 Index,2002,10,2002-10-18,True
FTASE,AJX02 Index,2002,11,2002-11-15,True
FTASE,AJZ02 Index,2002,12,2002-12-20,True
FTASE,AJF03 Index,2003,1,2003-01-17,True
FTASE,AJG03 Index,2003,2,2003-02-21,True
FTASE,AJH03 Index,2003,3,2003-03-21,True
FTASE,AJJ03 Index,2003,4,2003-04-18,True
FTASE,AJK03 Index,2003,5,2003-05-16,True
FTASE,AJM03 Index,2003,6,2003-06-20,True
FTASE,AJN03 Index,2003,7,2003-07-18,True
FTASE,AJQ03 Index,2003,8,2003-08-14,True
FTASE,AJU03 Index,2003,9,2003-09-19,True
FTASE,AJV03 Index,2003,10,2003-10-17,True
FTASE,AJX03 Index,2003,11,2003-11-21,True
FTASE,AJZ03 Index,2003,12,2003-12-19,True
FTASE,AJF04 Index,2004,1,2004-01-16,True
FTASE,AJG04 Index,2004,2,2004-02-20,True
FTASE,AJH04 Index,2004,3,2004-03-19,True
FTASE,AJJ04 Index,2004,4,2004-04-16,True
FTASE,AJK04 Index,2004,5,2004-05-21,True
FTASE,AJM04 Index,2004,6,2004-06-18,True
FTASE,AJN04 Index,2004,7,2004-07-16,True
FTASE,AJQ04 Index,2004,8,2004-08-20,True
FTASE,AJU04 Index,2004,9,2004-09-17,True
FTASE,AJV04 Index,2004,10,2004-10-15,True
FTASE,AJX04 Index,2004,11,2004-11-19,True
FTASE,AJZ04 Index,2004,12,2004-12-17,True
FTASE,AJF05 Index,2005,1,2005-01-21,True
FTASE,AJG05 Index,2005,2,2005-02-18,True
FTASE,AJH05 Index,2005,3,2005-03-18,True
FTASE,AJJ05 Index,2005,4,2005-04-15,True
FTASE,AJK05 Index,2005,5,2005-05-20,True
FTASE,AJM05 Index,2005,6,2005-06-17,True
FTASE,AJN05 Index,2005,7,2005-07-15,True
FTASE,AJQ05 Index,2005,8,2005-08-19,True
FTASE,AJU05 Index,2005,9,2005-09-16,True
FTASE,AJV05 Index,2005,10,2005-10-21,True
FTASE,AJX05 Index,2005,11,2005-11-18,True
FTASE,AJZ05 Index,2005,12,2005-12-16,True
FTASE,AJF06 Index,2006,1,2006-01-20,True
FTASE,AJG06 Index,2006,2,2006-02-17,True
FTASE,AJH06 Index,2006,3,2006-03-17,True
FTASE,AJJ06 Index,2006,4,2006-04-20,True
FTASE,AJK06 Index,2006,5,2006-05-19,True
FTASE,AJM06 Index,2006,6,2006-06-16,True
FTASE,AJN06 Index,2006,7,2006-07-21,True
FTASE,AJQ06 Index,2006,8,2006-08-18,True
FTASE,AJU06 Index,2006,9,2006-09-15,True
FTASE,AJV06 Index,2006,10,2006-10-20,True
FTASE,AJX06 Index,2006,11,2006-11-17,True
FTASE,AJZ06 Index,2006,12,2006-12-15,True
FTASE,AJF07 Index,2007,1,2007-01-19,True
FTASE,AJG07 Index,2007,2,2007-02-16,True
FTASE,AJH07 Index,2007,3,2007-03-16,True
FTASE,AJM07 Index,2007,6,2007-06-15,True
FTASE,AJU07 Index,2007,9,2007-09-21,True
FTASE,AJZ07 Index,2007,12,2007-12-21,True
FTASE,AJH08 Index,2008,3,2008-03-21,True
FTASE,AJM08 Index,2008,6,2008-06-20,True
FTASE,AJU08 Index,2008,9,2008-09-19,True
FTASE,AJZ08 Index,2008,12,2008-12-19,True
FTASE,AJH09 Index,2009,3,2009-03-20,True
FTASE,AJJ09 Index,2009,4,2009-04-16,True
FTASE,AJK09 Index,2009,5,2009-05-15,True
FTASE,AJM09 Index,2009,6,2009-06-19,True
FTASE,AJN09 Index,2009,7,2009-07-17,True
FTASE,AJU09 Index,2009,9,2009-09-18,True
FTASE,AJZ09 Index,2009,12,2009-12-18,True
FTASE,AJH10 Index,2010,3,2010-03-19,True
FTASE,AJM10 Index,2010,6,2010-06-18,True
FTASE,AJU10 Index,2010,9,2010-09-17,True
FTASE,AJZ10 Index,2010,12,2010-12-17,True
FTASE,AJH11 Index,2011,3,2011-03-18,True
FTASE,AJM11 Index,2011,6,2011-06-17,True
FTASE,AJU11 Index,2011,9,2011-09-16,True
FTASE,AJZ11 Index,2011,12,2011-12-16,True
FTASE,AJH12 Index,2012,3,2012-03-16,True
FTASE,AJM12 Index,2012,6,2012-06-15,True
FTASE,AJU12 Index,2012,9,2012-09-21,True
FTASE,AJZ12 Index,2012,12,2012-12-21,True
FTASE,AJH13 Index,2013,3,2013-03-15,True
FTASE,AJM13 Index,2013,6,2013-06-21,True
FTASE,AJN13 Index,2013,7,2013-07-19,True
FTASE,AJQ13 Index,2013,8,2013-08-16,True
FTASE,AJU13 Index,2013,9,2013-09-20,True
FTASE,AJV13 Index,2013,10,2013-10-18,True
FTASE,AJX13 Index,2013,11,2013-11-15,True
FTASE,AJZ13 Index,2013,12,2013-12-20,True
FTASE,AJF14 Index,2014,1,2014-01-17,True
FTASE,AJG14 Index,2014,2,2014-02-21,True
FTASE,AJH14 Index,2014,3,2014-03-21,True
FTASE,AJJ14 Index,2014,4,2014-04-17,True
FTASE,AJK14 Index,2014,5,2014-05-16,True
FTASE,AJM14 Index,2014,6,2014-06-20,True
FTASE,AJN14 Index,2014,7,2014-07-18,True
FTASE,AJQ14 Index,2014,8,2014-08-14,True
FTASE,AJU14 Index,2014,9,2014-09-19,True
FTASE,AJV14 Index,2014,10,2014-10-17,True
FTASE,AJX14 Index,2014,11,2014-11-21,True
FTASE,AJZ14 Index,2014,12,2014-12-19,True
FTASE,AJF15 Index,2015,1,2015-01-16,True
FTASE,AJG15 Index,2015,2,2015-02-20,True
FTASE,AJH15 Index,2015,3,2015-03-20,True
FTASE,AJJ15 Index,2015,4,2015-04-17,True
FTASE,AJK15 Index,2015,5,2015-05-15,True
FTASE,AJM15 Index,2015,6,2015-06-19,True
FTASE,AJN15 Index,2015,7,2015-07-17,True
FTASE,AJQ15 Index,2015,8,2015-08-21,True
FTASE,AJU15 Index,2015,9,2015-09-18,True
FTASE,AJV15 Index,2015,10,2015-10-16,True
FTASE,AJX15 Index,2015,11,2015-11-20,True
FTASE,AJZ15 Index,2015,12,2015-12-18,True
FTASE,AJF16 Index,2016,1,2016-01-15,True
FTASE,AJG16 Index,2016,2,2016-02-19,True
FTASE,AJH16 Index,2016,3,2016-03-18,True
FTASE,AJJ16 Index,2016,4,2016-04-15,True
FTASE,AJK16 Index,2016,5,2016-05-20,True
FTASE,AJM16 Index,2016,6,2016-06-17,True
FTASE,AJN16 Index,2016,7,2016-07-15,True
FTASE,AJQ16 Index,2016,8,2016-08-19,True
FTASE,AJU16 Index,2016,9,2016-09-16,True
FTASE,AJV16 Index,2016,10,2016-10-21,True
FTASE,AJX16 Index,2016,11,2016-11-18,True
FTASE,AJZ16 Index,2016,12,2016-12-16,True
FTASE,AJF17 Index,2017,1,2017-01-20,True
FTASE,AJG17 Index,2017,2,2017-02-17,True
FTASE,AJH17 Index,2017,3,2017-03-17,True
FTASE,AJJ17 Index,2017,4,2017-04-21,True
FTASE,AJK17 Index,2017,5,2017-05-19,True
FTASE,AJM17 Index,2017,6,2017-06-16,True
FTASE,AJN17 Index,2017,7,2017-07-21,True
FTASE,AJQ17 Index,2017,8,2017-08-18,True
FTASE,AJU17 Index,2017,9,2017-09-15,True
FTASE,AJV17 Index,2017,10,2017-10-20,True
FTASE,AJX17 Index,2017,11,2017-11-17,True
FTASE,AJZ17 Index,2017,12,2017-12-15,True
FTASE,AJF18 Index,2018,1,2018-01-19,True
FTASE,AJG18 Index,2018,2,2018-02-16,True
FTASE,AJH18 Index,2018,3,2018-03-16,True
FTASE,AJJ18 Index,2018,4,2018-04-20,True
FTASE,AJK18 Index,2018,5,2018-05-18,True
FTASE,AJM18 Index,2018,6,2018-06-15,True
FTASE,AJN18 Index,2018,7,2018-07-20,True
FTASE,AJQ18 Index,2018,8,2018-08-17,True
FTASE,AJU18 Index,2018,9,2018-09-21,True
FTASE,AJV18 Index,2018,10,2018-10-19,True
FTASE,AJX18 Index,2018,11,2018-11-16,True
FTASE,AJZ18 Index,2018,12,2018-12-21,True
FTASE,AJF19 Index,2019,1,2019-01-18,True
FTASE,AJG19 Index,2019,2,2019-02-15,True
FTASE,AJH19 Index,2019,3,2019-03-15,True
FTASE,AJJ19 Index,2019,4,2019-04-18,True
FTASE,AJK19 Index,2019,5,2019-05-17,True
FTASE,AJM19 Index,2019,6,2019-06-21,True
FTASE,AJN19 Index,2019,7,2019-07-19,True
FTASE,AJQ19 Index,2019,8,2019-08-16,True
FTASE,AJU19 Index,2019,9,2019-09-20,True
FTASE,AJV19 Index,2019,10,2019-10-18,True
FTASE,AJX19 Index,2019,11,2019-11-15,True
FTASE,AJZ19 Index,2019,12,2019-12-20,True
FTASE,AJF20 Index,2020,1,2020-01-17,True
FTASE,AJG20 Index,2020,2,2020-02-21,True
FTASE,AJH20 Index,2020,3,2020-03-20,True
FTASE,AJJ20 Index,2020,4,2020-04-16,True
FTASE,AJK20 Index,2020,5,2020-05-15,True
FTASE,AJM20 Index,2020,6,2020-06-19,True
FTASE,AJN20 Index,2020,7,2020-07-17,True
FTASE,AJQ20 Index,2020,8,2020-08-21,True
FTASE,AJU20 Index,2020,9,2020-09-18,True
FTASE,AJV20 Index,2020,10,2020-10-16,True
FTASE,AJX20 Index,2020,11,2020-11-20,True
FTASE,AJZ20 Index,2020,12,2020-12-18,True
FTASE,AJF21 Index,2021,1,2021-01-15,True
FTASE,AJG21 Index,2021,2,2021-02-19,True
FTASE,AJH21 Index,2021,3,2021-03-19,True
FTASE,AJJ21 Index,2021,4,2021-04-16,True
FTASE,AJK21 Index,2021,5,2021-05-21,True
FTASE,AJM21 Index,2021,6,2021-06-18,True
FTASE,AJN21 Index,2021,7,2021-07-16,True
FTASE,AJQ21 Index,2021,8,2021-08-20,True
FTASE,AJU21 Index,2021,9,2021-09-17,True
FTASE,AJV21 Index,2021,10,2021-10-15,True
FTASE,AJX21 Index,2021,11,2021-11-19,True
FTASE,AJZ21 Index,2021,12,2021-12-17,True
FTASE,AJF22 Index,2022,1,2022-01-21,True
FTASE,AJG22 Index,2022,2,2022-02-18,True
FTASE,AJH22 Index,2022,3,2022-03-18,True
FTASE,AJJ22 Index,2022,4,2022-04-14,True
FTASE,AJK22 Index,2022,5,2022-05-20,True
FTASE,AJM22 Index,2022,6,2022-06-17,True
FTASE,AJN22 Index,2022,7,2022-07-15,True
FTASE,AJQ22 Index,2022,8,2022-08-19,True
FTASE,AJU22 Index,2022,9,2022-09-16,True
FTASE,AJV22 Index,2022,10,2022-10-21,True
FTASE,AJX22 Index,2022,11,2022-11-18,True
FTASE,AJZ22 Index,2022,12,2022-12-16,True
FTASE,AJF23 Index,2023,1,2023-01-20,True
FTASE,AJG23 Index,2023,2,2023-02-17,True
FTASE,AJH23 Index,2023,3,2023-03-17,True
FTASE,AJJ23 Index,2023,4,2023-04-21,True
FTASE,AJK23 Index,2023,5,2023-05-19,True
FTASE,AJM23 Index,2023,6,2023-06-16,True
FTASE,AJN23 Index,2023,7,2023-07-21,True
FTASE,AJQ23 Index,2023,8,2023-08-18,True
FTASE,AJU23 Index,2023,9,2023-09-15,True
FTASE,AJV23 Index,2023,10,2023-10-20,True
FTASE,AJX23 Index,2023,11,2023-11-17,True
FTASE,AJZ23 Index,2023,12,2023-12-15,True
FTASE,AJF24 Index,2024,1,2024-01-19,True
FTASE,AJG24 Index,2024,2,2024-02-16,True
FTASE,AJH24 Index,2024,3,2024-03-15,True
FTASE,AJJ24 Index,2024,4,2024-04-19,True
FTASE,AJK24 Index,2024,5,2024-05-17,True
FTASE,AJM24 Index,2024,6,2024-06-21,True
FTASE,AJN24 Index,2024,7,2024-07-19,True
FTASE,AJQ24 Index,2024,8,2024-08-16,True
FTASE,AJU24 Index,2024,9,2024-09-20,True
FTASE,AJV24 Index,2024,10,2024-10-18,True
FTASE,AJX24 Index,2024,11,2024-11-15,True
FTASE,AJZ24 Index,2024,12,2024-12-20,True
FTASE,AJF25 Index,2025,1,2025-01-17,True
FTASE,AJG25 Index,2025,2,2025-02-21,True
FTASE,AJH25 Index,2025,3,2025-03-21,True
FTASE,AJJ25 Index,2025,4,2025-04-17,True
FTASE,AJK25 Index,2025,5,2025-05-16,True
FTASE,AJM25 Index,2025,6,2025-06-20,True
FTASE,AJN25 Index,2025,7,2025-07-18,True
FTASE,AJQ25 Index,2025,8,2025-08-14,True
FTASE,AJU25 Index,2025,9,2025-09-19,True
FTASE,AJV25 Index,2025,10,2025-10-17,True
FTASE,AJX5 Index,2025,11,2025-11-21,True
FTASE,AJZ5 Index,2025,12,2025-12-19,True
FTASE,AJF6 Index,2026,1,2026-01-16,True
FTASE,AJG6 Index,2026,2,2026-02-20,True
FTASE,AJH6 Index,2026,3,2026-03-20,True
FTASE,AJJ6 Index,2026,4,2026-04-17,True
FTASE,AJK6 Index,2026,5,2026-05-15,True
FTASE,AJM6 Index,2026,6,2026-06-19,True
FTASE,AJN6 Index,2026,7,2026-07-17,True
FTASE,AJQ6 Index,2026,8,2026-08-21,True
FTASE,AJU6 Index,2026,9,2026-09-18,True
FTASE,AJV6 Index,2026,10,2026-10-16,True
FTASE,AJX6 Index,2026,11,2026-11-20,True
FTASE,AJZ6 Index,2026,12,2026-12-18,True
FTASE,AJH7 Index,2027,3,2027-03-19,True
FTASE,AJM7 Index,2027,6,2027-06-18,True
FTASE,AJU7 Index,2027,9,2027-09-17,True
NK,NKZ88 Index,1988,12,1988-12-07,True
NK,NKH89 Index,1989,3,1989-03-07,True
NK,NKM89 Index,1989,6,1989-06-07,True
NK,NKU89 Index,1989,9,1989-09-07,True
NK,NKZ89 Index,1989,12,1989-12-07,True
NK,NKH90 Index,1990,3,1990-03-08,True
NK,NKM90 Index,1990,6,1990-06-07,True
NK,NKU90 Index,1990,9,1990-09-13,True
NK,NKZ90 Index,1990,12,1990-12-13,True
NK,NKH91 Index,1991,3,1991-03-07,True
NK,NKM91 Index,1991,6,1991-06-13,True
NK,NKU91 Index,1991,9,1991-09-12,True
NK,NKZ91 Index,1991,12,1991-12-12,True
NK,NKH92 Index,1992,3,1992-03-12,True
NK,NKM92 Index,1992,6,1992-06-11,True
NK,NKU92 Index,1992,9,1992-09-10,True
NK,NKZ92 Index,1992,12,1992-12-10,True
NK,NKH93 Index,1993,3,1993-03-11,True
NK,NKM93 Index,1993,6,1993-06-10,True
NK,NKU93 Index,1993,9,1993-09-09,True
NK,NKZ93 Index,1993,12,1993-12-09,True
NK,NKH94 Index,1994,3,1994-03-10,True
NK,NKM94 Index,1994,6,1994-06-09,True
NK,NKU94 Index,1994,9,1994-09-08,True
NK,NKZ94 Index,1994,12,1994-12-08,True
NK,NKH95 Index,1995,3,1995-03-09,True
NK,NKM95 Index,1995,6,1995-06-08,True
NK,NKU95 Index,1995,9,1995-09-07,True
NK,NKZ95 Index,1995,12,1995-12-07,True
NK,NKH96 Index,1996,3,1996-03-07,True
NK,NKM96 Index,1996,6,1996-06-13,True
NK,NKU96 Index,1996,9,1996-09-12,True
NK,NKZ96 Index,1996,12,1996-12-12,True
NK,NKH97 Index,1997,3,1997-03-13,True
NK,NKM97 Index,1997,6,1997-06-12,True
NK,NKU97 Index,1997,9,1997-09-11,True
NK,NKZ97 Index,1997,12,1997-12-11,True
NK,NKH98 Index,1998,3,1998-03-12,True
NK,NKM98 Index,1998,6,1998-06-11,True
NK,NKU98 Index,1998,9,1998-09-10,True
NK,NKZ98 Index,1998,12,1998-12-10,True
NK,NKH99 Index,1999,3,1999-03-11,True
NK,NKM99 Index,1999,6,1999-06-10,True
NK,NKU99 Index,1999,9,1999-09-09,True
NK,NKZ99 Index,1999,12,1999-12-09,True
NK,NKH00 Index,2000,3,2000-03-09,True
NK,NKM00 Index,2000,6,2000-06-08,True
NK,NKU00 Index,2000,9,2000-09-07,True
NK,NKZ00 Index,2000,12,2000-12-07,True
NK,NKH01 Index,2001,3,2001-03-08,True
NK,NKM01 Index,2001,6,2001-06-07,True
NK,NKU01 Index,2001,9,2001-09-13,True
NK,NKZ01 Index,2001,12,2001-12-13,True
NK,NKH02 Index,2002,3,2002-03-07,True
NK,NKM02 Index,2002,6,2002-06-13,True
NK,NKU02 Index,2002,9,2002-09-12,True
NK,NKZ02 Index,2002,12,2002-12-12,True
NK,NKH03 Index,2003,3,2003-03-13,True
NK,NKM03 Index,2003,6,2003-06-12,True
NK,NKU03 Index,2003,9,2003-09-11,True
NK,NKZ03 Index,2003,12,2003-12-11,True
NK,NKH04 Index,2004,3,2004-03-11,True
NK,NKM04 Index,2004,6,2004-06-10,True
NK,NKU04 Index,2004,9,2004-09-09,True
NK,NKZ04 Index,2004,12,2004-12-09,True
NK,NKH05 Index,2005,3,2005-03-10,True
NK,NKM05 Index,2005,6,2005-06-09,True
NK,NKU05 Index,2005,9,2005-09-08,True
NK,NKZ05 Index,2005,12,2005-12-08,True
NK,NKH06 Index,2006,3,2006-03-09,True
NK,NKM06 Index,2006,6,2006-06-08,True
NK,NKU06 Index,2006,9,2006-09-07,True
NK,NKZ06 Index,2006,12,2006-12-07,True
NK,NKH07 Index,2007,3,2007-03-08,True
NK,NKM07 Index,2007,6,2007-06-07,True
NK,NKU07 Index,2007,9,2007-09-13,True
NK,NKZ07 Index,2007,12,2007-12-13,True
NK,NKH08 Index,2008,3,2008-03-13,True
NK,NKM08 Index,2008,6,2008-06-12,True
NK,NKU08 Index,2008,9,2008-09-11,True
NK,NKZ08 Index,2008,12,2008-12-11,True
NK,NKH09 Index,2009,3,2009-03-12,True
NK,NKM09 Index,2009,6,2009-06-11,True
NK,NKU09 Index,2009,9,2009-09-10,True
NK,NKZ09 Index,2009,12,2009-12-10,True
NK,NKH10 Index,2010,3,2010-03-11,True
NK,NKM10 Index,2010,6,2010-06-10,True
NK,NKU10 Index,2010,9,2010-09-09,True
NK,NKZ10 Index,2010,12,2010-12-09,True
NK,NKH11 Index,2011,3,2011-03-10,True
NK,NKM11 Index,2011,6,2011-06-09,True
NK,NKU11 Index,2011,9,2011-09-08,True
NK,NKZ11 Index,2011,12,2011-12-08,True
NK,NKH12 Index,2012,3,2012-03-08,True
NK,NKM12 Index,2012,6,2012-06-07,True
NK,NKU12 Index,2012,9,2012-09-13,True
NK,NKZ12 Index,2012,12,2012-12-13,True
NK,NKH13 Index,2013,3,2013-03-07,True
NK,NKM13 Index,2013,6,2013-06-13,True
NK,NKU13 Index,2013,9,2013-09-12,True
NK,NKZ13 Index,2013,12,2013-12-12,True
NK,NKH14 Index,2014,3,2014-03-13,True
NK,NKM14 Index,2014,6,2014-06-12,True
NK,NKU14 Index,2014,9,2014-09-11,True
NK,NKZ14 Index,2014,12,2014-12-11,True
NK,NKH15 Index,2015,3,2015-03-12,True
NK,NKM15 Index,2015,6,2015-06-11,True
NK,NKU15 Index,2015,9,2015-09-10,True
NK,NKZ15 Index,2015,12,2015-12-10,True
NK,NKH16 Index,2016,3,2016-03-10,True
NK,NKM16 Index,2016,6,2016-06-09,True
NK,NKU16 Index,2016,9,2016-09-08,True
NK,NKZ16 Index,2016,12,2016-12-08,True
NK,NKH17 Index,2017,3,2017-03-09,True
NK,NKM17 Index,2017,6,2017-06-08,True
NK,NKU17 Index,2017,9,2017-09-07,True
NK,NKZ17 Index,2017,12,2017-12-07,True
NK,NKH18 Index,2018,3,2018-03-08,True
NK,NKM18 Index,2018,6,2018-06-07,True
NK,NKU18 Index,2018,9,2018-09-13,True
NK,NKZ18 Index,2018,12,2018-12-13,True
NK,NKH19 Index,2019,3,2019-03-07,True
NK,NKM19 Index,2019,6,2019-06-13,True
NK,NKU19 Index,2019,9,2019-09-12,True
NK,NKZ19 Index,2019,12,2019-12-12,True
NK,NKH20 Index,2020,3,2020-03-12,True
NK,NKM20 Index,2020,6,2020-06-11,True
NK,NKU20 Index,2020,9,2020-09-10,True
NK,NKZ20 Index,2020,12,2020-12-10,True
NK,NKH21 Index,2021,3,2021-03-11,True
NK,NKM21 Index,2021,6,2021-06-10,True
NK,NKU21 Index,2021,9,2021-09-09,True
NK,NKZ21 Index,2021,12,2021-12-09,True
NK,NKH22 Index,2022,3,2022-03-10,True
NK,NKM22 Index,2022,6,2022-06-09,True
NK,NKU22 Index,2022,9,2022-09-08,True
NK,NKZ22 Index,2022,12,2022-12-08,True
NK,NKH23 Index,2023,3,2023-03-09,True
NK,NKM23 Index,2023,6,2023-06-08,True
NK,NKU23 Index,2023,9,2023-09-07,True
NK,NKZ23 Index,2023,12,2023-12-07,True
NK,NKH24 Index,2024,3,2024-03-07,True
NK,NKM24 Index,2024,6,2024-06-13,True
NK,NKU24 Index,2024,9,2024-09-12,True
NK,NKZ24 Index,2024,12,2024-12-12,True
NK,NKH25 Index,2025,3,2025-03-13,True
NK,NKM25 Index,2025,6,2025-06-12,True
NK,NKU25 Index,2025,9,2025-09-11,True
NK,NKZ5 Index,2025,12,2025-12-11,True
NK,NKH6 Index,2026,3,2026-03-12,True
NK,NKM6 Index,2026,6,2026-06-11,True
NK,NKU6 Index,2026,9,2026-09-10,True
NK,NKZ6 Index,2026,12,2026-12-10,True
NK,NKH7 Index,2027,3,2027-03-11,True
NK,NKM7 Index,2027,6,2027-06-10,True
NK,NKU7 Index,2027,9,2027-09-09,True
NK,NKZ7 Index,2027,12,2027-12-09,True
NK,NKH8 Index,2028,3,2028-03-09,True
NK,NKM8 Index,2028,6,2028-06-08,True
NK,NKZ8 Index,2028,12,2028-12-07,True
NK,NKM9 Index,2029,6,2029-06-07,True
NK,NKZ9 Index,2029,12,2029-12-13,True
NK,NKM0 Index,2030,6,2030-06-13,True
NK,NKZ0 Index,2030,12,2030-12-12,True
NK,NKM1 Index,2031,6,2031-06-12,True
NK,NKZ1 Index,2031,12,2031-12-11,True
NK,NKM2 Index,2032,6,2032-06-10,True
NK,NKZ2 Index,2032,12,2032-12-09,True
NK,NKM3 Index,2033,6,2033-06-09,True
NK,NKZ3 Index,2033,12,2033-12-08,True
NK,NKM4 Index,2034,6,2034-06-08,True
TP,TPM90 Index,1990,6,1990-06-07,True
TP,TPU90 Index,1990,9,1990-09-13,True
TP,TPZ90 Index,1990,12,1990-12-13,True
TP,TPH91 Index,1991,3,1991-03-06,True
TP,TPM91 Index,1991,6,1991-06-12,True
TP,TPU91 Index,1991,9,1991-09-11,True
TP,TPZ91 Index,1991,12,1991-12-12,True
TP,TPH92 Index,1992,3,1992-03-12,True
TP,TPM92 Index,1992,6,1992-06-11,True
TP,TPU92 Index,1992,9,1992-09-10,True
TP,TPZ92 Index,1992,12,1992-12-10,True
TP,TPH93 Index,1993,3,1993-03-11,True
TP,TPM93 Index,1993,6,1993-06-10,True
TP,TPU93 Index,1993,9,1993-09-09,True
TP,TPZ93 Index,1993,12,1993-12-09,True
TP,TPH94 Index,1994,3,1994-03-10,True
TP,TPM94 Index,1994,6,1994-06-09,True
TP,TPU94 Index,1994,9,1994-09-08,True
TP,TPZ94 Index,1994,12,1994-12-08,True
TP,TPH95 Index,1995,3,1995-03-09,True
TP,TPM95 Index,1995,6,1995-06-08,True
TP,TPU95 Index,1995,9,1995-09-07,True
TP,TPZ95 Index,1995,12,1995-12-07,True
TP,TPH96 Index,1996,3,1996-03-07,True
TP,TPM96 Index,1996,6,1996-06-13,True
TP,TPU96 Index,1996,9,1996-09-12,True
TP,TPZ96 Index,1996,12,1996-12-12,True
TP,TPH97 Index,1997,3,1997-03-13,True
TP,TPM97 Index,1997,6,1997-06-12,True
TP,TPU97 Index,1997,9,1997-09-11,True
TP,TPZ97 Index,1997,12,1997-12-11,True
TP,TPH98 Index,1998,3,1998-03-12,True
TP,TPM98 Index,1998,6,1998-06-11,True
TP,TPU98 Index,1998,9,1998-09-10,True
TP,TPZ98 Index,1998,12,1998-12-10,True
TP,TPH99 Index,1999,3,1999-03-11,True
TP,TPM99 Index,1999,6,1999-06-10,True
TP,TPU99 Index,1999,9,1999-09-09,True
TP,TPZ99 Index,1999,12,1999-12-09,True
TP,TPH00 Index,2000,3,2000-03-09,True
TP,TPM00 Index,2000,6,2000-06-08,True
TP,TPU00 Index,2000,9,2000-09-07,True
TP,TPZ00 Index,2000,12,2000-12-07,True
TP,TPH01 Index,2001,3,2001-03-08,True
TP,TPM01 Index,2001,6,2001-06-07,True
TP,TPU01 Index,2001,9,2001-09-13,True
TP,TPZ01 Index,2001,12,2001-12-13,True
TP,TPH02 Index,2002,3,2002-03-07,True
TP,TPM02 Index,2002,6,2002-06-13,True
TP,TPU02 Index,2002,9,2002-09-12,True
TP,TPZ02 Index,2002,12,2002-12-12,True
TP,TPH03 Index,2003,3,2003-03-13,True
TP,TPM03 Index,2003,6,2003-06-12,True
TP,TPU03 Index,2003,9,2003-09-11,True
TP,TPZ03 Index,2003,12,2003-12-11,True
TP,TPH04 Index,2004,3,2004-03-11,True
TP,TPM04 Index,2004,6,2004-06-10,True
TP,TPU04 Index,2004,9,2004-09-09,True
TP,TPZ04 Index,2004,12,2004-12-09,True
TP,TPH05 Index,2005,3,2005-03-10,True
TP,TPM05 Index,2005,6,2005-06-09,True
TP,TPU05 Index,2005,9,2005-09-08,True
TP,TPZ05 Index,2005,12,2005-12-08,True
TP,TPH06 Index,2006,3,2006-03-09,True
TP,TPM06 Index,2006,6,2006-06-08,True
TP,TPU06 Index,2006,9,2006-09-07,True
TP,TPZ06 Index,2006,12,2006-12-07,True
TP,TPH07 Index,2007,3,2007-03-08,True
TP,TPM07 Index,2007,6,2007-06-07,True
TP,TPU07 Index,2007,9,2007-09-13,True
TP,TPZ07 Index,2007,12,2007-12-13,True
TP,TPH08 Index,2008,3,2008-03-13,True
TP,TPM08 Index,2008,6,2008-06-12,True
TP,TPU08 Index,2008,9,2008-09-11,True
TP,TPZ08 Index,2008,12,2008-12-11,True
TP,TPH09 Index,2009,3,2009-03-12,True
TP,TPM09 Index,2009,6,2009-06-11,True
TP,TPU09 Index,2009,9,2009-09-10,True
TP,TPZ09 Index,2009,12,2009-12-10,True
TP,TPH10 Index,2010,3,2010-03-11,True
TP,TPM10 Index,2010,6,2010-06-10,True
TP,TPU10 Index,2010,9,2010-09-09,True
TP,TPZ10 Index,2010,12,2010-12-09,True
TP,TPH11 Index,2011,3,2011-03-10,True
TP,TPM11 Index,2011,6,2011-06-09,True
TP,TPU11 Index,2011,9,2011-09-08,True
TP,TPZ11 Index,2011,12,2011-12-08,True
TP,TPH12 Index,2012,3,2012-03-08,True
TP,TPM12 Index,2012,6,2012-06-07,True
TP,TPU12 Index,2012,9,2012-09-13,True
TP,TPZ12 Index,2012,12,2012-12-13,True
TP,TPH13 Index,2013,3,2013-03-07,True
TP,TPM13 Index,2013,6,2013-06-13,True
TP,TPU13 Index,2013,9,2013-09-12,True
TP,TPZ13 Index,2013,12,2013-12-12,True
TP,TPH14 Index,2014,3,2014-03-13,True
TP,TPM14 Index,2014,6,2014-06-12,True
TP,TPU14 Index,2014,9,2014-09-11,True
TP,TPZ14 Index,2014,12,2014-12-11,True
TP,TPH15 Index,2015,3,2015-03-12,True
TP,TPM15 Index,2015,6,2015-06-11,True
TP,TPU15 Index,2015,9,2015-09-10,True
TP,TPZ15 Index,2015,12,2015-12-10,True
TP,TPH16 Index,2016,3,2016-03-10,True
TP,TPM16 Index,2016,6,2016-06-09,True
TP,TPU16 Index,2016,9,2016-09-08,True
TP,TPZ16 Index,2016,12,2016-12-08,True
TP,TPH17 Index,2017,3,2017-03-09,True
TP,TPM17 Index,2017,6,2017-06-08,True
TP,TPU17 Index,2017,9,2017-09-07,True
TP,TPZ17 Index,2017,12,2017-12-07,True
TP,TPH18 Index,2018,3,2018-03-08,True
TP,TPM18 Index,2018,6,2018-06-07,True
TP,TPU18 Index,2018,9,2018-09-13,True
TP,TPZ18 Index,2018,12,2018-12-13,True
TP,TPH19 Index,2019,3,2019-03-07,True
TP,TPM19 Index,2019,6,2019-06-13,True
TP,TPU19 Index,2019,9,2019-09-12,True
TP,TPZ19 Index,2019,12,2019-12-12,True
TP,TPH20 Index,2020,3,2020-03-12,True
TP,TPM20 Index,2020,6,2020-06-11,True
TP,TPU20 Index,2020,9,2020-09-10,True
TP,TPZ20 Index,2020,12,2020-12-10,True
TP,TPH21 Index,2021,3,2021-03-11,True
TP,TPM21 Index,2021,6,2021-06-10,True
TP,TPU21 Index,2021,9,2021-09-09,True
TP,TPZ21 Index,2021,12,2021-12-09,True
TP,TPH22 Index,2022,3,2022-03-10,True
TP,TPM22 Index,2022,6,2022-06-09,True
TP,TPU22 Index,2022,9,2022-09-08,True
TP,TPZ22 Index,2022,12,2022-12-08,True
TP,TPH23 Index,2023,3,2023-03-09,True
TP,TPM23 Index,2023,6,2023-06-08,True
TP,TPU23 Index,2023,9,2023-09-07,True
TP,TPZ23 Index,2023,12,2023-12-07,True
TP,TPH24 Index,2024,3,2024-03-07,True
TP,TPM24 Index,2024,6,2024-06-13,True
TP,TPU24 Index,2024,9,2024-09-12,True
TP,TPZ24 Index,2024,12,2024-12-12,True
TP,TPH25 Index,2025,3,2025-03-13,True
TP,TPM25 Index,2025,6,2025-06-12,True
TP,TPU25 Index,2025,9,2025-09-11,True
TP,TPZ5 Index,2025,12,2025-12-11,True
TP,TPH6 Index,2026,3,2026-03-12,True
TP,TPM6 Index,2026,6,2026-06-11,True
TP,TPU6 Index,2026,9,2026-09-10,True
TP,TPZ6 Index,2026,12,2026-12-10,True
TP,TPH7 Index,2027,3,2027-03-11,True
TP,TPM7 Index,2027,6,2027-06-10,True
TP,TPU7 Index,2027,9,2027-09-09,True
TP,TPZ7 Index,2027,12,2027-12-09,True
TP,TPH8 Index,2028,3,2028-03-09,True
TP,TPM8 Index,2028,6,2028-06-08,True
TP,TPZ8 Index,2028,12,2028-12-07,True
TP,TPM9 Index,2029,6,2029-06-07,True
TP,TPZ9 Index,2029,12,2029-12-13,True
TP,TPM0 Index,2030,6,2030-06-13,True
TP,TPZ0 Index,2030,12,2030-12-12,True
TP,TPM1 Index,2031,6,2031-06-12,True
XP,XPM00 Index,2000,6,2000-06-30,True
XP,XPU00 Index,2000,9,2000-09-29,True
XP,XPZ00 Index,2000,12,2000-12-29,True
XP,XPH01 Index,2001,3,2001-03-30,True
XP,XPM01 Index,2001,6,2001-06-29,True
XP,XPU01 Index,2001,9,2001-09-28,True
XP,XPZ01 Index,2001,12,2001-12-31,True
XP,XPH02 Index,2002,3,2002-03-28,True
XP,XPM02 Index,2002,6,2002-06-28,True
XP,XPU02 Index,2002,9,2002-09-30,True
XP,XPZ02 Index,2002,12,2002-12-19,True
XP,XPH03 Index,2003,3,2003-03-31,True
XP,XPM03 Index,2003,6,2003-06-19,True
XP,XPU03 Index,2003,9,2003-09-18,True
XP,XPZ03 Index,2003,12,2003-12-18,True
XP,XPH04 Index,2004,3,2004-03-18,True
XP,XPM04 Index,2004,6,2004-06-17,True
XP,XPU04 Index,2004,9,2004-09-16,True
XP,XPZ04 Index,2004,12,2004-12-16,True
XP,XPH05 Index,2005,3,2005-03-17,True
XP,XPM05 Index,2005,6,2005-06-16,True
XP,XPU05 Index,2005,9,2005-09-15,True
XP,XPZ05 Index,2005,12,2005-12-15,True
XP,XPH06 Index,2006,3,2006-03-16,True
XP,XPM06 Index,2006,6,2006-06-15,True
XP,XPU06 Index,2006,9,2006-09-21,True
XP,XPV06 Index,2006,10,2006-10-19,False
XP,XPX06 Index,2006,11,2006-11-16,False
XP,XPZ06 Index,2006,12,2006-12-21,True
XP,XPF07 Index,2007,1,2007-01-18,False
XP,XPG07 Index,2007,2,2007-02-15,False
XP,XPH07 Index,2007,3,2007-03-15,True
XP,XPJ07 Index,2007,4,2007-04-19,False
XP,XPK07 Index,2007,5,2007-05-17,False
XP,XPM07 Index,2007,6,2007-06-21,True
XP,XPN07 Index,2007,7,2007-07-19,False
XP,XPQ07 Index,2007,8,2007-08-16,False
XP,XPU07 Index,2007,9,2007-09-20,True
XP,XPV07 Index,2007,10,2007-10-18,False
XP,XPX07 Index,2007,11,2007-11-15,False
XP,XPZ07 Index,2007,12,2007-12-20,True
XP,XPF08 Index,2008,1,2008-01-17,False
XP,XPH08 Index,2008,3,2008-03-20,True
XP,XPM08 Index,2008,6,2008-06-19,True
XP,XPU08 Index,2008,9,2008-09-18,True
XP,XPZ08 Index,2008,12,2008-12-18,True
XP,XPH09 Index,2009,3,2009-03-19,True
XP,XPM09 Index,2009,6,2009-06-18,True
XP,XPU09 Index,2009,9,2009-09-17,True
XP,XPZ09 Index,2009,12,2009-12-17,True
XP,XPH10 Index,2010,3,2010-03-18,True
XP,XPM10 Index,2010,6,2010-06-17,True
XP,XPN10 Index,2010,7,2010-07-15,False
XP,XPQ10 Index,2010,8,2010-08-19,False
XP,XPU10 Index,2010,9,2010-09-16,True
XP,XPV10 Index,2010,10,2010-10-21,False
XP,XPX10 Index,2010,11,2010-11-18,False
XP,XPZ10 Index,2010,12,2010-12-16,True
XP,XPF11 Index,2011,1,2011-01-20,False
XP,XPG11 Index,2011,2,2011-02-17,False
XP,XPH11 Index,2011,3,2011-03-17,True
XP,XPJ11 Index,2011,4,2011-04-21,False
XP,XPK11 Index,2011,5,2011-05-19,False
XP,XPM11 Index,2011,6,2011-06-16,True
XP,XPN11 Index,2011,7,2011-07-21,False
XP,XPQ11 Index,2011,8,2011-08-18,False
XP,XPU11 Index,2011,9,2011-09-15,True
XP,XPV11 Index,2011,10,2011-10-20,False
XP,XPX11 Index,2011,11,2011-11-17,False
XP,XPZ11 Index,2011,12,2011-12-15,True
XP,XPF12 Index,2012,1,2012-01-19,False
XP,XPG12 Index,2012,2,2012-02-16,False
XP,XPH12 Index,2012,3,2012-03-15,True
XP,XPJ12 Index,2012,4,2012-04-19,False
XP,XPK12 Index,2012,5,2012-05-17,False
XP,XPM12 Index,2012,6,2012-06-21,True
XP,XPN12 Index,2012,7,2012-07-19,False
XP,XPQ12 Index,2012,8,2012-08-16,False
XP,XPU12 Index,2012,9,2012-09-20,True
XP,XPV12 Index,2012,10,2012-10-18,False
XP,XPX12 Index,2012,11,2012-11-15,False
XP,XPZ12 Index,2012,12,2012-12-20,True
XP,XPF13 Index,2013,1,2013-01-17,False
XP,XPG13 Index,2013,2,2013-02-21,False
XP,XPH13 Index,2013,3,2013-03-21,True
XP,XPJ13 Index,2013,4,2013-04-18,False
XP,XPK13 Index,2013,5,2013-05-16,False
XP,XPM13 Index,2013,6,2013-06-20,True
XP,XPN13 Index,2013,7,2013-07-18,False
XP,XPQ13 Index,2013,8,2013-08-15,False
XP,XPU13 Index,2013,9,2013-09-19,True
XP,XPV13 Index,2013,10,2013-10-17,False
XP,XPX13 Index,2013,11,2013-11-21,False
XP,XPZ13 Index,2013,12,2013-12-19,True
XP,XPF14 Index,2014,1,2014-01-16,False
XP,XPG14 Index,2014,2,2014-02-20,False
XP,XPH14 Index,2014,3,2014-03-20,True
XP,XPJ14 Index,2014,4,2014-04-17,False
XP,XPK14 Index,2014,5,2014-05-15,False
XP,XPM14 Index,2014,6,2014-06-19,True
XP,XPN14 Index,2014,7,2014-07-17,False
XP,XPQ14 Index,2014,8,2014-08-21,False
XP,XPU14 Index,2014,9,2014-09-18,True
XP,XPV14 Index,2014,10,2014-10-16,False
XP,XPX14 Index,2014,11,2014-11-20,False
XP,XPZ14 Index,2014,12,2014-12-18,True
XP,XPF15 Index,2015,1,2015-01-15,False
XP,XPG15 Index,2015,2,2015-02-19,False
XP,XPH15 Index,2015,3,2015-03-19,True
XP,XPJ15 Index,2015,4,2015-04-16,False
XP,XPK15 Index,2015,5,2015-05-21,False
XP,XPM15 Index,2015,6,2015-06-18,True
XP,XPN15 Index,2015,7,2015-07-16,False
XP,XPQ15 Index,2015,8,2015-08-20,False
XP,XPU15 Index,2015,9,2015-09-17,True
XP,XPV15 Index,2015,10,2015-10-15,False
XP,XPX15 Index,2015,11,2015-11-19,False
XP,XPZ15 Index,2015,12,2015-12-17,True
XP,XPF16 Index,2016,1,2016-01-21,False
XP,XPG16 Index,2016,2,2016-02-18,False
XP,XPH16 Index,2016,3,2016-03-17,True
XP,XPJ16 Index,2016,4,2016-04-21,False
XP,XPK16 Index,2016,5,2016-05-19,False
XP,XPM16 Index,2016,6,2016-06-16,True
XP,XPN16 Index,2016,7,2016-07-21,False
XP,XPQ16 Index,2016,8,2016-08-18,False
XP,XPU16 Index,2016,9,2016-09-15,True
XP,XPV16 Index,2016,10,2016-10-20,False
XP,XPX16 Index,2016,11,2016-11-17,False
XP,XPZ16 Index,2016,12,2016-12-15,True
XP,XPF17 Index,2017,1,2017-01-19,False
XP,XPG17 Index,2017,2,2017-02-16,False
XP,XPH17 Index,2017,3,2017-03-16,True
XP,XPJ17 Index,2017,4,2017-04-20,False
XP,XPK17 Index,2017,5,2017-05-18,False
XP,XPM17 Index,2017,6,2017-06-15,True
XP,XPN17 Index,2017,7,2017-07-20,False
XP,XPQ17 Index,2017,8,2017-08-17,False
XP,XPU17 Index,2017,9,2017-09-21,True
XP,XPV17 Index,2017,10,2017-10-19,False
XP,XPX17 Index,2017,11,2017-11-16,False
XP,XPZ17 Index,2017,12,2017-12-21,True
XP,XPF18 Index,2018,1,2018-01-18,False
XP,XPG18 Index,2018,2,2018-02-15,False
XP,XPH18 Index,2018,3,2018-03-15,True
XP,XPJ18 Index,2018,4,2018-04-19,False
XP,XPK18 Index,2018,5,2018-05-17,False
XP,XPM18 Index,2018,6,2018-06-21,True
XP,XPN18 Index,2018,7,2018-07-19,False
XP,XPQ18 Index,2018,8,2018-08-16,False
XP,XPU18 Index,2018,9,2018-09-20,True
XP,XPV18 Index,2018,10,2018-10-18,False
XP,XPX18 Index,2018,11,2018-11-15,False
XP,XPZ18 Index,2018,12,2018-12-20,True
XP,XPF19 Index,2019,1,2019-01-17,False
XP,XPG19 Index,2019,2,2019-02-21,False
XP,XPH19 Index,2019,3,2019-03-21,True
XP,XPJ19 Index,2019,4,2019-04-18,False
XP,XPK19 Index,2019,5,2019-05-16,False
XP,XPM19 Index,2019,6,2019-06-20,True
XP,XPN19 Index,2019,7,2019-07-18,False
XP,XPQ19 Index,2019,8,2019-08-15,False
XP,XPU19 Index,2019,9,2019-09-19,True
XP,XPV19 Index,2019,10,2019-10-17,False
XP,XPX19 Index,2019,11,2019-11-21,False
XP,XPZ19 Index,2019,12,2019-12-19,True
XP,XPF20 Index,2020,1,2020-01-16,False
XP,XPG20 Index,2020,2,2020-02-20,False
XP,XPH20 Index,2020,3,2020-03-19,True
XP,XPJ20 Index,2020,4,2020-04-16,False
XP,XPK20 Index,2020,5,2020-05-21,False
XP,XPM20 Index,2020,6,2020-06-18,True
XP,XPN20 Index,2020,7,2020-07-16,False
XP,XPQ20 Index,2020,8,2020-08-20,False
XP,XPU20 Index,2020,9,2020-09-17,True
XP,XPV20 Index,2020,10,2020-10-15,False
XP,XPX20 Index,2020,11,2020-11-19,False
XP,XPZ20 Index,2020,12,2020-12-17,True
XP,XPF21 Index,2021,1,2021-01-21,False
XP,XPG21 Index,2021,2,2021-02-18,False
XP,XPH21 Index,2021,3,2021-03-18,True
XP,XPJ21 Index,2021,4,2021-04-15,False
XP,XPK21 Index,2021,5,2021-05-20,False
XP,XPM21 Index,2021,6,2021-06-17,True
XP,XPN21 Index,2021,7,2021-07-15,False
XP,XPQ21 Index,2021,8,2021-08-19,False
XP,XPU21 Index,2021,9,2021-09-16,True
XP,XPV21 Index,2021,10,2021-10-21,False
XP,XPX21 Index,2021,11,2021-11-18,False
XP,XPZ21 Index,2021,12,2021-12-16,True
XP,XPF22 Index,2022,1,2022-01-20,False
XP,XPG22 Index,2022,2,2022-02-17,False
XP,XPH22 Index,2022,3,2022-03-17,True
XP,XPJ22 Index,2022,4,2022-04-21,False
XP,XPK22 Index,2022,5,2022-05-19,False
XP,XPM22 Index,2022,6,2022-06-16,True
XP,XPN22 Index,2022,7,2022-07-21,False
XP,XPQ22 Index,2022,8,2022-08-18,False
XP,XPU22 Index,2022,9,2022-09-15,True
XP,XPV22 Index,2022,10,2022-10-20,False
XP,XPX22 Index,2022,11,2022-11-17,False
XP,XPZ22 Index,2022,12,2022-12-15,True
XP,XPF23 Index,2023,1,2023-01-19,False
XP,XPG23 Index,2023,2,2023-02-16,False
XP,XPH23 Index,2023,3,2023-03-16,True
XP,XPJ23 Index,2023,4,2023-04-20,False
XP,XPK23 Index,2023,5,2023-05-18,False
XP,XPM23 Index,2023,6,2023-06-15,True
XP,XPN23 Index,2023,7,2023-07-20,False
XP,XPQ23 Index,2023,8,2023-08-17,False
XP,XPU23 Index,2023,9,2023-09-21,True
XP,XPV23 Index,2023,10,2023-10-19,False
XP,XPX23 Index,2023,11,2023-11-16,False
XP,XPZ23 Index,2023,12,2023-12-21,True
XP,XPF24 Index,2024,1,2024-01-18,False
XP,XPG24 Index,2024,2,2024-02-15,False
XP,XPH24 Index,2024,3,2024-03-21,True
XP,XPJ24 Index,2024,4,2024-04-18,False
XP,XPK24 Index,2024,5,2024-05-16,False
XP,XPM24 Index,2024,6,2024-06-20,True
XP,XPN24 Index,2024,7,2024-07-18,False
XP,XPQ24 Index,2024,8,2024-08-15,False
XP,XPU24 Index,2024,9,2024-09-19,True
XP,XPV24 Index,2024,10,2024-10-17,False
XP,XPX24 Index,2024,11,2024-11-21,False
XP,XPZ24 Index,2024,12,2024-12-19,True
XP,XPF25 Index,2025,1,2025-01-16,False
XP,XPG25 Index,2025,2,2025-02-20,False
XP,XPH25 Index,2025,3,2025-03-20,True
XP,XPJ25 Index,2025,4,2025-04-17,False
XP,XPK25 Index,2025,5,2025-05-15,False
XP,XPM25 Index,2025,6,2025-06-19,True
XP,XPN25 Index,2025,7,2025-07-17,False
XP,XPQ25 Index,2025,8,2025-08-21,False
XP,XPU25 Index,2025,9,2025-09-18,True
XP,XPV25 Index,2025,10,2025-10-16,False
XP,XPX5 Index,2025,11,2025-11-20,False
XP,XPZ5 Index,2025,12,2025-12-18,True
XP,XPF6 Index,2026,1,2026-01-15,False
XP,XPG6 Index,2026,2,2026-02-19,False
XP,XPH6 Index,2026,3,2026-03-19,True
XP,XPJ6 Index,2026,4,2026-04-16,False
XP,XPK6 Index,2026,5,2026-05-21,False
XP,XPM6 Index,2026,6,2026-06-18,True
XP,XPN6 Index,2026,7,2026-07-16,False
XP,XPQ6 Index,2026,8,2026-08-20,False
XP,XPU6 Index,2026,9,2026-09-17,True
XP,XPV6 Index,2026,10,2026-10-15,False
XP,XPX6 Index,2026,11,2026-11-19,False
XP,XPZ6 Index,2026,12,2026-12-17,True
XP,XPH7 Index,2027,3,2027-03-18,True
XP,XPM7 Index,2027,6,2027-06-17,True
XP,XPU7 Index,2027,9,2027-09-16,True
XP,XPZ7 Index,2027,12,2027-12-16,True
XP,XPH8 Index,2028,3,2028-03-16,True
HI,HIJ92 Index,1992,4,1992-04-29,True
HI,HIK92 Index,1992,5,1992-05-28,True
HI,HIM92 Index,1992,6,1992-06-29,True
HI,HIN92 Index,1992,7,1992-07-30,True
HI,HIQ92 Index,1992,8,1992-08-27,True
HI,HIU92 Index,1992,9,1992-09-29,True
HI,HIV92 Index,1992,10,1992-10-29,True
HI,HIX92 Index,1992,11,1992-11-27,True
HI,HIZ92 Index,1992,12,1992-12-30,True
HI,HIF93 Index,1993,1,1993-01-28,True
HI,HIG93 Index,1993,2,1993-02-25,True
HI,HIH93 Index,1993,3,1993-03-30,True
HI,HIJ93 Index,1993,4,1993-04-29,True
HI,HIK93 Index,1993,5,1993-05-28,True
HI,HIM93 Index,1993,6,1993-06-29,True
HI,HIN93 Index,1993,7,1993-07-29,True
HI,HIQ93 Index,1993,8,1993-08-27,True
HI,HIU93 Index,1993,9,1993-09-29,True
HI,HIV93 Index,1993,10,1993-10-28,True
HI,HIX93 Index,1993,11,1993-11-29,True
HI,HIZ93 Index,1993,12,1993-12-30,True
HI,HIF94 Index,1994,1,1994-01-28,True
HI,HIG94 Index,1994,2,1994-02-25,True
HI,HIH94 Index,1994,3,1994-03-30,True
HI,HIJ94 Index,1994,4,1994-04-28,True
HI,HIK94 Index,1994,5,1994-05-30,True
HI,HIM94 Index,1994,6,1994-06-29,True
HI,HIN94 Index,1994,7,1994-07-28,True
HI,HIQ94 Index,1994,8,1994-08-30,True
HI,HIU94 Index,1994,9,1994-09-29,True
HI,HIV94 Index,1994,10,1994-10-28,True
HI,HIX94 Index,1994,11,1994-11-29,True
HI,HIZ94 Index,1994,12,1994-12-29,True
HI,HIF95 Index,1995,1,1995-01-27,True
HI,HIG95 Index,1995,2,1995-02-27,True
HI,HIH95 Index,1995,3,1995-03-30,True
HI,HIJ95 Index,1995,4,1995-04-27,True
HI,HIK95 Index,1995,5,1995-05-30,True
HI,HIM95 Index,1995,6,1995-06-29,True
HI,HIN95 Index,1995,7,1995-07-28,True
HI,HIQ95 Index,1995,8,1995-08-30,True
HI,HIU95 Index,1995,9,1995-09-28,True
HI,HIV95 Index,1995,10,1995-10-30,True
HI,HIX95 Index,1995,11,1995-11-29,True
HI,HIZ95 Index,1995,12,1995-12-28,True
HI,HIF96 Index,1996,1,1996-01-30,True
HI,HIG96 Index,1996,2,1996-02-28,True
HI,HIH96 Index,1996,3,1996-03-28,True
HI,HIJ96 Index,1996,4,1996-04-29,True
HI,HIK96 Index,1996,5,1996-05-30,True
HI,HIM96 Index,1996,6,1996-06-27,True
HI,HIN96 Index,1996,7,1996-07-30,True
HI,HIQ96 Index,1996,8,1996-08-29,True
HI,HIU96 Index,1996,9,1996-09-27,True
HI,HIV96 Index,1996,10,1996-10-30,True
HI,HIX96 Index,1996,11,1996-11-28,True
HI,HIZ96 Index,1996,12,1996-12-30,True
HI,HIF97 Index,1997,1,1997-01-30,True
HI,HIG97 Index,1997,2,1997-02-27,True
HI,HIH97 Index,1997,3,1997-03-26,True
HI,HIJ97 Index,1997,4,1997-04-29,True
HI,HIK97 Index,1997,5,1997-05-29,True
HI,HIM97 Index,1997,6,1997-06-26,True
HI,HIN97 Index,1997,7,1997-07-30,True
HI,HIQ97 Index,1997,8,1997-08-28,True
HI,HIU97 Index,1997,9,1997-09-29,True
HI,HIV97 Index,1997,10,1997-10-30,True
HI,HIX97 Index,1997,11,1997-11-27,True
HI,HIZ97 Index,1997,12,1997-12-30,True
HI,HIF98 Index,1998,1,1998-01-27,True
HI,HIG98 Index,1998,2,1998-02-26,True
HI,HIH98 Index,1998,3,1998-03-30,True
HI,HIJ98 Index,1998,4,1998-04-29,True
HI,HIK98 Index,1998,5,1998-05-28,True
HI,HIM98 Index,1998,6,1998-06-29,True
HI,HIN98 Index,1998,7,1998-07-30,True
HI,HIQ98 Index,1998,8,1998-08-28,True
HI,HIU98 Index,1998,9,1998-09-29,True
HI,HIV98 Index,1998,10,1998-10-29,True
HI,HIX98 Index,1998,11,1998-11-27,True
HI,HIZ98 Index,1998,12,1998-12-30,True
HI,HIF99 Index,1999,1,1999-01-28,True
HI,HIG99 Index,1999,2,1999-02-25,True
HI,HIH99 Index,1999,3,1999-03-30,True
HI,HIJ99 Index,1999,4,1999-04-29,True
HI,HIK99 Index,1999,5,1999-05-28,True
HI,HIM99 Index,1999,6,1999-06-29,True
HI,HIN99 Index,1999,7,1999-07-29,True
HI,HIQ99 Index,1999,8,1999-08-30,True
HI,HIU99 Index,1999,9,1999-09-29,True
HI,HIV99 Index,1999,10,1999-10-28,True
HI,HIX99 Index,1999,11,1999-11-29,True
HI,HIZ99 Index,1999,12,1999-12-29,True
HI,HIF00 Index,2000,1,2000-01-28,True
HI,HIG00 Index,2000,2,2000-02-28,True
HI,HIH00 Index,2000,3,2000-03-30,True
HI,HIJ00 Index,2000,4,2000-04-27,True
HI,HIK00 Index,2000,5,2000-05-30,True
HI,HIM00 Index,2000,6,2000-06-29,True
HI,HIN00 Index,2000,7,2000-07-28,True
HI,HIQ00 Index,2000,8,2000-08-30,True
HI,HIU00 Index,2000,9,2000-09-28,True
HI,HIV00 Index,2000,10,2000-10-30,True
HI,HIX00 Index,2000,11,2000-11-29,True
HI,HIZ00 Index,2000,12,2000-12-28,True
HI,HIF01 Index,2001,1,2001-01-30,True
HI,HIG01 Index,2001,2,2001-02-27,True
HI,HIH01 Index,2001,3,2001-03-29,True
HI,HIJ01 Index,2001,4,2001-04-26,True
HI,HIK01 Index,2001,5,2001-05-30,True
HI,HIM01 Index,2001,6,2001-06-28,True
HI,HIN01 Index,2001,7,2001-07-30,True
HI,HIQ01 Index,2001,8,2001-08-30,True
HI,HIU01 Index,2001,9,2001-09-27,True
HI,HIV01 Index,2001,10,2001-10-30,True
HI,HIX01 Index,2001,11,2001-11-29,True
HI,HIZ01 Index,2001,12,2001-12-28,True
HI,HIF02 Index,2002,1,2002-01-30,True
HI,HIG02 Index,2002,2,2002-02-27,True
HI,HIH02 Index,2002,3,2002-03-27,True
HI,HIJ02 Index,2002,4,2002-04-29,True
HI,HIK02 Index,2002,5,2002-05-30,True
HI,HIM02 Index,2002,6,2002-06-27,True
HI,HIN02 Index,2002,7,2002-07-30,True
HI,HIQ02 Index,2002,8,2002-08-29,True
HI,HIU02 Index,2002,9,2002-09-27,True
HI,HIV02 Index,2002,10,2002-10-30,True
HI,HIX02 Index,2002,11,2002-11-28,True
HI,HIZ02 Index,2002,12,2002-12-30,True
HI,HIF03 Index,2003,1,2003-01-29,True
HI,HIG03 Index,2003,2,2003-02-27,True
HI,HIH03 Index,2003,3,2003-03-28,True
HI,HIJ03 Index,2003,4,2003-04-29,True
HI,HIK03 Index,2003,5,2003-05-29,True
HI,HIM03 Index,2003,6,2003-06-27,True
HI,HIN03 Index,2003,7,2003-07-30,True
HI,HIQ03 Index,2003,8,2003-08-28,True
HI,HIU03 Index,2003,9,2003-09-29,True
HI,HIV03 Index,2003,10,2003-10-30,True
HI,HIX03 Index,2003,11,2003-11-27,True
HI,HIZ03 Index,2003,12,2003-12-30,True
HI,HIF04 Index,2004,1,2004-01-29,True
HI,HIG04 Index,2004,2,2004-02-26,True
HI,HIH04 Index,2004,3,2004-03-30,True
HI,HIJ04 Index,2004,4,2004-04-29,True
HI,HIK04 Index,2004,5,2004-05-28,True
HI,HIM04 Index,2004,6,2004-06-29,True
HI,HIN04 Index,2004,7,2004-07-29,True
HI,HIQ04 Index,2004,8,2004-08-30,True
HI,HIU04 Index,2004,9,2004-09-28,True
HI,HIV04 Index,2004,10,2004-10-28,True
HI,HIX04 Index,2004,11,2004-11-29,True
HI,HIZ04 Index,2004,12,2004-12-30,True
HI,HIF05 Index,2005,1,2005-01-28,True
HI,HIG05 Index,2005,2,2005-02-25,True
HI,HIH05 Index,2005,3,2005-03-30,True
HI,HIJ05 Index,2005,4,2005-04-28,True
HI,HIK05 Index,2005,5,2005-05-30,True
HI,HIM05 Index,2005,6,2005-06-29,True
HI,HIN05 Index,2005,7,2005-07-28,True
HI,HIQ05 Index,2005,8,2005-08-30,True
HI,HIU05 Index,2005,9,2005-09-29,True
HI,HIV05 Index,2005,10,2005-10-28,True
HI,HIX05 Index,2005,11,2005-11-29,True
HI,HIZ05 Index,2005,12,2005-12-29,True
HI,HIF06 Index,2006,1,2006-01-26,True
HI,HIG06 Index,2006,2,2006-02-27,True
HI,HIH06 Index,2006,3,2006-03-30,True
HI,HIJ06 Index,2006,4,2006-04-27,True
HI,HIK06 Index,2006,5,2006-05-29,True
HI,HIM06 Index,2006,6,2006-06-29,True
HI,HIN06 Index,2006,7,2006-07-28,True
HI,HIQ06 Index,2006,8,2006-08-30,True
HI,HIU06 Index,2006,9,2006-09-28,True
HI,HIV06 Index,2006,10,2006-10-27,True
HI,HIX06 Index,2006,11,2006-11-29,True
HI,HIZ06 Index,2006,12,2006-12-28,True
HI,HIF07 Index,2007,1,2007-01-30,True
HI,HIG07 Index,2007,2,2007-02-27,True
HI,HIH07 Index,2007,3,2007-03-29,True
HI,HIJ07 Index,2007,4,2007-04-27,True
HI,HIK07 Index,2007,5,2007-05-30,True
HI,HIM07 Index,2007,6,2007-06-28,True
HI,HIN07 Index,2007,7,2007-07-30,True
HI,HIQ07 Index,2007,8,2007-08-30,True
HI,HIU07 Index,2007,9,2007-09-27,True
HI,HIV07 Index,2007,10,2007-10-30,True
HI,HIX07 Index,2007,11,2007-11-29,True
HI,HIZ07 Index,2007,12,2007-12-28,True
HI,HIF08 Index,2008,1,2008-01-30,True
HI,HIG08 Index,2008,2,2008-02-28,True
HI,HIH08 Index,2008,3,2008-03-28,True
HI,HIJ08 Index,2008,4,2008-04-29,True
HI,HIK08 Index,2008,5,2008-05-29,True
HI,HIM08 Index,2008,6,2008-06-27,True
HI,HIN08 Index,2008,7,2008-07-30,True
HI,HIQ08 Index,2008,8,2008-08-28,True
HI,HIU08 Index,2008,9,2008-09-29,True
HI,HIV08 Index,2008,10,2008-10-30,True
HI,HIX08 Index,2008,11,2008-11-27,True
HI,HIZ08 Index,2008,12,2008-12-30,True
HI,HIF09 Index,2009,1,2009-01-29,True
HI,HIG09 Index,2009,2,2009-02-26,True
HI,HIH09 Index,2009,3,2009-03-30,True
HI,HIJ09 Index,2009,4,2009-04-29,True
HI,HIK09 Index,2009,5,2009-05-27,True
HI,HIM09 Index,2009,6,2009-06-29,True
HI,HIN09 Index,2009,7,2009-07-30,True
HI,HIQ09 Index,2009,8,2009-08-28,True
HI,HIU09 Index,2009,9,2009-09-29,True
HI,HIV09 Index,2009,10,2009-10-29,True
HI,HIX09 Index,2009,11,2009-11-27,True
HI,HIZ09 Index,2009,12,2009-12-30,True
HI,HIF10 Index,2010,1,2010-01-28,True
HI,HIG10 Index,2010,2,2010-02-25,True
HI,HIH10 Index,2010,3,2010-03-30,True
HI,HIJ10 Index,2010,4,2010-04-29,True
HI,HIK10 Index,2010,5,2010-05-28,True
HI,HIM10 Index,2010,6,2010-06-29,True
HI,HIN10 Index,2010,7,2010-07-29,True
HI,HIQ10 Index,2010,8,2010-08-30,True
HI,HIU10 Index,2010,9,2010-09-29,True
HI,HIV10 Index,2010,10,2010-10-28,True
HI,HIX10 Index,2010,11,2010-11-29,True
HI,HIZ10 Index,2010,12,2010-12-30,True
HI,HIF11 Index,2011,1,2011-01-28,True
HI,HIG11 Index,2011,2,2011-02-25,True
HI,HIH11 Index,2011,3,2011-03-30,True
HI,HIJ11 Index,2011,4,2011-04-28,True
HI,HIK11 Index,2011,5,2011-05-30,True
HI,HIM11 Index,2011,6,2011-06-29,True
HI,HIN11 Index,2011,7,2011-07-28,True
HI,HIQ11 Index,2011,8,2011-08-30,True
HI,HIU11 Index,2011,9,2011-09-29,True
HI,HIV11 Index,2011,10,2011-10-28,True
HI,HIX11 Index,2011,11,2011-11-29,True
HI,HIZ11 Index,2011,12,2011-12-29,True
HI,HIF12 Index,2012,1,2012-01-30,True
HI,HIG12 Index,2012,2,2012-02-28,True
HI,HIH12 Index,2012,3,2012-03-29,True
HI,HIJ12 Index,2012,4,2012-04-27,True
HI,HIK12 Index,2012,5,2012-05-30,True
HI,HIM12 Index,2012,6,2012-06-28,True
HI,HIN12 Index,2012,7,2012-07-30,True
HI,HIQ12 Index,2012,8,2012-08-30,True
HI,HIU12 Index,2012,9,2012-09-27,True
HI,HIV12 Index,2012,10,2012-10-30,True
HI,HIX12 Index,2012,11,2012-11-29,True
HI,HIZ12 Index,2012,12,2012-12-28,True
HI,HIF13 Index,2013,1,2013-01-30,True
HI,HIG13 Index,2013,2,2013-02-27,True
HI,HIH13 Index,2013,3,2013-03-27,True
HI,HIJ13 Index,2013,4,2013-04-29,True
HI,HIK13 Index,2013,5,2013-05-30,True
HI,HIM13 Index,2013,6,2013-06-27,True
HI,HIN13 Index,2013,7,2013-07-30,True
HI,HIQ13 Index,2013,8,2013-08-29,True
HI,HIU13 Index,2013,9,2013-09-27,True
HI,HIV13 Index,2013,10,2013-10-30,True
HI,HIX13 Index,2013,11,2013-11-28,True
HI,HIZ13 Index,2013,12,2013-12-30,True
HI,HIF14 Index,2014,1,2014-01-29,True
HI,HIG14 Index,2014,2,2014-02-27,True
HI,HIH14 Index,2014,3,2014-03-28,True
HI,HIJ14 Index,2014,4,2014-04-29,True
HI,HIK14 Index,2014,5,2014-05-29,True
HI,HIM14 Index,2014,6,2014-06-27,True
HI,HIN14 Index,2014,7,2014-07-30,True
HI,HIQ14 Index,2014,8,2014-08-28,True
HI,HIU14 Index,2014,9,2014-09-29,True
HI,HIV14 Index,2014,10,2014-10-30,True
HI,HIX14 Index,2014,11,2014-11-27,True
HI,HIZ14 Index,2014,12,2014-12-30,True
HI,HIF15 Index,2015,1,2015-01-29,True
HI,HIG15 Index,2015,2,2015-02-26,True
HI,HIH15 Index,2015,3,2015-03-30,True
HI,HIJ15 Index,2015,4,2015-04-29,True
HI,HIK15 Index,2015,5,2015-05-28,True
HI,HIM15 Index,2015,6,2015-06-29,True
HI,HIN15 Index,2015,7,2015-07-30,True
HI,HIQ15 Index,2015,8,2015-08-28,True
HI,HIU15 Index,2015,9,2015-09-29,True
HI,HIV15 Index,2015,10,2015-10-29,True
HI,HIX15 Index,2015,11,2015-11-27,True
HI,HIZ15 Index,2015,12,2015-12-30,True
HI,HIF16 Index,2016,1,2016-01-28,True
HI,HIG16 Index,2016,2,2016-02-26,True
HI,HIH16 Index,2016,3,2016-03-30,True
HI,HIJ16 Index,2016,4,2016-04-28,True
HI,HIK16 Index,2016,5,2016-05-30,True
HI,HIM16 Index,2016,6,2016-06-29,True
HI,HIN16 Index,2016,7,2016-07-28,True
HI,HIQ16 Index,2016,8,2016-08-30,True
HI,HIU16 Index,2016,9,2016-09-29,True
HI,HIV16 Index,2016,10,2016-10-28,True
HI,HIX16 Index,2016,11,2016-11-29,True
HI,HIZ16 Index,2016,12,2016-12-29,True
HI,HIF17 Index,2017,1,2017-01-26,True
HI,HIG17 Index,2017,2,2017-02-27,True
HI,HIH17 Index,2017,3,2017-03-30,True
HI,HIJ17 Index,2017,4,2017-04-27,True
HI,HIK17 Index,2017,5,2017-05-29,True
HI,HIM17 Index,2017,6,2017-06-29,True
HI,HIN17 Index,2017,7,2017-07-28,True
HI,HIQ17 Index,2017,8,2017-08-30,True
HI,HIU17 Index,2017,9,2017-09-28,True
HI,HIV17 Index,2017,10,2017-10-30,True
HI,HIX17 Index,2017,11,2017-11-29,True
HI,HIZ17 Index,2017,12,2017-12-28,True
HI,HIF18 Index,2018,1,2018-01-30,True
HI,HIG18 Index,2018,2,2018-02-27,True
HI,HIH18 Index,2018,3,2018-03-28,True
HI,HIJ18 Index,2018,4,2018-04-27,True
HI,HIK18 Index,2018,5,2018-05-30,True
HI,HIM18 Index,2018,6,2018-06-28,True
HI,HIN18 Index,2018,7,2018-07-30,True
HI,HIQ18 Index,2018,8,2018-08-30,True
HI,HIU18 Index,2018,9,2018-09-27,True
HI,HIV18 Index,2018,10,2018-10-30,True
HI,HIX18 Index,2018,11,2018-11-29,True
HI,HIZ18 Index,2018,12,2018-12-28,True
HI,HIF19 Index,2019,1,2019-01-30,True
HI,HIG19 Index,2019,2,2019-02-27,True
HI,HIH19 Index,2019,3,2019-03-28,True
HI,HIJ19 Index,2019,4,2019-04-29,True
HI,HIK19 Index,2019,5,2019-05-30,True
HI,HIM19 Index,2019,6,2019-06-27,True
HI,HIN19 Index,2019,7,2019-07-30,True
HI,HIQ19 Index,2019,8,2019-08-29,True
HI,HIU19 Index,2019,9,2019-09-27,True
HI,HIV19 Index,2019,10,2019-10-30,True
HI,HIX19 Index,2019,11,2019-11-28,True
HI,HIZ19 Index,2019,12,2019-12-30,True
HI,HIF20 Index,2020,1,2020-01-30,True
HI,HIG20 Index,2020,2,2020-02-27,True
HI,HIH20 Index,2020,3,2020-03-30,True
HI,HIJ20 Index,2020,4,2020-04-28,True
HI,HIK20 Index,2020,5,2020-05-28,True
HI,HIM20 Index,2020,6,2020-06-29,True
HI,HIN20 Index,2020,7,2020-07-30,True
HI,HIQ20 Index,2020,8,2020-08-28,True
HI,HIU20 Index,2020,9,2020-09-29,True
HI,HIV20 Index,2020,10,2020-10-29,True
HI,HIX20 Index,2020,11,2020-11-27,True
HI,HIZ20 Index,2020,12,2020-12-30,True
HI,HIF21 Index,2021,1,2021-01-28,True
HI,HIG21 Index,2021,2,2021-02-25,True
HI,HIH21 Index,2021,3,2021-03-30,True
HI,HIJ21 Index,2021,4,2021-04-29,True
HI,HIK21 Index,2021,5,2021-05-28,True
HI,HIM21 Index,2021,6,2021-06-29,True
HI,HIN21 Index,2021,7,2021-07-29,True
HI,HIQ21 Index,2021,8,2021-08-30,True
HI,HIU21 Index,2021,9,2021-09-29,True
HI,HIV21 Index,2021,10,2021-10-28,True
HI,HIX21 Index,2021,11,2021-11-29,True
HI,HIZ21 Index,2021,12,2021-12-30,True
HI,HIF22 Index,2022,1,2022-01-28,True
HI,HIG22 Index,2022,2,2022-02-25,True
HI,HIH22 Index,2022,3,2022-03-30,True
HI,HIJ22 Index,2022,4,2022-04-28,True
HI,HIK22 Index,2022,5,2022-05-30,True
HI,HIM22 Index,2022,6,2022-06-29,True
HI,HIN22 Index,2022,7,2022-07-28,True
HI,HIQ22 Index,2022,8,2022-08-30,True
HI,HIU22 Index,2022,9,2022-09-29,True
HI,HIV22 Index,2022,10,2022-10-28,True
HI,HIX22 Index,2022,11,2022-11-29,True
HI,HIZ22 Index,2022,12,2022-12-29,True
HI,HIF23 Index,2023,1,2023-01-30,True
HI,HIG23 Index,2023,2,2023-02-27,True
HI,HIH23 Index,2023,3,2023-03-30,True
HI,HIJ23 Index,2023,4,2023-04-27,True
HI,HIK23 Index,2023,5,2023-05-30,True
HI,HIM23 Index,2023,6,2023-06-29,True
HI,HIN23 Index,2023,7,2023-07-28,True
HI,HIQ23 Index,2023,8,2023-08-30,True
HI,HIU23 Index,2023,9,2023-09-28,True
HI,HIV23 Index,2023,10,2023-10-30,True
HI,HIX23 Index,2023,11,2023-11-29,True
HI,HIZ23 Index,2023,12,2023-12-28,True
HI,HIF24 Index,2024,1,2024-01-30,True
HI,HIG24 Index,2024,2,2024-02-28,True
HI,HIH24 Index,2024,3,2024-03-27,True
HI,HIJ24 Index,2024,4,2024-04-29,True
HI,HIK24 Index,2024,5,2024-05-30,True
HI,HIM24 Index,2024,6,2024-06-27,True
HI,HIN24 Index,2024,7,2024-07-30,True
HI,HIQ24 Index,2024,8,2024-08-29,True
HI,HIU24 Index,2024,9,2024-09-27,True
HI,HIV24 Index,2024,10,2024-10-30,True
HI,HIX24 Index,2024,11,2024-11-28,True
HI,HIZ24 Index,2024,12,2024-12-30,True
HI,HIF25 Index,2025,1,2025-01-27,True
HI,HIG25 Index,2025,2,2025-02-27,True
HI,HIH25 Index,2025,3,2025-03-28,True
HI,HIJ25 Index,2025,4,2025-04-29,True
HI,HIK25 Index,2025,5,2025-05-29,True
HI,HIM25 Index,2025,6,2025-06-27,True
HI,HIN25 Index,2025,7,2025-07-30,True
HI,HIQ25 Index,2025,8,2025-08-28,True
HI,HIU25 Index,2025,9,2025-09-29,True
HI,HIV25 Index,2025,10,2025-10-30,True
HI,HIX5 Index,2025,11,2025-11-27,True
HI,HIZ5 Index,2025,12,2025-12-30,True
HI,HIF6 Index,2026,1,2026-01-29,True
HI,HIG6 Index,2026,2,2026-02-26,True
HI,HIH6 Index,2026,3,2026-03-30,True
HI,HIJ6 Index,2026,4,2026-04-29,True
HI,HIK6 Index,2026,5,2026-05-28,True
HI,HIM6 Index,2026,6,2026-06-29,True
HI,HIN6 Index,2026,7,2026-07-30,True
HI,HIQ6 Index,2026,8,2026-08-28,True
HI,HIU6 Index,2026,9,2026-09-29,True
HI,HIV6 Index,2026,10,2026-10-29,True
HI,HIX6 Index,2026,11,2026-11-27,True
HI,HIZ6 Index,2026,12,2026-12-30,True
HI,HIF7 Index,2027,1,2027-01-28,True
HI,HIH7 Index,2027,3,2027-03-30,True
HI,HIM7 Index,2027,6,2027-06-29,True
HI,HIU7 Index,2027,9,2027-09-29,True
HI,HIZ7 Index,2027,12,2027-12-30,True
HI,HIM8 Index,2028,6,2028-06-29,True
HI,HIZ8 Index,2028,12,2028-12-28,True
HI,HIZ9 Index,2029,12,2029-12-28,True
HI,HIZ0 Index,2030,12,2030-12-30,True
HI,HIZ1 Index,2031,12,2031-12-30,True
KM,KMM96 Index,1996,6,1996-06-13,True
KM,KMU96 Index,1996,9,1996-09-12,True
KM,KMZ96 Index,1996,12,1996-12-12,True
KM,KMH97 Index,1997,3,1997-03-12,True
KM,KMM97 Index,1997,6,1997-06-12,True
KM,KMU97 Index,1997,9,1997-09-11,True
KM,KMZ97 Index,1997,12,1997-12-11,True
KM,KMH98 Index,1998,3,1998-03-12,True
KM,KMM98 Index,1998,6,1998-06-11,True
KM,KMU98 Index,1998,9,1998-09-10,True
KM,KMZ98 Index,1998,12,1998-12-10,True
KM,KMH99 Index,1999,3,1999-03-11,True
KM,KMM99 Index,1999,6,1999-06-10,True
KM,KMU99 Index,1999,9,1999-09-09,True
KM,KMZ99 Index,1999,12,1999-12-09,True
KM,KMH00 Index,2000,3,2000-03-09,True
KM,KMM00 Index,2000,6,2000-06-08,True
KM,KMU00 Index,2000,9,2000-09-14,True
KM,KMZ00 Index,2000,12,2000-12-14,True
KM,KMH01 Index,2001,3,2001-03-08,True
KM,KMM01 Index,2001,6,2001-06-14,True
KM,KMU01 Index,2001,9,2001-09-13,True
KM,KMZ01 Index,2001,12,2001-12-13,True
KM,KMH02 Index,2002,3,2002-03-14,True
KM,KMM02 Index,2002,6,2002-06-12,True
KM,KMU02 Index,2002,9,2002-09-12,True
KM,KMZ02 Index,2002,12,2002-12-12,True
KM,KMH03 Index,2003,3,2003-03-13,True
KM,KMM03 Index,2003,6,2003-06-12,True
KM,KMU03 Index,2003,9,2003-09-09,True
KM,KMZ03 Index,2003,12,2003-12-11,True
KM,KMH04 Index,2004,3,2004-03-11,True
KM,KMM04 Index,2004,6,2004-06-10,True
KM,KMU04 Index,2004,9,2004-09-09,True
KM,KMZ04 Index,2004,12,2004-12-09,True
KM,KMH05 Index,2005,3,2005-03-10,True
KM,KMM05 Index,2005,6,2005-06-09,True
KM,KMU05 Index,2005,9,2005-09-08,True
KM,KMZ05 Index,2005,12,2005-12-08,True
KM,KMH06 Index,2006,3,2006-03-09,True
KM,KMM06 Index,2006,6,2006-06-08,True
KM,KMU06 Index,2006,9,2006-09-14,True
KM,KMZ06 Index,2006,12,2006-12-14,True
KM,KMH07 Index,2007,3,2007-03-08,True
KM,KMM07 Index,2007,6,2007-06-14,True
KM,KMU07 Index,2007,9,2007-09-13,True
KM,KMZ07 Index,2007,12,2007-12-13,True
KM,KMH08 Index,2008,3,2008-03-13,True
KM,KMM08 Index,2008,6,2008-06-12,True
KM,KMU08 Index,2008,9,2008-09-11,True
KM,KMZ08 Index,2008,12,2008-12-11,True
KM,KMH09 Index,2009,3,2009-03-12,True
KM,KMM09 Index,2009,6,2009-06-11,True
KM,KMU09 Index,2009,9,2009-09-10,True
KM,KMZ09 Index,2009,12,2009-12-10,True
KM,KMH10 Index,2010,3,2010-03-11,True
KM,KMM10 Index,2010,6,2010-06-10,True
KM,KMU10 Index,2010,9,2010-09-09,True
KM,KMZ10 Index,2010,12,2010-12-09,True
KM,KMH11 Index,2011,3,2011-03-10,True
KM,KMM11 Index,2011,6,2011-06-09,True
KM,KMU11 Index,2011,9,2011-09-08,True
KM,KMZ11 Index,2011,12,2011-12-08,True
KM,KMH12 Index,2012,3,2012-03-08,True
KM,KMM12 Index,2012,6,2012-06-14,True
KM,KMU12 Index,2012,9,2012-09-13,True
KM,KMZ12 Index,2012,12,2012-12-13,True
KM,KMH13 Index,2013,3,2013-03-14,True
KM,KMM13 Index,2013,6,2013-06-13,True
KM,KMU13 Index,2013,9,2013-09-12,True
KM,KMZ13 Index,2013,12,2013-12-12,True
KM,KMH14 Index,2014,3,2014-03-13,True
KM,KMM14 Index,2014,6,2014-06-12,True
KM,KMU14 Index,2014,9,2014-09-11,True
KM,KMZ14 Index,2014,12,2014-12-11,True
KM,KMH15 Index,2015,3,2015-03-12,True
KM,KMM15 Index,2015,6,2015-06-11,True
KM,KMU15 Index,2015,9,2015-09-10,True
KM,KMZ15 Index,2015,12,2015-12-10,True
KM,KMH16 Index,2016,3,2016-03-10,True
KM,KMM16 Index,2016,6,2016-06-09,True
KM,KMU16 Index,2016,9,2016-09-08,True
KM,KMZ16 Index,2016,12,2016-12-08,True
KM,KMH17 Index,2017,3,2017-03-09,True
KM,KMM17 Index,2017,6,2017-06-08,True
KM,KMU17 Index,2017,9,2017-09-14,True
KM,KMZ17 Index,2017,12,2017-12-14,True
KM,KMH18 Index,2018,3,2018-03-08,True
KM,KMM18 Index,2018,6,2018-06-14,True
KM,KMU18 Index,2018,9,2018-09-13,True
KM,KMZ18 Index,2018,12,2018-12-13,True
KM,KMH19 Index,2019,3,2019-03-14,True
KM,KMM19 Index,2019,6,2019-06-13,True
KM,KMU19 Index,2019,9,2019-09-11,True
KM,KMZ19 Index,2019,12,2019-12-12,True
KM,KMH20 Index,2020,3,2020-03-12,True
KM,KMM20 Index,2020,6,2020-06-11,True
KM,KMU20 Index,2020,9,2020-09-10,True
KM,KMZ20 Index,2020,12,2020-12-10,True
KM,KMH21 Index,2021,3,2021-03-11,True
KM,KMM21 Index,2021,6,2021-06-10,True
KM,KMU21 Index,2021,9,2021-09-09,True
KM,KMZ21 Index,2021,12,2021-12-09,True
KM,KMH22 Index,2022,3,2022-03-10,True
KM,KMM22 Index,2022,6,2022-06-09,True
KM,KMU22 Index,2022,9,2022-09-08,True
KM,KMZ22 Index,2022,12,2022-12-08,True
KM,KMH23 Index,2023,3,2023-03-09,True
KM,KMM23 Index,2023,6,2023-06-08,True
KM,KMU23 Index,2023,9,2023-09-14,True
KM,KMZ23 Index,2023,12,2023-12-14,True
KM,KMH24 Index,2024,3,2024-03-14,True
KM,KMM24 Index,2024,6,2024-06-13,True
KM,KMU24 Index,2024,9,2024-09-12,True
KM,KMZ24 Index,2024,12,2024-12-12,True
KM,KMH25 Index,2025,3,2025-03-13,True
KM,KMM25 Index,2025,6,2025-06-12,True
KM,KMU25 Index,2025,9,2025-09-11,True
KM,KMZ5 Index,2025,12,2025-12-11,True
KM,KMH6 Index,2026,3,2026-03-12,True
KM,KMM6 Index,2026,6,2026-06-11,True
KM,KMU6 Index,2026,9,2026-09-10,True
KM,KMZ6 Index,2026,12,2026-12-10,True
KM,KMH7 Index,2027,3,2027-03-11,True
KM,KMM7 Index,2027,6,2027-06-10,True
KM,KMU7 Index,2027,9,2027-09-09,True
KM,KMZ7 Index,2027,12,2027-12-09,True
KM,KMM8 Index,2028,6,2028-06-08,True
KM,KMZ8 Index,2028,12,2028-12-14,True
TWSE,FTU98 Index,1998,9,1998-09-16,True
TWSE,FTV98 Index,1998,10,1998-10-21,True
TWSE,FTX98 Index,1998,11,1998-11-18,True
TWSE,FTZ98 Index,1998,12,1998-12-16,True
TWSE,FTF99 Index,1999,1,1999-01-20,True
TWSE,FTG99 Index,1999,2,1999-02-20,True
TWSE,FTH99 Index,1999,3,1999-03-17,True
TWSE,FTJ99 Index,1999,4,1999-04-21,True
TWSE,FTK99 Index,1999,5,1999-05-19,True
TWSE,FTM99 Index,1999,6,1999-06-16,True
TWSE,FTN99 Index,1999,7,1999-07-21,True
TWSE,FTQ99 Index,1999,8,1999-08-18,True
TWSE,FTU99 Index,1999,9,1999-09-15,True
TWSE,FTV99 Index,1999,10,1999-10-20,True
TWSE,FTX99 Index,1999,11,1999-11-17,True
TWSE,FTZ99 Index,1999,12,1999-12-15,True
TWSE,FTF00 Index,2000,1,2000-01-19,True
TWSE,FTG00 Index,2000,2,2000-02-16,True
TWSE,FTH00 Index,2000,3,2000-03-15,True
TWSE,FTJ00 Index,2000,4,2000-04-19,True
TWSE,FTK00 Index,2000,5,2000-05-17,True
TWSE,FTM00 Index,2000,6,2000-06-21,True
TWSE,FTN00 Index,2000,7,2000-07-19,True
TWSE,FTQ00 Index,2000,8,2000-08-16,True
TWSE,FTU00 Index,2000,9,2000-09-20,True
TWSE,FTV00 Index,2000,10,2000-10-18,True
TWSE,FTX00 Index,2000,11,2000-11-15,True
TWSE,FTZ00 Index,2000,12,2000-12-20,True
TWSE,FTF01 Index,2001,1,2001-01-17,True
TWSE,FTG01 Index,2001,2,2001-02-21,True
TWSE,FTH01 Index,2001,3,2001-03-21,True
TWSE,FTJ01 Index,2001,4,2001-04-18,True
TWSE,FTK01 Index,2001,5,2001-05-16,True
TWSE,FTM01 Index,2001,6,2001-06-20,True
TWSE,FTN01 Index,2001,7,2001-07-18,True
TWSE,FTQ01 Index,2001,8,2001-08-15,True
TWSE,FTU01 Index,2001,9,2001-09-19,True
TWSE,FTV01 Index,2001,10,2001-10-17,True
TWSE,FTX01 Index,2001,11,2001-11-21,True
TWSE,FTZ01 Index,2001,12,2001-12-19,True
TWSE,FTF02 Index,2002,1,2002-01-16,True
TWSE,FTG02 Index,2002,2,2002-02-20,True
TWSE,FTH02 Index,2002,3,2002-03-20,True
TWSE,FTJ02 Index,2002,4,2002-04-17,True
TWSE,FTK02 Index,2002,5,2002-05-15,True
TWSE,FTM02 Index,2002,6,2002-06-19,True
TWSE,FTN02 Index,2002,7,2002-07-17,True
TWSE,FTQ02 Index,2002,8,2002-08-21,True
TWSE,FTU02 Index,2002,9,2002-09-18,True
TWSE,FTV02 Index,2002,10,2002-10-16,True
TWSE,FTX02 Index,2002,11,2002-11-20,True
TWSE,FTZ02 Index,2002,12,2002-12-18,True
TWSE,FTF03 Index,2003,1,2003-01-15,True
TWSE,FTG03 Index,2003,2,2003-02-19,True
TWSE,FTH03 Index,2003,3,2003-03-19,True
TWSE,FTJ03 Index,2003,4,2003-04-16,True
TWSE,FTK03 Index,2003,5,2003-05-21,True
TWSE,FTM03 Index,2003,6,2003-06-18,True
TWSE,FTN03 Index,2003,7,2003-07-16,True
TWSE,FTQ03 Index,2003,8,2003-08-20,True
TWSE,FTU03 Index,2003,9,2003-09-17,True
TWSE,FTV03 Index,2003,10,2003-10-15,True
TWSE,FTX03 Index,2003,11,2003-11-19,True
TWSE,FTZ03 Index,2003,12,2003-12-17,True
TWSE,FTF04 Index,2004,1,2004-01-27,True
TWSE,FTG04 Index,2004,2,2004-02-18,True
TWSE,FTH04 Index,2004,3,2004-03-17,True
TWSE,FTJ04 Index,2004,4,2004-04-21,True
TWSE,FTK04 Index,2004,5,2004-05-19,True
TWSE,FTM04 Index,2004,6,2004-06-16,True
TWSE,FTN04 Index,2004,7,2004-07-21,True
TWSE,FTQ04 Index,2004,8,2004-08-18,True
TWSE,FTU04 Index,2004,9,2004-09-15,True
TWSE,FTV04 Index,2004,10,2004-10-20,True
TWSE,FTX04 Index,2004,11,2004-11-17,True
TWSE,FTZ04 Index,2004,12,2004-12-15,True
TWSE,FTF05 Index,2005,1,2005-01-19,True
TWSE,FTG05 Index,2005,2,2005-02-16,True
TWSE,FTH05 Index,2005,3,2005-03-16,True
TWSE,FTJ05 Index,2005,4,2005-04-20,True
TWSE,FTK05 Index,2005,5,2005-05-18,True
TWSE,FTM05 Index,2005,6,2005-06-15,True
TWSE,FTN05 Index,2005,7,2005-07-20,True
TWSE,FTQ05 Index,2005,8,2005-08-17,True
TWSE,FTU05 Index,2005,9,2005-09-21,True
TWSE,FTV05 Index,2005,10,2005-10-19,True
TWSE,FTX05 Index,2005,11,2005-11-16,True
TWSE,FTZ05 Index,2005,12,2005-12-21,True
TWSE,FTF06 Index,2006,1,2006-01-18,True
TWSE,FTG06 Index,2006,2,2006-02-15,True
TWSE,FTH06 Index,2006,3,2006-03-15,True
TWSE,FTJ06 Index,2006,4,2006-04-19,True
TWSE,FTK06 Index,2006,5,2006-05-17,True
TWSE,FTM06 Index,2006,6,2006-06-21,True
TWSE,FTN06 Index,2006,7,2006-07-19,True
TWSE,FTQ06 Index,2006,8,2006-08-16,True
TWSE,FTU06 Index,2006,9,2006-09-20,True
TWSE,FTV06 Index,2006,10,2006-10-18,True
TWSE,FTX06 Index,2006,11,2006-11-15,True
TWSE,FTZ06 Index,2006,12,2006-12-20,True
TWSE,FTF07 Index,2007,1,2007-01-17,True
TWSE,FTG07 Index,2007,2,2007-02-26,True
TWSE,FTH07 Index,2007,3,2007-03-21,True
TWSE,FTJ07 Index,2007,4,2007-04-18,True
TWSE,FTK07 Index,2007,5,2007-05-16,True
TWSE,FTM07 Index,2007,6,2007-06-20,True
TWSE,FTN07 Index,2007,7,2007-07-18,True
TWSE,FTQ07 Index,2007,8,2007-08-15,True
TWSE,FTU07 Index,2007,9,2007-09-19,True
TWSE,FTV07 Index,2007,10,2007-10-17,True
TWSE,FTX07 Index,2007,11,2007-11-21,True
TWSE,FTZ07 Index,2007,12,2007-12-19,True
TWSE,FTF08 Index,2008,1,2008-01-16,True
TWSE,FTG08 Index,2008,2,2008-02-20,True
TWSE,FTH08 Index,2008,3,2008-03-19,True
TWSE,FTJ08 Index,2008,4,2008-04-16,True
TWSE,FTK08 Index,2008,5,2008-05-21,True
TWSE,FTM08 Index,2008,6,2008-06-18,True
TWSE,FTN08 Index,2008,7,2008-07-16,True
TWSE,FTQ08 Index,2008,8,2008-08-20,True
TWSE,FTU08 Index,2008,9,2008-09-17,True
TWSE,FTV08 Index,2008,10,2008-10-15,True
TWSE,FTX08 Index,2008,11,2008-11-19,True
TWSE,FTZ08 Index,2008,12,2008-12-17,True
TWSE,FTF09 Index,2009,1,2009-01-21,True
TWSE,FTG09 Index,2009,2,2009-02-18,True
TWSE,FTH09 Index,2009,3,2009-03-18,True
TWSE,FTJ09 Index,2009,4,2009-04-15,True
TWSE,FTK09 Index,2009,5,2009-05-20,True
TWSE,FTM09 Index,2009,6,2009-06-17,True
TWSE,FTN09 Index,2009,7,2009-07-15,True
TWSE,FTQ09 Index,2009,8,2009-08-19,True
TWSE,FTU09 Index,2009,9,2009-09-16,True
TWSE,FTV09 Index,2009,10,2009-10-21,True
TWSE,FTX09 Index,2009,11,2009-11-18,True
TWSE,FTZ09 Index,2009,12,2009-12-16,True
TWSE,FTF10 Index,2010,1,2010-01-20,True
TWSE,FTG10 Index,2010,2,2010-02-22,True
TWSE,FTH10 Index,2010,3,2010-03-17,True
TWSE,FTJ10 Index,2010,4,2010-04-21,True
TWSE,FTK10 Index,2010,5,2010-05-19,True
TWSE,FTM10 Index,2010,6,2010-06-17,True
TWSE,FTN10 Index,2010,7,2010-07-21,True
TWSE,FTQ10 Index,2010,8,2010-08-18,True
TWSE,FTU10 Index,2010,9,2010-09-15,True
TWSE,FTV10 Index,2010,10,2010-10-20,True
TWSE,FTX10 Index,2010,11,2010-11-17,True
TWSE,FTZ10 Index,2010,12,2010-12-15,True
TWSE,FTF11 Index,2011,1,2011-01-19,True
TWSE,FTG11 Index,2011,2,2011-02-16,True
TWSE,FTH11 Index,2011,3,2011-03-16,True
TWSE,FTJ11 Index,2011,4,2011-04-20,True
TWSE,FTK11 Index,2011,5,2011-05-18,True
TWSE,FTM11 Index,2011,6,2011-06-15,True
TWSE,FTN11 Index,2011,7,2011-07-20,True
TWSE,FTQ11 Index,2011,8,2011-08-17,True
TWSE,FTU11 Index,2011,9,2011-09-21,True
TWSE,FTV11 Index,2011,10,2011-10-19,True
TWSE,FTX11 Index,2011,11,2011-11-16,True
TWSE,FTZ11 Index,2011,12,2011-12-21,True
TWSE,FTF12 Index,2012,1,2012-01-18,True
TWSE,FTG12 Index,2012,2,2012-02-15,True
TWSE,FTH12 Index,2012,3,2012-03-21,True
TWSE,FTJ12 Index,2012,4,2012-04-18,True
TWSE,FTK12 Index,2012,5,2012-05-16,True
TWSE,FTM12 Index,2012,6,2012-06-20,True
TWSE,FTN12 Index,2012,7,2012-07-18,True
TWSE,FTQ12 Index,2012,8,2012-08-15,True
TWSE,FTU12 Index,2012,9,2012-09-19,True
TWSE,FTV12 Index,2012,10,2012-10-17,True
TWSE,FTX12 Index,2012,11,2012-11-21,True
TWSE,FTZ12 Index,2012,12,2012-12-19,True
TWSE,FTF13 Index,2013,1,2013-01-16,True
TWSE,FTG13 Index,2013,2,2013-02-20,True
TWSE,FTH13 Index,2013,3,2013-03-20,True
TWSE,FTJ13 Index,2013,4,2013-04-17,True
TWSE,FTK13 Index,2013,5,2013-05-15,True
TWSE,FTM13 Index,2013,6,2013-06-19,True
TWSE,FTN13 Index,2013,7,2013-07-17,True
TWSE,FTQ13 Index,2013,8,2013-08-22,True
TWSE,FTU13 Index,2013,9,2013-09-18,True
TWSE,FTV13 Index,2013,10,2013-10-16,True
TWSE,FTX13 Index,2013,11,2013-11-20,True
TWSE,FTZ13 Index,2013,12,2013-12-18,True
TWSE,FTF14 Index,2014,1,2014-01-15,True
TWSE,FTG14 Index,2014,2,2014-02-19,True
TWSE,FTH14 Index,2014,3,2014-03-19,True
TWSE,FTJ14 Index,2014,4,2014-04-16,True
TWSE,FTK14 Index,2014,5,2014-05-21,True
TWSE,FTM14 Index,2014,6,2014-06-18,True
TWSE,FTN14 Index,2014,7,2014-07-16,True
TWSE,FTQ14 Index,2014,8,2014-08-20,True
TWSE,FTU14 Index,2014,9,2014-09-17,True
TWSE,FTV14 Index,2014,10,2014-10-15,True
TWSE,FTX14 Index,2014,11,2014-11-19,True
TWSE,FTZ14 Index,2014,12,2014-12-17,True
TWSE,FTF15 Index,2015,1,2015-01-21,True
TWSE,FTG15 Index,2015,2,2015-02-24,True
TWSE,FTH15 Index,2015,3,2015-03-18,True
TWSE,FTJ15 Index,2015,4,2015-04-15,True
TWSE,FTK15 Index,2015,5,2015-05-20,True
TWSE,FTM15 Index,2015,6,2015-06-17,True
TWSE,FTN15 Index,2015,7,2015-07-15,True
TWSE,FTQ15 Index,2015,8,2015-08-19,True
TWSE,FTU15 Index,2015,9,2015-09-16,True
TWSE,FTV15 Index,2015,10,2015-10-21,True
TWSE,FTX15 Index,2015,11,2015-11-18,True
TWSE,FTZ15 Index,2015,12,2015-12-16,True
TWSE,FTF16 Index,2016,1,2016-01-20,True
TWSE,FTG16 Index,2016,2,2016-02-17,True
TWSE,FTH16 Index,2016,3,2016-03-16,True
TWSE,FTJ16 Index,2016,4,2016-04-20,True
TWSE,FTK16 Index,2016,5,2016-05-18,True
TWSE,FTM16 Index,2016,6,2016-06-15,True
TWSE,FTN16 Index,2016,7,2016-07-20,True
TWSE,FTQ16 Index,2016,8,2016-08-17,True
TWSE,FTU16 Index,2016,9,2016-09-21,True
TWSE,FTV16 Index,2016,10,2016-10-19,True
TWSE,FTX16 Index,2016,11,2016-11-16,True
TWSE,FTZ16 Index,2016,12,2016-12-21,True
TWSE,FTF17 Index,2017,1,2017-01-18,True
TWSE,FTG17 Index,2017,2,2017-02-15,True
TWSE,FTH17 Index,2017,3,2017-03-15,True
TWSE,FTJ17 Index,2017,4,2017-04-19,True
TWSE,FTK17 Index,2017,5,2017-05-17,True
TWSE,FTM17 Index,2017,6,2017-06-21,True
TWSE,FTN17 Index,2017,7,2017-07-19,True
TWSE,FTQ17 Index,2017,8,2017-08-16,True
TWSE,FTU17 Index,2017,9,2017-09-20,True
TWSE,FTV17 Index,2017,10,2017-10-18,True
TWSE,FTX17 Index,2017,11,2017-11-15,True
TWSE,FTZ17 Index,2017,12,2017-12-20,True
TWSE,FTF18 Index,2018,1,2018-01-17,True
TWSE,FTG18 Index,2018,2,2018-02-21,True
TWSE,FTH18 Index,2018,3,2018-03-21,True
TWSE,FTJ18 Index,2018,4,2018-04-18,True
TWSE,FTK18 Index,2018,5,2018-05-16,True
TWSE,FTM18 Index,2018,6,2018-06-20,True
TWSE,FTN18 Index,2018,7,2018-07-18,True
TWSE,FTQ18 Index,2018,8,2018-08-15,True
TWSE,FTU18 Index,2018,9,2018-09-19,True
TWSE,FTV18 Index,2018,10,2018-10-17,True
TWSE,FTX18 Index,2018,11,2018-11-21,True
TWSE,FTZ18 Index,2018,12,2018-12-19,True
TWSE,FTF19 Index,2019,1,2019-01-16,True
TWSE,FTG19 Index,2019,2,2019-02-20,True
TWSE,FTH19 Index,2019,3,2019-03-20,True
TWSE,FTJ19 Index,2019,4,2019-04-17,True
TWSE,FTK19 Index,2019,5,2019-05-15,True
TWSE,FTM19 Index,2019,6,2019-06-19,True
TWSE,FTN19 Index,2019,7,2019-07-17,True
TWSE,FTQ19 Index,2019,8,2019-08-21,True
TWSE,FTU19 Index,2019,9,2019-09-18,True
TWSE,FTV19 Index,2019,10,2019-10-16,True
TWSE,FTX19 Index,2019,11,2019-11-20,True
TWSE,FTZ19 Index,2019,12,2019-12-18,True
TWSE,FTF20 Index,2020,1,2020-01-15,True
TWSE,FTG20 Index,2020,2,2020-02-19,True
TWSE,FTH20 Index,2020,3,2020-03-18,True
TWSE,FTJ20 Index,2020,4,2020-04-15,True
TWSE,FTK20 Index,2020,5,2020-05-20,True
TWSE,FTM20 Index,2020,6,2020-06-17,True
TWSE,FTN20 Index,2020,7,2020-07-15,True
TWSE,FTQ20 Index,2020,8,2020-08-19,True
TWSE,FTU20 Index,2020,9,2020-09-16,True
TWSE,FTV20 Index,2020,10,2020-10-21,True
TWSE,FTX20 Index,2020,11,2020-11-18,True
TWSE,FTZ20 Index,2020,12,2020-12-16,True
TWSE,FTF21 Index,2021,1,2021-01-20,True
TWSE,FTG21 Index,2021,2,2021-02-17,True
TWSE,FTH21 Index,2021,3,2021-03-17,True
TWSE,FTJ21 Index,2021,4,2021-04-21,True
TWSE,FTK21 Index,2021,5,2021-05-19,True
TWSE,FTM21 Index,2021,6,2021-06-16,True
TWSE,FTN21 Index,2021,7,2021-07-21,True
TWSE,FTQ21 Index,2021,8,2021-08-18,True
TWSE,FTU21 Index,2021,9,2021-09-15,True
TWSE,FTV21 Index,2021,10,2021-10-20,True
TWSE,FTX21 Index,2021,11,2021-11-17,True
TWSE,FTZ21 Index,2021,12,2021-12-15,True
TWSE,FTF22 Index,2022,1,2022-01-19,True
TWSE,FTG22 Index,2022,2,2022-02-16,True
TWSE,FTH22 Index,2022,3,2022-03-16,True
TWSE,FTJ22 Index,2022,4,2022-04-20,True
TWSE,FTK22 Index,2022,5,2022-05-18,True
TWSE,FTM22 Index,2022,6,2022-06-15,True
TWSE,FTN22 Index,2022,7,2022-07-20,True
TWSE,FTQ22 Index,2022,8,2022-08-17,True
TWSE,FTU22 Index,2022,9,2022-09-21,True
TWSE,FTV22 Index,2022,10,2022-10-19,True
TWSE,FTX22 Index,2022,11,2022-11-16,True
TWSE,FTZ22 Index,2022,12,2022-12-21,True
TWSE,FTF23 Index,2023,1,2023-01-30,True
TWSE,FTG23 Index,2023,2,2023-02-15,True
TWSE,FTH23 Index,2023,3,2023-03-15,True
TWSE,FTJ23 Index,2023,4,2023-04-19,True
TWSE,FTK23 Index,2023,5,2023-05-17,True
TWSE,FTM23 Index,2023,6,2023-06-21,True
TWSE,FTN23 Index,2023,7,2023-07-19,True
TWSE,FTQ23 Index,2023,8,2023-08-16,True
TWSE,FTU23 Index,2023,9,2023-09-20,True
TWSE,FTV23 Index,2023,10,2023-10-18,True
TWSE,FTX23 Index,2023,11,2023-11-15,True
TWSE,FTZ23 Index,2023,12,2023-12-20,True
TWSE,FTF24 Index,2024,1,2024-01-17,True
TWSE,FTG24 Index,2024,2,2024-02-21,True
TWSE,FTH24 Index,2024,3,2024-03-20,True
TWSE,FTJ24 Index,2024,4,2024-04-17,True
TWSE,FTK24 Index,2024,5,2024-05-15,True
TWSE,FTM24 Index,2024,6,2024-06-19,True
TWSE,FTN24 Index,2024,7,2024-07-17,True
TWSE,FTQ24 Index,2024,8,2024-08-21,True
TWSE,FTU24 Index,2024,9,2024-09-18,True
TWSE,FTV24 Index,2024,10,2024-10-16,True
TWSE,FTX24 Index,2024,11,2024-11-20,True
TWSE,FTZ24 Index,2024,12,2024-12-18,True
TWSE,FTF25 Index,2025,1,2025-01-15,True
TWSE,FTG25 Index,2025,2,2025-02-19,True
TWSE,FTH25 Index,2025,3,2025-03-19,True
TWSE,FTJ25 Index,2025,4,2025-04-16,True
TWSE,FTK25 Index,2025,5,2025-05-21,True
TWSE,FTM25 Index,2025,6,2025-06-18,True
TWSE,FTN25 Index,2025,7,2025-07-16,True
TWSE,FTQ25 Index,2025,8,2025-08-20,True
TWSE,FTU25 Index,2025,9,2025-09-17,True
TWSE,FTV25 Index,2025,10,2025-10-15,True
TWSE,FTX5 Index,2025,11,2025-11-19,True
TWSE,FTZ5 Index,2025,12,2025-12-17,True
TWSE,FTF6 Index,2026,1,2026-01-21,True
TWSE,FTG6 Index,2026,2,2026-02-23,True
TWSE,FTH6 Index,2026,3,2026-03-18,True
TWSE,FTJ6 Index,2026,4,2026-04-15,True
TWSE,FTK6 Index,2026,5,2026-05-20,True
TWSE,FTM6 Index,2026,6,2026-06-17,True
TWSE,FTN6 Index,2026,7,2026-07-15,True
TWSE,FTQ6 Index,2026,8,2026-08-19,True
TWSE,FTU6 Index,2026,9,2026-09-16,True
TWSE,FTV6 Index,2026,10,2026-10-21,True
TWSE,FTX6 Index,2026,11,2026-11-18,True
TWSE,FTZ6 Index,2026,12,2026-12-16,True
TWSE,FTH7 Index,2027,3,2027-03-17,True
TWSE,FTM7 Index,2027,6,2027-06-16,True
TWSE,FTU7 Index,2027,9,2027-09-16,True
BZ,BZV95 Index,1995,10,1995-10-18,True
BZ,BZZ95 Index,1995,12,1995-12-13,True
BZ,BZG96 Index,1996,2,1996-02-14,True
BZ,BZJ96 Index,1996,4,1996-04-17,True
BZ,BZM96 Index,1996,6,1996-06-12,True
BZ,BZQ96 Index,1996,8,1996-08-14,True
BZ,BZV96 Index,1996,10,1996-10-16,True
BZ,BZZ96 Index,1996,12,1996-12-18,True
BZ,BZG97 Index,1997,2,1997-02-13,True
BZ,BZJ97 Index,1997,4,1997-04-16,True
BZ,BZM97 Index,1997,6,1997-06-18,True
BZ,BZQ97 Index,1997,8,1997-08-13,True
BZ,BZV97 Index,1997,10,1997-10-15,True
BZ,BZZ97 Index,1997,12,1997-12-17,True
BZ,BZG98 Index,1998,2,1998-02-18,True
BZ,BZJ98 Index,1998,4,1998-04-15,True
BZ,BZM98 Index,1998,6,1998-06-17,True
BZ,BZQ98 Index,1998,8,1998-08-12,True
BZ,BZV98 Index,1998,10,1998-10-14,True
BZ,BZZ98 Index,1998,12,1998-12-16,True
BZ,BZG99 Index,1999,2,1999-02-17,True
BZ,BZJ99 Index,1999,4,1999-04-14,True
BZ,BZM99 Index,1999,6,1999-06-16,True
BZ,BZQ99 Index,1999,8,1999-08-18,True
BZ,BZV99 Index,1999,10,1999-10-13,True
BZ,BZZ99 Index,1999,12,1999-12-15,True
BZ,BZG00 Index,2000,2,2000-02-16,True
BZ,BZJ00 Index,2000,4,2000-04-12,True
BZ,BZM00 Index,2000,6,2000-06-14,True
BZ,BZQ00 Index,2000,8,2000-08-16,True
BZ,BZV00 Index,2000,10,2000-10-18,True
BZ,BZZ00 Index,2000,12,2000-12-13,True
BZ,BZG01 Index,2001,2,2001-02-14,True
BZ,BZJ01 Index,2001,4,2001-04-18,True
BZ,BZM01 Index,2001,6,2001-06-13,True
BZ,BZQ01 Index,2001,8,2001-08-15,True
BZ,BZV01 Index,2001,10,2001-10-17,True
BZ,BZZ01 Index,2001,12,2001-12-12,True
BZ,BZG02 Index,2002,2,2002-02-13,True
BZ,BZJ02 Index,2002,4,2002-04-17,True
BZ,BZM02 Index,2002,6,2002-06-12,True
BZ,BZQ02 Index,2002,8,2002-08-14,True
BZ,BZV02 Index,2002,10,2002-10-16,True
BZ,BZZ02 Index,2002,12,2002-12-18,True
BZ,BZG03 Index,2003,2,2003-02-12,True
BZ,BZJ03 Index,2003,4,2003-04-16,True
BZ,BZM03 Index,2003,6,2003-06-18,True
BZ,BZQ03 Index,2003,8,2003-08-13,True
BZ,BZV03 Index,2003,10,2003-10-15,True
BZ,BZZ03 Index,2003,12,2003-12-17,True
BZ,BZG04 Index,2004,2,2004-02-18,True
BZ,BZJ04 Index,2004,4,2004-04-14,True
BZ,BZM04 Index,2004,6,2004-06-16,True
BZ,BZQ04 Index,2004,8,2004-08-18,True
BZ,BZV04 Index,2004,10,2004-10-13,True
BZ,BZZ04 Index,2004,12,2004-12-15,True
BZ,BZG05 Index,2005,2,2005-02-16,True
BZ,BZJ05 Index,2005,4,2005-04-13,True
BZ,BZM05 Index,2005,6,2005-06-15,True
BZ,BZQ05 Index,2005,8,2005-08-17,True
BZ,BZV05 Index,2005,10,2005-10-13,True
BZ,BZZ05 Index,2005,12,2005-12-14,True
BZ,BZG06 Index,2006,2,2006-02-15,True
BZ,BZJ06 Index,2006,4,2006-04-12,True
BZ,BZM06 Index,2006,6,2006-06-14,True
BZ,BZQ06 Index,2006,8,2006-08-16,True
BZ,BZV06 Index,2006,10,2006-10-18,True
BZ,BZZ06 Index,2006,12,2006-12-13,True
BZ,BZG07 Index,2007,2,2007-02-14,True
BZ,BZJ07 Index,2007,4,2007-04-18,True
BZ,BZM07 Index,2007,6,2007-06-13,True
BZ,BZQ07 Index,2007,8,2007-08-15,True
BZ,BZV07 Index,2007,10,2007-10-17,True
BZ,BZZ07 Index,2007,12,2007-12-12,True
BZ,BZG08 Index,2008,2,2008-02-13,True
BZ,BZJ08 Index,2008,4,2008-04-16,True
BZ,BZM08 Index,2008,6,2008-06-18,True
BZ,BZQ08 Index,2008,8,2008-08-13,True
BZ,BZV08 Index,2008,10,2008-10-15,True
BZ,BZZ08 Index,2008,12,2008-12-17,True
BZ,BZG09 Index,2009,2,2009-02-18,True
BZ,BZJ09 Index,2009,4,2009-04-15,True
BZ,BZM09 Index,2009,6,2009-06-17,True
BZ,BZQ09 Index,2009,8,2009-08-12,True
BZ,BZV09 Index,2009,10,2009-10-14,True
BZ,BZZ09 Index,2009,12,2009-12-16,True
BZ,BZG10 Index,2010,2,2010-02-17,True
BZ,BZJ10 Index,2010,4,2010-04-14,True
BZ,BZM10 Index,2010,6,2010-06-16,True
BZ,BZQ10 Index,2010,8,2010-08-18,True
BZ,BZV10 Index,2010,10,2010-10-13,True
BZ,BZZ10 Index,2010,12,2010-12-15,True
BZ,BZG11 Index,2011,2,2011-02-16,True
BZ,BZJ11 Index,2011,4,2011-04-13,True
BZ,BZM11 Index,2011,6,2011-06-15,True
BZ,BZQ11 Index,2011,8,2011-08-17,True
BZ,BZV11 Index,2011,10,2011-10-13,True
BZ,BZZ11 Index,2011,12,2011-12-14,True
BZ,BZG12 Index,2012,2,2012-02-15,True
BZ,BZJ12 Index,2012,4,2012-04-18,True
BZ,BZM12 Index,2012,6,2012-06-13,True
BZ,BZQ12 Index,2012,8,2012-08-15,True
BZ,BZV12 Index,2012,10,2012-10-17,True
BZ,BZZ12 Index,2012,12,2012-12-12,True
BZ,BZG13 Index,2013,2,2013-02-13,True
BZ,BZJ13 Index,2013,4,2013-04-17,True
BZ,BZM13 Index,2013,6,2013-06-12,True
BZ,BZQ13 Index,2013,8,2013-08-14,True
BZ,BZV13 Index,2013,10,2013-10-16,True
BZ,BZZ13 Index,2013,12,2013-12-18,True
BZ,BZG14 Index,2014,2,2014-02-12,True
BZ,BZJ14 Index,2014,4,2014-04-16,True
BZ,BZM14 Index,2014,6,2014-06-18,True
BZ,BZQ14 Index,2014,8,2014-08-13,True
BZ,BZV14 Index,2014,10,2014-10-15,True
BZ,BZZ14 Index,2014,12,2014-12-17,True
BZ,BZG15 Index,2015,2,2015-02-18,True
BZ,BZJ15 Index,2015,4,2015-04-15,True
BZ,BZM15 Index,2015,6,2015-06-17,True
BZ,BZQ15 Index,2015,8,2015-08-12,True
BZ,BZV15 Index,2015,10,2015-10-14,True
BZ,BZZ15 Index,2015,12,2015-12-16,True
BZ,BZG16 Index,2016,2,2016-02-17,True
BZ,BZJ16 Index,2016,4,2016-04-13,True
BZ,BZM16 Index,2016,6,2016-06-15,True
BZ,BZQ16 Index,2016,8,2016-08-17,True
BZ,BZV16 Index,2016,10,2016-10-13,True
BZ,BZZ16 Index,2016,12,2016-12-14,True
BZ,BZG17 Index,2017,2,2017-02-15,True
BZ,BZJ17 Index,2017,4,2017-04-12,True
BZ,BZM17 Index,2017,6,2017-06-14,True
BZ,BZQ17 Index,2017,8,2017-08-16,True
BZ,BZV17 Index,2017,10,2017-10-18,True
BZ,BZZ17 Index,2017,12,2017-12-13,True
BZ,BZG18 Index,2018,2,2018-02-14,True
BZ,BZJ18 Index,2018,4,2018-04-18,True
BZ,BZM18 Index,2018,6,2018-06-13,True
BZ,BZQ18 Index,2018,8,2018-08-15,True
BZ,BZV18 Index,2018,10,2018-10-17,True
BZ,BZZ18 Index,2018,12,2018-12-12,True
BZ,BZG19 Index,2019,2,2019-02-13,True
BZ,BZJ19 Index,2019,4,2019-04-17,True
BZ,BZM19 Index,2019,6,2019-06-12,True
BZ,BZQ19 Index,2019,8,2019-08-14,True
BZ,BZV19 Index,2019,10,2019-10-16,True
BZ,BZZ19 Index,2019,12,2019-12-18,True
BZ,BZG20 Index,2020,2,2020-02-12,True
BZ,BZJ20 Index,2020,4,2020-04-15,True
BZ,BZM20 Index,2020,6,2020-06-17,True
BZ,BZQ20 Index,2020,8,2020-08-12,True
BZ,BZV20 Index,2020,10,2020-10-14,True
BZ,BZZ20 Index,2020,12,2020-12-16,True
BZ,BZG21 Index,2021,2,2021-02-17,True
BZ,BZJ21 Index,2021,4,2021-04-14,True
BZ,BZM21 Index,2021,6,2021-06-16,True
BZ,BZQ21 Index,2021,8,2021-08-18,True
BZ,BZV21 Index,2021,10,2021-10-13,True
BZ,BZZ21 Index,2021,12,2021-12-15,True
BZ,BZG22 Index,2022,2,2022-02-16,True
BZ,BZJ22 Index,2022,4,2022-04-13,True
BZ,BZM22 Index,2022,6,2022-06-15,True
BZ,BZQ22 Index,2022,8,2022-08-17,True
BZ,BZV22 Index,2022,10,2022-10-13,True
BZ,BZZ22 Index,2022,12,2022-12-14,True
BZ,BZG23 Index,2023,2,2023-02-15,True
BZ,BZJ23 Index,2023,4,2023-04-12,True
BZ,BZM23 Index,2023,6,2023-06-14,True
BZ,BZQ23 Index,2023,8,2023-08-16,True
BZ,BZV23 Index,2023,10,2023-10-18,True
BZ,BZZ23 Index,2023,12,2023-12-13,True
BZ,BZG24 Index,2024,2,2024-02-14,True
BZ,BZJ24 Index,2024,4,2024-04-17,True
BZ,BZM24 Index,2024,6,2024-06-12,True
BZ,BZQ24 Index,2024,8,2024-08-14,True
BZ,BZV24 Index,2024,10,2024-10-16,True
BZ,BZZ24 Index,2024,12,2024-12-18,True
BZ,BZG25 Index,2025,2,2025-02-12,True
BZ,BZJ25 Index,2025,4,2025-04-16,True
BZ,BZM25 Index,2025,6,2025-06-18,True
BZ,BZQ25 Index,2025,8,2025-08-13,True
BZ,BZV25 Index,2025,10,2025-10-15,True
BZ,BZZ5 Index,2025,12,2025-12-17,True
BZ,BZG6 Index,2026,2,2026-02-18,True
BZ,BZJ6 Index,2026,4,2026-04-15,True
BZ,BZM6 Index,2026,6,2026-06-17,True
BZ,BZQ6 Index,2026,8,2026-08-12,True
BZ,BZV6 Index,2026,10,2026-10-14,True
BZ,BZZ6 Index,2026,12,2026-12-16,True
BZ,BZG7 Index,2027,2,2027-02-17,True
BZ,BZJ7 Index,2027,4,2027-04-14,True
BZ,BZM7 Index,2027,6,2027-06-16,True
BZ,BZQ7 Index,2027,8,2027-08-18,True
BZ,BZV7 Index,2027,10,2027-10-13,True
BZ,BZZ7 Index,2027,12,2027-12-15,True
BZ,BZG8 Index,2028,2,2028-02-16,True
BZ,BZJ8 Index,2028,4,2028-04-12,True
BZ,BZM8 Index,2028,6,2028-06-14,True
BZ,BZQ8 Index,2028,8,2028-08-16,True
IS,ISM99 Index,1999,6,1999-06-22,True
IS,ISU99 Index,1999,9,1999-09-28,True
IS,ISZ99 Index,1999,12,1999-12-28,True
IS,ISH00 Index,2000,3,2000-03-28,True
IS,ISM00 Index,2000,6,2000-06-27,True
IS,ISU00 Index,2000,9,2000-09-26,True
IS,ISZ00 Index,2000,12,2000-12-26,True
IS,ISH01 Index,2001,3,2001-03-27,True
IS,ISM01 Index,2001,6,2001-06-26,True
IS,ISU01 Index,2001,9,2001-09-25,True
IS,ISZ01 Index,2001,12,2001-12-25,True
IS,ISH02 Index,2002,3,2002-03-26,True
IS,ISM02 Index,2002,6,2002-06-25,True
IS,ISU02 Index,2002,9,2002-09-24,True
IS,ISZ02 Index,2002,12,2002-12-24,True
IS,ISH03 Index,2003,3,2003-03-25,True
IS,ISM03 Index,2003,6,2003-06-24,True
IS,ISU03 Index,2003,9,2003-09-23,True
IS,ISZ03 Index,2003,12,2003-12-23,True
IS,ISH04 Index,2004,3,2004-03-23,True
IS,ISM04 Index,2004,6,2004-06-22,True
IS,ISU04 Index,2004,9,2004-09-17,True
IS,ISZ04 Index,2004,12,2004-12-17,True
IS,ISH05 Index,2005,3,2005-03-18,True
IS,ISM05 Index,2005,6,2005-06-17,True
IS,ISU05 Index,2005,9,2005-09-15,True
IS,ISZ05 Index,2005,12,2005-12-16,True
IS,ISH06 Index,2006,3,2006-03-17,True
IS,ISM06 Index,2006,6,2006-06-16,True
IS,ISU06 Index,2006,9,2006-09-15,True
IS,ISZ06 Index,2006,12,2006-12-15,True
IS,ISH07 Index,2007,3,2007-03-16,True
IS,ISM07 Index,2007,6,2007-06-15,True
IS,ISU07 Index,2007,9,2007-09-21,True
IS,ISZ07 Index,2007,12,2007-12-21,True
IS,ISH08 Index,2008,3,2008-03-19,True
IS,ISM08 Index,2008,6,2008-06-20,True
IS,ISU08 Index,2008,9,2008-09-19,True
IS,ISZ08 Index,2008,12,2008-12-19,True
IS,ISH09 Index,2009,3,2009-03-20,True
IS,ISM09 Index,2009,6,2009-06-19,True
IS,ISU09 Index,2009,9,2009-09-18,True
IS,ISZ09 Index,2009,12,2009-12-18,True
IS,ISH10 Index,2010,3,2010-03-19,True
IS,ISM10 Index,2010,6,2010-06-18,True
IS,ISU10 Index,2010,9,2010-09-15,True
IS,ISZ10 Index,2010,12,2010-12-17,True
IS,ISH11 Index,2011,3,2011-03-18,True
IS,ISM11 Index,2011,6,2011-06-17,True
IS,ISU11 Index,2011,9,2011-09-15,True
IS,ISZ11 Index,2011,12,2011-12-16,True
IS,ISH12 Index,2012,3,2012-03-16,True
IS,ISM12 Index,2012,6,2012-06-15,True
IS,ISU12 Index,2012,9,2012-09-21,True
IS,ISZ12 Index,2012,12,2012-12-21,True
IS,ISH13 Index,2013,3,2013-03-15,True
IS,ISM13 Index,2013,6,2013-06-21,True
IS,ISQ13 Index,2013,8,2013-08-16,False
IS,ISU13 Index,2013,9,2013-09-20,True
IS,ISZ13 Index,2013,12,2013-12-20,True
IS,ISH14 Index,2014,3,2014-03-21,True
IS,ISM14 Index,2014,6,2014-06-20,True
IS,ISU14 Index,2014,9,2014-09-19,True
IS,ISZ14 Index,2014,12,2014-12-19,True
IS,ISH15 Index,2015,3,2015-03-20,True
IS,ISM15 Index,2015,6,2015-06-19,True
IS,ISU15 Index,2015,9,2015-09-18,True
IS,ISZ15 Index,2015,12,2015-12-18,True
IS,ISH16 Index,2016,3,2016-03-18,True
IS,ISM16 Index,2016,6,2016-06-17,True
IS,ISU16 Index,2016,9,2016-09-15,True
IS,ISZ16 Index,2016,12,2016-12-16,True
IS,ISH17 Index,2017,3,2017-03-17,True
IS,ISM17 Index,2017,6,2017-06-16,True
IS,ISU17 Index,2017,9,2017-09-15,True
IS,ISZ17 Index,2017,12,2017-12-15,True
IS,ISH18 Index,2018,3,2018-03-16,True
IS,ISM18 Index,2018,6,2018-06-15,True
IS,ISU18 Index,2018,9,2018-09-21,True
IS,ISZ18 Index,2018,12,2018-12-21,True
IS,ISH19 Index,2019,3,2019-03-15,True
IS,ISM19 Index,2019,6,2019-06-21,True
IS,ISU19 Index,2019,9,2019-09-20,True
IS,ISZ19 Index,2019,12,2019-12-20,True
IS,ISH20 Index,2020,3,2020-03-20,True
IS,ISM20 Index,2020,6,2020-06-19,True
IS,ISU20 Index,2020,9,2020-09-18,True
IS,ISZ20 Index,2020,12,2020-12-18,True
IS,ISH21 Index,2021,3,2021-03-19,True
IS,ISM21 Index,2021,6,2021-06-18,True
IS,ISU21 Index,2021,9,2021-09-17,True
IS,ISZ21 Index,2021,12,2021-12-17,True
IS,ISH22 Index,2022,3,2022-03-18,True
IS,ISM22 Index,2022,6,2022-06-17,True
IS,ISU22 Index,2022,9,2022-09-15,True
IS,ISZ22 Index,2022,12,2022-12-16,True
IS,ISH23 Index,2023,3,2023-03-17,True
IS,ISM23 Index,2023,6,2023-06-16,True
IS,ISU23 Index,2023,9,2023-09-15,True
IS,ISZ23 Index,2023,12,2023-12-15,True
IS,ISH24 Index,2024,3,2024-03-15,True
IS,ISM24 Index,2024,6,2024-06-21,True
IS,ISU24 Index,2024,9,2024-09-20,True
IS,ISZ24 Index,2024,12,2024-12-20,True
IS,ISH25 Index,2025,3,2025-03-21,True
IS,ISM25 Index,2025,6,2025-06-20,True
IS,ISU25 Index,2025,9,2025-09-19,True
IS,ISZ5 Index,2025,12,2025-12-19,True
IS,ISH6 Index,2026,3,2026-03-20,True
IS,ISM6 Index,2026,6,2026-06-19,True
IS,ISU6 Index,2026,9,2026-09-18,True
IS,ISZ6 Index,2026,12,2026-12-18,True
IS,ISH7 Index,2027,3,2027-03-19,True
IS,ISM7 Index,2027,6,2027-06-18,True
IS,ISU7 Index,2027,9,2027-09-17,True
NIFTY,NZM00 Index,2000,6,2000-06-29,True
NIFTY,NZN00 Index,2000,7,2000-07-27,True
NIFTY,NZQ00 Index,2000,8,2000-08-31,True
NIFTY,NZU00 Index,2000,9,2000-09-28,True
NIFTY,NZV00 Index,2000,10,2000-10-25,True
NIFTY,NZX00 Index,2000,11,2000-11-30,True
NIFTY,NZZ00 Index,2000,12,2000-12-28,True
NIFTY,NZF01 Index,2001,1,2001-01-25,True
NIFTY,NZG01 Index,2001,2,2001-02-22,True
NIFTY,NZH01 Index,2001,3,2001-03-29,True
NIFTY,NZJ01 Index,2001,4,2001-04-26,True
NIFTY,NZK01 Index,2001,5,2001-05-31,True
NIFTY,NZM01 Index,2001,6,2001-06-28,True
NIFTY,NZN01 Index,2001,7,2001-07-26,True
NIFTY,NZQ01 Index,2001,8,2001-08-30,True
NIFTY,NZU01 Index,2001,9,2001-09-27,True
NIFTY,NZV01 Index,2001,10,2001-10-25,True
NIFTY,NZX01 Index,2001,11,2001-11-29,True
NIFTY,NZZ01 Index,2001,12,2001-12-27,True
NIFTY,NZF02 Index,2002,1,2002-01-31,True
NIFTY,NZG02 Index,2002,2,2002-02-28,True
NIFTY,NZH02 Index,2002,3,2002-03-28,True
NIFTY,NZJ02 Index,2002,4,2002-04-25,True
NIFTY,NZK02 Index,2002,5,2002-05-30,True
NIFTY,NZM02 Index,2002,6,2002-06-27,True
NIFTY,NZN02 Index,2002,7,2002-07-25,True
NIFTY,NZQ02 Index,2002,8,2002-08-29,True
NIFTY,NZU02 Index,2002,9,2002-09-27,True
NIFTY,NZV02 Index,2002,10,2002-10-31,True
NIFTY,NZX02 Index,2002,11,2002-11-28,True
NIFTY,NZZ02 Index,2002,12,2002-12-26,True
NIFTY,NZF03 Index,2003,1,2003-01-30,True
NIFTY,NZG03 Index,2003,2,2003-02-27,True
NIFTY,NZH03 Index,2003,3,2003-03-27,True
NIFTY,NZJ03 Index,2003,4,2003-04-24,True
NIFTY,NZK03 Index,2003,5,2003-05-29,True
NIFTY,NZM03 Index,2003,6,2003-06-26,True
NIFTY,NZN03 Index,2003,7,2003-07-31,True
NIFTY,NZQ03 Index,2003,8,2003-08-28,True
NIFTY,NZU03 Index,2003,9,2003-09-25,True
NIFTY,NZV03 Index,2003,10,2003-10-30,True
NIFTY,NZX03 Index,2003,11,2003-11-27,True
NIFTY,NZZ03 Index,2003,12,2003-12-24,True
NIFTY,NZF04 Index,2004,1,2004-01-29,True
NIFTY,NZG04 Index,2004,2,2004-02-26,True
NIFTY,NZH04 Index,2004,3,2004-03-25,True
NIFTY,NZJ04 Index,2004,4,2004-04-29,True
NIFTY,NZK04 Index,2004,5,2004-05-27,True
NIFTY,NZM04 Index,2004,6,2004-06-24,True
NIFTY,NZN04 Index,2004,7,2004-07-29,True
NIFTY,NZQ04 Index,2004,8,2004-08-26,True
NIFTY,NZU04 Index,2004,9,2004-09-30,True
NIFTY,NZV04 Index,2004,10,2004-10-28,True
NIFTY,NZX04 Index,2004,11,2004-11-25,True
NIFTY,NZZ04 Index,2004,12,2004-12-30,True
NIFTY,NZF05 Index,2005,1,2005-01-27,True
NIFTY,NZG05 Index,2005,2,2005-02-24,True
NIFTY,NZH05 Index,2005,3,2005-03-31,True
NIFTY,NZJ05 Index,2005,4,2005-04-28,True
NIFTY,NZK05 Index,2005,5,2005-05-26,True
NIFTY,NZM05 Index,2005,6,2005-06-30,True
NIFTY,NZN05 Index,2005,7,2005-07-29,True
NIFTY,NZQ05 Index,2005,8,2005-08-25,True
NIFTY,NZU05 Index,2005,9,2005-09-29,True
NIFTY,NZV05 Index,2005,10,2005-10-27,True
NIFTY,NZX05 Index,2005,11,2005-11-24,True
NIFTY,NZZ05 Index,2005,12,2005-12-29,True
NIFTY,NZF06 Index,2006,1,2006-01-25,True
NIFTY,NZG06 Index,2006,2,2006-02-23,True
NIFTY,NZH06 Index,2006,3,2006-03-30,True
NIFTY,NZJ06 Index,2006,4,2006-04-27,True
NIFTY,NZK06 Index,2006,5,2006-05-25,True
NIFTY,NZM06 Index,2006,6,2006-06-29,True
NIFTY,NZN06 Index,2006,7,2006-07-27,True
NIFTY,NZQ06 Index,2006,8,2006-08-31,True
NIFTY,NZU06 Index,2006,9,2006-09-28,True
NIFTY,NZV06 Index,2006,10,2006-10-26,True
NIFTY,NZX06 Index,2006,11,2006-11-30,True
NIFTY,NZZ06 Index,2006,12,2006-12-28,True
NIFTY,NZF07 Index,2007,1,2007-01-25,True
NIFTY,NZG07 Index,2007,2,2007-02-22,True
NIFTY,NZH07 Index,2007,3,2007-03-29,True
NIFTY,NZJ07 Index,2007,4,2007-04-26,True
NIFTY,NZK07 Index,2007,5,2007-05-31,True
NIFTY,NZM07 Index,2007,6,2007-06-28,True
NIFTY,NZN07 Index,2007,7,2007-07-26,True
NIFTY,NZQ07 Index,2007,8,2007-08-30,True
NIFTY,NZU07 Index,2007,9,2007-09-27,True
NIFTY,NZV07 Index,2007,10,2007-10-25,True
NIFTY,NZX07 Index,2007,11,2007-11-29,True
NIFTY,NZZ07 Index,2007,12,2007-12-27,True
NIFTY,NZF08 Index,2008,1,2008-01-31,True
NIFTY,NZG08 Index,2008,2,2008-02-28,True
NIFTY,NZH08 Index,2008,3,2008-03-27,True
NIFTY,NZJ08 Index,2008,4,2008-04-24,True
NIFTY,NZK08 Index,2008,5,2008-05-29,True
NIFTY,NZM08 Index,2008,6,2008-06-26,True
NIFTY,NZN08 Index,2008,7,2008-07-31,True
NIFTY,NZQ08 Index,2008,8,2008-08-28,True
NIFTY,NZU08 Index,2008,9,2008-09-25,True
NIFTY,NZV08 Index,2008,10,2008-10-29,True
NIFTY,NZX08 Index,2008,11,2008-11-28,True
NIFTY,NZZ08 Index,2008,12,2008-12-24,True
NIFTY,NZF09 Index,2009,1,2009-01-29,True
NIFTY,NZG09 Index,2009,2,2009-02-26,True
NIFTY,NZH09 Index,2009,3,2009-03-26,True
NIFTY,NZJ09 Index,2009,4,2009-04-29,True
NIFTY,NZK09 Index,2009,5,2009-05-28,True
NIFTY,NZM09 Index,2009,6,2009-06-25,True
NIFTY,NZN09 Index,2009,7,2009-07-30,True
NIFTY,NZQ09 Index,2009,8,2009-08-27,True
NIFTY,NZU09 Index,2009,9,2009-09-24,True
NIFTY,NZV09 Index,2009,10,2009-10-29,True
NIFTY,NZX09 Index,2009,11,2009-11-26,True
NIFTY,NZZ09 Index,2009,12,2009-12-31,True
NIFTY,NZF10 Index,2010,1,2010-01-28,True
NIFTY,NZG10 Index,2010,2,2010-02-25,True
NIFTY,NZH10 Index,2010,3,2010-03-25,True
NIFTY,NZJ10 Index,2010,4,2010-04-29,True
NIFTY,NZK10 Index,2010,5,2010-05-27,True
NIFTY,NZM10 Index,2010,6,2010-06-24,True
NIFTY,NZN10 Index,2010,7,2010-07-29,True
NIFTY,NZQ10 Index,2010,8,2010-08-26,True
NIFTY,NZU10 Index,2010,9,2010-09-30,True
NIFTY,NZV10 Index,2010,10,2010-10-28,True
NIFTY,NZX10 Index,2010,11,2010-11-25,True
NIFTY,NZZ10 Index,2010,12,2010-12-30,True
NIFTY,NZF11 Index,2011,1,2011-01-27,True
NIFTY,NZG11 Index,2011,2,2011-02-24,True
NIFTY,NZH11 Index,2011,3,2011-03-31,True
NIFTY,NZJ11 Index,2011,4,2011-04-28,True
NIFTY,NZK11 Index,2011,5,2011-05-26,True
NIFTY,NZM11 Index,2011,6,2011-06-30,True
NIFTY,NZN11 Index,2011,7,2011-07-28,True
NIFTY,NZQ11 Index,2011,8,2011-08-25,True
NIFTY,NZU11 Index,2011,9,2011-09-29,True
NIFTY,NZV11 Index,2011,10,2011-10-25,True
NIFTY,NZX11 Index,2011,11,2011-11-24,True
NIFTY,NZZ11 Index,2011,12,2011-12-29,True
NIFTY,NZF12 Index,2012,1,2012-01-25,True
NIFTY,NZG12 Index,2012,2,2012-02-23,True
NIFTY,NZH12 Index,2012,3,2012-03-29,True
NIFTY,NZJ12 Index,2012,4,2012-04-26,True
NIFTY,NZK12 Index,2012,5,2012-05-31,True
NIFTY,NZM12 Index,2012,6,2012-06-28,True
NIFTY,NZN12 Index,2012,7,2012-07-26,True
NIFTY,NZQ12 Index,2012,8,2012-08-30,True
NIFTY,NZU12 Index,2012,9,2012-09-27,True
NIFTY,NZV12 Index,2012,10,2012-10-25,True
NIFTY,NZX12 Index,2012,11,2012-11-29,True
NIFTY,NZZ12 Index,2012,12,2012-12-27,True
NIFTY,NZF13 Index,2013,1,2013-01-31,True
NIFTY,NZG13 Index,2013,2,2013-02-28,True
NIFTY,NZH13 Index,2013,3,2013-03-28,True
NIFTY,NZJ13 Index,2013,4,2013-04-25,True
NIFTY,NZK13 Index,2013,5,2013-05-30,True
NIFTY,NZM13 Index,2013,6,2013-06-27,True
NIFTY,NZN13 Index,2013,7,2013-07-25,True
NIFTY,NZQ13 Index,2013,8,2013-08-29,True
NIFTY,NZU13 Index,2013,9,2013-09-26,True
NIFTY,NZV13 Index,2013,10,2013-10-31,True
NIFTY,NZX13 Index,2013,11,2013-11-28,True
NIFTY,NZZ13 Index,2013,12,2013-12-26,True
NIFTY,NZF14 Index,2014,1,2014-01-30,True
NIFTY,NZG14 Index,2014,2,2014-02-26,True
NIFTY,NZH14 Index,2014,3,2014-03-27,True
NIFTY,NZJ14 Index,2014,4,2014-04-23,True
NIFTY,NZK14 Index,2014,5,2014-05-29,True
NIFTY,NZM14 Index,2014,6,2014-06-26,True
NIFTY,NZN14 Index,2014,7,2014-07-31,True
NIFTY,NZQ14 Index,2014,8,2014-08-28,True
NIFTY,NZU14 Index,2014,9,2014-09-25,True
NIFTY,NZV14 Index,2014,10,2014-10-30,True
NIFTY,NZX14 Index,2014,11,2014-11-27,True
NIFTY,NZZ14 Index,2014,12,2014-12-24,True
NIFTY,NZF15 Index,2015,1,2015-01-29,True
NIFTY,NZG15 Index,2015,2,2015-02-26,True
NIFTY,NZH15 Index,2015,3,2015-03-26,True
NIFTY,NZJ15 Index,2015,4,2015-04-30,True
NIFTY,NZK15 Index,2015,5,2015-05-28,True
NIFTY,NZM15 Index,2015,6,2015-06-25,True
NIFTY,NZN15 Index,2015,7,2015-07-30,True
NIFTY,NZQ15 Index,2015,8,2015-08-27,True
NIFTY,NZU15 Index,2015,9,2015-09-24,True
NIFTY,NZV15 Index,2015,10,2015-10-29,True
NIFTY,NZX15 Index,2015,11,2015-11-26,True
NIFTY,NZZ15 Index,2015,12,2015-12-31,True
NIFTY,NZF16 Index,2016,1,2016-01-28,True
NIFTY,NZG16 Index,2016,2,2016-02-25,True
NIFTY,NZH16 Index,2016,3,2016-03-31,True
NIFTY,NZJ16 Index,2016,4,2016-04-28,True
NIFTY,NZK16 Index,2016,5,2016-05-26,True
NIFTY,NZM16 Index,2016,6,2016-06-30,True
NIFTY,NZN16 Index,2016,7,2016-07-28,True
NIFTY,NZQ16 Index,2016,8,2016-08-25,True
NIFTY,NZU16 Index,2016,9,2016-09-29,True
NIFTY,NZV16 Index,2016,10,2016-10-27,True
NIFTY,NZX16 Index,2016,11,2016-11-24,True
NIFTY,NZZ16 Index,2016,12,2016-12-29,True
NIFTY,NZF17 Index,2017,1,2017-01-25,True
NIFTY,NZG17 Index,2017,2,2017-02-23,True
NIFTY,NZH17 Index,2017,3,2017-03-30,True
NIFTY,NZJ17 Index,2017,4,2017-04-27,True
NIFTY,NZK17 Index,2017,5,2017-05-25,True
NIFTY,NZM17 Index,2017,6,2017-06-29,True
NIFTY,NZN17 Index,2017,7,2017-07-27,True
NIFTY,NZQ17 Index,2017,8,2017-08-31,True
NIFTY,NZU17 Index,2017,9,2017-09-28,True
NIFTY,NZV17 Index,2017,10,2017-10-26,True
NIFTY,NZX17 Index,2017,11,2017-11-30,True
NIFTY,NZZ17 Index,2017,12,2017-12-28,True
NIFTY,NZF18 Index,2018,1,2018-01-25,True
NIFTY,NZG18 Index,2018,2,2018-02-22,True
NIFTY,NZH18 Index,2018,3,2018-03-28,True
NIFTY,NZJ18 Index,2018,4,2018-04-26,True
NIFTY,NZK18 Index,2018,5,2018-05-31,True
NIFTY,NZM18 Index,2018,6,2018-06-28,True
NIFTY,NZN18 Index,2018,7,2018-07-26,True
NIFTY,NZQ18 Index,2018,8,2018-08-30,True
NIFTY,NZU18 Index,2018,9,2018-09-27,True
NIFTY,NZV18 Index,2018,10,2018-10-25,True
NIFTY,NZX18 Index,2018,11,2018-11-29,True
NIFTY,NZZ18 Index,2018,12,2018-12-27,True
NIFTY,NZF19 Index,2019,1,2019-01-31,True
NIFTY,NZG19 Index,2019,2,2019-02-28,True
NIFTY,NZH19 Index,2019,3,2019-03-28,True
NIFTY,NZJ19 Index,2019,4,2019-04-25,True
NIFTY,NZK19 Index,2019,5,2019-05-30,True
NIFTY,NZM19 Index,2019,6,2019-06-27,True
NIFTY,NZN19 Index,2019,7,2019-07-25,True
NIFTY,NZQ19 Index,2019,8,2019-08-29,True
NIFTY,NZU19 Index,2019,9,2019-09-26,True
NIFTY,NZV19 Index,2019,10,2019-10-31,True
NIFTY,NZX19 Index,2019,11,2019-11-28,True
NIFTY,NZZ19 Index,2019,12,2019-12-26,True
NIFTY,NZF20 Index,2020,1,2020-01-30,True
NIFTY,NZG20 Index,2020,2,2020-02-27,True
NIFTY,NZH20 Index,2020,3,2020-03-26,True
NIFTY,NZJ20 Index,2020,4,2020-04-30,True
NIFTY,NZK20 Index,2020,5,2020-05-28,True
NIFTY,NZM20 Index,2020,6,2020-06-25,True
NIFTY,NZN20 Index,2020,7,2020-07-30,True
NIFTY,NZQ20 Index,2020,8,2020-08-27,True
NIFTY,NZU20 Index,2020,9,2020-09-24,True
NIFTY,NZV20 Index,2020,10,2020-10-29,True
NIFTY,NZX20 Index,2020,11,2020-11-26,True
NIFTY,NZZ20 Index,2020,12,2020-12-31,True
NIFTY,NZF21 Index,2021,1,2021-01-28,True
NIFTY,NZG21 Index,2021,2,2021-02-25,True
NIFTY,NZH21 Index,2021,3,2021-03-25,True
NIFTY,NZJ21 Index,2021,4,2021-04-29,True
NIFTY,NZK21 Index,2021,5,2021-05-27,True
NIFTY,NZM21 Index,2021,6,2021-06-24,True
NIFTY,NZN21 Index,2021,7,2021-07-29,True
NIFTY,NZQ21 Index,2021,8,2021-08-26,True
NIFTY,NZU21 Index,2021,9,2021-09-30,True
NIFTY,NZV21 Index,2021,10,2021-10-28,True
NIFTY,NZX21 Index,2021,11,2021-11-25,True
NIFTY,NZZ21 Index,2021,12,2021-12-30,True
NIFTY,NZF22 Index,2022,1,2022-01-27,True
NIFTY,NZG22 Index,2022,2,2022-02-24,True
NIFTY,NZH22 Index,2022,3,2022-03-31,True
NIFTY,NZJ22 Index,2022,4,2022-04-28,True
NIFTY,NZK22 Index,2022,5,2022-05-26,True
NIFTY,NZM22 Index,2022,6,2022-06-30,True
NIFTY,NZN22 Index,2022,7,2022-07-28,True
NIFTY,NZQ22 Index,2022,8,2022-08-25,True
NIFTY,NZU22 Index,2022,9,2022-09-29,True
NIFTY,NZV22 Index,2022,10,2022-10-27,True
NIFTY,NZX22 Index,2022,11,2022-11-24,True
NIFTY,NZZ22 Index,2022,12,2022-12-29,True
NIFTY,NZF23 Index,2023,1,2023-01-25,True
NIFTY,NZG23 Index,2023,2,2023-02-23,True
NIFTY,NZH23 Index,2023,3,2023-03-29,True
NIFTY,NZJ23 Index,2023,4,2023-04-27,True
NIFTY,NZK23 Index,2023,5,2023-05-25,True
NIFTY,NZM23 Index,2023,6,2023-06-28,True
NIFTY,NZN23 Index,2023,7,2023-07-27,True
NIFTY,NZQ23 Index,2023,8,2023-08-31,True
NIFTY,NZU23 Index,2023,9,2023-09-28,True
NIFTY,NZV23 Index,2023,10,2023-10-26,True
NIFTY,NZX23 Index,2023,11,2023-11-30,True
NIFTY,NZZ23 Index,2023,12,2023-12-28,True
NIFTY,NZF24 Index,2024,1,2024-01-25,True
NIFTY,NZG24 Index,2024,2,2024-02-29,True
NIFTY,NZH24 Index,2024,3,2024-03-28,True
NIFTY,NZJ24 Index,2024,4,2024-04-25,True
NIFTY,NZK24 Index,2024,5,2024-05-30,True
NIFTY,NZM24 Index,2024,6,2024-06-27,True
NIFTY,NZN24 Index,2024,7,2024-07-25,True
NIFTY,NZQ24 Index,2024,8,2024-08-29,True
NIFTY,NZU24 Index,2024,9,2024-09-26,True
NIFTY,NZV24 Index,2024,10,2024-10-31,True
NIFTY,NZX24 Index,2024,11,2024-11-28,True
NIFTY,NZZ24 Index,2024,12,2024-12-26,True
NIFTY,NZF25 Index,2025,1,2025-01-30,True
NIFTY,NZG25 Index,2025,2,2025-02-27,True
NIFTY,NZH25 Index,2025,3,2025-03-27,True
NIFTY,NZJ25 Index,2025,4,2025-04-24,True
NIFTY,NZK25 Index,2025,5,2025-05-29,True
NIFTY,NZM25 Index,2025,6,2025-06-26,True
NIFTY,NZN25 Index,2025,7,2025-07-31,True
NIFTY,NZQ25 Index,2025,8,2025-08-28,True
NIFTY,NZU25 Index,2025,9,2025-09-30,True
NIFTY,NZV25 Index,2025,10,2025-10-28,True
NIFTY,NZX5 Index,2025,11,2025-11-25,True
NIFTY,NZZ5 Index,2025,12,2025-12-30,True
NIFTY,NZF6 Index,2026,1,2026-01-27,True
NIFTY,NZG6 Index,2026,2,2026-02-24,True
NIFTY,NZH6 Index,2026,3,2026-03-30,True
NIFTY,NZJ6 Index,2026,4,2026-04-28,True
NIFTY,NZK6 Index,2026,5,2026-05-26,True
NIFTY,NZM6 Index,2026,6,2026-06-30,True
NIFTY,NZN6 Index,2026,7,2026-07-28,True
NIFTY,NZQ6 Index,2026,8,2026-08-25,True
NIFTY,NZU6 Index,2026,9,2026-09-29,True
NIFTY,NZV6 Index,2026,10,2026-10-27,True
NIFTY,NZX6 Index,2026,11,2026-11-23,True
NIFTY,NZZ6 Index,2026,12,2026-12-29,True
Z,Z H88 Index,1988,3,1988-03-17,True
Z,Z M88 Index,1988,6,1988-06-20,True
Z,Z U88 Index,1988,9,1988-09-20,True
Z,Z Z88 Index,1988,12,1988-12-20,True
Z,Z H89 Index,1989,3,1989-03-20,True
Z,Z M89 Index,1989,6,1989-06-20,True
Z,Z U89 Index,1989,9,1989-09-20,True
Z,Z Z89 Index,1989,12,1989-12-20,True
Z,Z H90 Index,1990,3,1990-03-20,True
Z,Z M90 Index,1990,6,1990-06-20,True
Z,Z U90 Index,1990,9,1990-09-20,True
Z,Z Z90 Index,1990,12,1990-12-20,True
Z,Z H91 Index,1991,3,1991-03-20,True
Z,Z M91 Index,1991,6,1991-06-20,True
Z,Z U91 Index,1991,9,1991-09-30,True
Z,Z Z91 Index,1991,12,1991-12-31,True
Z,Z H92 Index,1992,3,1992-03-31,True
Z,Z M92 Index,1992,6,1992-06-19,True
Z,Z U92 Index,1992,9,1992-09-18,True
Z,Z Z92 Index,1992,12,1992-12-18,True
Z,Z H93 Index,1993,3,1993-03-19,True
Z,Z M93 Index,1993,6,1993-06-18,True
Z,Z U93 Index,1993,9,1993-09-17,True
Z,Z Z93 Index,1993,12,1993-12-17,True
Z,Z H94 Index,1994,3,1994-03-18,True
Z,Z M94 Index,1994,6,1994-06-17,True
Z,Z U94 Index,1994,9,1994-09-16,True
Z,Z Z94 Index,1994,12,1994-12-16,True
Z,Z H95 Index,1995,3,1995-03-17,True
Z,Z M95 Index,1995,6,1995-06-16,True
Z,Z U95 Index,1995,9,1995-09-15,True
Z,Z Z95 Index,1995,12,1995-12-15,True
Z,Z H96 Index,1996,3,1996-03-15,True
Z,Z M96 Index,1996,6,1996-06-21,True
Z,Z U96 Index,1996,9,1996-09-20,True
Z,Z Z96 Index,1996,12,1996-12-20,True
Z,Z H97 Index,1997,3,1997-03-21,True
Z,Z M97 Index,1997,6,1997-06-20,True
Z,Z U97 Index,1997,9,1997-09-19,True
Z,Z Z97 Index,1997,12,1997-12-19,True
Z,Z H98 Index,1998,3,1998-03-20,True
Z,Z M98 Index,1998,6,1998-06-19,True
Z,Z U98 Index,1998,9,1998-09-18,True
Z,Z Z98 Index,1998,12,1998-12-18,True
Z,Z H99 Index,1999,3,1999-03-19,True
Z,Z M99 Index,1999,6,1999-06-18,True
Z,Z U99 Index,1999,9,1999-09-17,True
Z,Z Z99 Index,1999,12,1999-12-17,True
Z,Z H00 Index,2000,3,2000-03-17,True
Z,Z M00 Index,2000,6,2000-06-16,True
Z,Z U00 Index,2000,9,2000-09-15,True
Z,Z Z00 Index,2000,12,2000-12-15,True
Z,Z H01 Index,2001,3,2001-03-16,True
Z,Z M01 Index,2001,6,2001-06-15,True
Z,Z U01 Index,2001,9,2001-09-21,True
Z,Z Z01 Index,2001,12,2001-12-21,True
Z,Z H02 Index,2002,3,2002-03-15,True
Z,Z M02 Index,2002,6,2002-06-21,True
Z,Z U02 Index,2002,9,2002-09-20,True
Z,Z Z02 Index,2002,12,2002-12-20,True
Z,Z H03 Index,2003,3,2003-03-21,True
Z,Z M03 Index,2003,6,2003-06-20,True
Z,Z U03 Index,2003,9,2003-09-19,True
Z,Z Z03 Index,2003,12,2003-12-19,True
Z,Z H04 Index,2004,3,2004-03-19,True
Z,Z M04 Index,2004,6,2004-06-18,True
Z,Z U04 Index,2004,9,2004-09-17,True
Z,Z Z04 Index,2004,12,2004-12-17,True
Z,Z H05 Index,2005,3,2005-03-18,True
Z,Z M05 Index,2005,6,2005-06-17,True
Z,Z U05 Index,2005,9,2005-09-16,True
Z,Z Z05 Index,2005,12,2005-12-16,True
Z,Z H06 Index,2006,3,2006-03-17,True
Z,Z M06 Index,2006,6,2006-06-16,True
Z,Z U06 Index,2006,9,2006-09-15,True
Z,Z Z06 Index,2006,12,2006-12-15,True
Z,Z H07 Index,2007,3,2007-03-16,True
Z,Z M07 Index,2007,6,2007-06-15,True
Z,Z U07 Index,2007,9,2007-09-21,True
Z,Z Z07 Index,2007,12,2007-12-21,True
Z,Z H08 Index,2008,3,2008-03-20,True
Z,Z M08 Index,2008,6,2008-06-20,True
Z,Z U08 Index,2008,9,2008-09-19,True
Z,Z Z08 Index,2008,12,2008-12-19,True
Z,Z H09 Index,2009,3,2009-03-20,True
Z,Z M09 Index,2009,6,2009-06-19,True
Z,Z U09 Index,2009,9,2009-09-18,True
Z,Z Z09 Index,2009,12,2009-12-18,True
Z,Z H10 Index,2010,3,2010-03-19,True
Z,Z M10 Index,2010,6,2010-06-18,True
Z,Z U10 Index,2010,9,2010-09-17,True
Z,Z Z10 Index,2010,12,2010-12-17,True
Z,Z H11 Index,2011,3,2011-03-18,True
Z,Z M11 Index,2011,6,2011-06-17,True
Z,Z U11 Index,2011,9,2011-09-16,True
Z,Z Z11 Index,2011,12,2011-12-16,True
Z,Z H12 Index,2012,3,2012-03-16,True
Z,Z M12 Index,2012,6,2012-06-15,True
Z,Z U12 Index,2012,9,2012-09-21,True
Z,Z Z12 Index,2012,12,2012-12-21,True
Z,Z H13 Index,2013,3,2013-03-15,True
Z,Z M13 Index,2013,6,2013-06-21,True
Z,Z U13 Index,2013,9,2013-09-20,True
Z,Z Z13 Index,2013,12,2013-12-20,True
Z,Z H14 Index,2014,3,2014-03-21,True
Z,Z M14 Index,2014,6,2014-06-20,True
Z,Z U14 Index,2014,9,2014-09-19,True
Z,Z Z14 Index,2014,12,2014-12-19,True
Z,Z H15 Index,2015,3,2015-03-20,True
Z,Z M15 Index,2015,6,2015-06-19,True
Z,Z U15 Index,2015,9,2015-09-18,True
Z,Z Z15 Index,2015,12,2015-12-18,True
Z,Z H16 Index,2016,3,2016-03-18,True
Z,Z M16 Index,2016,6,2016-06-17,True
Z,Z U16 Index,2016,9,2016-09-16,True
Z,Z Z16 Index,2016,12,2016-12-16,True
Z,Z H17 Index,2017,3,2017-03-17,True
Z,Z M17 Index,2017,6,2017-06-16,True
Z,Z U17 Index,2017,9,2017-09-15,True
Z,Z Z17 Index,2017,12,2017-12-15,True
Z,Z H18 Index,2018,3,2018-03-16,True
Z,Z M18 Index,2018,6,2018-06-15,True
Z,Z U18 Index,2018,9,2018-09-21,True
Z,Z Z18 Index,2018,12,2018-12-21,True
Z,Z H19 Index,2019,3,2019-03-15,True
Z,Z M19 Index,2019,6,2019-06-21,True
Z,Z U19 Index,2019,9,2019-09-20,True
Z,Z Z19 Index,2019,12,2019-12-20,True
Z,Z H20 Index,2020,3,2020-03-20,True
Z,Z M20 Index,2020,6,2020-06-19,True
Z,Z U20 Index,2020,9,2020-09-18,True
Z,Z Z20 Index,2020,12,2020-12-18,True
Z,Z H21 Index,2021,3,2021-03-19,True
Z,Z M21 Index,2021,6,2021-06-18,True
Z,Z U21 Index,2021,9,2021-09-17,True
Z,Z Z21 Index,2021,12,2021-12-17,True
Z,Z H22 Index,2022,3,2022-03-18,True
Z,Z M22 Index,2022,6,2022-06-17,True
Z,Z U22 Index,2022,9,2022-09-16,True
Z,Z Z22 Index,2022,12,2022-12-16,True
Z,Z H23 Index,2023,3,2023-03-17,True
Z,Z M23 Index,2023,6,2023-06-16,True
Z,Z U23 Index,2023,9,2023-09-15,True
Z,Z Z23 Index,2023,12,2023-12-15,True
Z,Z H24 Index,2024,3,2024-03-15,True
Z,Z M24 Index,2024,6,2024-06-21,True
Z,Z U24 Index,2024,9,2024-09-20,True
Z,Z Z24 Index,2024,12,2024-12-20,True
Z,Z H25 Index,2025,3,2025-03-21,True
Z,Z M25 Index,2025,6,2025-06-20,True
Z,Z U25 Index,2025,9,2025-09-19,True
Z,Z Z5 Index,2025,12,2025-12-19,True
Z,Z H6 Index,2026,3,2026-03-20,True
Z,Z M6 Index,2026,6,2026-06-19,True
Z,Z U6 Index,2026,9,2026-09-18,True
Z,Z Z6 Index,2026,12,2026-12-18,True
Z,Z H7 Index,2027,3,2027-03-19,True
Z,Z M7 Index,2027,6,2027-06-18,True
Z,Z U7 Index,2027,9,2027-09-17,True
EO,EOF89 Index,1989,1,1989-01-20,True
EO,EOG89 Index,1989,2,1989-02-17,True
EO,EOH89 Index,1989,3,1989-03-17,True
EO,EOJ89 Index,1989,4,1989-04-21,True
EO,EOK89 Index,1989,5,1989-05-19,True
EO,EOM89 Index,1989,6,1989-06-16,True
EO,EON89 Index,1989,7,1989-07-21,True
EO,EOQ89 Index,1989,8,1989-08-18,True
EO,EOU89 Index,1989,9,1989-09-15,True
EO,EOV89 Index,1989,10,1989-10-04,True
EO,EOX89 Index,1989,11,1989-11-17,True
EO,EOZ89 Index,1989,12,1989-12-15,True
EO,EOF90 Index,1990,1,1990-01-19,True
EO,EOG90 Index,1990,2,1990-02-16,True
EO,EOH90 Index,1990,3,1990-03-16,True
EO,EOJ90 Index,1990,4,1990-04-20,True
EO,EOK90 Index,1990,5,1990-05-18,True
EO,EOM90 Index,1990,6,1990-06-15,True
EO,EON90 Index,1990,7,1990-07-20,True
EO,EOQ90 Index,1990,8,1990-08-17,True
EO,EOU90 Index,1990,9,1990-09-21,True
EO,EOV90 Index,1990,10,1990-10-19,True
EO,EOX90 Index,1990,11,1990-11-16,True
EO,EOZ90 Index,1990,12,1990-12-21,True
EO,EOF91 Index,1991,1,1991-01-18,True
EO,EOG91 Index,1991,2,1991-02-15,True
EO,EOH91 Index,1991,3,1991-03-15,True
EO,EOJ91 Index,1991,4,1991-04-19,True
EO,EOK91 Index,1991,5,1991-05-17,True
EO,EOM91 Index,1991,6,1991-06-21,True
EO,EON91 Index,1991,7,1991-07-19,True
EO,EOQ91 Index,1991,8,1991-08-16,True
EO,EOU91 Index,1991,9,1991-09-20,True
EO,EOV91 Index,1991,10,1991-10-18,True
EO,EOX91 Index,1991,11,1991-11-15,True
EO,EOZ91 Index,1991,12,1991-12-20,True
EO,EOF92 Index,1992,1,1992-01-17,True
EO,EOG92 Index,1992,2,1992-02-21,True
EO,EOH92 Index,1992,3,1992-03-20,True
EO,EOJ92 Index,1992,4,1992-04-17,True
EO,EOK92 Index,1992,5,1992-05-15,True
EO,EOM92 Index,1992,6,1992-06-19,True
EO,EON92 Index,1992,7,1992-07-17,True
EO,EOQ92 Index,1992,8,1992-08-21,True
EO,EOU92 Index,1992,9,1992-09-18,True
EO,EOV92 Index,1992,10,1992-10-16,True
EO,EOX92 Index,1992,11,1992-11-20,True
EO,EOZ92 Index,1992,12,1992-12-18,True
EO,EOF93 Index,1993,1,1993-01-15,True
EO,EOG93 Index,1993,2,1993-02-19,True
EO,EOH93 Index,1993,3,1993-03-19,True
EO,EOJ93 Index,1993,4,1993-04-16,True
EO,EOK93 Index,1993,5,1993-05-21,True
EO,EOM93 Index,1993,6,1993-06-18,True
EO,EON93 Index,1993,7,1993-07-16,True
EO,EOQ93 Index,1993,8,1993-08-20,True
EO,EOU93 Index,1993,9,1993-09-17,True
EO,EOV93 Index,1993,10,1993-10-15,True
EO,EOX93 Index,1993,11,1993-11-19,True
EO,EOZ93 Index,1993,12,1993-12-17,True
EO,EOF94 Index,1994,1,1994-01-21,True
EO,EOG94 Index,1994,2,1994-02-18,True
EO,EOH94 Index,1994,3,1994-03-18,True
EO,EOJ94 Index,1994,4,1994-04-15,True
EO,EOK94 Index,1994,5,1994-05-20,True
EO,EOM94 Index,1994,6,1994-06-17,True
EO,EON94 Index,1994,7,1994-07-15,True
EO,EOQ94 Index,1994,8,1994-08-19,True
EO,EOU94 Index,1994,9,1994-09-16,True
EO,EOV94 Index,1994,10,1994-10-21,True
EO,EOX94 Index,1994,11,1994-11-18,True
EO,EOZ94 Index,1994,12,1994-12-16,True
EO,EOF95 Index,1995,1,1995-01-20,True
EO,EOG95 Index,1995,2,1995-02-17,True
EO,EOH95 Index,1995,3,1995-03-17,True
EO,EOJ95 Index,1995,4,1995-04-21,True
EO,EOK95 Index,1995,5,1995-05-19,True
EO,EOM95 Index,1995,6,1995-06-16,True
EO,EON95 Index,1995,7,1995-07-21,True
EO,EOQ95 Index,1995,8,1995-08-18,True
EO,EOU95 Index,1995,9,1995-09-15,True
EO,EOV95 Index,1995,10,1995-10-20,True
EO,EOX95 Index,1995,11,1995-11-17,True
EO,EOZ95 Index,1995,12,1995-12-15,True
EO,EOF96 Index,1996,1,1996-01-19,True
EO,EOG96 Index,1996,2,1996-02-16,True
EO,EOH96 Index,1996,3,1996-03-15,True
EO,EOJ96 Index,1996,4,1996-04-19,True
EO,EOK96 Index,1996,5,1996-05-17,True
EO,EOM96 Index,1996,6,1996-06-21,True
EO,EON96 Index,1996,7,1996-07-19,True
EO,EOQ96 Index,1996,8,1996-08-16,True
EO,EOU96 Index,1996,9,1996-09-20,True
EO,EOV96 Index,1996,10,1996-10-18,True
EO,EOX96 Index,1996,11,1996-11-15,True
EO,EOZ96 Index,1996,12,1996-12-20,True
EO,EOF97 Index,1997,1,1997-01-17,True
EO,EOG97 Index,1997,2,1997-02-21,True
EO,EOH97 Index,1997,3,1997-03-21,True
EO,EOJ97 Index,1997,4,1997-04-18,True
EO,EOK97 Index,1997,5,1997-05-16,True
EO,EOM97 Index,1997,6,1997-06-20,True
EO,EON97 Index,1997,7,1997-07-18,True
EO,EOQ97 Index,1997,8,1997-08-15,True
EO,EOU97 Index,1997,9,1997-09-19,True
EO,EOV97 Index,1997,10,1997-10-17,True
EO,EOX97 Index,1997,11,1997-11-21,True
EO,EOZ97 Index,1997,12,1997-12-19,True
EO,EOF98 Index,1998,1,1998-01-16,True
EO,EOG98 Index,1998,2,1998-02-20,True
EO,EOH98 Index,1998,3,1998-03-20,True
EO,EOJ98 Index,1998,4,1998-04-17,True
EO,EOK98 Index,1998,5,1998-05-15,True
EO,EOM98 Index,1998,6,1998-06-19,True
EO,EON98 Index,1998,7,1998-07-17,True
EO,EOQ98 Index,1998,8,1998-08-21,True
EO,EOU98 Index,1998,9,1998-09-18,True
EO,EOV98 Index,1998,10,1998-10-16,True
EO,EOX98 Index,1998,11,1998-11-20,True
EO,EOZ98 Index,1998,12,1998-12-18,True
EO,EOF99 Index,1999,1,1999-01-15,True
EO,EOG99 Index,1999,2,1999-02-19,True
EO,EOH99 Index,1999,3,1999-03-19,True
EO,EOJ99 Index,1999,4,1999-04-16,True
EO,EOK99 Index,1999,5,1999-05-21,True
EO,EOM99 Index,1999,6,1999-06-18,True
EO,EON99 Index,1999,7,1999-07-16,True
EO,EOQ99 Index,1999,8,1999-08-20,True
EO,EOU99 Index,1999,9,1999-09-17,True
EO,EOV99 Index,1999,10,1999-10-15,True
EO,EOX99 Index,1999,11,1999-11-19,True
EO,EOZ99 Index,1999,12,1999-12-17,True
EO,EOF00 Index,2000,1,2000-01-21,True
EO,EOG00 Index,2000,2,2000-02-18,True
EO,EOH00 Index,2000,3,2000-03-17,True
EO,EOJ00 Index,2000,4,2000-04-20,True
EO,EOK00 Index,2000,5,2000-05-19,True
EO,EOM00 Index,2000,6,2000-06-16,True
EO,EON00 Index,2000,7,2000-07-21,True
EO,EOQ00 Index,2000,8,2000-08-18,True
EO,EOU00 Index,2000,9,2000-09-15,True
EO,EOV00 Index,2000,10,2000-10-20,True
EO,EOX00 Index,2000,11,2000-11-17,True
EO,EOZ00 Index,2000,12,2000-12-15,True
EO,EOF01 Index,2001,1,2001-01-19,True
EO,EOG01 Index,2001,2,2001-02-16,True
EO,EOH01 Index,2001,3,2001-03-16,True
EO,EOJ01 Index,2001,4,2001-04-20,True
EO,EOK01 Index,2001,5,2001-05-18,True
EO,EOM01 Index,2001,6,2001-06-15,True
EO,EON01 Index,2001,7,2001-07-20,True
EO,EOQ01 Index,2001,8,2001-08-17,True
EO,EOU01 Index,2001,9,2001-09-21,True
EO,EOV01 Index,2001,10,2001-10-19,True
EO,EOX01 Index,2001,11,2001-11-16,True
EO,EOZ01 Index,2001,12,2001-12-21,True
EO,EOF02 Index,2002,1,2002-01-18,True
EO,EOG02 Index,2002,2,2002-02-15,True
EO,EOH02 Index,2002,3,2002-03-15,True
EO,EOJ02 Index,2002,4,2002-04-19,True
EO,EOK02 Index,2002,5,2002-05-17,True
EO,EOM02 Index,2002,6,2002-06-21,True
EO,EON02 Index,2002,7,2002-07-19,True
EO,EOQ02 Index,2002,8,2002-08-16,True
EO,EOU02 Index,2002,9,2002-09-20,True
EO,EOV02 Index,2002,10,2002-10-18,True
EO,EOX02 Index,2002,11,2002-11-15,True
EO,EOZ02 Index,2002,12,2002-12-20,True
EO,EOF03 Index,2003,1,2003-01-17,True
EO,EOG03 Index,2003,2,2003-02-21,True
EO,EOH03 Index,2003,3,2003-03-21,True
EO,EOJ03 Index,2003,4,2003-04-17,True
EO,EOK03 Index,2003,5,2003-05-16,True
EO,EOM03 Index,2003,6,2003-06-20,True
EO,EON03 Index,2003,7,2003-07-18,True
EO,EOQ03 Index,2003,8,2003-08-15,True
EO,EOU03 Index,2003,9,2003-09-19,True
EO,EOV03 Index,2003,10,2003-10-17,True
EO,EOX03 Index,2003,11,2003-11-21,True
EO,EOZ03 Index,2003,12,2003-12-19,True
EO,EOF04 Index,2004,1,2004-01-16,True
EO,EOG04 Index,2004,2,2004-02-20,True
EO,EOH04 Index,2004,3,2004-03-19,True
EO,EOJ04 Index,2004,4,2004-04-16,True
EO,EOK04 Index,2004,5,2004-05-21,True
EO,EOM04 Index,2004,6,2004-06-18,True
EO,EON04 Index,2004,7,2004-07-16,True
EO,EOQ04 Index,2004,8,2004-08-20,True
EO,EOU04 Index,2004,9,2004-09-17,True
EO,EOV04 Index,2004,10,2004-10-15,True
EO,EOX04 Index,2004,11,2004-11-19,True
EO,EOZ04 Index,2004,12,2004-12-17,True
EO,EOF05 Index,2005,1,2005-01-21,True
EO,EOG05 Index,2005,2,2005-02-18,True
EO,EOH05 Index,2005,3,2005-03-18,True
EO,EOJ05 Index,2005,4,2005-04-15,True
EO,EOK05 Index,2005,5,2005-05-20,True
EO,EOM05 Index,2005,6,2005-06-17,True
EO,EON05 Index,2005,7,2005-07-15,True
EO,EOQ05 Index,2005,8,2005-08-19,True
EO,EOU05 Index,2005,9,2005-09-16,True
EO,EOV05 Index,2005,10,2005-10-21,True
EO,EOX05 Index,2005,11,2005-11-18,True
EO,EOZ05 Index,2005,12,2005-12-16,True
EO,EOF06 Index,2006,1,2006-01-20,True
EO,EOG06 Index,2006,2,2006-02-17,True
EO,EOH06 Index,2006,3,2006-03-17,True
EO,EOJ06 Index,2006,4,2006-04-21,True
EO,EOK06 Index,2006,5,2006-05-19,True
EO,EOM06 Index,2006,6,2006-06-16,True
EO,EON06 Index,2006,7,2006-07-21,True
EO,EOQ06 Index,2006,8,2006-08-18,True
EO,EOU06 Index,2006,9,2006-09-15,True
EO,EOV06 Index,2006,10,2006-10-20,True
EO,EOX06 Index,2006,11,2006-11-17,True
EO,EOZ06 Index,2006,12,2006-12-15,True
EO,EOF07 Index,2007,1,2007-01-19,True
EO,EOG07 Index,2007,2,2007-02-16,True
EO,EOH07 Index,2007,3,2007-03-16,True
EO,EOJ07 Index,2007,4,2007-04-20,True
EO,EOK07 Index,2007,5,2007-05-18,True
EO,EOM07 Index,2007,6,2007-06-15,True
EO,EON07 Index,2007,7,2007-07-20,True
EO,EOQ07 Index,2007,8,2007-08-17,True
EO,EOU07 Index,2007,9,2007-09-21,True
EO,EOV07 Index,2007,10,2007-10-19,True
EO,EOX07 Index,2007,11,2007-11-16,True
EO,EOZ07 Index,2007,12,2007-12-21,True
EO,EOF08 Index,2008,1,2008-01-18,True
EO,EOG08 Index,2008,2,2008-02-15,True
EO,EOH08 Index,2008,3,2008-03-20,True
EO,EOJ08 Index,2008,4,2008-04-18,True
EO,EOK08 Index,2008,5,2008-05-16,True
EO,EOM08 Index,2008,6,2008-06-20,True
EO,EON08 Index,2008,7,2008-07-18,True
EO,EOQ08 Index,2008,8,2008-08-15,True
EO,EOU08 Index,2008,9,2008-09-19,True
EO,EOV08 Index,2008,10,2008-10-17,True
EO,EOX08 Index,2008,11,2008-11-21,True
EO,EOZ08 Index,2008,12,2008-12-19,True
EO,EOF09 Index,2009,1,2009-01-16,True
EO,EOG09 Index,2009,2,2009-02-20,True
EO,EOH09 Index,2009,3,2009-03-20,True
EO,EOJ09 Index,2009,4,2009-04-17,True
EO,EOK09 Index,2009,5,2009-05-15,True
EO,EOM09 Index,2009,6,2009-06-19,True
EO,EON09 Index,2009,7,2009-07-17,True
EO,EOQ09 Index,2009,8,2009-08-21,True
EO,EOU09 Index,2009,9,2009-09-18,True
EO,EOV09 Index,2009,10,2009-10-16,True
EO,EOX09 Index,2009,11,2009-11-20,True
EO,EOZ09 Index,2009,12,2009-12-18,True
EO,EOF10 Index,2010,1,2010-01-15,True
EO,EOG10 Index,2010,2,2010-02-19,True
EO,EOH10 Index,2010,3,2010-03-19,True
EO,EOJ10 Index,2010,4,2010-04-16,True
EO,EOK10 Index,2010,5,2010-05-21,True
EO,EOM10 Index,2010,6,2010-06-18,True
EO,EON10 Index,2010,7,2010-07-16,True
EO,EOQ10 Index,2010,8,2010-08-20,True
EO,EOU10 Index,2010,9,2010-09-17,True
EO,EOV10 Index,2010,10,2010-10-15,True
EO,EOX10 Index,2010,11,2010-11-19,True
EO,EOZ10 Index,2010,12,2010-12-17,True
EO,EOF11 Index,2011,1,2011-01-21,True
EO,EOG11 Index,2011,2,2011-02-18,True
EO,EOH11 Index,2011,3,2011-03-18,True
EO,EOJ11 Index,2011,4,2011-04-15,True
EO,EOK11 Index,2011,5,2011-05-20,True
EO,EOM11 Index,2011,6,2011-06-17,True
EO,EON11 Index,2011,7,2011-07-15,True
EO,EOQ11 Index,2011,8,2011-08-19,True
EO,EOU11 Index,2011,9,2011-09-16,True
EO,EOV11 Index,2011,10,2011-10-21,True
EO,EOX11 Index,2011,11,2011-11-18,True
EO,EOZ11 Index,2011,12,2011-12-16,True
EO,EOF12 Index,2012,1,2012-01-20,True
EO,EOG12 Index,2012,2,2012-02-17,True
EO,EOH12 Index,2012,3,2012-03-16,True
EO,EOJ12 Index,2012,4,2012-04-20,True
EO,EOK12 Index,2012,5,2012-05-18,True
EO,EOM12 Index,2012,6,2012-06-15,True
EO,EON12 Index,2012,7,2012-07-20,True
EO,EOQ12 Index,2012,8,2012-08-17,True
EO,EOU12 Index,2012,9,2012-09-21,True
EO,EOV12 Index,2012,10,2012-10-19,True
EO,EOX12 Index,2012,11,2012-11-16,True
EO,EOZ12 Index,2012,12,2012-12-21,True
EO,EOF13 Index,2013,1,2013-01-18,True
EO,EOG13 Index,2013,2,2013-02-15,True
EO,EOH13 Index,2013,3,2013-03-15,True
EO,EOJ13 Index,2013,4,2013-04-19,True
EO,EOK13 Index,2013,5,2013-05-17,True
EO,EOM13 Index,2013,6,2013-06-21,True
EO,EON13 Index,2013,7,2013-07-19,True
EO,EOQ13 Index,2013,8,2013-08-16,True
EO,EOU13 Index,2013,9,2013-09-20,True
EO,EOV13 Index,2013,10,2013-10-18,True
EO,EOX13 Index,2013,11,2013-11-15,True
EO,EOZ13 Index,2013,12,2013-12-20,True
EO,EOF14 Index,2014,1,2014-01-17,True
EO,EOG14 Index,2014,2,2014-02-21,True
EO,EOH14 Index,2014,3,2014-03-21,True
EO,EOJ14 Index,2014,4,2014-04-17,True
EO,EOK14 Index,2014,5,2014-05-16,True
EO,EOM14 Index,2014,6,2014-06-20,True
EO,EON14 Index,2014,7,2014-07-18,True
EO,EOQ14 Index,2014,8,2014-08-15,True
EO,EOU14 Index,2014,9,2014-09-19,True
EO,EOV14 Index,2014,10,2014-10-17,True
EO,EOX14 Index,2014,11,2014-11-21,True
EO,EOZ14 Index,2014,12,2014-12-19,True
EO,EOF15 Index,2015,1,2015-01-16,True
EO,EOG15 Index,2015,2,2015-02-20,True
EO,EOH15 Index,2015,3,2015-03-20,True
EO,EOJ15 Index,2015,4,2015-04-17,True
EO,EOK15 Index,2015,5,2015-05-15,True
EO,EOM15 Index,2015,6,2015-06-19,True
EO,EON15 Index,2015,7,2015-07-17,True
EO,EOQ15 Index,2015,8,2015-08-21,True
EO,EOU15 Index,2015,9,2015-09-18,True
EO,EOV15 Index,2015,10,2015-10-16,True
EO,EOX15 Index,2015,11,2015-11-20,True
EO,EOZ15 Index,2015,12,2015-12-18,True
EO,EOF16 Index,2016,1,2016-01-15,True
EO,EOG16 Index,2016,2,2016-02-19,True
EO,EOH16 Index,2016,3,2016-03-18,True
EO,EOJ16 Index,2016,4,2016-04-15,True
EO,EOK16 Index,2016,5,2016-05-20,True
EO,EOM16 Index,2016,6,2016-06-17,True
EO,EON16 Index,2016,7,2016-07-15,True
EO,EOQ16 Index,2016,8,2016-08-19,True
EO,EOU16 Index,2016,9,2016-09-16,True
EO,EOV16 Index,2016,10,2016-10-21,True
EO,EOX16 Index,2016,11,2016-11-18,True
EO,EOZ16 Index,2016,12,2016-12-16,True
EO,EOF17 Index,2017,1,2017-01-20,True
EO,EOG17 Index,2017,2,2017-02-17,True
EO,EOH17 Index,2017,3,2017-03-17,True
EO,EOJ17 Index,2017,4,2017-04-21,True
EO,EOK17 Index,2017,5,2017-05-19,True
EO,EOM17 Index,2017,6,2017-06-16,True
EO,EON17 Index,2017,7,2017-07-21,True
EO,EOQ17 Index,2017,8,2017-08-18,True
EO,EOU17 Index,2017,9,2017-09-15,True
EO,EOV17 Index,2017,10,2017-10-20,True
EO,EOX17 Index,2017,11,2017-11-17,True
EO,EOZ17 Index,2017,12,2017-12-15,True
EO,EOF18 Index,2018,1,2018-01-19,True
EO,EOG18 Index,2018,2,2018-02-16,True
EO,EOH18 Index,2018,3,2018-03-16,True
EO,EOJ18 Index,2018,4,2018-04-20,True
EO,EOK18 Index,2018,5,2018-05-18,True
EO,EOM18 Index,2018,6,2018-06-15,True
EO,EON18 Index,2018,7,2018-07-20,True
EO,EOQ18 Index,2018,8,2018-08-17,True
EO,EOU18 Index,2018,9,2018-09-21,True
EO,EOV18 Index,2018,10,2018-10-19,True
EO,EOX18 Index,2018,11,2018-11-16,True
EO,EOZ18 Index,2018,12,2018-12-21,True
EO,EOF19 Index,2019,1,2019-01-18,True
EO,EOG19 Index,2019,2,2019-02-15,True
EO,EOH19 Index,2019,3,2019-03-15,True
EO,EOJ19 Index,2019,4,2019-04-18,True
EO,EOK19 Index,2019,5,2019-05-17,True
EO,EOM19 Index,2019,6,2019-06-21,True
EO,EON19 Index,2019,7,2019-07-19,True
EO,EOQ19 Index,2019,8,2019-08-16,True
EO,EOU19 Index,2019,9,2019-09-20,True
EO,EOV19 Index,2019,10,2019-10-18,True
EO,EOX19 Index,2019,11,2019-11-15,True
EO,EOZ19 Index,2019,12,2019-12-20,True
EO,EOF20 Index,2020,1,2020-01-17,True
EO,EOG20 Index,2020,2,2020-02-21,True
EO,EOH20 Index,2020,3,2020-03-20,True
EO,EOJ20 Index,2020,4,2020-04-17,True
EO,EOK20 Index,2020,5,2020-05-15,True
EO,EOM20 Index,2020,6,2020-06-19,True
EO,EON20 Index,2020,7,2020-07-17,True
EO,EOQ20 Index,2020,8,2020-08-21,True
EO,EOU20 Index,2020,9,2020-09-18,True
EO,EOV20 Index,2020,10,2020-10-16,True
EO,EOX20 Index,2020,11,2020-11-20,True
EO,EOZ20 Index,2020,12,2020-12-18,True
EO,EOF21 Index,2021,1,2021-01-15,True
EO,EOG21 Index,2021,2,2021-02-19,True
EO,EOH21 Index,2021,3,2021-03-19,True
EO,EOJ21 Index,2021,4,2021-04-16,True
EO,EOK21 Index,2021,5,2021-05-21,True
EO,EOM21 Index,2021,6,2021-06-18,True
EO,EON21 Index,2021,7,2021-07-16,True
EO,EOQ21 Index,2021,8,2021-08-20,True
EO,EOU21 Index,2021,9,2021-09-17,True
EO,EOV21 Index,2021,10,2021-10-15,True
EO,EOX21 Index,2021,11,2021-11-19,True
EO,EOZ21 Index,2021,12,2021-12-17,True
EO,EOF22 Index,2022,1,2022-01-21,True
EO,EOG22 Index,2022,2,2022-02-18,True
EO,EOH22 Index,2022,3,2022-03-18,True
EO,EOJ22 Index,2022,4,2022-04-14,True
EO,EOK22 Index,2022,5,2022-05-20,True
EO,EOM22 Index,2022,6,2022-06-17,True
EO,EON22 Index,2022,7,2022-07-15,True
EO,EOQ22 Index,2022,8,2022-08-19,True
EO,EOU22 Index,2022,9,2022-09-16,True
EO,EOV22 Index,2022,10,2022-10-21,True
EO,EOX22 Index,2022,11,2022-11-18,True
EO,EOZ22 Index,2022,12,2022-12-16,True
EO,EOF23 Index,2023,1,2023-01-20,True
EO,EOG23 Index,2023,2,2023-02-17,True
EO,EOH23 Index,2023,3,2023-03-17,True
EO,EOJ23 Index,2023,4,2023-04-21,True
EO,EOK23 Index,2023,5,2023-05-19,True
EO,EOM23 Index,2023,6,2023-06-16,True
EO,EON23 Index,2023,7,2023-07-21,True
EO,EOQ23 Index,2023,8,2023-08-18,True
EO,EOU23 Index,2023,9,2023-09-15,True
EO,EOV23 Index,2023,10,2023-10-20,True
EO,EOX23 Index,2023,11,2023-11-17,True
EO,EOZ23 Index,2023,12,2023-12-15,True
EO,EOF24 Index,2024,1,2024-01-19,True
EO,EOG24 Index,2024,2,2024-02-16,True
EO,EOH24 Index,2024,3,2024-03-15,True
EO,EOJ24 Index,2024,4,2024-04-19,True
EO,EOK24 Index,2024,5,2024-05-17,True
EO,EOM24 Index,2024,6,2024-06-21,True
EO,EON24 Index,2024,7,2024-07-19,True
EO,EOQ24 Index,2024,8,2024-08-16,True
EO,EOU24 Index,2024,9,2024-09-20,True
EO,EOV24 Index,2024,10,2024-10-18,True
EO,EOX24 Index,2024,11,2024-11-15,True
EO,EOZ24 Index,2024,12,2024-12-20,True
EO,EOF25 Index,2025,1,2025-01-17,True
EO,EOG25 Index,2025,2,2025-02-21,True
EO,EOH25 Index,2025,3,2025-03-21,True
EO,EOJ25 Index,2025,4,2025-04-17,True
EO,EOK25 Index,2025,5,2025-05-16,True
EO,EOM25 Index,2025,6,2025-06-20,True
EO,EON25 Index,2025,7,2025-07-18,True
EO,EOQ25 Index,2025,8,2025-08-15,True
EO,EOU25 Index,2025,9,2025-09-19,True
EO,EOV25 Index,2025,10,2025-10-17,True
EO,EOX5 Index,2025,11,2025-11-21,True
EO,EOZ5 Index,2025,12,2025-12-19,True
EO,EOF6 Index,2026,1,2026-01-16,True
EO,EOG6 Index,2026,2,2026-02-20,True
EO,EOH6 Index,2026,3,2026-03-20,True
EO,EOJ6 Index,2026,4,2026-04-17,True
EO,EOK6 Index,2026,5,2026-05-15,True
EO,EOM6 Index,2026,6,2026-06-19,True
EO,EON6 Index,2026,7,2026-07-17,True
EO,EOQ6 Index,2026,8,2026-08-21,True
EO,EOU6 Index,2026,9,2026-09-18,True
EO,EOV6 Index,2026,10,2026-10-16,True
EO,EOX6 Index,2026,11,2026-11-20,True
EO,EOZ6 Index,2026,12,2026-12-18,True
EO,EOH7 Index,2027,3,2027-03-19,True
EO,EOM7 Index,2027,6,2027-06-18,True
EO,EOU7 Index,2027,9,2027-09-17,True
BE,BEX93 Index,1993,11,1993-11-19,True
BE,BEZ93 Index,1993,12,1993-12-17,True
BE,BEF94 Index,1994,1,1994-01-21,True
BE,BEG94 Index,1994,2,1994-02-18,True
BE,BEH94 Index,1994,3,1994-03-18,True
BE,BEJ94 Index,1994,4,1994-04-15,True
BE,BEK94 Index,1994,5,1994-05-20,True
BE,BEM94 Index,1994,6,1994-06-17,True
BE,BEN94 Index,1994,7,1994-07-15,True
BE,BEQ94 Index,1994,8,1994-08-19,True
BE,BEU94 Index,1994,9,1994-09-16,True
BE,BEV94 Index,1994,10,1994-10-21,True
BE,BEX94 Index,1994,11,1994-11-18,True
BE,BEZ94 Index,1994,12,1994-12-16,True
BE,BEF95 Index,1995,1,1995-01-20,True
BE,BEG95 Index,1995,2,1995-02-17,True
BE,BEH95 Index,1995,3,1995-03-17,True
BE,BEJ95 Index,1995,4,1995-04-21,True
BE,BEK95 Index,1995,5,1995-05-19,True
BE,BEM95 Index,1995,6,1995-06-16,True
BE,BEN95 Index,1995,7,1995-07-19,True
BE,BEQ95 Index,1995,8,1995-08-18,True
BE,BEU95 Index,1995,9,1995-09-15,True
BE,BEV95 Index,1995,10,1995-10-20,True
BE,BEX95 Index,1995,11,1995-11-17,True
BE,BEZ95 Index,1995,12,1995-12-15,True
BE,BEF96 Index,1996,1,1996-01-19,True
BE,BEG96 Index,1996,2,1996-02-16,True
BE,BEH96 Index,1996,3,1996-03-15,True
BE,BEJ96 Index,1996,4,1996-04-19,True
BE,BEK96 Index,1996,5,1996-05-17,True
BE,BEM96 Index,1996,6,1996-06-21,True
BE,BEN96 Index,1996,7,1996-07-19,True
BE,BEQ96 Index,1996,8,1996-08-16,True
BE,BEU96 Index,1996,9,1996-09-20,True
BE,BEV96 Index,1996,10,1996-10-18,True
BE,BEX96 Index,1996,11,1996-11-15,True
BE,BEZ96 Index,1996,12,1996-12-20,True
BE,BEF97 Index,1997,1,1997-01-17,True
BE,BEG97 Index,1997,2,1997-02-21,True
BE,BEH97 Index,1997,3,1997-03-21,True
BE,BEJ97 Index,1997,4,1997-04-18,True
BE,BEK97 Index,1997,5,1997-05-16,True
BE,BEM97 Index,1997,6,1997-06-20,True
BE,BEN97 Index,1997,7,1997-07-18,True
BE,BEQ97 Index,1997,8,1997-08-13,True
BE,BEU97 Index,1997,9,1997-09-19,True
BE,BEV97 Index,1997,10,1997-10-17,True
BE,BEX97 Index,1997,11,1997-11-21,True
BE,BEZ97 Index,1997,12,1997-12-19,True
BE,BEF98 Index,1998,1,1998-01-16,True
BE,BEG98 Index,1998,2,1998-02-20,True
BE,BEH98 Index,1998,3,1998-03-20,True
BE,BEJ98 Index,1998,4,1998-04-17,True
BE,BEK98 Index,1998,5,1998-05-15,True
BE,BEM98 Index,1998,6,1998-06-19,True
BE,BEN98 Index,1998,7,1998-07-17,True
BE,BEQ98 Index,1998,8,1998-08-21,True
BE,BEU98 Index,1998,9,1998-09-18,True
BE,BEV98 Index,1998,10,1998-10-16,True
BE,BEX98 Index,1998,11,1998-11-20,True
BE,BEZ98 Index,1998,12,1998-12-18,True
BE,BEF99 Index,1999,1,1999-01-15,True
BE,BEG99 Index,1999,2,1999-02-19,True
BE,BEH99 Index,1999,3,1999-03-19,True
BE,BEJ99 Index,1999,4,1999-04-16,True
BE,BEK99 Index,1999,5,1999-05-21,True
BE,BEM99 Index,1999,6,1999-06-18,True
BE,BEN99 Index,1999,7,1999-07-16,True
BE,BEQ99 Index,1999,8,1999-08-20,True
BE,BEU99 Index,1999,9,1999-09-17,True
BE,BEV99 Index,1999,10,1999-10-15,True
BE,BEX99 Index,1999,11,1999-11-19,True
BE,BEZ99 Index,1999,12,1999-12-17,True
BE,BEF00 Index,2000,1,2000-01-21,True
BE,BEG00 Index,2000,2,2000-02-18,True
BE,BEH00 Index,2000,3,2000-03-17,True
BE,BEJ00 Index,2000,4,2000-04-20,True
BE,BEK00 Index,2000,5,2000-05-19,True
BE,BEM00 Index,2000,6,2000-06-16,True
BE,BEN00 Index,2000,7,2000-07-19,True
BE,BEQ00 Index,2000,8,2000-08-18,True
BE,BEU00 Index,2000,9,2000-09-15,True
BE,BEV00 Index,2000,10,2000-10-20,True
BE,BEX00 Index,2000,11,2000-11-17,True
BE,BEZ00 Index,2000,12,2000-12-15,True
BE,BEF01 Index,2001,1,2001-01-19,True
BE,BEG01 Index,2001,2,2001-02-16,True
BE,BEH01 Index,2001,3,2001-03-16,True
BE,BEJ01 Index,2001,4,2001-04-20,True
BE,BEK01 Index,2001,5,2001-05-18,True
BE,BEM01 Index,2001,6,2001-06-15,True
BE,BEN01 Index,2001,7,2001-07-20,True
BE,BEQ01 Index,2001,8,2001-08-17,True
BE,BEU01 Index,2001,9,2001-09-21,True
BE,BEV01 Index,2001,10,2001-10-19,True
BE,BEX01 Index,2001,11,2001-11-16,True
BE,BEZ01 Index,2001,12,2001-12-21,True
BE,BEF02 Index,2002,1,2002-01-18,True
BE,BEG02 Index,2002,2,2002-02-15,True
BE,BEH02 Index,2002,3,2002-03-15,True
BE,BEJ02 Index,2002,4,2002-04-19,True
BE,BEK02 Index,2002,5,2002-05-17,True
BE,BEM02 Index,2002,6,2002-06-21,True
BE,BEN02 Index,2002,7,2002-07-19,True
BE,BEQ02 Index,2002,8,2002-08-16,True
BE,BEU02 Index,2002,9,2002-09-20,True
BE,BEV02 Index,2002,10,2002-10-18,True
BE,BEX02 Index,2002,11,2002-11-15,True
BE,BEZ02 Index,2002,12,2002-12-20,True
BE,BEF03 Index,2003,1,2003-01-17,True
BE,BEG03 Index,2003,2,2003-02-21,True
BE,BEH03 Index,2003,3,2003-03-21,True
BE,BEJ03 Index,2003,4,2003-04-17,True
BE,BEK03 Index,2003,5,2003-05-16,True
BE,BEM03 Index,2003,6,2003-06-20,True
BE,BEN03 Index,2003,7,2003-07-18,True
BE,BEQ03 Index,2003,8,2003-08-15,True
BE,BEU03 Index,2003,9,2003-09-19,True
BE,BEV03 Index,2003,10,2003-10-17,True
BE,BEX03 Index,2003,11,2003-11-21,True
BE,BEZ03 Index,2003,12,2003-12-19,True
BE,BEF04 Index,2004,1,2004-01-16,True
BE,BEG04 Index,2004,2,2004-02-20,True
BE,BEH04 Index,2004,3,2004-03-19,True
BE,BEJ04 Index,2004,4,2004-04-16,True
BE,BEK04 Index,2004,5,2004-05-21,True
BE,BEM04 Index,2004,6,2004-06-18,True
BE,BEN04 Index,2004,7,2004-07-16,True
BE,BEQ04 Index,2004,8,2004-08-20,True
BE,BEU04 Index,2004,9,2004-09-17,True
BE,BEV04 Index,2004,10,2004-10-15,True
BE,BEX04 Index,2004,11,2004-11-19,True
BE,BEZ04 Index,2004,12,2004-12-17,True
BE,BEF05 Index,2005,1,2005-01-21,True
BE,BEG05 Index,2005,2,2005-02-18,True
BE,BEH05 Index,2005,3,2005-03-18,True
BE,BEJ05 Index,2005,4,2005-04-15,True
BE,BEK05 Index,2005,5,2005-05-20,True
BE,BEM05 Index,2005,6,2005-06-17,True
BE,BEN05 Index,2005,7,2005-07-15,True
BE,BEQ05 Index,2005,8,2005-08-19,True
BE,BEU05 Index,2005,9,2005-09-16,True
BE,BEV05 Index,2005,10,2005-10-21,True
BE,BEX05 Index,2005,11,2005-11-18,True
BE,BEZ05 Index,2005,12,2005-12-16,True
BE,BEF06 Index,2006,1,2006-01-20,True
BE,BEG06 Index,2006,2,2006-02-17,True
BE,BEH06 Index,2006,3,2006-03-17,True
BE,BEJ06 Index,2006,4,2006-04-21,True
BE,BEK06 Index,2006,5,2006-05-19,True
BE,BEM06 Index,2006,6,2006-06-16,True
BE,BEN06 Index,2006,7,2006-07-21,True
BE,BEQ06 Index,2006,8,2006-08-18,True
BE,BEU06 Index,2006,9,2006-09-15,True
BE,BEV06 Index,2006,10,2006-10-20,True
BE,BEX06 Index,2006,11,2006-11-17,True
BE,BEZ06 Index,2006,12,2006-12-15,True
BE,BEF07 Index,2007,1,2007-01-19,True
BE,BEG07 Index,2007,2,2007-02-16,True
BE,BEH07 Index,2007,3,2007-03-16,True
BE,BEJ07 Index,2007,4,2007-04-20,True
BE,BEK07 Index,2007,5,2007-05-18,True
BE,BEM07 Index,2007,6,2007-06-15,True
BE,BEN07 Index,2007,7,2007-07-20,True
BE,BEQ07 Index,2007,8,2007-08-17,True
BE,BEU07 Index,2007,9,2007-09-21,True
BE,BEV07 Index,2007,10,2007-10-19,True
BE,BEX07 Index,2007,11,2007-11-16,True
BE,BEZ07 Index,2007,12,2007-12-21,True
BE,BEF08 Index,2008,1,2008-01-18,True
BE,BEG08 Index,2008,2,2008-02-15,True
BE,BEH08 Index,2008,3,2008-03-20,True
BE,BEJ08 Index,2008,4,2008-04-18,True
BE,BEK08 Index,2008,5,2008-05-16,True
BE,BEM08 Index,2008,6,2008-06-20,True
BE,BEN08 Index,2008,7,2008-07-18,True
BE,BEQ08 Index,2008,8,2008-08-15,True
BE,BEU08 Index,2008,9,2008-09-19,True
BE,BEV08 Index,2008,10,2008-10-17,True
BE,BEX08 Index,2008,11,2008-11-21,True
BE,BEZ08 Index,2008,12,2008-12-19,True
BE,BEF09 Index,2009,1,2009-01-16,True
BE,BEG09 Index,2009,2,2009-02-20,True
BE,BEH09 Index,2009,3,2009-03-20,True
BE,BEJ09 Index,2009,4,2009-04-17,True
BE,BEK09 Index,2009,5,2009-05-15,True
BE,BEM09 Index,2009,6,2009-06-19,True
BE,BEN09 Index,2009,7,2009-07-17,True
BE,BEQ09 Index,2009,8,2009-08-21,True
BE,BEU09 Index,2009,9,2009-09-18,True
BE,BEV09 Index,2009,10,2009-10-16,True
BE,BEX09 Index,2009,11,2009-11-20,True
BE,BEZ09 Index,2009,12,2009-12-18,True
BE,BEF10 Index,2010,1,2010-01-15,True
BE,BEG10 Index,2010,2,2010-02-19,True
BE,BEH10 Index,2010,3,2010-03-19,True
BE,BEJ10 Index,2010,4,2010-04-16,True
BE,BEK10 Index,2010,5,2010-05-21,True
BE,BEM10 Index,2010,6,2010-06-18,True
BE,BEN10 Index,2010,7,2010-07-16,True
BE,BEQ10 Index,2010,8,2010-08-20,True
BE,BEU10 Index,2010,9,2010-09-17,True
BE,BEV10 Index,2010,10,2010-10-15,True
BE,BEX10 Index,2010,11,2010-11-19,True
BE,BEZ10 Index,2010,12,2010-12-17,True
BE,BEF11 Index,2011,1,2011-01-21,True
BE,BEG11 Index,2011,2,2011-02-18,True
BE,BEH11 Index,2011,3,2011-03-18,True
BE,BEJ11 Index,2011,4,2011-04-15,True
BE,BEK11 Index,2011,5,2011-05-20,True
BE,BEM11 Index,2011,6,2011-06-17,True
BE,BEN11 Index,2011,7,2011-07-15,True
BE,BEQ11 Index,2011,8,2011-08-19,True
BE,BEU11 Index,2011,9,2011-09-16,True
BE,BEV11 Index,2011,10,2011-10-21,True
BE,BEX11 Index,2011,11,2011-11-18,True
BE,BEZ11 Index,2011,12,2011-12-16,True
BE,BEF12 Index,2012,1,2012-01-20,True
BE,BEG12 Index,2012,2,2012-02-17,True
BE,BEH12 Index,2012,3,2012-03-16,True
BE,BEJ12 Index,2012,4,2012-04-20,True
BE,BEK12 Index,2012,5,2012-05-18,True
BE,BEM12 Index,2012,6,2012-06-15,True
BE,BEN12 Index,2012,7,2012-07-20,True
BE,BEQ12 Index,2012,8,2012-08-17,True
BE,BEU12 Index,2012,9,2012-09-21,True
BE,BEV12 Index,2012,10,2012-10-19,True
BE,BEX12 Index,2012,11,2012-11-16,True
BE,BEZ12 Index,2012,12,2012-12-21,True
BE,BEF13 Index,2013,1,2013-01-18,True
BE,BEG13 Index,2013,2,2013-02-15,True
BE,BEH13 Index,2013,3,2013-03-15,True
BE,BEJ13 Index,2013,4,2013-04-19,True
BE,BEK13 Index,2013,5,2013-05-17,True
BE,BEM13 Index,2013,6,2013-06-21,True
BE,BEN13 Index,2013,7,2013-07-19,True
BE,BEQ13 Index,2013,8,2013-08-16,True
BE,BEU13 Index,2013,9,2013-09-20,True
BE,BEV13 Index,2013,10,2013-10-18,True
BE,BEX13 Index,2013,11,2013-11-15,True
BE,BEZ13 Index,2013,12,2013-12-20,True
BE,BEF14 Index,2014,1,2014-01-17,True
BE,BEG14 Index,2014,2,2014-02-21,True
BE,BEH14 Index,2014,3,2014-03-21,True
BE,BEJ14 Index,2014,4,2014-04-17,True
BE,BEK14 Index,2014,5,2014-05-16,True
BE,BEM14 Index,2014,6,2014-06-20,True
BE,BEN14 Index,2014,7,2014-07-18,True
BE,BEQ14 Index,2014,8,2014-08-15,True
BE,BEU14 Index,2014,9,2014-09-19,True
BE,BEV14 Index,2014,10,2014-10-17,True
BE,BEX14 Index,2014,11,2014-11-21,True
BE,BEZ14 Index,2014,12,2014-12-19,True
BE,BEF15 Index,2015,1,2015-01-16,True
BE,BEG15 Index,2015,2,2015-02-20,True
BE,BEH15 Index,2015,3,2015-03-20,True
BE,BEJ15 Index,2015,4,2015-04-17,True
BE,BEK15 Index,2015,5,2015-05-15,True
BE,BEM15 Index,2015,6,2015-06-19,True
BE,BEN15 Index,2015,7,2015-07-17,True
BE,BEQ15 Index,2015,8,2015-08-21,True
BE,BEU15 Index,2015,9,2015-09-18,True
BE,BEV15 Index,2015,10,2015-10-16,True
BE,BEX15 Index,2015,11,2015-11-20,True
BE,BEZ15 Index,2015,12,2015-12-18,True
BE,BEF16 Index,2016,1,2016-01-15,True
BE,BEG16 Index,2016,2,2016-02-19,True
BE,BEH16 Index,2016,3,2016-03-18,True
BE,BEJ16 Index,2016,4,2016-04-15,True
BE,BEK16 Index,2016,5,2016-05-20,True
BE,BEM16 Index,2016,6,2016-06-17,True
BE,BEN16 Index,2016,7,2016-07-15,True
BE,BEQ16 Index,2016,8,2016-08-19,True
BE,BEU16 Index,2016,9,2016-09-16,True
BE,BEV16 Index,2016,10,2016-10-21,True
BE,BEX16 Index,2016,11,2016-11-18,True
BE,BEZ16 Index,2016,12,2016-12-16,True
BE,BEF17 Index,2017,1,2017-01-20,True
BE,BEG17 Index,2017,2,2017-02-17,True
BE,BEH17 Index,2017,3,2017-03-17,True
BE,BEJ17 Index,2017,4,2017-04-21,True
BE,BEK17 Index,2017,5,2017-05-19,True
BE,BEM17 Index,2017,6,2017-06-16,True
BE,BEN17 Index,2017,7,2017-07-21,True
BE,BEQ17 Index,2017,8,2017-08-18,True
BE,BEU17 Index,2017,9,2017-09-15,True
BE,BEV17 Index,2017,10,2017-10-20,True
BE,BEX17 Index,2017,11,2017-11-17,True
BE,BEZ17 Index,2017,12,2017-12-15,True
BE,BEF18 Index,2018,1,2018-01-19,True
BE,BEG18 Index,2018,2,2018-02-16,True
BE,BEH18 Index,2018,3,2018-03-16,True
BE,BEJ18 Index,2018,4,2018-04-20,True
BE,BEK18 Index,2018,5,2018-05-18,True
BE,BEM18 Index,2018,6,2018-06-15,True
BE,BEN18 Index,2018,7,2018-07-20,True
BE,BEQ18 Index,2018,8,2018-08-17,True
BE,BEU18 Index,2018,9,2018-09-21,True
BE,BEV18 Index,2018,10,2018-10-19,True
BE,BEX18 Index,2018,11,2018-11-16,True
BE,BEZ18 Index,2018,12,2018-12-21,True
BE,BEF19 Index,2019,1,2019-01-18,True
BE,BEG19 Index,2019,2,2019-02-15,True
BE,BEH19 Index,2019,3,2019-03-15,True
BE,BEJ19 Index,2019,4,2019-04-18,True
BE,BEK19 Index,2019,5,2019-05-17,True
BE,BEM19 Index,2019,6,2019-06-21,True
BE,BEN19 Index,2019,7,2019-07-19,True
BE,BEQ19 Index,2019,8,2019-08-16,True
BE,BEU19 Index,2019,9,2019-09-20,True
BE,BEV19 Index,2019,10,2019-10-18,True
BE,BEX19 Index,2019,11,2019-11-15,True
BE,BEZ19 Index,2019,12,2019-12-20,True
BE,BEF20 Index,2020,1,2020-01-17,True
BE,BEG20 Index,2020,2,2020-02-21,True
BE,BEH20 Index,2020,3,2020-03-20,True
BE,BEJ20 Index,2020,4,2020-04-17,True
BE,BEK20 Index,2020,5,2020-05-15,True
BE,BEM20 Index,2020,6,2020-06-19,True
BE,BEN20 Index,2020,7,2020-07-17,True
BE,BEQ20 Index,2020,8,2020-08-21,True
BE,BEU20 Index,2020,9,2020-09-18,True
BE,BEV20 Index,2020,10,2020-10-16,True
BE,BEX20 Index,2020,11,2020-11-20,True
BE,BEZ20 Index,2020,12,2020-12-18,True
BE,BEF21 Index,2021,1,2021-01-15,True
BE,BEG21 Index,2021,2,2021-02-19,True
BE,BEH21 Index,2021,3,2021-03-19,True
BE,BEJ21 Index,2021,4,2021-04-16,True
BE,BEK21 Index,2021,5,2021-05-21,True
BE,BEM21 Index,2021,6,2021-06-18,True
BE,BEN21 Index,2021,7,2021-07-16,True
BE,BEQ21 Index,2021,8,2021-08-20,True
BE,BEU21 Index,2021,9,2021-09-17,True
BE,BEV21 Index,2021,10,2021-10-15,True
BE,BEX21 Index,2021,11,2021-11-19,True
BE,BEZ21 Index,2021,12,2021-12-17,True
BE,BEF22 Index,2022,1,2022-01-21,True
BE,BEG22 Index,2022,2,2022-02-18,True
BE,BEH22 Index,2022,3,2022-03-18,True
BE,BEJ22 Index,2022,4,2022-04-14,True
BE,BEK22 Index,2022,5,2022-05-20,True
BE,BEM22 Index,2022,6,2022-06-17,True
BE,BEN22 Index,2022,7,2022-07-15,True
BE,BEQ22 Index,2022,8,2022-08-19,True
BE,BEU22 Index,2022,9,2022-09-16,True
BE,BEV22 Index,2022,10,2022-10-21,True
BE,BEX22 Index,2022,11,2022-11-18,True
BE,BEZ22 Index,2022,12,2022-12-16,True
BE,BEF23 Index,2023,1,2023-01-20,True
BE,BEG23 Index,2023,2,2023-02-17,True
BE,BEH23 Index,2023,3,2023-03-17,True
BE,BEJ23 Index,2023,4,2023-04-21,True
BE,BEK23 Index,2023,5,2023-05-19,True
BE,BEM23 Index,2023,6,2023-06-16,True
BE,BEN23 Index,2023,7,2023-07-21,True
BE,BEQ23 Index,2023,8,2023-08-18,True
BE,BEU23 Index,2023,9,2023-09-15,True
BE,BEV23 Index,2023,10,2023-10-20,True
BE,BEX23 Index,2023,11,2023-11-17,True
BE,BEZ23 Index,2023,12,2023-12-15,True
BE,BEF24 Index,2024,1,2024-01-19,True
BE,BEG24 Index,2024,2,2024-02-16,True
BE,BEH24 Index,2024,3,2024-03-15,True
BE,BEJ24 Index,2024,4,2024-04-19,True
BE,BEK24 Index,2024,5,2024-05-17,True
BE,BEM24 Index,2024,6,2024-06-21,True
BE,BEN24 Index,2024,7,2024-07-19,True
BE,BEQ24 Index,2024,8,2024-08-16,True
BE,BEU24 Index,2024,9,2024-09-20,True
BE,BEV24 Index,2024,10,2024-10-18,True
BE,BEX24 Index,2024,11,2024-11-15,True
BE,BEZ24 Index,2024,12,2024-12-20,True
BE,BEF25 Index,2025,1,2025-01-17,True
BE,BEG25 Index,2025,2,2025-02-21,True
BE,BEH25 Index,2025,3,2025-03-21,True
BE,BEJ25 Index,2025,4,2025-04-17,True
BE,BEK25 Index,2025,5,2025-05-16,True
BE,BEM25 Index,2025,6,2025-06-20,True
BE,BEN25 Index,2025,7,2025-07-18,True
BE,BEQ25 Index,2025,8,2025-08-15,True
BE,BEU25 Index,2025,9,2025-09-19,True
BE,BEV25 Index,2025,10,2025-10-17,True
BE,BEX5 Index,2025,11,2025-11-21,True
BE,BEZ5 Index,2025,12,2025-12-19,True
BE,BEF6 Index,2026,1,2026-01-16,True
BE,BEG6 Index,2026,2,2026-02-20,True
BE,BEH6 Index,2026,3,2026-03-20,True
BE,BEJ6 Index,2026,4,2026-04-17,True
BE,BEK6 Index,2026,5,2026-05-15,True
BE,BEM6 Index,2026,6,2026-06-19,True
BE,BEN6 Index,2026,7,2026-07-17,True
BE,BEQ6 Index,2026,8,2026-08-21,True
BE,BEU6 Index,2026,9,2026-09-18,True
BE,BEV6 Index,2026,10,2026-10-16,True
BE,BEX6 Index,2026,11,2026-11-20,True
BE,BEZ6 Index,2026,12,2026-12-18,True
BE,BEH7 Index,2027,3,2027-03-19,True
TY,TYM82 Comdty,1982,6,1982-06-21,True
TY,TYU82 Comdty,1982,9,1982-09-21,True
TY,TYZ82 Comdty,1982,12,1982-12-20,True
TY,TYH83 Comdty,1983,3,1983-03-22,True
TY,TYM83 Comdty,1983,6,1983-06-21,True
TY,TYU83 Comdty,1983,9,1983-09-21,True
TY,TYZ83 Comdty,1983,12,1983-12-21,True
TY,TYH84 Comdty,1984,3,1984-03-21,True
TY,TYM84 Comdty,1984,6,1984-06-20,True
TY,TYU84 Comdty,1984,9,1984-09-19,True
TY,TYZ84 Comdty,1984,12,1984-12-19,True
TY,TYH85 Comdty,1985,3,1985-03-20,True
TY,TYM85 Comdty,1985,6,1985-06-19,True
TY,TYU85 Comdty,1985,9,1985-09-19,True
TY,TYZ85 Comdty,1985,12,1985-12-19,True
TY,TYH86 Comdty,1986,3,1986-03-19,True
TY,TYM86 Comdty,1986,6,1986-06-19,True
TY,TYU86 Comdty,1986,9,1986-09-19,True
TY,TYZ86 Comdty,1986,12,1986-12-19,True
TY,TYH87 Comdty,1987,3,1987-03-19,True
TY,TYM87 Comdty,1987,6,1987-06-18,True
TY,TYU87 Comdty,1987,9,1987-09-18,True
TY,TYZ87 Comdty,1987,12,1987-12-18,True
TY,TYH88 Comdty,1988,3,1988-03-22,True
TY,TYM88 Comdty,1988,6,1988-06-21,True
TY,TYU88 Comdty,1988,9,1988-09-21,True
TY,TYZ88 Comdty,1988,12,1988-12-20,True
TY,TYH89 Comdty,1989,3,1989-03-21,True
TY,TYM89 Comdty,1989,6,1989-06-21,True
TY,TYU89 Comdty,1989,9,1989-09-20,True
TY,TYZ89 Comdty,1989,12,1989-12-19,True
TY,TYH90 Comdty,1990,3,1990-03-21,True
TY,TYM90 Comdty,1990,6,1990-06-20,True
TY,TYU90 Comdty,1990,9,1990-09-19,True
TY,TYZ90 Comdty,1990,12,1990-12-19,True
TY,TYH91 Comdty,1991,3,1991-03-19,True
TY,TYM91 Comdty,1991,6,1991-06-19,True
TY,TYU91 Comdty,1991,9,1991-09-19,True
TY,TYZ91 Comdty,1991,12,1991-12-19,True
TY,TYH92 Comdty,1992,3,1992-03-20,True
TY,TYM92 Comdty,1992,6,1992-06-19,True
TY,TYU92 Comdty,1992,9,1992-09-21,True
TY,TYZ92 Comdty,1992,12,1992-12-21,True
TY,TYH93 Comdty,1993,3,1993-03-22,True
TY,TYM93 Comdty,1993,6,1993-06-21,True
TY,TYU93 Comdty,1993,9,1993-09-21,True
TY,TYZ93 Comdty,1993,12,1993-12-20,True
TY,TYH94 Comdty,1994,3,1994-03-22,True
TY,TYM94 Comdty,1994,6,1994-06-21,True
TY,TYU94 Comdty,1994,9,1994-09-21,True
TY,TYZ94 Comdty,1994,12,1994-12-20,True
TY,TYH95 Comdty,1995,3,1995-03-22,True
TY,TYM95 Comdty,1995,6,1995-06-21,True
TY,TYU95 Comdty,1995,9,1995-09-20,True
TY,TYZ95 Comdty,1995,12,1995-12-19,True
TY,TYH96 Comdty,1996,3,1996-03-20,True
TY,TYM96 Comdty,1996,6,1996-06-19,True
TY,TYU96 Comdty,1996,9,1996-09-19,True
TY,TYZ96 Comdty,1996,12,1996-12-19,True
TY,TYH97 Comdty,1997,3,1997-03-19,True
TY,TYM97 Comdty,1997,6,1997-06-19,True
TY,TYU97 Comdty,1997,9,1997-09-19,True
TY,TYZ97 Comdty,1997,12,1997-12-19,True
TY,TYH98 Comdty,1998,3,1998-03-20,True
TY,TYM98 Comdty,1998,6,1998-06-19,True
TY,TYU98 Comdty,1998,9,1998-09-21,True
TY,TYZ98 Comdty,1998,12,1998-12-21,True
TY,TYH99 Comdty,1999,3,1999-03-22,True
TY,TYM99 Comdty,1999,6,1999-06-21,True
TY,TYU99 Comdty,1999,9,1999-09-21,True
TY,TYZ99 Comdty,1999,12,1999-12-21,True
TY,TYH00 Comdty,2000,3,2000-03-22,True
TY,TYM00 Comdty,2000,6,2000-06-21,True
TY,TYU00 Comdty,2000,9,2000-09-20,True
TY,TYZ00 Comdty,2000,12,2000-12-19,True
TY,TYH01 Comdty,2001,3,2001-03-21,True
TY,TYM01 Comdty,2001,6,2001-06-20,True
TY,TYU01 Comdty,2001,9,2001-09-19,True
TY,TYZ01 Comdty,2001,12,2001-12-19,True
TY,TYH02 Comdty,2002,3,2002-03-19,True
TY,TYM02 Comdty,2002,6,2002-06-19,True
TY,TYU02 Comdty,2002,9,2002-09-19,True
TY,TYZ02 Comdty,2002,12,2002-12-19,True
TY,TYH03 Comdty,2003,3,2003-03-20,True
TY,TYM03 Comdty,2003,6,2003-06-19,True
TY,TYU03 Comdty,2003,9,2003-09-19,True
TY,TYZ03 Comdty,2003,12,2003-12-19,True
TY,TYH04 Comdty,2004,3,2004-03-22,True
TY,TYM04 Comdty,2004,6,2004-06-21,True
TY,TYU04 Comdty,2004,9,2004-09-21,True
TY,TYZ04 Comdty,2004,12,2004-12-20,True
TY,TYH05 Comdty,2005,3,2005-03-21,True
TY,TYM05 Comdty,2005,6,2005-06-21,True
TY,TYU05 Comdty,2005,9,2005-09-21,True
TY,TYZ05 Comdty,2005,12,2005-12-20,True
TY,TYH06 Comdty,2006,3,2006-03-22,True
TY,TYM06 Comdty,2006,6,2006-06-21,True
TY,TYU06 Comdty,2006,9,2006-09-20,True
TY,TYZ06 Comdty,2006,12,2006-12-19,True
TY,TYH07 Comdty,2007,3,2007-03-21,True
TY,TYM07 Comdty,2007,6,2007-06-20,True
TY,TYU07 Comdty,2007,9,2007-09-19,True
TY,TYZ07 Comdty,2007,12,2007-12-19,True
TY,TYH08 Comdty,2008,3,2008-03-19,True
TY,TYM08 Comdty,2008,6,2008-06-19,True
TY,TYU08 Comdty,2008,9,2008-09-19,True
TY,TYZ08 Comdty,2008,12,2008-12-19,True
TY,TYH09 Comdty,2009,3,2009-03-20,True
TY,TYM09 Comdty,2009,6,2009-06-19,True
TY,TYU09 Comdty,2009,9,2009-09-21,True
TY,TYZ09 Comdty,2009,12,2009-12-21,True
TY,TYH10 Comdty,2010,3,2010-03-22,True
TY,TYM10 Comdty,2010,6,2010-06-21,True
TY,TYU10 Comdty,2010,9,2010-09-21,True
TY,TYZ10 Comdty,2010,12,2010-12-21,True
TY,TYH11 Comdty,2011,3,2011-03-22,True
TY,TYM11 Comdty,2011,6,2011-06-21,True
TY,TYU11 Comdty,2011,9,2011-09-21,True
TY,TYZ11 Comdty,2011,12,2011-12-20,True
TY,TYH12 Comdty,2012,3,2012-03-21,True
TY,TYM12 Comdty,2012,6,2012-06-20,True
TY,TYU12 Comdty,2012,9,2012-09-19,True
TY,TYZ12 Comdty,2012,12,2012-12-19,True
TY,TYH13 Comdty,2013,3,2013-03-19,True
TY,TYM13 Comdty,2013,6,2013-06-19,True
TY,TYU13 Comdty,2013,9,2013-09-19,True
TY,TYZ13 Comdty,2013,12,2013-12-19,True
TY,TYH14 Comdty,2014,3,2014-03-20,True
TY,TYM14 Comdty,2014,6,2014-06-19,True
TY,TYU14 Comdty,2014,9,2014-09-19,True
TY,TYZ14 Comdty,2014,12,2014-12-19,True
TY,TYH15 Comdty,2015,3,2015-03-20,True
TY,TYM15 Comdty,2015,6,2015-06-19,True
TY,TYU15 Comdty,2015,9,2015-09-21,True
TY,TYZ15 Comdty,2015,12,2015-12-21,True
TY,TYH16 Comdty,2016,3,2016-03-21,True
TY,TYM16 Comdty,2016,6,2016-06-21,True
TY,TYU16 Comdty,2016,9,2016-09-21,True
TY,TYZ16 Comdty,2016,12,2016-12-20,True
TY,TYH17 Comdty,2017,3,2017-03-22,True
TY,TYM17 Comdty,2017,6,2017-06-21,True
TY,TYU17 Comdty,2017,9,2017-09-20,True
TY,TYZ17 Comdty,2017,12,2017-12-19,True
TY,TYH18 Comdty,2018,3,2018-03-20,True
TY,TYM18 Comdty,2018,6,2018-06-20,True
TY,TYU18 Comdty,2018,9,2018-09-19,True
TY,TYZ18 Comdty,2018,12,2018-12-19,True
TY,TYH19 Comdty,2019,3,2019-03-20,True
TY,TYM19 Comdty,2019,6,2019-06-19,True
TY,TYU19 Comdty,2019,9,2019-09-19,True
TY,TYZ19 Comdty,2019,12,2019-12-19,True
TY,TYH20 Comdty,2020,3,2020-03-20,True
TY,TYM20 Comdty,2020,6,2020-06-19,True
TY,TYU20 Comdty,2020,9,2020-09-21,True
TY,TYZ20 Comdty,2020,12,2020-12-21,True
TY,TYH21 Comdty,2021,3,2021-03-22,True
TY,TYM21 Comdty,2021,6,2021-06-21,True
TY,TYU21 Comdty,2021,9,2021-09-21,True
TY,TYZ21 Comdty,2021,12,2021-12-21,True
TY,TYH22 Comdty,2022,3,2022-03-22,True
TY,TYM22 Comdty,2022,6,2022-06-21,True
TY,TYU22 Comdty,2022,9,2022-09-21,True
TY,TYZ22 Comdty,2022,12,2022-12-20,True
TY,TYH23 Comdty,2023,3,2023-03-22,True
TY,TYM23 Comdty,2023,6,2023-06-21,True
TY,TYU23 Comdty,2023,9,2023-09-20,True
TY,TYZ23 Comdty,2023,12,2023-12-19,True
TY,TYH24 Comdty,2024,3,2024-03-19,True
TY,TYM24 Comdty,2024,6,2024-06-18,True
TY,TYU24 Comdty,2024,9,2024-09-19,True
TY,TYZ24 Comdty,2024,12,2024-12-19,True
TY,TYH25 Comdty,2025,3,2025-03-20,True
TY,TYM25 Comdty,2025,6,2025-06-18,True
TY,TYU25 Comdty,2025,9,2025-09-19,True
TY,TYZ5 Comdty,2025,12,2025-12-19,True
TY,TYH6 Comdty,2026,3,2026-03-20,True
TY,TYM6 Comdty,2026,6,2026-06-18,True
TY,TYU6 Comdty,2026,9,2026-09-21,True
TY,TYZ6 Comdty,2026,12,2026-12-21,True
TY,TYH7 Comdty,2027,3,2027-03-19,True
TY,TYM7 Comdty,2027,6,2027-06-21,True
RX,RXZ90 Comdty,1990,12,1990-12-06,True
RX,RXH91 Comdty,1991,3,1991-03-07,True
RX,RXM91 Comdty,1991,6,1991-06-06,True
RX,RXU91 Comdty,1991,9,1991-09-06,True
RX,RXZ91 Comdty,1991,12,1991-12-06,True
RX,RXH92 Comdty,1992,3,1992-03-06,True
RX,RXM92 Comdty,1992,6,1992-06-05,True
RX,RXU92 Comdty,1992,9,1992-09-08,True
RX,RXZ92 Comdty,1992,12,1992-12-08,True
RX,RXH93 Comdty,1993,3,1993-03-08,True
RX,RXM93 Comdty,1993,6,1993-06-08,True
RX,RXU93 Comdty,1993,9,1993-09-08,True
RX,RXZ93 Comdty,1993,12,1993-12-08,True
RX,RXH94 Comdty,1994,3,1994-03-08,True
RX,RXM94 Comdty,1994,6,1994-06-08,True
RX,RXU94 Comdty,1994,9,1994-09-08,True
RX,RXZ94 Comdty,1994,12,1994-12-08,True
RX,RXH95 Comdty,1995,3,1995-03-08,True
RX,RXM95 Comdty,1995,6,1995-06-08,True
RX,RXU95 Comdty,1995,9,1995-09-07,True
RX,RXZ95 Comdty,1995,12,1995-12-07,True
RX,RXH96 Comdty,1996,3,1996-03-07,True
RX,RXM96 Comdty,1996,6,1996-06-05,True
RX,RXU96 Comdty,1996,9,1996-09-06,True
RX,RXZ96 Comdty,1996,12,1996-12-06,True
RX,RXH97 Comdty,1997,3,1997-03-06,True
RX,RXM97 Comdty,1997,6,1997-06-06,True
RX,RXU97 Comdty,1997,9,1997-09-08,True
RX,RXZ97 Comdty,1997,12,1997-12-08,True
RX,RXH98 Comdty,1998,3,1998-03-06,True
RX,RXM98 Comdty,1998,6,1998-06-08,True
RX,RXU98 Comdty,1998,9,1998-09-08,True
RX,RXZ98 Comdty,1998,12,1998-12-08,True
RX,RXH99 Comdty,1999,3,1999-03-08,True
RX,RXM99 Comdty,1999,6,1999-06-08,True
RX,RXU99 Comdty,1999,9,1999-09-08,True
RX,RXZ99 Comdty,1999,12,1999-12-08,True
RX,RXH00 Comdty,2000,3,2000-03-08,True
RX,RXM00 Comdty,2000,6,2000-06-08,True
RX,RXU00 Comdty,2000,9,2000-09-07,True
RX,RXZ00 Comdty,2000,12,2000-12-07,True
RX,RXH01 Comdty,2001,3,2001-03-08,True
RX,RXM01 Comdty,2001,6,2001-06-07,True
RX,RXU01 Comdty,2001,9,2001-09-06,True
RX,RXZ01 Comdty,2001,12,2001-12-06,True
RX,RXH02 Comdty,2002,3,2002-03-07,True
RX,RXM02 Comdty,2002,6,2002-06-06,True
RX,RXU02 Comdty,2002,9,2002-09-06,True
RX,RXZ02 Comdty,2002,12,2002-12-06,True
RX,RXH03 Comdty,2003,3,2003-03-06,True
RX,RXM03 Comdty,2003,6,2003-06-06,True
RX,RXU03 Comdty,2003,9,2003-09-08,True
RX,RXZ03 Comdty,2003,12,2003-12-08,True
RX,RXH04 Comdty,2004,3,2004-03-08,True
RX,RXM04 Comdty,2004,6,2004-06-08,True
RX,RXU04 Comdty,2004,9,2004-09-08,True
RX,RXZ04 Comdty,2004,12,2004-12-08,True
RX,RXH05 Comdty,2005,3,2005-03-08,True
RX,RXM05 Comdty,2005,6,2005-06-08,True
RX,RXU05 Comdty,2005,9,2005-09-08,True
RX,RXZ05 Comdty,2005,12,2005-12-08,True
RX,RXH06 Comdty,2006,3,2006-03-08,True
RX,RXM06 Comdty,2006,6,2006-06-08,True
RX,RXU06 Comdty,2006,9,2006-09-07,True
RX,RXZ06 Comdty,2006,12,2006-12-07,True
RX,RXH07 Comdty,2007,3,2007-03-08,True
RX,RXM07 Comdty,2007,6,2007-06-07,True
RX,RXU07 Comdty,2007,9,2007-09-06,True
RX,RXZ07 Comdty,2007,12,2007-12-06,True
RX,RXH08 Comdty,2008,3,2008-03-06,True
RX,RXM08 Comdty,2008,6,2008-06-06,True
RX,RXU08 Comdty,2008,9,2008-09-08,True
RX,RXZ08 Comdty,2008,12,2008-12-08,True
RX,RXH09 Comdty,2009,3,2009-03-06,True
RX,RXM09 Comdty,2009,6,2009-06-08,True
RX,RXU09 Comdty,2009,9,2009-09-08,True
RX,RXZ09 Comdty,2009,12,2009-12-08,True
RX,RXH10 Comdty,2010,3,2010-03-08,True
RX,RXM10 Comdty,2010,6,2010-06-08,True
RX,RXU10 Comdty,2010,9,2010-09-08,True
RX,RXZ10 Comdty,2010,12,2010-12-08,True
RX,RXH11 Comdty,2011,3,2011-03-08,True
RX,RXM11 Comdty,2011,6,2011-06-08,True
RX,RXU11 Comdty,2011,9,2011-09-08,True
RX,RXZ11 Comdty,2011,12,2011-12-08,True
RX,RXH12 Comdty,2012,3,2012-03-08,True
RX,RXM12 Comdty,2012,6,2012-06-07,True
RX,RXU12 Comdty,2012,9,2012-09-06,True
RX,RXZ12 Comdty,2012,12,2012-12-06,True
RX,RXH13 Comdty,2013,3,2013-03-07,True
RX,RXM13 Comdty,2013,6,2013-06-06,True
RX,RXU13 Comdty,2013,9,2013-09-06,True
RX,RXZ13 Comdty,2013,12,2013-12-06,True
RX,RXH14 Comdty,2014,3,2014-03-06,True
RX,RXM14 Comdty,2014,6,2014-06-06,True
RX,RXU14 Comdty,2014,9,2014-09-08,True
RX,RXZ14 Comdty,2014,12,2014-12-08,True
RX,RXH15 Comdty,2015,3,2015-03-06,True
RX,RXM15 Comdty,2015,6,2015-06-08,True
RX,RXU15 Comdty,2015,9,2015-09-08,True
RX,RXZ15 Comdty,2015,12,2015-12-08,True
RX,RXH16 Comdty,2016,3,2016-03-08,True
RX,RXM16 Comdty,2016,6,2016-06-08,True
RX,RXU16 Comdty,2016,9,2016-09-08,True
RX,RXZ16 Comdty,2016,12,2016-12-08,True
RX,RXH17 Comdty,2017,3,2017-03-08,True
RX,RXM17 Comdty,2017,6,2017-06-08,True
RX,RXU17 Comdty,2017,9,2017-09-07,True
RX,RXZ17 Comdty,2017,12,2017-12-07,True
RX,RXH18 Comdty,2018,3,2018-03-08,True
RX,RXM18 Comdty,2018,6,2018-06-07,True
RX,RXU18 Comdty,2018,9,2018-09-06,True
RX,RXZ18 Comdty,2018,12,2018-12-06,True
RX,RXH19 Comdty,2019,3,2019-03-07,True
RX,RXM19 Comdty,2019,6,2019-06-06,True
RX,RXU19 Comdty,2019,9,2019-09-06,True
RX,RXZ19 Comdty,2019,12,2019-12-06,True
RX,RXH20 Comdty,2020,3,2020-03-06,True
RX,RXM20 Comdty,2020,6,2020-06-08,True
RX,RXU20 Comdty,2020,9,2020-09-08,True
RX,RXZ20 Comdty,2020,12,2020-12-08,True
RX,RXH21 Comdty,2021,3,2021-03-08,True
RX,RXM21 Comdty,2021,6,2021-06-08,True
RX,RXU21 Comdty,2021,9,2021-09-08,True
RX,RXZ21 Comdty,2021,12,2021-12-08,True
RX,RXH22 Comdty,2022,3,2022-03-08,True
RX,RXM22 Comdty,2022,6,2022-06-08,True
RX,RXU22 Comdty,2022,9,2022-09-08,True
RX,RXZ22 Comdty,2022,12,2022-12-08,True
RX,RXH23 Comdty,2023,3,2023-03-08,True
RX,RXM23 Comdty,2023,6,2023-06-08,True
RX,RXU23 Comdty,2023,9,2023-09-07,True
RX,RXZ23 Comdty,2023,12,2023-12-07,True
RX,RXH24 Comdty,2024,3,2024-03-07,True
RX,RXM24 Comdty,2024,6,2024-06-06,True
RX,RXU24 Comdty,2024,9,2024-09-06,True
RX,RXZ24 Comdty,2024,12,2024-12-06,True
RX,RXH25 Comdty,2025,3,2025-03-06,True
RX,RXM25 Comdty,2025,6,2025-06-06,True
RX,RXU25 Comdty,2025,9,2025-09-08,True
RX,RXZ5 Comdty,2025,12,2025-12-08,True
RX,RXH6 Comdty,2026,3,2026-03-06,True
RX,RXM6 Comdty,2026,6,2026-06-08,True
RX,RXU6 Comdty,2026,9,2026-09-08,True
RX,RXZ6 Comdty,2026,12,2026-12-08,True
RX,RXH7 Comdty,2027,3,2027-03-08,True
RX,RXM7 Comdty,2027,6,2027-06-08,True
G,G H83 Comdty,1983,3,1983-03-28,True
G,G M83 Comdty,1983,6,1983-06-28,True
G,G U83 Comdty,1983,9,1983-09-28,True
G,G Z83 Comdty,1983,12,1983-12-28,True
G,G H84 Comdty,1984,3,1984-03-28,True
G,G M84 Comdty,1984,6,1984-06-27,True
G,G U84 Comdty,1984,9,1984-09-26,True
G,G Z84 Comdty,1984,12,1984-12-27,True
G,G H85 Comdty,1985,3,1985-03-27,True
G,G M85 Comdty,1985,6,1985-06-26,True
G,G U85 Comdty,1985,9,1985-09-26,True
G,G Z85 Comdty,1985,12,1985-12-27,True
G,G H86 Comdty,1986,3,1986-03-25,True
G,G M86 Comdty,1986,6,1986-06-26,True
G,G U86 Comdty,1986,9,1986-09-26,True
G,G Z86 Comdty,1986,12,1986-12-29,True
G,G H87 Comdty,1987,3,1987-03-27,True
G,G M87 Comdty,1987,6,1987-06-26,True
G,G U87 Comdty,1987,9,1987-09-28,True
G,G Z87 Comdty,1987,12,1987-12-29,True
G,G H88 Comdty,1988,3,1988-03-29,True
G,G M88 Comdty,1988,6,1988-06-28,True
G,G U88 Comdty,1988,9,1988-09-28,True
G,G Z88 Comdty,1988,12,1988-12-28,True
G,G H89 Comdty,1989,3,1989-03-29,True
G,G M89 Comdty,1989,6,1989-06-28,True
G,G U89 Comdty,1989,9,1989-09-27,True
G,G Z89 Comdty,1989,12,1989-12-27,True
G,G H90 Comdty,1990,3,1990-03-28,True
G,G M90 Comdty,1990,6,1990-06-27,True
G,G U90 Comdty,1990,9,1990-09-26,True
G,G Z90 Comdty,1990,12,1990-12-27,True
G,G H91 Comdty,1991,3,1991-03-26,True
G,G M91 Comdty,1991,6,1991-06-26,True
G,G U91 Comdty,1991,9,1991-09-26,True
G,G Z91 Comdty,1991,12,1991-12-27,True
G,G H92 Comdty,1992,3,1992-03-27,True
G,G M92 Comdty,1992,6,1992-06-26,True
G,G U92 Comdty,1992,9,1992-09-28,True
G,G Z92 Comdty,1992,12,1992-12-29,True
G,G H93 Comdty,1993,3,1993-03-29,True
G,G M93 Comdty,1993,6,1993-06-28,True
G,G U93 Comdty,1993,9,1993-09-28,True
G,G Z93 Comdty,1993,12,1993-12-29,True
G,G H94 Comdty,1994,3,1994-03-29,True
G,G M94 Comdty,1994,6,1994-06-28,True
G,G U94 Comdty,1994,9,1994-09-28,True
G,G Z94 Comdty,1994,12,1994-12-28,True
G,G H95 Comdty,1995,3,1995-03-29,True
G,G M95 Comdty,1995,6,1995-06-28,True
G,G U95 Comdty,1995,9,1995-09-27,True
G,G Z95 Comdty,1995,12,1995-12-27,True
G,G H96 Comdty,1996,3,1996-03-27,True
G,G M96 Comdty,1996,6,1996-06-26,True
G,G U96 Comdty,1996,9,1996-09-26,True
G,G Z96 Comdty,1996,12,1996-12-27,True
G,G H97 Comdty,1997,3,1997-03-25,True
G,G M97 Comdty,1997,6,1997-06-26,True
G,G U97 Comdty,1997,9,1997-09-26,True
G,G Z97 Comdty,1997,12,1997-12-29,True
G,G H98 Comdty,1998,3,1998-03-27,True
G,G M98 Comdty,1998,6,1998-06-26,True
G,G U98 Comdty,1998,9,1998-09-28,True
G,G Z98 Comdty,1998,12,1998-12-24,True
G,G H99 Comdty,1999,3,1999-03-29,True
G,G M99 Comdty,1999,6,1999-06-28,True
G,G U99 Comdty,1999,9,1999-09-28,True
G,G Z99 Comdty,1999,12,1999-12-24,True
G,G H00 Comdty,2000,3,2000-03-29,True
G,G M00 Comdty,2000,6,2000-06-28,True
G,G U00 Comdty,2000,9,2000-09-27,True
G,G Z00 Comdty,2000,12,2000-12-27,True
G,G H01 Comdty,2001,3,2001-03-28,True
G,G M01 Comdty,2001,6,2001-06-27,True
G,G U01 Comdty,2001,9,2001-09-26,True
G,G Z01 Comdty,2001,12,2001-12-27,True
G,G H02 Comdty,2002,3,2002-03-26,True
G,G M02 Comdty,2002,6,2002-06-26,True
G,G U02 Comdty,2002,9,2002-09-26,True
G,G Z02 Comdty,2002,12,2002-12-27,True
G,G H03 Comdty,2003,3,2003-03-27,True
G,G M03 Comdty,2003,6,2003-06-26,True
G,G U03 Comdty,2003,9,2003-09-26,True
G,G Z03 Comdty,2003,12,2003-12-29,True
G,G H04 Comdty,2004,3,2004-03-29,True
G,G M04 Comdty,2004,6,2004-06-28,True
G,G U04 Comdty,2004,9,2004-09-28,True
G,G Z04 Comdty,2004,12,2004-12-29,True
G,G H05 Comdty,2005,3,2005-03-29,True
G,G M05 Comdty,2005,6,2005-06-28,True
G,G U05 Comdty,2005,9,2005-09-28,True
G,G Z05 Comdty,2005,12,2005-12-28,True
G,G H06 Comdty,2006,3,2006-03-29,True
G,G M06 Comdty,2006,6,2006-06-28,True
G,G U06 Comdty,2006,9,2006-09-27,True
G,G Z06 Comdty,2006,12,2006-12-27,True
G,G H07 Comdty,2007,3,2007-03-28,True
G,G M07 Comdty,2007,6,2007-06-27,True
G,G U07 Comdty,2007,9,2007-09-26,True
G,G Z07 Comdty,2007,12,2007-12-27,True
G,G H08 Comdty,2008,3,2008-03-27,True
G,G M08 Comdty,2008,6,2008-06-26,True
G,G U08 Comdty,2008,9,2008-09-26,True
G,G Z08 Comdty,2008,12,2008-12-29,True
G,G H09 Comdty,2009,3,2009-03-27,True
G,G M09 Comdty,2009,6,2009-06-26,True
G,G U09 Comdty,2009,9,2009-09-28,True
G,G Z09 Comdty,2009,12,2009-12-29,True
G,G H10 Comdty,2010,3,2010-03-29,True
G,G M10 Comdty,2010,6,2010-06-28,True
G,G U10 Comdty,2010,9,2010-09-28,True
G,G Z10 Comdty,2010,12,2010-12-29,True
G,G H11 Comdty,2011,3,2011-03-29,True
G,G M11 Comdty,2011,6,2011-06-28,True
G,G U11 Comdty,2011,9,2011-09-28,True
G,G Z11 Comdty,2011,12,2011-12-28,True
G,G H12 Comdty,2012,3,2012-03-28,True
G,G M12 Comdty,2012,6,2012-06-27,True
G,G U12 Comdty,2012,9,2012-09-26,True
G,G Z12 Comdty,2012,12,2012-12-27,True
G,G H13 Comdty,2013,3,2013-03-26,True
G,G M13 Comdty,2013,6,2013-06-26,True
G,G U13 Comdty,2013,9,2013-09-26,True
G,G Z13 Comdty,2013,12,2013-12-27,True
G,G H14 Comdty,2014,3,2014-03-27,True
G,G M14 Comdty,2014,6,2014-06-26,True
G,G U14 Comdty,2014,9,2014-09-26,True
G,G Z14 Comdty,2014,12,2014-12-29,True
G,G H15 Comdty,2015,3,2015-03-27,True
G,G M15 Comdty,2015,6,2015-06-26,True
G,G U15 Comdty,2015,9,2015-09-28,True
G,G Z15 Comdty,2015,12,2015-12-29,True
G,G H16 Comdty,2016,3,2016-03-29,True
G,G M16 Comdty,2016,6,2016-06-28,True
G,G U16 Comdty,2016,9,2016-09-28,True
G,G Z16 Comdty,2016,12,2016-12-28,True
G,G H17 Comdty,2017,3,2017-03-29,True
G,G M17 Comdty,2017,6,2017-06-28,True
G,G U17 Comdty,2017,9,2017-09-27,True
G,G Z17 Comdty,2017,12,2017-12-27,True
G,G H18 Comdty,2018,3,2018-03-27,True
G,G M18 Comdty,2018,6,2018-06-27,True
G,G U18 Comdty,2018,9,2018-09-26,True
G,G Z18 Comdty,2018,12,2018-12-27,True
G,G H19 Comdty,2019,3,2019-03-27,True
G,G M19 Comdty,2019,6,2019-06-26,True
G,G U19 Comdty,2019,9,2019-09-26,True
G,G Z19 Comdty,2019,12,2019-12-27,True
G,G H20 Comdty,2020,3,2020-03-27,True
G,G M20 Comdty,2020,6,2020-06-26,True
G,G U20 Comdty,2020,9,2020-09-28,True
G,G Z20 Comdty,2020,12,2020-12-29,True
G,G H21 Comdty,2021,3,2021-03-29,True
G,G M21 Comdty,2021,6,2021-06-28,True
G,G U21 Comdty,2021,9,2021-09-28,True
G,G Z21 Comdty,2021,12,2021-12-29,True
G,G H22 Comdty,2022,3,2022-03-29,True
G,G M22 Comdty,2022,6,2022-06-28,True
G,G U22 Comdty,2022,9,2022-09-28,True
G,G Z22 Comdty,2022,12,2022-12-28,True
G,G H23 Comdty,2023,3,2023-03-29,True
G,G M23 Comdty,2023,6,2023-06-28,True
G,G U23 Comdty,2023,9,2023-09-27,True
G,G Z23 Comdty,2023,12,2023-12-27,True
G,G H24 Comdty,2024,3,2024-03-26,True
G,G M24 Comdty,2024,6,2024-06-26,True
G,G U24 Comdty,2024,9,2024-09-26,True
G,G Z24 Comdty,2024,12,2024-12-27,True
G,G H25 Comdty,2025,3,2025-03-27,True
G,G M25 Comdty,2025,6,2025-06-26,True
G,G U25 Comdty,2025,9,2025-09-26,True
G,G Z5 Comdty,2025,12,2025-12-29,True
G,G H6 Comdty,2026,3,2026-03-27,True
G,G M6 Comdty,2026,6,2026-06-26,True
G,G U6 Comdty,2026,9,2026-09-28,True
G,G Z6 Comdty,2026,12,2026-12-29,True
G,G H7 Comdty,2027,3,2027-03-25,True
G,G M7 Comdty,2027,6,2027-06-28,True
JB,JBZ85 Comdty,1985,12,1985-12-09,True
JB,JBH86 Comdty,1986,3,1986-03-07,True
JB,JBM86 Comdty,1986,6,1986-06-09,True
JB,JBU86 Comdty,1986,9,1986-09-08,True
JB,JBZ86 Comdty,1986,12,1986-12-09,True
JB,JBH87 Comdty,1987,3,1987-03-09,True
JB,JBM87 Comdty,1987,6,1987-06-09,True
JB,JBU87 Comdty,1987,9,1987-09-07,True
JB,JBZ87 Comdty,1987,12,1987-12-08,True
JB,JBH88 Comdty,1988,3,1988-03-08,True
JB,JBM88 Comdty,1988,6,1988-06-08,True
JB,JBU88 Comdty,1988,9,1988-09-08,True
JB,JBZ88 Comdty,1988,12,1988-12-08,True
JB,JBH89 Comdty,1989,3,1989-03-07,True
JB,JBM89 Comdty,1989,6,1989-06-07,True
JB,JBU89 Comdty,1989,9,1989-09-06,True
JB,JBZ89 Comdty,1989,12,1989-12-07,True
JB,JBH90 Comdty,1990,3,1990-03-07,True
JB,JBM90 Comdty,1990,6,1990-06-07,True
JB,JBU90 Comdty,1990,9,1990-09-07,True
JB,JBZ90 Comdty,1990,12,1990-12-07,True
JB,JBH91 Comdty,1991,3,1991-03-07,True
JB,JBM91 Comdty,1991,6,1991-06-07,True
JB,JBU91 Comdty,1991,9,1991-09-06,True
JB,JBZ91 Comdty,1991,12,1991-12-09,True
JB,JBH92 Comdty,1992,3,1992-03-09,True
JB,JBM92 Comdty,1992,6,1992-06-09,True
JB,JBU92 Comdty,1992,9,1992-09-07,True
JB,JBZ92 Comdty,1992,12,1992-12-08,True
JB,JBH93 Comdty,1993,3,1993-03-09,True
JB,JBM93 Comdty,1993,6,1993-06-07,True
JB,JBU93 Comdty,1993,9,1993-09-06,True
JB,JBZ93 Comdty,1993,12,1993-12-07,True
JB,JBH94 Comdty,1994,3,1994-03-08,True
JB,JBM94 Comdty,1994,6,1994-06-07,True
JB,JBU94 Comdty,1994,9,1994-09-06,True
JB,JBZ94 Comdty,1994,12,1994-12-07,True
JB,JBH95 Comdty,1995,3,1995-03-07,True
JB,JBM95 Comdty,1995,6,1995-06-07,True
JB,JBU95 Comdty,1995,9,1995-09-06,True
JB,JBZ95 Comdty,1995,12,1995-12-07,True
JB,JBH96 Comdty,1996,3,1996-03-07,True
JB,JBM96 Comdty,1996,6,1996-06-07,True
JB,JBU96 Comdty,1996,9,1996-09-06,True
JB,JBZ96 Comdty,1996,12,1996-12-09,True
JB,JBH97 Comdty,1997,3,1997-03-07,True
JB,JBM97 Comdty,1997,6,1997-06-09,True
JB,JBU97 Comdty,1997,9,1997-09-08,True
JB,JBZ97 Comdty,1997,12,1997-12-09,True
JB,JBH98 Comdty,1998,3,1998-03-09,True
JB,JBM98 Comdty,1998,6,1998-06-11,True
JB,JBU98 Comdty,1998,9,1998-09-09,True
JB,JBZ98 Comdty,1998,12,1998-12-10,True
JB,JBH99 Comdty,1999,3,1999-03-11,True
JB,JBM99 Comdty,1999,6,1999-06-10,True
JB,JBU99 Comdty,1999,9,1999-09-08,True
JB,JBZ99 Comdty,1999,12,1999-12-09,True
JB,JBH00 Comdty,2000,3,2000-03-09,True
JB,JBM00 Comdty,2000,6,2000-06-09,True
JB,JBU00 Comdty,2000,9,2000-09-08,True
JB,JBZ00 Comdty,2000,12,2000-12-11,True
JB,JBH01 Comdty,2001,3,2001-03-09,True
JB,JBM01 Comdty,2001,6,2001-06-11,True
JB,JBU01 Comdty,2001,9,2001-09-11,True
JB,JBZ01 Comdty,2001,12,2001-12-11,True
JB,JBH02 Comdty,2002,3,2002-03-11,True
JB,JBM02 Comdty,2002,6,2002-06-11,True
JB,JBU02 Comdty,2002,9,2002-09-10,True
JB,JBZ02 Comdty,2002,12,2002-12-11,True
JB,JBH03 Comdty,2003,3,2003-03-11,True
JB,JBM03 Comdty,2003,6,2003-06-11,True
JB,JBU03 Comdty,2003,9,2003-09-10,True
JB,JBZ03 Comdty,2003,12,2003-12-11,True
JB,JBH04 Comdty,2004,3,2004-03-11,True
JB,JBM04 Comdty,2004,6,2004-06-10,True
JB,JBU04 Comdty,2004,9,2004-09-09,True
JB,JBZ04 Comdty,2004,12,2004-12-09,True
JB,JBH05 Comdty,2005,3,2005-03-10,True
JB,JBM05 Comdty,2005,6,2005-06-09,True
JB,JBU05 Comdty,2005,9,2005-09-08,True
JB,JBZ05 Comdty,2005,12,2005-12-09,True
JB,JBH06 Comdty,2006,3,2006-03-09,True
JB,JBM06 Comdty,2006,6,2006-06-09,True
JB,JBU06 Comdty,2006,9,2006-09-08,True
JB,JBZ06 Comdty,2006,12,2006-12-11,True
JB,JBH07 Comdty,2007,3,2007-03-09,True
JB,JBM07 Comdty,2007,6,2007-06-11,True
JB,JBU07 Comdty,2007,9,2007-09-10,True
JB,JBZ07 Comdty,2007,12,2007-12-11,True
JB,JBH08 Comdty,2008,3,2008-03-11,True
JB,JBM08 Comdty,2008,6,2008-06-11,True
JB,JBU08 Comdty,2008,9,2008-09-10,True
JB,JBZ08 Comdty,2008,12,2008-12-11,True
JB,JBH09 Comdty,2009,3,2009-03-11,True
JB,JBM09 Comdty,2009,6,2009-06-11,True
JB,JBU09 Comdty,2009,9,2009-09-10,True
JB,JBZ09 Comdty,2009,12,2009-12-10,True
JB,JBH10 Comdty,2010,3,2010-03-11,True
JB,JBM10 Comdty,2010,6,2010-06-10,True
JB,JBU10 Comdty,2010,9,2010-09-09,True
JB,JBZ10 Comdty,2010,12,2010-12-09,True
JB,JBH11 Comdty,2011,3,2011-03-10,True
JB,JBM11 Comdty,2011,6,2011-06-09,True
JB,JBU11 Comdty,2011,9,2011-09-08,True
JB,JBZ11 Comdty,2011,12,2011-12-09,True
JB,JBH12 Comdty,2012,3,2012-03-09,True
JB,JBM12 Comdty,2012,6,2012-06-11,True
JB,JBU12 Comdty,2012,9,2012-09-10,True
JB,JBZ12 Comdty,2012,12,2012-12-11,True
JB,JBH13 Comdty,2013,3,2013-03-11,True
JB,JBM13 Comdty,2013,6,2013-06-11,True
JB,JBU13 Comdty,2013,9,2013-09-10,True
JB,JBZ13 Comdty,2013,12,2013-12-11,True
JB,JBH14 Comdty,2014,3,2014-03-11,True
JB,JBM14 Comdty,2014,6,2014-06-11,True
JB,JBU14 Comdty,2014,9,2014-09-10,True
JB,JBZ14 Comdty,2014,12,2014-12-11,True
JB,JBH15 Comdty,2015,3,2015-03-11,True
JB,JBM15 Comdty,2015,6,2015-06-11,True
JB,JBU15 Comdty,2015,9,2015-09-10,True
JB,JBZ15 Comdty,2015,12,2015-12-14,True
JB,JBH16 Comdty,2016,3,2016-03-14,True
JB,JBM16 Comdty,2016,6,2016-06-13,True
JB,JBU16 Comdty,2016,9,2016-09-12,True
JB,JBZ16 Comdty,2016,12,2016-12-13,True
JB,JBH17 Comdty,2017,3,2017-03-13,True
JB,JBM17 Comdty,2017,6,2017-06-13,True
JB,JBU17 Comdty,2017,9,2017-09-12,True
JB,JBZ17 Comdty,2017,12,2017-12-13,True
JB,JBH18 Comdty,2018,3,2018-03-13,True
JB,JBM18 Comdty,2018,6,2018-06-13,True
JB,JBU18 Comdty,2018,9,2018-09-12,True
JB,JBZ18 Comdty,2018,12,2018-12-13,True
JB,JBH19 Comdty,2019,3,2019-03-13,True
JB,JBM19 Comdty,2019,6,2019-06-13,True
JB,JBU19 Comdty,2019,9,2019-09-12,True
JB,JBZ19 Comdty,2019,12,2019-12-13,True
JB,JBH20 Comdty,2020,3,2020-03-13,True
JB,JBM20 Comdty,2020,6,2020-06-15,True
JB,JBU20 Comdty,2020,9,2020-09-14,True
JB,JBZ20 Comdty,2020,12,2020-12-14,True
JB,JBH21 Comdty,2021,3,2021-03-15,True
JB,JBM21 Comdty,2021,6,2021-06-14,True
JB,JBU21 Comdty,2021,9,2021-09-13,True
JB,JBZ21 Comdty,2021,12,2021-12-13,True
JB,JBH22 Comdty,2022,3,2022-03-14,True
JB,JBM22 Comdty,2022,6,2022-06-13,True
JB,JBU22 Comdty,2022,9,2022-09-12,True
JB,JBZ22 Comdty,2022,12,2022-12-13,True
JB,JBH23 Comdty,2023,3,2023-03-13,True
JB,JBM23 Comdty,2023,6,2023-06-13,True
JB,JBU23 Comdty,2023,9,2023-09-12,True
JB,JBZ23 Comdty,2023,12,2023-12-13,True
JB,JBH24 Comdty,2024,3,2024-03-13,True
JB,JBM24 Comdty,2024,6,2024-06-13,True
JB,JBU24 Comdty,2024,9,2024-09-12,True
JB,JBZ24 Comdty,2024,12,2024-12-13,True
JB,JBH25 Comdty,2025,3,2025-03-13,True
JB,JBM25 Comdty,2025,6,2025-06-13,True
JB,JBU25 Comdty,2025,9,2025-09-12,True
JB,JBZ5 Comdty,2025,12,2025-12-15,True
JB,JBH6 Comdty,2026,3,2026-03-13,True
JB,JBM6 Comdty,2026,6,2026-06-15,True
JB,JBU6 Comdty,2026,9,2026-09-14,True
JB,JBZ6 Comdty,2026,12,2026-12-14,True
JB,JBH7 Comdty,2027,3,2027-03-15,True
JB,JBM7 Comdty,2027,6,2027-06-14,True
EC,ECH99 Curncy,1999,3,1999-03-15,True
EC,ECM99 Curncy,1999,6,1999-06-14,True
EC,ECU99 Curncy,1999,9,1999-09-13,True
EC,ECZ99 Curncy,1999,12,1999-12-13,True
EC,ECH00 Curncy,2000,3,2000-03-13,True
EC,ECM00 Curncy,2000,6,2000-06-19,True
EC,ECU00 Curncy,2000,9,2000-09-18,True
EC,ECZ00 Curncy,2000,12,2000-12-18,True
EC,ECH01 Curncy,2001,3,2001-03-19,True
EC,ECM01 Curncy,2001,6,2001-06-18,True
EC,ECU01 Curncy,2001,9,2001-09-17,True
EC,ECZ01 Curncy,2001,12,2001-12-17,True
EC,ECH02 Curncy,2002,3,2002-03-18,True
EC,ECM02 Curncy,2002,6,2002-06-17,True
EC,ECU02 Curncy,2002,9,2002-09-16,True
EC,ECZ02 Curncy,2002,12,2002-12-16,True
EC,ECH03 Curncy,2003,3,2003-03-17,True
EC,ECM03 Curncy,2003,6,2003-06-16,True
EC,ECU03 Curncy,2003,9,2003-09-15,True
EC,ECZ03 Curncy,2003,12,2003-12-15,True
EC,ECH04 Curncy,2004,3,2004-03-15,True
EC,ECM04 Curncy,2004,6,2004-06-14,True
EC,ECU04 Curncy,2004,9,2004-09-13,True
EC,ECZ04 Curncy,2004,12,2004-12-13,True
EC,ECH05 Curncy,2005,3,2005-03-14,True
EC,ECM05 Curncy,2005,6,2005-06-13,True
EC,ECU05 Curncy,2005,9,2005-09-19,True
EC,ECZ05 Curncy,2005,12,2005-12-19,True
EC,ECH06 Curncy,2006,3,2006-03-13,True
EC,ECM06 Curncy,2006,6,2006-06-19,True
EC,ECU06 Curncy,2006,9,2006-09-18,True
EC,ECZ06 Curncy,2006,12,2006-12-18,True
EC,ECH07 Curncy,2007,3,2007-03-19,True
EC,ECM07 Curncy,2007,6,2007-06-18,True
EC,ECU07 Curncy,2007,9,2007-09-17,True
EC,ECZ07 Curncy,2007,12,2007-12-17,True
EC,ECH08 Curncy,2008,3,2008-03-17,True
EC,ECM08 Curncy,2008,6,2008-06-16,True
EC,ECU08 Curncy,2008,9,2008-09-15,True
EC,ECZ08 Curncy,2008,12,2008-12-15,True
EC,ECH09 Curncy,2009,3,2009-03-16,True
EC,ECM09 Curncy,2009,6,2009-06-15,True
EC,ECU09 Curncy,2009,9,2009-09-14,True
EC,ECZ09 Curncy,2009,12,2009-12-14,True
EC,ECH10 Curncy,2010,3,2010-03-15,True
EC,ECM10 Curncy,2010,6,2010-06-14,True
EC,ECU10 Curncy,2010,9,2010-09-13,True
EC,ECZ10 Curncy,2010,12,2010-12-13,True
EC,ECH11 Curncy,2011,3,2011-03-14,True
EC,ECM11 Curncy,2011,6,2011-06-13,True
EC,ECU11 Curncy,2011,9,2011-09-19,True
EC,ECZ11 Curncy,2011,12,2011-12-19,True
EC,ECH12 Curncy,2012,3,2012-03-19,True
EC,ECM12 Curncy,2012,6,2012-06-18,True
EC,ECU12 Curncy,2012,9,2012-09-17,True
EC,ECZ12 Curncy,2012,12,2012-12-17,True
EC,ECH13 Curncy,2013,3,2013-03-18,True
EC,ECM13 Curncy,2013,6,2013-06-17,True
EC,ECU13 Curncy,2013,9,2013-09-16,True
EC,ECZ13 Curncy,2013,12,2013-12-16,True
EC,ECH14 Curncy,2014,3,2014-03-17,True
EC,ECM14 Curncy,2014,6,2014-06-16,True
EC,ECU14 Curncy,2014,9,2014-09-15,True
EC,ECZ14 Curncy,2014,12,2014-12-15,True
EC,ECH15 Curncy,2015,3,2015-03-16,True
EC,ECM15 Curncy,2015,6,2015-06-15,True
EC,ECU15 Curncy,2015,9,2015-09-14,True
EC,ECZ15 Curncy,2015,12,2015-12-14,True
EC,ECH16 Curncy,2016,3,2016-03-14,True
EC,ECM16 Curncy,2016,6,2016-06-13,True
EC,ECU16 Curncy,2016,9,2016-09-19,True
EC,ECZ16 Curncy,2016,12,2016-12-19,True
EC,ECH17 Curncy,2017,3,2017-03-13,True
EC,ECJ17 Curncy,2017,4,2017-04-17,False
EC,ECK17 Curncy,2017,5,2017-05-15,False
EC,ECM17 Curncy,2017,6,2017-06-19,True
EC,ECN17 Curncy,2017,7,2017-07-17,False
EC,ECQ17 Curncy,2017,8,2017-08-14,False
EC,ECU17 Curncy,2017,9,2017-09-18,True
EC,ECV17 Curncy,2017,10,2017-10-16,False
EC,ECX17 Curncy,2017,11,2017-11-13,False
EC,ECZ17 Curncy,2017,12,2017-12-18,True
EC,ECF18 Curncy,2018,1,2018-01-12,False
EC,ECG18 Curncy,2018,2,2018-02-16,False
EC,ECH18 Curncy,2018,3,2018-03-19,True
EC,ECJ18 Curncy,2018,4,2018-04-16,False
EC,ECK18 Curncy,2018,5,2018-05-14,False
EC,ECM18 Curncy,2018,6,2018-06-18,True
EC,ECN18 Curncy,2018,7,2018-07-16,False
EC,ECQ18 Curncy,2018,8,2018-08-13,False
EC,ECU18 Curncy,2018,9,2018-09-17,True
EC,ECV18 Curncy,2018,10,2018-10-15,False
EC,ECX18 Curncy,2018,11,2018-11-19,False
EC,ECZ18 Curncy,2018,12,2018-12-17,True
EC,ECF19 Curncy,2019,1,2019-01-14,False
EC,ECG19 Curncy,2019,2,2019-02-15,False
EC,ECH19 Curncy,2019,3,2019-03-18,True
EC,ECJ19 Curncy,2019,4,2019-04-15,False
EC,ECK19 Curncy,2019,5,2019-05-13,False
EC,ECM19 Curncy,2019,6,2019-06-17,True
EC,ECN19 Curncy,2019,7,2019-07-15,False
EC,ECQ19 Curncy,2019,8,2019-08-19,False
EC,ECU19 Curncy,2019,9,2019-09-16,True
EC,ECV19 Curncy,2019,10,2019-10-11,False
EC,ECX19 Curncy,2019,11,2019-11-18,False
EC,ECZ19 Curncy,2019,12,2019-12-16,True
EC,ECF20 Curncy,2020,1,2020-01-13,False
EC,ECG20 Curncy,2020,2,2020-02-14,False
EC,ECH20 Curncy,2020,3,2020-03-16,True
EC,ECJ20 Curncy,2020,4,2020-04-13,False
EC,ECK20 Curncy,2020,5,2020-05-18,False
EC,ECM20 Curncy,2020,6,2020-06-15,True
EC,ECN20 Curncy,2020,7,2020-07-13,False
EC,ECQ20 Curncy,2020,8,2020-08-17,False
EC,ECU20 Curncy,2020,9,2020-09-14,True
EC,ECV20 Curncy,2020,10,2020-10-19,False
EC,ECX20 Curncy,2020,11,2020-11-16,False
EC,ECZ20 Curncy,2020,12,2020-12-14,True
EC,ECF21 Curncy,2021,1,2021-01-15,False
EC,ECG21 Curncy,2021,2,2021-02-12,False
EC,ECH21 Curncy,2021,3,2021-03-15,True
EC,ECJ21 Curncy,2021,4,2021-04-19,False
EC,ECK21 Curncy,2021,5,2021-05-17,False
EC,ECM21 Curncy,2021,6,2021-06-14,True
EC,ECN21 Curncy,2021,7,2021-07-19,False
EC,ECQ21 Curncy,2021,8,2021-08-16,False
EC,ECU21 Curncy,2021,9,2021-09-13,True
EC,ECV21 Curncy,2021,10,2021-10-18,False
EC,ECX21 Curncy,2021,11,2021-11-15,False
EC,ECZ21 Curncy,2021,12,2021-12-13,True
EC,ECF22 Curncy,2022,1,2022-01-14,False
EC,ECG22 Curncy,2022,2,2022-02-14,False
EC,ECH22 Curncy,2022,3,2022-03-14,True
EC,ECJ22 Curncy,2022,4,2022-04-18,False
EC,ECK22 Curncy,2022,5,2022-05-16,False
EC,ECM22 Curncy,2022,6,2022-06-13,True
EC,ECN22 Curncy,2022,7,2022-07-18,False
EC,ECQ22 Curncy,2022,8,2022-08-15,False
EC,ECU22 Curncy,2022,9,2022-09-19,True
EC,ECV22 Curncy,2022,10,2022-10-17,False
EC,ECX22 Curncy,2022,11,2022-11-14,False
EC,ECZ22 Curncy,2022,12,2022-12-19,True
EC,ECF23 Curncy,2023,1,2023-01-13,False
EC,ECG23 Curncy,2023,2,2023-02-13,False
EC,ECH23 Curncy,2023,3,2023-03-13,True
EC,ECJ23 Curncy,2023,4,2023-04-17,False
EC,ECK23 Curncy,2023,5,2023-05-15,False
EC,ECM23 Curncy,2023,6,2023-06-16,True
EC,ECN23 Curncy,2023,7,2023-07-17,False
EC,ECQ23 Curncy,2023,8,2023-08-14,False
EC,ECU23 Curncy,2023,9,2023-09-18,True
EC,ECV23 Curncy,2023,10,2023-10-16,False
EC,ECX23 Curncy,2023,11,2023-11-13,False
EC,ECZ23 Curncy,2023,12,2023-12-18,True
EC,ECF24 Curncy,2024,1,2024-01-12,False
EC,ECG24 Curncy,2024,2,2024-02-16,False
EC,ECH24 Curncy,2024,3,2024-03-18,True
EC,ECJ24 Curncy,2024,4,2024-04-15,False
EC,ECK24 Curncy,2024,5,2024-05-13,False
EC,ECM24 Curncy,2024,6,2024-06-17,True
EC,ECN24 Curncy,2024,7,2024-07-15,False
EC,ECQ24 Curncy,2024,8,2024-08-19,False
EC,ECU24 Curncy,2024,9,2024-09-16,True
EC,ECV24 Curncy,2024,10,2024-10-11,False
EC,ECX24 Curncy,2024,11,2024-11-18,False
EC,ECZ24 Curncy,2024,12,2024-12-16,True
EC,ECF25 Curncy,2025,1,2025-01-13,False
EC,ECG25 Curncy,2025,2,2025-02-14,False
EC,ECH25 Curncy,2025,3,2025-03-17,True
EC,ECJ25 Curncy,2025,4,2025-04-14,False
EC,ECK25 Curncy,2025,5,2025-05-19,False
EC,ECM25 Curncy,2025,6,2025-06-16,True
EC,ECN25 Curncy,2025,7,2025-07-14,False
EC,ECQ25 Curncy,2025,8,2025-08-18,False
EC,ECU25 Curncy,2025,9,2025-09-15,True
EC,ECV25 Curncy,2025,10,2025-10-10,False
EC,ECX5 Curncy,2025,11,2025-11-17,False
EC,ECZ5 Curncy,2025,12,2025-12-15,True
EC,ECF6 Curncy,2026,1,2026-01-16,False
EC,ECG6 Curncy,2026,2,2026-02-13,False
EC,ECH6 Curncy,2026,3,2026-03-16,True
EC,ECJ6 Curncy,2026,4,2026-04-13,False
EC,ECK6 Curncy,2026,5,2026-05-18,False
EC,ECM6 Curncy,2026,6,2026-06-15,True
EC,ECN6 Curncy,2026,7,2026-07-13,False
EC,ECQ6 Curncy,2026,8,2026-08-17,False
EC,ECU6 Curncy,2026,9,2026-09-14,True
EC,ECV6 Curncy,2026,10,2026-10-19,False
EC,ECX6 Curncy,2026,11,2026-11-16,False
EC,ECZ6 Curncy,2026,12,2026-12-14,True
EC,ECF7 Curncy,2027,1,2027-01-15,False
EC,ECG7 Curncy,2027,2,2027-02-12,False
EC,ECH7 Curncy,2027,3,2027-03-15,True
EC,ECJ7 Curncy,2027,4,2027-04-19,False
EC,ECK7 Curncy,2027,5,2027-05-17,False
EC,ECM7 Curncy,2027,6,2027-06-14,True
EC,ECN7 Curncy,2027,7,2027-07-19,False
EC,ECQ7 Curncy,2027,8,2027-08-16,False
EC,ECU7 Curncy,2027,9,2027-09-13,True
EC,ECV7 Curncy,2027,10,2027-10-18,False
EC,ECX7 Curncy,2027,11,2027-11-15,False
EC,ECZ7 Curncy,2027,12,2027-12-13,True
EC,ECF8 Curncy,2028,1,2028-01-14,False
EC,ECG8 Curncy,2028,2,2028-02-14,False
EC,ECH8 Curncy,2028,3,2028-03-13,True
EC,ECJ8 Curncy,2028,4,2028-04-17,False
EC,ECK8 Curncy,2028,5,2028-05-15,False
EC,ECM8 Curncy,2028,6,2028-06-16,True
EC,ECN8 Curncy,2028,7,2028-07-17,False
EC,ECQ8 Curncy,2028,8,2028-08-14,False
EC,ECU8 Curncy,2028,9,2028-09-18,True
EC,ECZ8 Curncy,2028,12,2028-12-18,True
EC,ECH9 Curncy,2029,3,2029-03-19,True
EC,ECM9 Curncy,2029,6,2029-06-15,True
EC,ECU9 Curncy,2029,9,2029-09-17,True
EC,ECZ9 Curncy,2029,12,2029-12-17,True
EC,ECH0 Curncy,2030,3,2030-03-18,True
EC,ECM0 Curncy,2030,6,2030-06-17,True
EC,ECU0 Curncy,2030,9,2030-09-16,True
EC,ECZ0 Curncy,2030,12,2030-12-16,True
EC,ECH1 Curncy,2031,3,2031-03-17,True
EC,ECM1 Curncy,2031,6,2031-06-16,True
EC,ECU1 Curncy,2031,9,2031-09-15,True
BP,BPH87 Curncy,1987,3,1987-03-13,True
BP,BPM87 Curncy,1987,6,1987-06-16,True
BP,BPU87 Curncy,1987,9,1987-09-14,True
BP,BPZ87 Curncy,1987,12,1987-12-14,True
BP,BPH88 Curncy,1988,3,1988-03-14,True
BP,BPM88 Curncy,1988,6,1988-06-13,True
BP,BPU88 Curncy,1988,9,1988-09-19,True
BP,BPZ88 Curncy,1988,12,1988-12-19,True
BP,BPH89 Curncy,1989,3,1989-03-13,True
BP,BPM89 Curncy,1989,6,1989-06-19,True
BP,BPU89 Curncy,1989,9,1989-09-18,True
BP,BPZ89 Curncy,1989,12,1989-12-18,True
BP,BPH90 Curncy,1990,3,1990-03-19,True
BP,BPM90 Curncy,1990,6,1990-06-18,True
BP,BPU90 Curncy,1990,9,1990-09-17,True
BP,BPZ90 Curncy,1990,12,1990-12-17,True
BP,BPH91 Curncy,1991,3,1991-03-18,True
BP,BPM91 Curncy,1991,6,1991-06-17,True
BP,BPU91 Curncy,1991,9,1991-09-16,True
BP,BPZ91 Curncy,1991,12,1991-12-16,True
BP,BPH92 Curncy,1992,3,1992-03-16,True
BP,BPM92 Curncy,1992,6,1992-06-15,True
BP,BPU92 Curncy,1992,9,1992-09-14,True
BP,BPZ92 Curncy,1992,12,1992-12-14,True
BP,BPH93 Curncy,1993,3,1993-03-15,True
BP,BPM93 Curncy,1993,6,1993-06-14,True
BP,BPU93 Curncy,1993,9,1993-09-13,True
BP,BPZ93 Curncy,1993,12,1993-12-13,True
BP,BPH94 Curncy,1994,3,1994-03-14,True
BP,BPM94 Curncy,1994,6,1994-06-13,True
BP,BPU94 Curncy,1994,9,1994-09-19,True
BP,BPZ94 Curncy,1994,12,1994-12-19,True
BP,BPH95 Curncy,1995,3,1995-03-13,True
BP,BPM95 Curncy,1995,6,1995-06-19,True
BP,BPU95 Curncy,1995,9,1995-09-18,True
BP,BPZ95 Curncy,1995,12,1995-12-18,True
BP,BPH96 Curncy,1996,3,1996-03-18,True
BP,BPM96 Curncy,1996,6,1996-06-17,True
BP,BPU96 Curncy,1996,9,1996-09-16,True
BP,BPZ96 Curncy,1996,12,1996-12-16,True
BP,BPH97 Curncy,1997,3,1997-03-17,True
BP,BPM97 Curncy,1997,6,1997-06-16,True
BP,BPU97 Curncy,1997,9,1997-09-15,True
BP,BPZ97 Curncy,1997,12,1997-12-15,True
BP,BPH98 Curncy,1998,3,1998-03-16,True
BP,BPM98 Curncy,1998,6,1998-06-15,True
BP,BPU98 Curncy,1998,9,1998-09-14,True
BP,BPZ98 Curncy,1998,12,1998-12-14,True
BP,BPH99 Curncy,1999,3,1999-03-15,True
BP,BPM99 Curncy,1999,6,1999-06-14,True
BP,BPU99 Curncy,1999,9,1999-09-13,True
BP,BPZ99 Curncy,1999,12,1999-12-13,True
BP,BPH00 Curncy,2000,3,2000-03-13,True
BP,BPM00 Curncy,2000,6,2000-06-19,True
BP,BPU00 Curncy,2000,9,2000-09-18,True
BP,BPZ00 Curncy,2000,12,2000-12-18,True
BP,BPH01 Curncy,2001,3,2001-03-19,True
BP,BPM01 Curncy,2001,6,2001-06-18,True
BP,BPU01 Curncy,2001,9,2001-09-17,True
BP,BPZ01 Curncy,2001,12,2001-12-17,True
BP,BPH02 Curncy,2002,3,2002-03-18,True
BP,BPM02 Curncy,2002,6,2002-06-17,True
BP,BPU02 Curncy,2002,9,2002-09-16,True
BP,BPZ02 Curncy,2002,12,2002-12-16,True
BP,BPH03 Curncy,2003,3,2003-03-17,True
BP,BPM03 Curncy,2003,6,2003-06-16,True
BP,BPU03 Curncy,2003,9,2003-09-15,True
BP,BPZ03 Curncy,2003,12,2003-12-15,True
BP,BPH04 Curncy,2004,3,2004-03-15,True
BP,BPM04 Curncy,2004,6,2004-06-14,True
BP,BPU04 Curncy,2004,9,2004-09-13,True
BP,BPZ04 Curncy,2004,12,2004-12-13,True
BP,BPH05 Curncy,2005,3,2005-03-14,True
BP,BPM05 Curncy,2005,6,2005-06-13,True
BP,BPU05 Curncy,2005,9,2005-09-19,True
BP,BPZ05 Curncy,2005,12,2005-12-19,True
BP,BPH06 Curncy,2006,3,2006-03-13,True
BP,BPM06 Curncy,2006,6,2006-06-19,True
BP,BPU06 Curncy,2006,9,2006-09-18,True
BP,BPZ06 Curncy,2006,12,2006-12-18,True
BP,BPH07 Curncy,2007,3,2007-03-19,True
BP,BPM07 Curncy,2007,6,2007-06-18,True
BP,BPU07 Curncy,2007,9,2007-09-17,True
BP,BPZ07 Curncy,2007,12,2007-12-17,True
BP,BPH08 Curncy,2008,3,2008-03-17,True
BP,BPM08 Curncy,2008,6,2008-06-16,True
BP,BPU08 Curncy,2008,9,2008-09-15,True
BP,BPZ08 Curncy,2008,12,2008-12-15,True
BP,BPH09 Curncy,2009,3,2009-03-16,True
BP,BPM09 Curncy,2009,6,2009-06-15,True
BP,BPU09 Curncy,2009,9,2009-09-14,True
BP,BPZ09 Curncy,2009,12,2009-12-14,True
BP,BPH10 Curncy,2010,3,2010-03-15,True
BP,BPM10 Curncy,2010,6,2010-06-14,True
BP,BPU10 Curncy,2010,9,2010-09-13,True
BP,BPZ10 Curncy,2010,12,2010-12-13,True
BP,BPH11 Curncy,2011,3,2011-03-14,True
BP,BPM11 Curncy,2011,6,2011-06-13,True
BP,BPU11 Curncy,2011,9,2011-09-19,True
BP,BPZ11 Curncy,2011,12,2011-12-19,True
BP,BPH12 Curncy,2012,3,2012-03-19,True
BP,BPM12 Curncy,2012,6,2012-06-18,True
BP,BPU12 Curncy,2012,9,2012-09-17,True
BP,BPZ12 Curncy,2012,12,2012-12-17,True
BP,BPH13 Curncy,2013,3,2013-03-18,True
BP,BPM13 Curncy,2013,6,2013-06-17,True
BP,BPU13 Curncy,2013,9,2013-09-16,True
BP,BPZ13 Curncy,2013,12,2013-12-16,True
BP,BPH14 Curncy,2014,3,2014-03-17,True
BP,BPM14 Curncy,2014,6,2014-06-16,True
BP,BPU14 Curncy,2014,9,2014-09-15,True
BP,BPZ14 Curncy,2014,12,2014-12-15,True
BP,BPH15 Curncy,2015,3,2015-03-16,True
BP,BPM15 Curncy,2015,6,2015-06-15,True
BP,BPU15 Curncy,2015,9,2015-09-14,True
BP,BPZ15 Curncy,2015,12,2015-12-14,True
BP,BPH16 Curncy,2016,3,2016-03-14,True
BP,BPM16 Curncy,2016,6,2016-06-13,True
BP,BPU16 Curncy,2016,9,2016-09-19,True
BP,BPZ16 Curncy,2016,12,2016-12-19,True
BP,BPH17 Curncy,2017,3,2017-03-13,True
BP,BPJ17 Curncy,2017,4,2017-04-17,False
BP,BPK17 Curncy,2017,5,2017-05-15,False
BP,BPM17 Curncy,2017,6,2017-06-19,True
BP,BPN17 Curncy,2017,7,2017-07-17,False
BP,BPQ17 Curncy,2017,8,2017-08-14,False
BP,BPU17 Curncy,2017,9,2017-09-18,True
BP,BPV17 Curncy,2017,10,2017-10-16,False
BP,BPX17 Curncy,2017,11,2017-11-13,False
BP,BPZ17 Curncy,2017,12,2017-12-18,True
BP,BPF18 Curncy,2018,1,2018-01-12,False
BP,BPG18 Curncy,2018,2,2018-02-16,False
BP,BPH18 Curncy,2018,3,2018-03-19,True
BP,BPJ18 Curncy,2018,4,2018-04-16,False
BP,BPK18 Curncy,2018,5,2018-05-14,False
BP,BPM18 Curncy,2018,6,2018-06-18,True
BP,BPN18 Curncy,2018,7,2018-07-16,False
BP,BPQ18 Curncy,2018,8,2018-08-13,False
BP,BPU18 Curncy,2018,9,2018-09-17,True
BP,BPV18 Curncy,2018,10,2018-10-15,False
BP,BPX18 Curncy,2018,11,2018-11-19,False
BP,BPZ18 Curncy,2018,12,2018-12-17,True
BP,BPF19 Curncy,2019,1,2019-01-14,False
BP,BPG19 Curncy,2019,2,2019-02-15,False
BP,BPH19 Curncy,2019,3,2019-03-18,True
BP,BPJ19 Curncy,2019,4,2019-04-15,False
BP,BPK19 Curncy,2019,5,2019-05-13,False
BP,BPM19 Curncy,2019,6,2019-06-17,True
BP,BPN19 Curncy,2019,7,2019-07-15,False
BP,BPQ19 Curncy,2019,8,2019-08-19,False
BP,BPU19 Curncy,2019,9,2019-09-16,True
BP,BPV19 Curncy,2019,10,2019-10-11,False
BP,BPX19 Curncy,2019,11,2019-11-18,False
BP,BPZ19 Curncy,2019,12,2019-12-16,True
BP,BPF20 Curncy,2020,1,2020-01-13,False
BP,BPG20 Curncy,2020,2,2020-02-14,False
BP,BPH20 Curncy,2020,3,2020-03-16,True
BP,BPJ20 Curncy,2020,4,2020-04-13,False
BP,BPK20 Curncy,2020,5,2020-05-18,False
BP,BPM20 Curncy,2020,6,2020-06-15,True
BP,BPN20 Curncy,2020,7,2020-07-13,False
BP,BPQ20 Curncy,2020,8,2020-08-17,False
BP,BPU20 Curncy,2020,9,2020-09-14,True
BP,BPV20 Curncy,2020,10,2020-10-19,False
BP,BPX20 Curncy,2020,11,2020-11-16,False
BP,BPZ20 Curncy,2020,12,2020-12-14,True
BP,BPF21 Curncy,2021,1,2021-01-15,False
BP,BPG21 Curncy,2021,2,2021-02-12,False
BP,BPH21 Curncy,2021,3,2021-03-15,True
BP,BPJ21 Curncy,2021,4,2021-04-19,False
BP,BPK21 Curncy,2021,5,2021-05-17,False
BP,BPM21 Curncy,2021,6,2021-06-14,True
BP,BPN21 Curncy,2021,7,2021-07-19,False
BP,BPQ21 Curncy,2021,8,2021-08-16,False
BP,BPU21 Curncy,2021,9,2021-09-13,True
BP,BPV21 Curncy,2021,10,2021-10-18,False
BP,BPX21 Curncy,2021,11,2021-11-15,False
BP,BPZ21 Curncy,2021,12,2021-12-13,True
BP,BPF22 Curncy,2022,1,2022-01-14,False
BP,BPG22 Curncy,2022,2,2022-02-14,False
BP,BPH22 Curncy,2022,3,2022-03-14,True
BP,BPJ22 Curncy,2022,4,2022-04-18,False
BP,BPK22 Curncy,2022,5,2022-05-16,False
BP,BPM22 Curncy,2022,6,2022-06-13,True
BP,BPN22 Curncy,2022,7,2022-07-18,False
BP,BPQ22 Curncy,2022,8,2022-08-15,False
BP,BPU22 Curncy,2022,9,2022-09-19,True
BP,BPV22 Curncy,2022,10,2022-10-17,False
BP,BPX22 Curncy,2022,11,2022-11-14,False
BP,BPZ22 Curncy,2022,12,2022-12-19,True
BP,BPF23 Curncy,2023,1,2023-01-13,False
BP,BPG23 Curncy,2023,2,2023-02-13,False
BP,BPH23 Curncy,2023,3,2023-03-13,True
BP,BPJ23 Curncy,2023,4,2023-04-17,False
BP,BPK23 Curncy,2023,5,2023-05-15,False
BP,BPM23 Curncy,2023,6,2023-06-16,True
BP,BPN23 Curncy,2023,7,2023-07-17,False
BP,BPQ23 Curncy,2023,8,2023-08-14,False
BP,BPU23 Curncy,2023,9,2023-09-18,True
BP,BPV23 Curncy,2023,10,2023-10-16,False
BP,BPX23 Curncy,2023,11,2023-11-13,False
BP,BPZ23 Curncy,2023,12,2023-12-18,True
BP,BPF24 Curncy,2024,1,2024-01-12,False
BP,BPG24 Curncy,2024,2,2024-02-16,False
BP,BPH24 Curncy,2024,3,2024-03-18,True
BP,BPJ24 Curncy,2024,4,2024-04-15,False
BP,BPK24 Curncy,2024,5,2024-05-13,False
BP,BPM24 Curncy,2024,6,2024-06-17,True
BP,BPN24 Curncy,2024,7,2024-07-15,False
BP,BPQ24 Curncy,2024,8,2024-08-19,False
BP,BPU24 Curncy,2024,9,2024-09-16,True
BP,BPV24 Curncy,2024,10,2024-10-11,False
BP,BPX24 Curncy,2024,11,2024-11-18,False
BP,BPZ24 Curncy,2024,12,2024-12-16,True
BP,BPF25 Curncy,2025,1,2025-01-13,False
BP,BPG25 Curncy,2025,2,2025-02-14,False
BP,BPH25 Curncy,2025,3,2025-03-17,True
BP,BPJ25 Curncy,2025,4,2025-04-14,False
BP,BPK25 Curncy,2025,5,2025-05-19,False
BP,BPM25 Curncy,2025,6,2025-06-16,True
BP,BPN25 Curncy,2025,7,2025-07-14,False
BP,BPQ25 Curncy,2025,8,2025-08-18,False
BP,BPU25 Curncy,2025,9,2025-09-15,True
BP,BPV25 Curncy,2025,10,2025-10-10,False
BP,BPX5 Curncy,2025,11,2025-11-17,False
BP,BPZ5 Curncy,2025,12,2025-12-15,True
BP,BPF6 Curncy,2026,1,2026-01-16,False
BP,BPG6 Curncy,2026,2,2026-02-13,False
BP,BPH6 Curncy,2026,3,2026-03-16,True
BP,BPJ6 Curncy,2026,4,2026-04-13,False
BP,BPK6 Curncy,2026,5,2026-05-18,False
BP,BPM6 Curncy,2026,6,2026-06-15,True
BP,BPN6 Curncy,2026,7,2026-07-13,False
BP,BPQ6 Curncy,2026,8,2026-08-17,False
BP,BPU6 Curncy,2026,9,2026-09-14,True
BP,BPV6 Curncy,2026,10,2026-10-19,False
BP,BPX6 Curncy,2026,11,2026-11-16,False
BP,BPZ6 Curncy,2026,12,2026-12-14,True
BP,BPF7 Curncy,2027,1,2027-01-15,False
BP,BPG7 Curncy,2027,2,2027-02-12,False
BP,BPH7 Curncy,2027,3,2027-03-15,True
BP,BPJ7 Curncy,2027,4,2027-04-19,False
BP,BPK7 Curncy,2027,5,2027-05-17,False
BP,BPM7 Curncy,2027,6,2027-06-14,True
BP,BPN7 Curncy,2027,7,2027-07-19,False
BP,BPQ7 Curncy,2027,8,2027-08-16,False
BP,BPU7 Curncy,2027,9,2027-09-13,True
BP,BPV7 Curncy,2027,10,2027-10-18,False
BP,BPX7 Curncy,2027,11,2027-11-15,False
BP,BPZ7 Curncy,2027,12,2027-12-13,True
BP,BPF8 Curncy,2028,1,2028-01-14,False
BP,BPG8 Curncy,2028,2,2028-02-14,False
BP,BPH8 Curncy,2028,3,2028-03-13,True
BP,BPJ8 Curncy,2028,4,2028-04-17,False
BP,BPK8 Curncy,2028,5,2028-05-15,False
BP,BPM8 Curncy,2028,6,2028-06-16,True
BP,BPN8 Curncy,2028,7,2028-07-17,False
BP,BPQ8 Curncy,2028,8,2028-08-14,False
BP,BPU8 Curncy,2028,9,2028-09-18,True
BP,BPZ8 Curncy,2028,12,2028-12-18,True
BP,BPH9 Curncy,2029,3,2029-03-19,True
BP,BPM9 Curncy,2029,6,2029-06-15,True
BP,BPU9 Curncy,2029,9,2029-09-17,True
BP,BPZ9 Curncy,2029,12,2029-12-17,True
BP,BPH0 Curncy,2030,3,2030-03-18,True
BP,BPM0 Curncy,2030,6,2030-06-17,True
BP,BPU0 Curncy,2030,9,2030-09-16,True
BP,BPZ0 Curncy,2030,12,2030-12-16,True
BP,BPH1 Curncy,2031,3,2031-03-17,True
BP,BPM1 Curncy,2031,6,2031-06-16,True
BP,BPU1 Curncy,2031,9,2031-09-15,True
JY,JYH87 Curncy,1987,3,1987-03-17,True
JY,JYM87 Curncy,1987,6,1987-06-16,True
JY,JYU87 Curncy,1987,9,1987-09-14,True
JY,JYZ87 Curncy,1987,12,1987-12-14,True
JY,JYH88 Curncy,1988,3,1988-03-14,True
JY,JYM88 Curncy,1988,6,1988-06-13,True
JY,JYU88 Curncy,1988,9,1988-09-19,True
JY,JYZ88 Curncy,1988,12,1988-12-19,True
JY,JYH89 Curncy,1989,3,1989-03-13,True
JY,JYM89 Curncy,1989,6,1989-06-19,True
JY,JYU89 Curncy,1989,9,1989-09-18,True
JY,JYZ89 Curncy,1989,12,1989-12-18,True
JY,JYH90 Curncy,1990,3,1990-03-19,True
JY,JYM90 Curncy,1990,6,1990-06-18,True
JY,JYU90 Curncy,1990,9,1990-09-17,True
JY,JYZ90 Curncy,1990,12,1990-12-17,True
JY,JYH91 Curncy,1991,3,1991-03-18,True
JY,JYM91 Curncy,1991,6,1991-06-17,True
JY,JYU91 Curncy,1991,9,1991-09-16,True
JY,JYZ91 Curncy,1991,12,1991-12-16,True
JY,JYH92 Curncy,1992,3,1992-03-16,True
JY,JYM92 Curncy,1992,6,1992-06-15,True
JY,JYU92 Curncy,1992,9,1992-09-14,True
JY,JYZ92 Curncy,1992,12,1992-12-14,True
JY,JYH93 Curncy,1993,3,1993-03-15,True
JY,JYM93 Curncy,1993,6,1993-06-14,True
JY,JYU93 Curncy,1993,9,1993-09-13,True
JY,JYZ93 Curncy,1993,12,1993-12-13,True
JY,JYH94 Curncy,1994,3,1994-03-14,True
JY,JYM94 Curncy,1994,6,1994-06-13,True
JY,JYU94 Curncy,1994,9,1994-09-19,True
JY,JYZ94 Curncy,1994,12,1994-12-19,True
JY,JYH95 Curncy,1995,3,1995-03-13,True
JY,JYM95 Curncy,1995,6,1995-06-19,True
JY,JYU95 Curncy,1995,9,1995-09-18,True
JY,JYZ95 Curncy,1995,12,1995-12-18,True
JY,JYH96 Curncy,1996,3,1996-03-18,True
JY,JYM96 Curncy,1996,6,1996-06-17,True
JY,JYU96 Curncy,1996,9,1996-09-16,True
JY,JYZ96 Curncy,1996,12,1996-12-16,True
JY,JYH97 Curncy,1997,3,1997-03-17,True
JY,JYM97 Curncy,1997,6,1997-06-16,True
JY,JYU97 Curncy,1997,9,1997-09-15,True
JY,JYZ97 Curncy,1997,12,1997-12-15,True
JY,JYH98 Curncy,1998,3,1998-03-16,True
JY,JYM98 Curncy,1998,6,1998-06-15,True
JY,JYU98 Curncy,1998,9,1998-09-14,True
JY,JYZ98 Curncy,1998,12,1998-12-14,True
JY,JYH99 Curncy,1999,3,1999-03-15,True
JY,JYM99 Curncy,1999,6,1999-06-14,True
JY,JYU99 Curncy,1999,9,1999-09-13,True
JY,JYZ99 Curncy,1999,12,1999-12-13,True
JY,JYH00 Curncy,2000,3,2000-03-13,True
JY,JYM00 Curncy,2000,6,2000-06-19,True
JY,JYU00 Curncy,2000,9,2000-09-18,True
JY,JYZ00 Curncy,2000,12,2000-12-18,True
JY,JYH01 Curncy,2001,3,2001-03-19,True
JY,JYM01 Curncy,2001,6,2001-06-18,True
JY,JYU01 Curncy,2001,9,2001-09-17,True
JY,JYZ01 Curncy,2001,12,2001-12-17,True
JY,JYH02 Curncy,2002,3,2002-03-18,True
JY,JYM02 Curncy,2002,6,2002-06-17,True
JY,JYU02 Curncy,2002,9,2002-09-16,True
JY,JYZ02 Curncy,2002,12,2002-12-16,True
JY,JYH03 Curncy,2003,3,2003-03-17,True
JY,JYM03 Curncy,2003,6,2003-06-16,True
JY,JYU03 Curncy,2003,9,2003-09-15,True
JY,JYZ03 Curncy,2003,12,2003-12-15,True
JY,JYH04 Curncy,2004,3,2004-03-15,True
JY,JYM04 Curncy,2004,6,2004-06-14,True
JY,JYU04 Curncy,2004,9,2004-09-13,True
JY,JYZ04 Curncy,2004,12,2004-12-13,True
JY,JYH05 Curncy,2005,3,2005-03-14,True
JY,JYM05 Curncy,2005,6,2005-06-13,True
JY,JYU05 Curncy,2005,9,2005-09-19,True
JY,JYZ05 Curncy,2005,12,2005-12-19,True
JY,JYH06 Curncy,2006,3,2006-03-13,True
JY,JYM06 Curncy,2006,6,2006-06-19,True
JY,JYU06 Curncy,2006,9,2006-09-18,True
JY,JYZ06 Curncy,2006,12,2006-12-18,True
JY,JYH07 Curncy,2007,3,2007-03-19,True
JY,JYM07 Curncy,2007,6,2007-06-18,True
JY,JYU07 Curncy,2007,9,2007-09-17,True
JY,JYZ07 Curncy,2007,12,2007-12-17,True
JY,JYH08 Curncy,2008,3,2008-03-17,True
JY,JYM08 Curncy,2008,6,2008-06-16,True
JY,JYU08 Curncy,2008,9,2008-09-15,True
JY,JYZ08 Curncy,2008,12,2008-12-15,True
JY,JYH09 Curncy,2009,3,2009-03-16,True
JY,JYM09 Curncy,2009,6,2009-06-15,True
JY,JYU09 Curncy,2009,9,2009-09-14,True
JY,JYZ09 Curncy,2009,12,2009-12-14,True
JY,JYH10 Curncy,2010,3,2010-03-15,True
JY,JYM10 Curncy,2010,6,2010-06-14,True
JY,JYU10 Curncy,2010,9,2010-09-13,True
JY,JYZ10 Curncy,2010,12,2010-12-13,True
JY,JYH11 Curncy,2011,3,2011-03-14,True
JY,JYM11 Curncy,2011,6,2011-06-13,True
JY,JYU11 Curncy,2011,9,2011-09-19,True
JY,JYZ11 Curncy,2011,12,2011-12-19,True
JY,JYH12 Curncy,2012,3,2012-03-19,True
JY,JYM12 Curncy,2012,6,2012-06-18,True
JY,JYU12 Curncy,2012,9,2012-09-17,True
JY,JYZ12 Curncy,2012,12,2012-12-17,True
JY,JYH13 Curncy,2013,3,2013-03-18,True
JY,JYM13 Curncy,2013,6,2013-06-17,True
JY,JYU13 Curncy,2013,9,2013-09-16,True
JY,JYZ13 Curncy,2013,12,2013-12-16,True
JY,JYH14 Curncy,2014,3,2014-03-17,True
JY,JYM14 Curncy,2014,6,2014-06-16,True
JY,JYU14 Curncy,2014,9,2014-09-15,True
JY,JYZ14 Curncy,2014,12,2014-12-15,True
JY,JYH15 Curncy,2015,3,2015-03-16,True
JY,JYM15 Curncy,2015,6,2015-06-15,True
JY,JYU15 Curncy,2015,9,2015-09-14,True
JY,JYZ15 Curncy,2015,12,2015-12-14,True
JY,JYH16 Curncy,2016,3,2016-03-14,True
JY,JYM16 Curncy,2016,6,2016-06-13,True
JY,JYU16 Curncy,2016,9,2016-09-19,True
JY,JYZ16 Curncy,2016,12,2016-12-19,True
JY,JYH17 Curncy,2017,3,2017-03-13,True
JY,JYJ17 Curncy,2017,4,2017-04-17,False
JY,JYK17 Curncy,2017,5,2017-05-15,False
JY,JYM17 Curncy,2017,6,2017-06-19,True
JY,JYN17 Curncy,2017,7,2017-07-17,False
JY,JYQ17 Curncy,2017,8,2017-08-14,False
JY,JYU17 Curncy,2017,9,2017-09-18,True
JY,JYV17 Curncy,2017,10,2017-10-16,False
JY,JYX17 Curncy,2017,11,2017-11-13,False
JY,JYZ17 Curncy,2017,12,2017-12-18,True
JY,JYF18 Curncy,2018,1,2018-01-12,False
JY,JYG18 Curncy,2018,2,2018-02-16,False
JY,JYH18 Curncy,2018,3,2018-03-19,True
JY,JYJ18 Curncy,2018,4,2018-04-16,False
JY,JYK18 Curncy,2018,5,2018-05-14,False
JY,JYM18 Curncy,2018,6,2018-06-18,True
JY,JYN18 Curncy,2018,7,2018-07-16,False
JY,JYQ18 Curncy,2018,8,2018-08-13,False
JY,JYU18 Curncy,2018,9,2018-09-17,True
JY,JYV18 Curncy,2018,10,2018-10-15,False
JY,JYX18 Curncy,2018,11,2018-11-19,False
JY,JYZ18 Curncy,2018,12,2018-12-17,True
JY,JYF19 Curncy,2019,1,2019-01-14,False
JY,JYG19 Curncy,2019,2,2019-02-15,False
JY,JYH19 Curncy,2019,3,2019-03-18,True
JY,JYJ19 Curncy,2019,4,2019-04-15,False
JY,JYK19 Curncy,2019,5,2019-05-13,False
JY,JYM19 Curncy,2019,6,2019-06-17,True
JY,JYN19 Curncy,2019,7,2019-07-15,False
JY,JYQ19 Curncy,2019,8,2019-08-19,False
JY,JYU19 Curncy,2019,9,2019-09-16,True
JY,JYV19 Curncy,2019,10,2019-10-11,False
JY,JYX19 Curncy,2019,11,2019-11-18,False
JY,JYZ19 Curncy,2019,12,2019-12-16,True
JY,JYF20 Curncy,2020,1,2020-01-13,False
JY,JYG20 Curncy,2020,2,2020-02-14,False
JY,JYH20 Curncy,2020,3,2020-03-16,True
JY,JYJ20 Curncy,2020,4,2020-04-13,False
JY,JYK20 Curncy,2020,5,2020-05-18,False
JY,JYM20 Curncy,2020,6,2020-06-15,True
JY,JYN20 Curncy,2020,7,2020-07-13,False
JY,JYQ20 Curncy,2020,8,2020-08-17,False
JY,JYU20 Curncy,2020,9,2020-09-14,True
JY,JYV20 Curncy,2020,10,2020-10-19,False
JY,JYX20 Curncy,2020,11,2020-11-16,False
JY,JYZ20 Curncy,2020,12,2020-12-14,True
JY,JYF21 Curncy,2021,1,2021-01-15,False
JY,JYG21 Curncy,2021,2,2021-02-12,False
JY,JYH21 Curncy,2021,3,2021-03-15,True
JY,JYJ21 Curncy,2021,4,2021-04-19,False
JY,JYK21 Curncy,2021,5,2021-05-17,False
JY,JYM21 Curncy,2021,6,2021-06-14,True
JY,JYN21 Curncy,2021,7,2021-07-19,False
JY,JYQ21 Curncy,2021,8,2021-08-16,False
JY,JYU21 Curncy,2021,9,2021-09-13,True
JY,JYV21 Curncy,2021,10,2021-10-18,False
JY,JYX21 Curncy,2021,11,2021-11-15,False
JY,JYZ21 Curncy,2021,12,2021-12-13,True
JY,JYF22 Curncy,2022,1,2022-01-14,False
JY,JYG22 Curncy,2022,2,2022-02-14,False
JY,JYH22 Curncy,2022,3,2022-03-14,True
JY,JYJ22 Curncy,2022,4,2022-04-18,False
JY,JYK22 Curncy,2022,5,2022-05-16,False
JY,JYM22 Curncy,2022,6,2022-06-13,True
JY,JYN22 Curncy,2022,7,2022-07-18,False
JY,JYQ22 Curncy,2022,8,2022-08-15,False
JY,JYU22 Curncy,2022,9,2022-09-19,True
JY,JYV22 Curncy,2022,10,2022-10-17,False
JY,JYX22 Curncy,2022,11,2022-11-14,False
JY,JYZ22 Curncy,2022,12,2022-12-19,True
JY,JYF23 Curncy,2023,1,2023-01-13,False
JY,JYG23 Curncy,2023,2,2023-02-13,False
JY,JYH23 Curncy,2023,3,2023-03-13,True
JY,JYJ23 Curncy,2023,4,2023-04-17,False
JY,JYK23 Curncy,2023,5,2023-05-15,False
JY,JYM23 Curncy,2023,6,2023-06-16,True
JY,JYN23 Curncy,2023,7,2023-07-17,False
JY,JYQ23 Curncy,2023,8,2023-08-14,False
JY,JYU23 Curncy,2023,9,2023-09-18,True
JY,JYV23 Curncy,2023,10,2023-10-16,False
JY,JYX23 Curncy,2023,11,2023-11-13,False
JY,JYZ23 Curncy,2023,12,2023-12-18,True
JY,JYF24 Curncy,2024,1,2024-01-12,False
JY,JYG24 Curncy,2024,2,2024-02-16,False
JY,JYH24 Curncy,2024,3,2024-03-18,True
JY,JYJ24 Curncy,2024,4,2024-04-15,False
JY,JYK24 Curncy,2024,5,2024-05-13,False
JY,JYM24 Curncy,2024,6,2024-06-17,True
JY,JYN24 Curncy,2024,7,2024-07-15,False
JY,JYQ24 Curncy,2024,8,2024-08-19,False
JY,JYU24 Curncy,2024,9,2024-09-16,True
JY,JYV24 Curncy,2024,10,2024-10-11,False
JY,JYX24 Curncy,2024,11,2024-11-18,False
JY,JYZ24 Curncy,2024,12,2024-12-16,True
JY,JYF25 Curncy,2025,1,2025-01-13,False
JY,JYG25 Curncy,2025,2,2025-02-14,False
JY,JYH25 Curncy,2025,3,2025-03-17,True
JY,JYJ25 Curncy,2025,4,2025-04-14,False
JY,JYK25 Curncy,2025,5,2025-05-19,False
JY,JYM25 Curncy,2025,6,2025-06-16,True
JY,JYN25 Curncy,2025,7,2025-07-14,False
JY,JYQ25 Curncy,2025,8,2025-08-18,False
JY,JYU25 Curncy,2025,9,2025-09-15,True
JY,JYV25 Curncy,2025,10,2025-10-10,False
JY,JYX5 Curncy,2025,11,2025-11-17,False
JY,JYZ5 Curncy,2025,12,2025-12-15,True
JY,JYF6 Curncy,2026,1,2026-01-16,False
JY,JYG6 Curncy,2026,2,2026-02-13,False
JY,JYH6 Curncy,2026,3,2026-03-16,True
JY,JYJ6 Curncy,2026,4,2026-04-13,False
JY,JYK6 Curncy,2026,5,2026-05-18,False
JY,JYM6 Curncy,2026,6,2026-06-15,True
JY,JYN6 Curncy,2026,7,2026-07-13,False
JY,JYQ6 Curncy,2026,8,2026-08-17,False
JY,JYU6 Curncy,2026,9,2026-09-14,True
JY,JYV6 Curncy,2026,10,2026-10-19,False
JY,JYX6 Curncy,2026,11,2026-11-16,False
JY,JYZ6 Curncy,2026,12,2026-12-14,True
JY,JYF7 Curncy,2027,1,2027-01-15,False
JY,JYG7 Curncy,2027,2,2027-02-12,False
JY,JYH7 Curncy,2027,3,2027-03-15,True
JY,JYJ7 Curncy,2027,4,2027-04-19,False
JY,JYK7 Curncy,2027,5,2027-05-17,False
JY,JYM7 Curncy,2027,6,2027-06-14,True
JY,JYN7 Curncy,2027,7,2027-07-19,False
JY,JYQ7 Curncy,2027,8,2027-08-16,False
JY,JYU7 Curncy,2027,9,2027-09-13,True
JY,JYV7 Curncy,2027,10,2027-10-18,False
JY,JYX7 Curncy,2027,11,2027-11-15,False
JY,JYZ7 Curncy,2027,12,2027-12-13,True
JY,JYF8 Curncy,2028,1,2028-01-14,False
JY,JYG8 Curncy,2028,2,2028-02-14,False
JY,JYH8 Curncy,2028,3,2028-03-13,True
JY,JYJ8 Curncy,2028,4,2028-04-17,False
JY,JYK8 Curncy,2028,5,2028-05-15,False
JY,JYM8 Curncy,2028,6,2028-06-16,True
JY,JYN8 Curncy,2028,7,2028-07-17,False
JY,JYQ8 Curncy,2028,8,2028-08-14,False
JY,JYU8 Curncy,2028,9,2028-09-18,True
JY,JYZ8 Curncy,2028,12,2028-12-18,True
JY,JYH9 Curncy,2029,3,2029-03-19,True
JY,JYM9 Curncy,2029,6,2029-06-15,True
JY,JYU9 Curncy,2029,9,2029-09-17,True
JY,JYZ9 Curncy,2029,12,2029-12-17,True
JY,JYH0 Curncy,2030,3,2030-03-18,True
JY,JYM0 Curncy,2030,6,2030-06-17,True
JY,JYU0 Curncy,2030,9,2030-09-16,True
JY,JYZ0 Curncy,2030,12,2030-12-16,True
JY,JYH1 Curncy,2031,3,2031-03-17,True
JY,JYM1 Curncy,2031,6,2031-06-16,True
JY,JYU1 Curncy,2031,9,2031-09-15,True
AD,ADH87 Curncy,1987,3,1987-03-17,True
AD,ADM87 Curncy,1987,6,1987-06-16,True
AD,ADU87 Curncy,1987,9,1987-09-14,True
AD,ADZ87 Curncy,1987,12,1987-12-14,True
AD,ADH88 Curncy,1988,3,1988-03-14,True
AD,ADM88 Curncy,1988,6,1988-06-13,True
AD,ADU88 Curncy,1988,9,1988-09-19,True
AD,ADZ88 Curncy,1988,12,1988-12-19,True
AD,ADH89 Curncy,1989,3,1989-03-13,True
AD,ADM89 Curncy,1989,6,1989-06-19,True
AD,ADU89 Curncy,1989,9,1989-09-18,True
AD,ADZ89 Curncy,1989,12,1989-12-18,True
AD,ADH90 Curncy,1990,3,1990-03-19,True
AD,ADM90 Curncy,1990,6,1990-06-18,True
AD,ADU90 Curncy,1990,9,1990-09-17,True
AD,ADZ90 Curncy,1990,12,1990-12-17,True
AD,ADH91 Curncy,1991,3,1991-03-18,True
AD,ADM91 Curncy,1991,6,1991-06-17,True
AD,ADU91 Curncy,1991,9,1991-09-16,True
AD,ADZ91 Curncy,1991,12,1991-12-16,True
AD,ADH92 Curncy,1992,3,1992-03-16,True
AD,ADM92 Curncy,1992,6,1992-06-15,True
AD,ADU92 Curncy,1992,9,1992-09-14,True
AD,ADZ92 Curncy,1992,12,1992-12-14,True
AD,ADH93 Curncy,1993,3,1993-03-15,True
AD,ADM93 Curncy,1993,6,1993-06-14,True
AD,ADU93 Curncy,1993,9,1993-09-13,True
AD,ADZ93 Curncy,1993,12,1993-12-13,True
AD,ADH94 Curncy,1994,3,1994-03-14,True
AD,ADM94 Curncy,1994,6,1994-06-13,True
AD,ADU94 Curncy,1994,9,1994-09-19,True
AD,ADZ94 Curncy,1994,12,1994-12-19,True
AD,ADH95 Curncy,1995,3,1995-03-13,True
AD,ADM95 Curncy,1995,6,1995-06-19,True
AD,ADU95 Curncy,1995,9,1995-09-18,True
AD,ADZ95 Curncy,1995,12,1995-12-18,True
AD,ADH96 Curncy,1996,3,1996-03-18,True
AD,ADM96 Curncy,1996,6,1996-06-17,True
AD,ADU96 Curncy,1996,9,1996-09-16,True
AD,ADZ96 Curncy,1996,12,1996-12-16,True
AD,ADH97 Curncy,1997,3,1997-03-17,True
AD,ADM97 Curncy,1997,6,1997-06-16,True
AD,ADU97 Curncy,1997,9,1997-09-15,True
AD,ADZ97 Curncy,1997,12,1997-12-15,True
AD,ADH98 Curncy,1998,3,1998-03-16,True
AD,ADM98 Curncy,1998,6,1998-06-15,True
AD,ADU98 Curncy,1998,9,1998-09-14,True
AD,ADZ98 Curncy,1998,12,1998-12-14,True
AD,ADH99 Curncy,1999,3,1999-03-15,True
AD,ADM99 Curncy,1999,6,1999-06-14,True
AD,ADU99 Curncy,1999,9,1999-09-13,True
AD,ADZ99 Curncy,1999,12,1999-12-13,True
AD,ADH00 Curncy,2000,3,2000-03-13,True
AD,ADM00 Curncy,2000,6,2000-06-19,True
AD,ADU00 Curncy,2000,9,2000-09-18,True
AD,ADZ00 Curncy,2000,12,2000-12-18,True
AD,ADH01 Curncy,2001,3,2001-03-19,True
AD,ADM01 Curncy,2001,6,2001-06-18,True
AD,ADU01 Curncy,2001,9,2001-09-17,True
AD,ADZ01 Curncy,2001,12,2001-12-17,True
AD,ADH02 Curncy,2002,3,2002-03-18,True
AD,ADM02 Curncy,2002,6,2002-06-17,True
AD,ADU02 Curncy,2002,9,2002-09-16,True
AD,ADZ02 Curncy,2002,12,2002-12-16,True
AD,ADH03 Curncy,2003,3,2003-03-17,True
AD,ADM03 Curncy,2003,6,2003-06-16,True
AD,ADU03 Curncy,2003,9,2003-09-15,True
AD,ADZ03 Curncy,2003,12,2003-12-15,True
AD,ADH04 Curncy,2004,3,2004-03-15,True
AD,ADM04 Curncy,2004,6,2004-06-14,True
AD,ADU04 Curncy,2004,9,2004-09-13,True
AD,ADZ04 Curncy,2004,12,2004-12-13,True
AD,ADH05 Curncy,2005,3,2005-03-14,True
AD,ADM05 Curncy,2005,6,2005-06-13,True
AD,ADU05 Curncy,2005,9,2005-09-19,True
AD,ADZ05 Curncy,2005,12,2005-12-19,True
AD,ADH06 Curncy,2006,3,2006-03-13,True
AD,ADM06 Curncy,2006,6,2006-06-19,True
AD,ADU06 Curncy,2006,9,2006-09-18,True
AD,ADZ06 Curncy,2006,12,2006-12-18,True
AD,ADH07 Curncy,2007,3,2007-03-19,True
AD,ADM07 Curncy,2007,6,2007-06-18,True
AD,ADU07 Curncy,2007,9,2007-09-17,True
AD,ADZ07 Curncy,2007,12,2007-12-17,True
AD,ADH08 Curncy,2008,3,2008-03-17,True
AD,ADM08 Curncy,2008,6,2008-06-16,True
AD,ADU08 Curncy,2008,9,2008-09-15,True
AD,ADZ08 Curncy,2008,12,2008-12-15,True
AD,ADH09 Curncy,2009,3,2009-03-16,True
AD,ADM09 Curncy,2009,6,2009-06-15,True
AD,ADU09 Curncy,2009,9,2009-09-14,True
AD,ADZ09 Curncy,2009,12,2009-12-14,True
AD,ADH10 Curncy,2010,3,2010-03-15,True
AD,ADM10 Curncy,2010,6,2010-06-14,True
AD,ADU10 Curncy,2010,9,2010-09-13,True
AD,ADZ10 Curncy,2010,12,2010-12-13,True
AD,ADH11 Curncy,2011,3,2011-03-14,True
AD,ADM11 Curncy,2011,6,2011-06-13,True
AD,ADU11 Curncy,2011,9,2011-09-19,True
AD,ADZ11 Curncy,2011,12,2011-12-19,True
AD,ADH12 Curncy,2012,3,2012-03-19,True
AD,ADM12 Curncy,2012,6,2012-06-18,True
AD,ADU12 Curncy,2012,9,2012-09-17,True
AD,ADZ12 Curncy,2012,12,2012-12-17,True
AD,ADH13 Curncy,2013,3,2013-03-18,True
AD,ADM13 Curncy,2013,6,2013-06-17,True
AD,ADU13 Curncy,2013,9,2013-09-16,True
AD,ADZ13 Curncy,2013,12,2013-12-16,True
AD,ADH14 Curncy,2014,3,2014-03-17,True
AD,ADM14 Curncy,2014,6,2014-06-16,True
AD,ADU14 Curncy,2014,9,2014-09-15,True
AD,ADZ14 Curncy,2014,12,2014-12-15,True
AD,ADH15 Curncy,2015,3,2015-03-16,True
AD,ADM15 Curncy,2015,6,2015-06-15,True
AD,ADU15 Curncy,2015,9,2015-09-14,True
AD,ADZ15 Curncy,2015,12,2015-12-14,True
AD,ADH16 Curncy,2016,3,2016-03-14,True
AD,ADM16 Curncy,2016,6,2016-06-13,True
AD,ADU16 Curncy,2016,9,2016-09-19,True
AD,ADZ16 Curncy,2016,12,2016-12-19,True
AD,ADH17 Curncy,2017,3,2017-03-13,True
AD,ADJ17 Curncy,2017,4,2017-04-17,False
AD,ADK17 Curncy,2017,5,2017-05-15,False
AD,ADM17 Curncy,2017,6,2017-06-19,True
AD,ADN17 Curncy,2017,7,2017-07-17,False
AD,ADQ17 Curncy,2017,8,2017-08-14,False
AD,ADU17 Curncy,2017,9,2017-09-18,True
AD,ADV17 Curncy,2017,10,2017-10-16,False
AD,ADX17 Curncy,2017,11,2017-11-13,False
AD,ADZ17 Curncy,2017,12,2017-12-18,True
AD,ADF18 Curncy,2018,1,2018-01-12,False
AD,ADG18 Curncy,2018,2,2018-02-16,False
AD,ADH18 Curncy,2018,3,2018-03-19,True
AD,ADJ18 Curncy,2018,4,2018-04-16,False
AD,ADK18 Curncy,2018,5,2018-05-14,False
AD,ADM18 Curncy,2018,6,2018-06-18,True
AD,ADN18 Curncy,2018,7,2018-07-16,False
AD,ADQ18 Curncy,2018,8,2018-08-13,False
AD,ADU18 Curncy,2018,9,2018-09-17,True
AD,ADV18 Curncy,2018,10,2018-10-15,False
AD,ADX18 Curncy,2018,11,2018-11-19,False
AD,ADZ18 Curncy,2018,12,2018-12-17,True
AD,ADF19 Curncy,2019,1,2019-01-14,False
AD,ADG19 Curncy,2019,2,2019-02-15,False
AD,ADH19 Curncy,2019,3,2019-03-18,True
AD,ADJ19 Curncy,2019,4,2019-04-15,False
AD,ADK19 Curncy,2019,5,2019-05-13,False
AD,ADM19 Curncy,2019,6,2019-06-17,True
AD,ADN19 Curncy,2019,7,2019-07-15,False
AD,ADQ19 Curncy,2019,8,2019-08-19,False
AD,ADU19 Curncy,2019,9,2019-09-16,True
AD,ADV19 Curncy,2019,10,2019-10-11,False
AD,ADX19 Curncy,2019,11,2019-11-18,False
AD,ADZ19 Curncy,2019,12,2019-12-16,True
AD,ADF20 Curncy,2020,1,2020-01-13,False
AD,ADG20 Curncy,2020,2,2020-02-14,False
AD,ADH20 Curncy,2020,3,2020-03-16,True
AD,ADJ20 Curncy,2020,4,2020-04-13,False
AD,ADK20 Curncy,2020,5,2020-05-18,False
AD,ADM20 Curncy,2020,6,2020-06-15,True
AD,ADN20 Curncy,2020,7,2020-07-13,False
AD,ADQ20 Curncy,2020,8,2020-08-17,False
AD,ADU20 Curncy,2020,9,2020-09-14,True
AD,ADV20 Curncy,2020,10,2020-10-19,False
AD,ADX20 Curncy,2020,11,2020-11-16,False
AD,ADZ20 Curncy,2020,12,2020-12-14,True
AD,ADF21 Curncy,2021,1,2021-01-15,False
AD,ADG21 Curncy,2021,2,2021-02-12,False
AD,ADH21 Curncy,2021,3,2021-03-15,True
AD,ADJ21 Curncy,2021,4,2021-04-19,False
AD,ADK21 Curncy,2021,5,2021-05-17,False
AD,ADM21 Curncy,2021,6,2021-06-14,True
AD,ADN21 Curncy,2021,7,2021-07-19,False
AD,ADQ21 Curncy,2021,8,2021-08-16,False
AD,ADU21 Curncy,2021,9,2021-09-13,True
AD,ADV21 Curncy,2021,10,2021-10-18,False
AD,ADX21 Curncy,2021,11,2021-11-15,False
AD,ADZ21 Curncy,2021,12,2021-12-13,True
AD,ADF22 Curncy,2022,1,2022-01-14,False
AD,ADG22 Curncy,2022,2,2022-02-14,False
AD,ADH22 Curncy,2022,3,2022-03-14,True
AD,ADJ22 Curncy,2022,4,2022-04-18,False
AD,ADK22 Curncy,2022,5,2022-05-16,False
AD,ADM22 Curncy,2022,6,2022-06-13,True
AD,ADN22 Curncy,2022,7,2022-07-18,False
AD,ADQ22 Curncy,2022,8,2022-08-15,False
AD,ADU22 Curncy,2022,9,2022-09-19,True
AD,ADV22 Curncy,2022,10,2022-10-17,False
AD,ADX22 Curncy,2022,11,2022-11-14,False
AD,ADZ22 Curncy,2022,12,2022-12-19,True
AD,ADF23 Curncy,2023,1,2023-01-13,False
AD,ADG23 Curncy,2023,2,2023-02-13,False
AD,ADH23 Curncy,2023,3,2023-03-13,True
AD,ADJ23 Curncy,2023,4,2023-04-17,False
AD,ADK23 Curncy,2023,5,2023-05-15,False
AD,ADM23 Curncy,2023,6,2023-06-16,True
AD,ADN23 Curncy,2023,7,2023-07-17,False
AD,ADQ23 Curncy,2023,8,2023-08-14,False
AD,ADU23 Curncy,2023,9,2023-09-18,True
AD,ADV23 Curncy,2023,10,2023-10-16,False
AD,ADX23 Curncy,2023,11,2023-11-13,False
AD,ADZ23 Curncy,2023,12,2023-12-18,True
AD,ADF24 Curncy,2024,1,2024-01-12,False
AD,ADG24 Curncy,2024,2,2024-02-16,False
AD,ADH24 Curncy,2024,3,2024-03-18,True
AD,ADJ24 Curncy,2024,4,2024-04-15,False
AD,ADK24 Curncy,2024,5,2024-05-13,False
AD,ADM24 Curncy,2024,6,2024-06-17,True
AD,ADN24 Curncy,2024,7,2024-07-15,False
AD,ADQ24 Curncy,2024,8,2024-08-19,False
AD,ADU24 Curncy,2024,9,2024-09-16,True
AD,ADV24 Curncy,2024,10,2024-10-11,False
AD,ADX24 Curncy,2024,11,2024-11-18,False
AD,ADZ24 Curncy,2024,12,2024-12-16,True
AD,ADF25 Curncy,2025,1,2025-01-13,False
AD,ADG25 Curncy,2025,2,2025-02-14,False
AD,ADH25 Curncy,2025,3,2025-03-17,True
AD,ADJ25 Curncy,2025,4,2025-04-14,False
AD,ADK25 Curncy,2025,5,2025-05-19,False
AD,ADM25 Curncy,2025,6,2025-06-16,True
AD,ADN25 Curncy,2025,7,2025-07-14,False
AD,ADQ25 Curncy,2025,8,2025-08-18,False
AD,ADU25 Curncy,2025,9,2025-09-15,True
AD,ADV25 Curncy,2025,10,2025-10-10,False
AD,ADX5 Curncy,2025,11,2025-11-17,False
AD,ADZ5 Curncy,2025,12,2025-12-15,True
AD,ADF6 Curncy,2026,1,2026-01-16,False
AD,ADG6 Curncy,2026,2,2026-02-13,False
AD,ADH6 Curncy,2026,3,2026-03-16,True
AD,ADJ6 Curncy,2026,4,2026-04-13,False
AD,ADK6 Curncy,2026,5,2026-05-18,False
AD,ADM6 Curncy,2026,6,2026-06-15,True
AD,ADN6 Curncy,2026,7,2026-07-13,False
AD,ADQ6 Curncy,2026,8,2026-08-17,False
AD,ADU6 Curncy,2026,9,2026-09-14,True
AD,ADV6 Curncy,2026,10,2026-10-19,False
AD,ADX6 Curncy,2026,11,2026-11-16,False
AD,ADZ6 Curncy,2026,12,2026-12-14,True
AD,ADF7 Curncy,2027,1,2027-01-15,False
AD,ADG7 Curncy,2027,2,2027-02-12,False
AD,ADH7 Curncy,2027,3,2027-03-15,True
AD,ADJ7 Curncy,2027,4,2027-04-19,False
AD,ADK7 Curncy,2027,5,2027-05-17,False
AD,ADM7 Curncy,2027,6,2027-06-14,True
AD,ADN7 Curncy,2027,7,2027-07-19,False
AD,ADQ7 Curncy,2027,8,2027-08-16,False
AD,ADU7 Curncy,2027,9,2027-09-13,True
AD,ADV7 Curncy,2027,10,2027-10-18,False
AD,ADX7 Curncy,2027,11,2027-11-15,False
AD,ADZ7 Curncy,2027,12,2027-12-13,True
AD,ADF8 Curncy,2028,1,2028-01-14,False
AD,ADG8 Curncy,2028,2,2028-02-14,False
AD,ADH8 Curncy,2028,3,2028-03-13,True
AD,ADJ8 Curncy,2028,4,2028-04-17,False
AD,ADK8 Curncy,2028,5,2028-05-15,False
AD,ADM8 Curncy,2028,6,2028-06-16,True
AD,ADN8 Curncy,2028,7,2028-07-17,False
AD,ADQ8 Curncy,2028,8,2028-08-14,False
AD,ADU8 Curncy,2028,9,2028-09-18,True
AD,ADZ8 Curncy,2028,12,2028-12-18,True
AD,ADH9 Curncy,2029,3,2029-03-19,True
AD,ADM9 Curncy,2029,6,2029-06-15,True
AD,ADU9 Curncy,2029,9,2029-09-17,True
AD,ADZ9 Curncy,2029,12,2029-12-17,True
AD,ADH0 Curncy,2030,3,2030-03-18,True
AD,ADM0 Curncy,2030,6,2030-06-17,True
AD,ADU0 Curncy,2030,9,2030-09-16,True
AD,ADZ0 Curncy,2030,12,2030-12-16,True
AD,ADH1 Curncy,2031,3,2031-03-17,True
AD,ADM1 Curncy,2031,6,2031-06-16,True
AD,ADU1 Curncy,2031,9,2031-09-15,True
CL,CLM83 Comdty,1983,6,1983-05-18,True
CL,CLN83 Comdty,1983,7,1983-06-17,True
CL,CLQ83 Comdty,1983,8,1983-07-18,True
CL,CLU83 Comdty,1983,9,1983-08-19,True
CL,CLV83 Comdty,1983,10,1983-09-16,True
CL,CLX83 Comdty,1983,11,1983-10-18,True
CL,CLZ83 Comdty,1983,12,1983-11-18,True
CL,CLF84 Comdty,1984,1,1983-12-16,True
CL,CLG84 Comdty,1984,2,1984-01-20,True
CL,CLH84 Comdty,1984,3,1984-02-17,True
CL,CLJ84 Comdty,1984,4,1984-03-16,True
CL,CLK84 Comdty,1984,5,1984-04-19,True
CL,CLM84 Comdty,1984,6,1984-05-18,True
CL,CLN84 Comdty,1984,7,1984-06-18,True
CL,CLQ84 Comdty,1984,8,1984-07-20,True
CL,CLU84 Comdty,1984,9,1984-08-17,True
CL,CLV84 Comdty,1984,10,1984-09-17,True
CL,CLX84 Comdty,1984,11,1984-10-18,True
CL,CLZ84 Comdty,1984,12,1984-11-16,True
CL,CLF85 Comdty,1985,1,1984-12-21,True
CL,CLG85 Comdty,1985,2,1985-01-18,True
CL,CLH85 Comdty,1985,3,1985-02-15,True
CL,CLJ85 Comdty,1985,4,1985-03-22,True
CL,CLK85 Comdty,1985,5,1985-04-19,True
CL,CLM85 Comdty,1985,6,1985-05-17,True
CL,CLN85 Comdty,1985,7,1985-06-21,True
CL,CLQ85 Comdty,1985,8,1985-07-22,True
CL,CLU85 Comdty,1985,9,1985-08-16,True
CL,CLV85 Comdty,1985,10,1985-09-20,True
CL,CLX85 Comdty,1985,11,1985-10-18,True
CL,CLZ85 Comdty,1985,12,1985-11-20,True
CL,CLF86 Comdty,1986,1,1985-12-20,True
CL,CLG86 Comdty,1986,2,1986-01-21,True
CL,CLH86 Comdty,1986,3,1986-02-20,True
CL,CLJ86 Comdty,1986,4,1986-03-20,True
CL,CLK86 Comdty,1986,5,1986-04-22,True
CL,CLM86 Comdty,1986,6,1986-05-20,True
CL,CLN86 Comdty,1986,7,1986-06-20,True
CL,CLQ86 Comdty,1986,8,1986-07-24,True
CL,CLU86 Comdty,1986,9,1986-08-22,True
CL,CLV86 Comdty,1986,10,1986-09-25,True
CL,CLX86 Comdty,1986,11,1986-10-23,True
CL,CLZ86 Comdty,1986,12,1986-11-24,True
CL,CLF87 Comdty,1987,1,1986-12-24,True
CL,CLG87 Comdty,1987,2,1987-01-22,True
CL,CLH87 Comdty,1987,3,1987-02-25,True
CL,CLJ87 Comdty,1987,4,1987-03-20,True
CL,CLK87 Comdty,1987,5,1987-04-24,True
CL,CLM87 Comdty,1987,6,1987-05-21,True
CL,CLN87 Comdty,1987,7,1987-06-24,True
CL,CLQ87 Comdty,1987,8,1987-07-23,True
CL,CLU87 Comdty,1987,9,1987-08-21,True
CL,CLV87 Comdty,1987,10,1987-09-24,True
CL,CLX87 Comdty,1987,11,1987-10-22,True
CL,CLZ87 Comdty,1987,12,1987-11-24,True
CL,CLF88 Comdty,1988,1,1987-12-18,True
CL,CLG88 Comdty,1988,2,1988-01-18,True
CL,CLH88 Comdty,1988,3,1988-02-18,True
CL,CLJ88 Comdty,1988,4,1988-03-22,True
CL,CLK88 Comdty,1988,5,1988-04-20,True
CL,CLM88 Comdty,1988,6,1988-05-20,True
CL,CLN88 Comdty,1988,7,1988-06-21,True
CL,CLQ88 Comdty,1988,8,1988-07-20,True
CL,CLU88 Comdty,1988,9,1988-08-22,True
CL,CLV88 Comdty,1988,10,1988-09-20,True
CL,CLX88 Comdty,1988,11,1988-10-20,True
CL,CLZ88 Comdty,1988,12,1988-11-21,True
CL,CLF89 Comdty,1989,1,1988-12-20,True
CL,CLG89 Comdty,1989,2,1989-01-20,True
CL,CLH89 Comdty,1989,3,1989-02-21,True
CL,CLJ89 Comdty,1989,4,1989-03-20,True
CL,CLK89 Comdty,1989,5,1989-04-20,True
CL,CLM89 Comdty,1989,6,1989-05-22,True
CL,CLN89 Comdty,1989,7,1989-06-20,True
CL,CLQ89 Comdty,1989,8,1989-07-20,True
CL,CLU89 Comdty,1989,9,1989-08-22,True
CL,CLV89 Comdty,1989,10,1989-09-20,True
CL,CLX89 Comdty,1989,11,1989-10-20,True
CL,CLZ89 Comdty,1989,12,1989-11-20,True
CL,CLF90 Comdty,1990,1,1989-12-19,True
CL,CLG90 Comdty,1990,2,1990-01-22,True
CL,CLH90 Comdty,1990,3,1990-02-20,True
CL,CLJ90 Comdty,1990,4,1990-03-20,True
CL,CLK90 Comdty,1990,5,1990-04-20,True
CL,CLM90 Comdty,1990,6,1990-05-22,True
CL,CLN90 Comdty,1990,7,1990-06-20,True
CL,CLQ90 Comdty,1990,8,1990-07-20,True
CL,CLU90 Comdty,1990,9,1990-08-21,True
CL,CLV90 Comdty,1990,10,1990-09-20,True
CL,CLX90 Comdty,1990,11,1990-10-22,True
CL,CLZ90 Comdty,1990,12,1990-11-19,True
CL,CLF91 Comdty,1991,1,1990-12-19,True
CL,CLG91 Comdty,1991,2,1991-01-22,True
CL,CLH91 Comdty,1991,3,1991-02-20,True
CL,CLJ91 Comdty,1991,4,1991-03-20,True
CL,CLK91 Comdty,1991,5,1991-04-22,True
CL,CLM91 Comdty,1991,6,1991-05-21,True
CL,CLN91 Comdty,1991,7,1991-06-20,True
CL,CLQ91 Comdty,1991,8,1991-07-22,True
CL,CLU91 Comdty,1991,9,1991-08-20,True
CL,CLV91 Comdty,1991,10,1991-09-20,True
CL,CLX91 Comdty,1991,11,1991-10-22,True
CL,CLZ91 Comdty,1991,12,1991-11-20,True
CL,CLF92 Comdty,1992,1,1991-12-19,True
CL,CLG92 Comdty,1992,2,1992-01-21,True
CL,CLH92 Comdty,1992,3,1992-02-20,True
CL,CLJ92 Comdty,1992,4,1992-03-20,True
CL,CLK92 Comdty,1992,5,1992-04-21,True
CL,CLM92 Comdty,1992,6,1992-05-19,True
CL,CLN92 Comdty,1992,7,1992-06-22,True
CL,CLQ92 Comdty,1992,8,1992-07-21,True
CL,CLU92 Comdty,1992,9,1992-08-20,True
CL,CLV92 Comdty,1992,10,1992-09-22,True
CL,CLX92 Comdty,1992,11,1992-10-20,True
CL,CLZ92 Comdty,1992,12,1992-11-20,True
CL,CLF93 Comdty,1993,1,1992-12-18,True
CL,CLG93 Comdty,1993,2,1993-01-21,True
CL,CLH93 Comdty,1993,3,1993-02-22,True
CL,CLJ93 Comdty,1993,4,1993-03-22,True
CL,CLK93 Comdty,1993,5,1993-04-20,True
CL,CLM93 Comdty,1993,6,1993-05-20,True
CL,CLN93 Comdty,1993,7,1993-06-23,True
CL,CLQ93 Comdty,1993,8,1993-07-20,True
CL,CLU93 Comdty,1993,9,1993-08-20,True
CL,CLV93 Comdty,1993,10,1993-09-21,True
CL,CLX93 Comdty,1993,11,1993-10-21,True
CL,CLZ93 Comdty,1993,12,1993-11-19,True
CL,CLF94 Comdty,1994,1,1993-12-20,True
CL,CLG94 Comdty,1994,2,1994-01-21,True
CL,CLH94 Comdty,1994,3,1994-02-23,True
CL,CLJ94 Comdty,1994,4,1994-03-23,True
CL,CLK94 Comdty,1994,5,1994-04-21,True
CL,CLM94 Comdty,1994,6,1994-05-23,True
CL,CLN94 Comdty,1994,7,1994-06-22,True
CL,CLQ94 Comdty,1994,8,1994-07-21,True
CL,CLU94 Comdty,1994,9,1994-08-23,True
CL,CLV94 Comdty,1994,10,1994-09-20,True
CL,CLX94 Comdty,1994,11,1994-10-21,True
CL,CLZ94 Comdty,1994,12,1994-11-21,True
CL,CLF95 Comdty,1995,1,1994-12-20,True
CL,CLG95 Comdty,1995,2,1995-01-20,True
CL,CLH95 Comdty,1995,3,1995-02-21,True
CL,CLJ95 Comdty,1995,4,1995-03-21,True
CL,CLK95 Comdty,1995,5,1995-04-20,True
CL,CLM95 Comdty,1995,6,1995-05-22,True
CL,CLN95 Comdty,1995,7,1995-06-20,True
CL,CLQ95 Comdty,1995,8,1995-07-20,True
CL,CLU95 Comdty,1995,9,1995-08-22,True
CL,CLV95 Comdty,1995,10,1995-09-20,True
CL,CLX95 Comdty,1995,11,1995-10-20,True
CL,CLZ95 Comdty,1995,12,1995-11-20,True
CL,CLF96 Comdty,1996,1,1995-12-19,True
CL,CLG96 Comdty,1996,2,1996-01-22,True
CL,CLH96 Comdty,1996,3,1996-02-20,True
CL,CLJ96 Comdty,1996,4,1996-03-20,True
CL,CLK96 Comdty,1996,5,1996-04-22,True
CL,CLM96 Comdty,1996,6,1996-05-21,True
CL,CLN96 Comdty,1996,7,1996-06-20,True
CL,CLQ96 Comdty,1996,8,1996-07-22,True
CL,CLU96 Comdty,1996,9,1996-08-20,True
CL,CLV96 Comdty,1996,10,1996-09-20,True
CL,CLX96 Comdty,1996,11,1996-10-22,True
CL,CLZ96 Comdty,1996,12,1996-11-20,True
CL,CLF97 Comdty,1997,1,1996-12-19,True
CL,CLG97 Comdty,1997,2,1997-01-21,True
CL,CLH97 Comdty,1997,3,1997-02-20,True
CL,CLJ97 Comdty,1997,4,1997-03-20,True
CL,CLK97 Comdty,1997,5,1997-04-22,True
CL,CLM97 Comdty,1997,6,1997-05-20,True
CL,CLN97 Comdty,1997,7,1997-06-20,True
CL,CLQ97 Comdty,1997,8,1997-07-22,True
CL,CLU97 Comdty,1997,9,1997-08-20,True
CL,CLV97 Comdty,1997,10,1997-09-22,True
CL,CLX97 Comdty,1997,11,1997-10-21,True
CL,CLZ97 Comdty,1997,12,1997-11-20,True
CL,CLF98 Comdty,1998,1,1997-12-22,True
CL,CLG98 Comdty,1998,2,1998-01-22,True
CL,CLH98 Comdty,1998,3,1998-02-20,True
CL,CLJ98 Comdty,1998,4,1998-03-23,True
CL,CLK98 Comdty,1998,5,1998-04-22,True
CL,CLM98 Comdty,1998,6,1998-05-22,True
CL,CLN98 Comdty,1998,7,1998-06-23,True
CL,CLQ98 Comdty,1998,8,1998-07-22,True
CL,CLU98 Comdty,1998,9,1998-08-21,True
CL,CLV98 Comdty,1998,10,1998-09-23,True
CL,CLX98 Comdty,1998,11,1998-10-21,True
CL,CLZ98 Comdty,1998,12,1998-11-23,True
CL,CLF99 Comdty,1999,1,1998-12-22,True
CL,CLG99 Comdty,1999,2,1999-01-20,True
CL,CLH99 Comdty,1999,3,1999-02-23,True
CL,CLJ99 Comdty,1999,4,1999-03-23,True
CL,CLK99 Comdty,1999,5,1999-04-20,True
CL,CLM99 Comdty,1999,6,1999-05-20,True
CL,CLN99 Comdty,1999,7,1999-06-22,True
CL,CLQ99 Comdty,1999,8,1999-07-20,True
CL,CLU99 Comdty,1999,9,1999-08-20,True
CL,CLV99 Comdty,1999,10,1999-09-21,True
CL,CLX99 Comdty,1999,11,1999-10-20,True
CL,CLZ99 Comdty,1999,12,1999-11-19,True
CL,CLF00 Comdty,2000,1,1999-12-20,True
CL,CLG00 Comdty,2000,2,2000-01-20,True
CL,CLH00 Comdty,2000,3,2000-02-22,True
CL,CLJ00 Comdty,2000,4,2000-03-21,True
CL,CLK00 Comdty,2000,5,2000-04-19,True
CL,CLM00 Comdty,2000,6,2000-05-22,True
CL,CLN00 Comdty,2000,7,2000-06-20,True
CL,CLQ00 Comdty,2000,8,2000-07-20,True
CL,CLU00 Comdty,2000,9,2000-08-22,True
CL,CLV00 Comdty,2000,10,2000-09-20,True
CL,CLX00 Comdty,2000,11,2000-10-20,True
CL,CLZ00 Comdty,2000,12,2000-11-17,True
CL,CLF01 Comdty,2001,1,2000-12-19,True
CL,CLG01 Comdty,2001,2,2001-01-22,True
CL,CLH01 Comdty,2001,3,2001-02-20,True
CL,CLJ01 Comdty,2001,4,2001-03-20,True
CL,CLK01 Comdty,2001,5,2001-04-20,True
CL,CLM01 Comdty,2001,6,2001-05-22,True
CL,CLN01 Comdty,2001,7,2001-06-20,True
CL,CLQ01 Comdty,2001,8,2001-07-20,True
CL,CLU01 Comdty,2001,9,2001-08-21,True
CL,CLV01 Comdty,2001,10,2001-09-20,True
CL,CLX01 Comdty,2001,11,2001-10-22,True
CL,CLZ01 Comdty,2001,12,2001-11-19,True
CL,CLF02 Comdty,2002,1,2001-12-18,True
CL,CLG02 Comdty,2002,2,2002-01-22,True
CL,CLH02 Comdty,2002,3,2002-02-20,True
CL,CLJ02 Comdty,2002,4,2002-03-20,True
CL,CLK02 Comdty,2002,5,2002-04-22,True
CL,CLM02 Comdty,2002,6,2002-05-21,True
CL,CLN02 Comdty,2002,7,2002-06-20,True
CL,CLQ02 Comdty,2002,8,2002-07-22,True
CL,CLU02 Comdty,2002,9,2002-08-20,True
CL,CLV02 Comdty,2002,10,2002-09-20,True
CL,CLX02 Comdty,2002,11,2002-10-22,True
CL,CLZ02 Comdty,2002,12,2002-11-20,True
CL,CLF03 Comdty,2003,1,2002-12-19,True
CL,CLG03 Comdty,2003,2,2003-01-21,True
CL,CLH03 Comdty,2003,3,2003-02-20,True
CL,CLJ03 Comdty,2003,4,2003-03-20,True
CL,CLK03 Comdty,2003,5,2003-04-22,True
CL,CLM03 Comdty,2003,6,2003-05-20,True
CL,CLN03 Comdty,2003,7,2003-06-20,True
CL,CLQ03 Comdty,2003,8,2003-07-22,True
CL,CLU03 Comdty,2003,9,2003-08-20,True
CL,CLV03 Comdty,2003,10,2003-09-22,True
CL,CLX03 Comdty,2003,11,2003-10-21,True
CL,CLZ03 Comdty,2003,12,2003-11-20,True
CL,CLF04 Comdty,2004,1,2003-12-19,True
CL,CLG04 Comdty,2004,2,2004-01-20,True
CL,CLH04 Comdty,2004,3,2004-02-20,True
CL,CLJ04 Comdty,2004,4,2004-03-22,True
CL,CLK04 Comdty,2004,5,2004-04-20,True
CL,CLM04 Comdty,2004,6,2004-05-20,True
CL,CLN04 Comdty,2004,7,2004-06-22,True
CL,CLQ04 Comdty,2004,8,2004-07-20,True
CL,CLU04 Comdty,2004,9,2004-08-20,True
CL,CLV04 Comdty,2004,10,2004-09-21,True
CL,CLX04 Comdty,2004,11,2004-10-20,True
CL,CLZ04 Comdty,2004,12,2004-11-19,True
CL,CLF05 Comdty,2005,1,2004-12-20,True
CL,CLG05 Comdty,2005,2,2005-01-20,True
CL,CLH05 Comdty,2005,3,2005-02-22,True
CL,CLJ05 Comdty,2005,4,2005-03-21,True
CL,CLK05 Comdty,2005,5,2005-04-20,True
CL,CLM05 Comdty,2005,6,2005-05-20,True
CL,CLN05 Comdty,2005,7,2005-06-21,True
CL,CLQ05 Comdty,2005,8,2005-07-20,True
CL,CLU05 Comdty,2005,9,2005-08-22,True
CL,CLV05 Comdty,2005,10,2005-09-20,True
CL,CLX05 Comdty,2005,11,2005-10-20,True
CL,CLZ05 Comdty,2005,12,2005-11-18,True
CL,CLF06 Comdty,2006,1,2005-12-20,True
CL,CLG06 Comdty,2006,2,2006-01-20,True
CL,CLH06 Comdty,2006,3,2006-02-21,True
CL,CLJ06 Comdty,2006,4,2006-03-21,True
CL,CLK06 Comdty,2006,5,2006-04-20,True
CL,CLM06 Comdty,2006,6,2006-05-22,True
CL,CLN06 Comdty,2006,7,2006-06-20,True
CL,CLQ06 Comdty,2006,8,2006-07-20,True
CL,CLU06 Comdty,2006,9,2006-08-22,True
CL,CLV06 Comdty,2006,10,2006-09-20,True
CL,CLX06 Comdty,2006,11,2006-10-20,True
CL,CLZ06 Comdty,2006,12,2006-11-17,True
CL,CLF07 Comdty,2007,1,2006-12-19,True
CL,CLG07 Comdty,2007,2,2007-01-22,True
CL,CLH07 Comdty,2007,3,2007-02-20,True
CL,CLJ07 Comdty,2007,4,2007-03-20,True
CL,CLK07 Comdty,2007,5,2007-04-20,True
CL,CLM07 Comdty,2007,6,2007-05-22,True
CL,CLN07 Comdty,2007,7,2007-06-20,True
CL,CLQ07 Comdty,2007,8,2007-07-20,True
CL,CLU07 Comdty,2007,9,2007-08-21,True
CL,CLV07 Comdty,2007,10,2007-09-20,True
CL,CLX07 Comdty,2007,11,2007-10-22,True
CL,CLZ07 Comdty,2007,12,2007-11-16,True
CL,CLF08 Comdty,2008,1,2007-12-18,True
CL,CLG08 Comdty,2008,2,2008-01-22,True
CL,CLH08 Comdty,2008,3,2008-02-20,True
CL,CLJ08 Comdty,2008,4,2008-03-19,True
CL,CLK08 Comdty,2008,5,2008-04-22,True
CL,CLM08 Comdty,2008,6,2008-05-20,True
CL,CLN08 Comdty,2008,7,2008-06-20,True
CL,CLQ08 Comdty,2008,8,2008-07-22,True
CL,CLU08 Comdty,2008,9,2008-08-20,True
CL,CLV08 Comdty,2008,10,2008-09-22,True
CL,CLX08 Comdty,2008,11,2008-10-21,True
CL,CLZ08 Comdty,2008,12,2008-11-20,True
CL,CLF09 Comdty,2009,1,2008-12-19,True
CL,CLG09 Comdty,2009,2,2009-01-20,True
CL,CLH09 Comdty,2009,3,2009-02-20,True
CL,CLJ09 Comdty,2009,4,2009-03-20,True
CL,CLK09 Comdty,2009,5,2009-04-21,True
CL,CLM09 Comdty,2009,6,2009-05-19,True
CL,CLN09 Comdty,2009,7,2009-06-22,True
CL,CLQ09 Comdty,2009,8,2009-07-21,True
CL,CLU09 Comdty,2009,9,2009-08-20,True
CL,CLV09 Comdty,2009,10,2009-09-22,True
CL,CLX09 Comdty,2009,11,2009-10-20,True
CL,CLZ09 Comdty,2009,12,2009-11-20,True
CL,CLF10 Comdty,2010,1,2009-12-21,True
CL,CLG10 Comdty,2010,2,2010-01-20,True
CL,CLH10 Comdty,2010,3,2010-02-22,True
CL,CLJ10 Comdty,2010,4,2010-03-22,True
CL,CLK10 Comdty,2010,5,2010-04-20,True
CL,CLM10 Comdty,2010,6,2010-05-20,True
CL,CLN10 Comdty,2010,7,2010-06-22,True
CL,CLQ10 Comdty,2010,8,2010-07-20,True
CL,CLU10 Comdty,2010,9,2010-08-20,True
CL,CLV10 Comdty,2010,10,2010-09-21,True
CL,CLX10 Comdty,2010,11,2010-10-20,True
CL,CLZ10 Comdty,2010,12,2010-11-19,True
CL,CLF11 Comdty,2011,1,2010-12-20,True
CL,CLG11 Comdty,2011,2,2011-01-20,True
CL,CLH11 Comdty,2011,3,2011-02-22,True
CL,CLJ11 Comdty,2011,4,2011-03-22,True
CL,CLK11 Comdty,2011,5,2011-04-19,True
CL,CLM11 Comdty,2011,6,2011-05-20,True
CL,CLN11 Comdty,2011,7,2011-06-21,True
CL,CLQ11 Comdty,2011,8,2011-07-20,True
CL,CLU11 Comdty,2011,9,2011-08-22,True
CL,CLV11 Comdty,2011,10,2011-09-20,True
CL,CLX11 Comdty,2011,11,2011-10-20,True
CL,CLZ11 Comdty,2011,12,2011-11-18,True
CL,CLF12 Comdty,2012,1,2011-12-20,True
CL,CLG12 Comdty,2012,2,2012-01-20,True
CL,CLH12 Comdty,2012,3,2012-02-21,True
CL,CLJ12 Comdty,2012,4,2012-03-20,True
CL,CLK12 Comdty,2012,5,2012-04-20,True
CL,CLM12 Comdty,2012,6,2012-05-22,True
CL,CLN12 Comdty,2012,7,2012-06-20,True
CL,CLQ12 Comdty,2012,8,2012-07-20,True
CL,CLU12 Comdty,2012,9,2012-08-21,True
CL,CLV12 Comdty,2012,10,2012-09-20,True
CL,CLX12 Comdty,2012,11,2012-10-22,True
CL,CLZ12 Comdty,2012,12,2012-11-16,True
CL,CLF13 Comdty,2013,1,2012-12-19,True
CL,CLG13 Comdty,2013,2,2013-01-22,True
CL,CLH13 Comdty,2013,3,2013-02-20,True
CL,CLJ13 Comdty,2013,4,2013-03-20,True
CL,CLK13 Comdty,2013,5,2013-04-22,True
CL,CLM13 Comdty,2013,6,2013-05-21,True
CL,CLN13 Comdty,2013,7,2013-06-20,True
CL,CLQ13 Comdty,2013,8,2013-07-22,True
CL,CLU13 Comdty,2013,9,2013-08-20,True
CL,CLV13 Comdty,2013,10,2013-09-20,True
CL,CLX13 Comdty,2013,11,2013-10-22,True
CL,CLZ13 Comdty,2013,12,2013-11-20,True
CL,CLF14 Comdty,2014,1,2013-12-19,True
CL,CLG14 Comdty,2014,2,2014-01-21,True
CL,CLH14 Comdty,2014,3,2014-02-20,True
CL,CLJ14 Comdty,2014,4,2014-03-20,True
CL,CLK14 Comdty,2014,5,2014-04-22,True
CL,CLM14 Comdty,2014,6,2014-05-20,True
CL,CLN14 Comdty,2014,7,2014-06-20,True
CL,CLQ14 Comdty,2014,8,2014-07-22,True
CL,CLU14 Comdty,2014,9,2014-08-20,True
CL,CLV14 Comdty,2014,10,2014-09-22,True
CL,CLX14 Comdty,2014,11,2014-10-21,True
CL,CLZ14 Comdty,2014,12,2014-11-20,True
CL,CLF15 Comdty,2015,1,2014-12-19,True
CL,CLG15 Comdty,2015,2,2015-01-20,True
CL,CLH15 Comdty,2015,3,2015-02-20,True
CL,CLJ15 Comdty,2015,4,2015-03-20,True
CL,CLK15 Comdty,2015,5,2015-04-21,True
CL,CLM15 Comdty,2015,6,2015-05-19,True
CL,CLN15 Comdty,2015,7,2015-06-22,True
CL,CLQ15 Comdty,2015,8,2015-07-21,True
CL,CLU15 Comdty,2015,9,2015-08-20,True
CL,CLV15 Comdty,2015,10,2015-09-22,True
CL,CLX15 Comdty,2015,11,2015-10-20,True
CL,CLZ15 Comdty,2015,12,2015-11-20,True
CL,CLF16 Comdty,2016,1,2015-12-21,True
CL,CLG16 Comdty,2016,2,2016-01-20,True
CL,CLH16 Comdty,2016,3,2016-02-22,True
CL,CLJ16 Comdty,2016,4,2016-03-21,True
CL,CLK16 Comdty,2016,5,2016-04-20,True
CL,CLM16 Comdty,2016,6,2016-05-20,True
CL,CLN16 Comdty,2016,7,2016-06-21,True
CL,CLQ16 Comdty,2016,8,2016-07-20,True
CL,CLU16 Comdty,2016,9,2016-08-22,True
CL,CLV16 Comdty,2016,10,2016-09-20,True
CL,CLX16 Comdty,2016,11,2016-10-20,True
CL,CLZ16 Comdty,2016,12,2016-11-21,True
CL,CLF17 Comdty,2017,1,2016-12-20,True
CL,CLG17 Comdty,2017,2,2017-01-20,True
CL,CLH17 Comdty,2017,3,2017-02-21,True
CL,CLJ17 Comdty,2017,4,2017-03-21,True
CL,CLK17 Comdty,2017,5,2017-04-20,True
CL,CLM17 Comdty,2017,6,2017-05-22,True
CL,CLN17 Comdty,2017,7,2017-06-20,True
CL,CLQ17 Comdty,2017,8,2017-07-20,True
CL,CLU17 Comdty,2017,9,2017-08-22,True
CL,CLV17 Comdty,2017,10,2017-09-20,True
CL,CLX17 Comdty,2017,11,2017-10-20,True
CL,CLZ17 Comdty,2017,12,2017-11-20,True
CL,CLF18 Comdty,2018,1,2017-12-19,True
CL,CLG18 Comdty,2018,2,2018-01-22,True
CL,CLH18 Comdty,2018,3,2018-02-20,True
CL,CLJ18 Comdty,2018,4,2018-03-20,True
CL,CLK18 Comdty,2018,5,2018-04-20,True
CL,CLM18 Comdty,2018,6,2018-05-22,True
CL,CLN18 Comdty,2018,7,2018-06-20,True
CL,CLQ18 Comdty,2018,8,2018-07-20,True
CL,CLU18 Comdty,2018,9,2018-08-21,True
CL,CLV18 Comdty,2018,10,2018-09-20,True
CL,CLX18 Comdty,2018,11,2018-10-22,True
CL,CLZ18 Comdty,2018,12,2018-11-19,True
CL,CLF19 Comdty,2019,1,2018-12-19,True
CL,CLG19 Comdty,2019,2,2019-01-22,True
CL,CLH19 Comdty,2019,3,2019-02-20,True
CL,CLJ19 Comdty,2019,4,2019-03-20,True
CL,CLK19 Comdty,2019,5,2019-04-22,True
CL,CLM19 Comdty,2019,6,2019-05-21,True
CL,CLN19 Comdty,2019,7,2019-06-20,True
CL,CLQ19 Comdty,2019,8,2019-07-22,True
CL,CLU19 Comdty,2019,9,2019-08-20,True
CL,CLV19 Comdty,2019,10,2019-09-20,True
CL,CLX19 Comdty,2019,11,2019-10-22,True
CL,CLZ19 Comdty,2019,12,2019-11-20,True
CL,CLF20 Comdty,2020,1,2019-12-19,True
CL,CLG20 Comdty,2020,2,2020-01-21,True
CL,CLH20 Comdty,2020,3,2020-02-20,True
CL,CLJ20 Comdty,2020,4,2020-03-20,True
CL,CLK20 Comdty,2020,5,2020-04-21,True
CL,CLM20 Comdty,2020,6,2020-05-19,True
CL,CLN20 Comdty,2020,7,2020-06-22,True
CL,CLQ20 Comdty,2020,8,2020-07-21,True
CL,CLU20 Comdty,2020,9,2020-08-20,True
CL,CLV20 Comdty,2020,10,2020-09-22,True
CL,CLX20 Comdty,2020,11,2020-10-20,True
CL,CLZ20 Comdty,2020,12,2020-11-20,True
CL,CLF21 Comdty,2021,1,2020-12-21,True
CL,CLG21 Comdty,2021,2,2021-01-20,True
CL,CLH21 Comdty,2021,3,2021-02-22,True
CL,CLJ21 Comdty,2021,4,2021-03-22,True
CL,CLK21 Comdty,2021,5,2021-04-20,True
CL,CLM21 Comdty,2021,6,2021-05-20,True
CL,CLN21 Comdty,2021,7,2021-06-22,True
CL,CLQ21 Comdty,2021,8,2021-07-20,True
CL,CLU21 Comdty,2021,9,2021-08-20,True
CL,CLV21 Comdty,2021,10,2021-09-21,True
CL,CLX21 Comdty,2021,11,2021-10-20,True
CL,CLZ21 Comdty,2021,12,2021-11-19,True
CL,CLF22 Comdty,2022,1,2021-12-20,True
CL,CLG22 Comdty,2022,2,2022-01-20,True
CL,CLH22 Comdty,2022,3,2022-02-22,True
CL,CLJ22 Comdty,2022,4,2022-03-22,True
CL,CLK22 Comdty,2022,5,2022-04-20,True
CL,CLM22 Comdty,2022,6,2022-05-20,True
CL,CLN22 Comdty,2022,7,2022-06-21,True
CL,CLQ22 Comdty,2022,8,2022-07-20,True
CL,CLU22 Comdty,2022,9,2022-08-22,True
CL,CLV22 Comdty,2022,10,2022-09-20,True
CL,CLX22 Comdty,2022,11,2022-10-20,True
CL,CLZ22 Comdty,2022,12,2022-11-21,True
CL,CLF23 Comdty,2023,1,2022-12-20,True
CL,CLG23 Comdty,2023,2,2023-01-20,True
CL,CLH23 Comdty,2023,3,2023-02-21,True
CL,CLJ23 Comdty,2023,4,2023-03-21,True
CL,CLK23 Comdty,2023,5,2023-04-20,True
CL,CLM23 Comdty,2023,6,2023-05-22,True
CL,CLN23 Comdty,2023,7,2023-06-20,True
CL,CLQ23 Comdty,2023,8,2023-07-20,True
CL,CLU23 Comdty,2023,9,2023-08-22,True
CL,CLV23 Comdty,2023,10,2023-09-20,True
CL,CLX23 Comdty,2023,11,2023-10-20,True
CL,CLZ23 Comdty,2023,12,2023-11-20,True
CL,CLF24 Comdty,2024,1,2023-12-19,True
CL,CLG24 Comdty,2024,2,2024-01-22,True
CL,CLH24 Comdty,2024,3,2024-02-20,True
CL,CLJ24 Comdty,2024,4,2024-03-20,True
CL,CLK24 Comdty,2024,5,2024-04-22,True
CL,CLM24 Comdty,2024,6,2024-05-21,True
CL,CLN24 Comdty,2024,7,2024-06-20,True
CL,CLQ24 Comdty,2024,8,2024-07-22,True
CL,CLU24 Comdty,2024,9,2024-08-20,True
CL,CLV24 Comdty,2024,10,2024-09-20,True
CL,CLX24 Comdty,2024,11,2024-10-22,True
CL,CLZ24 Comdty,2024,12,2024-11-20,True
CL,CLF25 Comdty,2025,1,2024-12-19,True
CL,CLG25 Comdty,2025,2,2025-01-21,True
CL,CLH25 Comdty,2025,3,2025-02-20,True
CL,CLJ25 Comdty,2025,4,2025-03-20,True
CL,CLK25 Comdty,2025,5,2025-04-22,True
CL,CLM25 Comdty,2025,6,2025-05-20,True
CL,CLN25 Comdty,2025,7,2025-06-20,True
CL,CLQ25 Comdty,2025,8,2025-07-22,True
CL,CLU25 Comdty,2025,9,2025-08-20,True
CL,CLV25 Comdty,2025,10,2025-09-22,True
CL,CLX25 Comdty,2025,11,2025-10-21,True
CL,CLZ5 Comdty,2025,12,2025-11-20,True
CL,CLF6 Comdty,2026,1,2025-12-19,True
CL,CLG6 Comdty,2026,2,2026-01-20,True
CL,CLH6 Comdty,2026,3,2026-02-20,True
CL,CLJ6 Comdty,2026,4,2026-03-20,True
CL,CLK6 Comdty,2026,5,2026-04-21,True
CL,CLM6 Comdty,2026,6,2026-05-19,True
CL,CLN6 Comdty,2026,7,2026-06-22,True
CL,CLQ6 Comdty,2026,8,2026-07-21,True
CL,CLU6 Comdty,2026,9,2026-08-20,True
CL,CLV6 Comdty,2026,10,2026-09-22,True
CL,CLX6 Comdty,2026,11,2026-10-20,True
CL,CLZ6 Comdty,2026,12,2026-11-20,True
CL,CLF7 Comdty,2027,1,2026-12-21,True
CL,CLG7 Comdty,2027,2,2027-01-20,True
CL,CLH7 Comdty,2027,3,2027-02-22,True
CL,CLJ7 Comdty,2027,4,2027-03-22,True
CL,CLK7 Comdty,2027,5,2027-04-20,True
CL,CLM7 Comdty,2027,6,2027-05-20,True
CL,CLN7 Comdty,2027,7,2027-06-22,True
CL,CLQ7 Comdty,2027,8,2027-07-20,True
CL,CLU7 Comdty,2027,9,2027-08-20,True
CL,CLV7 Comdty,2027,10,2027-09-21,True
CL,CLX7 Comdty,2027,11,2027-10-20,True
CL,CLZ7 Comdty,2027,12,2027-11-19,True
CL,CLF8 Comdty,2028,1,2027-12-20,True
CL,CLG8 Comdty,2028,2,2028-01-20,True
CL,CLH28 Comdty,2028,3,2028-02-22,True
CL,CLJ28 Comdty,2028,4,2028-03-21,True
CL,CLK28 Comdty,2028,5,2028-04-20,True
CL,CLM28 Comdty,2028,6,2028-05-22,True
CL,CLN28 Comdty,2028,7,2028-06-20,True
CL,CLQ28 Comdty,2028,8,2028-07-20,True
CL,CLU28 Comdty,2028,9,2028-08-22,True
CL,CLV28 Comdty,2028,10,2028-09-20,True
CL,CLX28 Comdty,2028,11,2028-10-20,True
CL,CLZ28 Comdty,2028,12,2028-11-20,True
CL,CLF29 Comdty,2029,1,2028-12-19,True
CL,CLG29 Comdty,2029,2,2029-01-22,True
CL,CLH29 Comdty,2029,3,2029-02-20,True
CL,CLJ29 Comdty,2029,4,2029-03-20,True
CL,CLK29 Comdty,2029,5,2029-04-20,True
CL,CLM29 Comdty,2029,6,2029-05-22,True
CL,CLN29 Comdty,2029,7,2029-06-20,True
CL,CLQ29 Comdty,2029,8,2029-07-20,True
CL,CLU29 Comdty,2029,9,2029-08-21,True
CL,CLV29 Comdty,2029,10,2029-09-20,True
CL,CLX29 Comdty,2029,11,2029-10-22,True
CL,CLZ29 Comdty,2029,12,2029-11-19,True
CL,CLF30 Comdty,2030,1,2029-12-19,True
CL,CLG30 Comdty,2030,2,2030-01-22,True
CL,CLH30 Comdty,2030,3,2030-02-20,True
CL,CLJ30 Comdty,2030,4,2030-03-20,True
CL,CLK30 Comdty,2030,5,2030-04-22,True
CL,CLM30 Comdty,2030,6,2030-05-21,True
CL,CLN30 Comdty,2030,7,2030-06-20,True
CL,CLQ30 Comdty,2030,8,2030-07-22,True
CL,CLU30 Comdty,2030,9,2030-08-20,True
CL,CLV30 Comdty,2030,10,2030-09-20,True
CL,CLX30 Comdty,2030,11,2030-10-22,True
CL,CLZ30 Comdty,2030,12,2030-11-20,True
CL,CLF31 Comdty,2031,1,2030-12-19,True
CL,CLG31 Comdty,2031,2,2031-01-21,True
CL,CLH31 Comdty,2031,3,2031-02-20,True
CL,CLJ31 Comdty,2031,4,2031-03-20,True
CL,CLK31 Comdty,2031,5,2031-04-22,True
CL,CLM31 Comdty,2031,6,2031-05-20,True
CL,CLN31 Comdty,2031,7,2031-06-20,True
CL,CLQ31 Comdty,2031,8,2031-07-22,True
CL,CLU31 Comdty,2031,9,2031-08-20,True
CL,CLV31 Comdty,2031,10,2031-09-22,True
CL,CLX31 Comdty,2031,11,2031-10-21,True
CL,CLZ31 Comdty,2031,12,2031-11-20,True
CL,CLF32 Comdty,2032,1,2031-12-19,True
CL,CLG32 Comdty,2032,2,2032-01-20,True
CL,CLH32 Comdty,2032,3,2032-02-20,True
CL,CLJ32 Comdty,2032,4,2032-03-22,True
CL,CLK32 Comdty,2032,5,2032-04-20,True
CL,CLM32 Comdty,2032,6,2032-05-20,True
CL,CLN32 Comdty,2032,7,2032-06-22,True
CL,CLQ32 Comdty,2032,8,2032-07-20,True
CL,CLU32 Comdty,2032,9,2032-08-20,True
CL,CLV32 Comdty,2032,10,2032-09-21,True
CL,CLX32 Comdty,2032,11,2032-10-20,True
CL,CLZ32 Comdty,2032,12,2032-11-19,True
CL,CLF33 Comdty,2033,1,2032-12-20,True
CL,CLG33 Comdty,2033,2,2033-01-20,True
CL,CLH33 Comdty,2033,3,2033-02-22,True
CL,CLJ33 Comdty,2033,4,2033-03-22,True
CL,CLK33 Comdty,2033,5,2033-04-20,True
CL,CLM33 Comdty,2033,6,2033-05-20,True
CL,CLN33 Comdty,2033,7,2033-06-21,True
CL,CLQ33 Comdty,2033,8,2033-07-20,True
CL,CLU33 Comdty,2033,9,2033-08-22,True
CL,CLV33 Comdty,2033,10,2033-09-20,True
CL,CLX33 Comdty,2033,11,2033-10-20,True
CL,CLZ33 Comdty,2033,12,2033-11-21,True
CL,CLF34 Comdty,2034,1,2033-12-20,True
CL,CLG34 Comdty,2034,2,2034-01-20,True
CL,CLH34 Comdty,2034,3,2034-02-21,True
CL,CLJ34 Comdty,2034,4,2034-03-21,True
CL,CLK34 Comdty,2034,5,2034-04-20,True
CL,CLM34 Comdty,2034,6,2034-05-22,True
CL,CLN34 Comdty,2034,7,2034-06-20,True
CL,CLQ34 Comdty,2034,8,2034-07-20,True
CL,CLU34 Comdty,2034,9,2034-08-22,True
CL,CLV34 Comdty,2034,10,2034-09-20,True
CL,CLX34 Comdty,2034,11,2034-10-20,True
CL,CLZ34 Comdty,2034,12,2034-11-20,True
CL,CLF35 Comdty,2035,1,2034-12-19,True
CL,CLG35 Comdty,2035,2,2035-01-22,True
CL,CLH35 Comdty,2035,3,2035-02-20,True
CL,CLJ35 Comdty,2035,4,2035-03-19,True
CL,CLK35 Comdty,2035,5,2035-04-20,True
CL,CLM35 Comdty,2035,6,2035-05-22,True
CL,CLN35 Comdty,2035,7,2035-06-20,True
CL,CLQ35 Comdty,2035,8,2035-07-20,True
CL,CLU35 Comdty,2035,9,2035-08-21,True
CL,CLV35 Comdty,2035,10,2035-09-20,True
CL,CLX35 Comdty,2035,11,2035-10-22,True
CL,CLZ35 Comdty,2035,12,2035-11-19,True
CL,CLF36 Comdty,2036,1,2035-12-19,True
CL,CLG36 Comdty,2036,2,2036-01-22,True
CL,CLH36 Comdty,2036,3,2036-02-20,True
CL,CLJ36 Comdty,2036,4,2036-03-20,True
CL,CLK36 Comdty,2036,5,2036-04-22,True
CL,CLM36 Comdty,2036,6,2036-05-20,True
CL,CLN36 Comdty,2036,7,2036-06-20,True
CL,CLQ36 Comdty,2036,8,2036-07-22,True
CL,CLU36 Comdty,2036,9,2036-08-20,True
CL,CLV36 Comdty,2036,10,2036-09-22,True
CL,CLX36 Comdty,2036,11,2036-10-21,True
CL,CLZ36 Comdty,2036,12,2036-11-20,True
CL,CLF37 Comdty,2037,1,2036-12-19,True
CL,CLG37 Comdty,2037,2,2037-01-20,True
NG,NGM90 Comdty,1990,6,1990-05-21,True
NG,NGN90 Comdty,1990,7,1990-06-20,True
NG,NGQ90 Comdty,1990,8,1990-07-20,True
NG,NGU90 Comdty,1990,9,1990-08-22,True
NG,NGV90 Comdty,1990,10,1990-09-19,True
NG,NGX90 Comdty,1990,11,1990-10-22,True
NG,NGZ90 Comdty,1990,12,1990-11-20,True
NG,NGF91 Comdty,1991,1,1990-12-19,True
NG,NGG91 Comdty,1991,2,1991-01-22,True
NG,NGH91 Comdty,1991,3,1991-02-19,True
NG,NGJ91 Comdty,1991,4,1991-03-19,True
NG,NGK91 Comdty,1991,5,1991-04-22,True
NG,NGM91 Comdty,1991,6,1991-05-22,True
NG,NGN91 Comdty,1991,7,1991-06-20,True
NG,NGQ91 Comdty,1991,8,1991-07-23,True
NG,NGU91 Comdty,1991,9,1991-08-22,True
NG,NGV91 Comdty,1991,10,1991-09-23,True
NG,NGX91 Comdty,1991,11,1991-10-23,True
NG,NGZ91 Comdty,1991,12,1991-11-20,True
NG,NGF92 Comdty,1992,1,1991-12-20,True
NG,NGG92 Comdty,1992,2,1992-01-24,True
NG,NGH92 Comdty,1992,3,1992-02-21,True
NG,NGJ92 Comdty,1992,4,1992-03-24,True
NG,NGK92 Comdty,1992,5,1992-04-23,True
NG,NGM92 Comdty,1992,6,1992-05-21,True
NG,NGN92 Comdty,1992,7,1992-06-26,True
NG,NGQ92 Comdty,1992,8,1992-07-24,True
NG,NGU92 Comdty,1992,9,1992-08-27,True
NG,NGV92 Comdty,1992,10,1992-09-23,True
NG,NGX92 Comdty,1992,11,1992-10-23,True
NG,NGZ92 Comdty,1992,12,1992-11-19,True
NG,NGF93 Comdty,1993,1,1992-12-22,True
NG,NGG93 Comdty,1993,2,1993-01-22,True
NG,NGH93 Comdty,1993,3,1993-02-19,True
NG,NGJ93 Comdty,1993,4,1993-03-29,True
NG,NGK93 Comdty,1993,5,1993-04-23,True
NG,NGM93 Comdty,1993,6,1993-05-21,True
NG,NGN93 Comdty,1993,7,1993-06-23,True
NG,NGQ93 Comdty,1993,8,1993-07-23,True
NG,NGU93 Comdty,1993,9,1993-08-24,True
NG,NGV93 Comdty,1993,10,1993-09-23,True
NG,NGX93 Comdty,1993,11,1993-10-22,True
NG,NGZ93 Comdty,1993,12,1993-11-19,True
NG,NGF94 Comdty,1994,1,1993-12-22,True
NG,NGG94 Comdty,1994,2,1994-01-24,True
NG,NGH94 Comdty,1994,3,1994-02-18,True
NG,NGJ94 Comdty,1994,4,1994-03-24,True
NG,NGK94 Comdty,1994,5,1994-04-22,True
NG,NGM94 Comdty,1994,6,1994-05-23,True
NG,NGN94 Comdty,1994,7,1994-06-23,True
NG,NGQ94 Comdty,1994,8,1994-07-27,True
NG,NGU94 Comdty,1994,9,1994-08-29,True
NG,NGV94 Comdty,1994,10,1994-09-28,True
NG,NGX94 Comdty,1994,11,1994-10-24,True
NG,NGZ94 Comdty,1994,12,1994-11-21,True
NG,NGF95 Comdty,1995,1,1994-12-28,True
NG,NGG95 Comdty,1995,2,1995-01-27,True
NG,NGH95 Comdty,1995,3,1995-02-24,True
NG,NGJ95 Comdty,1995,4,1995-03-24,True
NG,NGK95 Comdty,1995,5,1995-04-26,True
NG,NGM95 Comdty,1995,6,1995-05-25,True
NG,NGN95 Comdty,1995,7,1995-06-28,True
NG,NGQ95 Comdty,1995,8,1995-07-27,True
NG,NGU95 Comdty,1995,9,1995-08-29,True
NG,NGV95 Comdty,1995,10,1995-09-27,True
NG,NGX95 Comdty,1995,11,1995-10-26,True
NG,NGZ95 Comdty,1995,12,1995-11-21,True
NG,NGF96 Comdty,1996,1,1995-12-21,True
NG,NGG96 Comdty,1996,2,1996-01-25,True
NG,NGH96 Comdty,1996,3,1996-02-23,True
NG,NGJ96 Comdty,1996,4,1996-03-25,True
NG,NGK96 Comdty,1996,5,1996-04-24,True
NG,NGM96 Comdty,1996,6,1996-05-24,True
NG,NGN96 Comdty,1996,7,1996-06-24,True
NG,NGQ96 Comdty,1996,8,1996-07-25,True
NG,NGU96 Comdty,1996,9,1996-08-28,True
NG,NGV96 Comdty,1996,10,1996-09-26,True
NG,NGX96 Comdty,1996,11,1996-10-25,True
NG,NGZ96 Comdty,1996,12,1996-11-21,True
NG,NGF97 Comdty,1997,1,1996-12-26,True
NG,NGG97 Comdty,1997,2,1997-01-29,True
NG,NGH97 Comdty,1997,3,1997-02-26,True
NG,NGJ97 Comdty,1997,4,1997-03-24,True
NG,NGK97 Comdty,1997,5,1997-04-28,True
NG,NGM97 Comdty,1997,6,1997-05-28,True
NG,NGN97 Comdty,1997,7,1997-06-26,True
NG,NGQ97 Comdty,1997,8,1997-07-29,True
NG,NGU97 Comdty,1997,9,1997-08-27,True
NG,NGV97 Comdty,1997,10,1997-09-26,True
NG,NGX97 Comdty,1997,11,1997-10-29,True
NG,NGZ97 Comdty,1997,12,1997-11-25,True
NG,NGF98 Comdty,1998,1,1997-12-29,True
NG,NGG98 Comdty,1998,2,1998-01-28,True
NG,NGH98 Comdty,1998,3,1998-02-25,True
NG,NGJ98 Comdty,1998,4,1998-03-27,True
NG,NGK98 Comdty,1998,5,1998-04-28,True
NG,NGM98 Comdty,1998,6,1998-05-27,True
NG,NGN98 Comdty,1998,7,1998-06-26,True
NG,NGQ98 Comdty,1998,8,1998-07-29,True
NG,NGU98 Comdty,1998,9,1998-08-27,True
NG,NGV98 Comdty,1998,10,1998-09-28,True
NG,NGX98 Comdty,1998,11,1998-10-28,True
NG,NGZ98 Comdty,1998,12,1998-11-24,True
NG,NGF99 Comdty,1999,1,1998-12-29,True
NG,NGG99 Comdty,1999,2,1999-01-27,True
NG,NGH99 Comdty,1999,3,1999-02-24,True
NG,NGJ99 Comdty,1999,4,1999-03-29,True
NG,NGK99 Comdty,1999,5,1999-04-28,True
NG,NGM99 Comdty,1999,6,1999-05-26,True
NG,NGN99 Comdty,1999,7,1999-06-28,True
NG,NGQ99 Comdty,1999,8,1999-07-28,True
NG,NGU99 Comdty,1999,9,1999-08-27,True
NG,NGV99 Comdty,1999,10,1999-09-28,True
NG,NGX99 Comdty,1999,11,1999-10-27,True
NG,NGZ99 Comdty,1999,12,1999-11-24,True
NG,NGF00 Comdty,2000,1,1999-12-28,True
NG,NGG00 Comdty,2000,2,2000-01-27,True
NG,NGH00 Comdty,2000,3,2000-02-25,True
NG,NGJ00 Comdty,2000,4,2000-03-29,True
NG,NGK00 Comdty,2000,5,2000-04-26,True
NG,NGM00 Comdty,2000,6,2000-05-26,True
NG,NGN00 Comdty,2000,7,2000-06-28,True
NG,NGQ00 Comdty,2000,8,2000-07-27,True
NG,NGU00 Comdty,2000,9,2000-08-29,True
NG,NGV00 Comdty,2000,10,2000-09-27,True
NG,NGX00 Comdty,2000,11,2000-10-27,True
NG,NGZ00 Comdty,2000,12,2000-11-28,True
NG,NGF01 Comdty,2001,1,2000-12-27,True
NG,NGG01 Comdty,2001,2,2001-01-29,True
NG,NGH01 Comdty,2001,3,2001-02-26,True
NG,NGJ01 Comdty,2001,4,2001-03-28,True
NG,NGK01 Comdty,2001,5,2001-04-26,True
NG,NGM01 Comdty,2001,6,2001-05-29,True
NG,NGN01 Comdty,2001,7,2001-06-27,True
NG,NGQ01 Comdty,2001,8,2001-07-27,True
NG,NGU01 Comdty,2001,9,2001-08-29,True
NG,NGV01 Comdty,2001,10,2001-09-26,True
NG,NGX01 Comdty,2001,11,2001-10-29,True
NG,NGZ01 Comdty,2001,12,2001-11-28,True
NG,NGF02 Comdty,2002,1,2001-12-27,True
NG,NGG02 Comdty,2002,2,2002-01-29,True
NG,NGH02 Comdty,2002,3,2002-02-26,True
NG,NGJ02 Comdty,2002,4,2002-03-26,True
NG,NGK02 Comdty,2002,5,2002-04-26,True
NG,NGM02 Comdty,2002,6,2002-05-29,True
NG,NGN02 Comdty,2002,7,2002-06-26,True
NG,NGQ02 Comdty,2002,8,2002-07-29,True
NG,NGU02 Comdty,2002,9,2002-08-28,True
NG,NGV02 Comdty,2002,10,2002-09-26,True
NG,NGX02 Comdty,2002,11,2002-10-29,True
NG,NGZ02 Comdty,2002,12,2002-11-26,True
NG,NGF03 Comdty,2003,1,2002-12-27,True
NG,NGG03 Comdty,2003,2,2003-01-29,True
NG,NGH03 Comdty,2003,3,2003-02-26,True
NG,NGJ03 Comdty,2003,4,2003-03-27,True
NG,NGK03 Comdty,2003,5,2003-04-28,True
NG,NGM03 Comdty,2003,6,2003-05-28,True
NG,NGN03 Comdty,2003,7,2003-06-26,True
NG,NGQ03 Comdty,2003,8,2003-07-29,True
NG,NGU03 Comdty,2003,9,2003-08-27,True
NG,NGV03 Comdty,2003,10,2003-09-26,True
NG,NGX03 Comdty,2003,11,2003-10-29,True
NG,NGZ03 Comdty,2003,12,2003-11-25,True
NG,NGF04 Comdty,2004,1,2003-12-29,True
NG,NGG04 Comdty,2004,2,2004-01-28,True
NG,NGH04 Comdty,2004,3,2004-02-25,True
NG,NGJ04 Comdty,2004,4,2004-03-29,True
NG,NGK04 Comdty,2004,5,2004-04-28,True
NG,NGM04 Comdty,2004,6,2004-05-26,True
NG,NGN04 Comdty,2004,7,2004-06-28,True
NG,NGQ04 Comdty,2004,8,2004-07-28,True
NG,NGU04 Comdty,2004,9,2004-08-27,True
NG,NGV04 Comdty,2004,10,2004-09-28,True
NG,NGX04 Comdty,2004,11,2004-10-27,True
NG,NGZ04 Comdty,2004,12,2004-11-24,True
NG,NGF05 Comdty,2005,1,2004-12-28,True
NG,NGG05 Comdty,2005,2,2005-01-27,True
NG,NGH05 Comdty,2005,3,2005-02-24,True
NG,NGJ05 Comdty,2005,4,2005-03-29,True
NG,NGK05 Comdty,2005,5,2005-04-27,True
NG,NGM05 Comdty,2005,6,2005-05-26,True
NG,NGN05 Comdty,2005,7,2005-06-28,True
NG,NGQ05 Comdty,2005,8,2005-07-27,True
NG,NGU05 Comdty,2005,9,2005-08-29,True
NG,NGV05 Comdty,2005,10,2005-09-28,True
NG,NGX05 Comdty,2005,11,2005-10-27,True
NG,NGZ05 Comdty,2005,12,2005-11-28,True
NG,NGF06 Comdty,2006,1,2005-12-28,True
NG,NGG06 Comdty,2006,2,2006-01-27,True
NG,NGH06 Comdty,2006,3,2006-02-24,True
NG,NGJ06 Comdty,2006,4,2006-03-29,True
NG,NGK06 Comdty,2006,5,2006-04-26,True
NG,NGM06 Comdty,2006,6,2006-05-26,True
NG,NGN06 Comdty,2006,7,2006-06-28,True
NG,NGQ06 Comdty,2006,8,2006-07-27,True
NG,NGU06 Comdty,2006,9,2006-08-29,True
NG,NGV06 Comdty,2006,10,2006-09-27,True
NG,NGX06 Comdty,2006,11,2006-10-27,True
NG,NGZ06 Comdty,2006,12,2006-11-28,True
NG,NGF07 Comdty,2007,1,2006-12-27,True
NG,NGG07 Comdty,2007,2,2007-01-29,True
NG,NGH07 Comdty,2007,3,2007-02-26,True
NG,NGJ07 Comdty,2007,4,2007-03-28,True
NG,NGK07 Comdty,2007,5,2007-04-26,True
NG,NGM07 Comdty,2007,6,2007-05-29,True
NG,NGN07 Comdty,2007,7,2007-06-27,True
NG,NGQ07 Comdty,2007,8,2007-07-27,True
NG,NGU07 Comdty,2007,9,2007-08-29,True
NG,NGV07 Comdty,2007,10,2007-09-26,True
NG,NGX07 Comdty,2007,11,2007-10-29,True
NG,NGZ07 Comdty,2007,12,2007-11-28,True
NG,NGF08 Comdty,2008,1,2007-12-27,True
NG,NGG08 Comdty,2008,2,2008-01-29,True
NG,NGH08 Comdty,2008,3,2008-02-27,True
NG,NGJ08 Comdty,2008,4,2008-03-27,True
NG,NGK08 Comdty,2008,5,2008-04-28,True
NG,NGM08 Comdty,2008,6,2008-05-28,True
NG,NGN08 Comdty,2008,7,2008-06-26,True
NG,NGQ08 Comdty,2008,8,2008-07-29,True
NG,NGU08 Comdty,2008,9,2008-08-27,True
NG,NGV08 Comdty,2008,10,2008-09-26,True
NG,NGX08 Comdty,2008,11,2008-10-29,True
NG,NGZ08 Comdty,2008,12,2008-11-24,True
NG,NGF09 Comdty,2009,1,2008-12-29,True
NG,NGG09 Comdty,2009,2,2009-01-28,True
NG,NGH09 Comdty,2009,3,2009-02-25,True
NG,NGJ09 Comdty,2009,4,2009-03-27,True
NG,NGK09 Comdty,2009,5,2009-04-28,True
NG,NGM09 Comdty,2009,6,2009-05-27,True
NG,NGN09 Comdty,2009,7,2009-06-26,True
NG,NGQ09 Comdty,2009,8,2009-07-29,True
NG,NGU09 Comdty,2009,9,2009-08-27,True
NG,NGV09 Comdty,2009,10,2009-09-28,True
NG,NGX09 Comdty,2009,11,2009-10-28,True
NG,NGZ09 Comdty,2009,12,2009-11-24,True
NG,NGF10 Comdty,2010,1,2009-12-29,True
NG,NGG10 Comdty,2010,2,2010-01-27,True
NG,NGH10 Comdty,2010,3,2010-02-24,True
NG,NGJ10 Comdty,2010,4,2010-03-29,True
NG,NGK10 Comdty,2010,5,2010-04-28,True
NG,NGM10 Comdty,2010,6,2010-05-26,True
NG,NGN10 Comdty,2010,7,2010-06-28,True
NG,NGQ10 Comdty,2010,8,2010-07-28,True
NG,NGU10 Comdty,2010,9,2010-08-27,True
NG,NGV10 Comdty,2010,10,2010-09-28,True
NG,NGX10 Comdty,2010,11,2010-10-27,True
NG,NGZ10 Comdty,2010,12,2010-11-24,True
NG,NGF11 Comdty,2011,1,2010-12-28,True
NG,NGG11 Comdty,2011,2,2011-01-27,True
NG,NGH11 Comdty,2011,3,2011-02-24,True
NG,NGJ11 Comdty,2011,4,2011-03-29,True
NG,NGK11 Comdty,2011,5,2011-04-27,True
NG,NGM11 Comdty,2011,6,2011-05-26,True
NG,NGN11 Comdty,2011,7,2011-06-28,True
NG,NGQ11 Comdty,2011,8,2011-07-27,True
NG,NGU11 Comdty,2011,9,2011-08-29,True
NG,NGV11 Comdty,2011,10,2011-09-28,True
NG,NGX11 Comdty,2011,11,2011-10-27,True
NG,NGZ11 Comdty,2011,12,2011-11-28,True
NG,NGF12 Comdty,2012,1,2011-12-28,True
NG,NGG12 Comdty,2012,2,2012-01-27,True
NG,NGH12 Comdty,2012,3,2012-02-27,True
NG,NGJ12 Comdty,2012,4,2012-03-28,True
NG,NGK12 Comdty,2012,5,2012-04-26,True
NG,NGM12 Comdty,2012,6,2012-05-29,True
NG,NGN12 Comdty,2012,7,2012-06-27,True
NG,NGQ12 Comdty,2012,8,2012-07-27,True
NG,NGU12 Comdty,2012,9,2012-08-29,True
NG,NGV12 Comdty,2012,10,2012-09-26,True
NG,NGX12 Comdty,2012,11,2012-10-29,True
NG,NGZ12 Comdty,2012,12,2012-11-28,True
NG,NGF13 Comdty,2013,1,2012-12-27,True
NG,NGG13 Comdty,2013,2,2013-01-29,True
NG,NGH13 Comdty,2013,3,2013-02-26,True
NG,NGJ13 Comdty,2013,4,2013-03-26,True
NG,NGK13 Comdty,2013,5,2013-04-26,True
NG,NGM13 Comdty,2013,6,2013-05-29,True
NG,NGN13 Comdty,2013,7,2013-06-26,True
NG,NGQ13 Comdty,2013,8,2013-07-29,True
NG,NGU13 Comdty,2013,9,2013-08-28,True
NG,NGV13 Comdty,2013,10,2013-09-26,True
NG,NGX13 Comdty,2013,11,2013-10-29,True
NG,NGZ13 Comdty,2013,12,2013-11-26,True
NG,NGF14 Comdty,2014,1,2013-12-27,True
NG,NGG14 Comdty,2014,2,2014-01-29,True
NG,NGH14 Comdty,2014,3,2014-02-26,True
NG,NGJ14 Comdty,2014,4,2014-03-27,True
NG,NGK14 Comdty,2014,5,2014-04-28,True
NG,NGM14 Comdty,2014,6,2014-05-28,True
NG,NGN14 Comdty,2014,7,2014-06-26,True
NG,NGQ14 Comdty,2014,8,2014-07-29,True
NG,NGU14 Comdty,2014,9,2014-08-27,True
NG,NGV14 Comdty,2014,10,2014-09-26,True
NG,NGX14 Comdty,2014,11,2014-10-29,True
NG,NGZ14 Comdty,2014,12,2014-11-25,True
NG,NGF15 Comdty,2015,1,2014-12-29,True
NG,NGG15 Comdty,2015,2,2015-01-28,True
NG,NGH15 Comdty,2015,3,2015-02-25,True
NG,NGJ15 Comdty,2015,4,2015-03-27,True
NG,NGK15 Comdty,2015,5,2015-04-28,True
NG,NGM15 Comdty,2015,6,2015-05-27,True
NG,NGN15 Comdty,2015,7,2015-06-26,True
NG,NGQ15 Comdty,2015,8,2015-07-29,True
NG,NGU15 Comdty,2015,9,2015-08-27,True
NG,NGV15 Comdty,2015,10,2015-09-28,True
NG,NGX15 Comdty,2015,11,2015-10-28,True
NG,NGZ15 Comdty,2015,12,2015-11-25,True
NG,NGF16 Comdty,2016,1,2015-12-29,True
NG,NGG16 Comdty,2016,2,2016-01-27,True
NG,NGH16 Comdty,2016,3,2016-02-25,True
NG,NGJ16 Comdty,2016,4,2016-03-29,True
NG,NGK16 Comdty,2016,5,2016-04-27,True
NG,NGM16 Comdty,2016,6,2016-05-26,True
NG,NGN16 Comdty,2016,7,2016-06-28,True
NG,NGQ16 Comdty,2016,8,2016-07-27,True
NG,NGU16 Comdty,2016,9,2016-08-29,True
NG,NGV16 Comdty,2016,10,2016-09-28,True
NG,NGX16 Comdty,2016,11,2016-10-27,True
NG,NGZ16 Comdty,2016,12,2016-11-28,True
NG,NGF17 Comdty,2017,1,2016-12-28,True
NG,NGG17 Comdty,2017,2,2017-01-27,True
NG,NGH17 Comdty,2017,3,2017-02-24,True
NG,NGJ17 Comdty,2017,4,2017-03-29,True
NG,NGK17 Comdty,2017,5,2017-04-26,True
NG,NGM17 Comdty,2017,6,2017-05-26,True
NG,NGN17 Comdty,2017,7,2017-06-28,True
NG,NGQ17 Comdty,2017,8,2017-07-27,True
NG,NGU17 Comdty,2017,9,2017-08-29,True
NG,NGV17 Comdty,2017,10,2017-09-27,True
NG,NGX17 Comdty,2017,11,2017-10-27,True
NG,NGZ17 Comdty,2017,12,2017-11-28,True
NG,NGF18 Comdty,2018,1,2017-12-27,True
NG,NGG18 Comdty,2018,2,2018-01-29,True
NG,NGH18 Comdty,2018,3,2018-02-26,True
NG,NGJ18 Comdty,2018,4,2018-03-27,True
NG,NGK18 Comdty,2018,5,2018-04-26,True
NG,NGM18 Comdty,2018,6,2018-05-29,True
NG,NGN18 Comdty,2018,7,2018-06-27,True
NG,NGQ18 Comdty,2018,8,2018-07-27,True
NG,NGU18 Comdty,2018,9,2018-08-29,True
NG,NGV18 Comdty,2018,10,2018-09-26,True
NG,NGX18 Comdty,2018,11,2018-10-29,True
NG,NGZ18 Comdty,2018,12,2018-11-28,True
NG,NGF19 Comdty,2019,1,2018-12-27,True
NG,NGG19 Comdty,2019,2,2019-01-29,True
NG,NGH19 Comdty,2019,3,2019-02-26,True
NG,NGJ19 Comdty,2019,4,2019-03-27,True
NG,NGK19 Comdty,2019,5,2019-04-26,True
NG,NGM19 Comdty,2019,6,2019-05-29,True
NG,NGN19 Comdty,2019,7,2019-06-26,True
NG,NGQ19 Comdty,2019,8,2019-07-29,True
NG,NGU19 Comdty,2019,9,2019-08-28,True
NG,NGV19 Comdty,2019,10,2019-09-26,True
NG,NGX19 Comdty,2019,11,2019-10-29,True
NG,NGZ19 Comdty,2019,12,2019-11-26,True
NG,NGF20 Comdty,2020,1,2019-12-27,True
NG,NGG20 Comdty,2020,2,2020-01-29,True
NG,NGH20 Comdty,2020,3,2020-02-26,True
NG,NGJ20 Comdty,2020,4,2020-03-27,True
NG,NGK20 Comdty,2020,5,2020-04-28,True
NG,NGM20 Comdty,2020,6,2020-05-27,True
NG,NGN20 Comdty,2020,7,2020-06-26,True
NG,NGQ20 Comdty,2020,8,2020-07-29,True
NG,NGU20 Comdty,2020,9,2020-08-27,True
NG,NGV20 Comdty,2020,10,2020-09-28,True
NG,NGX20 Comdty,2020,11,2020-10-28,True
NG,NGZ20 Comdty,2020,12,2020-11-25,True
NG,NGF21 Comdty,2021,1,2020-12-29,True
NG,NGG21 Comdty,2021,2,2021-01-27,True
NG,NGH21 Comdty,2021,3,2021-02-24,True
NG,NGJ21 Comdty,2021,4,2021-03-29,True
NG,NGK21 Comdty,2021,5,2021-04-28,True
NG,NGM21 Comdty,2021,6,2021-05-26,True
NG,NGN21 Comdty,2021,7,2021-06-28,True
NG,NGQ21 Comdty,2021,8,2021-07-28,True
NG,NGU21 Comdty,2021,9,2021-08-27,True
NG,NGV21 Comdty,2021,10,2021-09-28,True
NG,NGX21 Comdty,2021,11,2021-10-27,True
NG,NGZ21 Comdty,2021,12,2021-11-26,True
NG,NGF22 Comdty,2022,1,2021-12-29,True
NG,NGG22 Comdty,2022,2,2022-01-27,True
NG,NGH22 Comdty,2022,3,2022-02-24,True
NG,NGJ22 Comdty,2022,4,2022-03-29,True
NG,NGK22 Comdty,2022,5,2022-04-27,True
NG,NGM22 Comdty,2022,6,2022-05-26,True
NG,NGN22 Comdty,2022,7,2022-06-28,True
NG,NGQ22 Comdty,2022,8,2022-07-27,True
NG,NGU22 Comdty,2022,9,2022-08-29,True
NG,NGV22 Comdty,2022,10,2022-09-28,True
NG,NGX22 Comdty,2022,11,2022-10-27,True
NG,NGZ22 Comdty,2022,12,2022-11-28,True
NG,NGF23 Comdty,2023,1,2022-12-28,True
NG,NGG23 Comdty,2023,2,2023-01-27,True
NG,NGH23 Comdty,2023,3,2023-02-24,True
NG,NGJ23 Comdty,2023,4,2023-03-29,True
NG,NGK23 Comdty,2023,5,2023-04-26,True
NG,NGM23 Comdty,2023,6,2023-05-26,True
NG,NGN23 Comdty,2023,7,2023-06-28,True
NG,NGQ23 Comdty,2023,8,2023-07-27,True
NG,NGU23 Comdty,2023,9,2023-08-29,True
NG,NGV23 Comdty,2023,10,2023-09-27,True
NG,NGX23 Comdty,2023,11,2023-10-27,True
NG,NGZ23 Comdty,2023,12,2023-11-28,True
NG,NGF24 Comdty,2024,1,2023-12-27,True
NG,NGG24 Comdty,2024,2,2024-01-29,True
NG,NGH24 Comdty,2024,3,2024-02-27,True
NG,NGJ24 Comdty,2024,4,2024-03-26,True
NG,NGK24 Comdty,2024,5,2024-04-26,True
NG,NGM24 Comdty,2024,6,2024-05-29,True
NG,NGN24 Comdty,2024,7,2024-06-26,True
NG,NGQ24 Comdty,2024,8,2024-07-29,True
NG,NGU24 Comdty,2024,9,2024-08-28,True
NG,NGV24 Comdty,2024,10,2024-09-26,True
NG,NGX24 Comdty,2024,11,2024-10-29,True
NG,NGZ24 Comdty,2024,12,2024-11-26,True
NG,NGF25 Comdty,2025,1,2024-12-27,True
NG,NGG25 Comdty,2025,2,2025-01-29,True
NG,NGH25 Comdty,2025,3,2025-02-26,True
NG,NGJ25 Comdty,2025,4,2025-03-27,True
NG,NGK25 Comdty,2025,5,2025-04-28,True
NG,NGM25 Comdty,2025,6,2025-05-28,True
NG,NGN25 Comdty,2025,7,2025-06-26,True
NG,NGQ25 Comdty,2025,8,2025-07-29,True
NG,NGU25 Comdty,2025,9,2025-08-27,True
NG,NGV25 Comdty,2025,10,2025-09-26,True
NG,NGX25 Comdty,2025,11,2025-10-29,True
NG,NGZ25 Comdty,2025,12,2025-11-25,True
NG,NGF26 Comdty,2026,1,2025-12-29,True
NG,NGG26 Comdty,2026,2,2026-01-28,True
NG,NGH26 Comdty,2026,3,2026-02-25,True
NG,NGJ26 Comdty,2026,4,2026-03-27,True
NG,NGK26 Comdty,2026,5,2026-04-28,True
NG,NGM26 Comdty,2026,6,2026-05-27,True
NG,NGN26 Comdty,2026,7,2026-06-26,True
NG,NGQ26 Comdty,2026,8,2026-07-29,True
NG,NGU26 Comdty,2026,9,2026-08-27,True
NG,NGV26 Comdty,2026,10,2026-09-28,True
NG,NGX26 Comdty,2026,11,2026-10-28,True
NG,NGZ26 Comdty,2026,12,2026-11-25,True
NG,NGF27 Comdty,2027,1,2026-12-29,True
NG,NGG27 Comdty,2027,2,2027-01-27,True
NG,NGH27 Comdty,2027,3,2027-02-24,True
NG,NGJ27 Comdty,2027,4,2027-03-29,True
NG,NGK27 Comdty,2027,5,2027-04-28,True
NG,NGM27 Comdty,2027,6,2027-05-26,True
NG,NGN27 Comdty,2027,7,2027-06-28,True
NG,NGQ27 Comdty,2027,8,2027-07-28,True
NG,NGU27 Comdty,2027,9,2027-08-27,True
NG,NGV27 Comdty,2027,10,2027-09-28,True
NG,NGX27 Comdty,2027,11,2027-10-27,True
NG,NGZ27 Comdty,2027,12,2027-11-26,True
NG,NGF28 Comdty,2028,1,2027-12-29,True
NG,NGG28 Comdty,2028,2,2028-01-27,True
NG,NGH28 Comdty,2028,3,2028-02-25,True
NG,NGJ28 Comdty,2028,4,2028-03-29,True
NG,NGK28 Comdty,2028,5,2028-04-26,True
NG,NGM28 Comdty,2028,6,2028-05-26,True
NG,NGN28 Comdty,2028,7,2028-06-28,True
NG,NGQ28 Comdty,2028,8,2028-07-27,True
NG,NGU28 Comdty,2028,9,2028-08-29,True
NG,NGV28 Comdty,2028,10,2028-09-27,True
NG,NGX28 Comdty,2028,11,2028-10-27,True
NG,NGZ28 Comdty,2028,12,2028-11-28,True
NG,NGF29 Comdty,2029,1,2028-12-27,True
NG,NGG29 Comdty,2029,2,2029-01-29,True
NG,NGH29 Comdty,2029,3,2029-02-26,True
NG,NGJ29 Comdty,2029,4,2029-03-27,True
NG,NGK29 Comdty,2029,5,2029-04-26,True
NG,NGM29 Comdty,2029,6,2029-05-29,True
NG,NGN29 Comdty,2029,7,2029-06-27,True
NG,NGQ29 Comdty,2029,8,2029-07-27,True
NG,NGU29 Comdty,2029,9,2029-08-29,True
NG,NGV29 Comdty,2029,10,2029-09-26,True
NG,NGX29 Comdty,2029,11,2029-10-29,True
NG,NGZ29 Comdty,2029,12,2029-11-28,True
NG,NGF30 Comdty,2030,1,2029-12-27,True
NG,NGG30 Comdty,2030,2,2030-01-29,True
NG,NGH30 Comdty,2030,3,2030-02-26,True
NG,NGJ30 Comdty,2030,4,2030-03-27,True
NG,NGK30 Comdty,2030,5,2030-04-26,True
NG,NGM30 Comdty,2030,6,2030-05-29,True
NG,NGN30 Comdty,2030,7,2030-06-26,True
NG,NGQ30 Comdty,2030,8,2030-07-29,True
NG,NGU30 Comdty,2030,9,2030-08-28,True
NG,NGV30 Comdty,2030,10,2030-09-26,True
NG,NGX30 Comdty,2030,11,2030-10-29,True
NG,NGZ30 Comdty,2030,12,2030-11-26,True
NG,NGF31 Comdty,2031,1,2030-12-27,True
NG,NGG31 Comdty,2031,2,2031-01-29,True
NG,NGH31 Comdty,2031,3,2031-02-26,True
NG,NGJ31 Comdty,2031,4,2031-03-27,True
NG,NGK31 Comdty,2031,5,2031-04-28,True
NG,NGM31 Comdty,2031,6,2031-05-28,True
NG,NGN31 Comdty,2031,7,2031-06-26,True
NG,NGQ31 Comdty,2031,8,2031-07-29,True
NG,NGU31 Comdty,2031,9,2031-08-27,True
NG,NGV31 Comdty,2031,10,2031-09-26,True
NG,NGX31 Comdty,2031,11,2031-10-29,True
NG,NGZ31 Comdty,2031,12,2031-11-25,True
NG,NGF32 Comdty,2032,1,2031-12-29,True
NG,NGG32 Comdty,2032,2,2032-01-28,True
NG,NGH32 Comdty,2032,3,2032-02-25,True
NG,NGJ32 Comdty,2032,4,2032-03-29,True
NG,NGK32 Comdty,2032,5,2032-04-28,True
NG,NGM32 Comdty,2032,6,2032-05-26,True
NG,NGN32 Comdty,2032,7,2032-06-28,True
NG,NGQ32 Comdty,2032,8,2032-07-28,True
NG,NGU32 Comdty,2032,9,2032-08-27,True
NG,NGV32 Comdty,2032,10,2032-09-28,True
NG,NGX32 Comdty,2032,11,2032-10-27,True
NG,NGZ32 Comdty,2032,12,2032-11-26,True
NG,NGF33 Comdty,2033,1,2032-12-29,True
NG,NGG33 Comdty,2033,2,2033-01-27,True
NG,NGH33 Comdty,2033,3,2033-02-24,True
NG,NGJ33 Comdty,2033,4,2033-03-29,True
NG,NGK33 Comdty,2033,5,2033-04-27,True
NG,NGM33 Comdty,2033,6,2033-05-26,True
NG,NGN33 Comdty,2033,7,2033-06-28,True
NG,NGQ33 Comdty,2033,8,2033-07-27,True
NG,NGU33 Comdty,2033,9,2033-08-29,True
NG,NGV33 Comdty,2033,10,2033-09-28,True
NG,NGX33 Comdty,2033,11,2033-10-27,True
NG,NGZ33 Comdty,2033,12,2033-11-28,True
NG,NGF34 Comdty,2034,1,2033-12-28,True
NG,NGG34 Comdty,2034,2,2034-01-27,True
NG,NGH34 Comdty,2034,3,2034-02-24,True
NG,NGJ34 Comdty,2034,4,2034-03-29,True
NG,NGK34 Comdty,2034,5,2034-04-26,True
NG,NGM34 Comdty,2034,6,2034-05-26,True
NG,NGN34 Comdty,2034,7,2034-06-28,True
NG,NGQ34 Comdty,2034,8,2034-07-27,True
NG,NGU34 Comdty,2034,9,2034-08-29,True
NG,NGV34 Comdty,2034,10,2034-09-27,True
NG,NGX34 Comdty,2034,11,2034-10-27,True
NG,NGZ34 Comdty,2034,12,2034-11-28,True
NG,NGF35 Comdty,2035,1,2034-12-27,True
NG,NGG35 Comdty,2035,2,2035-01-29,True
NG,NGH35 Comdty,2035,3,2035-02-26,True
NG,NGJ35 Comdty,2035,4,2035-03-28,True
NG,NGK35 Comdty,2035,5,2035-04-26,True
NG,NGM35 Comdty,2035,6,2035-05-29,True
NG,NGN35 Comdty,2035,7,2035-06-27,True
NG,NGQ35 Comdty,2035,8,2035-07-27,True
NG,NGU35 Comdty,2035,9,2035-08-29,True
NG,NGV35 Comdty,2035,10,2035-09-26,True
NG,NGX35 Comdty,2035,11,2035-10-29,True
NG,NGZ35 Comdty,2035,12,2035-11-28,True
NG,NGF36 Comdty,2036,1,2035-12-27,True
NG,NGG36 Comdty,2036,2,2036-01-29,True
NG,NGH36 Comdty,2036,3,2036-02-27,True
NG,NGJ36 Comdty,2036,4,2036-03-27,True
NG,NGK36 Comdty,2036,5,2036-04-28,True
NG,NGM36 Comdty,2036,6,2036-05-28,True
NG,NGN36 Comdty,2036,7,2036-06-26,True
NG,NGQ36 Comdty,2036,8,2036-07-29,True
NG,NGU36 Comdty,2036,9,2036-08-27,True
NG,NGV36 Comdty,2036,10,2036-09-26,True
NG,NGX36 Comdty,2036,11,2036-10-29,True
NG,NGZ36 Comdty,2036,12,2036-11-25,True
NG,NGF37 Comdty,2037,1,2036-12-29,True
NG,NGG37 Comdty,2037,2,2037-01-28,True
NG,NGH37 Comdty,2037,3,2037-02-25,True
NG,NGJ37 Comdty,2037,4,2037-03-27,True
NG,NGK37 Comdty,2037,5,2037-04-28,True
NG,NGM37 Comdty,2037,6,2037-05-27,True
NG,NGN37 Comdty,2037,7,2037-06-26,True
NG,NGQ37 Comdty,2037,8,2037-07-29,True
NG,NGU37 Comdty,2037,9,2037-08-27,True
NG,NGV37 Comdty,2037,10,2037-09-28,True
NG,NGX37 Comdty,2037,11,2037-10-28,True
NG,NGZ37 Comdty,2037,12,2037-11-25,True
NG,NGF38 Comdty,2038,1,2037-12-29,True
NG,NGG38 Comdty,2038,2,2038-01-27,True
NG,NGH38 Comdty,2038,3,2038-02-24,True
NG,NGJ38 Comdty,2038,4,2038-03-29,True
NG,NGK38 Comdty,2038,5,2038-04-28,True
NG,NGM38 Comdty,2038,6,2038-05-26,True
NG,NGN38 Comdty,2038,7,2038-06-28,True
NG,NGQ38 Comdty,2038,8,2038-07-28,True
NG,NGU38 Comdty,2038,9,2038-08-27,True
NG,NGV38 Comdty,2038,10,2038-09-28,True
NG,NGX38 Comdty,2038,11,2038-10-27,True
NG,NGZ38 Comdty,2038,12,2038-11-26,True
GC,GCF75 Comdty,1975,1,1975-01-29,False
GC,GCG75 Comdty,1975,2,1975-02-26,True
GC,GCH75 Comdty,1975,3,1975-03-26,False
GC,GCJ75 Comdty,1975,4,1975-04-28,True
GC,GCK75 Comdty,1975,5,1975-05-28,False
GC,GCM75 Comdty,1975,6,1975-06-26,True
GC,GCN75 Comdty,1975,7,1975-07-29,False
GC,GCQ75 Comdty,1975,8,1975-08-27,True
GC,GCU75 Comdty,1975,9,1975-09-26,False
GC,GCV75 Comdty,1975,10,1975-10-29,True
GC,GCX75 Comdty,1975,11,1975-11-25,False
GC,GCZ75 Comdty,1975,12,1975-12-29,True
GC,GCF76 Comdty,1976,1,1976-01-28,False
GC,GCG76 Comdty,1976,2,1976-02-25,True
GC,GCH76 Comdty,1976,3,1976-03-29,False
GC,GCJ76 Comdty,1976,4,1976-04-28,True
GC,GCK76 Comdty,1976,5,1976-05-26,False
GC,GCM76 Comdty,1976,6,1976-06-28,True
GC,GCN76 Comdty,1976,7,1976-07-28,False
GC,GCQ76 Comdty,1976,8,1976-08-27,True
GC,GCU76 Comdty,1976,9,1976-09-28,False
GC,GCV76 Comdty,1976,10,1976-10-27,True
GC,GCX76 Comdty,1976,11,1976-11-24,False
GC,GCZ76 Comdty,1976,12,1976-12-29,True
GC,GCF77 Comdty,1977,1,1977-01-27,False
GC,GCG77 Comdty,1977,2,1977-02-24,True
GC,GCH77 Comdty,1977,3,1977-03-29,False
GC,GCJ77 Comdty,1977,4,1977-04-27,True
GC,GCK77 Comdty,1977,5,1977-05-26,False
GC,GCM77 Comdty,1977,6,1977-06-28,True
GC,GCN77 Comdty,1977,7,1977-07-27,False
GC,GCQ77 Comdty,1977,8,1977-08-29,True
GC,GCU77 Comdty,1977,9,1977-09-28,False
GC,GCV77 Comdty,1977,10,1977-10-27,True
GC,GCX77 Comdty,1977,11,1977-11-28,False
GC,GCZ77 Comdty,1977,12,1977-12-28,True
GC,GCF78 Comdty,1978,1,1978-01-27,False
GC,GCG78 Comdty,1978,2,1978-02-24,True
GC,GCH78 Comdty,1978,3,1978-03-29,False
GC,GCJ78 Comdty,1978,4,1978-04-26,True
GC,GCK78 Comdty,1978,5,1978-05-26,False
GC,GCM78 Comdty,1978,6,1978-06-28,True
GC,GCN78 Comdty,1978,7,1978-07-27,False
GC,GCQ78 Comdty,1978,8,1978-08-29,True
GC,GCU78 Comdty,1978,9,1978-09-27,False
GC,GCV78 Comdty,1978,10,1978-10-27,True
GC,GCX78 Comdty,1978,11,1978-11-28,False
GC,GCZ78 Comdty,1978,12,1978-12-27,True
GC,GCF79 Comdty,1979,1,1979-01-29,False
GC,GCG79 Comdty,1979,2,1979-02-26,True
GC,GCH79 Comdty,1979,3,1979-03-28,False
GC,GCJ79 Comdty,1979,4,1979-04-26,True
GC,GCK79 Comdty,1979,5,1979-05-29,False
GC,GCM79 Comdty,1979,6,1979-06-27,True
GC,GCN79 Comdty,1979,7,1979-07-27,False
GC,GCQ79 Comdty,1979,8,1979-08-29,True
GC,GCU79 Comdty,1979,9,1979-09-26,False
GC,GCV79 Comdty,1979,10,1979-10-29,True
GC,GCX79 Comdty,1979,11,1979-11-28,False
GC,GCZ79 Comdty,1979,12,1979-12-27,True
GC,GCF80 Comdty,1980,1,1980-01-29,False
GC,GCG80 Comdty,1980,2,1980-02-27,True
GC,GCH80 Comdty,1980,3,1980-03-27,False
GC,GCJ80 Comdty,1980,4,1980-04-28,True
GC,GCK80 Comdty,1980,5,1980-05-28,False
GC,GCM80 Comdty,1980,6,1980-06-26,True
GC,GCN80 Comdty,1980,7,1980-07-29,False
GC,GCQ80 Comdty,1980,8,1980-08-27,True
GC,GCU80 Comdty,1980,9,1980-09-26,False
GC,GCV80 Comdty,1980,10,1980-10-29,True
GC,GCX80 Comdty,1980,11,1980-11-24,False
GC,GCZ80 Comdty,1980,12,1980-12-29,True
GC,GCF81 Comdty,1981,1,1981-01-28,False
GC,GCG81 Comdty,1981,2,1981-02-25,True
GC,GCH81 Comdty,1981,3,1981-03-27,False
GC,GCJ81 Comdty,1981,4,1981-04-28,True
GC,GCK81 Comdty,1981,5,1981-05-27,False
GC,GCM81 Comdty,1981,6,1981-06-26,True
GC,GCN81 Comdty,1981,7,1981-07-29,False
GC,GCQ81 Comdty,1981,8,1981-08-27,True
GC,GCU81 Comdty,1981,9,1981-09-28,False
GC,GCV81 Comdty,1981,10,1981-10-28,True
GC,GCX81 Comdty,1981,11,1981-11-24,False
GC,GCZ81 Comdty,1981,12,1981-12-29,True
GC,GCF82 Comdty,1982,1,1982-01-27,False
GC,GCG82 Comdty,1982,2,1982-02-24,True
GC,GCH82 Comdty,1982,3,1982-03-29,False
GC,GCJ82 Comdty,1982,4,1982-04-28,True
GC,GCK82 Comdty,1982,5,1982-05-26,False
GC,GCM82 Comdty,1982,6,1982-06-28,True
GC,GCN82 Comdty,1982,7,1982-07-26,False
GC,GCQ82 Comdty,1982,8,1982-08-27,True
GC,GCU82 Comdty,1982,9,1982-09-26,False
GC,GCV82 Comdty,1982,10,1982-10-27,True
GC,GCX82 Comdty,1982,11,1982-11-24,False
GC,GCZ82 Comdty,1982,12,1982-12-29,True
GC,GCF83 Comdty,1983,1,1983-01-27,False
GC,GCG83 Comdty,1983,2,1983-02-24,True
GC,GCH83 Comdty,1983,3,1983-03-29,False
GC,GCJ83 Comdty,1983,4,1983-04-27,True
GC,GCK83 Comdty,1983,5,1983-05-26,False
GC,GCM83 Comdty,1983,6,1983-06-28,True
GC,GCN83 Comdty,1983,7,1983-07-27,False
GC,GCQ83 Comdty,1983,8,1983-08-29,True
GC,GCU83 Comdty,1983,9,1983-09-28,False
GC,GCV83 Comdty,1983,10,1983-10-27,True
GC,GCX83 Comdty,1983,11,1983-11-28,False
GC,GCZ83 Comdty,1983,12,1983-12-28,True
GC,GCF84 Comdty,1984,1,1984-01-27,False
GC,GCG84 Comdty,1984,2,1984-02-27,True
GC,GCH84 Comdty,1984,3,1984-03-28,False
GC,GCJ84 Comdty,1984,4,1984-04-26,True
GC,GCK84 Comdty,1984,5,1984-05-29,False
GC,GCM84 Comdty,1984,6,1984-06-27,True
GC,GCN84 Comdty,1984,7,1984-07-27,False
GC,GCQ84 Comdty,1984,8,1984-08-29,True
GC,GCU84 Comdty,1984,9,1984-09-26,False
GC,GCV84 Comdty,1984,10,1984-10-29,True
GC,GCX84 Comdty,1984,11,1984-11-28,False
GC,GCZ84 Comdty,1984,12,1984-12-27,True
GC,GCF85 Comdty,1985,1,1985-01-29,False
GC,GCG85 Comdty,1985,2,1985-02-26,True
GC,GCH85 Comdty,1985,3,1985-03-27,False
GC,GCJ85 Comdty,1985,4,1985-04-26,True
GC,GCK85 Comdty,1985,5,1985-05-29,False
GC,GCM85 Comdty,1985,6,1985-06-26,True
GC,GCN85 Comdty,1985,7,1985-07-29,False
GC,GCQ85 Comdty,1985,8,1985-08-28,True
GC,GCU85 Comdty,1985,9,1985-09-26,False
GC,GCV85 Comdty,1985,10,1985-10-29,True
GC,GCX85 Comdty,1985,11,1985-11-27,False
GC,GCZ85 Comdty,1985,12,1985-12-27,True
GC,GCF86 Comdty,1986,1,1986-01-29,False
GC,GCG86 Comdty,1986,2,1986-02-26,True
GC,GCH86 Comdty,1986,3,1986-03-26,False
GC,GCJ86 Comdty,1986,4,1986-04-28,True
GC,GCK86 Comdty,1986,5,1986-05-28,False
GC,GCM86 Comdty,1986,6,1986-06-26,True
GC,GCN86 Comdty,1986,7,1986-07-29,False
GC,GCQ86 Comdty,1986,8,1986-08-27,True
GC,GCU86 Comdty,1986,9,1986-09-26,False
GC,GCV86 Comdty,1986,10,1986-10-29,True
GC,GCX86 Comdty,1986,11,1986-11-24,False
GC,GCZ86 Comdty,1986,12,1986-12-29,True
GC,GCF87 Comdty,1987,1,1987-01-25,False
GC,GCG87 Comdty,1987,2,1987-02-25,True
GC,GCH87 Comdty,1987,3,1987-03-25,False
GC,GCJ87 Comdty,1987,4,1987-04-28,True
GC,GCK87 Comdty,1987,5,1987-05-27,False
GC,GCM87 Comdty,1987,6,1987-06-26,True
GC,GCN87 Comdty,1987,7,1987-07-29,False
GC,GCQ87 Comdty,1987,8,1987-08-27,True
GC,GCU87 Comdty,1987,9,1987-09-28,False
GC,GCV87 Comdty,1987,10,1987-10-28,True
GC,GCX87 Comdty,1987,11,1987-11-25,False
GC,GCZ87 Comdty,1987,12,1987-12-29,True
GC,GCF88 Comdty,1988,1,1988-01-27,False
GC,GCG88 Comdty,1988,2,1988-02-25,True
GC,GCH88 Comdty,1988,3,1988-03-29,False
GC,GCJ88 Comdty,1988,4,1988-04-27,True
GC,GCK88 Comdty,1988,5,1988-05-27,False
GC,GCM88 Comdty,1988,6,1988-06-28,True
GC,GCN88 Comdty,1988,7,1988-07-27,False
GC,GCQ88 Comdty,1988,8,1988-08-29,True
GC,GCU88 Comdty,1988,9,1988-09-28,False
GC,GCV88 Comdty,1988,10,1988-10-27,True
GC,GCX88 Comdty,1988,11,1988-11-28,False
GC,GCZ88 Comdty,1988,12,1988-12-28,True
GC,GCF89 Comdty,1989,1,1989-01-27,False
GC,GCG89 Comdty,1989,2,1989-02-24,True
GC,GCH89 Comdty,1989,3,1989-03-30,False
GC,GCJ89 Comdty,1989,4,1989-04-26,True
GC,GCK89 Comdty,1989,5,1989-05-26,False
GC,GCM89 Comdty,1989,6,1989-06-28,True
GC,GCN89 Comdty,1989,7,1989-07-28,False
GC,GCQ89 Comdty,1989,8,1989-08-29,True
GC,GCU89 Comdty,1989,9,1989-09-27,False
GC,GCV89 Comdty,1989,10,1989-10-27,True
GC,GCX89 Comdty,1989,11,1989-11-28,False
GC,GCZ89 Comdty,1989,12,1989-12-27,True
GC,GCF90 Comdty,1990,1,1990-01-29,False
GC,GCG90 Comdty,1990,2,1990-02-26,True
GC,GCH90 Comdty,1990,3,1990-03-28,False
GC,GCJ90 Comdty,1990,4,1990-04-26,True
GC,GCK90 Comdty,1990,5,1990-05-29,False
GC,GCM90 Comdty,1990,6,1990-06-27,True
GC,GCN90 Comdty,1990,7,1990-07-27,False
GC,GCQ90 Comdty,1990,8,1990-08-29,True
GC,GCU90 Comdty,1990,9,1990-09-26,False
GC,GCV90 Comdty,1990,10,1990-10-29,True
GC,GCX90 Comdty,1990,11,1990-11-28,False
GC,GCZ90 Comdty,1990,12,1990-12-27,True
GC,GCF91 Comdty,1991,1,1991-01-29,False
GC,GCG91 Comdty,1991,2,1991-02-26,True
GC,GCH91 Comdty,1991,3,1991-03-26,False
GC,GCJ91 Comdty,1991,4,1991-04-26,True
GC,GCK91 Comdty,1991,5,1991-05-29,False
GC,GCM91 Comdty,1991,6,1991-06-26,True
GC,GCN91 Comdty,1991,7,1991-07-29,False
GC,GCQ91 Comdty,1991,8,1991-08-28,True
GC,GCU91 Comdty,1991,9,1991-09-27,False
GC,GCV91 Comdty,1991,10,1991-10-29,True
GC,GCX91 Comdty,1991,11,1991-11-25,False
GC,GCZ91 Comdty,1991,12,1991-12-27,True
GC,GCF92 Comdty,1992,1,1992-01-29,False
GC,GCG92 Comdty,1992,2,1992-02-26,True
GC,GCH92 Comdty,1992,3,1992-03-27,False
GC,GCJ92 Comdty,1992,4,1992-04-28,True
GC,GCK92 Comdty,1992,5,1992-05-27,False
GC,GCM92 Comdty,1992,6,1992-06-26,True
GC,GCN92 Comdty,1992,7,1992-07-29,False
GC,GCQ92 Comdty,1992,8,1992-08-27,True
GC,GCU92 Comdty,1992,9,1992-09-28,False
GC,GCV92 Comdty,1992,10,1992-10-28,True
GC,GCX92 Comdty,1992,11,1992-11-25,False
GC,GCZ92 Comdty,1992,12,1992-12-29,True
GC,GCF93 Comdty,1993,1,1993-01-27,False
GC,GCG93 Comdty,1993,2,1993-02-24,True
GC,GCH93 Comdty,1993,3,1993-03-29,False
GC,GCJ93 Comdty,1993,4,1993-04-28,True
GC,GCK93 Comdty,1993,5,1993-05-26,False
GC,GCM93 Comdty,1993,6,1993-06-28,True
GC,GCN93 Comdty,1993,7,1993-07-28,False
GC,GCQ93 Comdty,1993,8,1993-08-27,True
GC,GCU93 Comdty,1993,9,1993-09-28,False
GC,GCV93 Comdty,1993,10,1993-10-27,True
GC,GCX93 Comdty,1993,11,1993-11-26,False
GC,GCZ93 Comdty,1993,12,1993-12-29,True
GC,GCF94 Comdty,1994,1,1994-01-27,False
GC,GCG94 Comdty,1994,2,1994-02-24,True
GC,GCH94 Comdty,1994,3,1994-03-29,False
GC,GCJ94 Comdty,1994,4,1994-04-27,True
GC,GCK94 Comdty,1994,5,1994-05-26,False
GC,GCM94 Comdty,1994,6,1994-06-28,True
GC,GCN94 Comdty,1994,7,1994-07-27,False
GC,GCQ94 Comdty,1994,8,1994-08-29,True
GC,GCU94 Comdty,1994,9,1994-09-28,False
GC,GCV94 Comdty,1994,10,1994-10-27,True
GC,GCX94 Comdty,1994,11,1994-11-28,False
GC,GCZ94 Comdty,1994,12,1994-12-28,True
GC,GCF95 Comdty,1995,1,1995-01-27,False
GC,GCG95 Comdty,1995,2,1995-02-24,True
GC,GCH95 Comdty,1995,3,1995-03-29,False
GC,GCJ95 Comdty,1995,4,1995-04-26,True
GC,GCK95 Comdty,1995,5,1995-05-26,False
GC,GCM95 Comdty,1995,6,1995-06-28,True
GC,GCN95 Comdty,1995,7,1995-07-27,False
GC,GCQ95 Comdty,1995,8,1995-08-29,True
GC,GCU95 Comdty,1995,9,1995-09-27,False
GC,GCV95 Comdty,1995,10,1995-10-27,True
GC,GCX95 Comdty,1995,11,1995-11-28,False
GC,GCZ95 Comdty,1995,12,1995-12-27,True
GC,GCF96 Comdty,1996,1,1996-01-29,False
GC,GCG96 Comdty,1996,2,1996-02-27,True
GC,GCH96 Comdty,1996,3,1996-03-27,False
GC,GCJ96 Comdty,1996,4,1996-04-26,True
GC,GCK96 Comdty,1996,5,1996-05-29,False
GC,GCM96 Comdty,1996,6,1996-06-26,True
GC,GCN96 Comdty,1996,7,1996-07-29,False
GC,GCQ96 Comdty,1996,8,1996-08-28,True
GC,GCU96 Comdty,1996,9,1996-09-26,False
GC,GCV96 Comdty,1996,10,1996-10-29,True
GC,GCX96 Comdty,1996,11,1996-11-25,False
GC,GCZ96 Comdty,1996,12,1996-12-27,True
GC,GCF97 Comdty,1997,1,1997-01-29,False
GC,GCG97 Comdty,1997,2,1997-02-26,True
GC,GCH97 Comdty,1997,3,1997-03-26,False
GC,GCJ97 Comdty,1997,4,1997-04-28,True
GC,GCK97 Comdty,1997,5,1997-05-28,False
GC,GCM97 Comdty,1997,6,1997-06-26,True
GC,GCN97 Comdty,1997,7,1997-07-29,False
GC,GCQ97 Comdty,1997,8,1997-08-27,True
GC,GCU97 Comdty,1997,9,1997-09-26,False
GC,GCV97 Comdty,1997,10,1997-10-29,True
GC,GCX97 Comdty,1997,11,1997-11-25,False
GC,GCZ97 Comdty,1997,12,1997-12-29,True
GC,GCF98 Comdty,1998,1,1998-01-28,False
GC,GCG98 Comdty,1998,2,1998-02-25,True
GC,GCH98 Comdty,1998,3,1998-03-27,False
GC,GCJ98 Comdty,1998,4,1998-04-28,True
GC,GCK98 Comdty,1998,5,1998-05-27,False
GC,GCM98 Comdty,1998,6,1998-06-26,True
GC,GCN98 Comdty,1998,7,1998-07-29,False
GC,GCQ98 Comdty,1998,8,1998-08-27,True
GC,GCU98 Comdty,1998,9,1998-09-28,False
GC,GCV98 Comdty,1998,10,1998-10-28,True
GC,GCX98 Comdty,1998,11,1998-11-25,False
GC,GCZ98 Comdty,1998,12,1998-12-29,True
GC,GCF99 Comdty,1999,1,1999-01-27,False
GC,GCG99 Comdty,1999,2,1999-02-24,True
GC,GCH99 Comdty,1999,3,1999-03-29,False
GC,GCJ99 Comdty,1999,4,1999-04-28,True
GC,GCK99 Comdty,1999,5,1999-05-26,False
GC,GCM99 Comdty,1999,6,1999-06-28,True
GC,GCN99 Comdty,1999,7,1999-07-28,False
GC,GCQ99 Comdty,1999,8,1999-08-27,True
GC,GCU99 Comdty,1999,9,1999-09-28,False
GC,GCV99 Comdty,1999,10,1999-10-27,True
GC,GCX99 Comdty,1999,11,1999-11-26,False
GC,GCZ99 Comdty,1999,12,1999-12-29,True
GC,GCF00 Comdty,2000,1,2000-01-27,False
GC,GCG00 Comdty,2000,2,2000-02-25,True
GC,GCH00 Comdty,2000,3,2000-03-29,False
GC,GCJ00 Comdty,2000,4,2000-04-26,True
GC,GCK00 Comdty,2000,5,2000-05-26,False
GC,GCM00 Comdty,2000,6,2000-06-28,True
GC,GCN00 Comdty,2000,7,2000-07-27,False
GC,GCQ00 Comdty,2000,8,2000-08-29,True
GC,GCU00 Comdty,2000,9,2000-09-27,False
GC,GCV00 Comdty,2000,10,2000-10-27,True
GC,GCX00 Comdty,2000,11,2000-11-28,False
GC,GCZ00 Comdty,2000,12,2000-12-27,True
GC,GCF01 Comdty,2001,1,2001-01-29,False
GC,GCG01 Comdty,2001,2,2001-02-26,True
GC,GCH01 Comdty,2001,3,2001-03-28,False
GC,GCJ01 Comdty,2001,4,2001-04-26,True
GC,GCK01 Comdty,2001,5,2001-05-29,False
GC,GCM01 Comdty,2001,6,2001-06-27,True
GC,GCN01 Comdty,2001,7,2001-07-27,False
GC,GCQ01 Comdty,2001,8,2001-08-29,True
GC,GCU01 Comdty,2001,9,2001-09-26,False
GC,GCV01 Comdty,2001,10,2001-10-29,True
GC,GCX01 Comdty,2001,11,2001-11-28,False
GC,GCZ01 Comdty,2001,12,2001-12-27,True
GC,GCF02 Comdty,2002,1,2002-01-29,False
GC,GCG02 Comdty,2002,2,2002-02-26,True
GC,GCH02 Comdty,2002,3,2002-03-26,False
GC,GCJ02 Comdty,2002,4,2002-04-26,True
GC,GCK02 Comdty,2002,5,2002-05-29,False
GC,GCM02 Comdty,2002,6,2002-06-26,True
GC,GCN02 Comdty,2002,7,2002-07-29,False
GC,GCQ02 Comdty,2002,8,2002-08-28,True
GC,GCU02 Comdty,2002,9,2002-09-26,False
GC,GCV02 Comdty,2002,10,2002-10-29,True
GC,GCX02 Comdty,2002,11,2002-11-25,False
GC,GCZ02 Comdty,2002,12,2002-12-27,True
GC,GCF03 Comdty,2003,1,2003-01-29,False
GC,GCG03 Comdty,2003,2,2003-02-26,True
GC,GCH03 Comdty,2003,3,2003-03-27,False
GC,GCJ03 Comdty,2003,4,2003-04-28,True
GC,GCK03 Comdty,2003,5,2003-05-28,False
GC,GCM03 Comdty,2003,6,2003-06-26,True
GC,GCN03 Comdty,2003,7,2003-07-29,False
GC,GCQ03 Comdty,2003,8,2003-08-27,True
GC,GCU03 Comdty,2003,9,2003-09-26,False
GC,GCV03 Comdty,2003,10,2003-10-29,True
GC,GCX03 Comdty,2003,11,2003-11-25,False
GC,GCZ03 Comdty,2003,12,2003-12-29,True
GC,GCF04 Comdty,2004,1,2004-01-28,False
GC,GCG04 Comdty,2004,2,2004-02-25,True
GC,GCH04 Comdty,2004,3,2004-03-29,False
GC,GCJ04 Comdty,2004,4,2004-04-28,True
GC,GCK04 Comdty,2004,5,2004-05-26,False
GC,GCM04 Comdty,2004,6,2004-06-28,True
GC,GCN04 Comdty,2004,7,2004-07-28,False
GC,GCQ04 Comdty,2004,8,2004-08-27,True
GC,GCU04 Comdty,2004,9,2004-09-28,False
GC,GCV04 Comdty,2004,10,2004-10-27,True
GC,GCX04 Comdty,2004,11,2004-11-26,False
GC,GCZ04 Comdty,2004,12,2004-12-28,True
GC,GCF05 Comdty,2005,1,2005-01-27,False
GC,GCG05 Comdty,2005,2,2005-02-24,True
GC,GCH05 Comdty,2005,3,2005-03-29,False
GC,GCJ05 Comdty,2005,4,2005-04-27,True
GC,GCK05 Comdty,2005,5,2005-05-26,False
GC,GCM05 Comdty,2005,6,2005-06-28,True
GC,GCN05 Comdty,2005,7,2005-07-27,False
GC,GCQ05 Comdty,2005,8,2005-08-29,True
GC,GCU05 Comdty,2005,9,2005-09-28,False
GC,GCV05 Comdty,2005,10,2005-10-27,True
GC,GCX05 Comdty,2005,11,2005-11-28,False
GC,GCZ05 Comdty,2005,12,2005-12-28,True
GC,GCF06 Comdty,2006,1,2006-01-27,False
GC,GCG06 Comdty,2006,2,2006-02-24,True
GC,GCH06 Comdty,2006,3,2006-03-29,False
GC,GCJ06 Comdty,2006,4,2006-04-26,True
GC,GCK06 Comdty,2006,5,2006-05-26,False
GC,GCM06 Comdty,2006,6,2006-06-28,True
GC,GCN06 Comdty,2006,7,2006-07-27,False
GC,GCQ06 Comdty,2006,8,2006-08-29,True
GC,GCU06 Comdty,2006,9,2006-09-27,False
GC,GCV06 Comdty,2006,10,2006-10-27,True
GC,GCX06 Comdty,2006,11,2006-11-28,False
GC,GCZ06 Comdty,2006,12,2006-12-27,True
GC,GCF07 Comdty,2007,1,2007-01-29,False
GC,GCG07 Comdty,2007,2,2007-02-26,True
GC,GCH07 Comdty,2007,3,2007-03-28,False
GC,GCJ07 Comdty,2007,4,2007-04-26,True
GC,GCK07 Comdty,2007,5,2007-05-29,False
GC,GCM07 Comdty,2007,6,2007-06-27,True
GC,GCN07 Comdty,2007,7,2007-07-27,False
GC,GCQ07 Comdty,2007,8,2007-08-29,True
GC,GCU07 Comdty,2007,9,2007-09-26,False
GC,GCV07 Comdty,2007,10,2007-10-29,True
GC,GCX07 Comdty,2007,11,2007-11-28,False
GC,GCZ07 Comdty,2007,12,2007-12-27,True
GC,GCF08 Comdty,2008,1,2008-01-29,False
GC,GCG08 Comdty,2008,2,2008-02-27,True
GC,GCH08 Comdty,2008,3,2008-03-27,False
GC,GCJ08 Comdty,2008,4,2008-04-28,True
GC,GCK08 Comdty,2008,5,2008-05-28,False
GC,GCM08 Comdty,2008,6,2008-06-26,True
GC,GCN08 Comdty,2008,7,2008-07-29,False
GC,GCQ08 Comdty,2008,8,2008-08-27,True
GC,GCU08 Comdty,2008,9,2008-09-26,False
GC,GCV08 Comdty,2008,10,2008-10-29,True
GC,GCX08 Comdty,2008,11,2008-11-25,False
GC,GCZ08 Comdty,2008,12,2008-12-29,True
GC,GCF09 Comdty,2009,1,2009-01-28,False
GC,GCG09 Comdty,2009,2,2009-02-25,True
GC,GCH09 Comdty,2009,3,2009-03-27,False
GC,GCJ09 Comdty,2009,4,2009-04-28,True
GC,GCK09 Comdty,2009,5,2009-05-27,False
GC,GCM09 Comdty,2009,6,2009-06-26,True
GC,GCN09 Comdty,2009,7,2009-07-29,False
GC,GCQ09 Comdty,2009,8,2009-08-27,True
GC,GCU09 Comdty,2009,9,2009-09-28,False
GC,GCV09 Comdty,2009,10,2009-10-28,True
GC,GCX09 Comdty,2009,11,2009-11-25,False
GC,GCZ09 Comdty,2009,12,2009-12-29,True
GC,GCF10 Comdty,2010,1,2010-01-27,False
GC,GCG10 Comdty,2010,2,2010-02-24,True
GC,GCH10 Comdty,2010,3,2010-03-29,False
GC,GCJ10 Comdty,2010,4,2010-04-28,True
GC,GCK10 Comdty,2010,5,2010-05-26,False
GC,GCM10 Comdty,2010,6,2010-06-28,True
GC,GCN10 Comdty,2010,7,2010-07-28,False
GC,GCQ10 Comdty,2010,8,2010-08-27,True
GC,GCU10 Comdty,2010,9,2010-09-28,False
GC,GCV10 Comdty,2010,10,2010-10-27,True
GC,GCX10 Comdty,2010,11,2010-11-26,False
GC,GCZ10 Comdty,2010,12,2010-12-29,True
GC,GCF11 Comdty,2011,1,2011-01-27,False
GC,GCG11 Comdty,2011,2,2011-02-24,True
GC,GCH11 Comdty,2011,3,2011-03-29,False
GC,GCJ11 Comdty,2011,4,2011-04-27,True
GC,GCK11 Comdty,2011,5,2011-05-26,False
GC,GCM11 Comdty,2011,6,2011-06-28,True
GC,GCN11 Comdty,2011,7,2011-07-27,False
GC,GCQ11 Comdty,2011,8,2011-08-29,True
GC,GCU11 Comdty,2011,9,2011-09-28,False
GC,GCV11 Comdty,2011,10,2011-10-27,True
GC,GCX11 Comdty,2011,11,2011-11-28,False
GC,GCZ11 Comdty,2011,12,2011-12-28,True
GC,GCF12 Comdty,2012,1,2012-01-27,False
GC,GCG12 Comdty,2012,2,2012-02-27,True
GC,GCH12 Comdty,2012,3,2012-03-28,False
GC,GCJ12 Comdty,2012,4,2012-04-26,True
GC,GCK12 Comdty,2012,5,2012-05-29,False
GC,GCM12 Comdty,2012,6,2012-06-27,True
GC,GCN12 Comdty,2012,7,2012-07-27,False
GC,GCQ12 Comdty,2012,8,2012-08-29,True
GC,GCU12 Comdty,2012,9,2012-09-26,False
GC,GCV12 Comdty,2012,10,2012-10-29,True
GC,GCX12 Comdty,2012,11,2012-11-28,False
GC,GCZ12 Comdty,2012,12,2012-12-27,True
GC,GCF13 Comdty,2013,1,2013-01-29,False
GC,GCG13 Comdty,2013,2,2013-02-26,True
GC,GCH13 Comdty,2013,3,2013-03-26,False
GC,GCJ13 Comdty,2013,4,2013-04-26,True
GC,GCK13 Comdty,2013,5,2013-05-29,False
GC,GCM13 Comdty,2013,6,2013-06-26,True
GC,GCN13 Comdty,2013,7,2013-07-29,False
GC,GCQ13 Comdty,2013,8,2013-08-28,True
GC,GCU13 Comdty,2013,9,2013-09-26,False
GC,GCV13 Comdty,2013,10,2013-10-29,True
GC,GCX13 Comdty,2013,11,2013-11-26,False
GC,GCZ13 Comdty,2013,12,2013-12-27,True
GC,GCF14 Comdty,2014,1,2014-01-29,False
GC,GCG14 Comdty,2014,2,2014-02-26,True
GC,GCH14 Comdty,2014,3,2014-03-27,False
GC,GCJ14 Comdty,2014,4,2014-04-28,True
GC,GCK14 Comdty,2014,5,2014-05-28,False
GC,GCM14 Comdty,2014,6,2014-06-26,True
GC,GCN14 Comdty,2014,7,2014-07-29,False
GC,GCQ14 Comdty,2014,8,2014-08-27,True
GC,GCU14 Comdty,2014,9,2014-09-26,False
GC,GCV14 Comdty,2014,10,2014-10-29,True
GC,GCX14 Comdty,2014,11,2014-11-25,False
GC,GCZ14 Comdty,2014,12,2014-12-29,True
GC,GCF15 Comdty,2015,1,2015-01-28,False
GC,GCG15 Comdty,2015,2,2015-02-25,True
GC,GCH15 Comdty,2015,3,2015-03-27,False
GC,GCJ15 Comdty,2015,4,2015-04-28,True
GC,GCK15 Comdty,2015,5,2015-05-27,False
GC,GCM15 Comdty,2015,6,2015-06-26,True
GC,GCN15 Comdty,2015,7,2015-07-29,False
GC,GCQ15 Comdty,2015,8,2015-08-27,True
GC,GCU15 Comdty,2015,9,2015-09-28,False
GC,GCV15 Comdty,2015,10,2015-10-28,True
GC,GCX15 Comdty,2015,11,2015-11-25,False
GC,GCZ15 Comdty,2015,12,2015-12-29,True
GC,GCF16 Comdty,2016,1,2016-01-27,False
GC,GCG16 Comdty,2016,2,2016-02-25,True
GC,GCH16 Comdty,2016,3,2016-03-29,False
GC,GCJ16 Comdty,2016,4,2016-04-27,True
GC,GCK16 Comdty,2016,5,2016-05-26,False
GC,GCM16 Comdty,2016,6,2016-06-28,True
GC,GCN16 Comdty,2016,7,2016-07-27,False
GC,GCQ16 Comdty,2016,8,2016-08-29,True
GC,GCU16 Comdty,2016,9,2016-09-28,False
GC,GCV16 Comdty,2016,10,2016-10-27,True
GC,GCX16 Comdty,2016,11,2016-11-28,False
GC,GCZ16 Comdty,2016,12,2016-12-28,True
GC,GCF17 Comdty,2017,1,2017-01-27,False
GC,GCG17 Comdty,2017,2,2017-02-24,True
GC,GCH17 Comdty,2017,3,2017-03-29,False
GC,GCJ17 Comdty,2017,4,2017-04-26,True
GC,GCK17 Comdty,2017,5,2017-05-26,False
GC,GCM17 Comdty,2017,6,2017-06-28,True
GC,GCN17 Comdty,2017,7,2017-07-27,False
GC,GCQ17 Comdty,2017,8,2017-08-29,True
GC,GCU17 Comdty,2017,9,2017-09-27,False
GC,GCV17 Comdty,2017,10,2017-10-27,True
GC,GCX17 Comdty,2017,11,2017-11-28,False
GC,GCZ17 Comdty,2017,12,2017-12-27,True
GC,GCF18 Comdty,2018,1,2018-01-29,False
GC,GCG18 Comdty,2018,2,2018-02-26,True
GC,GCH18 Comdty,2018,3,2018-03-27,False
GC,GCJ18 Comdty,2018,4,2018-04-26,True
GC,GCK18 Comdty,2018,5,2018-05-29,False
GC,GCM18 Comdty,2018,6,2018-06-27,True
GC,GCN18 Comdty,2018,7,2018-07-27,False
GC,GCQ18 Comdty,2018,8,2018-08-29,True
GC,GCU18 Comdty,2018,9,2018-09-26,False
GC,GCV18 Comdty,2018,10,2018-10-29,True
GC,GCX18 Comdty,2018,11,2018-11-28,False
GC,GCZ18 Comdty,2018,12,2018-12-27,True
GC,GCF19 Comdty,2019,1,2019-01-29,False
GC,GCG19 Comdty,2019,2,2019-02-26,True
GC,GCH19 Comdty,2019,3,2019-03-27,False
GC,GCJ19 Comdty,2019,4,2019-04-26,True
GC,GCK19 Comdty,2019,5,2019-05-29,False
GC,GCM19 Comdty,2019,6,2019-06-26,True
GC,GCN19 Comdty,2019,7,2019-07-29,False
GC,GCQ19 Comdty,2019,8,2019-08-28,True
GC,GCU19 Comdty,2019,9,2019-09-26,False
GC,GCV19 Comdty,2019,10,2019-10-29,True
GC,GCX19 Comdty,2019,11,2019-11-26,False
GC,GCZ19 Comdty,2019,12,2019-12-27,True
GC,GCF20 Comdty,2020,1,2020-01-29,False
GC,GCG20 Comdty,2020,2,2020-02-26,True
GC,GCH20 Comdty,2020,3,2020-03-27,False
GC,GCJ20 Comdty,2020,4,2020-04-28,True
GC,GCK20 Comdty,2020,5,2020-05-27,False
GC,GCM20 Comdty,2020,6,2020-06-26,True
GC,GCN20 Comdty,2020,7,2020-07-29,False
GC,GCQ20 Comdty,2020,8,2020-08-27,True
GC,GCU20 Comdty,2020,9,2020-09-28,False
GC,GCV20 Comdty,2020,10,2020-10-28,True
GC,GCX20 Comdty,2020,11,2020-11-25,False
GC,GCZ20 Comdty,2020,12,2020-12-29,True
GC,GCF21 Comdty,2021,1,2021-01-27,False
GC,GCG21 Comdty,2021,2,2021-02-24,True
GC,GCH21 Comdty,2021,3,2021-03-29,False
GC,GCJ21 Comdty,2021,4,2021-04-28,True
GC,GCK21 Comdty,2021,5,2021-05-26,False
GC,GCM21 Comdty,2021,6,2021-06-28,True
GC,GCN21 Comdty,2021,7,2021-07-28,False
GC,GCQ21 Comdty,2021,8,2021-08-27,True
GC,GCU21 Comdty,2021,9,2021-09-28,False
GC,GCV21 Comdty,2021,10,2021-10-27,True
GC,GCX21 Comdty,2021,11,2021-11-26,False
GC,GCZ21 Comdty,2021,12,2021-12-29,True
GC,GCF22 Comdty,2022,1,2022-01-27,False
GC,GCG22 Comdty,2022,2,2022-02-24,True
GC,GCH22 Comdty,2022,3,2022-03-29,False
GC,GCJ22 Comdty,2022,4,2022-04-27,True
GC,GCK22 Comdty,2022,5,2022-05-26,False
GC,GCM22 Comdty,2022,6,2022-06-28,True
GC,GCN22 Comdty,2022,7,2022-07-27,False
GC,GCQ22 Comdty,2022,8,2022-08-29,True
GC,GCU22 Comdty,2022,9,2022-09-28,False
GC,GCV22 Comdty,2022,10,2022-10-27,True
GC,GCX22 Comdty,2022,11,2022-11-28,False
GC,GCZ22 Comdty,2022,12,2022-12-28,True
GC,GCF23 Comdty,2023,1,2023-01-27,False
GC,GCG23 Comdty,2023,2,2023-02-24,True
GC,GCH23 Comdty,2023,3,2023-03-29,False
GC,GCJ23 Comdty,2023,4,2023-04-26,True
GC,GCK23 Comdty,2023,5,2023-05-26,False
GC,GCM23 Comdty,2023,6,2023-06-28,True
GC,GCN23 Comdty,2023,7,2023-07-27,False
GC,GCQ23 Comdty,2023,8,2023-08-29,True
GC,GCU23 Comdty,2023,9,2023-09-27,False
GC,GCV23 Comdty,2023,10,2023-10-27,True
GC,GCX23 Comdty,2023,11,2023-11-28,False
GC,GCZ23 Comdty,2023,12,2023-12-27,True
GC,GCF24 Comdty,2024,1,2024-01-29,False
GC,GCG24 Comdty,2024,2,2024-02-27,True
GC,GCH24 Comdty,2024,3,2024-03-26,False
GC,GCJ24 Comdty,2024,4,2024-04-26,True
GC,GCK24 Comdty,2024,5,2024-05-29,False
GC,GCM24 Comdty,2024,6,2024-06-26,True
GC,GCN24 Comdty,2024,7,2024-07-29,False
GC,GCQ24 Comdty,2024,8,2024-08-28,True
GC,GCU24 Comdty,2024,9,2024-09-26,False
GC,GCV24 Comdty,2024,10,2024-10-29,True
GC,GCX24 Comdty,2024,11,2024-11-26,False
GC,GCZ24 Comdty,2024,12,2024-12-27,True
GC,GCF25 Comdty,2025,1,2025-01-29,False
GC,GCG25 Comdty,2025,2,2025-02-26,True
GC,GCH25 Comdty,2025,3,2025-03-27,False
GC,GCJ25 Comdty,2025,4,2025-04-28,True
GC,GCK25 Comdty,2025,5,2025-05-28,False
GC,GCM25 Comdty,2025,6,2025-06-26,True
GC,GCN25 Comdty,2025,7,2025-07-29,False
GC,GCQ25 Comdty,2025,8,2025-08-27,True
GC,GCU25 Comdty,2025,9,2025-09-26,False
GC,GCV25 Comdty,2025,10,2025-10-29,True
GC,GCX5 Comdty,2025,11,2025-11-25,False
GC,GCZ5 Comdty,2025,12,2025-12-29,True
GC,GCF6 Comdty,2026,1,2026-01-28,False
GC,GCG6 Comdty,2026,2,2026-02-25,True
GC,GCH6 Comdty,2026,3,2026-03-27,False
GC,GCJ6 Comdty,2026,4,2026-04-28,True
GC,GCK6 Comdty,2026,5,2026-05-27,False
GC,GCM6 Comdty,2026,6,2026-06-26,True
GC,GCN6 Comdty,2026,7,2026-07-29,False
GC,GCQ6 Comdty,2026,8,2026-08-27,True
GC,GCU6 Comdty,2026,9,2026-09-28,False
GC,GCV6 Comdty,2026,10,2026-10-28,True
GC,GCX6 Comdty,2026,11,2026-11-25,False
GC,GCZ6 Comdty,2026,12,2026-12-29,True
GC,GCF7 Comdty,2027,1,2027-01-27,False
GC,GCG7 Comdty,2027,2,2027-02-24,True
GC,GCH7 Comdty,2027,3,2027-03-29,False
GC,GCJ7 Comdty,2027,4,2027-04-28,True
GC,GCK7 Comdty,2027,5,2027-05-26,False
GC,GCM7 Comdty,2027,6,2027-06-28,True
GC,GCN7 Comdty,2027,7,2027-07-28,False
GC,GCQ7 Comdty,2027,8,2027-08-27,True
GC,GCU7 Comdty,2027,9,2027-09-28,False
GC,GCV7 Comdty,2027,10,2027-10-27,True
GC,GCX7 Comdty,2027,11,2027-11-26,False
GC,GCZ7 Comdty,2027,12,2027-12-29,True
GC,GCF8 Comdty,2028,1,2028-01-27,False
GC,GCG8 Comdty,2028,2,2028-02-25,True
GC,GCH8 Comdty,2028,3,2028-03-29,False
GC,GCJ8 Comdty,2028,4,2028-04-26,True
GC,GCK8 Comdty,2028,5,2028-05-26,False
GC,GCM8 Comdty,2028,6,2028-06-28,True
GC,GCN8 Comdty,2028,7,2028-07-27,False
GC,GCQ8 Comdty,2028,8,2028-08-29,True
GC,GCU8 Comdty,2028,9,2028-09-27,False
GC,GCV8 Comdty,2028,10,2028-10-27,True
GC,GCX8 Comdty,2028,11,2028-11-28,False
GC,GCZ8 Comdty,2028,12,2028-12-27,True
GC,GCM9 Comdty,2029,6,2029-06-27,True
GC,GCZ9 Comdty,2029,12,2029-12-27,True
GC,GCM0 Comdty,2030,6,2030-06-26,True
GC,GCZ0 Comdty,2030,12,2030-12-27,True
GC,GCM1 Comdty,2031,6,2031-06-26,True
GC,GCZ1 Comdty,2031,12,2031-12-29,True
GC,GCM2 Comdty,2032,6,2032-06-28,True
SI,SIF75 Comdty,1975,1,1975-01-29,False
SI,SIG75 Comdty,1975,2,1975-02-26,False
SI,SIH75 Comdty,1975,3,1975-03-26,True
SI,SIJ75 Comdty,1975,4,1975-04-28,False
SI,SIK75 Comdty,1975,5,1975-05-28,True
SI,SIM75 Comdty,1975,6,1975-06-26,False
SI,SIN75 Comdty,1975,7,1975-07-29,True
SI,SIQ75 Comdty,1975,8,1975-08-27,False
SI,SIU75 Comdty,1975,9,1975-09-26,True
SI,SIV75 Comdty,1975,10,1975-10-29,False
SI,SIX75 Comdty,1975,11,1975-11-25,False
SI,SIZ75 Comdty,1975,12,1975-12-29,True
SI,SIF76 Comdty,1976,1,1976-01-28,False
SI,SIG76 Comdty,1976,2,1976-02-25,False
SI,SIH76 Comdty,1976,3,1976-03-29,True
SI,SIJ76 Comdty,1976,4,1976-04-28,False
SI,SIK76 Comdty,1976,5,1976-05-26,True
SI,SIM76 Comdty,1976,6,1976-06-28,False
SI,SIN76 Comdty,1976,7,1976-07-28,True
SI,SIQ76 Comdty,1976,8,1976-08-27,False
SI,SIU76 Comdty,1976,9,1976-09-28,True
SI,SIV76 Comdty,1976,10,1976-10-27,False
SI,SIX76 Comdty,1976,11,1976-11-24,False
SI,SIZ76 Comdty,1976,12,1976-12-29,True
SI,SIF77 Comdty,1977,1,1977-01-27,False
SI,SIG77 Comdty,1977,2,1977-02-24,False
SI,SIH77 Comdty,1977,3,1977-03-29,True
SI,SIJ77 Comdty,1977,4,1977-04-27,False
SI,SIK77 Comdty,1977,5,1977-05-26,True
SI,SIM77 Comdty,1977,6,1977-06-28,False
SI,SIN77 Comdty,1977,7,1977-07-27,True
SI,SIQ77 Comdty,1977,8,1977-08-29,False
SI,SIU77 Comdty,1977,9,1977-09-28,True
SI,SIV77 Comdty,1977,10,1977-10-27,False
SI,SIX77 Comdty,1977,11,1977-11-28,False
SI,SIZ77 Comdty,1977,12,1977-12-28,True
SI,SIF78 Comdty,1978,1,1978-01-26,False
SI,SIG78 Comdty,1978,2,1978-02-23,False
SI,SIH78 Comdty,1978,3,1978-03-28,True
SI,SIJ78 Comdty,1978,4,1978-04-25,False
SI,SIK78 Comdty,1978,5,1978-05-25,True
SI,SIM78 Comdty,1978,6,1978-06-27,False
SI,SIN78 Comdty,1978,7,1978-07-26,True
SI,SIQ78 Comdty,1978,8,1978-08-28,False
SI,SIU78 Comdty,1978,9,1978-09-26,True
SI,SIV78 Comdty,1978,10,1978-10-26,False
SI,SIX78 Comdty,1978,11,1978-11-27,False
SI,SIZ78 Comdty,1978,12,1978-12-26,True
SI,SIF79 Comdty,1979,1,1979-01-29,False
SI,SIG79 Comdty,1979,2,1979-02-26,False
SI,SIH79 Comdty,1979,3,1979-03-28,True
SI,SIJ79 Comdty,1979,4,1979-04-26,False
SI,SIK79 Comdty,1979,5,1979-05-29,True
SI,SIM79 Comdty,1979,6,1979-06-27,False
SI,SIN79 Comdty,1979,7,1979-07-27,True
SI,SIQ79 Comdty,1979,8,1979-08-29,False
SI,SIU79 Comdty,1979,9,1979-09-26,True
SI,SIV79 Comdty,1979,10,1979-10-29,False
SI,SIX79 Comdty,1979,11,1979-11-28,False
SI,SIZ79 Comdty,1979,12,1979-12-27,True
SI,SIF80 Comdty,1980,1,1980-01-29,False
SI,SIG80 Comdty,1980,2,1980-02-27,False
SI,SIH80 Comdty,1980,3,1980-03-27,True
SI,SIJ80 Comdty,1980,4,1980-04-28,False
SI,SIK80 Comdty,1980,5,1980-05-28,True
SI,SIM80 Comdty,1980,6,1980-06-26,False
SI,SIN80 Comdty,1980,7,1980-07-29,True
SI,SIQ80 Comdty,1980,8,1980-08-27,False
SI,SIU80 Comdty,1980,9,1980-09-26,True
SI,SIV80 Comdty,1980,10,1980-10-29,False
SI,SIX80 Comdty,1980,11,1980-11-24,False
SI,SIZ80 Comdty,1980,12,1980-12-29,True
SI,SIF81 Comdty,1981,1,1981-01-28,False
SI,SIG81 Comdty,1981,2,1981-02-25,False
SI,SIH81 Comdty,1981,3,1981-03-27,True
SI,SIJ81 Comdty,1981,4,1981-04-28,False
SI,SIK81 Comdty,1981,5,1981-05-27,True
SI,SIM81 Comdty,1981,6,1981-06-26,False
SI,SIN81 Comdty,1981,7,1981-07-29,True
SI,SIQ81 Comdty,1981,8,1981-08-27,False
SI,SIU81 Comdty,1981,9,1981-09-28,True
SI,SIV81 Comdty,1981,10,1981-10-28,False
SI,SIX81 Comdty,1981,11,1981-11-24,False
SI,SIZ81 Comdty,1981,12,1981-12-29,True
SI,SIF82 Comdty,1982,1,1982-01-27,False
SI,SIG82 Comdty,1982,2,1982-02-24,False
SI,SIH82 Comdty,1982,3,1982-03-29,True
SI,SIJ82 Comdty,1982,4,1982-04-28,False
SI,SIK82 Comdty,1982,5,1982-05-26,True
SI,SIM82 Comdty,1982,6,1982-06-28,False
SI,SIN82 Comdty,1982,7,1982-07-27,True
SI,SIQ82 Comdty,1982,8,1982-08-27,False
SI,SIU82 Comdty,1982,9,1982-09-27,True
SI,SIV82 Comdty,1982,10,1982-10-27,False
SI,SIX82 Comdty,1982,11,1982-11-24,False
SI,SIZ82 Comdty,1982,12,1982-12-29,True
SI,SIF83 Comdty,1983,1,1983-01-27,False
SI,SIG83 Comdty,1983,2,1983-02-24,False
SI,SIH83 Comdty,1983,3,1983-03-29,True
SI,SIJ83 Comdty,1983,4,1983-04-27,False
SI,SIK83 Comdty,1983,5,1983-05-26,True
SI,SIM83 Comdty,1983,6,1983-06-28,False
SI,SIN83 Comdty,1983,7,1983-07-27,True
SI,SIQ83 Comdty,1983,8,1983-08-29,False
SI,SIU83 Comdty,1983,9,1983-09-28,True
SI,SIV83 Comdty,1983,10,1983-10-27,False
SI,SIX83 Comdty,1983,11,1983-11-28,False
SI,SIZ83 Comdty,1983,12,1983-12-28,True
SI,SIF84 Comdty,1984,1,1984-01-27,False
SI,SIG84 Comdty,1984,2,1984-02-27,False
SI,SIH84 Comdty,1984,3,1984-03-28,True
SI,SIJ84 Comdty,1984,4,1984-04-26,False
SI,SIK84 Comdty,1984,5,1984-05-29,True
SI,SIM84 Comdty,1984,6,1984-06-27,False
SI,SIN84 Comdty,1984,7,1984-07-27,True
SI,SIQ84 Comdty,1984,8,1984-08-29,False
SI,SIU84 Comdty,1984,9,1984-09-26,True
SI,SIV84 Comdty,1984,10,1984-10-29,False
SI,SIX84 Comdty,1984,11,1984-11-28,False
SI,SIZ84 Comdty,1984,12,1984-12-27,True
SI,SIF85 Comdty,1985,1,1985-01-29,False
SI,SIG85 Comdty,1985,2,1985-02-26,False
SI,SIH85 Comdty,1985,3,1985-03-27,True
SI,SIJ85 Comdty,1985,4,1985-04-26,False
SI,SIK85 Comdty,1985,5,1985-05-29,True
SI,SIM85 Comdty,1985,6,1985-06-26,False
SI,SIN85 Comdty,1985,7,1985-07-29,True
SI,SIQ85 Comdty,1985,8,1985-08-28,False
SI,SIU85 Comdty,1985,9,1985-09-26,True
SI,SIV85 Comdty,1985,10,1985-10-29,False
SI,SIX85 Comdty,1985,11,1985-11-26,False
SI,SIZ85 Comdty,1985,12,1985-12-27,True
SI,SIF86 Comdty,1986,1,1986-01-29,False
SI,SIG86 Comdty,1986,2,1986-02-26,False
SI,SIH86 Comdty,1986,3,1986-03-26,True
SI,SIJ86 Comdty,1986,4,1986-04-28,False
SI,SIK86 Comdty,1986,5,1986-05-28,True
SI,SIM86 Comdty,1986,6,1986-06-26,False
SI,SIN86 Comdty,1986,7,1986-07-29,True
SI,SIQ86 Comdty,1986,8,1986-08-27,False
SI,SIU86 Comdty,1986,9,1986-09-26,True
SI,SIV86 Comdty,1986,10,1986-10-29,False
SI,SIX86 Comdty,1986,11,1986-11-25,False
SI,SIZ86 Comdty,1986,12,1986-12-29,True
SI,SIF87 Comdty,1987,1,1987-01-28,False
SI,SIG87 Comdty,1987,2,1987-02-25,False
SI,SIH87 Comdty,1987,3,1987-03-27,True
SI,SIJ87 Comdty,1987,4,1987-04-28,False
SI,SIK87 Comdty,1987,5,1987-05-27,True
SI,SIM87 Comdty,1987,6,1987-06-26,False
SI,SIN87 Comdty,1987,7,1987-07-29,True
SI,SIQ87 Comdty,1987,8,1987-08-27,False
SI,SIU87 Comdty,1987,9,1987-09-28,True
SI,SIV87 Comdty,1987,10,1987-10-28,False
SI,SIX87 Comdty,1987,11,1987-11-25,False
SI,SIZ87 Comdty,1987,12,1987-12-29,True
SI,SIF88 Comdty,1988,1,1988-01-27,False
SI,SIG88 Comdty,1988,2,1988-02-25,False
SI,SIH88 Comdty,1988,3,1988-03-29,True
SI,SIJ88 Comdty,1988,4,1988-04-27,False
SI,SIK88 Comdty,1988,5,1988-05-26,True
SI,SIM88 Comdty,1988,6,1988-06-28,False
SI,SIN88 Comdty,1988,7,1988-07-27,True
SI,SIQ88 Comdty,1988,8,1988-08-29,False
SI,SIU88 Comdty,1988,9,1988-09-28,True
SI,SIV88 Comdty,1988,10,1988-10-27,False
SI,SIX88 Comdty,1988,11,1988-11-28,False
SI,SIZ88 Comdty,1988,12,1988-12-28,True
SI,SIF89 Comdty,1989,1,1989-01-27,False
SI,SIG89 Comdty,1989,2,1989-02-24,False
SI,SIH89 Comdty,1989,3,1989-03-29,True
SI,SIJ89 Comdty,1989,4,1989-04-26,False
SI,SIK89 Comdty,1989,5,1989-05-26,True
SI,SIM89 Comdty,1989,6,1989-06-28,False
SI,SIN89 Comdty,1989,7,1989-07-27,True
SI,SIQ89 Comdty,1989,8,1989-08-29,False
SI,SIU89 Comdty,1989,9,1989-09-27,True
SI,SIV89 Comdty,1989,10,1989-10-27,False
SI,SIX89 Comdty,1989,11,1989-11-28,False
SI,SIZ89 Comdty,1989,12,1989-12-27,True
SI,SIF90 Comdty,1990,1,1990-01-29,False
SI,SIG90 Comdty,1990,2,1990-02-26,False
SI,SIH90 Comdty,1990,3,1990-03-28,True
SI,SIJ90 Comdty,1990,4,1990-04-26,False
SI,SIK90 Comdty,1990,5,1990-05-29,True
SI,SIM90 Comdty,1990,6,1990-06-27,False
SI,SIN90 Comdty,1990,7,1990-07-27,True
SI,SIQ90 Comdty,1990,8,1990-08-29,False
SI,SIU90 Comdty,1990,9,1990-09-26,True
SI,SIV90 Comdty,1990,10,1990-10-29,False
SI,SIX90 Comdty,1990,11,1990-11-28,False
SI,SIZ90 Comdty,1990,12,1990-12-27,True
SI,SIF91 Comdty,1991,1,1991-01-29,False
SI,SIG91 Comdty,1991,2,1991-02-26,False
SI,SIH91 Comdty,1991,3,1991-03-26,True
SI,SIJ91 Comdty,1991,4,1991-04-26,False
SI,SIK91 Comdty,1991,5,1991-05-29,True
SI,SIM91 Comdty,1991,6,1991-06-26,False
SI,SIN91 Comdty,1991,7,1991-07-29,True
SI,SIQ91 Comdty,1991,8,1991-08-28,False
SI,SIU91 Comdty,1991,9,1991-09-26,True
SI,SIV91 Comdty,1991,10,1991-10-29,False
SI,SIX91 Comdty,1991,11,1991-11-26,False
SI,SIZ91 Comdty,1991,12,1991-12-27,True
SI,SIF92 Comdty,1992,1,1992-01-29,False
SI,SIG92 Comdty,1992,2,1992-02-26,False
SI,SIH92 Comdty,1992,3,1992-03-27,True
SI,SIJ92 Comdty,1992,4,1992-04-28,False
SI,SIK92 Comdty,1992,5,1992-05-27,True
SI,SIM92 Comdty,1992,6,1992-06-26,False
SI,SIN92 Comdty,1992,7,1992-07-29,True
SI,SIQ92 Comdty,1992,8,1992-08-27,False
SI,SIU92 Comdty,1992,9,1992-09-28,True
SI,SIV92 Comdty,1992,10,1992-10-28,False
SI,SIX92 Comdty,1992,11,1992-11-25,False
SI,SIZ92 Comdty,1992,12,1992-12-29,True
SI,SIF93 Comdty,1993,1,1993-01-27,False
SI,SIG93 Comdty,1993,2,1993-02-24,False
SI,SIH93 Comdty,1993,3,1993-03-29,True
SI,SIJ93 Comdty,1993,4,1993-04-28,False
SI,SIK93 Comdty,1993,5,1993-05-26,True
SI,SIM93 Comdty,1993,6,1993-06-28,False
SI,SIN93 Comdty,1993,7,1993-07-28,True
SI,SIQ93 Comdty,1993,8,1993-08-27,False
SI,SIU93 Comdty,1993,9,1993-09-28,True
SI,SIV93 Comdty,1993,10,1993-10-27,False
SI,SIX93 Comdty,1993,11,1993-11-26,False
SI,SIZ93 Comdty,1993,12,1993-12-29,True
SI,SIF94 Comdty,1994,1,1994-01-27,False
SI,SIG94 Comdty,1994,2,1994-02-24,False
SI,SIH94 Comdty,1994,3,1994-03-29,True
SI,SIJ94 Comdty,1994,4,1994-04-27,False
SI,SIK94 Comdty,1994,5,1994-05-26,True
SI,SIM94 Comdty,1994,6,1994-06-28,False
SI,SIN94 Comdty,1994,7,1994-07-27,True
SI,SIQ94 Comdty,1994,8,1994-08-29,False
SI,SIU94 Comdty,1994,9,1994-09-28,True
SI,SIV94 Comdty,1994,10,1994-10-27,False
SI,SIX94 Comdty,1994,11,1994-11-28,False
SI,SIZ94 Comdty,1994,12,1994-12-28,True
SI,SIF95 Comdty,1995,1,1995-01-27,False
SI,SIG95 Comdty,1995,2,1995-02-24,False
SI,SIH95 Comdty,1995,3,1995-03-29,True
SI,SIJ95 Comdty,1995,4,1995-04-26,False
SI,SIK95 Comdty,1995,5,1995-05-26,True
SI,SIM95 Comdty,1995,6,1995-06-28,False
SI,SIN95 Comdty,1995,7,1995-07-27,True
SI,SIQ95 Comdty,1995,8,1995-08-29,False
SI,SIU95 Comdty,1995,9,1995-09-27,True
SI,SIV95 Comdty,1995,10,1995-10-27,False
SI,SIX95 Comdty,1995,11,1995-11-28,False
SI,SIZ95 Comdty,1995,12,1995-12-27,True
SI,SIF96 Comdty,1996,1,1996-01-29,False
SI,SIG96 Comdty,1996,2,1996-02-27,False
SI,SIH96 Comdty,1996,3,1996-03-27,True
SI,SIJ96 Comdty,1996,4,1996-04-26,False
SI,SIK96 Comdty,1996,5,1996-05-29,True
SI,SIM96 Comdty,1996,6,1996-06-26,False
SI,SIN96 Comdty,1996,7,1996-07-29,True
SI,SIQ96 Comdty,1996,8,1996-08-28,False
SI,SIU96 Comdty,1996,9,1996-09-26,True
SI,SIV96 Comdty,1996,10,1996-10-29,False
SI,SIX96 Comdty,1996,11,1996-11-25,False
SI,SIZ96 Comdty,1996,12,1996-12-27,True
SI,SIF97 Comdty,1997,1,1997-01-29,False
SI,SIG97 Comdty,1997,2,1997-02-26,False
SI,SIH97 Comdty,1997,3,1997-03-26,True
SI,SIJ97 Comdty,1997,4,1997-04-28,False
SI,SIK97 Comdty,1997,5,1997-05-28,True
SI,SIM97 Comdty,1997,6,1997-06-26,False
SI,SIN97 Comdty,1997,7,1997-07-29,True
SI,SIQ97 Comdty,1997,8,1997-08-27,False
SI,SIU97 Comdty,1997,9,1997-09-26,True
SI,SIV97 Comdty,1997,10,1997-10-29,False
SI,SIX97 Comdty,1997,11,1997-11-25,False
SI,SIZ97 Comdty,1997,12,1997-12-29,True
SI,SIF98 Comdty,1998,1,1998-01-28,False
SI,SIG98 Comdty,1998,2,1998-02-25,False
SI,SIH98 Comdty,1998,3,1998-03-27,True
SI,SIJ98 Comdty,1998,4,1998-04-28,False
SI,SIK98 Comdty,1998,5,1998-05-27,True
SI,SIM98 Comdty,1998,6,1998-06-26,False
SI,SIN98 Comdty,1998,7,1998-07-29,True
SI,SIQ98 Comdty,1998,8,1998-08-27,False
SI,SIU98 Comdty,1998,9,1998-09-28,True
SI,SIV98 Comdty,1998,10,1998-10-28,False
SI,SIX98 Comdty,1998,11,1998-11-25,False
SI,SIZ98 Comdty,1998,12,1998-12-29,True
SI,SIF99 Comdty,1999,1,1999-01-27,False
SI,SIG99 Comdty,1999,2,1999-02-24,False
SI,SIH99 Comdty,1999,3,1999-03-29,True
SI,SIJ99 Comdty,1999,4,1999-04-28,False
SI,SIK99 Comdty,1999,5,1999-05-26,True
SI,SIM99 Comdty,1999,6,1999-06-28,False
SI,SIN99 Comdty,1999,7,1999-07-28,True
SI,SIQ99 Comdty,1999,8,1999-08-27,False
SI,SIU99 Comdty,1999,9,1999-09-28,True
SI,SIV99 Comdty,1999,10,1999-10-27,False
SI,SIX99 Comdty,1999,11,1999-11-24,False
SI,SIZ99 Comdty,1999,12,1999-12-29,True
SI,SIF00 Comdty,2000,1,2000-01-27,False
SI,SIG00 Comdty,2000,2,2000-02-25,False
SI,SIH00 Comdty,2000,3,2000-03-29,True
SI,SIJ00 Comdty,2000,4,2000-04-26,False
SI,SIK00 Comdty,2000,5,2000-05-26,True
SI,SIM00 Comdty,2000,6,2000-06-28,False
SI,SIN00 Comdty,2000,7,2000-07-27,True
SI,SIQ00 Comdty,2000,8,2000-08-29,False
SI,SIU00 Comdty,2000,9,2000-09-27,True
SI,SIV00 Comdty,2000,10,2000-10-27,False
SI,SIX00 Comdty,2000,11,2000-11-28,False
SI,SIZ00 Comdty,2000,12,2000-12-27,True
SI,SIF01 Comdty,2001,1,2001-01-29,False
SI,SIG01 Comdty,2001,2,2001-02-26,False
SI,SIH01 Comdty,2001,3,2001-03-28,True
SI,SIJ01 Comdty,2001,4,2001-04-26,False
SI,SIK01 Comdty,2001,5,2001-05-29,True
SI,SIM01 Comdty,2001,6,2001-06-27,False
SI,SIN01 Comdty,2001,7,2001-07-27,True
SI,SIQ01 Comdty,2001,8,2001-08-29,False
SI,SIU01 Comdty,2001,9,2001-09-26,True
SI,SIV01 Comdty,2001,10,2001-10-29,False
SI,SIX01 Comdty,2001,11,2001-11-28,False
SI,SIZ01 Comdty,2001,12,2001-12-27,True
SI,SIF02 Comdty,2002,1,2002-01-29,False
SI,SIG02 Comdty,2002,2,2002-02-26,False
SI,SIH02 Comdty,2002,3,2002-03-26,True
SI,SIJ02 Comdty,2002,4,2002-04-26,False
SI,SIK02 Comdty,2002,5,2002-05-29,True
SI,SIM02 Comdty,2002,6,2002-06-26,False
SI,SIN02 Comdty,2002,7,2002-07-29,True
SI,SIQ02 Comdty,2002,8,2002-08-28,False
SI,SIU02 Comdty,2002,9,2002-09-26,True
SI,SIV02 Comdty,2002,10,2002-10-29,False
SI,SIX02 Comdty,2002,11,2002-11-25,False
SI,SIZ02 Comdty,2002,12,2002-12-27,True
SI,SIF03 Comdty,2003,1,2003-01-29,False
SI,SIG03 Comdty,2003,2,2003-02-26,False
SI,SIH03 Comdty,2003,3,2003-03-27,True
SI,SIJ03 Comdty,2003,4,2003-04-28,False
SI,SIK03 Comdty,2003,5,2003-05-28,True
SI,SIM03 Comdty,2003,6,2003-06-26,False
SI,SIN03 Comdty,2003,7,2003-07-29,True
SI,SIQ03 Comdty,2003,8,2003-08-27,False
SI,SIU03 Comdty,2003,9,2003-09-26,True
SI,SIV03 Comdty,2003,10,2003-10-29,False
SI,SIX03 Comdty,2003,11,2003-11-24,False
SI,SIZ03 Comdty,2003,12,2003-12-29,True
SI,SIF04 Comdty,2004,1,2004-01-28,False
SI,SIG04 Comdty,2004,2,2004-02-25,False
SI,SIH04 Comdty,2004,3,2004-03-29,True
SI,SIJ04 Comdty,2004,4,2004-04-28,False
SI,SIK04 Comdty,2004,5,2004-05-26,True
SI,SIM04 Comdty,2004,6,2004-06-28,False
SI,SIN04 Comdty,2004,7,2004-07-28,True
SI,SIQ04 Comdty,2004,8,2004-08-27,False
SI,SIU04 Comdty,2004,9,2004-09-28,True
SI,SIV04 Comdty,2004,10,2004-10-27,False
SI,SIX04 Comdty,2004,11,2004-11-24,False
SI,SIZ04 Comdty,2004,12,2004-12-28,True
SI,SIF05 Comdty,2005,1,2005-01-27,False
SI,SIG05 Comdty,2005,2,2005-02-24,False
SI,SIH05 Comdty,2005,3,2005-03-29,True
SI,SIJ05 Comdty,2005,4,2005-04-27,False
SI,SIK05 Comdty,2005,5,2005-05-26,True
SI,SIM05 Comdty,2005,6,2005-06-28,False
SI,SIN05 Comdty,2005,7,2005-07-27,True
SI,SIQ05 Comdty,2005,8,2005-08-29,False
SI,SIU05 Comdty,2005,9,2005-09-28,True
SI,SIV05 Comdty,2005,10,2005-10-27,False
SI,SIX05 Comdty,2005,11,2005-11-28,False
SI,SIZ05 Comdty,2005,12,2005-12-28,True
SI,SIF06 Comdty,2006,1,2006-01-27,False
SI,SIG06 Comdty,2006,2,2006-02-24,False
SI,SIH06 Comdty,2006,3,2006-03-29,True
SI,SIJ06 Comdty,2006,4,2006-04-26,False
SI,SIK06 Comdty,2006,5,2006-05-26,True
SI,SIM06 Comdty,2006,6,2006-06-28,False
SI,SIN06 Comdty,2006,7,2006-07-27,True
SI,SIQ06 Comdty,2006,8,2006-08-29,False
SI,SIU06 Comdty,2006,9,2006-09-27,True
SI,SIV06 Comdty,2006,10,2006-10-27,False
SI,SIX06 Comdty,2006,11,2006-11-28,False
SI,SIZ06 Comdty,2006,12,2006-12-27,True
SI,SIF07 Comdty,2007,1,2007-01-29,False
SI,SIG07 Comdty,2007,2,2007-02-26,False
SI,SIH07 Comdty,2007,3,2007-03-28,True
SI,SIJ07 Comdty,2007,4,2007-04-26,False
SI,SIK07 Comdty,2007,5,2007-05-29,True
SI,SIM07 Comdty,2007,6,2007-06-27,False
SI,SIN07 Comdty,2007,7,2007-07-27,True
SI,SIQ07 Comdty,2007,8,2007-08-29,False
SI,SIU07 Comdty,2007,9,2007-09-26,True
SI,SIV07 Comdty,2007,10,2007-10-29,False
SI,SIX07 Comdty,2007,11,2007-11-28,False
SI,SIZ07 Comdty,2007,12,2007-12-27,True
SI,SIF08 Comdty,2008,1,2008-01-29,False
SI,SIG08 Comdty,2008,2,2008-02-27,False
SI,SIH08 Comdty,2008,3,2008-03-27,True
SI,SIJ08 Comdty,2008,4,2008-04-28,False
SI,SIK08 Comdty,2008,5,2008-05-28,True
SI,SIM08 Comdty,2008,6,2008-06-26,False
SI,SIN08 Comdty,2008,7,2008-07-29,True
SI,SIQ08 Comdty,2008,8,2008-08-27,False
SI,SIU08 Comdty,2008,9,2008-09-26,True
SI,SIV08 Comdty,2008,10,2008-10-29,False
SI,SIX08 Comdty,2008,11,2008-11-25,False
SI,SIZ08 Comdty,2008,12,2008-12-29,True
SI,SIF09 Comdty,2009,1,2009-01-28,False
SI,SIG09 Comdty,2009,2,2009-02-25,False
SI,SIH09 Comdty,2009,3,2009-03-27,True
SI,SIJ09 Comdty,2009,4,2009-04-28,False
SI,SIK09 Comdty,2009,5,2009-05-27,True
SI,SIM09 Comdty,2009,6,2009-06-26,False
SI,SIN09 Comdty,2009,7,2009-07-29,True
SI,SIQ09 Comdty,2009,8,2009-08-27,False
SI,SIU09 Comdty,2009,9,2009-09-28,True
SI,SIV09 Comdty,2009,10,2009-10-28,False
SI,SIX09 Comdty,2009,11,2009-11-25,False
SI,SIZ09 Comdty,2009,12,2009-12-29,True
SI,SIF10 Comdty,2010,1,2010-01-27,False
SI,SIG10 Comdty,2010,2,2010-02-24,False
SI,SIH10 Comdty,2010,3,2010-03-29,True
SI,SIJ10 Comdty,2010,4,2010-04-28,False
SI,SIK10 Comdty,2010,5,2010-05-26,True
SI,SIM10 Comdty,2010,6,2010-06-28,False
SI,SIN10 Comdty,2010,7,2010-07-28,True
SI,SIQ10 Comdty,2010,8,2010-08-27,False
SI,SIU10 Comdty,2010,9,2010-09-28,True
SI,SIV10 Comdty,2010,10,2010-10-27,False
SI,SIX10 Comdty,2010,11,2010-11-26,False
SI,SIZ10 Comdty,2010,12,2010-12-29,True
SI,SIF11 Comdty,2011,1,2011-01-27,False
SI,SIG11 Comdty,2011,2,2011-02-24,False
SI,SIH11 Comdty,2011,3,2011-03-29,True
SI,SIJ11 Comdty,2011,4,2011-04-27,False
SI,SIK11 Comdty,2011,5,2011-05-26,True
SI,SIM11 Comdty,2011,6,2011-06-28,False
SI,SIN11 Comdty,2011,7,2011-07-27,True
SI,SIQ11 Comdty,2011,8,2011-08-29,False
SI,SIU11 Comdty,2011,9,2011-09-28,True
SI,SIV11 Comdty,2011,10,2011-10-27,False
SI,SIX11 Comdty,2011,11,2011-11-28,False
SI,SIZ11 Comdty,2011,12,2011-12-28,True
SI,SIF12 Comdty,2012,1,2012-01-27,False
SI,SIG12 Comdty,2012,2,2012-02-27,False
SI,SIH12 Comdty,2012,3,2012-03-28,True
SI,SIJ12 Comdty,2012,4,2012-04-26,False
SI,SIK12 Comdty,2012,5,2012-05-29,True
SI,SIM12 Comdty,2012,6,2012-06-27,False
SI,SIN12 Comdty,2012,7,2012-07-27,True
SI,SIQ12 Comdty,2012,8,2012-08-29,False
SI,SIU12 Comdty,2012,9,2012-09-26,True
SI,SIV12 Comdty,2012,10,2012-10-29,False
SI,SIX12 Comdty,2012,11,2012-11-28,False
SI,SIZ12 Comdty,2012,12,2012-12-27,True
SI,SIF13 Comdty,2013,1,2013-01-29,False
SI,SIG13 Comdty,2013,2,2013-02-26,False
SI,SIH13 Comdty,2013,3,2013-03-26,True
SI,SIJ13 Comdty,2013,4,2013-04-26,False
SI,SIK13 Comdty,2013,5,2013-05-29,True
SI,SIM13 Comdty,2013,6,2013-06-26,False
SI,SIN13 Comdty,2013,7,2013-07-29,True
SI,SIQ13 Comdty,2013,8,2013-08-28,False
SI,SIU13 Comdty,2013,9,2013-09-26,True
SI,SIV13 Comdty,2013,10,2013-10-29,False
SI,SIX13 Comdty,2013,11,2013-11-26,False
SI,SIZ13 Comdty,2013,12,2013-12-27,True
SI,SIF14 Comdty,2014,1,2014-01-29,False
SI,SIG14 Comdty,2014,2,2014-02-26,False
SI,SIH14 Comdty,2014,3,2014-03-27,True
SI,SIJ14 Comdty,2014,4,2014-04-28,False
SI,SIK14 Comdty,2014,5,2014-05-28,True
SI,SIM14 Comdty,2014,6,2014-06-26,False
SI,SIN14 Comdty,2014,7,2014-07-29,True
SI,SIQ14 Comdty,2014,8,2014-08-27,False
SI,SIU14 Comdty,2014,9,2014-09-26,True
SI,SIV14 Comdty,2014,10,2014-10-29,False
SI,SIX14 Comdty,2014,11,2014-11-25,False
SI,SIZ14 Comdty,2014,12,2014-12-29,True
SI,SIF15 Comdty,2015,1,2015-01-28,False
SI,SIG15 Comdty,2015,2,2015-02-25,False
SI,SIH15 Comdty,2015,3,2015-03-27,True
SI,SIJ15 Comdty,2015,4,2015-04-28,False
SI,SIK15 Comdty,2015,5,2015-05-27,True
SI,SIM15 Comdty,2015,6,2015-06-26,False
SI,SIN15 Comdty,2015,7,2015-07-29,True
SI,SIQ15 Comdty,2015,8,2015-08-27,False
SI,SIU15 Comdty,2015,9,2015-09-28,True
SI,SIV15 Comdty,2015,10,2015-10-28,False
SI,SIX15 Comdty,2015,11,2015-11-25,False
SI,SIZ15 Comdty,2015,12,2015-12-29,True
SI,SIF16 Comdty,2016,1,2016-01-27,False
SI,SIG16 Comdty,2016,2,2016-02-25,False
SI,SIH16 Comdty,2016,3,2016-03-29,True
SI,SIJ16 Comdty,2016,4,2016-04-27,False
SI,SIK16 Comdty,2016,5,2016-05-26,True
SI,SIM16 Comdty,2016,6,2016-06-28,False
SI,SIN16 Comdty,2016,7,2016-07-27,True
SI,SIQ16 Comdty,2016,8,2016-08-29,False
SI,SIU16 Comdty,2016,9,2016-09-28,True
SI,SIV16 Comdty,2016,10,2016-10-27,False
SI,SIX16 Comdty,2016,11,2016-11-28,False
SI,SIZ16 Comdty,2016,12,2016-12-28,True
SI,SIF17 Comdty,2017,1,2017-01-27,False
SI,SIG17 Comdty,2017,2,2017-02-24,False
SI,SIH17 Comdty,2017,3,2017-03-29,True
SI,SIJ17 Comdty,2017,4,2017-04-26,False
SI,SIK17 Comdty,2017,5,2017-05-26,True
SI,SIM17 Comdty,2017,6,2017-06-28,False
SI,SIN17 Comdty,2017,7,2017-07-27,True
SI,SIQ17 Comdty,2017,8,2017-08-29,False
SI,SIU17 Comdty,2017,9,2017-09-27,True
SI,SIV17 Comdty,2017,10,2017-10-27,False
SI,SIX17 Comdty,2017,11,2017-11-28,False
SI,SIZ17 Comdty,2017,12,2017-12-27,True
SI,SIF18 Comdty,2018,1,2018-01-29,False
SI,SIG18 Comdty,2018,2,2018-02-26,False
SI,SIH18 Comdty,2018,3,2018-03-27,True
SI,SIJ18 Comdty,2018,4,2018-04-26,False
SI,SIK18 Comdty,2018,5,2018-05-29,True
SI,SIM18 Comdty,2018,6,2018-06-27,False
SI,SIN18 Comdty,2018,7,2018-07-27,True
SI,SIQ18 Comdty,2018,8,2018-08-29,False
SI,SIU18 Comdty,2018,9,2018-09-26,True
SI,SIV18 Comdty,2018,10,2018-10-29,False
SI,SIX18 Comdty,2018,11,2018-11-28,False
SI,SIZ18 Comdty,2018,12,2018-12-27,True
SI,SIF19 Comdty,2019,1,2019-01-29,False
SI,SIG19 Comdty,2019,2,2019-02-26,False
SI,SIH19 Comdty,2019,3,2019-03-27,True
SI,SIJ19 Comdty,2019,4,2019-04-26,False
SI,SIK19 Comdty,2019,5,2019-05-29,True
SI,SIM19 Comdty,2019,6,2019-06-26,False
SI,SIN19 Comdty,2019,7,2019-07-29,True
SI,SIQ19 Comdty,2019,8,2019-08-28,False
SI,SIU19 Comdty,2019,9,2019-09-26,True
SI,SIV19 Comdty,2019,10,2019-10-29,False
SI,SIX19 Comdty,2019,11,2019-11-26,False
SI,SIZ19 Comdty,2019,12,2019-12-27,True
SI,SIF20 Comdty,2020,1,2020-01-29,False
SI,SIG20 Comdty,2020,2,2020-02-26,False
SI,SIH20 Comdty,2020,3,2020-03-27,True
SI,SIJ20 Comdty,2020,4,2020-04-28,False
SI,SIK20 Comdty,2020,5,2020-05-27,True
SI,SIM20 Comdty,2020,6,2020-06-26,False
SI,SIN20 Comdty,2020,7,2020-07-29,True
SI,SIQ20 Comdty,2020,8,2020-08-27,False
SI,SIU20 Comdty,2020,9,2020-09-28,True
SI,SIV20 Comdty,2020,10,2020-10-28,False
SI,SIX20 Comdty,2020,11,2020-11-25,False
SI,SIZ20 Comdty,2020,12,2020-12-29,True
SI,SIF21 Comdty,2021,1,2021-01-27,False
SI,SIG21 Comdty,2021,2,2021-02-24,False
SI,SIH21 Comdty,2021,3,2021-03-29,True
SI,SIJ21 Comdty,2021,4,2021-04-28,False
SI,SIK21 Comdty,2021,5,2021-05-26,True
SI,SIM21 Comdty,2021,6,2021-06-28,False
SI,SIN21 Comdty,2021,7,2021-07-28,True
SI,SIQ21 Comdty,2021,8,2021-08-27,False
SI,SIU21 Comdty,2021,9,2021-09-28,True
SI,SIV21 Comdty,2021,10,2021-10-27,False
SI,SIX21 Comdty,2021,11,2021-11-26,False
SI,SIZ21 Comdty,2021,12,2021-12-29,True
SI,SIF22 Comdty,2022,1,2022-01-27,False
SI,SIG22 Comdty,2022,2,2022-02-24,False
SI,SIH22 Comdty,2022,3,2022-03-29,True
SI,SIJ22 Comdty,2022,4,2022-04-27,False
SI,SIK22 Comdty,2022,5,2022-05-26,True
SI,SIM22 Comdty,2022,6,2022-06-28,False
SI,SIN22 Comdty,2022,7,2022-07-27,True
SI,SIQ22 Comdty,2022,8,2022-08-29,False
SI,SIU22 Comdty,2022,9,2022-09-28,True
SI,SIV22 Comdty,2022,10,2022-10-27,False
SI,SIX22 Comdty,2022,11,2022-11-28,False
SI,SIZ22 Comdty,2022,12,2022-12-28,True
SI,SIF23 Comdty,2023,1,2023-01-27,False
SI,SIG23 Comdty,2023,2,2023-02-24,False
SI,SIH23 Comdty,2023,3,2023-03-29,True
SI,SIJ23 Comdty,2023,4,2023-04-26,False
SI,SIK23 Comdty,2023,5,2023-05-26,True
SI,SIM23 Comdty,2023,6,2023-06-28,False
SI,SIN23 Comdty,2023,7,2023-07-27,True
SI,SIQ23 Comdty,2023,8,2023-08-29,False
SI,SIU23 Comdty,2023,9,2023-09-27,True
SI,SIV23 Comdty,2023,10,2023-10-27,False
SI,SIX23 Comdty,2023,11,2023-11-28,False
SI,SIZ23 Comdty,2023,12,2023-12-27,True
SI,SIF24 Comdty,2024,1,2024-01-29,False
SI,SIG24 Comdty,2024,2,2024-02-27,False
SI,SIH24 Comdty,2024,3,2024-03-26,True
SI,SIJ24 Comdty,2024,4,2024-04-26,False
SI,SIK24 Comdty,2024,5,2024-05-29,True
SI,SIM24 Comdty,2024,6,2024-06-26,False
SI,SIN24 Comdty,2024,7,2024-07-29,True
SI,SIQ24 Comdty,2024,8,2024-08-28,False
SI,SIU24 Comdty,2024,9,2024-09-26,True
SI,SIV24 Comdty,2024,10,2024-10-29,False
SI,SIX24 Comdty,2024,11,2024-11-26,False
SI,SIZ24 Comdty,2024,12,2024-12-27,True
SI,SIF25 Comdty,2025,1,2025-01-29,False
SI,SIG25 Comdty,2025,2,2025-02-26,False
SI,SIH25 Comdty,2025,3,2025-03-27,True
SI,SIJ25 Comdty,2025,4,2025-04-28,False
SI,SIK25 Comdty,2025,5,2025-05-28,True
SI,SIM25 Comdty,2025,6,2025-06-26,False
SI,SIN25 Comdty,2025,7,2025-07-29,True
SI,SIQ25 Comdty,2025,8,2025-08-27,False
SI,SIU25 Comdty,2025,9,2025-09-26,True
SI,SIV25 Comdty,2025,10,2025-10-29,False
SI,SIX5 Comdty,2025,11,2025-11-25,False
SI,SIZ5 Comdty,2025,12,2025-12-29,True
SI,SIF6 Comdty,2026,1,2026-01-28,False
SI,SIG6 Comdty,2026,2,2026-02-25,False
SI,SIH6 Comdty,2026,3,2026-03-27,True
SI,SIJ6 Comdty,2026,4,2026-04-28,False
SI,SIK6 Comdty,2026,5,2026-05-27,True
SI,SIM6 Comdty,2026,6,2026-06-26,False
SI,SIN6 Comdty,2026,7,2026-07-29,True
SI,SIQ6 Comdty,2026,8,2026-08-27,False
SI,SIU6 Comdty,2026,9,2026-09-28,True
SI,SIV6 Comdty,2026,10,2026-10-28,False
SI,SIX6 Comdty,2026,11,2026-11-25,False
SI,SIZ6 Comdty,2026,12,2026-12-29,True
SI,SIF7 Comdty,2027,1,2027-01-27,False
SI,SIG7 Comdty,2027,2,2027-02-24,False
SI,SIH7 Comdty,2027,3,2027-03-29,True
SI,SIJ7 Comdty,2027,4,2027-04-28,False
SI,SIK7 Comdty,2027,5,2027-05-26,True
SI,SIM7 Comdty,2027,6,2027-06-28,False
SI,SIN7 Comdty,2027,7,2027-07-28,True
SI,SIQ7 Comdty,2027,8,2027-08-27,False
SI,SIU7 Comdty,2027,9,2027-09-28,True
SI,SIV7 Comdty,2027,10,2027-10-27,False
SI,SIX7 Comdty,2027,11,2027-11-26,False
SI,SIZ7 Comdty,2027,12,2027-12-29,True
SI,SIF8 Comdty,2028,1,2028-01-27,False
SI,SIG8 Comdty,2028,2,2028-02-25,False
SI,SIH8 Comdty,2028,3,2028-03-29,True
SI,SIJ8 Comdty,2028,4,2028-04-26,False
SI,SIK8 Comdty,2028,5,2028-05-26,True
SI,SIM8 Comdty,2028,6,2028-06-28,False
SI,SIN8 Comdty,2028,7,2028-07-27,True
SI,SIQ8 Comdty,2028,8,2028-08-29,False
SI,SIU8 Comdty,2028,9,2028-09-27,True
SI,SIV8 Comdty,2028,10,2028-10-27,False
SI,SIX8 Comdty,2028,11,2028-11-28,False
SI,SIZ8 Comdty,2028,12,2028-12-27,True
SI,SIN9 Comdty,2029,7,2029-07-27,True
SI,SIZ9 Comdty,2029,12,2029-12-27,True
SI,SIN0 Comdty,2030,7,2030-07-29,True
SI,SIZ0 Comdty,2030,12,2030-12-27,True
SI,SIN1 Comdty,2031,7,2031-07-29,True
PL,PLF87 Comdty,1987,1,1987-01-28,True
PL,PLG87 Comdty,1987,2,1987-02-25,False
PL,PLH87 Comdty,1987,3,1987-03-25,False
PL,PLJ87 Comdty,1987,4,1987-04-28,True
PL,PLK87 Comdty,1987,5,1987-05-26,False
PL,PLM87 Comdty,1987,6,1987-06-26,False
PL,PLN87 Comdty,1987,7,1987-07-28,True
PL,PLQ87 Comdty,1987,8,1987-08-26,False
PL,PLU87 Comdty,1987,9,1987-09-25,False
PL,PLV87 Comdty,1987,10,1987-10-27,True
PL,PLX87 Comdty,1987,11,1987-11-23,False
PL,PLZ87 Comdty,1987,12,1987-12-28,False
PL,PLF88 Comdty,1988,1,1988-01-26,True
PL,PLG88 Comdty,1988,2,1988-02-24,False
PL,PLH88 Comdty,1988,3,1988-03-28,False
PL,PLJ88 Comdty,1988,4,1988-04-26,True
PL,PLK88 Comdty,1988,5,1988-05-25,False
PL,PLM88 Comdty,1988,6,1988-06-24,False
PL,PLN88 Comdty,1988,7,1988-07-26,True
PL,PLQ88 Comdty,1988,8,1988-08-12,False
PL,PLU88 Comdty,1988,9,1988-09-27,False
PL,PLV88 Comdty,1988,10,1988-10-26,True
PL,PLX88 Comdty,1988,11,1988-11-23,False
PL,PLZ88 Comdty,1988,12,1988-12-27,False
PL,PLF89 Comdty,1989,1,1989-01-26,True
PL,PLG89 Comdty,1989,2,1989-02-24,False
PL,PLH89 Comdty,1989,3,1989-03-28,False
PL,PLJ89 Comdty,1989,4,1989-04-25,True
PL,PLK89 Comdty,1989,5,1989-05-25,False
PL,PLM89 Comdty,1989,6,1989-06-27,False
PL,PLN89 Comdty,1989,7,1989-07-26,True
PL,PLQ89 Comdty,1989,8,1989-08-28,False
PL,PLU89 Comdty,1989,9,1989-09-26,False
PL,PLV89 Comdty,1989,10,1989-10-26,True
PL,PLX89 Comdty,1989,11,1989-11-27,False
PL,PLZ89 Comdty,1989,12,1989-12-26,False
PL,PLF90 Comdty,1990,1,1990-01-26,True
PL,PLG90 Comdty,1990,2,1990-02-23,False
PL,PLH90 Comdty,1990,3,1990-03-27,False
PL,PLJ90 Comdty,1990,4,1990-04-25,True
PL,PLK90 Comdty,1990,5,1990-05-25,False
PL,PLM90 Comdty,1990,6,1990-06-26,False
PL,PLN90 Comdty,1990,7,1990-07-26,True
PL,PLQ90 Comdty,1990,8,1990-08-28,False
PL,PLU90 Comdty,1990,9,1990-09-26,False
PL,PLV90 Comdty,1990,10,1990-10-26,True
PL,PLX90 Comdty,1990,11,1990-11-26,False
PL,PLZ90 Comdty,1990,12,1990-12-28,False
PL,PLF91 Comdty,1991,1,1991-01-28,True
PL,PLH91 Comdty,1991,3,1991-03-25,False
PL,PLJ91 Comdty,1991,4,1991-04-25,True
PL,PLM91 Comdty,1991,6,1991-06-28,False
PL,PLN91 Comdty,1991,7,1991-07-26,True
PL,PLQ91 Comdty,1991,8,1991-08-26,False
PL,PLV91 Comdty,1991,10,1991-10-28,True
PL,PLF92 Comdty,1992,1,1992-01-28,True
PL,PLJ92 Comdty,1992,4,1992-04-27,True
PL,PLN92 Comdty,1992,7,1992-07-28,True
PL,PLV92 Comdty,1992,10,1992-10-27,True
PL,PLF93 Comdty,1993,1,1993-01-26,True
PL,PLG93 Comdty,1993,2,1993-02-23,False
PL,PLJ93 Comdty,1993,4,1993-04-27,True
PL,PLN93 Comdty,1993,7,1993-07-27,True
PL,PLQ93 Comdty,1993,8,1993-08-26,False
PL,PLU93 Comdty,1993,9,1993-09-27,False
PL,PLV93 Comdty,1993,10,1993-10-26,True
PL,PLX93 Comdty,1993,11,1993-11-24,False
PL,PLZ93 Comdty,1993,12,1993-12-28,False
PL,PLF94 Comdty,1994,1,1994-01-26,True
PL,PLG94 Comdty,1994,2,1994-02-23,False
PL,PLH94 Comdty,1994,3,1994-03-28,False
PL,PLJ94 Comdty,1994,4,1994-04-26,True
PL,PLK94 Comdty,1994,5,1994-05-25,False
PL,PLM94 Comdty,1994,6,1994-06-27,False
PL,PLN94 Comdty,1994,7,1994-07-26,True
PL,PLQ94 Comdty,1994,8,1994-08-26,False
PL,PLU94 Comdty,1994,9,1994-09-27,False
PL,PLV94 Comdty,1994,10,1994-10-26,True
PL,PLX94 Comdty,1994,11,1994-11-25,False
PL,PLZ94 Comdty,1994,12,1994-12-27,False
PL,PLF95 Comdty,1995,1,1995-01-26,True
PL,PLJ95 Comdty,1995,4,1995-04-25,True
PL,PLN95 Comdty,1995,7,1995-07-26,True
PL,PLQ95 Comdty,1995,8,1995-08-28,False
PL,PLU95 Comdty,1995,9,1995-09-26,False
PL,PLV95 Comdty,1995,10,1995-10-26,True
PL,PLX95 Comdty,1995,11,1995-11-27,False
PL,PLZ95 Comdty,1995,12,1995-12-26,False
PL,PLF96 Comdty,1996,1,1996-01-26,True
PL,PLG96 Comdty,1996,2,1996-02-26,False
PL,PLJ96 Comdty,1996,4,1996-04-25,True
PL,PLM96 Comdty,1996,6,1996-06-25,False
PL,PLN96 Comdty,1996,7,1996-07-26,True
PL,PLQ96 Comdty,1996,8,1996-08-27,False
PL,PLU96 Comdty,1996,9,1996-09-25,False
PL,PLV96 Comdty,1996,10,1996-10-28,True
PL,PLX96 Comdty,1996,11,1996-11-22,False
PL,PLZ96 Comdty,1996,12,1996-12-26,False
PL,PLF97 Comdty,1997,1,1997-01-28,True
PL,PLG97 Comdty,1997,2,1997-02-25,False
PL,PLH97 Comdty,1997,3,1997-03-25,False
PL,PLJ97 Comdty,1997,4,1997-04-25,True
PL,PLK97 Comdty,1997,5,1997-05-27,False
PL,PLM97 Comdty,1997,6,1997-06-25,False
PL,PLN97 Comdty,1997,7,1997-07-28,True
PL,PLQ97 Comdty,1997,8,1997-08-26,False
PL,PLV97 Comdty,1997,10,1997-10-28,True
PL,PLX97 Comdty,1997,11,1997-11-24,False
PL,PLZ97 Comdty,1997,12,1997-12-26,False
PL,PLF98 Comdty,1998,1,1998-01-27,True
PL,PLJ98 Comdty,1998,4,1998-04-27,True
PL,PLM98 Comdty,1998,6,1998-06-25,False
PL,PLN98 Comdty,1998,7,1998-07-28,True
PL,PLQ98 Comdty,1998,8,1998-08-26,False
PL,PLV98 Comdty,1998,10,1998-10-28,True
PL,PLF99 Comdty,1999,1,1999-01-26,True
PL,PLG99 Comdty,1999,2,1999-02-24,False
PL,PLH99 Comdty,1999,3,1999-03-26,False
PL,PLJ99 Comdty,1999,4,1999-04-27,True
PL,PLK99 Comdty,1999,5,1999-05-26,False
PL,PLM99 Comdty,1999,6,1999-06-25,False
PL,PLN99 Comdty,1999,7,1999-07-28,True
PL,PLQ99 Comdty,1999,8,1999-08-26,False
PL,PLU99 Comdty,1999,9,1999-09-25,False
PL,PLV99 Comdty,1999,10,1999-10-26,True
PL,PLX99 Comdty,1999,11,1999-11-24,False
PL,PLZ99 Comdty,1999,12,1999-12-28,False
PL,PLF00 Comdty,2000,1,2000-01-26,True
PL,PLG00 Comdty,2000,2,2000-02-24,False
PL,PLH00 Comdty,2000,3,2000-03-28,False
PL,PLJ00 Comdty,2000,4,2000-04-25,True
PL,PLK00 Comdty,2000,5,2000-05-25,False
PL,PLM00 Comdty,2000,6,2000-06-27,False
PL,PLN00 Comdty,2000,7,2000-07-26,True
PL,PLQ00 Comdty,2000,8,2000-08-28,False
PL,PLU00 Comdty,2000,9,2000-09-26,False
PL,PLV00 Comdty,2000,10,2000-10-26,True
PL,PLX00 Comdty,2000,11,2000-11-27,False
PL,PLZ00 Comdty,2000,12,2000-12-26,False
PL,PLF01 Comdty,2001,1,2001-01-26,True
PL,PLG01 Comdty,2001,2,2001-02-23,False
PL,PLH01 Comdty,2001,3,2001-03-27,False
PL,PLJ01 Comdty,2001,4,2001-04-25,True
PL,PLK01 Comdty,2001,5,2001-05-25,False
PL,PLM01 Comdty,2001,6,2001-06-26,False
PL,PLN01 Comdty,2001,7,2001-07-26,True
PL,PLQ01 Comdty,2001,8,2001-08-28,False
PL,PLU01 Comdty,2001,9,2001-09-25,False
PL,PLV01 Comdty,2001,10,2001-10-26,True
PL,PLX01 Comdty,2001,11,2001-11-27,False
PL,PLZ01 Comdty,2001,12,2001-12-26,False
PL,PLF02 Comdty,2002,1,2002-01-28,True
PL,PLG02 Comdty,2002,2,2002-02-25,False
PL,PLH02 Comdty,2002,3,2002-03-25,False
PL,PLJ02 Comdty,2002,4,2002-04-25,True
PL,PLK02 Comdty,2002,5,2002-05-28,False
PL,PLM02 Comdty,2002,6,2002-06-25,False
PL,PLN02 Comdty,2002,7,2002-07-26,True
PL,PLQ02 Comdty,2002,8,2002-08-27,False
PL,PLU02 Comdty,2002,9,2002-09-25,False
PL,PLV02 Comdty,2002,10,2002-10-28,True
PL,PLX02 Comdty,2002,11,2002-11-25,False
PL,PLZ02 Comdty,2002,12,2002-12-26,False
PL,PLF03 Comdty,2003,1,2003-01-28,True
PL,PLG03 Comdty,2003,2,2003-02-25,False
PL,PLH03 Comdty,2003,3,2003-03-26,False
PL,PLJ03 Comdty,2003,4,2003-04-25,True
PL,PLK03 Comdty,2003,5,2003-05-27,False
PL,PLM03 Comdty,2003,6,2003-06-25,False
PL,PLN03 Comdty,2003,7,2003-07-28,True
PL,PLQ03 Comdty,2003,8,2003-08-26,False
PL,PLU03 Comdty,2003,9,2003-09-25,False
PL,PLV03 Comdty,2003,10,2003-10-28,True
PL,PLX03 Comdty,2003,11,2003-11-24,False
PL,PLZ03 Comdty,2003,12,2003-12-26,False
PL,PLF04 Comdty,2004,1,2004-01-27,True
PL,PLG04 Comdty,2004,2,2004-02-24,False
PL,PLH04 Comdty,2004,3,2004-03-26,False
PL,PLJ04 Comdty,2004,4,2004-04-27,True
PL,PLK04 Comdty,2004,5,2004-05-25,False
PL,PLM04 Comdty,2004,6,2004-06-25,False
PL,PLN04 Comdty,2004,7,2004-07-27,True
PL,PLQ04 Comdty,2004,8,2004-08-26,False
PL,PLU04 Comdty,2004,9,2004-09-27,False
PL,PLV04 Comdty,2004,10,2004-10-26,True
PL,PLX04 Comdty,2004,11,2004-11-24,False
PL,PLZ04 Comdty,2004,12,2004-12-28,False
PL,PLF05 Comdty,2005,1,2005-01-27,True
PL,PLG05 Comdty,2005,2,2005-02-23,False
PL,PLH05 Comdty,2005,3,2005-03-29,False
PL,PLJ05 Comdty,2005,4,2005-04-26,True
PL,PLK05 Comdty,2005,5,2005-05-26,False
PL,PLM05 Comdty,2005,6,2005-06-27,False
PL,PLN05 Comdty,2005,7,2005-07-27,True
PL,PLQ05 Comdty,2005,8,2005-08-29,False
PL,PLU05 Comdty,2005,9,2005-09-28,False
PL,PLV05 Comdty,2005,10,2005-10-27,True
PL,PLX05 Comdty,2005,11,2005-11-28,False
PL,PLZ05 Comdty,2005,12,2005-12-28,False
PL,PLF06 Comdty,2006,1,2006-01-27,True
PL,PLG06 Comdty,2006,2,2006-02-24,False
PL,PLH06 Comdty,2006,3,2006-03-29,False
PL,PLJ06 Comdty,2006,4,2006-04-26,True
PL,PLK06 Comdty,2006,5,2006-05-26,False
PL,PLM06 Comdty,2006,6,2006-06-28,False
PL,PLN06 Comdty,2006,7,2006-07-27,True
PL,PLQ06 Comdty,2006,8,2006-08-29,False
PL,PLU06 Comdty,2006,9,2006-09-27,False
PL,PLV06 Comdty,2006,10,2006-10-27,True
PL,PLX06 Comdty,2006,11,2006-11-28,False
PL,PLZ06 Comdty,2006,12,2006-12-27,False
PL,PLF07 Comdty,2007,1,2007-01-29,True
PL,PLG07 Comdty,2007,2,2007-02-26,False
PL,PLH07 Comdty,2007,3,2007-03-28,False
PL,PLJ07 Comdty,2007,4,2007-04-26,True
PL,PLK07 Comdty,2007,5,2007-05-29,False
PL,PLM07 Comdty,2007,6,2007-06-27,False
PL,PLN07 Comdty,2007,7,2007-07-27,True
PL,PLQ07 Comdty,2007,8,2007-08-29,False
PL,PLU07 Comdty,2007,9,2007-09-26,False
PL,PLV07 Comdty,2007,10,2007-10-29,True
PL,PLX07 Comdty,2007,11,2007-11-28,False
PL,PLZ07 Comdty,2007,12,2007-12-27,False
PL,PLF08 Comdty,2008,1,2008-01-29,True
PL,PLG08 Comdty,2008,2,2008-02-27,False
PL,PLH08 Comdty,2008,3,2008-03-27,False
PL,PLJ08 Comdty,2008,4,2008-04-28,True
PL,PLK08 Comdty,2008,5,2008-05-28,False
PL,PLM08 Comdty,2008,6,2008-06-26,False
PL,PLN08 Comdty,2008,7,2008-07-29,True
PL,PLQ08 Comdty,2008,8,2008-08-27,False
PL,PLU08 Comdty,2008,9,2008-09-26,False
PL,PLV08 Comdty,2008,10,2008-10-29,True
PL,PLX08 Comdty,2008,11,2008-11-25,False
PL,PLZ08 Comdty,2008,12,2008-12-29,False
PL,PLF09 Comdty,2009,1,2009-01-28,True
PL,PLG09 Comdty,2009,2,2009-02-25,False
PL,PLH09 Comdty,2009,3,2009-03-27,False
PL,PLJ09 Comdty,2009,4,2009-04-28,True
PL,PLK09 Comdty,2009,5,2009-05-27,False
PL,PLM09 Comdty,2009,6,2009-06-26,False
PL,PLN09 Comdty,2009,7,2009-07-29,True
PL,PLQ09 Comdty,2009,8,2009-08-27,False
PL,PLU09 Comdty,2009,9,2009-09-28,False
PL,PLV09 Comdty,2009,10,2009-10-28,True
PL,PLX09 Comdty,2009,11,2009-11-25,False
PL,PLZ09 Comdty,2009,12,2009-12-29,False
PL,PLF10 Comdty,2010,1,2010-01-27,True
PL,PLG10 Comdty,2010,2,2010-02-24,False
PL,PLH10 Comdty,2010,3,2010-03-29,False
PL,PLJ10 Comdty,2010,4,2010-04-28,True
PL,PLK10 Comdty,2010,5,2010-05-26,False
PL,PLM10 Comdty,2010,6,2010-06-28,False
PL,PLN10 Comdty,2010,7,2010-07-28,True
PL,PLQ10 Comdty,2010,8,2010-08-27,False
PL,PLU10 Comdty,2010,9,2010-09-28,False
PL,PLV10 Comdty,2010,10,2010-10-27,True
PL,PLX10 Comdty,2010,11,2010-11-26,False
PL,PLZ10 Comdty,2010,12,2010-12-29,False
PL,PLF11 Comdty,2011,1,2011-01-27,True
PL,PLG11 Comdty,2011,2,2011-02-24,False
PL,PLH11 Comdty,2011,3,2011-03-29,False
PL,PLJ11 Comdty,2011,4,2011-04-27,True
PL,PLK11 Comdty,2011,5,2011-05-26,False
PL,PLM11 Comdty,2011,6,2011-06-28,False
PL,PLN11 Comdty,2011,7,2011-07-27,True
PL,PLQ11 Comdty,2011,8,2011-08-29,False
PL,PLU11 Comdty,2011,9,2011-09-28,False
PL,PLV11 Comdty,2011,10,2011-10-27,True
PL,PLX11 Comdty,2011,11,2011-11-28,False
PL,PLZ11 Comdty,2011,12,2011-12-28,False
PL,PLF12 Comdty,2012,1,2012-01-27,True
PL,PLG12 Comdty,2012,2,2012-02-27,False
PL,PLH12 Comdty,2012,3,2012-03-28,False
PL,PLJ12 Comdty,2012,4,2012-04-26,True
PL,PLK12 Comdty,2012,5,2012-05-29,False
PL,PLM12 Comdty,2012,6,2012-06-27,False
PL,PLN12 Comdty,2012,7,2012-07-27,True
PL,PLQ12 Comdty,2012,8,2012-08-29,False
PL,PLU12 Comdty,2012,9,2012-09-26,False
PL,PLV12 Comdty,2012,10,2012-10-29,True
PL,PLX12 Comdty,2012,11,2012-11-28,False
PL,PLZ12 Comdty,2012,12,2012-12-27,False
PL,PLF13 Comdty,2013,1,2013-01-29,True
PL,PLG13 Comdty,2013,2,2013-02-26,False
PL,PLH13 Comdty,2013,3,2013-03-26,False
PL,PLJ13 Comdty,2013,4,2013-04-26,True
PL,PLK13 Comdty,2013,5,2013-05-29,False
PL,PLM13 Comdty,2013,6,2013-06-26,False
PL,PLN13 Comdty,2013,7,2013-07-29,True
PL,PLQ13 Comdty,2013,8,2013-08-28,False
PL,PLU13 Comdty,2013,9,2013-09-26,False
PL,PLV13 Comdty,2013,10,2013-10-29,True
PL,PLX13 Comdty,2013,11,2013-11-26,False
PL,PLZ13 Comdty,2013,12,2013-12-27,False
PL,PLF14 Comdty,2014,1,2014-01-29,True
PL,PLG14 Comdty,2014,2,2014-02-26,False
PL,PLH14 Comdty,2014,3,2014-03-27,False
PL,PLJ14 Comdty,2014,4,2014-04-28,True
PL,PLK14 Comdty,2014,5,2014-05-28,False
PL,PLM14 Comdty,2014,6,2014-06-26,False
PL,PLN14 Comdty,2014,7,2014-07-29,True
PL,PLQ14 Comdty,2014,8,2014-08-27,False
PL,PLU14 Comdty,2014,9,2014-09-26,False
PL,PLV14 Comdty,2014,10,2014-10-29,True
PL,PLX14 Comdty,2014,11,2014-11-25,False
PL,PLZ14 Comdty,2014,12,2014-12-29,False
PL,PLF15 Comdty,2015,1,2015-01-28,True
PL,PLG15 Comdty,2015,2,2015-02-25,False
PL,PLH15 Comdty,2015,3,2015-03-27,False
PL,PLJ15 Comdty,2015,4,2015-04-28,True
PL,PLK15 Comdty,2015,5,2015-05-27,False
PL,PLM15 Comdty,2015,6,2015-06-26,False
PL,PLN15 Comdty,2015,7,2015-07-29,True
PL,PLQ15 Comdty,2015,8,2015-08-27,False
PL,PLU15 Comdty,2015,9,2015-09-28,False
PL,PLV15 Comdty,2015,10,2015-10-28,True
PL,PLX15 Comdty,2015,11,2015-11-25,False
PL,PLZ15 Comdty,2015,12,2015-12-29,False
PL,PLF16 Comdty,2016,1,2016-01-27,True
PL,PLG16 Comdty,2016,2,2016-02-25,False
PL,PLH16 Comdty,2016,3,2016-03-29,False
PL,PLJ16 Comdty,2016,4,2016-04-27,True
PL,PLK16 Comdty,2016,5,2016-05-26,False
PL,PLM16 Comdty,2016,6,2016-06-28,False
PL,PLN16 Comdty,2016,7,2016-07-27,True
PL,PLQ16 Comdty,2016,8,2016-08-29,False
PL,PLU16 Comdty,2016,9,2016-09-28,False
PL,PLV16 Comdty,2016,10,2016-10-27,True
PL,PLX16 Comdty,2016,11,2016-11-28,False
PL,PLZ16 Comdty,2016,12,2016-12-28,False
PL,PLF17 Comdty,2017,1,2017-01-27,True
PL,PLG17 Comdty,2017,2,2017-02-24,False
PL,PLH17 Comdty,2017,3,2017-03-29,False
PL,PLJ17 Comdty,2017,4,2017-04-26,True
PL,PLK17 Comdty,2017,5,2017-05-26,False
PL,PLM17 Comdty,2017,6,2017-06-28,False
PL,PLN17 Comdty,2017,7,2017-07-27,True
PL,PLQ17 Comdty,2017,8,2017-08-29,False
PL,PLU17 Comdty,2017,9,2017-09-27,False
PL,PLV17 Comdty,2017,10,2017-10-27,True
PL,PLX17 Comdty,2017,11,2017-11-28,False
PL,PLZ17 Comdty,2017,12,2017-12-27,False
PL,PLF18 Comdty,2018,1,2018-01-29,True
PL,PLG18 Comdty,2018,2,2018-02-26,False
PL,PLH18 Comdty,2018,3,2018-03-27,False
PL,PLJ18 Comdty,2018,4,2018-04-26,True
PL,PLK18 Comdty,2018,5,2018-05-29,False
PL,PLM18 Comdty,2018,6,2018-06-27,False
PL,PLN18 Comdty,2018,7,2018-07-27,True
PL,PLQ18 Comdty,2018,8,2018-08-29,False
PL,PLU18 Comdty,2018,9,2018-09-26,False
PL,PLV18 Comdty,2018,10,2018-10-29,True
PL,PLX18 Comdty,2018,11,2018-11-28,False
PL,PLZ18 Comdty,2018,12,2018-12-27,False
PL,PLF19 Comdty,2019,1,2019-01-29,True
PL,PLG19 Comdty,2019,2,2019-02-26,False
PL,PLH19 Comdty,2019,3,2019-03-27,False
PL,PLJ19 Comdty,2019,4,2019-04-26,True
PL,PLK19 Comdty,2019,5,2019-05-29,False
PL,PLM19 Comdty,2019,6,2019-06-26,False
PL,PLN19 Comdty,2019,7,2019-07-29,True
PL,PLQ19 Comdty,2019,8,2019-08-28,False
PL,PLU19 Comdty,2019,9,2019-09-26,False
PL,PLV19 Comdty,2019,10,2019-10-29,True
PL,PLX19 Comdty,2019,11,2019-11-26,False
PL,PLZ19 Comdty,2019,12,2019-12-27,False
PL,PLF20 Comdty,2020,1,2020-01-29,True
PL,PLG20 Comdty,2020,2,2020-02-26,False
PL,PLH20 Comdty,2020,3,2020-03-27,False
PL,PLJ20 Comdty,2020,4,2020-04-28,True
PL,PLK20 Comdty,2020,5,2020-05-27,False
PL,PLM20 Comdty,2020,6,2020-06-26,False
PL,PLN20 Comdty,2020,7,2020-07-29,True
PL,PLQ20 Comdty,2020,8,2020-08-27,False
PL,PLU20 Comdty,2020,9,2020-09-28,False
PL,PLV20 Comdty,2020,10,2020-10-28,True
PL,PLX20 Comdty,2020,11,2020-11-25,False
PL,PLZ20 Comdty,2020,12,2020-12-29,False
PL,PLF21 Comdty,2021,1,2021-01-27,True
PL,PLG21 Comdty,2021,2,2021-02-24,False
PL,PLH21 Comdty,2021,3,2021-03-29,False
PL,PLJ21 Comdty,2021,4,2021-04-28,True
PL,PLK21 Comdty,2021,5,2021-05-26,False
PL,PLM21 Comdty,2021,6,2021-06-28,False
PL,PLN21 Comdty,2021,7,2021-07-28,True
PL,PLQ21 Comdty,2021,8,2021-08-27,False
PL,PLU21 Comdty,2021,9,2021-09-28,False
PL,PLV21 Comdty,2021,10,2021-10-27,True
PL,PLX21 Comdty,2021,11,2021-11-26,False
PL,PLZ21 Comdty,2021,12,2021-12-29,False
PL,PLF22 Comdty,2022,1,2022-01-27,True
PL,PLG22 Comdty,2022,2,2022-02-24,False
PL,PLH22 Comdty,2022,3,2022-03-29,False
PL,PLJ22 Comdty,2022,4,2022-04-27,True
PL,PLK22 Comdty,2022,5,2022-05-26,False
PL,PLM22 Comdty,2022,6,2022-06-28,False
PL,PLN22 Comdty,2022,7,2022-07-27,True
PL,PLQ22 Comdty,2022,8,2022-08-29,False
PL,PLU22 Comdty,2022,9,2022-09-28,False
PL,PLV22 Comdty,2022,10,2022-10-27,True
PL,PLX22 Comdty,2022,11,2022-11-28,False
PL,PLZ22 Comdty,2022,12,2022-12-28,False
PL,PLF23 Comdty,2023,1,2023-01-27,True
PL,PLG23 Comdty,2023,2,2023-02-24,False
PL,PLH23 Comdty,2023,3,2023-03-29,False
PL,PLJ23 Comdty,2023,4,2023-04-26,True
PL,PLK23 Comdty,2023,5,2023-05-26,False
PL,PLM23 Comdty,2023,6,2023-06-28,False
PL,PLN23 Comdty,2023,7,2023-07-27,True
PL,PLQ23 Comdty,2023,8,2023-08-29,False
PL,PLU23 Comdty,2023,9,2023-09-27,False
PL,PLV23 Comdty,2023,10,2023-10-27,True
PL,PLX23 Comdty,2023,11,2023-11-28,False
PL,PLZ23 Comdty,2023,12,2023-12-27,False
PL,PLF24 Comdty,2024,1,2024-01-29,True
PL,PLG24 Comdty,2024,2,2024-02-27,False
PL,PLH24 Comdty,2024,3,2024-03-26,False
PL,PLJ24 Comdty,2024,4,2024-04-26,True
PL,PLK24 Comdty,2024,5,2024-05-29,False
PL,PLM24 Comdty,2024,6,2024-06-26,False
PL,PLN24 Comdty,2024,7,2024-07-29,True
PL,PLQ24 Comdty,2024,8,2024-08-28,False
PL,PLU24 Comdty,2024,9,2024-09-26,False
PL,PLV24 Comdty,2024,10,2024-10-29,True
PL,PLX24 Comdty,2024,11,2024-11-26,False
PL,PLZ24 Comdty,2024,12,2024-12-27,False
PL,PLF25 Comdty,2025,1,2025-01-29,True
PL,PLG25 Comdty,2025,2,2025-02-26,False
PL,PLH25 Comdty,2025,3,2025-03-27,False
PL,PLJ25 Comdty,2025,4,2025-04-28,True
PL,PLK25 Comdty,2025,5,2025-05-28,False
PL,PLM25 Comdty,2025,6,2025-06-26,False
PL,PLN25 Comdty,2025,7,2025-07-29,True
PL,PLQ25 Comdty,2025,8,2025-08-27,False
PL,PLU25 Comdty,2025,9,2025-09-26,False
PL,PLV25 Comdty,2025,10,2025-10-29,True
PL,PLX5 Comdty,2025,11,2025-11-25,False
PL,PLZ5 Comdty,2025,12,2025-12-29,False
PL,PLF6 Comdty,2026,1,2026-01-28,True
PL,PLG6 Comdty,2026,2,2026-02-25,False
PL,PLH6 Comdty,2026,3,2026-03-27,False
PL,PLJ6 Comdty,2026,4,2026-04-28,True
PL,PLK6 Comdty,2026,5,2026-05-27,False
PL,PLM6 Comdty,2026,6,2026-06-26,False
PL,PLN6 Comdty,2026,7,2026-07-29,True
PL,PLQ6 Comdty,2026,8,2026-08-27,False
PL,PLU6 Comdty,2026,9,2026-09-28,False
PL,PLV6 Comdty,2026,10,2026-10-28,True
PL,PLX6 Comdty,2026,11,2026-11-25,False
PL,PLZ6 Comdty,2026,12,2026-12-29,False
PL,PLF7 Comdty,2027,1,2027-01-27,True
PL,PLJ7 Comdty,2027,4,2027-04-28,True
PL,PLN7 Comdty,2027,7,2027-07-28,True
PL,PLV7 Comdty,2027,10,2027-10-27,True
PL,PLF8 Comdty,2028,1,2028-01-27,True
PL,PLJ8 Comdty,2028,4,2028-04-26,True
PL,PLN8 Comdty,2028,7,2028-07-27,True
PL,PLV8 Comdty,2028,10,2028-10-27,True
PL,PLF9 Comdty,2029,1,2029-01-29,True
PL,PLJ9 Comdty,2029,4,2029-04-26,True
PL,PLN9 Comdty,2029,7,2029-07-27,True
PA,PAF87 Comdty,1987,1,1987-01-25,False
PA,PAG87 Comdty,1987,2,1987-02-25,False
PA,PAH87 Comdty,1987,3,1987-03-25,True
PA,PAJ87 Comdty,1987,4,1987-04-26,False
PA,PAK87 Comdty,1987,5,1987-05-26,False
PA,PAM87 Comdty,1987,6,1987-06-25,True
PA,PAN87 Comdty,1987,7,1987-07-28,False
PA,PAQ87 Comdty,1987,8,1987-08-25,False
PA,PAU87 Comdty,1987,9,1987-09-26,True
PA,PAV87 Comdty,1987,10,1987-10-27,False
PA,PAX87 Comdty,1987,11,1987-11-23,False
PA,PAZ87 Comdty,1987,12,1987-12-26,True
PA,PAF88 Comdty,1988,1,1988-01-28,False
PA,PAG88 Comdty,1988,2,1988-02-28,False
PA,PAH88 Comdty,1988,3,1988-03-28,True
PA,PAJ88 Comdty,1988,4,1988-04-26,False
PA,PAK88 Comdty,1988,5,1988-05-25,False
PA,PAM88 Comdty,1988,6,1988-06-27,True
PA,PAN88 Comdty,1988,7,1988-07-26,False
PA,PAQ88 Comdty,1988,8,1988-08-26,False
PA,PAU88 Comdty,1988,9,1988-09-27,True
PA,PAV88 Comdty,1988,10,1988-10-26,False
PA,PAX88 Comdty,1988,11,1988-11-24,False
PA,PAZ88 Comdty,1988,12,1988-12-27,True
PA,PAF89 Comdty,1989,1,1989-01-28,False
PA,PAG89 Comdty,1989,2,1989-02-23,False
PA,PAH89 Comdty,1989,3,1989-03-28,True
PA,PAJ89 Comdty,1989,4,1989-04-25,False
PA,PAK89 Comdty,1989,5,1989-05-25,False
PA,PAM89 Comdty,1989,6,1989-06-27,True
PA,PAN89 Comdty,1989,7,1989-07-26,False
PA,PAQ89 Comdty,1989,8,1989-08-28,False
PA,PAU89 Comdty,1989,9,1989-09-26,True
PA,PAV89 Comdty,1989,10,1989-10-26,False
PA,PAX89 Comdty,1989,11,1989-11-27,False
PA,PAZ89 Comdty,1989,12,1989-12-26,True
PA,PAF90 Comdty,1990,1,1990-01-26,False
PA,PAH90 Comdty,1990,3,1990-03-27,True
PA,PAJ90 Comdty,1990,4,1990-04-25,False
PA,PAK90 Comdty,1990,5,1990-05-25,False
PA,PAM90 Comdty,1990,6,1990-06-26,True
PA,PAN90 Comdty,1990,7,1990-07-26,False
PA,PAQ90 Comdty,1990,8,1990-08-26,False
PA,PAU90 Comdty,1990,9,1990-09-25,True
PA,PAV90 Comdty,1990,10,1990-10-26,False
PA,PAZ90 Comdty,1990,12,1990-12-26,True
PA,PAF91 Comdty,1991,1,1991-01-26,False
PA,PAH91 Comdty,1991,3,1991-03-25,True
PA,PAJ91 Comdty,1991,4,1991-04-26,False
PA,PAM91 Comdty,1991,6,1991-06-25,True
PA,PAN91 Comdty,1991,7,1991-07-26,False
PA,PAQ91 Comdty,1991,8,1991-08-26,False
PA,PAU91 Comdty,1991,9,1991-09-25,True
PA,PAZ91 Comdty,1991,12,1991-12-26,True
PA,PAH92 Comdty,1992,3,1992-03-26,True
PA,PAM92 Comdty,1992,6,1992-06-25,True
PA,PAU92 Comdty,1992,9,1992-09-25,True
PA,PAZ92 Comdty,1992,12,1992-12-28,True
PA,PAF93 Comdty,1993,1,1993-01-26,False
PA,PAH93 Comdty,1993,3,1993-03-26,True
PA,PAJ93 Comdty,1993,4,1993-04-27,False
PA,PAM93 Comdty,1993,6,1993-06-25,True
PA,PAQ93 Comdty,1993,8,1993-08-26,False
PA,PAU93 Comdty,1993,9,1993-09-27,True
PA,PAX93 Comdty,1993,11,1993-11-23,False
PA,PAZ93 Comdty,1993,12,1993-12-27,True
PA,PAF94 Comdty,1994,1,1994-01-26,False
PA,PAG94 Comdty,1994,2,1994-02-23,False
PA,PAH94 Comdty,1994,3,1994-03-28,True
PA,PAJ94 Comdty,1994,4,1994-04-26,False
PA,PAK94 Comdty,1994,5,1994-05-25,False
PA,PAM94 Comdty,1994,6,1994-06-27,True
PA,PAN94 Comdty,1994,7,1994-07-26,False
PA,PAQ94 Comdty,1994,8,1994-08-26,False
PA,PAU94 Comdty,1994,9,1994-09-27,True
PA,PAV94 Comdty,1994,10,1994-10-26,False
PA,PAX94 Comdty,1994,11,1994-11-25,False
PA,PAZ94 Comdty,1994,12,1994-12-27,True
PA,PAH95 Comdty,1995,3,1995-03-28,True
PA,PAJ95 Comdty,1995,4,1995-04-25,False
PA,PAM95 Comdty,1995,6,1995-06-27,True
PA,PAQ95 Comdty,1995,8,1995-08-28,False
PA,PAU95 Comdty,1995,9,1995-09-26,True
PA,PAV95 Comdty,1995,10,1995-10-26,False
PA,PAX95 Comdty,1995,11,1995-11-27,False
PA,PAZ95 Comdty,1995,12,1995-12-26,True
PA,PAF96 Comdty,1996,1,1996-01-26,False
PA,PAG96 Comdty,1996,2,1996-02-26,False
PA,PAH96 Comdty,1996,3,1996-03-26,True
PA,PAJ96 Comdty,1996,4,1996-04-25,False
PA,PAK96 Comdty,1996,5,1996-05-28,False
PA,PAM96 Comdty,1996,6,1996-06-25,True
PA,PAQ96 Comdty,1996,8,1996-08-27,False
PA,PAU96 Comdty,1996,9,1996-09-25,True
PA,PAV96 Comdty,1996,10,1996-10-28,False
PA,PAX96 Comdty,1996,11,1996-11-25,False
PA,PAZ96 Comdty,1996,12,1996-12-26,True
PA,PAF97 Comdty,1997,1,1997-01-28,False
PA,PAH97 Comdty,1997,3,1997-03-25,True
PA,PAJ97 Comdty,1997,4,1997-04-25,False
PA,PAK97 Comdty,1997,5,1997-05-27,False
PA,PAM97 Comdty,1997,6,1997-06-25,True
PA,PAN97 Comdty,1997,7,1997-07-28,False
PA,PAQ97 Comdty,1997,8,1997-08-26,False
PA,PAU97 Comdty,1997,9,1997-09-25,True
PA,PAV97 Comdty,1997,10,1997-10-28,False
PA,PAZ97 Comdty,1997,12,1997-12-26,True
PA,PAF98 Comdty,1998,1,1998-01-27,False
PA,PAH98 Comdty,1998,3,1998-03-26,True
PA,PAJ98 Comdty,1998,4,1998-04-27,False
PA,PAK98 Comdty,1998,5,1998-05-26,False
PA,PAM98 Comdty,1998,6,1998-06-25,True
PA,PAN98 Comdty,1998,7,1998-07-28,False
PA,PAQ98 Comdty,1998,8,1998-08-27,False
PA,PAU98 Comdty,1998,9,1998-09-25,True
PA,PAV98 Comdty,1998,10,1998-10-28,False
PA,PAX98 Comdty,1998,11,1998-11-23,False
PA,PAZ98 Comdty,1998,12,1998-12-28,True
PA,PAF99 Comdty,1999,1,1999-01-26,False
PA,PAG99 Comdty,1999,2,1999-02-23,False
PA,PAH99 Comdty,1999,3,1999-03-26,True
PA,PAJ99 Comdty,1999,4,1999-04-27,False
PA,PAK99 Comdty,1999,5,1999-05-25,False
PA,PAM99 Comdty,1999,6,1999-06-25,True
PA,PAN99 Comdty,1999,7,1999-07-27,False
PA,PAQ99 Comdty,1999,8,1999-08-26,False
PA,PAU99 Comdty,1999,9,1999-09-27,True
PA,PAV99 Comdty,1999,10,1999-10-26,False
PA,PAX99 Comdty,1999,11,1999-11-24,False
PA,PAZ99 Comdty,1999,12,1999-12-27,True
PA,PAF00 Comdty,2000,1,2000-01-26,False
PA,PAG00 Comdty,2000,2,2000-02-24,False
PA,PAH00 Comdty,2000,3,2000-03-28,True
PA,PAJ00 Comdty,2000,4,2000-04-25,False
PA,PAK00 Comdty,2000,5,2000-05-25,False
PA,PAM00 Comdty,2000,6,2000-06-27,True
PA,PAN00 Comdty,2000,7,2000-07-26,False
PA,PAQ00 Comdty,2000,8,2000-08-28,False
PA,PAU00 Comdty,2000,9,2000-09-26,True
PA,PAV00 Comdty,2000,10,2000-10-26,False
PA,PAX00 Comdty,2000,11,2000-11-27,False
PA,PAZ00 Comdty,2000,12,2000-12-26,True
PA,PAF01 Comdty,2001,1,2001-01-26,False
PA,PAG01 Comdty,2001,2,2001-02-23,False
PA,PAH01 Comdty,2001,3,2001-03-27,True
PA,PAJ01 Comdty,2001,4,2001-04-25,False
PA,PAK01 Comdty,2001,5,2001-05-25,False
PA,PAM01 Comdty,2001,6,2001-06-26,True
PA,PAN01 Comdty,2001,7,2001-07-26,False
PA,PAQ01 Comdty,2001,8,2001-08-28,False
PA,PAU01 Comdty,2001,9,2001-09-25,True
PA,PAV01 Comdty,2001,10,2001-10-26,False
PA,PAX01 Comdty,2001,11,2001-11-27,False
PA,PAZ01 Comdty,2001,12,2001-12-26,True
PA,PAF02 Comdty,2002,1,2002-01-28,False
PA,PAG02 Comdty,2002,2,2002-02-25,False
PA,PAH02 Comdty,2002,3,2002-03-25,True
PA,PAJ02 Comdty,2002,4,2002-04-25,False
PA,PAK02 Comdty,2002,5,2002-05-28,False
PA,PAM02 Comdty,2002,6,2002-06-25,True
PA,PAN02 Comdty,2002,7,2002-07-26,False
PA,PAQ02 Comdty,2002,8,2002-08-27,False
PA,PAU02 Comdty,2002,9,2002-09-25,True
PA,PAV02 Comdty,2002,10,2002-10-28,False
PA,PAX02 Comdty,2002,11,2002-11-25,False
PA,PAZ02 Comdty,2002,12,2002-12-26,True
PA,PAF03 Comdty,2003,1,2003-01-28,False
PA,PAG03 Comdty,2003,2,2003-02-25,False
PA,PAH03 Comdty,2003,3,2003-03-26,True
PA,PAJ03 Comdty,2003,4,2003-04-25,False
PA,PAK03 Comdty,2003,5,2003-05-27,False
PA,PAM03 Comdty,2003,6,2003-06-25,True
PA,PAN03 Comdty,2003,7,2003-07-28,False
PA,PAQ03 Comdty,2003,8,2003-08-26,False
PA,PAU03 Comdty,2003,9,2003-09-25,True
PA,PAV03 Comdty,2003,10,2003-10-28,False
PA,PAX03 Comdty,2003,11,2003-11-24,False
PA,PAZ03 Comdty,2003,12,2003-12-26,True
PA,PAF04 Comdty,2004,1,2004-01-27,False
PA,PAG04 Comdty,2004,2,2004-02-24,False
PA,PAH04 Comdty,2004,3,2004-03-26,True
PA,PAJ04 Comdty,2004,4,2004-04-27,False
PA,PAK04 Comdty,2004,5,2004-05-25,False
PA,PAM04 Comdty,2004,6,2004-06-25,True
PA,PAN04 Comdty,2004,7,2004-07-27,False
PA,PAQ04 Comdty,2004,8,2004-08-26,False
PA,PAU04 Comdty,2004,9,2004-09-27,True
PA,PAV04 Comdty,2004,10,2004-10-26,False
PA,PAX04 Comdty,2004,11,2004-11-24,False
PA,PAZ04 Comdty,2004,12,2004-12-28,True
PA,PAF05 Comdty,2005,1,2005-01-26,False
PA,PAG05 Comdty,2005,2,2005-02-23,False
PA,PAH05 Comdty,2005,3,2005-03-29,True
PA,PAJ05 Comdty,2005,4,2005-04-27,False
PA,PAK05 Comdty,2005,5,2005-05-26,False
PA,PAM05 Comdty,2005,6,2005-06-28,True
PA,PAN05 Comdty,2005,7,2005-07-27,False
PA,PAQ05 Comdty,2005,8,2005-08-29,False
PA,PAU05 Comdty,2005,9,2005-09-28,True
PA,PAV05 Comdty,2005,10,2005-10-27,False
PA,PAX05 Comdty,2005,11,2005-11-28,False
PA,PAZ05 Comdty,2005,12,2005-12-28,True
PA,PAF06 Comdty,2006,1,2006-01-27,False
PA,PAG06 Comdty,2006,2,2006-02-24,False
PA,PAH06 Comdty,2006,3,2006-03-29,True
PA,PAJ06 Comdty,2006,4,2006-04-26,False
PA,PAK06 Comdty,2006,5,2006-05-26,False
PA,PAM06 Comdty,2006,6,2006-06-28,True
PA,PAN06 Comdty,2006,7,2006-07-27,False
PA,PAQ06 Comdty,2006,8,2006-08-29,False
PA,PAU06 Comdty,2006,9,2006-09-27,True
PA,PAV06 Comdty,2006,10,2006-10-27,False
PA,PAX06 Comdty,2006,11,2006-11-28,False
PA,PAZ06 Comdty,2006,12,2006-12-27,True
PA,PAF07 Comdty,2007,1,2007-01-29,False
PA,PAG07 Comdty,2007,2,2007-02-26,False
PA,PAH07 Comdty,2007,3,2007-03-28,True
PA,PAJ07 Comdty,2007,4,2007-04-26,False
PA,PAK07 Comdty,2007,5,2007-05-29,False
PA,PAM07 Comdty,2007,6,2007-06-27,True
PA,PAN07 Comdty,2007,7,2007-07-27,False
PA,PAQ07 Comdty,2007,8,2007-08-29,False
PA,PAU07 Comdty,2007,9,2007-09-26,True
PA,PAV07 Comdty,2007,10,2007-10-29,False
PA,PAX07 Comdty,2007,11,2007-11-28,False
PA,PAZ07 Comdty,2007,12,2007-12-27,True
PA,PAF08 Comdty,2008,1,2008-01-29,False
PA,PAG08 Comdty,2008,2,2008-02-27,False
PA,PAH08 Comdty,2008,3,2008-03-27,True
PA,PAJ08 Comdty,2008,4,2008-04-28,False
PA,PAK08 Comdty,2008,5,2008-05-28,False
PA,PAM08 Comdty,2008,6,2008-06-26,True
PA,PAN08 Comdty,2008,7,2008-07-29,False
PA,PAQ08 Comdty,2008,8,2008-08-27,False
PA,PAU08 Comdty,2008,9,2008-09-26,True
PA,PAV08 Comdty,2008,10,2008-10-29,False
PA,PAX08 Comdty,2008,11,2008-11-25,False
PA,PAZ08 Comdty,2008,12,2008-12-29,True
PA,PAF09 Comdty,2009,1,2009-01-28,False
PA,PAG09 Comdty,2009,2,2009-02-25,False
PA,PAH09 Comdty,2009,3,2009-03-27,True
PA,PAJ09 Comdty,2009,4,2009-04-28,False
PA,PAK09 Comdty,2009,5,2009-05-27,False
PA,PAM09 Comdty,2009,6,2009-06-26,True
PA,PAN09 Comdty,2009,7,2009-07-29,False
PA,PAQ09 Comdty,2009,8,2009-08-27,False
PA,PAU09 Comdty,2009,9,2009-09-28,True
PA,PAV09 Comdty,2009,10,2009-10-28,False
PA,PAX09 Comdty,2009,11,2009-11-25,False
PA,PAZ09 Comdty,2009,12,2009-12-29,True
PA,PAF10 Comdty,2010,1,2010-01-27,False
PA,PAG10 Comdty,2010,2,2010-02-24,False
PA,PAH10 Comdty,2010,3,2010-03-29,True
PA,PAJ10 Comdty,2010,4,2010-04-28,False
PA,PAK10 Comdty,2010,5,2010-05-26,False
PA,PAM10 Comdty,2010,6,2010-06-28,True
PA,PAN10 Comdty,2010,7,2010-07-28,False
PA,PAQ10 Comdty,2010,8,2010-08-27,False
PA,PAU10 Comdty,2010,9,2010-09-28,True
PA,PAV10 Comdty,2010,10,2010-10-27,False
PA,PAX10 Comdty,2010,11,2010-11-26,False
PA,PAZ10 Comdty,2010,12,2010-12-29,True
PA,PAF11 Comdty,2011,1,2011-01-27,False
PA,PAG11 Comdty,2011,2,2011-02-24,False
PA,PAH11 Comdty,2011,3,2011-03-29,True
PA,PAJ11 Comdty,2011,4,2011-04-27,False
PA,PAK11 Comdty,2011,5,2011-05-26,False
PA,PAM11 Comdty,2011,6,2011-06-28,True
PA,PAN11 Comdty,2011,7,2011-07-27,False
PA,PAQ11 Comdty,2011,8,2011-08-29,False
PA,PAU11 Comdty,2011,9,2011-09-28,True
PA,PAV11 Comdty,2011,10,2011-10-27,False
PA,PAX11 Comdty,2011,11,2011-11-28,False
PA,PAZ11 Comdty,2011,12,2011-12-28,True
PA,PAF12 Comdty,2012,1,2012-01-27,False
PA,PAG12 Comdty,2012,2,2012-02-27,False
PA,PAH12 Comdty,2012,3,2012-03-28,True
PA,PAJ12 Comdty,2012,4,2012-04-26,False
PA,PAK12 Comdty,2012,5,2012-05-29,False
PA,PAM12 Comdty,2012,6,2012-06-27,True
PA,PAN12 Comdty,2012,7,2012-07-27,False
PA,PAQ12 Comdty,2012,8,2012-08-29,False
PA,PAU12 Comdty,2012,9,2012-09-26,True
PA,PAV12 Comdty,2012,10,2012-10-29,False
PA,PAX12 Comdty,2012,11,2012-11-28,False
PA,PAZ12 Comdty,2012,12,2012-12-27,True
PA,PAF13 Comdty,2013,1,2013-01-29,False
PA,PAG13 Comdty,2013,2,2013-02-26,False
PA,PAH13 Comdty,2013,3,2013-03-26,True
PA,PAJ13 Comdty,2013,4,2013-04-26,False
PA,PAK13 Comdty,2013,5,2013-05-29,False
PA,PAM13 Comdty,2013,6,2013-06-26,True
PA,PAN13 Comdty,2013,7,2013-07-29,False
PA,PAQ13 Comdty,2013,8,2013-08-28,False
PA,PAU13 Comdty,2013,9,2013-09-26,True
PA,PAV13 Comdty,2013,10,2013-10-29,False
PA,PAX13 Comdty,2013,11,2013-11-26,False
PA,PAZ13 Comdty,2013,12,2013-12-27,True
PA,PAF14 Comdty,2014,1,2014-01-29,False
PA,PAG14 Comdty,2014,2,2014-02-26,False
PA,PAH14 Comdty,2014,3,2014-03-27,True
PA,PAJ14 Comdty,2014,4,2014-04-28,False
PA,PAK14 Comdty,2014,5,2014-05-28,False
PA,PAM14 Comdty,2014,6,2014-06-26,True
PA,PAN14 Comdty,2014,7,2014-07-29,False
PA,PAQ14 Comdty,2014,8,2014-08-27,False
PA,PAU14 Comdty,2014,9,2014-09-26,True
PA,PAV14 Comdty,2014,10,2014-10-29,False
PA,PAX14 Comdty,2014,11,2014-11-25,False
PA,PAZ14 Comdty,2014,12,2014-12-29,True
PA,PAF15 Comdty,2015,1,2015-01-28,False
PA,PAG15 Comdty,2015,2,2015-02-25,False
PA,PAH15 Comdty,2015,3,2015-03-27,True
PA,PAJ15 Comdty,2015,4,2015-04-28,False
PA,PAK15 Comdty,2015,5,2015-05-27,False
PA,PAM15 Comdty,2015,6,2015-06-26,True
PA,PAN15 Comdty,2015,7,2015-07-29,False
PA,PAQ15 Comdty,2015,8,2015-08-27,False
PA,PAU15 Comdty,2015,9,2015-09-28,True
PA,PAV15 Comdty,2015,10,2015-10-28,False
PA,PAX15 Comdty,2015,11,2015-11-25,False
PA,PAZ15 Comdty,2015,12,2015-12-29,True
PA,PAF16 Comdty,2016,1,2016-01-27,False
PA,PAG16 Comdty,2016,2,2016-02-25,False
PA,PAH16 Comdty,2016,3,2016-03-29,True
PA,PAJ16 Comdty,2016,4,2016-04-27,False
PA,PAK16 Comdty,2016,5,2016-05-26,False
PA,PAM16 Comdty,2016,6,2016-06-28,True
PA,PAN16 Comdty,2016,7,2016-07-27,False
PA,PAQ16 Comdty,2016,8,2016-08-29,False
PA,PAU16 Comdty,2016,9,2016-09-28,True
PA,PAV16 Comdty,2016,10,2016-10-27,False
PA,PAX16 Comdty,2016,11,2016-11-28,False
PA,PAZ16 Comdty,2016,12,2016-12-28,True
PA,PAF17 Comdty,2017,1,2017-01-27,False
PA,PAG17 Comdty,2017,2,2017-02-24,False
PA,PAH17 Comdty,2017,3,2017-03-29,True
PA,PAJ17 Comdty,2017,4,2017-04-26,False
PA,PAK17 Comdty,2017,5,2017-05-26,False
PA,PAM17 Comdty,2017,6,2017-06-28,True
PA,PAN17 Comdty,2017,7,2017-07-27,False
PA,PAQ17 Comdty,2017,8,2017-08-29,False
PA,PAU17 Comdty,2017,9,2017-09-27,True
PA,PAV17 Comdty,2017,10,2017-10-27,False
PA,PAX17 Comdty,2017,11,2017-11-28,False
PA,PAZ17 Comdty,2017,12,2017-12-27,True
PA,PAF18 Comdty,2018,1,2018-01-29,False
PA,PAG18 Comdty,2018,2,2018-02-26,False
PA,PAH18 Comdty,2018,3,2018-03-27,True
PA,PAJ18 Comdty,2018,4,2018-04-26,False
PA,PAK18 Comdty,2018,5,2018-05-29,False
PA,PAM18 Comdty,2018,6,2018-06-27,True
PA,PAN18 Comdty,2018,7,2018-07-27,False
PA,PAQ18 Comdty,2018,8,2018-08-29,False
PA,PAU18 Comdty,2018,9,2018-09-26,True
PA,PAV18 Comdty,2018,10,2018-10-29,False
PA,PAX18 Comdty,2018,11,2018-11-28,False
PA,PAZ18 Comdty,2018,12,2018-12-27,True
PA,PAF19 Comdty,2019,1,2019-01-29,False
PA,PAG19 Comdty,2019,2,2019-02-26,False
PA,PAH19 Comdty,2019,3,2019-03-27,True
PA,PAJ19 Comdty,2019,4,2019-04-26,False
PA,PAK19 Comdty,2019,5,2019-05-29,False
PA,PAM19 Comdty,2019,6,2019-06-26,True
PA,PAN19 Comdty,2019,7,2019-07-29,False
PA,PAQ19 Comdty,2019,8,2019-08-28,False
PA,PAU19 Comdty,2019,9,2019-09-26,True
PA,PAV19 Comdty,2019,10,2019-10-29,False
PA,PAX19 Comdty,2019,11,2019-11-26,False
PA,PAZ19 Comdty,2019,12,2019-12-27,True
PA,PAF20 Comdty,2020,1,2020-01-29,False
PA,PAG20 Comdty,2020,2,2020-02-26,False
PA,PAH20 Comdty,2020,3,2020-03-27,True
PA,PAJ20 Comdty,2020,4,2020-04-28,False
PA,PAK20 Comdty,2020,5,2020-05-27,False
PA,PAM20 Comdty,2020,6,2020-06-26,True
PA,PAN20 Comdty,2020,7,2020-07-29,False
PA,PAQ20 Comdty,2020,8,2020-08-27,False
PA,PAU20 Comdty,2020,9,2020-09-28,True
PA,PAV20 Comdty,2020,10,2020-10-28,False
PA,PAX20 Comdty,2020,11,2020-11-25,False
PA,PAZ20 Comdty,2020,12,2020-12-29,True
PA,PAF21 Comdty,2021,1,2021-01-27,False
PA,PAG21 Comdty,2021,2,2021-02-24,False
PA,PAH21 Comdty,2021,3,2021-03-29,True
PA,PAJ21 Comdty,2021,4,2021-04-28,False
PA,PAK21 Comdty,2021,5,2021-05-26,False
PA,PAM21 Comdty,2021,6,2021-06-28,True
PA,PAN21 Comdty,2021,7,2021-07-28,False
PA,PAQ21 Comdty,2021,8,2021-08-27,False
PA,PAU21 Comdty,2021,9,2021-09-28,True
PA,PAV21 Comdty,2021,10,2021-10-27,False
PA,PAX21 Comdty,2021,11,2021-11-26,False
PA,PAZ21 Comdty,2021,12,2021-12-29,True
PA,PAF22 Comdty,2022,1,2022-01-27,False
PA,PAG22 Comdty,2022,2,2022-02-24,False
PA,PAH22 Comdty,2022,3,2022-03-29,True
PA,PAJ22 Comdty,2022,4,2022-04-27,False
PA,PAK22 Comdty,2022,5,2022-05-26,False
PA,PAM22 Comdty,2022,6,2022-06-28,True
PA,PAN22 Comdty,2022,7,2022-07-27,False
PA,PAQ22 Comdty,2022,8,2022-08-29,False
PA,PAU22 Comdty,2022,9,2022-09-28,True
PA,PAV22 Comdty,2022,10,2022-10-27,False
PA,PAX22 Comdty,2022,11,2022-11-28,False
PA,PAZ22 Comdty,2022,12,2022-12-28,True
PA,PAF23 Comdty,2023,1,2023-01-27,False
PA,PAG23 Comdty,2023,2,2023-02-24,False
PA,PAH23 Comdty,2023,3,2023-03-29,True
PA,PAJ23 Comdty,2023,4,2023-04-26,False
PA,PAK23 Comdty,2023,5,2023-05-26,False
PA,PAM23 Comdty,2023,6,2023-06-28,True
PA,PAN23 Comdty,2023,7,2023-07-27,False
PA,PAQ23 Comdty,2023,8,2023-08-29,False
PA,PAU23 Comdty,2023,9,2023-09-27,True
PA,PAV23 Comdty,2023,10,2023-10-27,False
PA,PAX23 Comdty,2023,11,2023-11-28,False
PA,PAZ23 Comdty,2023,12,2023-12-27,True
PA,PAF24 Comdty,2024,1,2024-01-29,False
PA,PAG24 Comdty,2024,2,2024-02-27,False
PA,PAH24 Comdty,2024,3,2024-03-26,True
PA,PAJ24 Comdty,2024,4,2024-04-26,False
PA,PAK24 Comdty,2024,5,2024-05-29,False
PA,PAM24 Comdty,2024,6,2024-06-26,True
PA,PAN24 Comdty,2024,7,2024-07-29,False
PA,PAQ24 Comdty,2024,8,2024-08-28,False
PA,PAU24 Comdty,2024,9,2024-09-26,True
PA,PAV24 Comdty,2024,10,2024-10-29,False
PA,PAX24 Comdty,2024,11,2024-11-26,False
PA,PAZ24 Comdty,2024,12,2024-12-27,True
PA,PAF25 Comdty,2025,1,2025-01-29,False
PA,PAG25 Comdty,2025,2,2025-02-26,False
PA,PAH25 Comdty,2025,3,2025-03-27,True
PA,PAJ25 Comdty,2025,4,2025-04-28,False
PA,PAK25 Comdty,2025,5,2025-05-28,False
PA,PAM25 Comdty,2025,6,2025-06-26,True
PA,PAN25 Comdty,2025,7,2025-07-29,False
PA,PAQ25 Comdty,2025,8,2025-08-27,False
PA,PAU25 Comdty,2025,9,2025-09-26,True
PA,PAV25 Comdty,2025,10,2025-10-29,False
PA,PAX5 Comdty,2025,11,2025-11-25,False
PA,PAZ5 Comdty,2025,12,2025-12-29,True
PA,PAF6 Comdty,2026,1,2026-01-28,False
PA,PAG6 Comdty,2026,2,2026-02-25,False
PA,PAH6 Comdty,2026,3,2026-03-27,True
PA,PAJ6 Comdty,2026,4,2026-04-28,False
PA,PAK6 Comdty,2026,5,2026-05-27,False
PA,PAM6 Comdty,2026,6,2026-06-26,True
PA,PAN6 Comdty,2026,7,2026-07-29,False
PA,PAQ6 Comdty,2026,8,2026-08-27,False
PA,PAU6 Comdty,2026,9,2026-09-28,True
PA,PAV6 Comdty,2026,10,2026-10-28,False
PA,PAX6 Comdty,2026,11,2026-11-25,False
PA,PAZ6 Comdty,2026,12,2026-12-29,True
PA,PAH7 Comdty,2027,3,2027-03-29,True
PA,PAM7 Comdty,2027,6,2027-06-28,True
PA,PAU7 Comdty,2027,9,2027-09-28,True
PA,PAZ7 Comdty,2027,12,2027-12-29,True
PA,PAH8 Comdty,2028,3,2028-03-29,True
PA,PAM8 Comdty,2028,6,2028-06-28,True
PA,PAU8 Comdty,2028,9,2028-09-27,True
PA,PAZ8 Comdty,2028,12,2028-12-27,True
PA,PAH9 Comdty,2029,3,2029-03-27,True
PA,PAM9 Comdty,2029,6,2029-06-27,True
PA,PAU9 Comdty,2029,9,2029-09-26,True
HG,HGF89 Comdty,1989,1,1989-01-27,False
HG,HGG89 Comdty,1989,2,1989-02-24,False
HG,HGH89 Comdty,1989,3,1989-03-29,True
HG,HGJ89 Comdty,1989,4,1989-04-26,False
HG,HGK89 Comdty,1989,5,1989-05-26,True
HG,HGM89 Comdty,1989,6,1989-06-28,False
HG,HGN89 Comdty,1989,7,1989-07-27,True
HG,HGQ89 Comdty,1989,8,1989-08-28,False
HG,HGU89 Comdty,1989,9,1989-09-27,True
HG,HGV89 Comdty,1989,10,1989-10-27,False
HG,HGX89 Comdty,1989,11,1989-11-28,False
HG,HGZ89 Comdty,1989,12,1989-12-27,True
HG,HGF90 Comdty,1990,1,1990-01-29,False
HG,HGG90 Comdty,1990,2,1990-02-26,False
HG,HGH90 Comdty,1990,3,1990-03-28,True
HG,HGJ90 Comdty,1990,4,1990-04-26,False
HG,HGK90 Comdty,1990,5,1990-05-29,True
HG,HGM90 Comdty,1990,6,1990-06-27,False
HG,HGN90 Comdty,1990,7,1990-07-27,True
HG,HGQ90 Comdty,1990,8,1990-08-29,False
HG,HGU90 Comdty,1990,9,1990-09-26,True
HG,HGV90 Comdty,1990,10,1990-10-29,False
HG,HGX90 Comdty,1990,11,1990-11-28,False
HG,HGZ90 Comdty,1990,12,1990-12-27,True
HG,HGF91 Comdty,1991,1,1991-01-27,False
HG,HGG91 Comdty,1991,2,1991-02-26,False
HG,HGH91 Comdty,1991,3,1991-03-26,True
HG,HGJ91 Comdty,1991,4,1991-04-26,False
HG,HGK91 Comdty,1991,5,1991-05-29,True
HG,HGM91 Comdty,1991,6,1991-06-26,False
HG,HGN91 Comdty,1991,7,1991-07-29,True
HG,HGQ91 Comdty,1991,8,1991-08-28,False
HG,HGU91 Comdty,1991,9,1991-09-26,True
HG,HGV91 Comdty,1991,10,1991-10-29,False
HG,HGX91 Comdty,1991,11,1991-11-26,False
HG,HGZ91 Comdty,1991,12,1991-12-27,True
HG,HGF92 Comdty,1992,1,1992-01-29,False
HG,HGG92 Comdty,1992,2,1992-02-26,False
HG,HGH92 Comdty,1992,3,1992-03-27,True
HG,HGJ92 Comdty,1992,4,1992-04-28,False
HG,HGK92 Comdty,1992,5,1992-05-27,True
HG,HGM92 Comdty,1992,6,1992-06-26,False
HG,HGN92 Comdty,1992,7,1992-07-29,True
HG,HGQ92 Comdty,1992,8,1992-08-27,False
HG,HGU92 Comdty,1992,9,1992-09-28,True
HG,HGV92 Comdty,1992,10,1992-10-28,False
HG,HGX92 Comdty,1992,11,1992-11-25,False
HG,HGZ92 Comdty,1992,12,1992-12-29,True
HG,HGF93 Comdty,1993,1,1993-01-27,False
HG,HGG93 Comdty,1993,2,1993-02-24,False
HG,HGH93 Comdty,1993,3,1993-03-29,True
HG,HGJ93 Comdty,1993,4,1993-04-28,False
HG,HGK93 Comdty,1993,5,1993-05-26,True
HG,HGM93 Comdty,1993,6,1993-06-28,False
HG,HGN93 Comdty,1993,7,1993-07-28,True
HG,HGQ93 Comdty,1993,8,1993-08-27,False
HG,HGU93 Comdty,1993,9,1993-09-28,True
HG,HGV93 Comdty,1993,10,1993-10-27,False
HG,HGX93 Comdty,1993,11,1993-11-26,False
HG,HGZ93 Comdty,1993,12,1993-12-29,True
HG,HGF94 Comdty,1994,1,1994-01-27,False
HG,HGG94 Comdty,1994,2,1994-02-24,False
HG,HGH94 Comdty,1994,3,1994-03-29,True
HG,HGJ94 Comdty,1994,4,1994-04-27,False
HG,HGK94 Comdty,1994,5,1994-05-26,True
HG,HGM94 Comdty,1994,6,1994-06-28,False
HG,HGN94 Comdty,1994,7,1994-07-27,True
HG,HGQ94 Comdty,1994,8,1994-08-29,False
HG,HGU94 Comdty,1994,9,1994-09-28,True
HG,HGV94 Comdty,1994,10,1994-10-27,False
HG,HGX94 Comdty,1994,11,1994-11-28,False
HG,HGZ94 Comdty,1994,12,1994-12-28,True
HG,HGF95 Comdty,1995,1,1995-01-27,False
HG,HGG95 Comdty,1995,2,1995-02-24,False
HG,HGH95 Comdty,1995,3,1995-03-29,True
HG,HGJ95 Comdty,1995,4,1995-04-26,False
HG,HGK95 Comdty,1995,5,1995-05-26,True
HG,HGM95 Comdty,1995,6,1995-06-28,False
HG,HGN95 Comdty,1995,7,1995-07-27,True
HG,HGQ95 Comdty,1995,8,1995-08-29,False
HG,HGU95 Comdty,1995,9,1995-09-27,True
HG,HGV95 Comdty,1995,10,1995-10-27,False
HG,HGX95 Comdty,1995,11,1995-11-28,False
HG,HGZ95 Comdty,1995,12,1995-12-27,True
HG,HGF96 Comdty,1996,1,1996-01-29,False
HG,HGG96 Comdty,1996,2,1996-02-27,False
HG,HGH96 Comdty,1996,3,1996-03-27,True
HG,HGJ96 Comdty,1996,4,1996-04-26,False
HG,HGK96 Comdty,1996,5,1996-05-29,True
HG,HGM96 Comdty,1996,6,1996-06-26,False
HG,HGN96 Comdty,1996,7,1996-07-29,True
HG,HGQ96 Comdty,1996,8,1996-08-28,False
HG,HGU96 Comdty,1996,9,1996-09-26,True
HG,HGV96 Comdty,1996,10,1996-10-29,False
HG,HGX96 Comdty,1996,11,1996-11-25,False
HG,HGZ96 Comdty,1996,12,1996-12-27,True
HG,HGF97 Comdty,1997,1,1997-01-29,False
HG,HGG97 Comdty,1997,2,1997-02-26,False
HG,HGH97 Comdty,1997,3,1997-03-26,True
HG,HGJ97 Comdty,1997,4,1997-04-28,False
HG,HGK97 Comdty,1997,5,1997-05-28,True
HG,HGM97 Comdty,1997,6,1997-06-26,False
HG,HGN97 Comdty,1997,7,1997-07-29,True
HG,HGQ97 Comdty,1997,8,1997-08-27,False
HG,HGU97 Comdty,1997,9,1997-09-26,True
HG,HGV97 Comdty,1997,10,1997-10-29,False
HG,HGX97 Comdty,1997,11,1997-11-25,False
HG,HGZ97 Comdty,1997,12,1997-12-29,True
HG,HGF98 Comdty,1998,1,1998-01-28,False
HG,HGG98 Comdty,1998,2,1998-02-25,False
HG,HGH98 Comdty,1998,3,1998-03-27,True
HG,HGJ98 Comdty,1998,4,1998-04-28,False
HG,HGK98 Comdty,1998,5,1998-05-27,True
HG,HGM98 Comdty,1998,6,1998-06-26,False
HG,HGN98 Comdty,1998,7,1998-07-29,True
HG,HGQ98 Comdty,1998,8,1998-08-27,False
HG,HGU98 Comdty,1998,9,1998-09-28,True
HG,HGV98 Comdty,1998,10,1998-10-28,False
HG,HGX98 Comdty,1998,11,1998-11-25,False
HG,HGZ98 Comdty,1998,12,1998-12-29,True
HG,HGF99 Comdty,1999,1,1999-01-27,False
HG,HGG99 Comdty,1999,2,1999-02-24,False
HG,HGH99 Comdty,1999,3,1999-03-29,True
HG,HGJ99 Comdty,1999,4,1999-04-28,False
HG,HGK99 Comdty,1999,5,1999-05-26,True
HG,HGM99 Comdty,1999,6,1999-06-28,False
HG,HGN99 Comdty,1999,7,1999-07-28,True
HG,HGQ99 Comdty,1999,8,1999-08-27,False
HG,HGU99 Comdty,1999,9,1999-09-28,True
HG,HGV99 Comdty,1999,10,1999-10-27,False
HG,HGX99 Comdty,1999,11,1999-11-26,False
HG,HGZ99 Comdty,1999,12,1999-12-29,True
HG,HGF00 Comdty,2000,1,2000-01-27,False
HG,HGG00 Comdty,2000,2,2000-02-25,False
HG,HGH00 Comdty,2000,3,2000-03-29,True
HG,HGJ00 Comdty,2000,4,2000-04-26,False
HG,HGK00 Comdty,2000,5,2000-05-26,True
HG,HGM00 Comdty,2000,6,2000-06-28,False
HG,HGN00 Comdty,2000,7,2000-07-27,True
HG,HGQ00 Comdty,2000,8,2000-08-29,False
HG,HGU00 Comdty,2000,9,2000-09-27,True
HG,HGV00 Comdty,2000,10,2000-10-27,False
HG,HGX00 Comdty,2000,11,2000-11-28,False
HG,HGZ00 Comdty,2000,12,2000-12-27,True
HG,HGF01 Comdty,2001,1,2001-01-29,False
HG,HGG01 Comdty,2001,2,2001-02-26,False
HG,HGH01 Comdty,2001,3,2001-03-28,True
HG,HGJ01 Comdty,2001,4,2001-04-26,False
HG,HGK01 Comdty,2001,5,2001-05-29,True
HG,HGM01 Comdty,2001,6,2001-06-27,False
HG,HGN01 Comdty,2001,7,2001-07-27,True
HG,HGQ01 Comdty,2001,8,2001-08-29,False
HG,HGU01 Comdty,2001,9,2001-09-26,True
HG,HGV01 Comdty,2001,10,2001-10-29,False
HG,HGX01 Comdty,2001,11,2001-11-28,False
HG,HGZ01 Comdty,2001,12,2001-12-27,True
HG,HGF02 Comdty,2002,1,2002-01-29,False
HG,HGG02 Comdty,2002,2,2002-02-26,False
HG,HGH02 Comdty,2002,3,2002-03-26,True
HG,HGJ02 Comdty,2002,4,2002-04-26,False
HG,HGK02 Comdty,2002,5,2002-05-29,True
HG,HGM02 Comdty,2002,6,2002-06-26,False
HG,HGN02 Comdty,2002,7,2002-07-29,True
HG,HGQ02 Comdty,2002,8,2002-08-28,False
HG,HGU02 Comdty,2002,9,2002-09-26,True
HG,HGV02 Comdty,2002,10,2002-10-29,False
HG,HGX02 Comdty,2002,11,2002-11-25,False
HG,HGZ02 Comdty,2002,12,2002-12-27,True
HG,HGF03 Comdty,2003,1,2003-01-29,False
HG,HGG03 Comdty,2003,2,2003-02-26,False
HG,HGH03 Comdty,2003,3,2003-03-27,True
HG,HGJ03 Comdty,2003,4,2003-04-28,False
HG,HGK03 Comdty,2003,5,2003-05-28,True
HG,HGM03 Comdty,2003,6,2003-06-26,False
HG,HGN03 Comdty,2003,7,2003-07-29,True
HG,HGQ03 Comdty,2003,8,2003-08-27,False
HG,HGU03 Comdty,2003,9,2003-09-26,True
HG,HGV03 Comdty,2003,10,2003-10-29,False
HG,HGX03 Comdty,2003,11,2003-11-25,False
HG,HGZ03 Comdty,2003,12,2003-12-29,True
HG,HGF04 Comdty,2004,1,2004-01-28,False
HG,HGG04 Comdty,2004,2,2004-02-25,False
HG,HGH04 Comdty,2004,3,2004-03-29,True
HG,HGJ04 Comdty,2004,4,2004-04-28,False
HG,HGK04 Comdty,2004,5,2004-05-26,True
HG,HGM04 Comdty,2004,6,2004-06-28,False
HG,HGN04 Comdty,2004,7,2004-07-28,True
HG,HGQ04 Comdty,2004,8,2004-08-27,False
HG,HGU04 Comdty,2004,9,2004-09-28,True
HG,HGV04 Comdty,2004,10,2004-10-27,False
HG,HGX04 Comdty,2004,11,2004-11-26,False
HG,HGZ04 Comdty,2004,12,2004-12-28,True
HG,HGF05 Comdty,2005,1,2005-01-27,False
HG,HGG05 Comdty,2005,2,2005-02-24,False
HG,HGH05 Comdty,2005,3,2005-03-29,True
HG,HGJ05 Comdty,2005,4,2005-04-27,False
HG,HGK05 Comdty,2005,5,2005-05-26,True
HG,HGM05 Comdty,2005,6,2005-06-28,False
HG,HGN05 Comdty,2005,7,2005-07-27,True
HG,HGQ05 Comdty,2005,8,2005-08-29,False
HG,HGU05 Comdty,2005,9,2005-09-28,True
HG,HGV05 Comdty,2005,10,2005-10-27,False
HG,HGX05 Comdty,2005,11,2005-11-28,False
HG,HGZ05 Comdty,2005,12,2005-12-28,True
HG,HGF06 Comdty,2006,1,2006-01-27,False
HG,HGG06 Comdty,2006,2,2006-02-24,False
HG,HGH06 Comdty,2006,3,2006-03-29,True
HG,HGJ06 Comdty,2006,4,2006-04-26,False
HG,HGK06 Comdty,2006,5,2006-05-26,True
HG,HGM06 Comdty,2006,6,2006-06-28,False
HG,HGN06 Comdty,2006,7,2006-07-27,True
HG,HGQ06 Comdty,2006,8,2006-08-29,False
HG,HGU06 Comdty,2006,9,2006-09-27,True
HG,HGV06 Comdty,2006,10,2006-10-27,False
HG,HGX06 Comdty,2006,11,2006-11-28,False
HG,HGZ06 Comdty,2006,12,2006-12-27,True
HG,HGF07 Comdty,2007,1,2007-01-29,False
HG,HGG07 Comdty,2007,2,2007-02-26,False
HG,HGH07 Comdty,2007,3,2007-03-28,True
HG,HGJ07 Comdty,2007,4,2007-04-26,False
HG,HGK07 Comdty,2007,5,2007-05-29,True
HG,HGM07 Comdty,2007,6,2007-06-27,False
HG,HGN07 Comdty,2007,7,2007-07-27,True
HG,HGQ07 Comdty,2007,8,2007-08-29,False
HG,HGU07 Comdty,2007,9,2007-09-26,True
HG,HGV07 Comdty,2007,10,2007-10-29,False
HG,HGX07 Comdty,2007,11,2007-11-28,False
HG,HGZ07 Comdty,2007,12,2007-12-27,True
HG,HGF08 Comdty,2008,1,2008-01-29,False
HG,HGG08 Comdty,2008,2,2008-02-27,False
HG,HGH08 Comdty,2008,3,2008-03-27,True
HG,HGJ08 Comdty,2008,4,2008-04-28,False
HG,HGK08 Comdty,2008,5,2008-05-28,True
HG,HGM08 Comdty,2008,6,2008-06-26,False
HG,HGN08 Comdty,2008,7,2008-07-29,True
HG,HGQ08 Comdty,2008,8,2008-08-27,False
HG,HGU08 Comdty,2008,9,2008-09-26,True
HG,HGV08 Comdty,2008,10,2008-10-29,False
HG,HGX08 Comdty,2008,11,2008-11-25,False
HG,HGZ08 Comdty,2008,12,2008-12-29,True
HG,HGF09 Comdty,2009,1,2009-01-28,False
HG,HGG09 Comdty,2009,2,2009-02-25,False
HG,HGH09 Comdty,2009,3,2009-03-27,True
HG,HGJ09 Comdty,2009,4,2009-04-28,False
HG,HGK09 Comdty,2009,5,2009-05-27,True
HG,HGM09 Comdty,2009,6,2009-06-26,False
HG,HGN09 Comdty,2009,7,2009-07-29,True
HG,HGQ09 Comdty,2009,8,2009-08-27,False
HG,HGU09 Comdty,2009,9,2009-09-28,True
HG,HGV09 Comdty,2009,10,2009-10-28,False
HG,HGX09 Comdty,2009,11,2009-11-25,False
HG,HGZ09 Comdty,2009,12,2009-12-29,True
HG,HGF10 Comdty,2010,1,2010-01-27,False
HG,HGG10 Comdty,2010,2,2010-02-24,False
HG,HGH10 Comdty,2010,3,2010-03-29,True
HG,HGJ10 Comdty,2010,4,2010-04-28,False
HG,HGK10 Comdty,2010,5,2010-05-26,True
HG,HGM10 Comdty,2010,6,2010-06-28,False
HG,HGN10 Comdty,2010,7,2010-07-28,True
HG,HGQ10 Comdty,2010,8,2010-08-27,False
HG,HGU10 Comdty,2010,9,2010-09-28,True
HG,HGV10 Comdty,2010,10,2010-10-27,False
HG,HGX10 Comdty,2010,11,2010-11-26,False
HG,HGZ10 Comdty,2010,12,2010-12-29,True
HG,HGF11 Comdty,2011,1,2011-01-27,False
HG,HGG11 Comdty,2011,2,2011-02-24,False
HG,HGH11 Comdty,2011,3,2011-03-29,True
HG,HGJ11 Comdty,2011,4,2011-04-27,False
HG,HGK11 Comdty,2011,5,2011-05-26,True
HG,HGM11 Comdty,2011,6,2011-06-28,False
HG,HGN11 Comdty,2011,7,2011-07-27,True
HG,HGQ11 Comdty,2011,8,2011-08-29,False
HG,HGU11 Comdty,2011,9,2011-09-28,True
HG,HGV11 Comdty,2011,10,2011-10-27,False
HG,HGX11 Comdty,2011,11,2011-11-28,False
HG,HGZ11 Comdty,2011,12,2011-12-28,True
HG,HGF12 Comdty,2012,1,2012-01-27,False
HG,HGG12 Comdty,2012,2,2012-02-27,False
HG,HGH12 Comdty,2012,3,2012-03-28,True
HG,HGJ12 Comdty,2012,4,2012-04-26,False
HG,HGK12 Comdty,2012,5,2012-05-29,True
HG,HGM12 Comdty,2012,6,2012-06-27,False
HG,HGN12 Comdty,2012,7,2012-07-27,True
HG,HGQ12 Comdty,2012,8,2012-08-29,False
HG,HGU12 Comdty,2012,9,2012-09-26,True
HG,HGV12 Comdty,2012,10,2012-10-29,False
HG,HGX12 Comdty,2012,11,2012-11-28,False
HG,HGZ12 Comdty,2012,12,2012-12-27,True
HG,HGF13 Comdty,2013,1,2013-01-29,False
HG,HGG13 Comdty,2013,2,2013-02-26,False
HG,HGH13 Comdty,2013,3,2013-03-26,True
HG,HGJ13 Comdty,2013,4,2013-04-26,False
HG,HGK13 Comdty,2013,5,2013-05-29,True
HG,HGM13 Comdty,2013,6,2013-06-26,False
HG,HGN13 Comdty,2013,7,2013-07-29,True
HG,HGQ13 Comdty,2013,8,2013-08-28,False
HG,HGU13 Comdty,2013,9,2013-09-26,True
HG,HGV13 Comdty,2013,10,2013-10-29,False
HG,HGX13 Comdty,2013,11,2013-11-26,False
HG,HGZ13 Comdty,2013,12,2013-12-27,True
HG,HGF14 Comdty,2014,1,2014-01-29,False
HG,HGG14 Comdty,2014,2,2014-02-26,False
HG,HGH14 Comdty,2014,3,2014-03-27,True
HG,HGJ14 Comdty,2014,4,2014-04-28,False
HG,HGK14 Comdty,2014,5,2014-05-28,True
HG,HGM14 Comdty,2014,6,2014-06-26,False
HG,HGN14 Comdty,2014,7,2014-07-29,True
HG,HGQ14 Comdty,2014,8,2014-08-27,False
HG,HGU14 Comdty,2014,9,2014-09-26,True
HG,HGV14 Comdty,2014,10,2014-10-29,False
HG,HGX14 Comdty,2014,11,2014-11-25,False
HG,HGZ14 Comdty,2014,12,2014-12-29,True
HG,HGF15 Comdty,2015,1,2015-01-28,False
HG,HGG15 Comdty,2015,2,2015-02-25,False
HG,HGH15 Comdty,2015,3,2015-03-27,True
HG,HGJ15 Comdty,2015,4,2015-04-28,False
HG,HGK15 Comdty,2015,5,2015-05-27,True
HG,HGM15 Comdty,2015,6,2015-06-26,False
HG,HGN15 Comdty,2015,7,2015-07-29,True
HG,HGQ15 Comdty,2015,8,2015-08-27,False
HG,HGU15 Comdty,2015,9,2015-09-28,True
HG,HGV15 Comdty,2015,10,2015-10-28,False
HG,HGX15 Comdty,2015,11,2015-11-25,False
HG,HGZ15 Comdty,2015,12,2015-12-29,True
HG,HGF16 Comdty,2016,1,2016-01-27,False
HG,HGG16 Comdty,2016,2,2016-02-25,False
HG,HGH16 Comdty,2016,3,2016-03-29,True
HG,HGJ16 Comdty,2016,4,2016-04-27,False
HG,HGK16 Comdty,2016,5,2016-05-26,True
HG,HGM16 Comdty,2016,6,2016-06-28,False
HG,HGN16 Comdty,2016,7,2016-07-27,True
HG,HGQ16 Comdty,2016,8,2016-08-29,False
HG,HGU16 Comdty,2016,9,2016-09-28,True
HG,HGV16 Comdty,2016,10,2016-10-27,False
HG,HGX16 Comdty,2016,11,2016-11-28,False
HG,HGZ16 Comdty,2016,12,2016-12-28,True
HG,HGF17 Comdty,2017,1,2017-01-27,False
HG,HGG17 Comdty,2017,2,2017-02-24,False
HG,HGH17 Comdty,2017,3,2017-03-29,True
HG,HGJ17 Comdty,2017,4,2017-04-26,False
HG,HGK17 Comdty,2017,5,2017-05-26,True
HG,HGM17 Comdty,2017,6,2017-06-28,False
HG,HGN17 Comdty,2017,7,2017-07-27,True
HG,HGQ17 Comdty,2017,8,2017-08-29,False
HG,HGU17 Comdty,2017,9,2017-09-27,True
HG,HGV17 Comdty,2017,10,2017-10-27,False
HG,HGX17 Comdty,2017,11,2017-11-28,False
HG,HGZ17 Comdty,2017,12,2017-12-27,True
HG,HGF18 Comdty,2018,1,2018-01-29,False
HG,HGG18 Comdty,2018,2,2018-02-26,False
HG,HGH18 Comdty,2018,3,2018-03-27,True
HG,HGJ18 Comdty,2018,4,2018-04-26,False
HG,HGK18 Comdty,2018,5,2018-05-29,True
HG,HGM18 Comdty,2018,6,2018-06-27,False
HG,HGN18 Comdty,2018,7,2018-07-27,True
HG,HGQ18 Comdty,2018,8,2018-08-29,False
HG,HGU18 Comdty,2018,9,2018-09-26,True
HG,HGV18 Comdty,2018,10,2018-10-29,False
HG,HGX18 Comdty,2018,11,2018-11-28,False
HG,HGZ18 Comdty,2018,12,2018-12-27,True
HG,HGF19 Comdty,2019,1,2019-01-29,False
HG,HGG19 Comdty,2019,2,2019-02-26,False
HG,HGH19 Comdty,2019,3,2019-03-27,True
HG,HGJ19 Comdty,2019,4,2019-04-26,False
HG,HGK19 Comdty,2019,5,2019-05-29,True
HG,HGM19 Comdty,2019,6,2019-06-26,False
HG,HGN19 Comdty,2019,7,2019-07-29,True
HG,HGQ19 Comdty,2019,8,2019-08-28,False
HG,HGU19 Comdty,2019,9,2019-09-26,True
HG,HGV19 Comdty,2019,10,2019-10-29,False
HG,HGX19 Comdty,2019,11,2019-11-26,False
HG,HGZ19 Comdty,2019,12,2019-12-27,True
HG,HGF20 Comdty,2020,1,2020-01-29,False
HG,HGG20 Comdty,2020,2,2020-02-26,False
HG,HGH20 Comdty,2020,3,2020-03-27,True
HG,HGJ20 Comdty,2020,4,2020-04-28,False
HG,HGK20 Comdty,2020,5,2020-05-27,True
HG,HGM20 Comdty,2020,6,2020-06-26,False
HG,HGN20 Comdty,2020,7,2020-07-29,True
HG,HGQ20 Comdty,2020,8,2020-08-27,False
HG,HGU20 Comdty,2020,9,2020-09-28,True
HG,HGV20 Comdty,2020,10,2020-10-28,False
HG,HGX20 Comdty,2020,11,2020-11-25,False
HG,HGZ20 Comdty,2020,12,2020-12-29,True
HG,HGF21 Comdty,2021,1,2021-01-27,False
HG,HGG21 Comdty,2021,2,2021-02-24,False
HG,HGH21 Comdty,2021,3,2021-03-29,True
HG,HGJ21 Comdty,2021,4,2021-04-28,False
HG,HGK21 Comdty,2021,5,2021-05-26,True
HG,HGM21 Comdty,2021,6,2021-06-28,False
HG,HGN21 Comdty,2021,7,2021-07-28,True
HG,HGQ21 Comdty,2021,8,2021-08-27,False
HG,HGU21 Comdty,2021,9,2021-09-28,True
HG,HGV21 Comdty,2021,10,2021-10-27,False
HG,HGX21 Comdty,2021,11,2021-11-26,False
HG,HGZ21 Comdty,2021,12,2021-12-29,True
HG,HGF22 Comdty,2022,1,2022-01-27,False
HG,HGG22 Comdty,2022,2,2022-02-24,False
HG,HGH22 Comdty,2022,3,2022-03-29,True
HG,HGJ22 Comdty,2022,4,2022-04-27,False
HG,HGK22 Comdty,2022,5,2022-05-26,True
HG,HGM22 Comdty,2022,6,2022-06-28,False
HG,HGN22 Comdty,2022,7,2022-07-27,True
HG,HGQ22 Comdty,2022,8,2022-08-29,False
HG,HGU22 Comdty,2022,9,2022-09-28,True
HG,HGV22 Comdty,2022,10,2022-10-27,False
HG,HGX22 Comdty,2022,11,2022-11-28,False
HG,HGZ22 Comdty,2022,12,2022-12-28,True
HG,HGF23 Comdty,2023,1,2023-01-27,False
HG,HGG23 Comdty,2023,2,2023-02-24,False
HG,HGH23 Comdty,2023,3,2023-03-29,True
HG,HGJ23 Comdty,2023,4,2023-04-26,False
HG,HGK23 Comdty,2023,5,2023-05-26,True
HG,HGM23 Comdty,2023,6,2023-06-28,False
HG,HGN23 Comdty,2023,7,2023-07-27,True
HG,HGQ23 Comdty,2023,8,2023-08-29,False
HG,HGU23 Comdty,2023,9,2023-09-27,True
HG,HGV23 Comdty,2023,10,2023-10-27,False
HG,HGX23 Comdty,2023,11,2023-11-28,False
HG,HGZ23 Comdty,2023,12,2023-12-27,True
HG,HGF24 Comdty,2024,1,2024-01-29,False
HG,HGG24 Comdty,2024,2,2024-02-27,False
HG,HGH24 Comdty,2024,3,2024-03-26,True
HG,HGJ24 Comdty,2024,4,2024-04-26,False
HG,HGK24 Comdty,2024,5,2024-05-29,True
HG,HGM24 Comdty,2024,6,2024-06-26,False
HG,HGN24 Comdty,2024,7,2024-07-29,True
HG,HGQ24 Comdty,2024,8,2024-08-28,False
HG,HGU24 Comdty,2024,9,2024-09-26,True
HG,HGV24 Comdty,2024,10,2024-10-29,False
HG,HGX24 Comdty,2024,11,2024-11-26,False
HG,HGZ24 Comdty,2024,12,2024-12-27,True
HG,HGF25 Comdty,2025,1,2025-01-29,False
HG,HGG25 Comdty,2025,2,2025-02-26,False
HG,HGH25 Comdty,2025,3,2025-03-27,True
HG,HGJ25 Comdty,2025,4,2025-04-28,False
HG,HGK25 Comdty,2025,5,2025-05-28,True
HG,HGM25 Comdty,2025,6,2025-06-26,False
HG,HGN25 Comdty,2025,7,2025-07-29,True
HG,HGQ25 Comdty,2025,8,2025-08-27,False
HG,HGU25 Comdty,2025,9,2025-09-26,True
HG,HGV25 Comdty,2025,10,2025-10-29,False
HG,HGX5 Comdty,2025,11,2025-11-25,False
HG,HGZ5 Comdty,2025,12,2025-12-29,True
HG,HGF6 Comdty,2026,1,2026-01-28,False
HG,HGG6 Comdty,2026,2,2026-02-25,False
HG,HGH6 Comdty,2026,3,2026-03-27,True
HG,HGJ6 Comdty,2026,4,2026-04-28,False
HG,HGK6 Comdty,2026,5,2026-05-27,True
HG,HGM6 Comdty,2026,6,2026-06-26,False
HG,HGN6 Comdty,2026,7,2026-07-29,True
HG,HGQ6 Comdty,2026,8,2026-08-27,False
HG,HGU6 Comdty,2026,9,2026-09-28,True
HG,HGV6 Comdty,2026,10,2026-10-28,False
HG,HGX6 Comdty,2026,11,2026-11-25,False
HG,HGZ6 Comdty,2026,12,2026-12-29,True
HG,HGF7 Comdty,2027,1,2027-01-27,False
HG,HGG7 Comdty,2027,2,2027-02-24,False
HG,HGH7 Comdty,2027,3,2027-03-29,True
HG,HGJ7 Comdty,2027,4,2027-04-28,False
HG,HGK7 Comdty,2027,5,2027-05-26,True
HG,HGM7 Comdty,2027,6,2027-06-28,False
HG,HGN7 Comdty,2027,7,2027-07-28,True
HG,HGQ7 Comdty,2027,8,2027-08-27,False
HG,HGU7 Comdty,2027,9,2027-09-28,True
HG,HGV7 Comdty,2027,10,2027-10-27,False
HG,HGX7 Comdty,2027,11,2027-11-26,False
HG,HGZ7 Comdty,2027,12,2027-12-29,True
HG,HGF8 Comdty,2028,1,2028-01-27,False
HG,HGG8 Comdty,2028,2,2028-02-25,False
HG,HGH8 Comdty,2028,3,2028-03-29,True
HG,HGJ8 Comdty,2028,4,2028-04-26,False
HG,HGK8 Comdty,2028,5,2028-05-26,True
HG,HGM8 Comdty,2028,6,2028-06-28,False
HG,HGN8 Comdty,2028,7,2028-07-27,True
HG,HGQ8 Comdty,2028,8,2028-08-29,False
HG,HGU8 Comdty,2028,9,2028-09-27,True
HG,HGV8 Comdty,2028,10,2028-10-27,False
HG,HGX8 Comdty,2028,11,2028-11-28,False
HG,HGZ8 Comdty,2028,12,2028-12-27,True
HG,HGF9 Comdty,2029,1,2029-01-29,False
HG,HGG9 Comdty,2029,2,2029-02-26,False
HG,HGH9 Comdty,2029,3,2029-03-27,True
HG,HGJ9 Comdty,2029,4,2029-04-26,False
HG,HGK9 Comdty,2029,5,2029-05-29,True
HG,HGM9 Comdty,2029,6,2029-06-27,False
HG,HGN9 Comdty,2029,7,2029-07-27,True
HG,HGQ9 Comdty,2029,8,2029-08-29,False
HG,HGU9 Comdty,2029,9,2029-09-26,True
HG,HGV9 Comdty,2029,10,2029-10-29,False
HG,HGZ9 Comdty,2029,12,2029-12-27,True
HG,HGH0 Comdty,2030,3,2030-03-27,True
HG,HGK0 Comdty,2030,5,2030-05-29,True
HG,HGN0 Comdty,2030,7,2030-07-29,True
HG,HGU0 Comdty,2030,9,2030-09-26,True
HG,HGZ0 Comdty,2030,12,2030-12-27,True
HG,HGH1 Comdty,2031,3,2031-03-27,True
HG,HGK1 Comdty,2031,5,2031-05-28,True
HG,HGN1 Comdty,2031,7,2031-07-29,True
HG,HGU1 Comdty,2031,9,2031-09-26,True
HG,HGZ1 Comdty,2031,12,2031-12-29,True
C,C U59 Comdty,1959,9,1959-09-21,True
C,C Z59 Comdty,1959,12,1959-12-21,True
C,C H60 Comdty,1960,3,1960-03-22,True
C,C K60 Comdty,1960,5,1960-05-19,True
C,C N60 Comdty,1960,7,1960-07-20,True
C,C U60 Comdty,1960,9,1960-09-21,True
C,C Z60 Comdty,1960,12,1960-12-20,True
C,C H61 Comdty,1961,3,1961-03-21,True
C,C K61 Comdty,1961,5,1961-05-19,True
C,C N61 Comdty,1961,7,1961-07-20,True
C,C U61 Comdty,1961,9,1961-09-20,True
C,C Z61 Comdty,1961,12,1961-12-19,True
C,C H62 Comdty,1962,3,1962-03-21,True
C,C K62 Comdty,1962,5,1962-05-21,True
C,C N62 Comdty,1962,7,1962-07-20,True
C,C U62 Comdty,1962,9,1962-09-19,True
C,C Z62 Comdty,1962,12,1962-12-18,True
C,C H63 Comdty,1963,3,1963-03-20,True
C,C K63 Comdty,1963,5,1963-05-21,True
C,C N63 Comdty,1963,7,1963-07-22,True
C,C U63 Comdty,1963,9,1963-09-19,True
C,C Z63 Comdty,1963,12,1963-12-19,True
C,C H64 Comdty,1964,3,1964-03-19,True
C,C K64 Comdty,1964,5,1964-05-19,True
C,C N64 Comdty,1964,7,1964-07-21,True
C,C U64 Comdty,1964,9,1964-09-21,True
C,C Z64 Comdty,1964,12,1964-12-21,True
C,C H65 Comdty,1965,3,1965-03-22,True
C,C K65 Comdty,1965,5,1965-05-19,True
C,C N65 Comdty,1965,7,1965-07-21,True
C,C U65 Comdty,1965,9,1965-09-21,True
C,C Z65 Comdty,1965,12,1965-12-20,True
C,C H66 Comdty,1966,3,1966-03-22,True
C,C K66 Comdty,1966,5,1966-05-19,True
C,C N66 Comdty,1966,7,1966-07-20,True
C,C U66 Comdty,1966,9,1966-09-21,True
C,C Z66 Comdty,1966,12,1966-12-20,True
C,C H67 Comdty,1967,3,1967-03-21,True
C,C K67 Comdty,1967,5,1967-05-19,True
C,C N67 Comdty,1967,7,1967-07-20,True
C,C U67 Comdty,1967,9,1967-09-20,True
C,C Z67 Comdty,1967,12,1967-12-19,True
C,C H68 Comdty,1968,3,1968-03-20,True
C,C K68 Comdty,1968,5,1968-05-21,True
C,C N68 Comdty,1968,7,1968-07-22,True
C,C U68 Comdty,1968,9,1968-09-19,True
C,C Z68 Comdty,1968,12,1968-12-19,True
C,C H69 Comdty,1969,3,1969-03-20,True
C,C K69 Comdty,1969,5,1969-05-20,True
C,C N69 Comdty,1969,7,1969-07-22,True
C,C U69 Comdty,1969,9,1969-09-19,True
C,C Z69 Comdty,1969,12,1969-12-18,True
C,C H70 Comdty,1970,3,1970-03-19,True
C,C K70 Comdty,1970,5,1970-05-19,True
C,C N70 Comdty,1970,7,1970-07-22,True
C,C U70 Comdty,1970,9,1970-09-21,True
C,C Z70 Comdty,1970,12,1970-12-21,True
C,C H71 Comdty,1971,3,1971-03-22,True
C,C K71 Comdty,1971,5,1971-05-19,True
C,C N71 Comdty,1971,7,1971-07-21,True
C,C U71 Comdty,1971,9,1971-09-21,True
C,C Z71 Comdty,1971,12,1971-12-20,True
C,C H72 Comdty,1972,3,1972-03-21,True
C,C K72 Comdty,1972,5,1972-05-19,True
C,C N72 Comdty,1972,7,1972-07-20,True
C,C U72 Comdty,1972,9,1972-09-20,True
C,C Z72 Comdty,1972,12,1972-12-19,True
C,C H73 Comdty,1973,3,1973-03-21,True
C,C K73 Comdty,1973,5,1973-05-21,True
C,C N73 Comdty,1973,7,1973-07-20,True
C,C U73 Comdty,1973,9,1973-09-19,True
C,C Z73 Comdty,1973,12,1973-12-18,True
C,C H74 Comdty,1974,3,1974-03-20,True
C,C K74 Comdty,1974,5,1974-05-21,True
C,C N74 Comdty,1974,7,1974-07-22,True
C,C U74 Comdty,1974,9,1974-09-19,True
C,C Z74 Comdty,1974,12,1974-12-19,True
C,C H75 Comdty,1975,3,1975-03-19,True
C,C K75 Comdty,1975,5,1975-05-20,True
C,C N75 Comdty,1975,7,1975-07-22,True
C,C U75 Comdty,1975,9,1975-09-19,True
C,C Z75 Comdty,1975,12,1975-12-18,True
C,C H76 Comdty,1976,3,1976-03-22,True
C,C K76 Comdty,1976,5,1976-05-19,True
C,C N76 Comdty,1976,7,1976-07-21,True
C,C U76 Comdty,1976,9,1976-09-21,True
C,C Z76 Comdty,1976,12,1976-12-20,True
C,C H77 Comdty,1977,3,1977-03-22,True
C,C K77 Comdty,1977,5,1977-05-19,True
C,C N77 Comdty,1977,7,1977-07-20,True
C,C U77 Comdty,1977,9,1977-09-21,True
C,C Z77 Comdty,1977,12,1977-12-20,True
C,C H78 Comdty,1978,3,1978-03-21,True
C,C K78 Comdty,1978,5,1978-05-19,True
C,C N78 Comdty,1978,7,1978-07-20,True
C,C U78 Comdty,1978,9,1978-09-20,True
C,C Z78 Comdty,1978,12,1978-12-19,True
C,C H79 Comdty,1979,3,1979-03-21,True
C,C K79 Comdty,1979,5,1979-05-21,True
C,C N79 Comdty,1979,7,1979-07-20,True
C,C U79 Comdty,1979,9,1979-09-19,True
C,C Z79 Comdty,1979,12,1979-12-18,True
C,C H80 Comdty,1980,3,1980-03-20,True
C,C K80 Comdty,1980,5,1980-05-20,True
C,C N80 Comdty,1980,7,1980-07-22,True
C,C U80 Comdty,1980,9,1980-09-19,True
C,C Z80 Comdty,1980,12,1980-12-18,True
C,C H81 Comdty,1981,3,1981-03-20,True
C,C K81 Comdty,1981,5,1981-05-19,True
C,C N81 Comdty,1981,7,1981-07-22,True
C,C U81 Comdty,1981,9,1981-09-21,True
C,C Z81 Comdty,1981,12,1981-12-21,True
C,C H82 Comdty,1982,3,1982-03-22,True
C,C K82 Comdty,1982,5,1982-05-19,True
C,C N82 Comdty,1982,7,1982-07-21,True
C,C U82 Comdty,1982,9,1982-09-21,True
C,C Z82 Comdty,1982,12,1982-12-20,True
C,C H83 Comdty,1983,3,1983-03-22,True
C,C K83 Comdty,1983,5,1983-05-19,True
C,C N83 Comdty,1983,7,1983-07-20,True
C,C U83 Comdty,1983,9,1983-09-21,True
C,C Z83 Comdty,1983,12,1983-12-20,True
C,C H84 Comdty,1984,3,1984-03-21,True
C,C K84 Comdty,1984,5,1984-05-21,True
C,C N84 Comdty,1984,7,1984-07-20,True
C,C U84 Comdty,1984,9,1984-09-19,True
C,C Z84 Comdty,1984,12,1984-12-19,True
C,C H85 Comdty,1985,3,1985-03-20,True
C,C K85 Comdty,1985,5,1985-05-21,True
C,C N85 Comdty,1985,7,1985-07-22,True
C,C U85 Comdty,1985,9,1985-09-19,True
C,C Z85 Comdty,1985,12,1985-12-19,True
C,C H86 Comdty,1986,3,1986-03-19,True
C,C K86 Comdty,1986,5,1986-05-20,True
C,C N86 Comdty,1986,7,1986-07-22,True
C,C U86 Comdty,1986,9,1986-09-19,True
C,C Z86 Comdty,1986,12,1986-12-19,True
C,C H87 Comdty,1987,3,1987-03-23,True
C,C K87 Comdty,1987,5,1987-05-21,True
C,C N87 Comdty,1987,7,1987-07-22,True
C,C U87 Comdty,1987,9,1987-09-22,True
C,C Z87 Comdty,1987,12,1987-12-22,True
C,C H88 Comdty,1988,3,1988-03-23,True
C,C K88 Comdty,1988,5,1988-05-19,True
C,C N88 Comdty,1988,7,1988-07-20,True
C,C U88 Comdty,1988,9,1988-09-21,True
C,C Z88 Comdty,1988,12,1988-12-20,True
C,C H89 Comdty,1989,3,1989-03-21,True
C,C K89 Comdty,1989,5,1989-05-19,True
C,C N89 Comdty,1989,7,1989-07-20,True
C,C U89 Comdty,1989,9,1989-09-20,True
C,C Z89 Comdty,1989,12,1989-12-19,True
C,C H90 Comdty,1990,3,1990-03-21,True
C,C K90 Comdty,1990,5,1990-05-21,True
C,C N90 Comdty,1990,7,1990-07-20,True
C,C U90 Comdty,1990,9,1990-09-19,True
C,C Z90 Comdty,1990,12,1990-12-19,True
C,C H91 Comdty,1991,3,1991-03-19,True
C,C K91 Comdty,1991,5,1991-05-21,True
C,C N91 Comdty,1991,7,1991-07-22,True
C,C U91 Comdty,1991,9,1991-09-19,True
C,C Z91 Comdty,1991,12,1991-12-19,True
C,C H92 Comdty,1992,3,1992-03-20,True
C,C K92 Comdty,1992,5,1992-05-19,True
C,C N92 Comdty,1992,7,1992-07-22,True
C,C U92 Comdty,1992,9,1992-09-21,True
C,C Z92 Comdty,1992,12,1992-12-21,True
C,C H93 Comdty,1993,3,1993-03-22,True
C,C K93 Comdty,1993,5,1993-05-19,True
C,C N93 Comdty,1993,7,1993-07-21,True
C,C U93 Comdty,1993,9,1993-09-21,True
C,C Z93 Comdty,1993,12,1993-12-20,True
C,C H94 Comdty,1994,3,1994-03-22,True
C,C K94 Comdty,1994,5,1994-05-19,True
C,C N94 Comdty,1994,7,1994-07-20,True
C,C U94 Comdty,1994,9,1994-09-21,True
C,C Z94 Comdty,1994,12,1994-12-20,True
C,C H95 Comdty,1995,3,1995-03-22,True
C,C K95 Comdty,1995,5,1995-05-19,True
C,C N95 Comdty,1995,7,1995-07-20,True
C,C U95 Comdty,1995,9,1995-09-20,True
C,C Z95 Comdty,1995,12,1995-12-19,True
C,C H96 Comdty,1996,3,1996-03-20,True
C,C K96 Comdty,1996,5,1996-05-21,True
C,C N96 Comdty,1996,7,1996-07-22,True
C,C U96 Comdty,1996,9,1996-09-19,True
C,C Z96 Comdty,1996,12,1996-12-19,True
C,C H97 Comdty,1997,3,1997-03-19,True
C,C K97 Comdty,1997,5,1997-05-20,True
C,C N97 Comdty,1997,7,1997-07-22,True
C,C U97 Comdty,1997,9,1997-09-19,True
C,C Z97 Comdty,1997,12,1997-12-19,True
C,C H98 Comdty,1998,3,1998-03-20,True
C,C K98 Comdty,1998,5,1998-05-19,True
C,C N98 Comdty,1998,7,1998-07-22,True
C,C U98 Comdty,1998,9,1998-09-21,True
C,C Z98 Comdty,1998,12,1998-12-21,True
C,C H99 Comdty,1999,3,1999-03-22,True
C,C K99 Comdty,1999,5,1999-05-19,True
C,C N99 Comdty,1999,7,1999-07-21,True
C,C U99 Comdty,1999,9,1999-09-21,True
C,C Z99 Comdty,1999,12,1999-12-21,True
C,C H00 Comdty,2000,3,2000-03-14,True
C,C K00 Comdty,2000,5,2000-05-12,True
C,C N00 Comdty,2000,7,2000-07-14,True
C,C U00 Comdty,2000,9,2000-09-14,True
C,C X00 Comdty,2000,11,2000-11-14,False
C,C Z00 Comdty,2000,12,2000-12-14,True
C,C F01 Comdty,2001,1,2001-01-12,False
C,C H01 Comdty,2001,3,2001-03-14,True
C,C K01 Comdty,2001,5,2001-05-14,True
C,C N01 Comdty,2001,7,2001-07-13,True
C,C U01 Comdty,2001,9,2001-09-14,True
C,C X01 Comdty,2001,11,2001-11-14,False
C,C Z01 Comdty,2001,12,2001-12-14,True
C,C F02 Comdty,2002,1,2002-01-14,False
C,C H02 Comdty,2002,3,2002-03-14,True
C,C K02 Comdty,2002,5,2002-05-14,True
C,C N02 Comdty,2002,7,2002-07-12,True
C,C U02 Comdty,2002,9,2002-09-13,True
C,C Z02 Comdty,2002,12,2002-12-13,True
C,C H03 Comdty,2003,3,2003-03-14,True
C,C K03 Comdty,2003,5,2003-05-14,True
C,C N03 Comdty,2003,7,2003-07-14,True
C,C U03 Comdty,2003,9,2003-09-12,True
C,C Z03 Comdty,2003,12,2003-12-12,True
C,C H04 Comdty,2004,3,2004-03-12,True
C,C K04 Comdty,2004,5,2004-05-14,True
C,C N04 Comdty,2004,7,2004-07-14,True
C,C U04 Comdty,2004,9,2004-09-14,True
C,C Z04 Comdty,2004,12,2004-12-14,True
C,C H05 Comdty,2005,3,2005-03-14,True
C,C K05 Comdty,2005,5,2005-05-13,True
C,C N05 Comdty,2005,7,2005-07-14,True
C,C U05 Comdty,2005,9,2005-09-14,True
C,C Z05 Comdty,2005,12,2005-12-14,True
C,C H06 Comdty,2006,3,2006-03-14,True
C,C K06 Comdty,2006,5,2006-05-12,True
C,C N06 Comdty,2006,7,2006-07-14,True
C,C U06 Comdty,2006,9,2006-09-14,True
C,C Z06 Comdty,2006,12,2006-12-14,True
C,C H07 Comdty,2007,3,2007-03-14,True
C,C K07 Comdty,2007,5,2007-05-14,True
C,C N07 Comdty,2007,7,2007-07-13,True
C,C U07 Comdty,2007,9,2007-09-14,True
C,C Z07 Comdty,2007,12,2007-12-14,True
C,C H08 Comdty,2008,3,2008-03-14,True
C,C K08 Comdty,2008,5,2008-05-14,True
C,C N08 Comdty,2008,7,2008-07-14,True
C,C U08 Comdty,2008,9,2008-09-12,True
C,C Z08 Comdty,2008,12,2008-12-12,True
C,C H09 Comdty,2009,3,2009-03-13,True
C,C K09 Comdty,2009,5,2009-05-14,True
C,C N09 Comdty,2009,7,2009-07-14,True
C,C U09 Comdty,2009,9,2009-09-14,True
C,C Z09 Comdty,2009,12,2009-12-14,True
C,C H10 Comdty,2010,3,2010-03-12,True
C,C K10 Comdty,2010,5,2010-05-14,True
C,C N10 Comdty,2010,7,2010-07-14,True
C,C U10 Comdty,2010,9,2010-09-14,True
C,C Z10 Comdty,2010,12,2010-12-14,True
C,C H11 Comdty,2011,3,2011-03-14,True
C,C K11 Comdty,2011,5,2011-05-13,True
C,C N11 Comdty,2011,7,2011-07-14,True
C,C U11 Comdty,2011,9,2011-09-14,True
C,C Z11 Comdty,2011,12,2011-12-14,True
C,C H12 Comdty,2012,3,2012-03-14,True
C,C K12 Comdty,2012,5,2012-05-14,True
C,C N12 Comdty,2012,7,2012-07-13,True
C,C U12 Comdty,2012,9,2012-09-14,True
C,C Z12 Comdty,2012,12,2012-12-14,True
C,C H13 Comdty,2013,3,2013-03-14,True
C,C K13 Comdty,2013,5,2013-05-14,True
C,C N13 Comdty,2013,7,2013-07-12,True
C,C U13 Comdty,2013,9,2013-09-13,True
C,C Z13 Comdty,2013,12,2013-12-13,True
C,C H14 Comdty,2014,3,2014-03-14,True
C,C K14 Comdty,2014,5,2014-05-14,True
C,C N14 Comdty,2014,7,2014-07-14,True
C,C U14 Comdty,2014,9,2014-09-12,True
C,C Z14 Comdty,2014,12,2014-12-12,True
C,C H15 Comdty,2015,3,2015-03-13,True
C,C K15 Comdty,2015,5,2015-05-14,True
C,C N15 Comdty,2015,7,2015-07-14,True
C,C U15 Comdty,2015,9,2015-09-14,True
C,C Z15 Comdty,2015,12,2015-12-14,True
C,C H16 Comdty,2016,3,2016-03-14,True
C,C K16 Comdty,2016,5,2016-05-13,True
C,C N16 Comdty,2016,7,2016-07-14,True
C,C U16 Comdty,2016,9,2016-09-14,True
C,C Z16 Comdty,2016,12,2016-12-14,True
C,C H17 Comdty,2017,3,2017-03-14,True
C,C K17 Comdty,2017,5,2017-05-12,True
C,C N17 Comdty,2017,7,2017-07-14,True
C,C U17 Comdty,2017,9,2017-09-14,True
C,C Z17 Comdty,2017,12,2017-12-14,True
C,C H18 Comdty,2018,3,2018-03-14,True
C,C K18 Comdty,2018,5,2018-05-14,True
C,C N18 Comdty,2018,7,2018-07-13,True
C,C U18 Comdty,2018,9,2018-09-14,True
C,C Z18 Comdty,2018,12,2018-12-14,True
C,C H19 Comdty,2019,3,2019-03-14,True
C,C K19 Comdty,2019,5,2019-05-14,True
C,C N19 Comdty,2019,7,2019-07-12,True
C,C U19 Comdty,2019,9,2019-09-13,True
C,C Z19 Comdty,2019,12,2019-12-13,True
C,C H20 Comdty,2020,3,2020-03-13,True
C,C K20 Comdty,2020,5,2020-05-14,True
C,C N20 Comdty,2020,7,2020-07-14,True
C,C U20 Comdty,2020,9,2020-09-14,True
C,C Z20 Comdty,2020,12,2020-12-14,True
C,C H21 Comdty,2021,3,2021-03-12,True
C,C K21 Comdty,2021,5,2021-05-14,True
C,C N21 Comdty,2021,7,2021-07-14,True
C,C U21 Comdty,2021,9,2021-09-14,True
C,C Z21 Comdty,2021,12,2021-12-14,True
C,C H22 Comdty,2022,3,2022-03-14,True
C,C K22 Comdty,2022,5,2022-05-13,True
C,C N22 Comdty,2022,7,2022-07-14,True
C,C U22 Comdty,2022,9,2022-09-14,True
C,C Z22 Comdty,2022,12,2022-12-14,True
C,C H23 Comdty,2023,3,2023-03-14,True
C,C K23 Comdty,2023,5,2023-05-12,True
C,C N23 Comdty,2023,7,2023-07-14,True
C,C U23 Comdty,2023,9,2023-09-14,True
C,C Z23 Comdty,2023,12,2023-12-14,True
C,C H24 Comdty,2024,3,2024-03-14,True
C,C K24 Comdty,2024,5,2024-05-14,True
C,C N24 Comdty,2024,7,2024-07-12,True
C,C U24 Comdty,2024,9,2024-09-13,True
C,C Z24 Comdty,2024,12,2024-12-13,True
C,C H25 Comdty,2025,3,2025-03-14,True
C,C K25 Comdty,2025,5,2025-05-14,True
C,C N25 Comdty,2025,7,2025-07-14,True
C,C U25 Comdty,2025,9,2025-09-12,True
C,C Z5 Comdty,2025,12,2025-12-12,True
C,C H6 Comdty,2026,3,2026-03-13,True
C,C K6 Comdty,2026,5,2026-05-14,True
C,C N6 Comdty,2026,7,2026-07-14,True
C,C U6 Comdty,2026,9,2026-09-14,True
C,C Z6 Comdty,2026,12,2026-12-14,True
C,C H7 Comdty,2027,3,2027-03-12,True
C,C K7 Comdty,2027,5,2027-05-14,True
C,C N7 Comdty,2027,7,2027-07-14,True
C,C U7 Comdty,2027,9,2027-09-14,True
C,C Z7 Comdty,2027,12,2027-12-14,True
C,C H8 Comdty,2028,3,2028-03-14,True
C,C K8 Comdty,2028,5,2028-05-12,True
C,C N8 Comdty,2028,7,2028-07-14,True
C,C U8 Comdty,2028,9,2028-09-14,True
C,C Z8 Comdty,2028,12,2028-12-14,True
C,C N9 Comdty,2029,7,2029-07-13,True
C,C Z9 Comdty,2029,12,2029-12-14,True
W,W N59 Comdty,1959,7,1959-07-22,True
W,W U59 Comdty,1959,9,1959-09-21,True
W,W Z59 Comdty,1959,12,1959-12-21,True
W,W H60 Comdty,1960,3,1960-03-22,True
W,W K60 Comdty,1960,5,1960-05-19,True
W,W N60 Comdty,1960,7,1960-07-20,True
W,W U60 Comdty,1960,9,1960-09-21,True
W,W Z60 Comdty,1960,12,1960-12-20,True
W,W H61 Comdty,1961,3,1961-03-21,True
W,W K61 Comdty,1961,5,1961-05-19,True
W,W N61 Comdty,1961,7,1961-07-20,True
W,W U61 Comdty,1961,9,1961-09-20,True
W,W Z61 Comdty,1961,12,1961-12-19,True
W,W H62 Comdty,1962,3,1962-03-21,True
W,W K62 Comdty,1962,5,1962-05-21,True
W,W N62 Comdty,1962,7,1962-07-20,True
W,W U62 Comdty,1962,9,1962-09-19,True
W,W Z62 Comdty,1962,12,1962-12-18,True
W,W H63 Comdty,1963,3,1963-03-20,True
W,W K63 Comdty,1963,5,1963-05-21,True
W,W N63 Comdty,1963,7,1963-07-22,True
W,W U63 Comdty,1963,9,1963-09-19,True
W,W Z63 Comdty,1963,12,1963-12-19,True
W,W H64 Comdty,1964,3,1964-03-19,True
W,W K64 Comdty,1964,5,1964-05-19,True
W,W N64 Comdty,1964,7,1964-07-22,True
W,W U64 Comdty,1964,9,1964-09-21,True
W,W Z64 Comdty,1964,12,1964-12-21,True
W,W H65 Comdty,1965,3,1965-03-22,True
W,W K65 Comdty,1965,5,1965-05-19,True
W,W N65 Comdty,1965,7,1965-07-21,True
W,W U65 Comdty,1965,9,1965-09-21,True
W,W Z65 Comdty,1965,12,1965-12-20,True
W,W H66 Comdty,1966,3,1966-03-22,True
W,W K66 Comdty,1966,5,1966-05-19,True
W,W N66 Comdty,1966,7,1966-07-20,True
W,W U66 Comdty,1966,9,1966-09-21,True
W,W Z66 Comdty,1966,12,1966-12-20,True
W,W H67 Comdty,1967,3,1967-03-21,True
W,W K67 Comdty,1967,5,1967-05-19,True
W,W N67 Comdty,1967,7,1967-07-20,True
W,W U67 Comdty,1967,9,1967-09-20,True
W,W Z67 Comdty,1967,12,1967-12-19,True
W,W H68 Comdty,1968,3,1968-03-20,True
W,W K68 Comdty,1968,5,1968-05-21,True
W,W N68 Comdty,1968,7,1968-07-22,True
W,W U68 Comdty,1968,9,1968-09-19,True
W,W Z68 Comdty,1968,12,1968-12-19,True
W,W H69 Comdty,1969,3,1969-03-20,True
W,W K69 Comdty,1969,5,1969-05-20,True
W,W N69 Comdty,1969,7,1969-07-22,True
W,W U69 Comdty,1969,9,1969-09-19,True
W,W Z69 Comdty,1969,12,1969-12-18,True
W,W H70 Comdty,1970,3,1970-03-19,True
W,W K70 Comdty,1970,5,1970-05-19,True
W,W N70 Comdty,1970,7,1970-07-22,True
W,W U70 Comdty,1970,9,1970-09-21,True
W,W Z70 Comdty,1970,12,1970-12-21,True
W,W H71 Comdty,1971,3,1971-03-22,True
W,W K71 Comdty,1971,5,1971-05-19,True
W,W N71 Comdty,1971,7,1971-07-21,True
W,W U71 Comdty,1971,9,1971-09-21,True
W,W Z71 Comdty,1971,12,1971-12-20,True
W,W H72 Comdty,1972,3,1972-03-21,True
W,W K72 Comdty,1972,5,1972-05-19,True
W,W N72 Comdty,1972,7,1972-07-20,True
W,W U72 Comdty,1972,9,1972-09-20,True
W,W Z72 Comdty,1972,12,1972-12-19,True
W,W H73 Comdty,1973,3,1973-03-21,True
W,W K73 Comdty,1973,5,1973-05-21,True
W,W N73 Comdty,1973,7,1973-07-20,True
W,W U73 Comdty,1973,9,1973-09-19,True
W,W Z73 Comdty,1973,12,1973-12-18,True
W,W H74 Comdty,1974,3,1974-03-20,True
W,W K74 Comdty,1974,5,1974-05-21,True
W,W N74 Comdty,1974,7,1974-07-22,True
W,W U74 Comdty,1974,9,1974-09-19,True
W,W Z74 Comdty,1974,12,1974-12-19,True
W,W H75 Comdty,1975,3,1975-03-19,True
W,W K75 Comdty,1975,5,1975-05-20,True
W,W N75 Comdty,1975,7,1975-07-22,True
W,W U75 Comdty,1975,9,1975-09-19,True
W,W Z75 Comdty,1975,12,1975-12-18,True
W,W H76 Comdty,1976,3,1976-03-22,True
W,W K76 Comdty,1976,5,1976-05-19,True
W,W N76 Comdty,1976,7,1976-07-21,True
W,W U76 Comdty,1976,9,1976-09-21,True
W,W Z76 Comdty,1976,12,1976-12-20,True
W,W H77 Comdty,1977,3,1977-03-22,True
W,W K77 Comdty,1977,5,1977-05-19,True
W,W N77 Comdty,1977,7,1977-07-20,True
W,W U77 Comdty,1977,9,1977-09-21,True
W,W Z77 Comdty,1977,12,1977-12-20,True
W,W H78 Comdty,1978,3,1978-03-21,True
W,W K78 Comdty,1978,5,1978-05-19,True
W,W N78 Comdty,1978,7,1978-07-20,True
W,W U78 Comdty,1978,9,1978-09-20,True
W,W Z78 Comdty,1978,12,1978-12-19,True
W,W H79 Comdty,1979,3,1979-03-21,True
W,W K79 Comdty,1979,5,1979-05-21,True
W,W N79 Comdty,1979,7,1979-07-20,True
W,W U79 Comdty,1979,9,1979-09-19,True
W,W Z79 Comdty,1979,12,1979-12-18,True
W,W H80 Comdty,1980,3,1980-03-20,True
W,W K80 Comdty,1980,5,1980-05-20,True
W,W N80 Comdty,1980,7,1980-07-22,True
W,W U80 Comdty,1980,9,1980-09-19,True
W,W Z80 Comdty,1980,12,1980-12-18,True
W,W H81 Comdty,1981,3,1981-03-20,True
W,W K81 Comdty,1981,5,1981-05-19,True
W,W N81 Comdty,1981,7,1981-07-22,True
W,W U81 Comdty,1981,9,1981-09-21,True
W,W Z81 Comdty,1981,12,1981-12-21,True
W,W H82 Comdty,1982,3,1982-03-22,True
W,W K82 Comdty,1982,5,1982-05-19,True
W,W N82 Comdty,1982,7,1982-07-21,True
W,W U82 Comdty,1982,9,1982-09-21,True
W,W Z82 Comdty,1982,12,1982-12-20,True
W,W H83 Comdty,1983,3,1983-03-22,True
W,W K83 Comdty,1983,5,1983-05-19,True
W,W N83 Comdty,1983,7,1983-07-20,True
W,W U83 Comdty,1983,9,1983-09-21,True
W,W Z83 Comdty,1983,12,1983-12-20,True
W,W H84 Comdty,1984,3,1984-03-21,True
W,W K84 Comdty,1984,5,1984-05-21,True
W,W N84 Comdty,1984,7,1984-07-20,True
W,W U84 Comdty,1984,9,1984-09-19,True
W,W Z84 Comdty,1984,12,1984-12-19,True
W,W H85 Comdty,1985,3,1985-03-20,True
W,W K85 Comdty,1985,5,1985-05-21,True
W,W N85 Comdty,1985,7,1985-07-22,True
W,W U85 Comdty,1985,9,1985-09-19,True
W,W Z85 Comdty,1985,12,1985-12-19,True
W,W H86 Comdty,1986,3,1986-03-19,True
W,W K86 Comdty,1986,5,1986-05-20,True
W,W N86 Comdty,1986,7,1986-07-22,True
W,W U86 Comdty,1986,9,1986-09-19,True
W,W Z86 Comdty,1986,12,1986-12-19,True
W,W H87 Comdty,1987,3,1987-03-23,True
W,W K87 Comdty,1987,5,1987-05-21,True
W,W N87 Comdty,1987,7,1987-07-22,True
W,W U87 Comdty,1987,9,1987-09-22,True
W,W Z87 Comdty,1987,12,1987-12-22,True
W,W H88 Comdty,1988,3,1988-03-23,True
W,W K88 Comdty,1988,5,1988-05-19,True
W,W N88 Comdty,1988,7,1988-07-20,True
W,W U88 Comdty,1988,9,1988-09-21,True
W,W Z88 Comdty,1988,12,1988-12-20,True
W,W H89 Comdty,1989,3,1989-03-21,True
W,W K89 Comdty,1989,5,1989-05-19,True
W,W N89 Comdty,1989,7,1989-07-20,True
W,W U89 Comdty,1989,9,1989-09-20,True
W,W Z89 Comdty,1989,12,1989-12-19,True
W,W H90 Comdty,1990,3,1990-03-21,True
W,W K90 Comdty,1990,5,1990-05-21,True
W,W N90 Comdty,1990,7,1990-07-20,True
W,W U90 Comdty,1990,9,1990-09-19,True
W,W Z90 Comdty,1990,12,1990-12-19,True
W,W H91 Comdty,1991,3,1991-03-19,True
W,W K91 Comdty,1991,5,1991-05-21,True
W,W N91 Comdty,1991,7,1991-07-22,True
W,W U91 Comdty,1991,9,1991-09-19,True
W,W Z91 Comdty,1991,12,1991-12-19,True
W,W H92 Comdty,1992,3,1992-03-20,True
W,W K92 Comdty,1992,5,1992-05-19,True
W,W N92 Comdty,1992,7,1992-07-22,True
W,W U92 Comdty,1992,9,1992-09-21,True
W,W Z92 Comdty,1992,12,1992-12-21,True
W,W H93 Comdty,1993,3,1993-03-22,True
W,W K93 Comdty,1993,5,1993-05-19,True
W,W N93 Comdty,1993,7,1993-07-21,True
W,W U93 Comdty,1993,9,1993-09-21,True
W,W Z93 Comdty,1993,12,1993-12-20,True
W,W H94 Comdty,1994,3,1994-03-22,True
W,W K94 Comdty,1994,5,1994-05-19,True
W,W N94 Comdty,1994,7,1994-07-20,True
W,W U94 Comdty,1994,9,1994-09-21,True
W,W Z94 Comdty,1994,12,1994-12-20,True
W,W H95 Comdty,1995,3,1995-03-22,True
W,W K95 Comdty,1995,5,1995-05-19,True
W,W N95 Comdty,1995,7,1995-07-20,True
W,W U95 Comdty,1995,9,1995-09-20,True
W,W Z95 Comdty,1995,12,1995-12-19,True
W,W H96 Comdty,1996,3,1996-03-20,True
W,W K96 Comdty,1996,5,1996-05-21,True
W,W N96 Comdty,1996,7,1996-07-22,True
W,W U96 Comdty,1996,9,1996-09-19,True
W,W Z96 Comdty,1996,12,1996-12-19,True
W,W H97 Comdty,1997,3,1997-03-19,True
W,W K97 Comdty,1997,5,1997-05-20,True
W,W N97 Comdty,1997,7,1997-07-22,True
W,W U97 Comdty,1997,9,1997-09-19,True
W,W Z97 Comdty,1997,12,1997-12-19,True
W,W H98 Comdty,1998,3,1998-03-20,True
W,W K98 Comdty,1998,5,1998-05-19,True
W,W N98 Comdty,1998,7,1998-07-22,True
W,W U98 Comdty,1998,9,1998-09-21,True
W,W Z98 Comdty,1998,12,1998-12-21,True
W,W H99 Comdty,1999,3,1999-03-22,True
W,W K99 Comdty,1999,5,1999-05-19,True
W,W N99 Comdty,1999,7,1999-07-21,True
W,W U99 Comdty,1999,9,1999-09-21,True
W,W Z99 Comdty,1999,12,1999-12-20,True
W,W H00 Comdty,2000,3,2000-03-14,True
W,W K00 Comdty,2000,5,2000-05-12,True
W,W N00 Comdty,2000,7,2000-07-14,True
W,W U00 Comdty,2000,9,2000-09-14,True
W,W Z00 Comdty,2000,12,2000-12-14,True
W,W H01 Comdty,2001,3,2001-03-14,True
W,W K01 Comdty,2001,5,2001-05-14,True
W,W N01 Comdty,2001,7,2001-07-13,True
W,W U01 Comdty,2001,9,2001-09-14,True
W,W Z01 Comdty,2001,12,2001-12-14,True
W,W H02 Comdty,2002,3,2002-03-14,True
W,W K02 Comdty,2002,5,2002-05-14,True
W,W N02 Comdty,2002,7,2002-07-12,True
W,W U02 Comdty,2002,9,2002-09-13,True
W,W Z02 Comdty,2002,12,2002-12-13,True
W,W H03 Comdty,2003,3,2003-03-14,True
W,W K03 Comdty,2003,5,2003-05-14,True
W,W N03 Comdty,2003,7,2003-07-14,True
W,W U03 Comdty,2003,9,2003-09-12,True
W,W Z03 Comdty,2003,12,2003-12-12,True
W,W H04 Comdty,2004,3,2004-03-12,True
W,W K04 Comdty,2004,5,2004-05-14,True
W,W N04 Comdty,2004,7,2004-07-14,True
W,W U04 Comdty,2004,9,2004-09-14,True
W,W Z04 Comdty,2004,12,2004-12-14,True
W,W H05 Comdty,2005,3,2005-03-14,True
W,W K05 Comdty,2005,5,2005-05-13,True
W,W N05 Comdty,2005,7,2005-07-14,True
W,W U05 Comdty,2005,9,2005-09-14,True
W,W Z05 Comdty,2005,12,2005-12-14,True
W,W H06 Comdty,2006,3,2006-03-14,True
W,W K06 Comdty,2006,5,2006-05-12,True
W,W N06 Comdty,2006,7,2006-07-14,True
W,W U06 Comdty,2006,9,2006-09-14,True
W,W Z06 Comdty,2006,12,2006-12-14,True
W,W H07 Comdty,2007,3,2007-03-14,True
W,W K07 Comdty,2007,5,2007-05-14,True
W,W N07 Comdty,2007,7,2007-07-13,True
W,W U07 Comdty,2007,9,2007-09-14,True
W,W Z07 Comdty,2007,12,2007-12-14,True
W,W H08 Comdty,2008,3,2008-03-14,True
W,W K08 Comdty,2008,5,2008-05-14,True
W,W N08 Comdty,2008,7,2008-07-14,True
W,W U08 Comdty,2008,9,2008-09-12,True
W,W Z08 Comdty,2008,12,2008-12-12,True
W,W H09 Comdty,2009,3,2009-03-13,True
W,W K09 Comdty,2009,5,2009-05-14,True
W,W N09 Comdty,2009,7,2009-07-14,True
W,W U09 Comdty,2009,9,2009-09-14,True
W,W Z09 Comdty,2009,12,2009-12-14,True
W,W H10 Comdty,2010,3,2010-03-12,True
W,W K10 Comdty,2010,5,2010-05-14,True
W,W N10 Comdty,2010,7,2010-07-14,True
W,W U10 Comdty,2010,9,2010-09-14,True
W,W Z10 Comdty,2010,12,2010-12-14,True
W,W H11 Comdty,2011,3,2011-03-14,True
W,W K11 Comdty,2011,5,2011-05-13,True
W,W N11 Comdty,2011,7,2011-07-14,True
W,W U11 Comdty,2011,9,2011-09-14,True
W,W Z11 Comdty,2011,12,2011-12-14,True
W,W H12 Comdty,2012,3,2012-03-14,True
W,W K12 Comdty,2012,5,2012-05-14,True
W,W N12 Comdty,2012,7,2012-07-13,True
W,W U12 Comdty,2012,9,2012-09-14,True
W,W Z12 Comdty,2012,12,2012-12-14,True
W,W H13 Comdty,2013,3,2013-03-14,True
W,W K13 Comdty,2013,5,2013-05-14,True
W,W N13 Comdty,2013,7,2013-07-12,True
W,W U13 Comdty,2013,9,2013-09-13,True
W,W Z13 Comdty,2013,12,2013-12-13,True
W,W H14 Comdty,2014,3,2014-03-14,True
W,W K14 Comdty,2014,5,2014-05-14,True
W,W N14 Comdty,2014,7,2014-07-14,True
W,W U14 Comdty,2014,9,2014-09-12,True
W,W Z14 Comdty,2014,12,2014-12-12,True
W,W H15 Comdty,2015,3,2015-03-13,True
W,W K15 Comdty,2015,5,2015-05-14,True
W,W N15 Comdty,2015,7,2015-07-14,True
W,W U15 Comdty,2015,9,2015-09-14,True
W,W Z15 Comdty,2015,12,2015-12-14,True
W,W H16 Comdty,2016,3,2016-03-14,True
W,W K16 Comdty,2016,5,2016-05-13,True
W,W N16 Comdty,2016,7,2016-07-14,True
W,W U16 Comdty,2016,9,2016-09-14,True
W,W Z16 Comdty,2016,12,2016-12-14,True
W,W H17 Comdty,2017,3,2017-03-14,True
W,W K17 Comdty,2017,5,2017-05-12,True
W,W N17 Comdty,2017,7,2017-07-14,True
W,W U17 Comdty,2017,9,2017-09-14,True
W,W Z17 Comdty,2017,12,2017-12-14,True
W,W H18 Comdty,2018,3,2018-03-14,True
W,W K18 Comdty,2018,5,2018-05-14,True
W,W N18 Comdty,2018,7,2018-07-13,True
W,W U18 Comdty,2018,9,2018-09-14,True
W,W Z18 Comdty,2018,12,2018-12-14,True
W,W H19 Comdty,2019,3,2019-03-14,True
W,W K19 Comdty,2019,5,2019-05-14,True
W,W N19 Comdty,2019,7,2019-07-12,True
W,W U19 Comdty,2019,9,2019-09-13,True
W,W Z19 Comdty,2019,12,2019-12-13,True
W,W H20 Comdty,2020,3,2020-03-13,True
W,W K20 Comdty,2020,5,2020-05-14,True
W,W N20 Comdty,2020,7,2020-07-14,True
W,W U20 Comdty,2020,9,2020-09-14,True
W,W Z20 Comdty,2020,12,2020-12-14,True
W,W H21 Comdty,2021,3,2021-03-12,True
W,W K21 Comdty,2021,5,2021-05-14,True
W,W N21 Comdty,2021,7,2021-07-14,True
W,W U21 Comdty,2021,9,2021-09-14,True
W,W Z21 Comdty,2021,12,2021-12-14,True
W,W H22 Comdty,2022,3,2022-03-14,True
W,W K22 Comdty,2022,5,2022-05-13,True
W,W N22 Comdty,2022,7,2022-07-14,True
W,W U22 Comdty,2022,9,2022-09-14,True
W,W Z22 Comdty,2022,12,2022-12-14,True
W,W H23 Comdty,2023,3,2023-03-14,True
W,W K23 Comdty,2023,5,2023-05-12,True
W,W N23 Comdty,2023,7,2023-07-14,True
W,W U23 Comdty,2023,9,2023-09-14,True
W,W Z23 Comdty,2023,12,2023-12-14,True
W,W H24 Comdty,2024,3,2024-03-14,True
W,W K24 Comdty,2024,5,2024-05-14,True
W,W N24 Comdty,2024,7,2024-07-12,True
W,W U24 Comdty,2024,9,2024-09-13,True
W,W Z24 Comdty,2024,12,2024-12-13,True
W,W H25 Comdty,2025,3,2025-03-14,True
W,W K25 Comdty,2025,5,2025-05-14,True
W,W N25 Comdty,2025,7,2025-07-14,True
W,W U25 Comdty,2025,9,2025-09-12,True
W,W Z5 Comdty,2025,12,2025-12-12,True
W,W H6 Comdty,2026,3,2026-03-13,True
W,W K6 Comdty,2026,5,2026-05-14,True
W,W N6 Comdty,2026,7,2026-07-14,True
W,W U6 Comdty,2026,9,2026-09-14,True
W,W Z6 Comdty,2026,12,2026-12-14,True
W,W H7 Comdty,2027,3,2027-03-12,True
W,W K7 Comdty,2027,5,2027-05-14,True
W,W N7 Comdty,2027,7,2027-07-14,True
W,W U7 Comdty,2027,9,2027-09-14,True
W,W Z7 Comdty,2027,12,2027-12-14,True
W,W H8 Comdty,2028,3,2028-03-14,True
W,W K8 Comdty,2028,5,2028-05-12,True
W,W N8 Comdty,2028,7,2028-07-14,True
W,W U8 Comdty,2028,9,2028-09-14,True
W,W Z8 Comdty,2028,12,2028-12-14,True
W,W H9 Comdty,2029,3,2029-03-14,True
W,W K9 Comdty,2029,5,2029-05-14,True
W,W N9 Comdty,2029,7,2029-07-13,True
S,S U59 Comdty,1959,9,1959-09-21,True
S,S X59 Comdty,1959,11,1959-11-18,True
S,S F60 Comdty,1960,1,1960-01-20,True
S,S H60 Comdty,1960,3,1960-03-22,True
S,S K60 Comdty,1960,5,1960-05-19,True
S,S N60 Comdty,1960,7,1960-07-20,True
S,S U60 Comdty,1960,9,1960-09-21,True
S,S X60 Comdty,1960,11,1960-11-18,True
S,S F61 Comdty,1961,1,1961-01-13,True
S,S H61 Comdty,1961,3,1961-03-21,True
S,S K61 Comdty,1961,5,1961-05-19,True
S,S N61 Comdty,1961,7,1961-07-20,True
S,S U61 Comdty,1961,9,1961-09-20,True
S,S X61 Comdty,1961,11,1961-11-20,True
S,S F62 Comdty,1962,1,1962-01-22,True
S,S H62 Comdty,1962,3,1962-03-21,True
S,S K62 Comdty,1962,5,1962-05-21,True
S,S N62 Comdty,1962,7,1962-07-20,True
S,S Q62 Comdty,1962,8,1962-08-22,True
S,S U62 Comdty,1962,9,1962-09-19,True
S,S X62 Comdty,1962,11,1962-11-20,True
S,S F63 Comdty,1963,1,1963-01-22,True
S,S H63 Comdty,1963,3,1963-03-20,True
S,S K63 Comdty,1963,5,1963-05-21,True
S,S N63 Comdty,1963,7,1963-07-22,True
S,S Q63 Comdty,1963,8,1963-08-21,True
S,S U63 Comdty,1963,9,1963-09-19,True
S,S X63 Comdty,1963,11,1963-11-19,True
S,S F64 Comdty,1964,1,1964-01-22,True
S,S H64 Comdty,1964,3,1964-03-19,True
S,S K64 Comdty,1964,5,1964-05-19,True
S,S N64 Comdty,1964,7,1964-07-22,True
S,S Q64 Comdty,1964,8,1964-08-20,True
S,S U64 Comdty,1964,9,1964-09-21,True
S,S X64 Comdty,1964,11,1964-11-18,True
S,S F65 Comdty,1965,1,1965-01-20,True
S,S H65 Comdty,1965,3,1965-03-22,True
S,S K65 Comdty,1965,5,1965-05-19,True
S,S N65 Comdty,1965,7,1965-07-21,True
S,S Q65 Comdty,1965,8,1965-08-20,True
S,S U65 Comdty,1965,9,1965-09-21,True
S,S X65 Comdty,1965,11,1965-11-18,True
S,S F66 Comdty,1966,1,1965-12-30,True
S,S H66 Comdty,1966,3,1966-03-22,True
S,S K66 Comdty,1966,5,1966-05-19,True
S,S N66 Comdty,1966,7,1966-07-20,True
S,S Q66 Comdty,1966,8,1966-08-22,True
S,S U66 Comdty,1966,9,1966-09-21,True
S,S X66 Comdty,1966,11,1966-11-18,True
S,S F67 Comdty,1967,1,1967-01-20,True
S,S H67 Comdty,1967,3,1967-03-21,True
S,S K67 Comdty,1967,5,1967-05-19,True
S,S N67 Comdty,1967,7,1967-07-20,True
S,S Q67 Comdty,1967,8,1967-08-22,True
S,S U67 Comdty,1967,9,1967-09-20,True
S,S X67 Comdty,1967,11,1967-11-20,True
S,S F68 Comdty,1968,1,1968-01-22,True
S,S H68 Comdty,1968,3,1968-03-20,True
S,S K68 Comdty,1968,5,1968-05-21,True
S,S N68 Comdty,1968,7,1968-07-22,True
S,S Q68 Comdty,1968,8,1968-08-21,True
S,S U68 Comdty,1968,9,1968-09-19,True
S,S X68 Comdty,1968,11,1968-11-19,True
S,S F69 Comdty,1969,1,1969-01-22,True
S,S H69 Comdty,1969,3,1969-03-20,True
S,S K69 Comdty,1969,5,1969-05-20,True
S,S N69 Comdty,1969,7,1969-07-22,True
S,S Q69 Comdty,1969,8,1969-08-20,True
S,S U69 Comdty,1969,9,1969-09-19,True
S,S X69 Comdty,1969,11,1969-11-18,True
S,S F70 Comdty,1970,1,1970-01-21,True
S,S H70 Comdty,1970,3,1970-03-19,True
S,S K70 Comdty,1970,5,1970-05-19,True
S,S N70 Comdty,1970,7,1970-07-22,True
S,S Q70 Comdty,1970,8,1970-08-20,True
S,S U70 Comdty,1970,9,1970-09-21,True
S,S X70 Comdty,1970,11,1970-11-18,True
S,S F71 Comdty,1971,1,1971-01-20,True
S,S H71 Comdty,1971,3,1971-03-22,True
S,S K71 Comdty,1971,5,1971-05-19,True
S,S N71 Comdty,1971,7,1971-07-21,True
S,S Q71 Comdty,1971,8,1971-08-20,True
S,S U71 Comdty,1971,9,1971-09-21,True
S,S X71 Comdty,1971,11,1971-11-18,True
S,S F72 Comdty,1972,1,1972-01-20,True
S,S H72 Comdty,1972,3,1972-03-21,True
S,S K72 Comdty,1972,5,1972-05-19,True
S,S N72 Comdty,1972,7,1972-07-20,True
S,S Q72 Comdty,1972,8,1972-08-22,True
S,S U72 Comdty,1972,9,1972-09-20,True
S,S X72 Comdty,1972,11,1972-11-20,True
S,S F73 Comdty,1973,1,1973-01-22,True
S,S H73 Comdty,1973,3,1973-03-21,True
S,S K73 Comdty,1973,5,1973-05-21,True
S,S N73 Comdty,1973,7,1973-07-20,True
S,S Q73 Comdty,1973,8,1973-08-22,True
S,S U73 Comdty,1973,9,1973-09-19,True
S,S X73 Comdty,1973,11,1973-11-20,True
S,S F74 Comdty,1974,1,1974-01-22,True
S,S H74 Comdty,1974,3,1974-03-20,True
S,S K74 Comdty,1974,5,1974-05-21,True
S,S N74 Comdty,1974,7,1974-07-22,True
S,S Q74 Comdty,1974,8,1974-08-21,True
S,S U74 Comdty,1974,9,1974-09-19,True
S,S X74 Comdty,1974,11,1974-11-19,True
S,S F75 Comdty,1975,1,1975-01-22,True
S,S H75 Comdty,1975,3,1975-03-19,True
S,S K75 Comdty,1975,5,1975-05-20,True
S,S N75 Comdty,1975,7,1975-07-22,True
S,S Q75 Comdty,1975,8,1975-08-20,True
S,S U75 Comdty,1975,9,1975-09-19,True
S,S X75 Comdty,1975,11,1975-11-18,True
S,S F76 Comdty,1976,1,1976-01-21,True
S,S H76 Comdty,1976,3,1976-03-22,True
S,S K76 Comdty,1976,5,1976-05-19,True
S,S N76 Comdty,1976,7,1976-07-21,True
S,S Q76 Comdty,1976,8,1976-08-20,True
S,S U76 Comdty,1976,9,1976-09-21,True
S,S X76 Comdty,1976,11,1976-11-18,True
S,S F77 Comdty,1977,1,1977-01-20,True
S,S H77 Comdty,1977,3,1977-03-22,True
S,S K77 Comdty,1977,5,1977-05-19,True
S,S N77 Comdty,1977,7,1977-07-20,True
S,S Q77 Comdty,1977,8,1977-08-22,True
S,S U77 Comdty,1977,9,1977-09-21,True
S,S X77 Comdty,1977,11,1977-11-18,True
S,S F78 Comdty,1978,1,1978-01-20,True
S,S H78 Comdty,1978,3,1978-03-21,True
S,S K78 Comdty,1978,5,1978-05-19,True
S,S N78 Comdty,1978,7,1978-07-20,True
S,S Q78 Comdty,1978,8,1978-08-22,True
S,S U78 Comdty,1978,9,1978-09-20,True
S,S X78 Comdty,1978,11,1978-11-20,True
S,S F79 Comdty,1979,1,1979-01-22,True
S,S H79 Comdty,1979,3,1979-03-21,True
S,S K79 Comdty,1979,5,1979-05-21,True
S,S N79 Comdty,1979,7,1979-07-20,True
S,S Q79 Comdty,1979,8,1979-08-22,True
S,S U79 Comdty,1979,9,1979-09-19,True
S,S X79 Comdty,1979,11,1979-11-20,True
S,S F80 Comdty,1980,1,1980-01-22,True
S,S H80 Comdty,1980,3,1980-03-20,True
S,S K80 Comdty,1980,5,1980-05-20,True
S,S N80 Comdty,1980,7,1980-07-22,True
S,S Q80 Comdty,1980,8,1980-08-20,True
S,S U80 Comdty,1980,9,1980-09-19,True
S,S X80 Comdty,1980,11,1980-11-18,True
S,S F81 Comdty,1981,1,1981-01-21,True
S,S H81 Comdty,1981,3,1981-03-20,True
S,S K81 Comdty,1981,5,1981-05-19,True
S,S N81 Comdty,1981,7,1981-07-22,True
S,S Q81 Comdty,1981,8,1981-08-20,True
S,S U81 Comdty,1981,9,1981-09-21,True
S,S X81 Comdty,1981,11,1981-11-18,True
S,S F82 Comdty,1982,1,1982-01-20,True
S,S H82 Comdty,1982,3,1982-03-22,True
S,S K82 Comdty,1982,5,1982-05-19,True
S,S N82 Comdty,1982,7,1982-07-21,True
S,S Q82 Comdty,1982,8,1982-08-20,True
S,S U82 Comdty,1982,9,1982-09-21,True
S,S X82 Comdty,1982,11,1982-11-18,True
S,S F83 Comdty,1983,1,1983-01-20,True
S,S H83 Comdty,1983,3,1983-03-22,True
S,S K83 Comdty,1983,5,1983-05-19,True
S,S N83 Comdty,1983,7,1983-07-20,True
S,S Q83 Comdty,1983,8,1983-08-22,True
S,S U83 Comdty,1983,9,1983-09-21,True
S,S X83 Comdty,1983,11,1983-11-18,True
S,S F84 Comdty,1984,1,1984-01-20,True
S,S H84 Comdty,1984,3,1984-03-21,True
S,S K84 Comdty,1984,5,1984-05-21,True
S,S N84 Comdty,1984,7,1984-07-20,True
S,S Q84 Comdty,1984,8,1984-08-22,True
S,S U84 Comdty,1984,9,1984-09-19,True
S,S X84 Comdty,1984,11,1984-11-20,True
S,S F85 Comdty,1985,1,1985-01-22,True
S,S H85 Comdty,1985,3,1985-03-20,True
S,S K85 Comdty,1985,5,1985-05-21,True
S,S N85 Comdty,1985,7,1985-07-22,True
S,S Q85 Comdty,1985,8,1985-08-21,True
S,S U85 Comdty,1985,9,1985-09-19,True
S,S X85 Comdty,1985,11,1985-11-19,True
S,S F86 Comdty,1986,1,1986-01-22,True
S,S H86 Comdty,1986,3,1986-03-19,True
S,S K86 Comdty,1986,5,1986-05-20,True
S,S N86 Comdty,1986,7,1986-07-22,True
S,S Q86 Comdty,1986,8,1986-08-20,True
S,S U86 Comdty,1986,9,1986-09-19,True
S,S X86 Comdty,1986,11,1986-11-18,True
S,S F87 Comdty,1987,1,1987-01-21,True
S,S H87 Comdty,1987,3,1987-03-20,True
S,S K87 Comdty,1987,5,1987-05-19,True
S,S N87 Comdty,1987,7,1987-07-22,True
S,S Q87 Comdty,1987,8,1987-08-20,True
S,S U87 Comdty,1987,9,1987-09-21,True
S,S X87 Comdty,1987,11,1987-11-18,True
S,S F88 Comdty,1988,1,1988-01-20,True
S,S H88 Comdty,1988,3,1988-03-22,True
S,S K88 Comdty,1988,5,1988-05-19,True
S,S N88 Comdty,1988,7,1988-07-20,True
S,S Q88 Comdty,1988,8,1988-08-22,True
S,S U88 Comdty,1988,9,1988-09-21,True
S,S X88 Comdty,1988,11,1988-11-18,True
S,S F89 Comdty,1989,1,1989-01-20,True
S,S H89 Comdty,1989,3,1989-03-21,True
S,S K89 Comdty,1989,5,1989-05-19,True
S,S N89 Comdty,1989,7,1989-07-20,True
S,S Q89 Comdty,1989,8,1989-08-22,True
S,S U89 Comdty,1989,9,1989-09-20,True
S,S X89 Comdty,1989,11,1989-11-20,True
S,S F90 Comdty,1990,1,1990-01-22,True
S,S H90 Comdty,1990,3,1990-03-21,True
S,S K90 Comdty,1990,5,1990-05-21,True
S,S N90 Comdty,1990,7,1990-07-20,True
S,S Q90 Comdty,1990,8,1990-08-22,True
S,S U90 Comdty,1990,9,1990-09-19,True
S,S X90 Comdty,1990,11,1990-11-20,True
S,S F91 Comdty,1991,1,1991-01-22,True
S,S H91 Comdty,1991,3,1991-03-19,True
S,S K91 Comdty,1991,5,1991-05-21,True
S,S N91 Comdty,1991,7,1991-07-22,True
S,S Q91 Comdty,1991,8,1991-08-21,True
S,S U91 Comdty,1991,9,1991-09-19,True
S,S X91 Comdty,1991,11,1991-11-19,True
S,S F92 Comdty,1992,1,1992-01-22,True
S,S H92 Comdty,1992,3,1992-03-20,True
S,S K92 Comdty,1992,5,1992-05-19,True
S,S N92 Comdty,1992,7,1992-07-22,True
S,S Q92 Comdty,1992,8,1992-08-20,True
S,S U92 Comdty,1992,9,1992-09-21,True
S,S X92 Comdty,1992,11,1992-11-18,True
S,S F93 Comdty,1993,1,1993-01-20,True
S,S H93 Comdty,1993,3,1993-03-22,True
S,S K93 Comdty,1993,5,1993-05-19,True
S,S N93 Comdty,1993,7,1993-07-21,True
S,S Q93 Comdty,1993,8,1993-08-20,True
S,S U93 Comdty,1993,9,1993-09-21,True
S,S X93 Comdty,1993,11,1993-11-18,True
S,S F94 Comdty,1994,1,1994-01-20,True
S,S H94 Comdty,1994,3,1994-03-22,True
S,S K94 Comdty,1994,5,1994-05-19,True
S,S N94 Comdty,1994,7,1994-07-20,True
S,S Q94 Comdty,1994,8,1994-08-22,True
S,S U94 Comdty,1994,9,1994-09-21,True
S,S X94 Comdty,1994,11,1994-11-18,True
S,S F95 Comdty,1995,1,1995-01-20,True
S,S H95 Comdty,1995,3,1995-03-22,True
S,S K95 Comdty,1995,5,1995-05-19,True
S,S N95 Comdty,1995,7,1995-07-20,True
S,S Q95 Comdty,1995,8,1995-08-22,True
S,S U95 Comdty,1995,9,1995-09-20,True
S,S X95 Comdty,1995,11,1995-11-20,True
S,S F96 Comdty,1996,1,1996-01-22,True
S,S H96 Comdty,1996,3,1996-03-20,True
S,S K96 Comdty,1996,5,1996-05-21,True
S,S N96 Comdty,1996,7,1996-07-22,True
S,S Q96 Comdty,1996,8,1996-08-21,True
S,S U96 Comdty,1996,9,1996-09-19,True
S,S X96 Comdty,1996,11,1996-11-19,True
S,S F97 Comdty,1997,1,1997-01-22,True
S,S H97 Comdty,1997,3,1997-03-19,True
S,S K97 Comdty,1997,5,1997-05-20,True
S,S N97 Comdty,1997,7,1997-07-22,True
S,S Q97 Comdty,1997,8,1997-08-20,True
S,S U97 Comdty,1997,9,1997-09-19,True
S,S X97 Comdty,1997,11,1997-11-18,True
S,S F98 Comdty,1998,1,1998-01-21,True
S,S H98 Comdty,1998,3,1998-03-20,True
S,S K98 Comdty,1998,5,1998-05-19,True
S,S N98 Comdty,1998,7,1998-07-22,True
S,S Q98 Comdty,1998,8,1998-08-20,True
S,S U98 Comdty,1998,9,1998-09-21,True
S,S X98 Comdty,1998,11,1998-11-18,True
S,S F99 Comdty,1999,1,1999-01-20,True
S,S H99 Comdty,1999,3,1999-03-22,True
S,S K99 Comdty,1999,5,1999-05-19,True
S,S N99 Comdty,1999,7,1999-07-21,True
S,S Q99 Comdty,1999,8,1999-08-20,True
S,S U99 Comdty,1999,9,1999-09-21,True
S,S X99 Comdty,1999,11,1999-11-18,True
S,S F00 Comdty,2000,1,2000-01-14,True
S,S H00 Comdty,2000,3,2000-03-14,True
S,S K00 Comdty,2000,5,2000-05-12,True
S,S N00 Comdty,2000,7,2000-07-14,True
S,S Q00 Comdty,2000,8,2000-08-14,True
S,S U00 Comdty,2000,9,2000-09-14,True
S,S X00 Comdty,2000,11,2000-11-14,True
S,S F01 Comdty,2001,1,2001-01-12,True
S,S H01 Comdty,2001,3,2001-03-14,True
S,S K01 Comdty,2001,5,2001-05-14,True
S,S N01 Comdty,2001,7,2001-07-13,True
S,S Q01 Comdty,2001,8,2001-08-14,True
S,S U01 Comdty,2001,9,2001-09-14,True
S,S X01 Comdty,2001,11,2001-11-14,True
S,S F02 Comdty,2002,1,2002-01-14,True
S,S H02 Comdty,2002,3,2002-03-14,True
S,S K02 Comdty,2002,5,2002-05-14,True
S,S N02 Comdty,2002,7,2002-07-12,True
S,S Q02 Comdty,2002,8,2002-08-14,True
S,S U02 Comdty,2002,9,2002-09-13,True
S,S X02 Comdty,2002,11,2002-11-14,True
S,S F03 Comdty,2003,1,2003-01-14,True
S,S H03 Comdty,2003,3,2003-03-14,True
S,S K03 Comdty,2003,5,2003-05-14,True
S,S N03 Comdty,2003,7,2003-07-14,True
S,S Q03 Comdty,2003,8,2003-08-14,True
S,S U03 Comdty,2003,9,2003-09-12,True
S,S X03 Comdty,2003,11,2003-11-14,True
S,S F04 Comdty,2004,1,2004-01-14,True
S,S H04 Comdty,2004,3,2004-03-12,True
S,S K04 Comdty,2004,5,2004-05-14,True
S,S N04 Comdty,2004,7,2004-07-14,True
S,S Q04 Comdty,2004,8,2004-08-13,True
S,S U04 Comdty,2004,9,2004-09-14,True
S,S X04 Comdty,2004,11,2004-11-12,True
S,S F05 Comdty,2005,1,2005-01-14,True
S,S H05 Comdty,2005,3,2005-03-14,True
S,S K05 Comdty,2005,5,2005-05-13,True
S,S N05 Comdty,2005,7,2005-07-14,True
S,S Q05 Comdty,2005,8,2005-08-12,True
S,S U05 Comdty,2005,9,2005-09-14,True
S,S X05 Comdty,2005,11,2005-11-14,True
S,S F06 Comdty,2006,1,2006-01-13,True
S,S H06 Comdty,2006,3,2006-03-14,True
S,S K06 Comdty,2006,5,2006-05-12,True
S,S N06 Comdty,2006,7,2006-07-14,True
S,S Q06 Comdty,2006,8,2006-08-14,True
S,S U06 Comdty,2006,9,2006-09-14,True
S,S X06 Comdty,2006,11,2006-11-14,True
S,S F07 Comdty,2007,1,2007-01-12,True
S,S H07 Comdty,2007,3,2007-03-14,True
S,S K07 Comdty,2007,5,2007-05-14,True
S,S N07 Comdty,2007,7,2007-07-13,True
S,S Q07 Comdty,2007,8,2007-08-14,True
S,S U07 Comdty,2007,9,2007-09-14,True
S,S X07 Comdty,2007,11,2007-11-14,True
S,S F08 Comdty,2008,1,2008-01-14,True
S,S H08 Comdty,2008,3,2008-03-14,True
S,S K08 Comdty,2008,5,2008-05-14,True
S,S N08 Comdty,2008,7,2008-07-14,True
S,S Q08 Comdty,2008,8,2008-08-14,True
S,S U08 Comdty,2008,9,2008-09-12,True
S,S X08 Comdty,2008,11,2008-11-14,True
S,S F09 Comdty,2009,1,2009-01-14,True
S,S H09 Comdty,2009,3,2009-03-13,True
S,S K09 Comdty,2009,5,2009-05-14,True
S,S N09 Comdty,2009,7,2009-07-14,True
S,S Q09 Comdty,2009,8,2009-08-14,True
S,S U09 Comdty,2009,9,2009-09-14,True
S,S X09 Comdty,2009,11,2009-11-13,True
S,S F10 Comdty,2010,1,2010-01-14,True
S,S H10 Comdty,2010,3,2010-03-12,True
S,S K10 Comdty,2010,5,2010-05-14,True
S,S N10 Comdty,2010,7,2010-07-14,True
S,S Q10 Comdty,2010,8,2010-08-13,True
S,S U10 Comdty,2010,9,2010-09-14,True
S,S X10 Comdty,2010,11,2010-11-12,True
S,S F11 Comdty,2011,1,2011-01-14,True
S,S H11 Comdty,2011,3,2011-03-14,True
S,S K11 Comdty,2011,5,2011-05-13,True
S,S N11 Comdty,2011,7,2011-07-14,True
S,S Q11 Comdty,2011,8,2011-08-12,True
S,S U11 Comdty,2011,9,2011-09-14,True
S,S X11 Comdty,2011,11,2011-11-14,True
S,S F12 Comdty,2012,1,2012-01-13,True
S,S H12 Comdty,2012,3,2012-03-14,True
S,S K12 Comdty,2012,5,2012-05-14,True
S,S N12 Comdty,2012,7,2012-07-13,True
S,S Q12 Comdty,2012,8,2012-08-14,True
S,S U12 Comdty,2012,9,2012-09-14,True
S,S X12 Comdty,2012,11,2012-11-14,True
S,S F13 Comdty,2013,1,2013-01-14,True
S,S H13 Comdty,2013,3,2013-03-14,True
S,S K13 Comdty,2013,5,2013-05-14,True
S,S N13 Comdty,2013,7,2013-07-12,True
S,S Q13 Comdty,2013,8,2013-08-14,True
S,S U13 Comdty,2013,9,2013-09-13,True
S,S X13 Comdty,2013,11,2013-11-14,True
S,S F14 Comdty,2014,1,2014-01-14,True
S,S H14 Comdty,2014,3,2014-03-14,True
S,S K14 Comdty,2014,5,2014-05-14,True
S,S N14 Comdty,2014,7,2014-07-14,True
S,S Q14 Comdty,2014,8,2014-08-14,True
S,S U14 Comdty,2014,9,2014-09-12,True
S,S X14 Comdty,2014,11,2014-11-14,True
S,S F15 Comdty,2015,1,2015-01-14,True
S,S H15 Comdty,2015,3,2015-03-13,True
S,S K15 Comdty,2015,5,2015-05-14,True
S,S N15 Comdty,2015,7,2015-07-14,True
S,S Q15 Comdty,2015,8,2015-08-14,True
S,S U15 Comdty,2015,9,2015-09-14,True
S,S X15 Comdty,2015,11,2015-11-13,True
S,S F16 Comdty,2016,1,2016-01-14,True
S,S H16 Comdty,2016,3,2016-03-14,True
S,S K16 Comdty,2016,5,2016-05-13,True
S,S N16 Comdty,2016,7,2016-07-14,True
S,S Q16 Comdty,2016,8,2016-08-12,True
S,S U16 Comdty,2016,9,2016-09-14,True
S,S X16 Comdty,2016,11,2016-11-14,True
S,S F17 Comdty,2017,1,2017-01-13,True
S,S H17 Comdty,2017,3,2017-03-14,True
S,S K17 Comdty,2017,5,2017-05-12,True
S,S N17 Comdty,2017,7,2017-07-14,True
S,S Q17 Comdty,2017,8,2017-08-14,True
S,S U17 Comdty,2017,9,2017-09-14,True
S,S X17 Comdty,2017,11,2017-11-14,True
S,S F18 Comdty,2018,1,2018-01-12,True
S,S H18 Comdty,2018,3,2018-03-14,True
S,S K18 Comdty,2018,5,2018-05-14,True
S,S N18 Comdty,2018,7,2018-07-13,True
S,S Q18 Comdty,2018,8,2018-08-14,True
S,S U18 Comdty,2018,9,2018-09-14,True
S,S X18 Comdty,2018,11,2018-11-14,True
S,S F19 Comdty,2019,1,2019-01-14,True
S,S H19 Comdty,2019,3,2019-03-14,True
S,S K19 Comdty,2019,5,2019-05-14,True
S,S N19 Comdty,2019,7,2019-07-12,True
S,S Q19 Comdty,2019,8,2019-08-14,True
S,S U19 Comdty,2019,9,2019-09-13,True
S,S X19 Comdty,2019,11,2019-11-14,True
S,S F20 Comdty,2020,1,2020-01-14,True
S,S H20 Comdty,2020,3,2020-03-13,True
S,S K20 Comdty,2020,5,2020-05-14,True
S,S N20 Comdty,2020,7,2020-07-14,True
S,S Q20 Comdty,2020,8,2020-08-14,True
S,S U20 Comdty,2020,9,2020-09-14,True
S,S X20 Comdty,2020,11,2020-11-13,True
S,S F21 Comdty,2021,1,2021-01-14,True
S,S H21 Comdty,2021,3,2021-03-12,True
S,S K21 Comdty,2021,5,2021-05-14,True
S,S N21 Comdty,2021,7,2021-07-14,True
S,S Q21 Comdty,2021,8,2021-08-13,True
S,S U21 Comdty,2021,9,2021-09-14,True
S,S X21 Comdty,2021,11,2021-11-12,True
S,S F22 Comdty,2022,1,2022-01-14,True
S,S H22 Comdty,2022,3,2022-03-14,True
S,S K22 Comdty,2022,5,2022-05-13,True
S,S N22 Comdty,2022,7,2022-07-14,True
S,S Q22 Comdty,2022,8,2022-08-12,True
S,S U22 Comdty,2022,9,2022-09-14,True
S,S X22 Comdty,2022,11,2022-11-14,True
S,S F23 Comdty,2023,1,2023-01-13,True
S,S H23 Comdty,2023,3,2023-03-14,True
S,S K23 Comdty,2023,5,2023-05-12,True
S,S N23 Comdty,2023,7,2023-07-14,True
S,S Q23 Comdty,2023,8,2023-08-14,True
S,S U23 Comdty,2023,9,2023-09-14,True
S,S X23 Comdty,2023,11,2023-11-14,True
S,S F24 Comdty,2024,1,2024-01-12,True
S,S H24 Comdty,2024,3,2024-03-14,True
S,S K24 Comdty,2024,5,2024-05-14,True
S,S N24 Comdty,2024,7,2024-07-12,True
S,S Q24 Comdty,2024,8,2024-08-14,True
S,S U24 Comdty,2024,9,2024-09-13,True
S,S X24 Comdty,2024,11,2024-11-14,True
S,S F25 Comdty,2025,1,2025-01-14,True
S,S H25 Comdty,2025,3,2025-03-14,True
S,S K25 Comdty,2025,5,2025-05-14,True
S,S N25 Comdty,2025,7,2025-07-14,True
S,S Q25 Comdty,2025,8,2025-08-14,True
S,S U25 Comdty,2025,9,2025-09-12,True
S,S X5 Comdty,2025,11,2025-11-14,True
S,S F6 Comdty,2026,1,2026-01-14,True
S,S H6 Comdty,2026,3,2026-03-13,True
S,S K6 Comdty,2026,5,2026-05-14,True
S,S N6 Comdty,2026,7,2026-07-14,True
S,S Q6 Comdty,2026,8,2026-08-14,True
S,S U6 Comdty,2026,9,2026-09-14,True
S,S X6 Comdty,2026,11,2026-11-13,True
S,S F7 Comdty,2027,1,2027-01-14,True
S,S H7 Comdty,2027,3,2027-03-12,True
S,S K7 Comdty,2027,5,2027-05-14,True
S,S N7 Comdty,2027,7,2027-07-14,True
S,S Q7 Comdty,2027,8,2027-08-13,True
S,S U7 Comdty,2027,9,2027-09-14,True
S,S X7 Comdty,2027,11,2027-11-12,True
S,S F8 Comdty,2028,1,2028-01-14,True
S,S H8 Comdty,2028,3,2028-03-14,True
S,S K8 Comdty,2028,5,2028-05-12,True
S,S N8 Comdty,2028,7,2028-07-14,True
S,S Q8 Comdty,2028,8,2028-08-14,True
S,S U8 Comdty,2028,9,2028-09-14,True
S,S X8 Comdty,2028,11,2028-11-14,True
S,S N9 Comdty,2029,7,2029-07-13,True
S,S X9 Comdty,2029,11,2029-11-14,True
KC,KCH73 Comdty,1973,3,1973-03-29,True
KC,KCK73 Comdty,1973,5,1973-05-24,True
KC,KCN73 Comdty,1973,7,1973-07-26,True
KC,KCU73 Comdty,1973,9,1973-09-21,True
KC,KCX73 Comdty,1973,11,1973-11-23,False
KC,KCZ73 Comdty,1973,12,1973-12-26,True
KC,KCG74 Comdty,1974,2,1974-02-21,False
KC,KCH74 Comdty,1974,3,1974-03-22,True
KC,KCK74 Comdty,1974,5,1974-05-24,True
KC,KCM74 Comdty,1974,6,1974-06-14,False
KC,KCN74 Comdty,1974,7,1974-07-26,True
KC,KCU74 Comdty,1974,9,1974-09-20,True
KC,KCX74 Comdty,1974,11,1974-11-22,False
KC,KCZ74 Comdty,1974,12,1974-12-27,True
KC,KCH75 Comdty,1975,3,1975-03-25,True
KC,KCK75 Comdty,1975,5,1975-05-22,True
KC,KCN75 Comdty,1975,7,1975-07-23,True
KC,KCU75 Comdty,1975,9,1975-09-23,True
KC,KCX75 Comdty,1975,11,1975-11-19,False
KC,KCZ75 Comdty,1975,12,1975-12-19,True
KC,KCH76 Comdty,1976,3,1976-03-24,True
KC,KCK76 Comdty,1976,5,1976-05-21,True
KC,KCN76 Comdty,1976,7,1976-07-23,True
KC,KCU76 Comdty,1976,9,1976-09-16,True
KC,KCZ76 Comdty,1976,12,1976-12-22,True
KC,KCH77 Comdty,1977,3,1977-03-24,True
KC,KCK77 Comdty,1977,5,1977-05-23,True
KC,KCN77 Comdty,1977,7,1977-07-25,True
KC,KCU77 Comdty,1977,9,1977-09-23,True
KC,KCZ77 Comdty,1977,12,1977-12-22,True
KC,KCH78 Comdty,1978,3,1978-03-23,True
KC,KCK78 Comdty,1978,5,1978-05-23,True
KC,KCN78 Comdty,1978,7,1978-07-24,True
KC,KCU78 Comdty,1978,9,1978-09-22,True
KC,KCZ78 Comdty,1978,12,1978-12-21,True
KC,KCH79 Comdty,1979,3,1979-03-26,True
KC,KCK79 Comdty,1979,5,1979-05-23,True
KC,KCN79 Comdty,1979,7,1979-07-24,True
KC,KCU79 Comdty,1979,9,1979-09-21,True
KC,KCZ79 Comdty,1979,12,1979-12-20,True
KC,KCH80 Comdty,1980,3,1980-03-24,True
KC,KCK80 Comdty,1980,5,1980-05-22,True
KC,KCN80 Comdty,1980,7,1980-07-22,True
KC,KCU80 Comdty,1980,9,1980-09-19,True
KC,KCZ80 Comdty,1980,12,1980-12-18,True
KC,KCH81 Comdty,1981,3,1981-03-20,True
KC,KCK81 Comdty,1981,5,1981-05-19,True
KC,KCN81 Comdty,1981,7,1981-07-22,True
KC,KCU81 Comdty,1981,9,1981-09-21,True
KC,KCZ81 Comdty,1981,12,1981-12-21,True
KC,KCH82 Comdty,1982,3,1982-03-22,True
KC,KCK82 Comdty,1982,5,1982-05-19,True
KC,KCN82 Comdty,1982,7,1982-07-21,True
KC,KCU82 Comdty,1982,9,1982-09-21,True
KC,KCZ82 Comdty,1982,12,1982-12-20,True
KC,KCH83 Comdty,1983,3,1983-03-22,True
KC,KCK83 Comdty,1983,5,1983-05-19,True
KC,KCN83 Comdty,1983,7,1983-07-20,True
KC,KCU83 Comdty,1983,9,1983-09-21,True
KC,KCZ83 Comdty,1983,12,1983-12-20,True
KC,KCH84 Comdty,1984,3,1984-03-21,True
KC,KCK84 Comdty,1984,5,1984-05-21,True
KC,KCN84 Comdty,1984,7,1984-07-20,True
KC,KCU84 Comdty,1984,9,1984-09-19,True
KC,KCZ84 Comdty,1984,12,1984-12-18,True
KC,KCH85 Comdty,1985,3,1985-03-20,True
KC,KCK85 Comdty,1985,5,1985-05-21,True
KC,KCN85 Comdty,1985,7,1985-07-22,True
KC,KCU85 Comdty,1985,9,1985-09-19,True
KC,KCZ85 Comdty,1985,12,1985-12-18,True
KC,KCH86 Comdty,1986,3,1986-03-19,True
KC,KCK86 Comdty,1986,5,1986-05-20,True
KC,KCN86 Comdty,1986,7,1986-07-22,True
KC,KCU86 Comdty,1986,9,1986-09-19,True
KC,KCZ86 Comdty,1986,12,1986-12-18,True
KC,KCH87 Comdty,1987,3,1987-03-20,True
KC,KCK87 Comdty,1987,5,1987-05-19,True
KC,KCN87 Comdty,1987,7,1987-07-22,True
KC,KCU87 Comdty,1987,9,1987-09-21,True
KC,KCZ87 Comdty,1987,12,1987-12-21,True
KC,KCH88 Comdty,1988,3,1988-03-16,True
KC,KCK88 Comdty,1988,5,1988-05-13,True
KC,KCN88 Comdty,1988,7,1988-07-14,True
KC,KCU88 Comdty,1988,9,1988-09-15,True
KC,KCZ88 Comdty,1988,12,1988-12-14,True
KC,KCH89 Comdty,1989,3,1989-03-20,True
KC,KCK89 Comdty,1989,5,1989-05-18,True
KC,KCN89 Comdty,1989,7,1989-07-19,True
KC,KCU89 Comdty,1989,9,1989-09-19,True
KC,KCZ89 Comdty,1989,12,1989-12-18,True
KC,KCH90 Comdty,1990,3,1990-03-20,True
KC,KCK90 Comdty,1990,5,1990-05-18,True
KC,KCN90 Comdty,1990,7,1990-07-17,True
KC,KCU90 Comdty,1990,9,1990-09-14,True
KC,KCZ90 Comdty,1990,12,1990-12-14,True
KC,KCH91 Comdty,1991,3,1991-03-18,True
KC,KCK91 Comdty,1991,5,1991-05-20,True
KC,KCN91 Comdty,1991,7,1991-07-19,True
KC,KCU91 Comdty,1991,9,1991-09-18,True
KC,KCZ91 Comdty,1991,12,1991-12-18,True
KC,KCH92 Comdty,1992,3,1992-03-19,True
KC,KCK92 Comdty,1992,5,1992-05-18,True
KC,KCN92 Comdty,1992,7,1992-07-21,True
KC,KCU92 Comdty,1992,9,1992-09-18,True
KC,KCZ92 Comdty,1992,12,1992-12-18,True
KC,KCH93 Comdty,1993,3,1993-03-19,True
KC,KCK93 Comdty,1993,5,1993-05-18,True
KC,KCN93 Comdty,1993,7,1993-07-20,True
KC,KCU93 Comdty,1993,9,1993-09-20,True
KC,KCZ93 Comdty,1993,12,1993-12-17,True
KC,KCH94 Comdty,1994,3,1994-03-21,True
KC,KCK94 Comdty,1994,5,1994-05-18,True
KC,KCN94 Comdty,1994,7,1994-07-19,True
KC,KCU94 Comdty,1994,9,1994-09-20,True
KC,KCZ94 Comdty,1994,12,1994-12-19,True
KC,KCH95 Comdty,1995,3,1995-03-21,True
KC,KCK95 Comdty,1995,5,1995-05-18,True
KC,KCN95 Comdty,1995,7,1995-07-19,True
KC,KCU95 Comdty,1995,9,1995-09-19,True
KC,KCZ95 Comdty,1995,12,1995-12-18,True
KC,KCH96 Comdty,1996,3,1996-03-19,True
KC,KCK96 Comdty,1996,5,1996-05-20,True
KC,KCN96 Comdty,1996,7,1996-07-19,True
KC,KCU96 Comdty,1996,9,1996-09-18,True
KC,KCZ96 Comdty,1996,12,1996-12-18,True
KC,KCH97 Comdty,1997,3,1997-03-18,True
KC,KCK97 Comdty,1997,5,1997-05-19,True
KC,KCN97 Comdty,1997,7,1997-07-21,True
KC,KCU97 Comdty,1997,9,1997-09-18,True
KC,KCZ97 Comdty,1997,12,1997-12-17,True
KC,KCH98 Comdty,1998,3,1998-03-19,True
KC,KCK98 Comdty,1998,5,1998-05-18,True
KC,KCN98 Comdty,1998,7,1998-07-21,True
KC,KCU98 Comdty,1998,9,1998-09-18,True
KC,KCZ98 Comdty,1998,12,1998-12-18,True
KC,KCH99 Comdty,1999,3,1999-03-19,True
KC,KCK99 Comdty,1999,5,1999-05-18,True
KC,KCN99 Comdty,1999,7,1999-07-20,True
KC,KCU99 Comdty,1999,9,1999-09-20,True
KC,KCZ99 Comdty,1999,12,1999-12-20,True
KC,KCH00 Comdty,2000,3,2000-03-21,True
KC,KCK00 Comdty,2000,5,2000-05-18,True
KC,KCN00 Comdty,2000,7,2000-07-19,True
KC,KCU00 Comdty,2000,9,2000-09-19,True
KC,KCZ00 Comdty,2000,12,2000-12-18,True
KC,KCH01 Comdty,2001,3,2001-03-20,True
KC,KCK01 Comdty,2001,5,2001-05-18,True
KC,KCN01 Comdty,2001,7,2001-07-19,True
KC,KCU01 Comdty,2001,9,2001-09-18,True
KC,KCZ01 Comdty,2001,12,2001-12-14,True
KC,KCH02 Comdty,2002,3,2002-03-18,True
KC,KCK02 Comdty,2002,5,2002-05-20,True
KC,KCN02 Comdty,2002,7,2002-07-19,True
KC,KCU02 Comdty,2002,9,2002-09-18,True
KC,KCZ02 Comdty,2002,12,2002-12-17,True
KC,KCH03 Comdty,2003,3,2003-03-19,True
KC,KCK03 Comdty,2003,5,2003-05-19,True
KC,KCN03 Comdty,2003,7,2003-07-21,True
KC,KCU03 Comdty,2003,9,2003-09-18,True
KC,KCZ03 Comdty,2003,12,2003-12-17,True
KC,KCH04 Comdty,2004,3,2004-03-19,True
KC,KCK04 Comdty,2004,5,2004-05-18,True
KC,KCN04 Comdty,2004,7,2004-07-20,True
KC,KCU04 Comdty,2004,9,2004-09-20,True
KC,KCZ04 Comdty,2004,12,2004-12-20,True
KC,KCH05 Comdty,2005,3,2005-03-18,True
KC,KCK05 Comdty,2005,5,2005-05-18,True
KC,KCN05 Comdty,2005,7,2005-07-19,True
KC,KCU05 Comdty,2005,9,2005-09-20,True
KC,KCZ05 Comdty,2005,12,2005-12-19,True
KC,KCH06 Comdty,2006,3,2006-03-21,True
KC,KCK06 Comdty,2006,5,2006-05-18,True
KC,KCN06 Comdty,2006,7,2006-07-19,True
KC,KCU06 Comdty,2006,9,2006-09-19,True
KC,KCZ06 Comdty,2006,12,2006-12-18,True
KC,KCH07 Comdty,2007,3,2007-03-20,True
KC,KCK07 Comdty,2007,5,2007-05-18,True
KC,KCN07 Comdty,2007,7,2007-07-19,True
KC,KCU07 Comdty,2007,9,2007-09-18,True
KC,KCZ07 Comdty,2007,12,2007-12-18,True
KC,KCH08 Comdty,2008,3,2008-03-18,True
KC,KCK08 Comdty,2008,5,2008-05-19,True
KC,KCN08 Comdty,2008,7,2008-07-21,True
KC,KCU08 Comdty,2008,9,2008-09-18,True
KC,KCZ08 Comdty,2008,12,2008-12-18,True
KC,KCH09 Comdty,2009,3,2009-03-19,True
KC,KCK09 Comdty,2009,5,2009-05-18,True
KC,KCN09 Comdty,2009,7,2009-07-21,True
KC,KCU09 Comdty,2009,9,2009-09-18,True
KC,KCZ09 Comdty,2009,12,2009-12-18,True
KC,KCH10 Comdty,2010,3,2010-03-19,True
KC,KCK10 Comdty,2010,5,2010-05-18,True
KC,KCN10 Comdty,2010,7,2010-07-20,True
KC,KCU10 Comdty,2010,9,2010-09-20,True
KC,KCZ10 Comdty,2010,12,2010-12-20,True
KC,KCH11 Comdty,2011,3,2011-03-21,True
KC,KCK11 Comdty,2011,5,2011-05-18,True
KC,KCN11 Comdty,2011,7,2011-07-19,True
KC,KCU11 Comdty,2011,9,2011-09-20,True
KC,KCZ11 Comdty,2011,12,2011-12-19,True
KC,KCH12 Comdty,2012,3,2012-03-20,True
KC,KCK12 Comdty,2012,5,2012-05-18,True
KC,KCN12 Comdty,2012,7,2012-07-19,True
KC,KCU12 Comdty,2012,9,2012-09-18,True
KC,KCZ12 Comdty,2012,12,2012-12-18,True
KC,KCH13 Comdty,2013,3,2013-03-18,True
KC,KCK13 Comdty,2013,5,2013-05-20,True
KC,KCN13 Comdty,2013,7,2013-07-19,True
KC,KCU13 Comdty,2013,9,2013-09-18,True
KC,KCZ13 Comdty,2013,12,2013-12-18,True
KC,KCH14 Comdty,2014,3,2014-03-19,True
KC,KCK14 Comdty,2014,5,2014-05-19,True
KC,KCN14 Comdty,2014,7,2014-07-21,True
KC,KCU14 Comdty,2014,9,2014-09-18,True
KC,KCZ14 Comdty,2014,12,2014-12-18,True
KC,KCH15 Comdty,2015,3,2015-03-19,True
KC,KCK15 Comdty,2015,5,2015-05-18,True
KC,KCN15 Comdty,2015,7,2015-07-21,True
KC,KCU15 Comdty,2015,9,2015-09-18,True
KC,KCZ15 Comdty,2015,12,2015-12-18,True
KC,KCH16 Comdty,2016,3,2016-03-18,True
KC,KCK16 Comdty,2016,5,2016-05-18,True
KC,KCN16 Comdty,2016,7,2016-07-19,True
KC,KCU16 Comdty,2016,9,2016-09-20,True
KC,KCZ16 Comdty,2016,12,2016-12-19,True
KC,KCH17 Comdty,2017,3,2017-03-21,True
KC,KCK17 Comdty,2017,5,2017-05-18,True
KC,KCN17 Comdty,2017,7,2017-07-19,True
KC,KCU17 Comdty,2017,9,2017-09-19,True
KC,KCZ17 Comdty,2017,12,2017-12-18,True
KC,KCH18 Comdty,2018,3,2018-03-19,True
KC,KCK18 Comdty,2018,5,2018-05-18,True
KC,KCN18 Comdty,2018,7,2018-07-19,True
KC,KCU18 Comdty,2018,9,2018-09-18,True
KC,KCZ18 Comdty,2018,12,2018-12-18,True
KC,KCH19 Comdty,2019,3,2019-03-19,True
KC,KCK19 Comdty,2019,5,2019-05-20,True
KC,KCN19 Comdty,2019,7,2019-07-19,True
KC,KCU19 Comdty,2019,9,2019-09-18,True
KC,KCZ19 Comdty,2019,12,2019-12-18,True
KC,KCH20 Comdty,2020,3,2020-03-19,True
KC,KCK20 Comdty,2020,5,2020-05-18,True
KC,KCN20 Comdty,2020,7,2020-07-21,True
KC,KCU20 Comdty,2020,9,2020-09-18,True
KC,KCZ20 Comdty,2020,12,2020-12-18,True
KC,KCH21 Comdty,2021,3,2021-03-19,True
KC,KCK21 Comdty,2021,5,2021-05-18,True
KC,KCN21 Comdty,2021,7,2021-07-20,True
KC,KCU21 Comdty,2021,9,2021-09-20,True
KC,KCZ21 Comdty,2021,12,2021-12-20,True
KC,KCH22 Comdty,2022,3,2022-03-21,True
KC,KCK22 Comdty,2022,5,2022-05-18,True
KC,KCN22 Comdty,2022,7,2022-07-19,True
KC,KCU22 Comdty,2022,9,2022-09-20,True
KC,KCZ22 Comdty,2022,12,2022-12-19,True
KC,KCH23 Comdty,2023,3,2023-03-21,True
KC,KCK23 Comdty,2023,5,2023-05-18,True
KC,KCN23 Comdty,2023,7,2023-07-19,True
KC,KCU23 Comdty,2023,9,2023-09-19,True
KC,KCZ23 Comdty,2023,12,2023-12-18,True
KC,KCH24 Comdty,2024,3,2024-03-18,True
KC,KCK24 Comdty,2024,5,2024-05-20,True
KC,KCN24 Comdty,2024,7,2024-07-19,True
KC,KCU24 Comdty,2024,9,2024-09-18,True
KC,KCZ24 Comdty,2024,12,2024-12-18,True
KC,KCH25 Comdty,2025,3,2025-03-19,True
KC,KCK25 Comdty,2025,5,2025-05-19,True
KC,KCN25 Comdty,2025,7,2025-07-21,True
KC,KCU25 Comdty,2025,9,2025-09-18,True
KC,KCZ5 Comdty,2025,12,2025-12-18,True
KC,KCH6 Comdty,2026,3,2026-03-19,True
KC,KCK6 Comdty,2026,5,2026-05-18,True
KC,KCN6 Comdty,2026,7,2026-07-21,True
KC,KCU6 Comdty,2026,9,2026-09-18,True
KC,KCZ6 Comdty,2026,12,2026-12-18,True
KC,KCH7 Comdty,2027,3,2027-03-18,True
KC,KCK7 Comdty,2027,5,2027-05-18,True
KC,KCN7 Comdty,2027,7,2027-07-20,True
KC,KCU7 Comdty,2027,9,2027-09-20,True
KC,KCZ7 Comdty,2027,12,2027-12-20,True
KC,KCH8 Comdty,2028,3,2028-03-21,True
CC,CCH60 Comdty,1960,3,1960-03-24,True
CC,CCK60 Comdty,1960,5,1960-05-24,True
CC,CCN60 Comdty,1960,7,1960-07-22,True
CC,CCU60 Comdty,1960,9,1960-09-23,True
CC,CCZ60 Comdty,1960,12,1960-12-22,True
CC,CCH61 Comdty,1961,3,1961-03-23,True
CC,CCK61 Comdty,1961,5,1961-05-24,True
CC,CCN61 Comdty,1961,7,1961-07-24,True
CC,CCU61 Comdty,1961,9,1961-09-22,True
CC,CCZ61 Comdty,1961,12,1961-12-22,True
CC,CCH62 Comdty,1962,3,1962-03-22,True
CC,CCK62 Comdty,1962,5,1962-05-23,True
CC,CCN62 Comdty,1962,7,1962-07-24,True
CC,CCU62 Comdty,1962,9,1962-09-21,True
CC,CCZ62 Comdty,1962,12,1962-12-21,True
CC,CCH63 Comdty,1963,3,1963-03-22,True
CC,CCK63 Comdty,1963,5,1963-05-24,True
CC,CCN63 Comdty,1963,7,1963-07-24,True
CC,CCU63 Comdty,1963,9,1963-09-23,True
CC,CCZ63 Comdty,1963,12,1963-12-23,True
CC,CCH64 Comdty,1964,3,1964-03-24,True
CC,CCK64 Comdty,1964,5,1964-05-21,True
CC,CCN64 Comdty,1964,7,1964-07-24,True
CC,CCU64 Comdty,1964,9,1964-09-23,True
CC,CCZ64 Comdty,1964,12,1964-12-22,True
CC,CCH65 Comdty,1965,3,1965-03-24,True
CC,CCK65 Comdty,1965,5,1965-05-20,True
CC,CCN65 Comdty,1965,7,1965-07-23,True
CC,CCU65 Comdty,1965,9,1965-09-23,True
CC,CCZ65 Comdty,1965,12,1965-12-23,True
CC,CCH66 Comdty,1966,3,1966-03-24,True
CC,CCK66 Comdty,1966,5,1966-05-25,True
CC,CCN66 Comdty,1966,7,1966-07-22,True
CC,CCU66 Comdty,1966,9,1966-09-21,True
CC,CCZ66 Comdty,1966,12,1966-12-22,True
CC,CCH67 Comdty,1967,3,1967-03-23,True
CC,CCK67 Comdty,1967,5,1967-05-24,True
CC,CCN67 Comdty,1967,7,1967-07-21,True
CC,CCU67 Comdty,1967,9,1967-09-22,True
CC,CCZ67 Comdty,1967,12,1967-12-21,True
CC,CCH68 Comdty,1968,3,1968-03-22,True
CC,CCK68 Comdty,1968,5,1968-05-24,True
CC,CCN68 Comdty,1968,7,1968-07-24,True
CC,CCU68 Comdty,1968,9,1968-09-23,True
CC,CCZ68 Comdty,1968,12,1968-12-23,True
CC,CCH69 Comdty,1969,3,1969-03-24,True
CC,CCK69 Comdty,1969,5,1969-05-22,True
CC,CCN69 Comdty,1969,7,1969-07-24,True
CC,CCU69 Comdty,1969,9,1969-09-23,True
CC,CCZ69 Comdty,1969,12,1969-12-23,True
CC,CCH70 Comdty,1970,3,1970-03-24,True
CC,CCK70 Comdty,1970,5,1970-05-21,True
CC,CCN70 Comdty,1970,7,1970-07-24,True
CC,CCU70 Comdty,1970,9,1970-09-23,True
CC,CCZ70 Comdty,1970,12,1970-12-17,True
CC,CCH71 Comdty,1971,3,1971-03-22,True
CC,CCK71 Comdty,1971,5,1971-05-19,True
CC,CCN71 Comdty,1971,7,1971-07-21,True
CC,CCU71 Comdty,1971,9,1971-09-21,True
CC,CCZ71 Comdty,1971,12,1971-11-30,True
CC,CCH72 Comdty,1972,3,1972-03-21,True
CC,CCK72 Comdty,1972,5,1972-05-19,True
CC,CCN72 Comdty,1972,7,1972-07-20,True
CC,CCU72 Comdty,1972,9,1972-09-20,True
CC,CCZ72 Comdty,1972,12,1972-12-15,True
CC,CCH73 Comdty,1973,3,1973-03-21,True
CC,CCK73 Comdty,1973,5,1973-05-21,True
CC,CCN73 Comdty,1973,7,1973-07-20,True
CC,CCU73 Comdty,1973,9,1973-09-19,True
CC,CCZ73 Comdty,1973,12,1973-12-17,True
CC,CCH74 Comdty,1974,3,1974-03-20,True
CC,CCK74 Comdty,1974,5,1974-05-21,True
CC,CCN74 Comdty,1974,7,1974-07-26,True
CC,CCU74 Comdty,1974,9,1974-09-19,True
CC,CCZ74 Comdty,1974,12,1974-12-18,True
CC,CCH75 Comdty,1975,3,1975-03-25,True
CC,CCK75 Comdty,1975,5,1975-05-20,True
CC,CCN75 Comdty,1975,7,1975-07-22,True
CC,CCU75 Comdty,1975,9,1975-09-19,True
CC,CCZ75 Comdty,1975,12,1975-12-16,True
CC,CCH76 Comdty,1976,3,1976-03-22,True
CC,CCK76 Comdty,1976,5,1976-05-19,True
CC,CCN76 Comdty,1976,7,1976-07-21,True
CC,CCU76 Comdty,1976,9,1976-09-21,True
CC,CCZ76 Comdty,1976,12,1976-12-20,True
CC,CCH77 Comdty,1977,3,1977-03-22,True
CC,CCK77 Comdty,1977,5,1977-05-19,True
CC,CCN77 Comdty,1977,7,1977-07-20,True
CC,CCU77 Comdty,1977,9,1977-09-21,True
CC,CCZ77 Comdty,1977,12,1977-12-20,True
CC,CCH78 Comdty,1978,3,1978-03-21,True
CC,CCK78 Comdty,1978,5,1978-05-19,True
CC,CCN78 Comdty,1978,7,1978-07-20,True
CC,CCU78 Comdty,1978,9,1978-09-20,True
CC,CCZ78 Comdty,1978,12,1978-12-19,True
CC,CCH79 Comdty,1979,3,1979-03-22,True
CC,CCK79 Comdty,1979,5,1979-05-21,True
CC,CCN79 Comdty,1979,7,1979-07-20,True
CC,CCU79 Comdty,1979,9,1979-09-19,True
CC,CCZ79 Comdty,1979,12,1979-12-17,True
CC,CCH80 Comdty,1980,3,1980-03-20,True
CC,CCK80 Comdty,1980,5,1980-05-20,True
CC,CCN80 Comdty,1980,7,1980-07-22,True
CC,CCU80 Comdty,1980,9,1980-09-19,True
CC,CCZ80 Comdty,1980,12,1980-12-18,True
CC,CCH81 Comdty,1981,3,1981-03-20,True
CC,CCK81 Comdty,1981,5,1981-05-19,True
CC,CCN81 Comdty,1981,7,1981-07-22,True
CC,CCU81 Comdty,1981,9,1981-09-21,True
CC,CCZ81 Comdty,1981,12,1981-12-18,True
CC,CCH82 Comdty,1982,3,1982-03-22,True
CC,CCK82 Comdty,1982,5,1982-05-19,True
CC,CCN82 Comdty,1982,7,1982-07-21,True
CC,CCU82 Comdty,1982,9,1982-09-16,True
CC,CCZ82 Comdty,1982,12,1982-12-15,True
CC,CCH83 Comdty,1983,3,1983-03-17,True
CC,CCK83 Comdty,1983,5,1983-05-16,True
CC,CCN83 Comdty,1983,7,1983-07-15,True
CC,CCU83 Comdty,1983,9,1983-09-16,True
CC,CCZ83 Comdty,1983,12,1983-12-15,True
CC,CCH84 Comdty,1984,3,1984-03-16,True
CC,CCK84 Comdty,1984,5,1984-05-16,True
CC,CCN84 Comdty,1984,7,1984-07-17,True
CC,CCU84 Comdty,1984,9,1984-09-14,True
CC,CCZ84 Comdty,1984,12,1984-12-13,True
CC,CCH85 Comdty,1985,3,1985-03-15,True
CC,CCK85 Comdty,1985,5,1985-05-16,True
CC,CCN85 Comdty,1985,7,1985-07-17,True
CC,CCU85 Comdty,1985,9,1985-09-16,True
CC,CCZ85 Comdty,1985,12,1985-12-13,True
CC,CCH86 Comdty,1986,3,1986-03-14,True
CC,CCK86 Comdty,1986,5,1986-05-15,True
CC,CCN86 Comdty,1986,7,1986-07-17,True
CC,CCU86 Comdty,1986,9,1986-09-16,True
CC,CCZ86 Comdty,1986,12,1986-12-15,True
CC,CCH87 Comdty,1987,3,1987-03-17,True
CC,CCK87 Comdty,1987,5,1987-05-14,True
CC,CCN87 Comdty,1987,7,1987-07-17,True
CC,CCU87 Comdty,1987,9,1987-09-16,True
CC,CCZ87 Comdty,1987,12,1987-12-16,True
CC,CCH88 Comdty,1988,3,1988-03-21,True
CC,CCK88 Comdty,1988,5,1988-05-13,True
CC,CCN88 Comdty,1988,7,1988-07-14,True
CC,CCU88 Comdty,1988,9,1988-09-15,True
CC,CCZ88 Comdty,1988,12,1988-12-14,True
CC,CCH89 Comdty,1989,3,1989-03-15,True
CC,CCK89 Comdty,1989,5,1989-05-15,True
CC,CCN89 Comdty,1989,7,1989-07-14,True
CC,CCU89 Comdty,1989,9,1989-09-14,True
CC,CCZ89 Comdty,1989,12,1989-12-13,True
CC,CCH90 Comdty,1990,3,1990-03-15,True
CC,CCK90 Comdty,1990,5,1990-05-15,True
CC,CCN90 Comdty,1990,7,1990-07-16,True
CC,CCU90 Comdty,1990,9,1990-09-13,True
CC,CCZ90 Comdty,1990,12,1990-12-13,True
CC,CCH91 Comdty,1991,3,1991-03-13,True
CC,CCK91 Comdty,1991,5,1991-05-15,True
CC,CCN91 Comdty,1991,7,1991-07-16,True
CC,CCU91 Comdty,1991,9,1991-09-13,True
CC,CCZ91 Comdty,1991,12,1991-12-13,True
CC,CCH92 Comdty,1992,3,1992-03-16,True
CC,CCK92 Comdty,1992,5,1992-05-13,True
CC,CCN92 Comdty,1992,7,1992-07-16,True
CC,CCU92 Comdty,1992,9,1992-09-15,True
CC,CCZ92 Comdty,1992,12,1992-12-15,True
CC,CCH93 Comdty,1993,3,1993-03-16,True
CC,CCK93 Comdty,1993,5,1993-05-13,True
CC,CCN93 Comdty,1993,7,1993-07-15,True
CC,CCU93 Comdty,1993,9,1993-09-15,True
CC,CCZ93 Comdty,1993,12,1993-12-14,True
CC,CCH94 Comdty,1994,3,1994-03-16,True
CC,CCK94 Comdty,1994,5,1994-05-13,True
CC,CCN94 Comdty,1994,7,1994-07-14,True
CC,CCU94 Comdty,1994,9,1994-09-15,True
CC,CCZ94 Comdty,1994,12,1994-12-14,True
CC,CCH95 Comdty,1995,3,1995-03-16,True
CC,CCK95 Comdty,1995,5,1995-05-15,True
CC,CCN95 Comdty,1995,7,1995-07-14,True
CC,CCU95 Comdty,1995,9,1995-09-14,True
CC,CCZ95 Comdty,1995,12,1995-12-13,True
CC,CCH96 Comdty,1996,3,1996-03-14,True
CC,CCK96 Comdty,1996,5,1996-05-15,True
CC,CCN96 Comdty,1996,7,1996-07-16,True
CC,CCU96 Comdty,1996,9,1996-09-13,True
CC,CCZ96 Comdty,1996,12,1996-12-13,True
CC,CCH97 Comdty,1997,3,1997-03-13,True
CC,CCK97 Comdty,1997,5,1997-05-14,True
CC,CCN97 Comdty,1997,7,1997-07-16,True
CC,CCU97 Comdty,1997,9,1997-09-15,True
CC,CCZ97 Comdty,1997,12,1997-12-12,True
CC,CCH98 Comdty,1998,3,1998-03-16,True
CC,CCK98 Comdty,1998,5,1998-05-13,True
CC,CCN98 Comdty,1998,7,1998-07-16,True
CC,CCU98 Comdty,1998,9,1998-09-15,True
CC,CCZ98 Comdty,1998,12,1998-12-15,True
CC,CCH99 Comdty,1999,3,1999-03-16,True
CC,CCK99 Comdty,1999,5,1999-05-13,True
CC,CCN99 Comdty,1999,7,1999-07-15,True
CC,CCU99 Comdty,1999,9,1999-09-15,True
CC,CCZ99 Comdty,1999,12,1999-12-15,True
CC,CCH00 Comdty,2000,3,2000-03-16,True
CC,CCK00 Comdty,2000,5,2000-05-15,True
CC,CCN00 Comdty,2000,7,2000-07-14,True
CC,CCU00 Comdty,2000,9,2000-09-14,True
CC,CCZ00 Comdty,2000,12,2000-12-13,True
CC,CCH01 Comdty,2001,3,2001-03-15,True
CC,CCK01 Comdty,2001,5,2001-05-15,True
CC,CCN01 Comdty,2001,7,2001-07-16,True
CC,CCU01 Comdty,2001,9,2001-09-13,True
CC,CCZ01 Comdty,2001,12,2001-12-13,True
CC,CCH02 Comdty,2002,3,2002-03-13,True
CC,CCK02 Comdty,2002,5,2002-05-15,True
CC,CCN02 Comdty,2002,7,2002-07-16,True
CC,CCU02 Comdty,2002,9,2002-09-13,True
CC,CCZ02 Comdty,2002,12,2002-12-12,True
CC,CCH03 Comdty,2003,3,2003-03-14,True
CC,CCK03 Comdty,2003,5,2003-05-14,True
CC,CCN03 Comdty,2003,7,2003-07-16,True
CC,CCU03 Comdty,2003,9,2003-09-15,True
CC,CCZ03 Comdty,2003,12,2003-12-12,True
CC,CCH04 Comdty,2004,3,2004-03-16,True
CC,CCK04 Comdty,2004,5,2004-05-13,True
CC,CCN04 Comdty,2004,7,2004-07-15,True
CC,CCU04 Comdty,2004,9,2004-09-15,True
CC,CCZ04 Comdty,2004,12,2004-12-14,True
CC,CCH05 Comdty,2005,3,2005-03-15,True
CC,CCK05 Comdty,2005,5,2005-05-13,True
CC,CCN05 Comdty,2005,7,2005-07-14,True
CC,CCU05 Comdty,2005,9,2005-09-15,True
CC,CCZ05 Comdty,2005,12,2005-12-14,True
CC,CCH06 Comdty,2006,3,2006-03-16,True
CC,CCK06 Comdty,2006,5,2006-05-15,True
CC,CCN06 Comdty,2006,7,2006-07-14,True
CC,CCU06 Comdty,2006,9,2006-09-14,True
CC,CCZ06 Comdty,2006,12,2006-12-13,True
CC,CCH07 Comdty,2007,3,2007-03-15,True
CC,CCK07 Comdty,2007,5,2007-05-15,True
CC,CCN07 Comdty,2007,7,2007-07-16,True
CC,CCU07 Comdty,2007,9,2007-09-13,True
CC,CCZ07 Comdty,2007,12,2007-12-13,True
CC,CCH08 Comdty,2008,3,2008-03-13,True
CC,CCK08 Comdty,2008,5,2008-05-14,True
CC,CCN08 Comdty,2008,7,2008-07-16,True
CC,CCU08 Comdty,2008,9,2008-09-15,True
CC,CCZ08 Comdty,2008,12,2008-12-15,True
CC,CCH09 Comdty,2009,3,2009-03-16,True
CC,CCK09 Comdty,2009,5,2009-05-13,True
CC,CCN09 Comdty,2009,7,2009-07-16,True
CC,CCU09 Comdty,2009,9,2009-09-15,True
CC,CCZ09 Comdty,2009,12,2009-12-15,True
CC,CCH10 Comdty,2010,3,2010-03-16,True
CC,CCK10 Comdty,2010,5,2010-05-13,True
CC,CCN10 Comdty,2010,7,2010-07-15,True
CC,CCU10 Comdty,2010,9,2010-09-15,True
CC,CCZ10 Comdty,2010,12,2010-12-15,True
CC,CCH11 Comdty,2011,3,2011-03-16,True
CC,CCK11 Comdty,2011,5,2011-05-13,True
CC,CCN11 Comdty,2011,7,2011-07-14,True
CC,CCU11 Comdty,2011,9,2011-09-15,True
CC,CCZ11 Comdty,2011,12,2011-12-14,True
CC,CCH12 Comdty,2012,3,2012-03-15,True
CC,CCK12 Comdty,2012,5,2012-05-15,True
CC,CCN12 Comdty,2012,7,2012-07-16,True
CC,CCU12 Comdty,2012,9,2012-09-13,True
CC,CCZ12 Comdty,2012,12,2012-12-13,True
CC,CCH13 Comdty,2013,3,2013-03-13,True
CC,CCK13 Comdty,2013,5,2013-05-15,True
CC,CCN13 Comdty,2013,7,2013-07-16,True
CC,CCU13 Comdty,2013,9,2013-09-13,True
CC,CCZ13 Comdty,2013,12,2013-12-13,True
CC,CCH14 Comdty,2014,3,2014-03-14,True
CC,CCK14 Comdty,2014,5,2014-05-14,True
CC,CCN14 Comdty,2014,7,2014-07-16,True
CC,CCU14 Comdty,2014,9,2014-09-15,True
CC,CCZ14 Comdty,2014,12,2014-12-15,True
CC,CCH15 Comdty,2015,3,2015-03-16,True
CC,CCK15 Comdty,2015,5,2015-05-13,True
CC,CCN15 Comdty,2015,7,2015-07-16,True
CC,CCU15 Comdty,2015,9,2015-09-15,True
CC,CCZ15 Comdty,2015,12,2015-12-15,True
CC,CCH16 Comdty,2016,3,2016-03-15,True
CC,CCK16 Comdty,2016,5,2016-05-13,True
CC,CCN16 Comdty,2016,7,2016-07-14,True
CC,CCU16 Comdty,2016,9,2016-09-15,True
CC,CCZ16 Comdty,2016,12,2016-12-14,True
CC,CCH17 Comdty,2017,3,2017-03-16,True
CC,CCK17 Comdty,2017,5,2017-05-15,True
CC,CCN17 Comdty,2017,7,2017-07-14,True
CC,CCU17 Comdty,2017,9,2017-09-14,True
CC,CCZ17 Comdty,2017,12,2017-12-13,True
CC,CCH18 Comdty,2018,3,2018-03-14,True
CC,CCK18 Comdty,2018,5,2018-05-15,True
CC,CCN18 Comdty,2018,7,2018-07-16,True
CC,CCU18 Comdty,2018,9,2018-09-13,True
CC,CCZ18 Comdty,2018,12,2018-12-13,True
CC,CCH19 Comdty,2019,3,2019-03-14,True
CC,CCK19 Comdty,2019,5,2019-05-15,True
CC,CCN19 Comdty,2019,7,2019-07-16,True
CC,CCU19 Comdty,2019,9,2019-09-13,True
CC,CCZ19 Comdty,2019,12,2019-12-13,True
CC,CCH20 Comdty,2020,3,2020-03-16,True
CC,CCK20 Comdty,2020,5,2020-05-13,True
CC,CCN20 Comdty,2020,7,2020-07-16,True
CC,CCU20 Comdty,2020,9,2020-09-15,True
CC,CCZ20 Comdty,2020,12,2020-12-15,True
CC,CCH21 Comdty,2021,3,2021-03-16,True
CC,CCK21 Comdty,2021,5,2021-05-13,True
CC,CCN21 Comdty,2021,7,2021-07-15,True
CC,CCU21 Comdty,2021,9,2021-09-15,True
CC,CCZ21 Comdty,2021,12,2021-12-15,True
CC,CCH22 Comdty,2022,3,2022-03-16,True
CC,CCK22 Comdty,2022,5,2022-05-13,True
CC,CCN22 Comdty,2022,7,2022-07-14,True
CC,CCU22 Comdty,2022,9,2022-09-15,True
CC,CCZ22 Comdty,2022,12,2022-12-14,True
CC,CCH23 Comdty,2023,3,2023-03-16,True
CC,CCK23 Comdty,2023,5,2023-05-15,True
CC,CCN23 Comdty,2023,7,2023-07-14,True
CC,CCU23 Comdty,2023,9,2023-09-14,True
CC,CCZ23 Comdty,2023,12,2023-12-13,True
CC,CCH24 Comdty,2024,3,2024-03-13,True
CC,CCK24 Comdty,2024,5,2024-05-15,True
CC,CCN24 Comdty,2024,7,2024-07-16,True
CC,CCU24 Comdty,2024,9,2024-09-13,True
CC,CCZ24 Comdty,2024,12,2024-12-13,True
CC,CCH25 Comdty,2025,3,2025-03-14,True
CC,CCK25 Comdty,2025,5,2025-05-14,True
CC,CCN25 Comdty,2025,7,2025-07-16,True
CC,CCU25 Comdty,2025,9,2025-09-15,True
CC,CCZ5 Comdty,2025,12,2025-12-15,True
CC,CCH6 Comdty,2026,3,2026-03-16,True
CC,CCK6 Comdty,2026,5,2026-05-13,True
CC,CCN6 Comdty,2026,7,2026-07-16,True
CC,CCU6 Comdty,2026,9,2026-09-15,True
CC,CCZ6 Comdty,2026,12,2026-12-15,True
CC,CCH7 Comdty,2027,3,2027-03-15,True
CC,CCK7 Comdty,2027,5,2027-05-13,True
CC,CCN7 Comdty,2027,7,2027-07-15,True
CC,CCU7 Comdty,2027,9,2027-09-15,True
CC,CCZ7 Comdty,2027,12,2027-12-15,True
CC,CCH8 Comdty,2028,3,2028-03-16,True
CC,CCK8 Comdty,2028,5,2028-05-15,True
CC,CCN8 Comdty,2028,7,2028-07-14,True
CC,CCU8 Comdty,2028,9,2028-09-14,True
SB,SBN61 Comdty,1961,7,1961-06-16,True
SB,SBU61 Comdty,1961,9,1961-08-17,False
SB,SBV61 Comdty,1961,10,1961-09-15,True
SB,SBH62 Comdty,1962,3,1962-02-14,True
SB,SBK62 Comdty,1962,5,1962-04-16,True
SB,SBN62 Comdty,1962,7,1962-06-15,True
SB,SBU62 Comdty,1962,9,1962-08-20,False
SB,SBV62 Comdty,1962,10,1962-09-14,True
SB,SBH63 Comdty,1963,3,1963-02-14,True
SB,SBK63 Comdty,1963,5,1963-04-16,True
SB,SBN63 Comdty,1963,7,1963-06-14,True
SB,SBU63 Comdty,1963,9,1963-08-19,False
SB,SBH64 Comdty,1964,3,1964-02-14,True
SB,SBK64 Comdty,1964,5,1964-04-16,True
SB,SBN64 Comdty,1964,7,1964-06-16,True
SB,SBU64 Comdty,1964,9,1964-08-17,False
SB,SBV64 Comdty,1964,10,1964-09-15,True
SB,SBH65 Comdty,1965,3,1965-02-11,True
SB,SBK65 Comdty,1965,5,1965-04-15,True
SB,SBN65 Comdty,1965,7,1965-06-16,True
SB,SBU65 Comdty,1965,9,1965-08-17,False
SB,SBV65 Comdty,1965,10,1965-09-15,True
SB,SBH66 Comdty,1966,3,1966-02-14,True
SB,SBK66 Comdty,1966,5,1966-04-15,True
SB,SBN66 Comdty,1966,7,1966-06-16,True
SB,SBU66 Comdty,1966,9,1966-08-17,False
SB,SBV66 Comdty,1966,10,1966-09-15,True
SB,SBH67 Comdty,1967,3,1967-02-14,True
SB,SBK67 Comdty,1967,5,1967-04-14,True
SB,SBN67 Comdty,1967,7,1967-06-16,True
SB,SBU67 Comdty,1967,9,1967-08-17,False
SB,SBV67 Comdty,1967,10,1967-09-14,True
SB,SBH68 Comdty,1968,3,1968-02-15,True
SB,SBK68 Comdty,1968,5,1968-04-16,True
SB,SBN68 Comdty,1968,7,1968-06-14,True
SB,SBU68 Comdty,1968,9,1968-08-19,False
SB,SBV68 Comdty,1968,10,1968-09-13,True
SB,SBH69 Comdty,1969,3,1969-02-14,True
SB,SBK69 Comdty,1969,5,1969-04-16,True
SB,SBN69 Comdty,1969,7,1969-06-16,True
SB,SBU69 Comdty,1969,9,1969-08-18,False
SB,SBV69 Comdty,1969,10,1969-09-15,True
SB,SBF70 Comdty,1970,1,1969-09-30,False
SB,SBH70 Comdty,1970,3,1970-02-13,True
SB,SBK70 Comdty,1970,5,1970-04-16,True
SB,SBN70 Comdty,1970,7,1970-06-16,True
SB,SBU70 Comdty,1970,9,1970-08-17,False
SB,SBV70 Comdty,1970,10,1970-09-30,True
SB,SBH71 Comdty,1971,3,1971-02-26,True
SB,SBK71 Comdty,1971,5,1971-04-30,True
SB,SBN71 Comdty,1971,7,1971-06-30,True
SB,SBU71 Comdty,1971,9,1971-08-31,False
SB,SBV71 Comdty,1971,10,1971-09-30,True
SB,SBH72 Comdty,1972,3,1972-02-29,True
SB,SBK72 Comdty,1972,5,1972-04-28,True
SB,SBN72 Comdty,1972,7,1972-06-30,True
SB,SBU72 Comdty,1972,9,1972-08-31,False
SB,SBV72 Comdty,1972,10,1972-09-29,True
SB,SBH73 Comdty,1973,3,1973-02-28,True
SB,SBK73 Comdty,1973,5,1973-04-30,True
SB,SBN73 Comdty,1973,7,1973-06-29,True
SB,SBU73 Comdty,1973,9,1973-08-31,False
SB,SBV73 Comdty,1973,10,1973-09-28,True
SB,SBH74 Comdty,1974,3,1974-02-28,True
SB,SBK74 Comdty,1974,5,1974-04-30,True
SB,SBN74 Comdty,1974,7,1974-06-28,True
SB,SBU74 Comdty,1974,9,1974-08-30,False
SB,SBV74 Comdty,1974,10,1974-09-30,True
SB,SBH75 Comdty,1975,3,1975-02-28,True
SB,SBK75 Comdty,1975,5,1975-04-30,True
SB,SBN75 Comdty,1975,7,1975-06-30,True
SB,SBU75 Comdty,1975,9,1975-08-29,False
SB,SBV75 Comdty,1975,10,1975-09-30,True
SB,SBF76 Comdty,1976,1,1975-12-29,False
SB,SBH76 Comdty,1976,3,1976-02-27,True
SB,SBK76 Comdty,1976,5,1976-04-30,True
SB,SBN76 Comdty,1976,7,1976-06-30,True
SB,SBU76 Comdty,1976,9,1976-08-31,False
SB,SBV76 Comdty,1976,10,1976-09-30,True
SB,SBF77 Comdty,1977,1,1976-12-30,False
SB,SBH77 Comdty,1977,3,1977-02-28,True
SB,SBK77 Comdty,1977,5,1977-04-29,True
SB,SBN77 Comdty,1977,7,1977-06-30,True
SB,SBU77 Comdty,1977,9,1977-08-31,False
SB,SBV77 Comdty,1977,10,1977-09-30,True
SB,SBF78 Comdty,1978,1,1977-12-30,False
SB,SBH78 Comdty,1978,3,1978-02-28,True
SB,SBK78 Comdty,1978,5,1978-04-28,True
SB,SBN78 Comdty,1978,7,1978-06-30,True
SB,SBU78 Comdty,1978,9,1978-08-31,False
SB,SBV78 Comdty,1978,10,1978-09-29,True
SB,SBH79 Comdty,1979,3,1979-02-28,True
SB,SBK79 Comdty,1979,5,1979-04-30,True
SB,SBN79 Comdty,1979,7,1979-06-29,True
SB,SBU79 Comdty,1979,9,1979-08-31,False
SB,SBV79 Comdty,1979,10,1979-09-28,True
SB,SBH80 Comdty,1980,3,1980-02-29,True
SB,SBK80 Comdty,1980,5,1980-04-30,True
SB,SBN80 Comdty,1980,7,1980-06-30,True
SB,SBU80 Comdty,1980,9,1980-08-29,False
SB,SBV80 Comdty,1980,10,1980-09-30,True
SB,SBF81 Comdty,1981,1,1980-12-30,False
SB,SBH81 Comdty,1981,3,1981-02-27,True
SB,SBK81 Comdty,1981,5,1981-04-30,True
SB,SBN81 Comdty,1981,7,1981-06-30,True
SB,SBU81 Comdty,1981,9,1981-08-31,False
SB,SBV81 Comdty,1981,10,1981-09-30,True
SB,SBF82 Comdty,1982,1,1981-12-30,False
SB,SBH82 Comdty,1982,3,1982-02-26,True
SB,SBK82 Comdty,1982,5,1982-04-30,True
SB,SBN82 Comdty,1982,7,1982-06-30,True
SB,SBU82 Comdty,1982,9,1982-08-31,False
SB,SBV82 Comdty,1982,10,1982-09-30,True
SB,SBF83 Comdty,1983,1,1982-12-30,False
SB,SBH83 Comdty,1983,3,1983-02-28,True
SB,SBK83 Comdty,1983,5,1983-04-29,True
SB,SBN83 Comdty,1983,7,1983-06-30,True
SB,SBU83 Comdty,1983,9,1983-08-31,False
SB,SBV83 Comdty,1983,10,1983-09-30,True
SB,SBF84 Comdty,1984,1,1983-12-30,False
SB,SBH84 Comdty,1984,3,1984-02-29,True
SB,SBK84 Comdty,1984,5,1984-04-30,True
SB,SBN84 Comdty,1984,7,1984-06-29,True
SB,SBU84 Comdty,1984,9,1984-08-31,False
SB,SBV84 Comdty,1984,10,1984-09-28,True
SB,SBF85 Comdty,1985,1,1984-12-31,False
SB,SBH85 Comdty,1985,3,1985-02-28,True
SB,SBK85 Comdty,1985,5,1985-04-30,True
SB,SBN85 Comdty,1985,7,1985-06-28,True
SB,SBU85 Comdty,1985,9,1985-08-30,False
SB,SBV85 Comdty,1985,10,1985-09-30,True
SB,SBF86 Comdty,1986,1,1985-12-31,False
SB,SBH86 Comdty,1986,3,1986-02-28,True
SB,SBK86 Comdty,1986,5,1986-04-30,True
SB,SBN86 Comdty,1986,7,1986-06-30,True
SB,SBU86 Comdty,1986,9,1986-08-29,False
SB,SBV86 Comdty,1986,10,1986-09-30,True
SB,SBF87 Comdty,1987,1,1986-12-31,False
SB,SBH87 Comdty,1987,3,1987-02-27,True
SB,SBK87 Comdty,1987,5,1987-04-30,True
SB,SBN87 Comdty,1987,7,1987-06-30,True
SB,SBU87 Comdty,1987,9,1987-08-31,False
SB,SBV87 Comdty,1987,10,1987-09-30,True
SB,SBF88 Comdty,1988,1,1987-12-31,False
SB,SBH88 Comdty,1988,3,1988-02-29,True
SB,SBK88 Comdty,1988,5,1988-04-30,True
SB,SBN88 Comdty,1988,7,1988-06-30,True
SB,SBV88 Comdty,1988,10,1988-09-30,True
SB,SBF89 Comdty,1989,1,1988-12-30,False
SB,SBH89 Comdty,1989,3,1989-02-28,True
SB,SBK89 Comdty,1989,5,1989-04-28,True
SB,SBN89 Comdty,1989,7,1989-06-30,True
SB,SBV89 Comdty,1989,10,1989-09-29,True
SB,SBF90 Comdty,1990,1,1989-12-29,False
SB,SBH90 Comdty,1990,3,1990-02-28,True
SB,SBK90 Comdty,1990,5,1990-04-30,True
SB,SBN90 Comdty,1990,7,1990-06-29,True
SB,SBV90 Comdty,1990,10,1990-09-28,True
SB,SBH91 Comdty,1991,3,1991-02-28,True
SB,SBK91 Comdty,1991,5,1991-04-30,True
SB,SBN91 Comdty,1991,7,1991-06-28,True
SB,SBV91 Comdty,1991,10,1991-09-30,True
SB,SBH92 Comdty,1992,3,1992-02-28,True
SB,SBK92 Comdty,1992,5,1992-04-30,True
SB,SBN92 Comdty,1992,7,1992-06-30,True
SB,SBV92 Comdty,1992,10,1992-09-30,True
SB,SBH93 Comdty,1993,3,1993-02-26,True
SB,SBK93 Comdty,1993,5,1993-04-30,True
SB,SBN93 Comdty,1993,7,1993-06-30,True
SB,SBV93 Comdty,1993,10,1993-09-30,True
SB,SBH94 Comdty,1994,3,1994-02-28,True
SB,SBK94 Comdty,1994,5,1994-04-29,True
SB,SBN94 Comdty,1994,7,1994-06-30,True
SB,SBV94 Comdty,1994,10,1994-09-30,True
SB,SBH95 Comdty,1995,3,1995-02-28,True
SB,SBK95 Comdty,1995,5,1995-04-28,True
SB,SBN95 Comdty,1995,7,1995-06-30,True
SB,SBV95 Comdty,1995,10,1995-09-29,True
SB,SBH96 Comdty,1996,3,1996-02-29,True
SB,SBK96 Comdty,1996,5,1996-04-30,True
SB,SBN96 Comdty,1996,7,1996-06-28,True
SB,SBV96 Comdty,1996,10,1996-09-30,True
SB,SBH97 Comdty,1997,3,1997-02-28,True
SB,SBK97 Comdty,1997,5,1997-04-30,True
SB,SBN97 Comdty,1997,7,1997-06-30,True
SB,SBV97 Comdty,1997,10,1997-09-30,True
SB,SBH98 Comdty,1998,3,1998-02-27,True
SB,SBK98 Comdty,1998,5,1998-04-30,True
SB,SBN98 Comdty,1998,7,1998-06-30,True
SB,SBV98 Comdty,1998,10,1998-09-30,True
SB,SBH99 Comdty,1999,3,1999-02-26,True
SB,SBK99 Comdty,1999,5,1999-04-30,True
SB,SBN99 Comdty,1999,7,1999-06-30,True
SB,SBV99 Comdty,1999,10,1999-09-30,True
SB,SBH00 Comdty,2000,3,2000-02-29,True
SB,SBK00 Comdty,2000,5,2000-04-28,True
SB,SBN00 Comdty,2000,7,2000-06-30,True
SB,SBV00 Comdty,2000,10,2000-09-29,True
SB,SBH01 Comdty,2001,3,2001-02-28,True
SB,SBK01 Comdty,2001,5,2001-04-30,True
SB,SBN01 Comdty,2001,7,2001-06-29,True
SB,SBV01 Comdty,2001,10,2001-09-28,True
SB,SBH02 Comdty,2002,3,2002-02-28,True
SB,SBK02 Comdty,2002,5,2002-04-30,True
SB,SBN02 Comdty,2002,7,2002-06-28,True
SB,SBV02 Comdty,2002,10,2002-09-30,True
SB,SBF03 Comdty,2003,1,2002-12-31,False
SB,SBH03 Comdty,2003,3,2003-02-28,True
SB,SBK03 Comdty,2003,5,2003-04-30,True
SB,SBN03 Comdty,2003,7,2003-06-30,True
SB,SBV03 Comdty,2003,10,2003-09-30,True
SB,SBF04 Comdty,2004,1,2003-12-31,False
SB,SBH04 Comdty,2004,3,2004-02-27,True
SB,SBK04 Comdty,2004,5,2004-04-30,True
SB,SBN04 Comdty,2004,7,2004-06-30,True
SB,SBV04 Comdty,2004,10,2004-09-30,True
SB,SBH05 Comdty,2005,3,2005-02-28,True
SB,SBK05 Comdty,2005,5,2005-04-29,True
SB,SBN05 Comdty,2005,7,2005-06-30,True
SB,SBV05 Comdty,2005,10,2005-09-30,True
SB,SBH06 Comdty,2006,3,2006-02-28,True
SB,SBK06 Comdty,2006,5,2006-04-28,True
SB,SBN06 Comdty,2006,7,2006-06-30,True
SB,SBV06 Comdty,2006,10,2006-09-29,True
SB,SBH07 Comdty,2007,3,2007-02-28,True
SB,SBK07 Comdty,2007,5,2007-04-30,True
SB,SBN07 Comdty,2007,7,2007-06-29,True
SB,SBV07 Comdty,2007,10,2007-09-28,True
SB,SBH08 Comdty,2008,3,2008-02-29,True
SB,SBK08 Comdty,2008,5,2008-04-30,True
SB,SBN08 Comdty,2008,7,2008-06-30,True
SB,SBV08 Comdty,2008,10,2008-09-30,True
SB,SBH09 Comdty,2009,3,2009-02-27,True
SB,SBK09 Comdty,2009,5,2009-04-30,True
SB,SBN09 Comdty,2009,7,2009-06-30,True
SB,SBV09 Comdty,2009,10,2009-09-30,True
SB,SBF10 Comdty,2010,1,2009-12-22,False
SB,SBH10 Comdty,2010,3,2010-02-26,True
SB,SBK10 Comdty,2010,5,2010-04-30,True
SB,SBN10 Comdty,2010,7,2010-06-30,True
SB,SBV10 Comdty,2010,10,2010-09-30,True
SB,SBF11 Comdty,2011,1,2010-12-23,False
SB,SBH11 Comdty,2011,3,2011-02-28,True
SB,SBK11 Comdty,2011,5,2011-04-29,True
SB,SBN11 Comdty,2011,7,2011-06-30,True
SB,SBV11 Comdty,2011,10,2011-09-30,True
SB,SBH12 Comdty,2012,3,2012-02-29,True
SB,SBK12 Comdty,2012,5,2012-04-30,True
SB,SBN12 Comdty,2012,7,2012-06-29,True
SB,SBV12 Comdty,2012,10,2012-09-28,True
SB,SBH13 Comdty,2013,3,2013-02-28,True
SB,SBK13 Comdty,2013,5,2013-04-30,True
SB,SBN13 Comdty,2013,7,2013-06-28,True
SB,SBV13 Comdty,2013,10,2013-09-30,True
SB,SBH14 Comdty,2014,3,2014-02-28,True
SB,SBK14 Comdty,2014,5,2014-04-30,True
SB,SBN14 Comdty,2014,7,2014-06-30,True
SB,SBV14 Comdty,2014,10,2014-09-30,True
SB,SBH15 Comdty,2015,3,2015-02-27,True
SB,SBK15 Comdty,2015,5,2015-04-30,True
SB,SBN15 Comdty,2015,7,2015-06-30,True
SB,SBV15 Comdty,2015,10,2015-09-30,True
SB,SBH16 Comdty,2016,3,2016-02-29,True
SB,SBK16 Comdty,2016,5,2016-04-29,True
SB,SBN16 Comdty,2016,7,2016-06-30,True
SB,SBV16 Comdty,2016,10,2016-09-30,True
SB,SBH17 Comdty,2017,3,2017-02-28,True
SB,SBK17 Comdty,2017,5,2017-04-28,True
SB,SBN17 Comdty,2017,7,2017-06-30,True
SB,SBV17 Comdty,2017,10,2017-09-29,True
SB,SBH18 Comdty,2018,3,2018-02-28,True
SB,SBK18 Comdty,2018,5,2018-04-30,True
SB,SBN18 Comdty,2018,7,2018-06-29,True
SB,SBV18 Comdty,2018,10,2018-09-28,True
SB,SBH19 Comdty,2019,3,2019-02-28,True
SB,SBK19 Comdty,2019,5,2019-04-30,True
SB,SBN19 Comdty,2019,7,2019-06-28,True
SB,SBV19 Comdty,2019,10,2019-09-30,True
SB,SBH20 Comdty,2020,3,2020-02-28,True
SB,SBK20 Comdty,2020,5,2020-04-30,True
SB,SBN20 Comdty,2020,7,2020-06-30,True
SB,SBV20 Comdty,2020,10,2020-09-30,True
SB,SBH21 Comdty,2021,3,2021-02-26,True
SB,SBK21 Comdty,2021,5,2021-04-30,True
SB,SBN21 Comdty,2021,7,2021-06-30,True
SB,SBV21 Comdty,2021,10,2021-09-30,True
SB,SBH22 Comdty,2022,3,2022-02-28,True
SB,SBK22 Comdty,2022,5,2022-04-29,True
SB,SBN22 Comdty,2022,7,2022-06-30,True
SB,SBV22 Comdty,2022,10,2022-09-30,True
SB,SBH23 Comdty,2023,3,2023-02-28,True
SB,SBK23 Comdty,2023,5,2023-04-28,True
SB,SBN23 Comdty,2023,7,2023-06-30,True
SB,SBV23 Comdty,2023,10,2023-09-29,True
SB,SBH24 Comdty,2024,3,2024-02-29,True
SB,SBK24 Comdty,2024,5,2024-04-30,True
SB,SBN24 Comdty,2024,7,2024-06-28,True
SB,SBV24 Comdty,2024,10,2024-09-30,True
SB,SBH25 Comdty,2025,3,2025-02-28,True
SB,SBK25 Comdty,2025,5,2025-04-30,True
SB,SBN25 Comdty,2025,7,2025-06-30,True
SB,SBV25 Comdty,2025,10,2025-09-30,True
SB,SBH6 Comdty,2026,3,2026-02-27,True
SB,SBK6 Comdty,2026,5,2026-04-30,True
SB,SBN6 Comdty,2026,7,2026-06-30,True
SB,SBV6 Comdty,2026,10,2026-09-30,True
SB,SBH7 Comdty,2027,3,2027-02-26,True
SB,SBK7 Comdty,2027,5,2027-04-30,True
SB,SBN7 Comdty,2027,7,2027-06-30,True
SB,SBV7 Comdty,2027,10,2027-09-30,True
SB,SBH8 Comdty,2028,3,2028-02-29,True
SB,SBK8 Comdty,2028,5,2028-04-28,True
SB,SBN8 Comdty,2028,7,2028-06-30,True
SB,SBV8 Comdty,2028,10,2028-09-29,True
SB,SBH9 Comdty,2029,3,2029-02-28,True
SB,SBK9 Comdty,2029,5,2029-04-30,True
SB,SBN9 Comdty,2029,7,2029-06-29,True
CT,CTN60 Comdty,1960,7,1960-07-13,True
CT,CTZ60 Comdty,1960,12,1960-12-13,True
CT,CTH61 Comdty,1961,3,1961-03-14,True
CT,CTK61 Comdty,1961,5,1961-05-12,True
CT,CTN61 Comdty,1961,7,1961-07-13,True
CT,CTV61 Comdty,1961,10,1961-10-13,True
CT,CTZ61 Comdty,1961,12,1961-12-12,True
CT,CTH62 Comdty,1962,3,1962-03-15,True
CT,CTK62 Comdty,1962,5,1962-05-14,True
CT,CTN62 Comdty,1962,7,1962-07-13,True
CT,CTV62 Comdty,1962,10,1962-10-15,True
CT,CTZ62 Comdty,1962,12,1962-12-12,True
CT,CTH63 Comdty,1963,3,1963-03-13,True
CT,CTK63 Comdty,1963,5,1963-05-14,True
CT,CTN63 Comdty,1963,7,1963-07-15,True
CT,CTV63 Comdty,1963,10,1963-10-15,True
CT,CTZ63 Comdty,1963,12,1963-12-12,True
CT,CTH64 Comdty,1964,3,1964-03-09,True
CT,CTK64 Comdty,1964,5,1964-05-06,True
CT,CTN64 Comdty,1964,7,1964-07-08,True
CT,CTV64 Comdty,1964,10,1964-10-07,True
CT,CTZ64 Comdty,1964,12,1964-12-08,True
CT,CTH65 Comdty,1965,3,1965-03-09,True
CT,CTK65 Comdty,1965,5,1965-05-06,True
CT,CTN65 Comdty,1965,7,1965-07-08,True
CT,CTV65 Comdty,1965,10,1965-10-08,True
CT,CTZ65 Comdty,1965,12,1965-12-09,True
CT,CTH66 Comdty,1966,3,1966-03-09,True
CT,CTK66 Comdty,1966,5,1966-05-05,True
CT,CTN66 Comdty,1966,7,1966-07-07,True
CT,CTV66 Comdty,1966,10,1966-10-06,True
CT,CTZ66 Comdty,1966,12,1966-12-07,True
CT,CTH67 Comdty,1967,3,1967-03-08,True
CT,CTK67 Comdty,1967,5,1967-05-08,True
CT,CTN67 Comdty,1967,7,1967-07-06,True
CT,CTV67 Comdty,1967,10,1967-10-09,True
CT,CTZ67 Comdty,1967,12,1967-12-06,True
CT,CTH68 Comdty,1968,3,1968-03-07,True
CT,CTK68 Comdty,1968,5,1968-05-08,True
CT,CTN68 Comdty,1968,7,1968-07-09,True
CT,CTV68 Comdty,1968,10,1968-10-09,True
CT,CTZ68 Comdty,1968,12,1968-12-06,True
CT,CTH69 Comdty,1969,3,1969-03-07,True
CT,CTK69 Comdty,1969,5,1969-05-07,True
CT,CTN69 Comdty,1969,7,1969-07-09,True
CT,CTV69 Comdty,1969,10,1969-10-09,True
CT,CTZ69 Comdty,1969,12,1969-12-08,True
CT,CTH70 Comdty,1970,3,1970-03-09,True
CT,CTK70 Comdty,1970,5,1970-05-07,True
CT,CTN70 Comdty,1970,7,1970-07-09,True
CT,CTV70 Comdty,1970,10,1970-10-08,True
CT,CTZ70 Comdty,1970,12,1970-12-08,True
CT,CTH71 Comdty,1971,3,1971-03-09,True
CT,CTK71 Comdty,1971,5,1971-05-06,True
CT,CTN71 Comdty,1971,7,1971-07-08,True
CT,CTV71 Comdty,1971,10,1971-10-07,True
CT,CTZ71 Comdty,1971,12,1971-12-09,True
CT,CTH72 Comdty,1972,3,1972-03-08,True
CT,CTK72 Comdty,1972,5,1972-05-08,True
CT,CTN72 Comdty,1972,7,1972-07-07,True
CT,CTV72 Comdty,1972,10,1972-10-05,True
CT,CTZ72 Comdty,1972,12,1972-12-06,True
CT,CTH73 Comdty,1973,3,1973-03-08,True
CT,CTK73 Comdty,1973,5,1973-05-08,True
CT,CTN73 Comdty,1973,7,1973-07-09,True
CT,CTV73 Comdty,1973,10,1973-10-05,True
CT,CTZ73 Comdty,1973,12,1973-12-06,True
CT,CTH74 Comdty,1974,3,1974-03-07,True
CT,CTK74 Comdty,1974,5,1974-05-08,True
CT,CTN74 Comdty,1974,7,1974-07-09,True
CT,CTV74 Comdty,1974,10,1974-10-09,True
CT,CTZ74 Comdty,1974,12,1974-12-06,True
CT,CTH75 Comdty,1975,3,1975-03-06,True
CT,CTK75 Comdty,1975,5,1975-05-07,True
CT,CTN75 Comdty,1975,7,1975-07-09,True
CT,CTV75 Comdty,1975,10,1975-10-09,True
CT,CTZ75 Comdty,1975,12,1975-12-08,True
CT,CTH76 Comdty,1976,3,1976-03-09,True
CT,CTK76 Comdty,1976,5,1976-05-06,True
CT,CTN76 Comdty,1976,7,1976-07-08,True
CT,CTV76 Comdty,1976,10,1976-10-07,True
CT,CTZ76 Comdty,1976,12,1976-12-09,True
CT,CTH77 Comdty,1977,3,1977-03-09,True
CT,CTK77 Comdty,1977,5,1977-05-06,True
CT,CTN77 Comdty,1977,7,1977-07-07,True
CT,CTV77 Comdty,1977,10,1977-10-07,True
CT,CTZ77 Comdty,1977,12,1977-12-07,True
CT,CTH78 Comdty,1978,3,1978-03-08,True
CT,CTK78 Comdty,1978,5,1978-05-08,True
CT,CTN78 Comdty,1978,7,1978-07-07,True
CT,CTV78 Comdty,1978,10,1978-10-09,True
CT,CTZ78 Comdty,1978,12,1978-12-06,True
CT,CTH79 Comdty,1979,3,1979-03-08,True
CT,CTK79 Comdty,1979,5,1979-05-08,True
CT,CTN79 Comdty,1979,7,1979-07-09,True
CT,CTV79 Comdty,1979,10,1979-10-09,True
CT,CTZ79 Comdty,1979,12,1979-12-06,True
CT,CTH80 Comdty,1980,3,1980-03-07,True
CT,CTK80 Comdty,1980,5,1980-05-07,True
CT,CTN80 Comdty,1980,7,1980-07-09,True
CT,CTV80 Comdty,1980,10,1980-10-09,True
CT,CTZ80 Comdty,1980,12,1980-12-08,True
CT,CTH81 Comdty,1981,3,1981-03-09,True
CT,CTK81 Comdty,1981,5,1981-05-06,True
CT,CTN81 Comdty,1981,7,1981-07-09,True
CT,CTV81 Comdty,1981,10,1981-10-08,True
CT,CTZ81 Comdty,1981,12,1981-12-08,True
CT,CTH82 Comdty,1982,3,1982-03-10,True
CT,CTK82 Comdty,1982,5,1982-05-06,True
CT,CTN82 Comdty,1982,7,1982-07-08,True
CT,CTV82 Comdty,1982,10,1982-10-07,True
CT,CTZ82 Comdty,1982,12,1982-12-07,True
CT,CTH83 Comdty,1983,3,1983-03-09,True
CT,CTK83 Comdty,1983,5,1983-05-06,True
CT,CTN83 Comdty,1983,7,1983-07-07,True
CT,CTV83 Comdty,1983,10,1983-10-07,True
CT,CTZ83 Comdty,1983,12,1983-12-07,True
CT,CTH84 Comdty,1984,3,1984-03-08,True
CT,CTK84 Comdty,1984,5,1984-05-08,True
CT,CTN84 Comdty,1984,7,1984-07-09,True
CT,CTV84 Comdty,1984,10,1984-10-09,True
CT,CTZ84 Comdty,1984,12,1984-12-06,True
CT,CTH85 Comdty,1985,3,1985-03-07,True
CT,CTK85 Comdty,1985,5,1985-05-08,True
CT,CTN85 Comdty,1985,7,1985-07-09,True
CT,CTV85 Comdty,1985,10,1985-10-09,True
CT,CTZ85 Comdty,1985,12,1985-12-06,True
CT,CTH86 Comdty,1986,3,1986-03-06,True
CT,CTK86 Comdty,1986,5,1986-05-07,True
CT,CTN86 Comdty,1986,7,1986-07-09,True
CT,CTV86 Comdty,1986,10,1986-10-09,True
CT,CTZ86 Comdty,1986,12,1986-12-08,True
CT,CTH87 Comdty,1987,3,1987-03-09,True
CT,CTK87 Comdty,1987,5,1987-05-06,True
CT,CTN87 Comdty,1987,7,1987-07-09,True
CT,CTV87 Comdty,1987,10,1987-10-07,True
CT,CTZ87 Comdty,1987,12,1987-12-08,True
CT,CTH88 Comdty,1988,3,1988-03-09,True
CT,CTK88 Comdty,1988,5,1988-05-06,True
CT,CTN88 Comdty,1988,7,1988-07-09,True
CT,CTV88 Comdty,1988,10,1988-10-07,True
CT,CTZ88 Comdty,1988,12,1988-12-07,True
CT,CTH89 Comdty,1989,3,1989-03-08,True
CT,CTK89 Comdty,1989,5,1989-05-08,True
CT,CTN89 Comdty,1989,7,1989-07-07,True
CT,CTV89 Comdty,1989,10,1989-10-09,True
CT,CTZ89 Comdty,1989,12,1989-12-06,True
CT,CTH90 Comdty,1990,3,1990-03-08,True
CT,CTK90 Comdty,1990,5,1990-05-08,True
CT,CTN90 Comdty,1990,7,1990-07-09,True
CT,CTV90 Comdty,1990,10,1990-10-09,True
CT,CTZ90 Comdty,1990,12,1990-12-06,True
CT,CTH91 Comdty,1991,3,1991-03-06,True
CT,CTK91 Comdty,1991,5,1991-05-08,True
CT,CTN91 Comdty,1991,7,1991-07-09,True
CT,CTV91 Comdty,1991,10,1991-10-08,True
CT,CTZ91 Comdty,1991,12,1991-12-06,True
CT,CTH92 Comdty,1992,3,1992-03-09,True
CT,CTK92 Comdty,1992,5,1992-05-06,True
CT,CTN92 Comdty,1992,7,1992-07-09,True
CT,CTV92 Comdty,1992,10,1992-10-08,True
CT,CTZ92 Comdty,1992,12,1992-12-08,True
CT,CTH93 Comdty,1993,3,1993-03-09,True
CT,CTK93 Comdty,1993,5,1993-05-06,True
CT,CTN93 Comdty,1993,7,1993-07-08,True
CT,CTV93 Comdty,1993,10,1993-10-07,True
CT,CTZ93 Comdty,1993,12,1993-12-07,True
CT,CTH94 Comdty,1994,3,1994-03-09,True
CT,CTK94 Comdty,1994,5,1994-05-06,True
CT,CTN94 Comdty,1994,7,1994-07-07,True
CT,CTQ94 Comdty,1994,8,1994-08-09,False
CT,CTU94 Comdty,1994,9,1994-09-08,False
CT,CTV94 Comdty,1994,10,1994-10-07,True
CT,CTZ94 Comdty,1994,12,1994-12-07,True
CT,CTH95 Comdty,1995,3,1995-03-09,True
CT,CTK95 Comdty,1995,5,1995-05-08,True
CT,CTN95 Comdty,1995,7,1995-07-07,True
CT,CTQ95 Comdty,1995,8,1995-08-09,False
CT,CTU95 Comdty,1995,9,1995-09-07,False
CT,CTV95 Comdty,1995,10,1995-10-09,True
CT,CTZ95 Comdty,1995,12,1995-12-13,True
CT,CTH96 Comdty,1996,3,1996-03-07,True
CT,CTK96 Comdty,1996,5,1996-05-08,True
CT,CTN96 Comdty,1996,7,1996-07-09,True
CT,CTV96 Comdty,1996,10,1996-10-09,True
CT,CTZ96 Comdty,1996,12,1996-12-06,True
CT,CTH97 Comdty,1997,3,1997-03-06,True
CT,CTK97 Comdty,1997,5,1997-05-07,True
CT,CTN97 Comdty,1997,7,1997-07-09,True
CT,CTV97 Comdty,1997,10,1997-10-09,True
CT,CTZ97 Comdty,1997,12,1997-12-08,True
CT,CTH98 Comdty,1998,3,1998-03-09,True
CT,CTK98 Comdty,1998,5,1998-05-06,True
CT,CTN98 Comdty,1998,7,1998-07-09,True
CT,CTV98 Comdty,1998,10,1998-10-08,True
CT,CTZ98 Comdty,1998,12,1998-12-08,True
CT,CTH99 Comdty,1999,3,1999-03-09,True
CT,CTK99 Comdty,1999,5,1999-05-06,True
CT,CTN99 Comdty,1999,7,1999-07-08,True
CT,CTV99 Comdty,1999,10,1999-10-06,True
CT,CTZ99 Comdty,1999,12,1999-12-08,True
CT,CTH00 Comdty,2000,3,2000-03-09,True
CT,CTK00 Comdty,2000,5,2000-05-08,True
CT,CTN00 Comdty,2000,7,2000-07-07,True
CT,CTV00 Comdty,2000,10,2000-10-06,True
CT,CTZ00 Comdty,2000,12,2000-12-06,True
CT,CTH01 Comdty,2001,3,2001-03-08,True
CT,CTK01 Comdty,2001,5,2001-05-08,True
CT,CTN01 Comdty,2001,7,2001-07-09,True
CT,CTV01 Comdty,2001,10,2001-10-09,True
CT,CTZ01 Comdty,2001,12,2001-12-06,True
CT,CTH02 Comdty,2002,3,2002-03-06,True
CT,CTK02 Comdty,2002,5,2002-05-08,True
CT,CTN02 Comdty,2002,7,2002-07-09,True
CT,CTV02 Comdty,2002,10,2002-10-08,True
CT,CTZ02 Comdty,2002,12,2002-12-05,True
CT,CTH03 Comdty,2003,3,2003-03-07,True
CT,CTK03 Comdty,2003,5,2003-05-07,True
CT,CTN03 Comdty,2003,7,2003-07-09,True
CT,CTV03 Comdty,2003,10,2003-10-09,True
CT,CTZ03 Comdty,2003,12,2003-12-05,True
CT,CTH04 Comdty,2004,3,2004-03-09,True
CT,CTK04 Comdty,2004,5,2004-05-06,True
CT,CTN04 Comdty,2004,7,2004-07-08,True
CT,CTV04 Comdty,2004,10,2004-10-07,True
CT,CTZ04 Comdty,2004,12,2004-12-08,True
CT,CTH05 Comdty,2005,3,2005-03-08,True
CT,CTK05 Comdty,2005,5,2005-05-06,True
CT,CTN05 Comdty,2005,7,2005-07-07,True
CT,CTV05 Comdty,2005,10,2005-10-07,True
CT,CTZ05 Comdty,2005,12,2005-12-07,True
CT,CTH06 Comdty,2006,3,2006-03-09,True
CT,CTK06 Comdty,2006,5,2006-05-08,True
CT,CTN06 Comdty,2006,7,2006-07-07,True
CT,CTV06 Comdty,2006,10,2006-10-09,True
CT,CTZ06 Comdty,2006,12,2006-12-06,True
CT,CTH07 Comdty,2007,3,2007-03-08,True
CT,CTK07 Comdty,2007,5,2007-05-08,True
CT,CTN07 Comdty,2007,7,2007-07-09,True
CT,CTV07 Comdty,2007,10,2007-10-09,True
CT,CTZ07 Comdty,2007,12,2007-12-06,True
CT,CTH08 Comdty,2008,3,2008-03-06,True
CT,CTK08 Comdty,2008,5,2008-05-07,True
CT,CTN08 Comdty,2008,7,2008-07-09,True
CT,CTV08 Comdty,2008,10,2008-10-09,True
CT,CTZ08 Comdty,2008,12,2008-12-08,True
CT,CTH09 Comdty,2009,3,2009-03-09,True
CT,CTK09 Comdty,2009,5,2009-05-06,True
CT,CTN09 Comdty,2009,7,2009-07-09,True
CT,CTV09 Comdty,2009,10,2009-10-08,True
CT,CTZ09 Comdty,2009,12,2009-12-08,True
CT,CTH10 Comdty,2010,3,2010-03-09,True
CT,CTK10 Comdty,2010,5,2010-05-06,True
CT,CTN10 Comdty,2010,7,2010-07-08,True
CT,CTV10 Comdty,2010,10,2010-10-07,True
CT,CTZ10 Comdty,2010,12,2010-12-08,True
CT,CTH11 Comdty,2011,3,2011-03-09,True
CT,CTK11 Comdty,2011,5,2011-05-06,True
CT,CTN11 Comdty,2011,7,2011-07-07,True
CT,CTV11 Comdty,2011,10,2011-10-07,True
CT,CTZ11 Comdty,2011,12,2011-12-07,True
CT,CTH12 Comdty,2012,3,2012-03-08,True
CT,CTK12 Comdty,2012,5,2012-05-08,True
CT,CTN12 Comdty,2012,7,2012-07-09,True
CT,CTV12 Comdty,2012,10,2012-10-09,True
CT,CTZ12 Comdty,2012,12,2012-12-06,True
CT,CTH13 Comdty,2013,3,2013-03-06,True
CT,CTK13 Comdty,2013,5,2013-05-08,True
CT,CTN13 Comdty,2013,7,2013-07-09,True
CT,CTV13 Comdty,2013,10,2013-10-09,True
CT,CTZ13 Comdty,2013,12,2013-12-06,True
CT,CTH14 Comdty,2014,3,2014-03-07,True
CT,CTK14 Comdty,2014,5,2014-05-07,True
CT,CTN14 Comdty,2014,7,2014-07-09,True
CT,CTV14 Comdty,2014,10,2014-10-09,True
CT,CTZ14 Comdty,2014,12,2014-12-08,True
CT,CTH15 Comdty,2015,3,2015-03-09,True
CT,CTK15 Comdty,2015,5,2015-05-06,True
CT,CTN15 Comdty,2015,7,2015-07-09,True
CT,CTV15 Comdty,2015,10,2015-10-08,True
CT,CTZ15 Comdty,2015,12,2015-12-08,True
CT,CTH16 Comdty,2016,3,2016-03-08,True
CT,CTK16 Comdty,2016,5,2016-05-06,True
CT,CTN16 Comdty,2016,7,2016-07-07,True
CT,CTV16 Comdty,2016,10,2016-10-07,True
CT,CTZ16 Comdty,2016,12,2016-12-07,True
CT,CTH17 Comdty,2017,3,2017-03-09,True
CT,CTK17 Comdty,2017,5,2017-05-08,True
CT,CTN17 Comdty,2017,7,2017-07-07,True
CT,CTV17 Comdty,2017,10,2017-10-09,True
CT,CTZ17 Comdty,2017,12,2017-12-06,True
CT,CTH18 Comdty,2018,3,2018-03-07,True
CT,CTK18 Comdty,2018,5,2018-05-08,True
CT,CTN18 Comdty,2018,7,2018-07-09,True
CT,CTV18 Comdty,2018,10,2018-10-09,True
CT,CTZ18 Comdty,2018,12,2018-12-06,True
CT,CTH19 Comdty,2019,3,2019-03-07,True
CT,CTK19 Comdty,2019,5,2019-05-08,True
CT,CTN19 Comdty,2019,7,2019-07-09,True
CT,CTV19 Comdty,2019,10,2019-10-09,True
CT,CTZ19 Comdty,2019,12,2019-12-06,True
CT,CTH20 Comdty,2020,3,2020-03-09,True
CT,CTK20 Comdty,2020,5,2020-05-06,True
CT,CTN20 Comdty,2020,7,2020-07-09,True
CT,CTV20 Comdty,2020,10,2020-10-08,True
CT,CTZ20 Comdty,2020,12,2020-12-08,True
CT,CTH21 Comdty,2021,3,2021-03-09,True
CT,CTK21 Comdty,2021,5,2021-05-06,True
CT,CTN21 Comdty,2021,7,2021-07-08,True
CT,CTV21 Comdty,2021,10,2021-10-07,True
CT,CTZ21 Comdty,2021,12,2021-12-08,True
CT,CTH22 Comdty,2022,3,2022-03-09,True
CT,CTK22 Comdty,2022,5,2022-05-06,True
CT,CTN22 Comdty,2022,7,2022-07-07,True
CT,CTV22 Comdty,2022,10,2022-10-07,True
CT,CTZ22 Comdty,2022,12,2022-12-07,True
CT,CTH23 Comdty,2023,3,2023-03-09,True
CT,CTK23 Comdty,2023,5,2023-05-08,True
CT,CTN23 Comdty,2023,7,2023-07-07,True
CT,CTV23 Comdty,2023,10,2023-10-09,True
CT,CTZ23 Comdty,2023,12,2023-12-06,True
CT,CTH24 Comdty,2024,3,2024-03-06,True
CT,CTK24 Comdty,2024,5,2024-05-08,True
CT,CTN24 Comdty,2024,7,2024-07-09,True
CT,CTV24 Comdty,2024,10,2024-10-09,True
CT,CTZ24 Comdty,2024,12,2024-12-06,True
CT,CTH25 Comdty,2025,3,2025-03-07,True
CT,CTK25 Comdty,2025,5,2025-05-07,True
CT,CTN25 Comdty,2025,7,2025-07-09,True
CT,CTV25 Comdty,2025,10,2025-10-09,True
CT,CTZ5 Comdty,2025,12,2025-12-08,True
CT,CTH6 Comdty,2026,3,2026-03-09,True
CT,CTK6 Comdty,2026,5,2026-05-06,True
CT,CTN6 Comdty,2026,7,2026-07-09,True
CT,CTV6 Comdty,2026,10,2026-10-08,True
CT,CTZ6 Comdty,2026,12,2026-12-08,True
CT,CTH7 Comdty,2027,3,2027-03-08,True
CT,CTK7 Comdty,2027,5,2027-05-06,True
CT,CTN7 Comdty,2027,7,2027-07-08,True
CT,CTV7 Comdty,2027,10,2027-10-07,True
CT,CTZ7 Comdty,2027,12,2027-12-08,True
CT,CTH8 Comdty,2028,3,2028-03-09,True
CT,CTK8 Comdty,2028,5,2028-05-08,True
CT,CTN8 Comdty,2028,7,2028-07-07,True
CT,CTV8 Comdty,2028,10,2028-10-09,True
CT,CTZ8 Comdty,2028,12,2028-12-06,True
CT,CTH9 Comdty,2029,3,2029-03-07,True
CT,CTK9 Comdty,2029,5,2029-05-08,True
CT,CTN9 Comdty,2029,7,2029-07-09,True
