currency,country,freq,date,period,value,series_id
EUR,U2,quarterly,1995-01-01,1995-Q1,1409420.7489123,IMF/IFS/Q.U2.NGDP_SA_XDC
EUR,U2,quarterly,1995-04-01,1995-Q2,1426467.94135322,IMF/IFS/Q.U2.NGDP_SA_XDC
EUR,U2,quarterly,1995-07-01,1995-Q3,1448563.76930075,IMF/IFS/Q.U2.NGDP_SA_XDC
EUR,U2,quarterly,1995-10-01,1995-Q4,1462391.41665413,IMF/IFS/Q.U2.NGDP_SA_XDC
EUR,U2,quarterly,1996-01-01,1996-Q1,1475680.77060155,IMF/IFS/Q.U2.NGDP_SA_XDC
EUR,U2,quarterly,1996-04-01,1996-Q2,1493277.29887544,IMF/IFS/Q.U2.NGDP_SA_XDC
EUR,U2,quarterly,1996-07-01,1996-Q3,1506600.52511388,IMF/IFS/Q.U2.NGDP_SA_XDC
EUR,U2,quarterly,1996-10-01,1996-Q4,1512145.56337381,IMF/IFS/Q.U2.NGDP_SA_XDC
EUR,U2,quarterly,1997-01-01,1997-Q1,1509757.32749032,IMF/IFS/Q.U2.NGDP_SA_XDC
EUR,U2,quarterly,1997-04-01,1997-Q2,1524157.44697539,IMF/IFS/Q.U2.NGDP_SA_XDC
EUR,U2,quarterly,1997-07-01,1997-Q3,1538686.45729444,IMF/IFS/Q.U2.NGDP_SA_XDC
EUR,U2,quarterly,1997-10-01,1997-Q4,1563296.55888464,IMF/IFS/Q.U2.NGDP_SA_XDC
EUR,U2,quarterly,1998-01-01,1998-Q1,1569955.25766182,IMF/IFS/Q.U2.NGDP_SA_XDC
EUR,U2,quarterly,1998-04-01,1998-Q2,1584848.65817597,IMF/IFS/Q.U2.NGDP_SA_XDC
EUR,U2,quarterly,1998-07-01,1998-Q3,1600802.92629631,IMF/IFS/Q.U2.NGDP_SA_XDC
EUR,U2,quarterly,1998-10-01,1998-Q4,1622259.89612912,IMF/IFS/Q.U2.NGDP_SA_XDC
EUR,U2,quarterly,1999-01-01,1999-Q1,1642666.03354692,IMF/IFS/Q.U2.NGDP_SA_XDC
EUR,U2,quarterly,1999-04-01,1999-Q2,1653889.09581885,IMF/IFS/Q.U2.NGDP_SA_XDC
EUR,U2,quarterly,1999-07-01,1999-Q3,1677109.15807524,IMF/IFS/Q.U2.NGDP_SA_XDC
EUR,U2,quarterly,1999-10-01,1999-Q4,1699906.9454312,IMF/IFS/Q.U2.NGDP_SA_XDC
EUR,U2,quarterly,2000-01-01,2000-Q1,1730082.51085183,IMF/IFS/Q.U2.NGDP_SA_XDC
EUR,U2,quarterly,2000-04-01,2000-Q2,1750068.27652601,IMF/IFS/Q.U2.NGDP_SA_XDC
EUR,U2,quarterly,2000-07-01,2000-Q3,1770684.81616305,IMF/IFS/Q.U2.NGDP_SA_XDC
EUR,U2,quarterly,2000-10-01,2000-Q4,1789179.43465468,IMF/IFS/Q.U2.NGDP_SA_XDC
EUR,U2,quarterly,2001-01-01,2001-Q1,1822751.01182227,IMF/IFS/Q.U2.NGDP_SA_XDC
EUR,U2,quarterly,2001-04-01,2001-Q2,1835061.63327493,IMF/IFS/Q.U2.NGDP_SA_XDC
EUR,U2,quarterly,2001-07-01,2001-Q3,1850141.91358016,IMF/IFS/Q.U2.NGDP_SA_XDC
EUR,U2,quarterly,2001-10-01,2001-Q4,1863667.68511339,IMF/IFS/Q.U2.NGDP_SA_XDC
EUR,U2,quarterly,2002-01-01,2002-Q1,1880023.43591899,IMF/IFS/Q.U2.NGDP_SA_XDC
EUR,U2,quarterly,2002-04-01,2002-Q2,1896248.26028537,IMF/IFS/Q.U2.NGDP_SA_XDC
EUR,U2,quarterly,2002-07-01,2002-Q3,1917681.83072175,IMF/IFS/Q.U2.NGDP_SA_XDC
EUR,U2,quarterly,2002-10-01,2002-Q4,1930322.62261165,IMF/IFS/Q.U2.NGDP_SA_XDC
EUR,U2,quarterly,2003-01-01,2003-Q1,1936684.76763712,IMF/IFS/Q.U2.NGDP_SA_XDC
EUR,U2,quarterly,2003-04-01,2003-Q2,1948779.60830663,IMF/IFS/Q.U2.NGDP_SA_XDC
EUR,U2,quarterly,2003-07-01,2003-Q3,1973923.44452004,IMF/IFS/Q.U2.NGDP_SA_XDC
EUR,U2,quarterly,2003-10-01,2003-Q4,1991259.15537484,IMF/IFS/Q.U2.NGDP_SA_XDC
EUR,U2,quarterly,2004-01-01,2004-Q1,2010941.09998724,IMF/IFS/Q.U2.NGDP_SA_XDC
EUR,U2,quarterly,2004-04-01,2004-Q2,2035484.32310248,IMF/IFS/Q.U2.NGDP_SA_XDC
EUR,U2,quarterly,2004-07-01,2004-Q3,2049359.37074903,IMF/IFS/Q.U2.NGDP_SA_XDC
EUR,U2,quarterly,2004-10-01,2004-Q4,2070399.75670753,IMF/IFS/Q.U2.NGDP_SA_XDC
EUR,U2,quarterly,2005-01-01,2005-Q1,2083366.98445801,IMF/IFS/Q.U2.NGDP_SA_XDC
EUR,U2,quarterly,2005-04-01,2005-Q2,2105222.37517505,IMF/IFS/Q.U2.NGDP_SA_XDC
EUR,U2,quarterly,2005-07-01,2005-Q3,2131458.91217429,IMF/IFS/Q.U2.NGDP_SA_XDC
EUR,U2,quarterly,2005-10-01,2005-Q4,2160270.01130566,IMF/IFS/Q.U2.NGDP_SA_XDC
EUR,U2,quarterly,2006-01-01,2006-Q1,2186592.350194,IMF/IFS/Q.U2.NGDP_SA_XDC
EUR,U2,quarterly,2006-04-01,2006-Q2,2224407.71187057,IMF/IFS/Q.U2.NGDP_SA_XDC
EUR,U2,quarterly,2006-07-01,2006-Q3,2249485.82438735,IMF/IFS/Q.U2.NGDP_SA_XDC
EUR,U2,quarterly,2006-10-01,2006-Q4,2286962.49877756,IMF/IFS/Q.U2.NGDP_SA_XDC
EUR,U2,quarterly,2007-01-01,2007-Q1,2323344.80315682,IMF/IFS/Q.U2.NGDP_SA_XDC
EUR,U2,quarterly,2007-04-01,2007-Q2,2349279.11810428,IMF/IFS/Q.U2.NGDP_SA_XDC
EUR,U2,quarterly,2007-07-01,2007-Q3,2370662.3432235,IMF/IFS/Q.U2.NGDP_SA_XDC
EUR,U2,quarterly,2007-10-01,2007-Q4,2398503.06842663,IMF/IFS/Q.U2.NGDP_SA_XDC
EUR,U2,quarterly,2008-01-01,2008-Q1,2424958.17601049,IMF/IFS/Q.U2.NGDP_SA_XDC
EUR,U2,quarterly,2008-04-01,2008-Q2,2429981.271163,IMF/IFS/Q.U2.NGDP_SA_XDC
EUR,U2,quarterly,2008-07-01,2008-Q3,2423236.54104054,IMF/IFS/Q.U2.NGDP_SA_XDC
EUR,U2,quarterly,2008-10-01,2008-Q4,2389556.8848808,IMF/IFS/Q.U2.NGDP_SA_XDC
EUR,U2,quarterly,2009-01-01,2009-Q1,2324178.74908824,IMF/IFS/Q.U2.NGDP_SA_XDC
EUR,U2,quarterly,2009-04-01,2009-Q2,2324427.60842215,IMF/IFS/Q.U2.NGDP_SA_XDC
EUR,U2,quarterly,2009-07-01,2009-Q3,2335446.78326976,IMF/IFS/Q.U2.NGDP_SA_XDC
EUR,U2,quarterly,2009-10-01,2009-Q4,2351515.71098721,IMF/IFS/Q.U2.NGDP_SA_XDC
EUR,U2,quarterly,2010-01-01,2010-Q1,2363712.14880622,IMF/IFS/Q.U2.NGDP_SA_XDC
EUR,U2,quarterly,2010-04-01,2010-Q2,2390035.81625273,IMF/IFS/Q.U2.NGDP_SA_XDC
EUR,U2,quarterly,2010-07-01,2010-Q3,2409281.34577372,IMF/IFS/Q.U2.NGDP_SA_XDC
EUR,U2,quarterly,2010-10-01,2010-Q4,2428026.3706605,IMF/IFS/Q.U2.NGDP_SA_XDC
EUR,U2,quarterly,2011-01-01,2011-Q1,2460636.81021211,IMF/IFS/Q.U2.NGDP_SA_XDC
EUR,U2,quarterly,2011-04-01,2011-Q2,2465314.20411173,IMF/IFS/Q.U2.NGDP_SA_XDC
EUR,U2,quarterly,2011-07-01,2011-Q3,2473664.41047901,IMF/IFS/Q.U2.NGDP_SA_XDC
EUR,U2,quarterly,2011-10-01,2011-Q4,2473071.92236649,IMF/IFS/Q.U2.NGDP_SA_XDC
EUR,U2,quarterly,2012-01-01,2012-Q1,2476738.12790924,IMF/IFS/Q.U2.NGDP_SA_XDC
EUR,U2,quarterly,2012-04-01,2012-Q2,2474732.92992537,IMF/IFS/Q.U2.NGDP_SA_XDC
EUR,U2,quarterly,2012-07-01,2012-Q3,2481612.82176376,IMF/IFS/Q.U2.NGDP_SA_XDC
EUR,U2,quarterly,2012-10-01,2012-Q4,2475677.6137698,IMF/IFS/Q.U2.NGDP_SA_XDC
EUR,U2,quarterly,2013-01-01,2013-Q1,2481367.42174466,IMF/IFS/Q.U2.NGDP_SA_XDC
EUR,U2,quarterly,2013-04-01,2013-Q2,2503592.25984526,IMF/IFS/Q.U2.NGDP_SA_XDC
EUR,U2,quarterly,2013-07-01,2013-Q3,2514146.51852507,IMF/IFS/Q.U2.NGDP_SA_XDC
EUR,U2,quarterly,2013-10-01,2013-Q4,2521495.56988609,IMF/IFS/Q.U2.NGDP_SA_XDC
EUR,U2,quarterly,2014-01-01,2014-Q1,2544663.20814733,IMF/IFS/Q.U2.NGDP_SA_XDC
EUR,U2,quarterly,2014-04-01,2014-Q2,2556306.13713491,IMF/IFS/Q.U2.NGDP_SA_XDC
EUR,U2,quarterly,2014-07-01,2014-Q3,2572888.03426719,IMF/IFS/Q.U2.NGDP_SA_XDC
EUR,U2,quarterly,2014-10-01,2014-Q4,2590265.30865655,IMF/IFS/Q.U2.NGDP_SA_XDC
EUR,U2,quarterly,2015-01-01,2015-Q1,2621994.80883963,IMF/IFS/Q.U2.NGDP_SA_XDC
EUR,U2,quarterly,2015-04-01,2015-Q2,2644890.86994726,IMF/IFS/Q.U2.NGDP_SA_XDC
EUR,U2,quarterly,2015-07-01,2015-Q3,2664972.98088888,IMF/IFS/Q.U2.NGDP_SA_XDC
EUR,U2,quarterly,2015-10-01,2015-Q4,2681677.21164234,IMF/IFS/Q.U2.NGDP_SA_XDC
EUR,U2,quarterly,2016-01-01,2016-Q1,2701690.47937251,IMF/IFS/Q.U2.NGDP_SA_XDC
EUR,U2,quarterly,2016-04-01,2016-Q2,2712043.50413757,IMF/IFS/Q.U2.NGDP_SA_XDC
EUR,U2,quarterly,2016-07-01,2016-Q3,2731760.22118133,IMF/IFS/Q.U2.NGDP_SA_XDC
EUR,U2,quarterly,2016-10-01,2016-Q4,2754162.96140936,IMF/IFS/Q.U2.NGDP_SA_XDC
EUR,U2,quarterly,2017-01-01,2017-Q1,2786562.24961588,IMF/IFS/Q.U2.NGDP_SA_XDC
EUR,U2,quarterly,2017-04-01,2017-Q2,2817777.4687414,IMF/IFS/Q.U2.NGDP_SA_XDC
EUR,U2,quarterly,2017-07-01,2017-Q3,2844237.92809546,IMF/IFS/Q.U2.NGDP_SA_XDC
EUR,U2,quarterly,2017-10-01,2017-Q4,2877308.20577007,IMF/IFS/Q.U2.NGDP_SA_XDC
EUR,U2,quarterly,2018-01-01,2018-Q1,2891931.54260779,IMF/IFS/Q.U2.NGDP_SA_XDC
EUR,U2,quarterly,2018-04-01,2018-Q2,2913567.20079798,IMF/IFS/Q.U2.NGDP_SA_XDC
EUR,U2,quarterly,2018-07-01,2018-Q3,2930471.94500187,IMF/IFS/Q.U2.NGDP_SA_XDC
EUR,U2,quarterly,2018-10-01,2018-Q4,2962142.57184134,IMF/IFS/Q.U2.NGDP_SA_XDC
EUR,U2,quarterly,2019-01-01,2019-Q1,2992873.36338462,IMF/IFS/Q.U2.NGDP_SA_XDC
EUR,U2,quarterly,2019-04-01,2019-Q2,3013793.42025929,IMF/IFS/Q.U2.NGDP_SA_XDC
EUR,U2,quarterly,2019-07-01,2019-Q3,3034051.89576733,IMF/IFS/Q.U2.NGDP_SA_XDC
EUR,U2,quarterly,2019-10-01,2019-Q4,3051150.23257473,IMF/IFS/Q.U2.NGDP_SA_XDC
EUR,U2,quarterly,2020-01-01,2020-Q1,2962998.6759103,IMF/IFS/Q.U2.NGDP_SA_XDC
EUR,U2,quarterly,2020-04-01,2020-Q2,2666385.30070761,IMF/IFS/Q.U2.NGDP_SA_XDC
EUR,U2,quarterly,2020-07-01,2020-Q3,2946595.31538375,IMF/IFS/Q.U2.NGDP_SA_XDC
EUR,U2,quarterly,2020-10-01,2020-Q4,2979348.94972693,IMF/IFS/Q.U2.NGDP_SA_XDC
EUR,U2,quarterly,2021-01-01,2021-Q1,3014523.7471019,IMF/IFS/Q.U2.NGDP_SA_XDC
EUR,U2,quarterly,2021-04-01,2021-Q2,3091713.68668636,IMF/IFS/Q.U2.NGDP_SA_XDC
EUR,U2,quarterly,2021-07-01,2021-Q3,3184804.67453237,IMF/IFS/Q.U2.NGDP_SA_XDC
EUR,U2,quarterly,2021-10-01,2021-Q4,3247920.25872024,IMF/IFS/Q.U2.NGDP_SA_XDC
EUR,U2,quarterly,2022-01-01,2022-Q1,3310869.17522848,IMF/IFS/Q.U2.NGDP_SA_XDC
EUR,U2,quarterly,2022-04-01,2022-Q2,3383031.80129921,IMF/IFS/Q.U2.NGDP_SA_XDC
EUR,U2,quarterly,2022-07-01,2022-Q3,3443476.3791158,IMF/IFS/Q.U2.NGDP_SA_XDC
EUR,U2,quarterly,2022-10-01,2022-Q4,3509468.41236118,IMF/IFS/Q.U2.NGDP_SA_XDC
EUR,U2,quarterly,2023-01-01,2023-Q1,3574105.80923033,IMF/IFS/Q.U2.NGDP_SA_XDC
EUR,U2,quarterly,2023-04-01,2023-Q2,3620991.67038098,IMF/IFS/Q.U2.NGDP_SA_XDC
EUR,U2,quarterly,2023-07-01,2023-Q3,3648173.54187849,IMF/IFS/Q.U2.NGDP_SA_XDC
EUR,U2,quarterly,2023-10-01,2023-Q4,3687912.31116974,IMF/IFS/Q.U2.NGDP_SA_XDC
EUR,U2,quarterly,2024-01-01,2024-Q1,3722347.99844776,IMF/IFS/Q.U2.NGDP_SA_XDC
EUR,U2,quarterly,2024-04-01,2024-Q2,3751175.76459949,IMF/IFS/Q.U2.NGDP_SA_XDC
EUR,U2,quarterly,2024-07-01,2024-Q3,3785952.73861258,IMF/IFS/Q.U2.NGDP_SA_XDC
EUR,U2,quarterly,2024-10-01,2024-Q4,3830748.76904869,IMF/IFS/Q.U2.NGDP_SA_XDC
EUR,U2,quarterly,2025-01-01,2025-Q1,3863891.83972146,IMF/IFS/Q.U2.NGDP_SA_XDC
EUR,DE,quarterly,1991-01-01,1991-Q1,389815.0,IMF/IFS/Q.DE.NGDP_SA_XDC
EUR,DE,quarterly,1991-04-01,1991-Q2,396773.0,IMF/IFS/Q.DE.NGDP_SA_XDC
EUR,DE,quarterly,1991-07-01,1991-Q3,397785.0,IMF/IFS/Q.DE.NGDP_SA_XDC
EUR,DE,quarterly,1991-10-01,1991-Q4,412480.0,IMF/IFS/Q.DE.NGDP_SA_XDC
EUR,DE,quarterly,1992-01-01,1992-Q1,422287.0,IMF/IFS/Q.DE.NGDP_SA_XDC
EUR,DE,quarterly,1992-04-01,1992-Q2,425828.0,IMF/IFS/Q.DE.NGDP_SA_XDC
EUR,DE,quarterly,1992-07-01,1992-Q3,428598.0,IMF/IFS/Q.DE.NGDP_SA_XDC
EUR,DE,quarterly,1992-10-01,1992-Q4,431623.0,IMF/IFS/Q.DE.NGDP_SA_XDC
EUR,DE,quarterly,1993-01-01,1993-Q1,432411.0,IMF/IFS/Q.DE.NGDP_SA_XDC
EUR,DE,quarterly,1993-04-01,1993-Q2,438363.0,IMF/IFS/Q.DE.NGDP_SA_XDC
EUR,DE,quarterly,1993-07-01,1993-Q3,440966.0,IMF/IFS/Q.DE.NGDP_SA_XDC
EUR,DE,quarterly,1993-10-01,1993-Q4,443780.0,IMF/IFS/Q.DE.NGDP_SA_XDC
EUR,DE,quarterly,1994-01-01,1994-Q1,452583.0,IMF/IFS/Q.DE.NGDP_SA_XDC
EUR,DE,quarterly,1994-04-01,1994-Q2,456359.0,IMF/IFS/Q.DE.NGDP_SA_XDC
EUR,DE,quarterly,1994-07-01,1994-Q3,460378.0,IMF/IFS/Q.DE.NGDP_SA_XDC
EUR,DE,quarterly,1994-10-01,1994-Q4,468003.0,IMF/IFS/Q.DE.NGDP_SA_XDC
EUR,DE,quarterly,1995-01-01,1995-Q1,468223.0,IMF/IFS/Q.DE.NGDP_SA_XDC
EUR,DE,quarterly,1995-04-01,1995-Q2,475016.0,IMF/IFS/Q.DE.NGDP_SA_XDC
EUR,DE,quarterly,1995-07-01,1995-Q3,478202.0,IMF/IFS/Q.DE.NGDP_SA_XDC
EUR,DE,quarterly,1995-10-01,1995-Q4,479068.0,IMF/IFS/Q.DE.NGDP_SA_XDC
EUR,DE,quarterly,1996-01-01,1996-Q1,475524.0,IMF/IFS/Q.DE.NGDP_SA_XDC
EUR,DE,quarterly,1996-04-01,1996-Q2,481295.0,IMF/IFS/Q.DE.NGDP_SA_XDC
EUR,DE,quarterly,1996-07-01,1996-Q3,483811.0,IMF/IFS/Q.DE.NGDP_SA_XDC
EUR,DE,quarterly,1996-10-01,1996-Q4,489117.0,IMF/IFS/Q.DE.NGDP_SA_XDC
EUR,DE,quarterly,1997-01-01,1997-Q1,485613.0,IMF/IFS/Q.DE.NGDP_SA_XDC
EUR,DE,quarterly,1997-04-01,1997-Q2,490378.0,IMF/IFS/Q.DE.NGDP_SA_XDC
EUR,DE,quarterly,1997-07-01,1997-Q3,494679.0,IMF/IFS/Q.DE.NGDP_SA_XDC
EUR,DE,quarterly,1997-10-01,1997-Q4,499194.0,IMF/IFS/Q.DE.NGDP_SA_XDC
EUR,DE,quarterly,1998-01-01,1998-Q1,503130.0,IMF/IFS/Q.DE.NGDP_SA_XDC
EUR,DE,quarterly,1998-04-01,1998-Q2,503379.0,IMF/IFS/Q.DE.NGDP_SA_XDC
EUR,DE,quarterly,1998-07-01,1998-Q3,506275.0,IMF/IFS/Q.DE.NGDP_SA_XDC
EUR,DE,quarterly,1998-10-01,1998-Q4,507898.0,IMF/IFS/Q.DE.NGDP_SA_XDC
EUR,DE,quarterly,1999-01-01,1999-Q1,514317.0,IMF/IFS/Q.DE.NGDP_SA_XDC
EUR,DE,quarterly,1999-04-01,1999-Q2,515316.0,IMF/IFS/Q.DE.NGDP_SA_XDC
EUR,DE,quarterly,1999-07-01,1999-Q3,520592.0,IMF/IFS/Q.DE.NGDP_SA_XDC
EUR,DE,quarterly,1999-10-01,1999-Q4,522614.0,IMF/IFS/Q.DE.NGDP_SA_XDC
EUR,DE,quarterly,2000-01-01,2000-Q1,529375.0,IMF/IFS/Q.DE.NGDP_SA_XDC
EUR,DE,quarterly,2000-04-01,2000-Q2,533170.0,IMF/IFS/Q.DE.NGDP_SA_XDC
EUR,DE,quarterly,2000-07-01,2000-Q3,534089.0,IMF/IFS/Q.DE.NGDP_SA_XDC
EUR,DE,quarterly,2000-10-01,2000-Q4,533250.0,IMF/IFS/Q.DE.NGDP_SA_XDC
EUR,DE,quarterly,2001-01-01,2001-Q1,547492.0,IMF/IFS/Q.DE.NGDP_SA_XDC
EUR,DE,quarterly,2001-04-01,2001-Q2,547604.0,IMF/IFS/Q.DE.NGDP_SA_XDC
EUR,DE,quarterly,2001-07-01,2001-Q3,549871.0,IMF/IFS/Q.DE.NGDP_SA_XDC
EUR,DE,quarterly,2001-10-01,2001-Q4,553495.0,IMF/IFS/Q.DE.NGDP_SA_XDC
EUR,DE,quarterly,2002-01-01,2002-Q1,551668.0,IMF/IFS/Q.DE.NGDP_SA_XDC
EUR,DE,quarterly,2002-04-01,2002-Q2,553587.0,IMF/IFS/Q.DE.NGDP_SA_XDC
EUR,DE,quarterly,2002-07-01,2002-Q3,560474.0,IMF/IFS/Q.DE.NGDP_SA_XDC
EUR,DE,quarterly,2002-10-01,2002-Q4,561316.0,IMF/IFS/Q.DE.NGDP_SA_XDC
EUR,DE,quarterly,2003-01-01,2003-Q1,556128.0,IMF/IFS/Q.DE.NGDP_SA_XDC
EUR,DE,quarterly,2003-04-01,2003-Q2,557305.0,IMF/IFS/Q.DE.NGDP_SA_XDC
EUR,DE,quarterly,2003-07-01,2003-Q3,564823.0,IMF/IFS/Q.DE.NGDP_SA_XDC
EUR,DE,quarterly,2003-10-01,2003-Q4,565996.0,IMF/IFS/Q.DE.NGDP_SA_XDC
EUR,DE,quarterly,2004-01-01,2004-Q1,567211.0,IMF/IFS/Q.DE.NGDP_SA_XDC
EUR,DE,quarterly,2004-04-01,2004-Q2,573608.0,IMF/IFS/Q.DE.NGDP_SA_XDC
EUR,DE,quarterly,2004-07-01,2004-Q3,572463.0,IMF/IFS/Q.DE.NGDP_SA_XDC
EUR,DE,quarterly,2004-10-01,2004-Q4,572679.0,IMF/IFS/Q.DE.NGDP_SA_XDC
EUR,DE,quarterly,2005-01-01,2005-Q1,574315.0,IMF/IFS/Q.DE.NGDP_SA_XDC
EUR,DE,quarterly,2005-04-01,2005-Q2,578003.0,IMF/IFS/Q.DE.NGDP_SA_XDC
EUR,DE,quarterly,2005-07-01,2005-Q3,583076.0,IMF/IFS/Q.DE.NGDP_SA_XDC
EUR,DE,quarterly,2005-10-01,2005-Q4,587093.0,IMF/IFS/Q.DE.NGDP_SA_XDC
EUR,DE,quarterly,2006-01-01,2006-Q1,592100.0,IMF/IFS/Q.DE.NGDP_SA_XDC
EUR,DE,quarterly,2006-04-01,2006-Q2,603871.0,IMF/IFS/Q.DE.NGDP_SA_XDC
EUR,DE,quarterly,2006-07-01,2006-Q3,609667.0,IMF/IFS/Q.DE.NGDP_SA_XDC
EUR,DE,quarterly,2006-10-01,2006-Q4,621330.0,IMF/IFS/Q.DE.NGDP_SA_XDC
EUR,DE,quarterly,2007-01-01,2007-Q1,628183.0,IMF/IFS/Q.DE.NGDP_SA_XDC
EUR,DE,quarterly,2007-04-01,2007-Q2,633408.0,IMF/IFS/Q.DE.NGDP_SA_XDC
EUR,DE,quarterly,2007-07-01,2007-Q3,638886.0,IMF/IFS/Q.DE.NGDP_SA_XDC
EUR,DE,quarterly,2007-10-01,2007-Q4,645078.0,IMF/IFS/Q.DE.NGDP_SA_XDC
EUR,DE,quarterly,2008-01-01,2008-Q1,650492.0,IMF/IFS/Q.DE.NGDP_SA_XDC
EUR,DE,quarterly,2008-04-01,2008-Q2,648823.0,IMF/IFS/Q.DE.NGDP_SA_XDC
EUR,DE,quarterly,2008-07-01,2008-Q3,647137.0,IMF/IFS/Q.DE.NGDP_SA_XDC
EUR,DE,quarterly,2008-10-01,2008-Q4,639522.0,IMF/IFS/Q.DE.NGDP_SA_XDC
EUR,DE,quarterly,2009-01-01,2009-Q1,615571.0,IMF/IFS/Q.DE.NGDP_SA_XDC
EUR,DE,quarterly,2009-04-01,2009-Q2,618581.0,IMF/IFS/Q.DE.NGDP_SA_XDC
EUR,DE,quarterly,2009-07-01,2009-Q3,624956.0,IMF/IFS/Q.DE.NGDP_SA_XDC
EUR,DE,quarterly,2009-10-01,2009-Q4,632913.0,IMF/IFS/Q.DE.NGDP_SA_XDC
EUR,DE,quarterly,2010-01-01,2010-Q1,636727.0,IMF/IFS/Q.DE.NGDP_SA_XDC
EUR,DE,quarterly,2010-04-01,2010-Q2,647996.0,IMF/IFS/Q.DE.NGDP_SA_XDC
EUR,DE,quarterly,2010-07-01,2010-Q3,659036.0,IMF/IFS/Q.DE.NGDP_SA_XDC
EUR,DE,quarterly,2010-10-01,2010-Q4,666054.0,IMF/IFS/Q.DE.NGDP_SA_XDC
EUR,DE,quarterly,2011-01-01,2011-Q1,678714.0,IMF/IFS/Q.DE.NGDP_SA_XDC
EUR,DE,quarterly,2011-04-01,2011-Q2,682474.0,IMF/IFS/Q.DE.NGDP_SA_XDC
EUR,DE,quarterly,2011-07-01,2011-Q3,689503.0,IMF/IFS/Q.DE.NGDP_SA_XDC
EUR,DE,quarterly,2011-10-01,2011-Q4,692457.0,IMF/IFS/Q.DE.NGDP_SA_XDC
EUR,DE,quarterly,2012-01-01,2012-Q1,694811.0,IMF/IFS/Q.DE.NGDP_SA_XDC
EUR,DE,quarterly,2012-04-01,2012-Q2,697672.0,IMF/IFS/Q.DE.NGDP_SA_XDC
EUR,DE,quarterly,2012-07-01,2012-Q3,703673.0,IMF/IFS/Q.DE.NGDP_SA_XDC
EUR,DE,quarterly,2012-10-01,2012-Q4,704449.0,IMF/IFS/Q.DE.NGDP_SA_XDC
EUR,DE,quarterly,2013-01-01,2013-Q1,706273.0,IMF/IFS/Q.DE.NGDP_SA_XDC
EUR,DE,quarterly,2013-04-01,2013-Q2,715570.0,IMF/IFS/Q.DE.NGDP_SA_XDC
EUR,DE,quarterly,2013-07-01,2013-Q3,722709.0,IMF/IFS/Q.DE.NGDP_SA_XDC
EUR,DE,quarterly,2013-10-01,2013-Q4,726679.0,IMF/IFS/Q.DE.NGDP_SA_XDC
EUR,DE,quarterly,2014-01-01,2014-Q1,739433.0,IMF/IFS/Q.DE.NGDP_SA_XDC
EUR,DE,quarterly,2014-04-01,2014-Q2,743248.0,IMF/IFS/Q.DE.NGDP_SA_XDC
EUR,DE,quarterly,2014-07-01,2014-Q3,748844.0,IMF/IFS/Q.DE.NGDP_SA_XDC
EUR,DE,quarterly,2014-10-01,2014-Q4,757610.0,IMF/IFS/Q.DE.NGDP_SA_XDC
EUR,DE,quarterly,2015-01-01,2015-Q1,760053.0,IMF/IFS/Q.DE.NGDP_SA_XDC
EUR,DE,quarterly,2015-04-01,2015-Q2,768647.0,IMF/IFS/Q.DE.NGDP_SA_XDC
EUR,DE,quarterly,2015-07-01,2015-Q3,775003.0,IMF/IFS/Q.DE.NGDP_SA_XDC
EUR,DE,quarterly,2015-10-01,2015-Q4,780655.0,IMF/IFS/Q.DE.NGDP_SA_XDC
EUR,DE,quarterly,2016-01-01,2016-Q1,790265.0,IMF/IFS/Q.DE.NGDP_SA_XDC
EUR,DE,quarterly,2016-04-01,2016-Q2,794808.0,IMF/IFS/Q.DE.NGDP_SA_XDC
EUR,DE,quarterly,2016-07-01,2016-Q3,799143.0,IMF/IFS/Q.DE.NGDP_SA_XDC
EUR,DE,quarterly,2016-10-01,2016-Q4,805769.0,IMF/IFS/Q.DE.NGDP_SA_XDC
EUR,DE,quarterly,2017-01-01,2017-Q1,818689.0,IMF/IFS/Q.DE.NGDP_SA_XDC
EUR,DE,quarterly,2017-04-01,2017-Q2,828333.0,IMF/IFS/Q.DE.NGDP_SA_XDC
EUR,DE,quarterly,2017-07-01,2017-Q3,839457.0,IMF/IFS/Q.DE.NGDP_SA_XDC
EUR,DE,quarterly,2017-10-01,2017-Q4,850792.0,IMF/IFS/Q.DE.NGDP_SA_XDC
EUR,DE,quarterly,2018-01-01,2018-Q1,849366.0,IMF/IFS/Q.DE.NGDP_SA_XDC
EUR,DE,quarterly,2018-04-01,2018-Q2,859286.0,IMF/IFS/Q.DE.NGDP_SA_XDC
EUR,DE,quarterly,2018-07-01,2018-Q3,859359.0,IMF/IFS/Q.DE.NGDP_SA_XDC
EUR,DE,quarterly,2018-10-01,2018-Q4,870795.0,IMF/IFS/Q.DE.NGDP_SA_XDC
EUR,DE,quarterly,2019-01-01,2019-Q1,877381.0,IMF/IFS/Q.DE.NGDP_SA_XDC
EUR,DE,quarterly,2019-04-01,2019-Q2,881579.0,IMF/IFS/Q.DE.NGDP_SA_XDC
EUR,DE,quarterly,2019-07-01,2019-Q3,890615.0,IMF/IFS/Q.DE.NGDP_SA_XDC
EUR,DE,quarterly,2019-10-01,2019-Q4,893910.0,IMF/IFS/Q.DE.NGDP_SA_XDC
EUR,DE,quarterly,2020-01-01,2020-Q1,881557.0,IMF/IFS/Q.DE.NGDP_SA_XDC
EUR,DE,quarterly,2020-04-01,2020-Q2,809941.0,IMF/IFS/Q.DE.NGDP_SA_XDC
EUR,DE,quarterly,2020-07-01,2020-Q3,868891.0,IMF/IFS/Q.DE.NGDP_SA_XDC
EUR,DE,quarterly,2020-10-01,2020-Q4,883442.0,IMF/IFS/Q.DE.NGDP_SA_XDC
EUR,DE,quarterly,2021-01-01,2021-Q1,888814.0,IMF/IFS/Q.DE.NGDP_SA_XDC
EUR,DE,quarterly,2021-04-01,2021-Q2,909204.0,IMF/IFS/Q.DE.NGDP_SA_XDC
EUR,DE,quarterly,2021-07-01,2021-Q3,930352.0,IMF/IFS/Q.DE.NGDP_SA_XDC
EUR,DE,quarterly,2021-10-01,2021-Q4,944825.0,IMF/IFS/Q.DE.NGDP_SA_XDC
EUR,DE,quarterly,2022-01-01,2022-Q1,971767.0,IMF/IFS/Q.DE.NGDP_SA_XDC
EUR,DE,quarterly,2022-04-01,2022-Q2,989273.0,IMF/IFS/Q.DE.NGDP_SA_XDC
EUR,DE,quarterly,2022-07-01,2022-Q3,1001691.0,IMF/IFS/Q.DE.NGDP_SA_XDC
EUR,DE,quarterly,2022-10-01,2022-Q4,1020051.0,IMF/IFS/Q.DE.NGDP_SA_XDC
EUR,DE,quarterly,2023-01-01,2023-Q1,1038961.0,IMF/IFS/Q.DE.NGDP_SA_XDC
EUR,DE,quarterly,2023-04-01,2023-Q2,1050287.0,IMF/IFS/Q.DE.NGDP_SA_XDC
EUR,DE,quarterly,2023-07-01,2023-Q3,1060216.0,IMF/IFS/Q.DE.NGDP_SA_XDC
EUR,DE,quarterly,2023-10-01,2023-Q4,1071317.0,IMF/IFS/Q.DE.NGDP_SA_XDC
EUR,DE,quarterly,2024-01-01,2024-Q1,1074528.0,IMF/IFS/Q.DE.NGDP_SA_XDC
EUR,DE,quarterly,2024-04-01,2024-Q2,1078214.0,IMF/IFS/Q.DE.NGDP_SA_XDC
EUR,DE,quarterly,2024-07-01,2024-Q3,1083897.0,IMF/IFS/Q.DE.NGDP_SA_XDC
EUR,DE,quarterly,2024-10-01,2024-Q4,1094780.0,IMF/IFS/Q.DE.NGDP_SA_XDC
EUR,DE,quarterly,2025-01-01,2025-Q1,1104372.0,IMF/IFS/Q.DE.NGDP_SA_XDC
EUR,DE,quarterly,2025-04-01,2025-Q2,1113285.0,IMF/IFS/Q.DE.NGDP_SA_XDC
GBP,GB,quarterly,1955-01-01,1955-Q1,4666.0,IMF/IFS/Q.GB.NGDP_SA_XDC
GBP,GB,quarterly,1955-04-01,1955-Q2,4688.0,IMF/IFS/Q.GB.NGDP_SA_XDC
GBP,GB,quarterly,1955-07-01,1955-Q3,4862.0,IMF/IFS/Q.GB.NGDP_SA_XDC
GBP,GB,quarterly,1955-10-01,1955-Q4,4953.0,IMF/IFS/Q.GB.NGDP_SA_XDC
GBP,GB,quarterly,1956-01-01,1956-Q1,5086.0,IMF/IFS/Q.GB.NGDP_SA_XDC
GBP,GB,quarterly,1956-04-01,1956-Q2,5155.0,IMF/IFS/Q.GB.NGDP_SA_XDC
GBP,GB,quarterly,1956-07-01,1956-Q3,5235.0,IMF/IFS/Q.GB.NGDP_SA_XDC
GBP,GB,quarterly,1956-10-01,1956-Q4,5368.0,IMF/IFS/Q.GB.NGDP_SA_XDC
GBP,GB,quarterly,1957-01-01,1957-Q1,5380.0,IMF/IFS/Q.GB.NGDP_SA_XDC
GBP,GB,quarterly,1957-04-01,1957-Q2,5461.0,IMF/IFS/Q.GB.NGDP_SA_XDC
GBP,GB,quarterly,1957-07-01,1957-Q3,5578.0,IMF/IFS/Q.GB.NGDP_SA_XDC
GBP,GB,quarterly,1957-10-01,1957-Q4,5685.0,IMF/IFS/Q.GB.NGDP_SA_XDC
GBP,GB,quarterly,1958-01-01,1958-Q1,5800.0,IMF/IFS/Q.GB.NGDP_SA_XDC
GBP,GB,quarterly,1958-04-01,1958-Q2,5724.0,IMF/IFS/Q.GB.NGDP_SA_XDC
GBP,GB,quarterly,1958-07-01,1958-Q3,5824.0,IMF/IFS/Q.GB.NGDP_SA_XDC
GBP,GB,quarterly,1958-10-01,1958-Q4,5872.0,IMF/IFS/Q.GB.NGDP_SA_XDC
GBP,GB,quarterly,1959-01-01,1959-Q1,5885.0,IMF/IFS/Q.GB.NGDP_SA_XDC
GBP,GB,quarterly,1959-04-01,1959-Q2,6079.0,IMF/IFS/Q.GB.NGDP_SA_XDC
GBP,GB,quarterly,1959-07-01,1959-Q3,6103.0,IMF/IFS/Q.GB.NGDP_SA_XDC
GBP,GB,quarterly,1959-10-01,1959-Q4,6321.0,IMF/IFS/Q.GB.NGDP_SA_XDC
GBP,GB,quarterly,1960-01-01,1960-Q1,6425.0,IMF/IFS/Q.GB.NGDP_SA_XDC
GBP,GB,quarterly,1960-04-01,1960-Q2,6484.0,IMF/IFS/Q.GB.NGDP_SA_XDC
GBP,GB,quarterly,1960-07-01,1960-Q3,6578.0,IMF/IFS/Q.GB.NGDP_SA_XDC
GBP,GB,quarterly,1960-10-01,1960-Q4,6714.0,IMF/IFS/Q.GB.NGDP_SA_XDC
GBP,GB,quarterly,1961-01-01,1961-Q1,6881.0,IMF/IFS/Q.GB.NGDP_SA_XDC
GBP,GB,quarterly,1961-04-01,1961-Q2,6881.0,IMF/IFS/Q.GB.NGDP_SA_XDC
GBP,GB,quarterly,1961-07-01,1961-Q3,7119.0,IMF/IFS/Q.GB.NGDP_SA_XDC
GBP,GB,quarterly,1961-10-01,1961-Q4,7037.0,IMF/IFS/Q.GB.NGDP_SA_XDC
GBP,GB,quarterly,1962-01-01,1962-Q1,7132.0,IMF/IFS/Q.GB.NGDP_SA_XDC
GBP,GB,quarterly,1962-04-01,1962-Q2,7307.0,IMF/IFS/Q.GB.NGDP_SA_XDC
GBP,GB,quarterly,1962-07-01,1962-Q3,7381.0,IMF/IFS/Q.GB.NGDP_SA_XDC
GBP,GB,quarterly,1962-10-01,1962-Q4,7415.0,IMF/IFS/Q.GB.NGDP_SA_XDC
GBP,GB,quarterly,1963-01-01,1963-Q1,7365.0,IMF/IFS/Q.GB.NGDP_SA_XDC
GBP,GB,quarterly,1963-04-01,1963-Q2,7750.0,IMF/IFS/Q.GB.NGDP_SA_XDC
GBP,GB,quarterly,1963-07-01,1963-Q3,7869.0,IMF/IFS/Q.GB.NGDP_SA_XDC
GBP,GB,quarterly,1963-10-01,1963-Q4,8115.0,IMF/IFS/Q.GB.NGDP_SA_XDC
GBP,GB,quarterly,1964-01-01,1964-Q1,8142.0,IMF/IFS/Q.GB.NGDP_SA_XDC
GBP,GB,quarterly,1964-04-01,1964-Q2,8433.0,IMF/IFS/Q.GB.NGDP_SA_XDC
GBP,GB,quarterly,1964-07-01,1964-Q3,8618.0,IMF/IFS/Q.GB.NGDP_SA_XDC
GBP,GB,quarterly,1964-10-01,1964-Q4,8854.0,IMF/IFS/Q.GB.NGDP_SA_XDC
GBP,GB,quarterly,1965-01-01,1965-Q1,9019.0,IMF/IFS/Q.GB.NGDP_SA_XDC
GBP,GB,quarterly,1965-04-01,1965-Q2,9062.0,IMF/IFS/Q.GB.NGDP_SA_XDC
GBP,GB,quarterly,1965-07-01,1965-Q3,9283.0,IMF/IFS/Q.GB.NGDP_SA_XDC
GBP,GB,quarterly,1965-10-01,1965-Q4,9464.0,IMF/IFS/Q.GB.NGDP_SA_XDC
GBP,GB,quarterly,1966-01-01,1966-Q1,9606.0,IMF/IFS/Q.GB.NGDP_SA_XDC
GBP,GB,quarterly,1966-04-01,1966-Q2,9772.0,IMF/IFS/Q.GB.NGDP_SA_XDC
GBP,GB,quarterly,1966-07-01,1966-Q3,9956.0,IMF/IFS/Q.GB.NGDP_SA_XDC
GBP,GB,quarterly,1966-10-01,1966-Q4,10060.0,IMF/IFS/Q.GB.NGDP_SA_XDC
GBP,GB,quarterly,1967-01-01,1967-Q1,10158.0,IMF/IFS/Q.GB.NGDP_SA_XDC
GBP,GB,quarterly,1967-04-01,1967-Q2,10413.0,IMF/IFS/Q.GB.NGDP_SA_XDC
GBP,GB,quarterly,1967-07-01,1967-Q3,10483.0,IMF/IFS/Q.GB.NGDP_SA_XDC
GBP,GB,quarterly,1967-10-01,1967-Q4,10619.0,IMF/IFS/Q.GB.NGDP_SA_XDC
GBP,GB,quarterly,1968-01-01,1968-Q1,11097.0,IMF/IFS/Q.GB.NGDP_SA_XDC
GBP,GB,quarterly,1968-04-01,1968-Q2,11230.0,IMF/IFS/Q.GB.NGDP_SA_XDC
GBP,GB,quarterly,1968-07-01,1968-Q3,11586.0,IMF/IFS/Q.GB.NGDP_SA_XDC
GBP,GB,quarterly,1968-10-01,1968-Q4,11882.0,IMF/IFS/Q.GB.NGDP_SA_XDC
GBP,GB,quarterly,1969-01-01,1969-Q1,12086.0,IMF/IFS/Q.GB.NGDP_SA_XDC
GBP,GB,quarterly,1969-04-01,1969-Q2,12267.0,IMF/IFS/Q.GB.NGDP_SA_XDC
GBP,GB,quarterly,1969-07-01,1969-Q3,12541.0,IMF/IFS/Q.GB.NGDP_SA_XDC
GBP,GB,quarterly,1969-10-01,1969-Q4,12867.0,IMF/IFS/Q.GB.NGDP_SA_XDC
GBP,GB,quarterly,1970-01-01,1970-Q1,13220.0,IMF/IFS/Q.GB.NGDP_SA_XDC
GBP,GB,quarterly,1970-04-01,1970-Q2,13803.0,IMF/IFS/Q.GB.NGDP_SA_XDC
GBP,GB,quarterly,1970-07-01,1970-Q3,14253.0,IMF/IFS/Q.GB.NGDP_SA_XDC
GBP,GB,quarterly,1970-10-01,1970-Q4,14765.0,IMF/IFS/Q.GB.NGDP_SA_XDC
GBP,GB,quarterly,1971-01-01,1971-Q1,14986.0,IMF/IFS/Q.GB.NGDP_SA_XDC
GBP,GB,quarterly,1971-04-01,1971-Q2,15497.0,IMF/IFS/Q.GB.NGDP_SA_XDC
GBP,GB,quarterly,1971-07-01,1971-Q3,15993.0,IMF/IFS/Q.GB.NGDP_SA_XDC
GBP,GB,quarterly,1971-10-01,1971-Q4,16394.0,IMF/IFS/Q.GB.NGDP_SA_XDC
GBP,GB,quarterly,1972-01-01,1972-Q1,16599.0,IMF/IFS/Q.GB.NGDP_SA_XDC
GBP,GB,quarterly,1972-04-01,1972-Q2,17388.0,IMF/IFS/Q.GB.NGDP_SA_XDC
GBP,GB,quarterly,1972-07-01,1972-Q3,17759.0,IMF/IFS/Q.GB.NGDP_SA_XDC
GBP,GB,quarterly,1972-10-01,1972-Q4,18832.0,IMF/IFS/Q.GB.NGDP_SA_XDC
GBP,GB,quarterly,1973-01-01,1973-Q1,20046.0,IMF/IFS/Q.GB.NGDP_SA_XDC
GBP,GB,quarterly,1973-04-01,1973-Q2,19874.0,IMF/IFS/Q.GB.NGDP_SA_XDC
GBP,GB,quarterly,1973-07-01,1973-Q3,20558.0,IMF/IFS/Q.GB.NGDP_SA_XDC
GBP,GB,quarterly,1973-10-01,1973-Q4,21315.0,IMF/IFS/Q.GB.NGDP_SA_XDC
GBP,GB,quarterly,1974-01-01,1974-Q1,21132.0,IMF/IFS/Q.GB.NGDP_SA_XDC
GBP,GB,quarterly,1974-04-01,1974-Q2,22651.0,IMF/IFS/Q.GB.NGDP_SA_XDC
GBP,GB,quarterly,1974-07-01,1974-Q3,23896.0,IMF/IFS/Q.GB.NGDP_SA_XDC
GBP,GB,quarterly,1974-10-01,1974-Q4,24994.0,IMF/IFS/Q.GB.NGDP_SA_XDC
GBP,GB,quarterly,1975-01-01,1975-Q1,26814.0,IMF/IFS/Q.GB.NGDP_SA_XDC
GBP,GB,quarterly,1975-04-01,1975-Q2,28129.0,IMF/IFS/Q.GB.NGDP_SA_XDC
GBP,GB,quarterly,1975-07-01,1975-Q3,29260.0,IMF/IFS/Q.GB.NGDP_SA_XDC
GBP,GB,quarterly,1975-10-01,1975-Q4,30890.0,IMF/IFS/Q.GB.NGDP_SA_XDC
GBP,GB,quarterly,1976-01-01,1976-Q1,32449.0,IMF/IFS/Q.GB.NGDP_SA_XDC
GBP,GB,quarterly,1976-04-01,1976-Q2,33322.0,IMF/IFS/Q.GB.NGDP_SA_XDC
GBP,GB,quarterly,1976-07-01,1976-Q3,34550.0,IMF/IFS/Q.GB.NGDP_SA_XDC
GBP,GB,quarterly,1976-10-01,1976-Q4,36678.0,IMF/IFS/Q.GB.NGDP_SA_XDC
GBP,GB,quarterly,1977-01-01,1977-Q1,38038.0,IMF/IFS/Q.GB.NGDP_SA_XDC
GBP,GB,quarterly,1977-04-01,1977-Q2,39244.0,IMF/IFS/Q.GB.NGDP_SA_XDC
GBP,GB,quarterly,1977-07-01,1977-Q3,40339.0,IMF/IFS/Q.GB.NGDP_SA_XDC
GBP,GB,quarterly,1977-10-01,1977-Q4,42165.0,IMF/IFS/Q.GB.NGDP_SA_XDC
GBP,GB,quarterly,1978-01-01,1978-Q1,44140.0,IMF/IFS/Q.GB.NGDP_SA_XDC
GBP,GB,quarterly,1978-04-01,1978-Q2,45905.0,IMF/IFS/Q.GB.NGDP_SA_XDC
GBP,GB,quarterly,1978-07-01,1978-Q3,47207.0,IMF/IFS/Q.GB.NGDP_SA_XDC
GBP,GB,quarterly,1978-10-01,1978-Q4,48906.0,IMF/IFS/Q.GB.NGDP_SA_XDC
GBP,GB,quarterly,1979-01-01,1979-Q1,50459.0,IMF/IFS/Q.GB.NGDP_SA_XDC
GBP,GB,quarterly,1979-04-01,1979-Q2,53966.0,IMF/IFS/Q.GB.NGDP_SA_XDC
GBP,GB,quarterly,1979-07-01,1979-Q3,56767.0,IMF/IFS/Q.GB.NGDP_SA_XDC
GBP,GB,quarterly,1979-10-01,1979-Q4,59789.0,IMF/IFS/Q.GB.NGDP_SA_XDC
GBP,GB,quarterly,1980-01-01,1980-Q1,62107.0,IMF/IFS/Q.GB.NGDP_SA_XDC
GBP,GB,quarterly,1980-04-01,1980-Q2,63704.0,IMF/IFS/Q.GB.NGDP_SA_XDC
GBP,GB,quarterly,1980-07-01,1980-Q3,66021.0,IMF/IFS/Q.GB.NGDP_SA_XDC
GBP,GB,quarterly,1980-10-01,1980-Q4,68138.0,IMF/IFS/Q.GB.NGDP_SA_XDC
GBP,GB,quarterly,1981-01-01,1981-Q1,69940.0,IMF/IFS/Q.GB.NGDP_SA_XDC
GBP,GB,quarterly,1981-04-01,1981-Q2,71334.0,IMF/IFS/Q.GB.NGDP_SA_XDC
GBP,GB,quarterly,1981-07-01,1981-Q3,73310.0,IMF/IFS/Q.GB.NGDP_SA_XDC
GBP,GB,quarterly,1981-10-01,1981-Q4,75596.0,IMF/IFS/Q.GB.NGDP_SA_XDC
GBP,GB,quarterly,1982-01-01,1982-Q1,77468.0,IMF/IFS/Q.GB.NGDP_SA_XDC
GBP,GB,quarterly,1982-04-01,1982-Q2,78993.0,IMF/IFS/Q.GB.NGDP_SA_XDC
GBP,GB,quarterly,1982-07-01,1982-Q3,80430.0,IMF/IFS/Q.GB.NGDP_SA_XDC
GBP,GB,quarterly,1982-10-01,1982-Q4,82667.0,IMF/IFS/Q.GB.NGDP_SA_XDC
GBP,GB,quarterly,1983-01-01,1983-Q1,85727.0,IMF/IFS/Q.GB.NGDP_SA_XDC
GBP,GB,quarterly,1983-04-01,1983-Q2,86288.0,IMF/IFS/Q.GB.NGDP_SA_XDC
GBP,GB,quarterly,1983-07-01,1983-Q3,88637.0,IMF/IFS/Q.GB.NGDP_SA_XDC
GBP,GB,quarterly,1983-10-01,1983-Q4,90695.0,IMF/IFS/Q.GB.NGDP_SA_XDC
GBP,GB,quarterly,1984-01-01,1984-Q1,91663.0,IMF/IFS/Q.GB.NGDP_SA_XDC
GBP,GB,quarterly,1984-04-01,1984-Q2,93433.0,IMF/IFS/Q.GB.NGDP_SA_XDC
GBP,GB,quarterly,1984-07-01,1984-Q3,94862.0,IMF/IFS/Q.GB.NGDP_SA_XDC
GBP,GB,quarterly,1984-10-01,1984-Q4,97962.0,IMF/IFS/Q.GB.NGDP_SA_XDC
GBP,GB,quarterly,1985-01-01,1985-Q1,99412.0,IMF/IFS/Q.GB.NGDP_SA_XDC
GBP,GB,quarterly,1985-04-01,1985-Q2,103208.0,IMF/IFS/Q.GB.NGDP_SA_XDC
GBP,GB,quarterly,1985-07-01,1985-Q3,105169.0,IMF/IFS/Q.GB.NGDP_SA_XDC
GBP,GB,quarterly,1985-10-01,1985-Q4,106841.0,IMF/IFS/Q.GB.NGDP_SA_XDC
GBP,GB,quarterly,1986-01-01,1986-Q1,108753.0,IMF/IFS/Q.GB.NGDP_SA_XDC
GBP,GB,quarterly,1986-04-01,1986-Q2,110079.0,IMF/IFS/Q.GB.NGDP_SA_XDC
GBP,GB,quarterly,1986-07-01,1986-Q3,111989.0,IMF/IFS/Q.GB.NGDP_SA_XDC
GBP,GB,quarterly,1986-10-01,1986-Q4,115779.0,IMF/IFS/Q.GB.NGDP_SA_XDC
GBP,GB,quarterly,1987-01-01,1987-Q1,118136.0,IMF/IFS/Q.GB.NGDP_SA_XDC
GBP,GB,quarterly,1987-04-01,1987-Q2,121739.0,IMF/IFS/Q.GB.NGDP_SA_XDC
GBP,GB,quarterly,1987-07-01,1987-Q3,127119.0,IMF/IFS/Q.GB.NGDP_SA_XDC
GBP,GB,quarterly,1987-10-01,1987-Q4,129815.0,IMF/IFS/Q.GB.NGDP_SA_XDC
GBP,GB,quarterly,1988-01-01,1988-Q1,133283.0,IMF/IFS/Q.GB.NGDP_SA_XDC
GBP,GB,quarterly,1988-04-01,1988-Q2,136630.0,IMF/IFS/Q.GB.NGDP_SA_XDC
GBP,GB,quarterly,1988-07-01,1988-Q3,140801.0,IMF/IFS/Q.GB.NGDP_SA_XDC
GBP,GB,quarterly,1988-10-01,1988-Q4,144969.0,IMF/IFS/Q.GB.NGDP_SA_XDC
GBP,GB,quarterly,1989-01-01,1989-Q1,148623.0,IMF/IFS/Q.GB.NGDP_SA_XDC
GBP,GB,quarterly,1989-04-01,1989-Q2,151262.0,IMF/IFS/Q.GB.NGDP_SA_XDC
GBP,GB,quarterly,1989-07-01,1989-Q3,155370.0,IMF/IFS/Q.GB.NGDP_SA_XDC
GBP,GB,quarterly,1989-10-01,1989-Q4,159376.0,IMF/IFS/Q.GB.NGDP_SA_XDC
GBP,GB,quarterly,1990-01-01,1990-Q1,163056.0,IMF/IFS/Q.GB.NGDP_SA_XDC
GBP,GB,quarterly,1990-04-01,1990-Q2,166719.0,IMF/IFS/Q.GB.NGDP_SA_XDC
GBP,GB,quarterly,1990-07-01,1990-Q3,170068.0,IMF/IFS/Q.GB.NGDP_SA_XDC
GBP,GB,quarterly,1990-10-01,1990-Q4,170954.0,IMF/IFS/Q.GB.NGDP_SA_XDC
GBP,GB,quarterly,1991-01-01,1991-Q1,173192.0,IMF/IFS/Q.GB.NGDP_SA_XDC
GBP,GB,quarterly,1991-04-01,1991-Q2,175822.0,IMF/IFS/Q.GB.NGDP_SA_XDC
GBP,GB,quarterly,1991-07-01,1991-Q3,177280.0,IMF/IFS/Q.GB.NGDP_SA_XDC
GBP,GB,quarterly,1991-10-01,1991-Q4,179590.0,IMF/IFS/Q.GB.NGDP_SA_XDC
GBP,GB,quarterly,1992-01-01,1992-Q1,181438.0,IMF/IFS/Q.GB.NGDP_SA_XDC
GBP,GB,quarterly,1992-04-01,1992-Q2,181889.0,IMF/IFS/Q.GB.NGDP_SA_XDC
GBP,GB,quarterly,1992-07-01,1992-Q3,182558.0,IMF/IFS/Q.GB.NGDP_SA_XDC
GBP,GB,quarterly,1992-10-01,1992-Q4,184989.0,IMF/IFS/Q.GB.NGDP_SA_XDC
GBP,GB,quarterly,1993-01-01,1993-Q1,189580.0,IMF/IFS/Q.GB.NGDP_SA_XDC
GBP,GB,quarterly,1993-04-01,1993-Q2,189802.0,IMF/IFS/Q.GB.NGDP_SA_XDC
GBP,GB,quarterly,1993-07-01,1993-Q3,193552.0,IMF/IFS/Q.GB.NGDP_SA_XDC
GBP,GB,quarterly,1993-10-01,1993-Q4,196921.0,IMF/IFS/Q.GB.NGDP_SA_XDC
GBP,GB,quarterly,1994-01-01,1994-Q1,199796.0,IMF/IFS/Q.GB.NGDP_SA_XDC
GBP,GB,quarterly,1994-04-01,1994-Q2,200691.0,IMF/IFS/Q.GB.NGDP_SA_XDC
GBP,GB,quarterly,1994-07-01,1994-Q3,203292.0,IMF/IFS/Q.GB.NGDP_SA_XDC
GBP,GB,quarterly,1994-10-01,1994-Q4,207015.0,IMF/IFS/Q.GB.NGDP_SA_XDC
GBP,GB,quarterly,1995-01-01,1995-Q1,208657.0,IMF/IFS/Q.GB.NGDP_SA_XDC
GBP,GB,quarterly,1995-04-01,1995-Q2,210748.0,IMF/IFS/Q.GB.NGDP_SA_XDC
GBP,GB,quarterly,1995-07-01,1995-Q3,214616.0,IMF/IFS/Q.GB.NGDP_SA_XDC
GBP,GB,quarterly,1995-10-01,1995-Q4,217824.0,IMF/IFS/Q.GB.NGDP_SA_XDC
GBP,GB,quarterly,1996-01-01,1996-Q1,221433.0,IMF/IFS/Q.GB.NGDP_SA_XDC
GBP,GB,quarterly,1996-04-01,1996-Q2,226187.0,IMF/IFS/Q.GB.NGDP_SA_XDC
GBP,GB,quarterly,1996-07-01,1996-Q3,229912.0,IMF/IFS/Q.GB.NGDP_SA_XDC
GBP,GB,quarterly,1996-10-01,1996-Q4,232461.0,IMF/IFS/Q.GB.NGDP_SA_XDC
GBP,GB,quarterly,1997-01-01,1997-Q1,232749.0,IMF/IFS/Q.GB.NGDP_SA_XDC
GBP,GB,quarterly,1997-04-01,1997-Q2,235998.0,IMF/IFS/Q.GB.NGDP_SA_XDC
GBP,GB,quarterly,1997-07-01,1997-Q3,243388.0,IMF/IFS/Q.GB.NGDP_SA_XDC
GBP,GB,quarterly,1997-10-01,1997-Q4,241270.0,IMF/IFS/Q.GB.NGDP_SA_XDC
GBP,GB,quarterly,1998-01-01,1998-Q1,245958.0,IMF/IFS/Q.GB.NGDP_SA_XDC
GBP,GB,quarterly,1998-04-01,1998-Q2,248081.0,IMF/IFS/Q.GB.NGDP_SA_XDC
GBP,GB,quarterly,1998-07-01,1998-Q3,250560.0,IMF/IFS/Q.GB.NGDP_SA_XDC
GBP,GB,quarterly,1998-10-01,1998-Q4,253902.0,IMF/IFS/Q.GB.NGDP_SA_XDC
GBP,GB,quarterly,1999-01-01,1999-Q1,255903.0,IMF/IFS/Q.GB.NGDP_SA_XDC
GBP,GB,quarterly,1999-04-01,1999-Q2,258404.0,IMF/IFS/Q.GB.NGDP_SA_XDC
GBP,GB,quarterly,1999-07-01,1999-Q3,261604.0,IMF/IFS/Q.GB.NGDP_SA_XDC
GBP,GB,quarterly,1999-10-01,1999-Q4,267337.0,IMF/IFS/Q.GB.NGDP_SA_XDC
GBP,GB,quarterly,2000-01-01,2000-Q1,272305.0,IMF/IFS/Q.GB.NGDP_SA_XDC
GBP,GB,quarterly,2000-04-01,2000-Q2,273916.0,IMF/IFS/Q.GB.NGDP_SA_XDC
GBP,GB,quarterly,2000-07-01,2000-Q3,276174.0,IMF/IFS/Q.GB.NGDP_SA_XDC
GBP,GB,quarterly,2000-10-01,2000-Q4,278357.0,IMF/IFS/Q.GB.NGDP_SA_XDC
GBP,GB,quarterly,2001-01-01,2001-Q1,282889.0,IMF/IFS/Q.GB.NGDP_SA_XDC
GBP,GB,quarterly,2001-04-01,2001-Q2,286728.0,IMF/IFS/Q.GB.NGDP_SA_XDC
GBP,GB,quarterly,2001-07-01,2001-Q3,288166.0,IMF/IFS/Q.GB.NGDP_SA_XDC
GBP,GB,quarterly,2001-10-01,2001-Q4,288352.0,IMF/IFS/Q.GB.NGDP_SA_XDC
GBP,GB,quarterly,2002-01-01,2002-Q1,292486.0,IMF/IFS/Q.GB.NGDP_SA_XDC
GBP,GB,quarterly,2002-04-01,2002-Q2,295516.0,IMF/IFS/Q.GB.NGDP_SA_XDC
GBP,GB,quarterly,2002-07-01,2002-Q3,299230.0,IMF/IFS/Q.GB.NGDP_SA_XDC
GBP,GB,quarterly,2002-10-01,2002-Q4,304207.0,IMF/IFS/Q.GB.NGDP_SA_XDC
GBP,GB,quarterly,2003-01-01,2003-Q1,307485.0,IMF/IFS/Q.GB.NGDP_SA_XDC
GBP,GB,quarterly,2003-04-01,2003-Q2,312948.0,IMF/IFS/Q.GB.NGDP_SA_XDC
GBP,GB,quarterly,2003-07-01,2003-Q3,317463.0,IMF/IFS/Q.GB.NGDP_SA_XDC
GBP,GB,quarterly,2003-10-01,2003-Q4,320438.0,IMF/IFS/Q.GB.NGDP_SA_XDC
GBP,GB,quarterly,2004-01-01,2004-Q1,322778.0,IMF/IFS/Q.GB.NGDP_SA_XDC
GBP,GB,quarterly,2004-04-01,2004-Q2,329732.0,IMF/IFS/Q.GB.NGDP_SA_XDC
GBP,GB,quarterly,2004-07-01,2004-Q3,331592.0,IMF/IFS/Q.GB.NGDP_SA_XDC
GBP,GB,quarterly,2004-10-01,2004-Q4,338535.0,IMF/IFS/Q.GB.NGDP_SA_XDC
GBP,GB,quarterly,2005-01-01,2005-Q1,341254.0,IMF/IFS/Q.GB.NGDP_SA_XDC
GBP,GB,quarterly,2005-04-01,2005-Q2,348491.0,IMF/IFS/Q.GB.NGDP_SA_XDC
GBP,GB,quarterly,2005-07-01,2005-Q3,352001.0,IMF/IFS/Q.GB.NGDP_SA_XDC
GBP,GB,quarterly,2005-10-01,2005-Q4,357003.0,IMF/IFS/Q.GB.NGDP_SA_XDC
GBP,GB,quarterly,2006-01-01,2006-Q1,361213.0,IMF/IFS/Q.GB.NGDP_SA_XDC
GBP,GB,quarterly,2006-04-01,2006-Q2,367042.0,IMF/IFS/Q.GB.NGDP_SA_XDC
GBP,GB,quarterly,2006-07-01,2006-Q3,370883.0,IMF/IFS/Q.GB.NGDP_SA_XDC
GBP,GB,quarterly,2006-10-01,2006-Q4,372900.0,IMF/IFS/Q.GB.NGDP_SA_XDC
GBP,GB,quarterly,2007-01-01,2007-Q1,376958.0,IMF/IFS/Q.GB.NGDP_SA_XDC
GBP,GB,quarterly,2007-04-01,2007-Q2,386144.0,IMF/IFS/Q.GB.NGDP_SA_XDC
GBP,GB,quarterly,2007-07-01,2007-Q3,389291.0,IMF/IFS/Q.GB.NGDP_SA_XDC
GBP,GB,quarterly,2007-10-01,2007-Q4,392244.0,IMF/IFS/Q.GB.NGDP_SA_XDC
GBP,GB,quarterly,2008-01-01,2008-Q1,397800.0,IMF/IFS/Q.GB.NGDP_SA_XDC
GBP,GB,quarterly,2008-04-01,2008-Q2,400685.0,IMF/IFS/Q.GB.NGDP_SA_XDC
GBP,GB,quarterly,2008-07-01,2008-Q3,399994.0,IMF/IFS/Q.GB.NGDP_SA_XDC
GBP,GB,quarterly,2008-10-01,2008-Q4,395121.0,IMF/IFS/Q.GB.NGDP_SA_XDC
GBP,GB,quarterly,2009-01-01,2009-Q1,386874.0,IMF/IFS/Q.GB.NGDP_SA_XDC
GBP,GB,quarterly,2009-04-01,2009-Q2,386553.0,IMF/IFS/Q.GB.NGDP_SA_XDC
GBP,GB,quarterly,2009-07-01,2009-Q3,388596.0,IMF/IFS/Q.GB.NGDP_SA_XDC
GBP,GB,quarterly,2009-10-01,2009-Q4,386779.0,IMF/IFS/Q.GB.NGDP_SA_XDC
GBP,GB,quarterly,2010-01-01,2010-Q1,396176.0,IMF/IFS/Q.GB.NGDP_SA_XDC
GBP,GB,quarterly,2010-04-01,2010-Q2,401223.0,IMF/IFS/Q.GB.NGDP_SA_XDC
GBP,GB,quarterly,2010-07-01,2010-Q3,404365.0,IMF/IFS/Q.GB.NGDP_SA_XDC
GBP,GB,quarterly,2010-10-01,2010-Q4,406789.0,IMF/IFS/Q.GB.NGDP_SA_XDC
GBP,GB,quarterly,2011-01-01,2011-Q1,414806.0,IMF/IFS/Q.GB.NGDP_SA_XDC
GBP,GB,quarterly,2011-04-01,2011-Q2,412364.0,IMF/IFS/Q.GB.NGDP_SA_XDC
GBP,GB,quarterly,2011-07-01,2011-Q3,416115.0,IMF/IFS/Q.GB.NGDP_SA_XDC
GBP,GB,quarterly,2011-10-01,2011-Q4,419305.0,IMF/IFS/Q.GB.NGDP_SA_XDC
GBP,GB,quarterly,2012-01-01,2012-Q1,424540.0,IMF/IFS/Q.GB.NGDP_SA_XDC
GBP,GB,quarterly,2012-04-01,2012-Q2,424939.0,IMF/IFS/Q.GB.NGDP_SA_XDC
GBP,GB,quarterly,2012-07-01,2012-Q3,430964.0,IMF/IFS/Q.GB.NGDP_SA_XDC
GBP,GB,quarterly,2012-10-01,2012-Q4,433272.0,IMF/IFS/Q.GB.NGDP_SA_XDC
GBP,GB,quarterly,2013-01-01,2013-Q1,438283.0,IMF/IFS/Q.GB.NGDP_SA_XDC
GBP,GB,quarterly,2013-04-01,2013-Q2,442095.0,IMF/IFS/Q.GB.NGDP_SA_XDC
GBP,GB,quarterly,2013-07-01,2013-Q3,448800.0,IMF/IFS/Q.GB.NGDP_SA_XDC
GBP,GB,quarterly,2013-10-01,2013-Q4,452183.0,IMF/IFS/Q.GB.NGDP_SA_XDC
GBP,GB,quarterly,2014-01-01,2014-Q1,457683.0,IMF/IFS/Q.GB.NGDP_SA_XDC
GBP,GB,quarterly,2014-04-01,2014-Q2,461549.0,IMF/IFS/Q.GB.NGDP_SA_XDC
GBP,GB,quarterly,2014-07-01,2014-Q3,470624.0,IMF/IFS/Q.GB.NGDP_SA_XDC
GBP,GB,quarterly,2014-10-01,2014-Q4,472658.0,IMF/IFS/Q.GB.NGDP_SA_XDC
GBP,GB,quarterly,2015-01-01,2015-Q1,474680.0,IMF/IFS/Q.GB.NGDP_SA_XDC
GBP,GB,quarterly,2015-04-01,2015-Q2,476591.0,IMF/IFS/Q.GB.NGDP_SA_XDC
GBP,GB,quarterly,2015-07-01,2015-Q3,479924.0,IMF/IFS/Q.GB.NGDP_SA_XDC
GBP,GB,quarterly,2015-10-01,2015-Q4,485256.0,IMF/IFS/Q.GB.NGDP_SA_XDC
GBP,GB,quarterly,2016-01-01,2016-Q1,489683.0,IMF/IFS/Q.GB.NGDP_SA_XDC
GBP,GB,quarterly,2016-04-01,2016-Q2,493710.0,IMF/IFS/Q.GB.NGDP_SA_XDC
GBP,GB,quarterly,2016-07-01,2016-Q3,500801.0,IMF/IFS/Q.GB.NGDP_SA_XDC
GBP,GB,quarterly,2016-10-01,2016-Q4,507451.0,IMF/IFS/Q.GB.NGDP_SA_XDC
GBP,GB,quarterly,2017-01-01,2017-Q1,513814.0,IMF/IFS/Q.GB.NGDP_SA_XDC
GBP,GB,quarterly,2017-04-01,2017-Q2,517656.0,IMF/IFS/Q.GB.NGDP_SA_XDC
GBP,GB,quarterly,2017-07-01,2017-Q3,521257.0,IMF/IFS/Q.GB.NGDP_SA_XDC
GBP,GB,quarterly,2017-10-01,2017-Q4,529755.0,IMF/IFS/Q.GB.NGDP_SA_XDC
GBP,GB,quarterly,2018-01-01,2018-Q1,531131.0,IMF/IFS/Q.GB.NGDP_SA_XDC
GBP,GB,quarterly,2018-04-01,2018-Q2,535707.0,IMF/IFS/Q.GB.NGDP_SA_XDC
GBP,GB,quarterly,2018-07-01,2018-Q3,540205.0,IMF/IFS/Q.GB.NGDP_SA_XDC
GBP,GB,quarterly,2018-10-01,2018-Q4,545261.0,IMF/IFS/Q.GB.NGDP_SA_XDC
GBP,GB,quarterly,2019-01-01,2019-Q1,549060.0,IMF/IFS/Q.GB.NGDP_SA_XDC
GBP,GB,quarterly,2019-04-01,2019-Q2,556104.0,IMF/IFS/Q.GB.NGDP_SA_XDC
GBP,GB,quarterly,2019-07-01,2019-Q3,562999.0,IMF/IFS/Q.GB.NGDP_SA_XDC
GBP,GB,quarterly,2019-10-01,2019-Q4,565758.0,IMF/IFS/Q.GB.NGDP_SA_XDC
GBP,GB,quarterly,2020-01-01,2020-Q1,555891.0,IMF/IFS/Q.GB.NGDP_SA_XDC
GBP,GB,quarterly,2020-04-01,2020-Q2,476160.0,IMF/IFS/Q.GB.NGDP_SA_XDC
GBP,GB,quarterly,2020-07-01,2020-Q3,533806.0,IMF/IFS/Q.GB.NGDP_SA_XDC
GBP,GB,quarterly,2020-10-01,2020-Q4,537629.0,IMF/IFS/Q.GB.NGDP_SA_XDC
GBP,GB,quarterly,2021-01-01,2021-Q1,537992.0,IMF/IFS/Q.GB.NGDP_SA_XDC
GBP,GB,quarterly,2021-04-01,2021-Q2,568521.0,IMF/IFS/Q.GB.NGDP_SA_XDC
GBP,GB,quarterly,2021-07-01,2021-Q3,581805.0,IMF/IFS/Q.GB.NGDP_SA_XDC
GBP,GB,quarterly,2021-10-01,2021-Q4,597082.0,IMF/IFS/Q.GB.NGDP_SA_XDC
GBP,GB,quarterly,2022-01-01,2022-Q1,610346.0,IMF/IFS/Q.GB.NGDP_SA_XDC
GBP,GB,quarterly,2022-04-01,2022-Q2,625467.0,IMF/IFS/Q.GB.NGDP_SA_XDC
GBP,GB,quarterly,2022-07-01,2022-Q3,636553.0,IMF/IFS/Q.GB.NGDP_SA_XDC
GBP,GB,quarterly,2022-10-01,2022-Q4,654062.0,IMF/IFS/Q.GB.NGDP_SA_XDC
GBP,GB,quarterly,2023-01-01,2023-Q1,665965.0,IMF/IFS/Q.GB.NGDP_SA_XDC
GBP,GB,quarterly,2023-04-01,2023-Q2,677760.0,IMF/IFS/Q.GB.NGDP_SA_XDC
GBP,GB,quarterly,2023-07-01,2023-Q3,683791.0,IMF/IFS/Q.GB.NGDP_SA_XDC
GBP,GB,quarterly,2023-10-01,2023-Q4,683669.0,IMF/IFS/Q.GB.NGDP_SA_XDC
GBP,GB,quarterly,2024-01-01,2024-Q1,698228.0,IMF/IFS/Q.GB.NGDP_SA_XDC
GBP,GB,quarterly,2024-04-01,2024-Q2,706477.0,IMF/IFS/Q.GB.NGDP_SA_XDC
GBP,GB,quarterly,2024-07-01,2024-Q3,719085.0,IMF/IFS/Q.GB.NGDP_SA_XDC
GBP,GB,quarterly,2024-10-01,2024-Q4,727199.0,IMF/IFS/Q.GB.NGDP_SA_XDC
GBP,GB,quarterly,2025-01-01,2025-Q1,738159.0,IMF/IFS/Q.GB.NGDP_SA_XDC
JPY,JP,quarterly,1994-01-01,1994-Q1,127531075.0,IMF/IFS/Q.JP.NGDP_SA_XDC
JPY,JP,quarterly,1994-04-01,1994-Q2,127255175.0,IMF/IFS/Q.JP.NGDP_SA_XDC
JPY,JP,quarterly,1994-07-01,1994-Q3,128242075.0,IMF/IFS/Q.JP.NGDP_SA_XDC
JPY,JP,quarterly,1994-10-01,1994-Q4,127900525.0,IMF/IFS/Q.JP.NGDP_SA_XDC
JPY,JP,quarterly,1995-01-01,1995-Q1,128727475.0,IMF/IFS/Q.JP.NGDP_SA_XDC
JPY,JP,quarterly,1995-04-01,1995-Q2,129692050.0,IMF/IFS/Q.JP.NGDP_SA_XDC
JPY,JP,quarterly,1995-07-01,1995-Q3,131344125.0,IMF/IFS/Q.JP.NGDP_SA_XDC
JPY,JP,quarterly,1995-10-01,1995-Q4,131763125.0,IMF/IFS/Q.JP.NGDP_SA_XDC
JPY,JP,quarterly,1996-01-01,1996-Q1,132246650.0,IMF/IFS/Q.JP.NGDP_SA_XDC
JPY,JP,quarterly,1996-04-01,1996-Q2,134009000.0,IMF/IFS/Q.JP.NGDP_SA_XDC
JPY,JP,quarterly,1996-07-01,1996-Q3,134034700.0,IMF/IFS/Q.JP.NGDP_SA_XDC
JPY,JP,quarterly,1996-10-01,1996-Q4,135290125.0,IMF/IFS/Q.JP.NGDP_SA_XDC
JPY,JP,quarterly,1997-01-01,1997-Q1,135531825.0,IMF/IFS/Q.JP.NGDP_SA_XDC
JPY,JP,quarterly,1997-04-01,1997-Q2,136018150.0,IMF/IFS/Q.JP.NGDP_SA_XDC
JPY,JP,quarterly,1997-07-01,1997-Q3,136009175.0,IMF/IFS/Q.JP.NGDP_SA_XDC
JPY,JP,quarterly,1997-10-01,1997-Q4,136245675.0,IMF/IFS/Q.JP.NGDP_SA_XDC
JPY,JP,quarterly,1998-01-01,1998-Q1,134491450.0,IMF/IFS/Q.JP.NGDP_SA_XDC
JPY,JP,quarterly,1998-04-01,1998-Q2,133702750.0,IMF/IFS/Q.JP.NGDP_SA_XDC
JPY,JP,quarterly,1998-07-01,1998-Q3,133476800.0,IMF/IFS/Q.JP.NGDP_SA_XDC
JPY,JP,quarterly,1998-10-01,1998-Q4,134821150.0,IMF/IFS/Q.JP.NGDP_SA_XDC
JPY,JP,quarterly,1999-01-01,1999-Q1,132268275.0,IMF/IFS/Q.JP.NGDP_SA_XDC
JPY,JP,quarterly,1999-04-01,1999-Q2,132253825.0,IMF/IFS/Q.JP.NGDP_SA_XDC
JPY,JP,quarterly,1999-07-01,1999-Q3,132148800.0,IMF/IFS/Q.JP.NGDP_SA_XDC
JPY,JP,quarterly,1999-10-01,1999-Q4,131960725.0,IMF/IFS/Q.JP.NGDP_SA_XDC
JPY,JP,quarterly,2000-01-01,2000-Q1,133790100.0,IMF/IFS/Q.JP.NGDP_SA_XDC
JPY,JP,quarterly,2000-04-01,2000-Q2,133836425.0,IMF/IFS/Q.JP.NGDP_SA_XDC
JPY,JP,quarterly,2000-07-01,2000-Q3,133612600.0,IMF/IFS/Q.JP.NGDP_SA_XDC
JPY,JP,quarterly,2000-10-01,2000-Q4,134454425.0,IMF/IFS/Q.JP.NGDP_SA_XDC
JPY,JP,quarterly,2001-01-01,2001-Q1,135646400.0,IMF/IFS/Q.JP.NGDP_SA_XDC
JPY,JP,quarterly,2001-04-01,2001-Q2,133557425.0,IMF/IFS/Q.JP.NGDP_SA_XDC
JPY,JP,quarterly,2001-07-01,2001-Q3,131761700.0,IMF/IFS/Q.JP.NGDP_SA_XDC
JPY,JP,quarterly,2001-10-01,2001-Q4,130974775.0,IMF/IFS/Q.JP.NGDP_SA_XDC
JPY,JP,quarterly,2002-01-01,2002-Q1,131372925.0,IMF/IFS/Q.JP.NGDP_SA_XDC
JPY,JP,quarterly,2002-04-01,2002-Q2,131053275.0,IMF/IFS/Q.JP.NGDP_SA_XDC
JPY,JP,quarterly,2002-07-01,2002-Q3,131052125.0,IMF/IFS/Q.JP.NGDP_SA_XDC
JPY,JP,quarterly,2002-10-01,2002-Q4,131103550.0,IMF/IFS/Q.JP.NGDP_SA_XDC
JPY,JP,quarterly,2003-01-01,2003-Q1,130344875.0,IMF/IFS/Q.JP.NGDP_SA_XDC
JPY,JP,quarterly,2003-04-01,2003-Q2,131128175.0,IMF/IFS/Q.JP.NGDP_SA_XDC
JPY,JP,quarterly,2003-07-01,2003-Q3,131095800.0,IMF/IFS/Q.JP.NGDP_SA_XDC
JPY,JP,quarterly,2003-10-01,2003-Q4,131599950.0,IMF/IFS/Q.JP.NGDP_SA_XDC
JPY,JP,quarterly,2004-01-01,2004-Q1,132342000.0,IMF/IFS/Q.JP.NGDP_SA_XDC
JPY,JP,quarterly,2004-04-01,2004-Q2,131912575.0,IMF/IFS/Q.JP.NGDP_SA_XDC
JPY,JP,quarterly,2004-07-01,2004-Q3,132619500.0,IMF/IFS/Q.JP.NGDP_SA_XDC
JPY,JP,quarterly,2004-10-01,2004-Q4,132480050.0,IMF/IFS/Q.JP.NGDP_SA_XDC
JPY,JP,quarterly,2005-01-01,2005-Q1,132478950.0,IMF/IFS/Q.JP.NGDP_SA_XDC
JPY,JP,quarterly,2005-04-01,2005-Q2,132834975.0,IMF/IFS/Q.JP.NGDP_SA_XDC
JPY,JP,quarterly,2005-07-01,2005-Q3,133642750.0,IMF/IFS/Q.JP.NGDP_SA_XDC
JPY,JP,quarterly,2005-10-01,2005-Q4,133686675.0,IMF/IFS/Q.JP.NGDP_SA_XDC
JPY,JP,quarterly,2006-01-01,2006-Q1,133641925.0,IMF/IFS/Q.JP.NGDP_SA_XDC
JPY,JP,quarterly,2006-04-01,2006-Q2,133495600.0,IMF/IFS/Q.JP.NGDP_SA_XDC
JPY,JP,quarterly,2006-07-01,2006-Q3,133056125.0,IMF/IFS/Q.JP.NGDP_SA_XDC
JPY,JP,quarterly,2006-10-01,2006-Q4,134982575.0,IMF/IFS/Q.JP.NGDP_SA_XDC
JPY,JP,quarterly,2007-01-01,2007-Q1,135495650.0,IMF/IFS/Q.JP.NGDP_SA_XDC
JPY,JP,quarterly,2007-04-01,2007-Q2,135506150.0,IMF/IFS/Q.JP.NGDP_SA_XDC
JPY,JP,quarterly,2007-07-01,2007-Q3,134117750.0,IMF/IFS/Q.JP.NGDP_SA_XDC
JPY,JP,quarterly,2007-10-01,2007-Q4,134208800.0,IMF/IFS/Q.JP.NGDP_SA_XDC
JPY,JP,quarterly,2008-01-01,2008-Q1,134406925.0,IMF/IFS/Q.JP.NGDP_SA_XDC
JPY,JP,quarterly,2008-04-01,2008-Q2,133396050.0,IMF/IFS/Q.JP.NGDP_SA_XDC
JPY,JP,quarterly,2008-07-01,2008-Q3,130804875.0,IMF/IFS/Q.JP.NGDP_SA_XDC
JPY,JP,quarterly,2008-10-01,2008-Q4,129233025.0,IMF/IFS/Q.JP.NGDP_SA_XDC
JPY,JP,quarterly,2009-01-01,2009-Q1,123055225.0,IMF/IFS/Q.JP.NGDP_SA_XDC
JPY,JP,quarterly,2009-04-01,2009-Q2,124463050.0,IMF/IFS/Q.JP.NGDP_SA_XDC
JPY,JP,quarterly,2009-07-01,2009-Q3,123406575.0,IMF/IFS/Q.JP.NGDP_SA_XDC
JPY,JP,quarterly,2009-10-01,2009-Q4,124123375.0,IMF/IFS/Q.JP.NGDP_SA_XDC
JPY,JP,quarterly,2010-01-01,2010-Q1,125374550.0,IMF/IFS/Q.JP.NGDP_SA_XDC
JPY,JP,quarterly,2010-04-01,2010-Q2,126236375.0,IMF/IFS/Q.JP.NGDP_SA_XDC
JPY,JP,quarterly,2010-07-01,2010-Q3,127731550.0,IMF/IFS/Q.JP.NGDP_SA_XDC
JPY,JP,quarterly,2010-10-01,2010-Q4,126332850.0,IMF/IFS/Q.JP.NGDP_SA_XDC
JPY,JP,quarterly,2011-01-01,2011-Q1,124670400.0,IMF/IFS/Q.JP.NGDP_SA_XDC
JPY,JP,quarterly,2011-04-01,2011-Q2,122667575.0,IMF/IFS/Q.JP.NGDP_SA_XDC
JPY,JP,quarterly,2011-07-01,2011-Q3,125259800.0,IMF/IFS/Q.JP.NGDP_SA_XDC
JPY,JP,quarterly,2011-10-01,2011-Q4,125075525.0,IMF/IFS/Q.JP.NGDP_SA_XDC
JPY,JP,quarterly,2012-01-01,2012-Q1,126868225.0,IMF/IFS/Q.JP.NGDP_SA_XDC
JPY,JP,quarterly,2012-04-01,2012-Q2,125040300.0,IMF/IFS/Q.JP.NGDP_SA_XDC
JPY,JP,quarterly,2012-07-01,2012-Q3,124381550.0,IMF/IFS/Q.JP.NGDP_SA_XDC
JPY,JP,quarterly,2012-10-01,2012-Q4,124325325.0,IMF/IFS/Q.JP.NGDP_SA_XDC
JPY,JP,quarterly,2013-01-01,2013-Q1,125735300.0,IMF/IFS/Q.JP.NGDP_SA_XDC
JPY,JP,quarterly,2013-04-01,2013-Q2,126881875.0,IMF/IFS/Q.JP.NGDP_SA_XDC
JPY,JP,quarterly,2013-07-01,2013-Q3,128217225.0,IMF/IFS/Q.JP.NGDP_SA_XDC
JPY,JP,quarterly,2013-10-01,2013-Q4,128133975.0,IMF/IFS/Q.JP.NGDP_SA_XDC
JPY,JP,quarterly,2014-01-01,2014-Q1,129141825.0,IMF/IFS/Q.JP.NGDP_SA_XDC
JPY,JP,quarterly,2014-04-01,2014-Q2,129482050.0,IMF/IFS/Q.JP.NGDP_SA_XDC
JPY,JP,quarterly,2014-07-01,2014-Q3,129570850.0,IMF/IFS/Q.JP.NGDP_SA_XDC
JPY,JP,quarterly,2014-10-01,2014-Q4,130530300.0,IMF/IFS/Q.JP.NGDP_SA_XDC
JPY,JP,quarterly,2015-01-01,2015-Q1,133671000.0,IMF/IFS/Q.JP.NGDP_SA_XDC
JPY,JP,quarterly,2015-04-01,2015-Q2,134545525.0,IMF/IFS/Q.JP.NGDP_SA_XDC
JPY,JP,quarterly,2015-07-01,2015-Q3,134984950.0,IMF/IFS/Q.JP.NGDP_SA_XDC
JPY,JP,quarterly,2015-10-01,2015-Q4,134828925.0,IMF/IFS/Q.JP.NGDP_SA_XDC
JPY,JP,quarterly,2016-01-01,2016-Q1,136316550.0,IMF/IFS/Q.JP.NGDP_SA_XDC
JPY,JP,quarterly,2016-04-01,2016-Q2,135837600.0,IMF/IFS/Q.JP.NGDP_SA_XDC
JPY,JP,quarterly,2016-07-01,2016-Q3,135905200.0,IMF/IFS/Q.JP.NGDP_SA_XDC
JPY,JP,quarterly,2016-10-01,2016-Q4,136135700.0,IMF/IFS/Q.JP.NGDP_SA_XDC
JPY,JP,quarterly,2017-01-01,2017-Q1,136919275.0,IMF/IFS/Q.JP.NGDP_SA_XDC
JPY,JP,quarterly,2017-04-01,2017-Q2,137638875.0,IMF/IFS/Q.JP.NGDP_SA_XDC
JPY,JP,quarterly,2017-07-01,2017-Q3,139283550.0,IMF/IFS/Q.JP.NGDP_SA_XDC
JPY,JP,quarterly,2017-10-01,2017-Q4,139199075.0,IMF/IFS/Q.JP.NGDP_SA_XDC
JPY,JP,quarterly,2018-01-01,2018-Q1,139606875.0,IMF/IFS/Q.JP.NGDP_SA_XDC
JPY,JP,quarterly,2018-04-01,2018-Q2,139723175.0,IMF/IFS/Q.JP.NGDP_SA_XDC
JPY,JP,quarterly,2018-07-01,2018-Q3,138842175.0,IMF/IFS/Q.JP.NGDP_SA_XDC
JPY,JP,quarterly,2018-10-01,2018-Q4,138365325.0,IMF/IFS/Q.JP.NGDP_SA_XDC
JPY,JP,quarterly,2019-01-01,2019-Q1,139700200.0,IMF/IFS/Q.JP.NGDP_SA_XDC
JPY,JP,quarterly,2019-04-01,2019-Q2,140230125.0,IMF/IFS/Q.JP.NGDP_SA_XDC
JPY,JP,quarterly,2019-07-01,2019-Q3,140360700.0,IMF/IFS/Q.JP.NGDP_SA_XDC
JPY,JP,quarterly,2019-10-01,2019-Q4,137527825.0,IMF/IFS/Q.JP.NGDP_SA_XDC
JPY,JP,quarterly,2020-01-01,2020-Q1,138619700.0,IMF/IFS/Q.JP.NGDP_SA_XDC
JPY,JP,quarterly,2020-04-01,2020-Q2,128492850.0,IMF/IFS/Q.JP.NGDP_SA_XDC
JPY,JP,quarterly,2020-07-01,2020-Q3,135046325.0,IMF/IFS/Q.JP.NGDP_SA_XDC
JPY,JP,quarterly,2020-10-01,2020-Q4,137233775.0,IMF/IFS/Q.JP.NGDP_SA_XDC
JPY,JP,quarterly,2021-01-01,2021-Q1,137761200.0,IMF/IFS/Q.JP.NGDP_SA_XDC
JPY,JP,quarterly,2021-04-01,2021-Q2,138550450.0,IMF/IFS/Q.JP.NGDP_SA_XDC
JPY,JP,quarterly,2021-07-01,2021-Q3,137808725.0,IMF/IFS/Q.JP.NGDP_SA_XDC
JPY,JP,quarterly,2021-10-01,2021-Q4,139094825.0,IMF/IFS/Q.JP.NGDP_SA_XDC
JPY,JP,quarterly,2022-01-01,2022-Q1,139117450.0,IMF/IFS/Q.JP.NGDP_SA_XDC
JPY,JP,quarterly,2022-04-01,2022-Q2,140227050.0,IMF/IFS/Q.JP.NGDP_SA_XDC
JPY,JP,quarterly,2022-07-01,2022-Q3,139383925.0,IMF/IFS/Q.JP.NGDP_SA_XDC
JPY,JP,quarterly,2022-10-01,2022-Q4,141695125.0,IMF/IFS/Q.JP.NGDP_SA_XDC
JPY,JP,quarterly,2023-01-01,2023-Q1,145540000.0,IMF/IFS/Q.JP.NGDP_SA_XDC
JPY,JP,quarterly,2023-04-01,2023-Q2,148604775.0,IMF/IFS/Q.JP.NGDP_SA_XDC
JPY,JP,quarterly,2023-07-01,2023-Q3,148441150.0,IMF/IFS/Q.JP.NGDP_SA_XDC
JPY,JP,quarterly,2023-10-01,2023-Q4,148704525.0,IMF/IFS/Q.JP.NGDP_SA_XDC
JPY,JP,quarterly,2024-01-01,2024-Q1,148802050.0,IMF/IFS/Q.JP.NGDP_SA_XDC
JPY,JP,quarterly,2024-04-01,2024-Q2,152416075.0,IMF/IFS/Q.JP.NGDP_SA_XDC
JPY,JP,quarterly,2024-07-01,2024-Q3,153218500.0,IMF/IFS/Q.JP.NGDP_SA_XDC
JPY,JP,quarterly,2024-10-01,2024-Q4,154951450.0,IMF/IFS/Q.JP.NGDP_SA_XDC
JPY,JP,quarterly,2025-01-01,2025-Q1,156330300.0,IMF/IFS/Q.JP.NGDP_SA_XDC
USD,US,quarterly,1950-01-01,1950-Q1,70207.0,IMF/IFS/Q.US.NGDP_SA_XDC
USD,US,quarterly,1950-04-01,1950-Q2,72595.8,IMF/IFS/Q.US.NGDP_SA_XDC
USD,US,quarterly,1950-07-01,1950-Q3,77038.3,IMF/IFS/Q.US.NGDP_SA_XDC
USD,US,quarterly,1950-10-01,1950-Q4,79986.3,IMF/IFS/Q.US.NGDP_SA_XDC
USD,US,quarterly,1951-01-01,1951-Q1,84000.0,IMF/IFS/Q.US.NGDP_SA_XDC
USD,US,quarterly,1951-04-01,1951-Q2,86022.5,IMF/IFS/Q.US.NGDP_SA_XDC
USD,US,quarterly,1951-07-01,1951-Q3,87846.3,IMF/IFS/Q.US.NGDP_SA_XDC
USD,US,quarterly,1951-10-01,1951-Q4,89044.5,IMF/IFS/Q.US.NGDP_SA_XDC
USD,US,quarterly,1952-01-01,1952-Q1,89955.0,IMF/IFS/Q.US.NGDP_SA_XDC
USD,US,quarterly,1952-04-01,1952-Q2,90257.5,IMF/IFS/Q.US.NGDP_SA_XDC
USD,US,quarterly,1952-07-01,1952-Q3,91925.3,IMF/IFS/Q.US.NGDP_SA_XDC
USD,US,quarterly,1952-10-01,1952-Q4,95203.0,IMF/IFS/Q.US.NGDP_SA_XDC
USD,US,quarterly,1953-01-01,1953-Q1,96995.0,IMF/IFS/Q.US.NGDP_SA_XDC
USD,US,quarterly,1953-04-01,1953-Q2,97937.3,IMF/IFS/Q.US.NGDP_SA_XDC
USD,US,quarterly,1953-07-01,1953-Q3,97792.8,IMF/IFS/Q.US.NGDP_SA_XDC
USD,US,quarterly,1953-10-01,1953-Q4,96492.5,IMF/IFS/Q.US.NGDP_SA_XDC
USD,US,quarterly,1954-01-01,1954-Q1,96336.3,IMF/IFS/Q.US.NGDP_SA_XDC
USD,US,quarterly,1954-04-01,1954-Q2,96530.3,IMF/IFS/Q.US.NGDP_SA_XDC
USD,US,quarterly,1954-07-01,1954-Q3,97749.0,IMF/IFS/Q.US.NGDP_SA_XDC
USD,US,quarterly,1954-10-01,1954-Q4,99933.5,IMF/IFS/Q.US.NGDP_SA_XDC
USD,US,quarterly,1955-01-01,1955-Q1,103268.3,IMF/IFS/Q.US.NGDP_SA_XDC
USD,US,quarterly,1955-04-01,1955-Q2,105383.0,IMF/IFS/Q.US.NGDP_SA_XDC
USD,US,quarterly,1955-07-01,1955-Q3,107555.3,IMF/IFS/Q.US.NGDP_SA_XDC
USD,US,quarterly,1955-10-01,1955-Q4,109273.0,IMF/IFS/Q.US.NGDP_SA_XDC
USD,US,quarterly,1956-01-01,1956-Q1,109936.5,IMF/IFS/Q.US.NGDP_SA_XDC
USD,US,quarterly,1956-04-01,1956-Q2,111502.5,IMF/IFS/Q.US.NGDP_SA_XDC
USD,US,quarterly,1956-07-01,1956-Q3,112797.8,IMF/IFS/Q.US.NGDP_SA_XDC
USD,US,quarterly,1956-10-01,1956-Q4,115115.8,IMF/IFS/Q.US.NGDP_SA_XDC
USD,US,quarterly,1957-01-01,1957-Q1,117444.8,IMF/IFS/Q.US.NGDP_SA_XDC
USD,US,quarterly,1957-04-01,1957-Q2,118006.3,IMF/IFS/Q.US.NGDP_SA_XDC
USD,US,quarterly,1957-07-01,1957-Q3,119872.5,IMF/IFS/Q.US.NGDP_SA_XDC
USD,US,quarterly,1957-10-01,1957-Q4,118716.0,IMF/IFS/Q.US.NGDP_SA_XDC
USD,US,quarterly,1958-01-01,1958-Q1,116885.0,IMF/IFS/Q.US.NGDP_SA_XDC
USD,US,quarterly,1958-04-01,1958-Q2,117994.5,IMF/IFS/Q.US.NGDP_SA_XDC
USD,US,quarterly,1958-07-01,1958-Q3,121460.3,IMF/IFS/Q.US.NGDP_SA_XDC
USD,US,quarterly,1958-10-01,1958-Q4,124888.8,IMF/IFS/Q.US.NGDP_SA_XDC
USD,US,quarterly,1959-01-01,1959-Q1,127582.5,IMF/IFS/Q.US.NGDP_SA_XDC
USD,US,quarterly,1959-04-01,1959-Q2,130663.3,IMF/IFS/Q.US.NGDP_SA_XDC
USD,US,quarterly,1959-07-01,1959-Q3,131258.5,IMF/IFS/Q.US.NGDP_SA_XDC
USD,US,quarterly,1959-10-01,1959-Q4,132150.0,IMF/IFS/Q.US.NGDP_SA_XDC
USD,US,quarterly,1960-01-01,1960-Q1,135662.0,IMF/IFS/Q.US.NGDP_SA_XDC
USD,US,quarterly,1960-04-01,1960-Q2,135270.0,IMF/IFS/Q.US.NGDP_SA_XDC
USD,US,quarterly,1960-07-01,1960-Q3,136401.0,IMF/IFS/Q.US.NGDP_SA_XDC
USD,US,quarterly,1960-10-01,1960-Q4,135049.3,IMF/IFS/Q.US.NGDP_SA_XDC
USD,US,quarterly,1961-01-01,1961-Q1,136254.5,IMF/IFS/Q.US.NGDP_SA_XDC
USD,US,quarterly,1961-04-01,1961-Q2,138886.3,IMF/IFS/Q.US.NGDP_SA_XDC
USD,US,quarterly,1961-07-01,1961-Q3,141916.0,IMF/IFS/Q.US.NGDP_SA_XDC
USD,US,quarterly,1961-10-01,1961-Q4,145153.0,IMF/IFS/Q.US.NGDP_SA_XDC
USD,US,quarterly,1962-01-01,1962-Q1,148503.3,IMF/IFS/Q.US.NGDP_SA_XDC
USD,US,quarterly,1962-04-01,1962-Q2,150091.5,IMF/IFS/Q.US.NGDP_SA_XDC
USD,US,quarterly,1962-07-01,1962-Q3,152256.8,IMF/IFS/Q.US.NGDP_SA_XDC
USD,US,quarterly,1962-10-01,1962-Q4,153070.0,IMF/IFS/Q.US.NGDP_SA_XDC
USD,US,quarterly,1963-01-01,1963-Q1,155418.0,IMF/IFS/Q.US.NGDP_SA_XDC
USD,US,quarterly,1963-04-01,1963-Q2,157438.0,IMF/IFS/Q.US.NGDP_SA_XDC
USD,US,quarterly,1963-07-01,1963-Q3,161111.0,IMF/IFS/Q.US.NGDP_SA_XDC
USD,US,quarterly,1963-10-01,1963-Q4,163484.5,IMF/IFS/Q.US.NGDP_SA_XDC
USD,US,quarterly,1964-01-01,1964-Q1,167455.5,IMF/IFS/Q.US.NGDP_SA_XDC
USD,US,quarterly,1964-04-01,1964-Q2,169668.5,IMF/IFS/Q.US.NGDP_SA_XDC
USD,US,quarterly,1964-07-01,1964-Q3,173007.8,IMF/IFS/Q.US.NGDP_SA_XDC
USD,US,quarterly,1964-10-01,1964-Q4,174329.8,IMF/IFS/Q.US.NGDP_SA_XDC
USD,US,quarterly,1965-01-01,1965-Q1,179447.5,IMF/IFS/Q.US.NGDP_SA_XDC
USD,US,quarterly,1965-04-01,1965-Q2,182547.8,IMF/IFS/Q.US.NGDP_SA_XDC
USD,US,quarterly,1965-07-01,1965-Q3,187330.8,IMF/IFS/Q.US.NGDP_SA_XDC
USD,US,quarterly,1965-10-01,1965-Q4,192964.3,IMF/IFS/Q.US.NGDP_SA_XDC
USD,US,quarterly,1966-01-01,1966-Q1,198933.5,IMF/IFS/Q.US.NGDP_SA_XDC
USD,US,quarterly,1966-04-01,1966-Q2,201245.3,IMF/IFS/Q.US.NGDP_SA_XDC
USD,US,quarterly,1966-07-01,1966-Q3,204909.5,IMF/IFS/Q.US.NGDP_SA_XDC
USD,US,quarterly,1966-10-01,1966-Q4,208325.5,IMF/IFS/Q.US.NGDP_SA_XDC
USD,US,quarterly,1967-01-01,1967-Q1,211042.5,IMF/IFS/Q.US.NGDP_SA_XDC
USD,US,quarterly,1967-04-01,1967-Q2,212245.8,IMF/IFS/Q.US.NGDP_SA_XDC
USD,US,quarterly,1967-07-01,1967-Q3,216308.3,IMF/IFS/Q.US.NGDP_SA_XDC
USD,US,quarterly,1967-10-01,1967-Q4,220359.8,IMF/IFS/Q.US.NGDP_SA_XDC
USD,US,quarterly,1968-01-01,1968-Q1,227346.8,IMF/IFS/Q.US.NGDP_SA_XDC
USD,US,quarterly,1968-04-01,1968-Q2,233586.0,IMF/IFS/Q.US.NGDP_SA_XDC
USD,US,quarterly,1968-07-01,1968-Q3,237706.3,IMF/IFS/Q.US.NGDP_SA_XDC
USD,US,quarterly,1968-10-01,1968-Q4,242007.5,IMF/IFS/Q.US.NGDP_SA_XDC
USD,US,quarterly,1969-01-01,1969-Q1,248334.3,IMF/IFS/Q.US.NGDP_SA_XDC
USD,US,quarterly,1969-04-01,1969-Q2,252255.0,IMF/IFS/Q.US.NGDP_SA_XDC
USD,US,quarterly,1969-07-01,1969-Q3,257489.0,IMF/IFS/Q.US.NGDP_SA_XDC
USD,US,quarterly,1969-10-01,1969-Q4,259536.8,IMF/IFS/Q.US.NGDP_SA_XDC
USD,US,quarterly,1970-01-01,1970-Q1,262800.0,IMF/IFS/Q.US.NGDP_SA_XDC
USD,US,quarterly,1970-04-01,1970-Q2,266843.8,IMF/IFS/Q.US.NGDP_SA_XDC
USD,US,quarterly,1970-07-01,1970-Q3,271514.8,IMF/IFS/Q.US.NGDP_SA_XDC
USD,US,quarterly,1970-10-01,1970-Q4,272152.0,IMF/IFS/Q.US.NGDP_SA_XDC
USD,US,quarterly,1971-01-01,1971-Q1,283789.0,IMF/IFS/Q.US.NGDP_SA_XDC
USD,US,quarterly,1971-04-01,1971-Q2,289067.8,IMF/IFS/Q.US.NGDP_SA_XDC
USD,US,quarterly,1971-07-01,1971-Q3,294418.8,IMF/IFS/Q.US.NGDP_SA_XDC
USD,US,quarterly,1971-10-01,1971-Q4,297574.3,IMF/IFS/Q.US.NGDP_SA_XDC
USD,US,quarterly,1972-01-01,1972-Q1,307652.3,IMF/IFS/Q.US.NGDP_SA_XDC
USD,US,quarterly,1972-04-01,1972-Q2,316592.3,IMF/IFS/Q.US.NGDP_SA_XDC
USD,US,quarterly,1972-07-01,1972-Q3,322641.5,IMF/IFS/Q.US.NGDP_SA_XDC
USD,US,quarterly,1972-10-01,1972-Q4,332226.0,IMF/IFS/Q.US.NGDP_SA_XDC
USD,US,quarterly,1973-01-01,1973-Q1,344372.5,IMF/IFS/Q.US.NGDP_SA_XDC
USD,US,quarterly,1973-04-01,1973-Q2,353471.8,IMF/IFS/Q.US.NGDP_SA_XDC
USD,US,quarterly,1973-07-01,1973-Q3,358459.5,IMF/IFS/Q.US.NGDP_SA_XDC
USD,US,quarterly,1973-10-01,1973-Q4,369072.3,IMF/IFS/Q.US.NGDP_SA_XDC
USD,US,quarterly,1974-01-01,1974-Q1,372802.3,IMF/IFS/Q.US.NGDP_SA_XDC
USD,US,quarterly,1974-04-01,1974-Q2,382514.0,IMF/IFS/Q.US.NGDP_SA_XDC
USD,US,quarterly,1974-07-01,1974-Q3,390006.5,IMF/IFS/Q.US.NGDP_SA_XDC
USD,US,quarterly,1974-10-01,1974-Q4,399919.8,IMF/IFS/Q.US.NGDP_SA_XDC
USD,US,quarterly,1975-01-01,1975-Q1,404029.0,IMF/IFS/Q.US.NGDP_SA_XDC
USD,US,quarterly,1975-04-01,1975-Q2,412963.3,IMF/IFS/Q.US.NGDP_SA_XDC
USD,US,quarterly,1975-07-01,1975-Q3,427455.0,IMF/IFS/Q.US.NGDP_SA_XDC
USD,US,quarterly,1975-10-01,1975-Q4,440457.8,IMF/IFS/Q.US.NGDP_SA_XDC
USD,US,quarterly,1976-01-01,1976-Q1,455121.8,IMF/IFS/Q.US.NGDP_SA_XDC
USD,US,quarterly,1976-04-01,1976-Q2,463083.0,IMF/IFS/Q.US.NGDP_SA_XDC
USD,US,quarterly,1976-07-01,1976-Q3,471639.5,IMF/IFS/Q.US.NGDP_SA_XDC
USD,US,quarterly,1976-10-01,1976-Q4,483568.3,IMF/IFS/Q.US.NGDP_SA_XDC
USD,US,quarterly,1977-01-01,1977-Q1,497162.0,IMF/IFS/Q.US.NGDP_SA_XDC
USD,US,quarterly,1977-04-01,1977-Q2,513977.3,IMF/IFS/Q.US.NGDP_SA_XDC
USD,US,quarterly,1977-07-01,1977-Q3,529618.3,IMF/IFS/Q.US.NGDP_SA_XDC
USD,US,quarterly,1977-10-01,1977-Q4,541067.5,IMF/IFS/Q.US.NGDP_SA_XDC
USD,US,quarterly,1978-01-01,1978-Q1,550690.0,IMF/IFS/Q.US.NGDP_SA_XDC
USD,US,quarterly,1978-04-01,1978-Q2,582908.3,IMF/IFS/Q.US.NGDP_SA_XDC
USD,US,quarterly,1978-07-01,1978-Q3,598763.3,IMF/IFS/Q.US.NGDP_SA_XDC
USD,US,quarterly,1978-10-01,1978-Q4,619237.3,IMF/IFS/Q.US.NGDP_SA_XDC
USD,US,quarterly,1979-01-01,1979-Q1,631652.5,IMF/IFS/Q.US.NGDP_SA_XDC
USD,US,quarterly,1979-04-01,1979-Q2,647811.8,IMF/IFS/Q.US.NGDP_SA_XDC
USD,US,quarterly,1979-07-01,1979-Q3,666891.3,IMF/IFS/Q.US.NGDP_SA_XDC
USD,US,quarterly,1979-10-01,1979-Q4,680970.8,IMF/IFS/Q.US.NGDP_SA_XDC
USD,US,quarterly,1980-01-01,1980-Q1,697460.5,IMF/IFS/Q.US.NGDP_SA_XDC
USD,US,quarterly,1980-04-01,1980-Q2,699338.0,IMF/IFS/Q.US.NGDP_SA_XDC
USD,US,quarterly,1980-07-01,1980-Q3,714120.8,IMF/IFS/Q.US.NGDP_SA_XDC
USD,US,quarterly,1980-10-01,1980-Q4,746389.3,IMF/IFS/Q.US.NGDP_SA_XDC
USD,US,quarterly,1981-01-01,1981-Q1,781051.5,IMF/IFS/Q.US.NGDP_SA_XDC
USD,US,quarterly,1981-04-01,1981-Q2,790633.0,IMF/IFS/Q.US.NGDP_SA_XDC
USD,US,quarterly,1981-07-01,1981-Q3,815152.3,IMF/IFS/Q.US.NGDP_SA_XDC
USD,US,quarterly,1981-10-01,1981-Q4,820204.5,IMF/IFS/Q.US.NGDP_SA_XDC
USD,US,quarterly,1982-01-01,1982-Q1,818575.5,IMF/IFS/Q.US.NGDP_SA_XDC
USD,US,quarterly,1982-04-01,1982-Q2,832993.0,IMF/IFS/Q.US.NGDP_SA_XDC
USD,US,quarterly,1982-07-01,1982-Q3,841580.5,IMF/IFS/Q.US.NGDP_SA_XDC
USD,US,quarterly,1982-10-01,1982-Q4,850640.3,IMF/IFS/Q.US.NGDP_SA_XDC
USD,US,quarterly,1983-01-01,1983-Q1,868353.3,IMF/IFS/Q.US.NGDP_SA_XDC
USD,US,quarterly,1983-04-01,1983-Q2,894712.0,IMF/IFS/Q.US.NGDP_SA_XDC
USD,US,quarterly,1983-07-01,1983-Q3,922294.8,IMF/IFS/Q.US.NGDP_SA_XDC
USD,US,quarterly,1983-10-01,1983-Q4,948676.5,IMF/IFS/Q.US.NGDP_SA_XDC
USD,US,quarterly,1984-01-01,1984-Q1,977013.5,IMF/IFS/Q.US.NGDP_SA_XDC
USD,US,quarterly,1984-04-01,1984-Q2,1002400.3,IMF/IFS/Q.US.NGDP_SA_XDC
USD,US,quarterly,1984-07-01,1984-Q3,1021062.5,IMF/IFS/Q.US.NGDP_SA_XDC
USD,US,quarterly,1984-10-01,1984-Q4,1037137.8,IMF/IFS/Q.US.NGDP_SA_XDC
USD,US,quarterly,1985-01-01,1985-Q1,1057542.0,IMF/IFS/Q.US.NGDP_SA_XDC
USD,US,quarterly,1985-04-01,1985-Q2,1073721.8,IMF/IFS/Q.US.NGDP_SA_XDC
USD,US,quarterly,1985-07-01,1985-Q3,1096693.3,IMF/IFS/Q.US.NGDP_SA_XDC
USD,US,quarterly,1985-10-01,1985-Q4,1111023.5,IMF/IFS/Q.US.NGDP_SA_XDC
USD,US,quarterly,1986-01-01,1986-Q1,1126973.5,IMF/IFS/Q.US.NGDP_SA_XDC
USD,US,quarterly,1986-04-01,1986-Q2,1136335.0,IMF/IFS/Q.US.NGDP_SA_XDC
USD,US,quarterly,1986-07-01,1986-Q3,1151917.3,IMF/IFS/Q.US.NGDP_SA_XDC
USD,US,quarterly,1986-10-01,1986-Q4,1164406.8,IMF/IFS/Q.US.NGDP_SA_XDC
USD,US,quarterly,1987-01-01,1987-Q1,1180539.0,IMF/IFS/Q.US.NGDP_SA_XDC
USD,US,quarterly,1987-04-01,1987-Q2,1201540.0,IMF/IFS/Q.US.NGDP_SA_XDC
USD,US,quarterly,1987-07-01,1987-Q3,1221138.8,IMF/IFS/Q.US.NGDP_SA_XDC
USD,US,quarterly,1987-10-01,1987-Q4,1251998.5,IMF/IFS/Q.US.NGDP_SA_XDC
USD,US,quarterly,1988-01-01,1988-Q1,1268343.0,IMF/IFS/Q.US.NGDP_SA_XDC
USD,US,quarterly,1988-04-01,1988-Q2,1297509.0,IMF/IFS/Q.US.NGDP_SA_XDC
USD,US,quarterly,1988-07-01,1988-Q3,1320708.8,IMF/IFS/Q.US.NGDP_SA_XDC
USD,US,quarterly,1988-10-01,1988-Q4,1349877.3,IMF/IFS/Q.US.NGDP_SA_XDC
USD,US,quarterly,1989-01-01,1989-Q1,1377813.3,IMF/IFS/Q.US.NGDP_SA_XDC
USD,US,quarterly,1989-04-01,1989-Q2,1403115.8,IMF/IFS/Q.US.NGDP_SA_XDC
USD,US,quarterly,1989-07-01,1989-Q3,1423841.3,IMF/IFS/Q.US.NGDP_SA_XDC
USD,US,quarterly,1989-10-01,1989-Q4,1436809.3,IMF/IFS/Q.US.NGDP_SA_XDC
USD,US,quarterly,1990-01-01,1990-Q1,1468175.3,IMF/IFS/Q.US.NGDP_SA_XDC
USD,US,quarterly,1990-04-01,1990-Q2,1490007.0,IMF/IFS/Q.US.NGDP_SA_XDC
USD,US,quarterly,1990-07-01,1990-Q3,1503779.0,IMF/IFS/Q.US.NGDP_SA_XDC
USD,US,quarterly,1990-10-01,1990-Q4,1501183.3,IMF/IFS/Q.US.NGDP_SA_XDC
USD,US,quarterly,1991-01-01,1991-Q1,1508794.5,IMF/IFS/Q.US.NGDP_SA_XDC
USD,US,quarterly,1991-04-01,1991-Q2,1531715.5,IMF/IFS/Q.US.NGDP_SA_XDC
USD,US,quarterly,1991-07-01,1991-Q3,1551484.3,IMF/IFS/Q.US.NGDP_SA_XDC
USD,US,quarterly,1991-10-01,1991-Q4,1566135.0,IMF/IFS/Q.US.NGDP_SA_XDC
USD,US,quarterly,1992-01-01,1992-Q1,1590775.5,IMF/IFS/Q.US.NGDP_SA_XDC
USD,US,quarterly,1992-04-01,1992-Q2,1617690.8,IMF/IFS/Q.US.NGDP_SA_XDC
USD,US,quarterly,1992-07-01,1992-Q3,1641660.3,IMF/IFS/Q.US.NGDP_SA_XDC
USD,US,quarterly,1992-10-01,1992-Q4,1670200.8,IMF/IFS/Q.US.NGDP_SA_XDC
USD,US,quarterly,1993-01-01,1993-Q1,1682364.8,IMF/IFS/Q.US.NGDP_SA_XDC
USD,US,quarterly,1993-04-01,1993-Q2,1702234.8,IMF/IFS/Q.US.NGDP_SA_XDC
USD,US,quarterly,1993-07-01,1993-Q3,1720524.5,IMF/IFS/Q.US.NGDP_SA_XDC
USD,US,quarterly,1993-10-01,1993-Q4,1753434.5,IMF/IFS/Q.US.NGDP_SA_XDC
USD,US,quarterly,1994-01-01,1994-Q1,1778913.0,IMF/IFS/Q.US.NGDP_SA_XDC
USD,US,quarterly,1994-04-01,1994-Q2,1811732.8,IMF/IFS/Q.US.NGDP_SA_XDC
USD,US,quarterly,1994-07-01,1994-Q3,1832768.8,IMF/IFS/Q.US.NGDP_SA_XDC
USD,US,quarterly,1994-10-01,1994-Q4,1863822.0,IMF/IFS/Q.US.NGDP_SA_XDC
USD,US,quarterly,1995-01-01,1995-Q1,1880572.3,IMF/IFS/Q.US.NGDP_SA_XDC
USD,US,quarterly,1995-04-01,1995-Q2,1895249.3,IMF/IFS/Q.US.NGDP_SA_XDC
USD,US,quarterly,1995-07-01,1995-Q3,1920781.3,IMF/IFS/Q.US.NGDP_SA_XDC
USD,US,quarterly,1995-10-01,1995-Q4,1943146.5,IMF/IFS/Q.US.NGDP_SA_XDC
USD,US,quarterly,1996-01-01,1996-Q1,1967117.0,IMF/IFS/Q.US.NGDP_SA_XDC
USD,US,quarterly,1996-04-01,1996-Q2,2008210.0,IMF/IFS/Q.US.NGDP_SA_XDC
USD,US,quarterly,1996-07-01,1996-Q3,2032852.0,IMF/IFS/Q.US.NGDP_SA_XDC
USD,US,quarterly,1996-10-01,1996-Q4,2064942.8,IMF/IFS/Q.US.NGDP_SA_XDC
USD,US,quarterly,1997-01-01,1997-Q1,2090663.8,IMF/IFS/Q.US.NGDP_SA_XDC
USD,US,quarterly,1997-04-01,1997-Q2,2129706.3,IMF/IFS/Q.US.NGDP_SA_XDC
USD,US,quarterly,1997-07-01,1997-Q3,2165705.8,IMF/IFS/Q.US.NGDP_SA_XDC
USD,US,quarterly,1997-10-01,1997-Q4,2191476.8,IMF/IFS/Q.US.NGDP_SA_XDC
USD,US,quarterly,1998-01-01,1998-Q1,2216620.0,IMF/IFS/Q.US.NGDP_SA_XDC
USD,US,quarterly,1998-04-01,1998-Q2,2242424.8,IMF/IFS/Q.US.NGDP_SA_XDC
USD,US,quarterly,1998-07-01,1998-Q3,2280274.3,IMF/IFS/Q.US.NGDP_SA_XDC
USD,US,quarterly,1998-10-01,1998-Q4,2323497.8,IMF/IFS/Q.US.NGDP_SA_XDC
USD,US,quarterly,1999-01-01,1999-Q1,2352920.5,IMF/IFS/Q.US.NGDP_SA_XDC
USD,US,quarterly,1999-04-01,1999-Q2,2381552.5,IMF/IFS/Q.US.NGDP_SA_XDC
USD,US,quarterly,1999-07-01,1999-Q3,2421656.5,IMF/IFS/Q.US.NGDP_SA_XDC
USD,US,quarterly,1999-10-01,1999-Q4,2475042.3,IMF/IFS/Q.US.NGDP_SA_XDC
USD,US,quarterly,2000-01-01,2000-Q1,2500544.8,IMF/IFS/Q.US.NGDP_SA_XDC
USD,US,quarterly,2000-04-01,2000-Q2,2561930.0,IMF/IFS/Q.US.NGDP_SA_XDC
USD,US,quarterly,2000-07-01,2000-Q3,2579541.3,IMF/IFS/Q.US.NGDP_SA_XDC
USD,US,quarterly,2000-10-01,2000-Q4,2608936.0,IMF/IFS/Q.US.NGDP_SA_XDC
USD,US,quarterly,2001-01-01,2001-Q1,2617557.8,IMF/IFS/Q.US.NGDP_SA_XDC
USD,US,quarterly,2001-04-01,2001-Q2,2649750.0,IMF/IFS/Q.US.NGDP_SA_XDC
USD,US,quarterly,2001-07-01,2001-Q3,2649505.0,IMF/IFS/Q.US.NGDP_SA_XDC
USD,US,quarterly,2001-10-01,2001-Q4,2665116.3,IMF/IFS/Q.US.NGDP_SA_XDC
USD,US,quarterly,2002-01-01,2002-Q1,2695875.0,IMF/IFS/Q.US.NGDP_SA_XDC
USD,US,quarterly,2002-04-01,2002-Q2,2721865.0,IMF/IFS/Q.US.NGDP_SA_XDC
USD,US,quarterly,2002-07-01,2002-Q3,2746010.0,IMF/IFS/Q.US.NGDP_SA_XDC
USD,US,quarterly,2002-10-01,2002-Q4,2765358.3,IMF/IFS/Q.US.NGDP_SA_XDC
USD,US,quarterly,2003-01-01,2003-Q1,2793532.3,IMF/IFS/Q.US.NGDP_SA_XDC
USD,US,quarterly,2003-04-01,2003-Q2,2828191.5,IMF/IFS/Q.US.NGDP_SA_XDC
USD,US,quarterly,2003-07-01,2003-Q3,2891667.3,IMF/IFS/Q.US.NGDP_SA_XDC
USD,US,quarterly,2003-10-01,2003-Q4,2943058.5,IMF/IFS/Q.US.NGDP_SA_XDC
USD,US,quarterly,2004-01-01,2004-Q1,2980861.8,IMF/IFS/Q.US.NGDP_SA_XDC
USD,US,quarterly,2004-04-01,2004-Q2,3028203.8,IMF/IFS/Q.US.NGDP_SA_XDC
USD,US,quarterly,2004-07-01,2004-Q3,3076326.8,IMF/IFS/Q.US.NGDP_SA_XDC
USD,US,quarterly,2004-10-01,2004-Q4,3131803.5,IMF/IFS/Q.US.NGDP_SA_XDC
USD,US,quarterly,2005-01-01,2005-Q1,3191821.5,IMF/IFS/Q.US.NGDP_SA_XDC
USD,US,quarterly,2005-04-01,2005-Q2,3230664.0,IMF/IFS/Q.US.NGDP_SA_XDC
USD,US,quarterly,2005-07-01,2005-Q3,3285660.5,IMF/IFS/Q.US.NGDP_SA_XDC
USD,US,quarterly,2005-10-01,2005-Q4,3331051.0,IMF/IFS/Q.US.NGDP_SA_XDC
USD,US,quarterly,2006-01-01,2006-Q1,3399790.0,IMF/IFS/Q.US.NGDP_SA_XDC
USD,US,quarterly,2006-04-01,2006-Q2,3438356.0,IMF/IFS/Q.US.NGDP_SA_XDC
USD,US,quarterly,2006-07-01,2006-Q3,3467547.0,IMF/IFS/Q.US.NGDP_SA_XDC
USD,US,quarterly,2006-10-01,2006-Q4,3509890.0,IMF/IFS/Q.US.NGDP_SA_XDC
USD,US,quarterly,2007-01-01,2007-Q1,3553912.8,IMF/IFS/Q.US.NGDP_SA_XDC
USD,US,quarterly,2007-04-01,2007-Q2,3600520.5,IMF/IFS/Q.US.NGDP_SA_XDC
USD,US,quarterly,2007-07-01,2007-Q3,3641029.3,IMF/IFS/Q.US.NGDP_SA_XDC
USD,US,quarterly,2007-10-01,2007-Q4,3678764.5,IMF/IFS/Q.US.NGDP_SA_XDC
USD,US,quarterly,2008-01-01,2008-Q1,3676634.5,IMF/IFS/Q.US.NGDP_SA_XDC
USD,US,quarterly,2008-04-01,2008-Q2,3716425.3,IMF/IFS/Q.US.NGDP_SA_XDC
USD,US,quarterly,2008-07-01,2008-Q3,3724749.8,IMF/IFS/Q.US.NGDP_SA_XDC
USD,US,quarterly,2008-10-01,2008-Q4,3652052.3,IMF/IFS/Q.US.NGDP_SA_XDC
USD,US,quarterly,2009-01-01,2009-Q1,3607725.5,IMF/IFS/Q.US.NGDP_SA_XDC
USD,US,quarterly,2009-04-01,2009-Q2,3595309.0,IMF/IFS/Q.US.NGDP_SA_XDC
USD,US,quarterly,2009-07-01,2009-Q3,3612220.5,IMF/IFS/Q.US.NGDP_SA_XDC
USD,US,quarterly,2009-10-01,2009-Q4,3662812.3,IMF/IFS/Q.US.NGDP_SA_XDC
USD,US,quarterly,2010-01-01,2010-Q1,3691152.5,IMF/IFS/Q.US.NGDP_SA_XDC
USD,US,quarterly,2010-04-01,2010-Q2,3745048.3,IMF/IFS/Q.US.NGDP_SA_XDC
USD,US,quarterly,2010-07-01,2010-Q3,3785401.8,IMF/IFS/Q.US.NGDP_SA_XDC
USD,US,quarterly,2010-10-01,2010-Q4,3827368.5,IMF/IFS/Q.US.NGDP_SA_XDC
USD,US,quarterly,2011-01-01,2011-Q1,3837862.0,IMF/IFS/Q.US.NGDP_SA_XDC
USD,US,quarterly,2011-04-01,2011-Q2,3889384.8,IMF/IFS/Q.US.NGDP_SA_XDC
USD,US,quarterly,2011-07-01,2011-Q3,3911920.0,IMF/IFS/Q.US.NGDP_SA_XDC
USD,US,quarterly,2011-10-01,2011-Q4,3960564.8,IMF/IFS/Q.US.NGDP_SA_XDC
USD,US,quarterly,2012-01-01,2012-Q1,4017201.3,IMF/IFS/Q.US.NGDP_SA_XDC
USD,US,quarterly,2012-04-01,2012-Q2,4051778.8,IMF/IFS/Q.US.NGDP_SA_XDC
USD,US,quarterly,2012-07-01,2012-Q3,4079885.3,IMF/IFS/Q.US.NGDP_SA_XDC
USD,US,quarterly,2012-10-01,2012-Q4,4105104.8,IMF/IFS/Q.US.NGDP_SA_XDC
USD,US,quarterly,2013-01-01,2013-Q1,4162047.3,IMF/IFS/Q.US.NGDP_SA_XDC
USD,US,quarterly,2013-04-01,2013-Q2,4182171.8,IMF/IFS/Q.US.NGDP_SA_XDC
USD,US,quarterly,2013-07-01,2013-Q3,4238459.5,IMF/IFS/Q.US.NGDP_SA_XDC
USD,US,quarterly,2013-10-01,2013-Q4,4298004.8,IMF/IFS/Q.US.NGDP_SA_XDC
USD,US,quarterly,2014-01-01,2014-Q1,4299434.5,IMF/IFS/Q.US.NGDP_SA_XDC
USD,US,quarterly,2014-04-01,2014-Q2,4379627.0,IMF/IFS/Q.US.NGDP_SA_XDC
USD,US,quarterly,2014-07-01,2014-Q3,4451057.0,IMF/IFS/Q.US.NGDP_SA_XDC
USD,US,quarterly,2014-10-01,2014-Q4,4478019.8,IMF/IFS/Q.US.NGDP_SA_XDC
USD,US,quarterly,2015-01-01,2015-Q1,4515882.3,IMF/IFS/Q.US.NGDP_SA_XDC
USD,US,quarterly,2015-04-01,2015-Q2,4569946.0,IMF/IFS/Q.US.NGDP_SA_XDC
USD,US,quarterly,2015-07-01,2015-Q3,4600406.5,IMF/IFS/Q.US.NGDP_SA_XDC
USD,US,quarterly,2015-10-01,2015-Q4,4608784.3,IMF/IFS/Q.US.NGDP_SA_XDC
USD,US,quarterly,2016-01-01,2016-Q1,4631483.3,IMF/IFS/Q.US.NGDP_SA_XDC
USD,US,quarterly,2016-04-01,2016-Q2,4677925.5,IMF/IFS/Q.US.NGDP_SA_XDC
USD,US,quarterly,2016-07-01,2016-Q3,4723159.8,IMF/IFS/Q.US.NGDP_SA_XDC
USD,US,quarterly,2016-10-01,2016-Q4,4772344.8,IMF/IFS/Q.US.NGDP_SA_XDC
USD,US,quarterly,2017-01-01,2017-Q1,4820021.0,IMF/IFS/Q.US.NGDP_SA_XDC
USD,US,quarterly,2017-04-01,2017-Q2,4859660.8,IMF/IFS/Q.US.NGDP_SA_XDC
USD,US,quarterly,2017-07-01,2017-Q3,4923148.8,IMF/IFS/Q.US.NGDP_SA_XDC
USD,US,quarterly,2017-10-01,2017-Q4,5009272.0,IMF/IFS/Q.US.NGDP_SA_XDC
USD,US,quarterly,2018-01-01,2018-Q1,5082138.3,IMF/IFS/Q.US.NGDP_SA_XDC
USD,US,quarterly,2018-04-01,2018-Q2,5145228.0,IMF/IFS/Q.US.NGDP_SA_XDC
USD,US,quarterly,2018-07-01,2018-Q3,5199682.5,IMF/IFS/Q.US.NGDP_SA_XDC
USD,US,quarterly,2018-10-01,2018-Q4,5229466.8,IMF/IFS/Q.US.NGDP_SA_XDC
USD,US,quarterly,2019-01-01,2019-Q1,5277900.0,IMF/IFS/Q.US.NGDP_SA_XDC
USD,US,quarterly,2019-04-01,2019-Q2,5349484.5,IMF/IFS/Q.US.NGDP_SA_XDC
USD,US,quarterly,2019-07-01,2019-Q3,5429292.8,IMF/IFS/Q.US.NGDP_SA_XDC
USD,US,quarterly,2019-10-01,2019-Q4,5483304.3,IMF/IFS/Q.US.NGDP_SA_XDC
USD,US,quarterly,2020-01-01,2020-Q1,5431914.3,IMF/IFS/Q.US.NGDP_SA_XDC
USD,US,quarterly,2020-04-01,2020-Q2,4983861.0,IMF/IFS/Q.US.NGDP_SA_XDC
USD,US,quarterly,2020-07-01,2020-Q3,5421137.8,IMF/IFS/Q.US.NGDP_SA_XDC
USD,US,quarterly,2020-10-01,2020-Q4,5517191.8,IMF/IFS/Q.US.NGDP_SA_XDC
USD,US,quarterly,2021-01-01,2021-Q1,5664198.3,IMF/IFS/Q.US.NGDP_SA_XDC
USD,US,quarterly,2021-04-01,2021-Q2,5842215.3,IMF/IFS/Q.US.NGDP_SA_XDC
USD,US,quarterly,2021-07-01,2021-Q3,5980497.8,IMF/IFS/Q.US.NGDP_SA_XDC
USD,US,quarterly,2021-10-01,2021-Q4,6194259.5,IMF/IFS/Q.US.NGDP_SA_XDC
USD,US,quarterly,2022-01-01,2022-Q1,6303872.8,IMF/IFS/Q.US.NGDP_SA_XDC
USD,US,quarterly,2022-04-01,2022-Q2,6451447.8,IMF/IFS/Q.US.NGDP_SA_XDC
USD,US,quarterly,2022-07-01,2022-Q3,6568002.8,IMF/IFS/Q.US.NGDP_SA_XDC
USD,US,quarterly,2022-10-01,2022-Q4,6683569.3,IMF/IFS/Q.US.NGDP_SA_XDC
USD,US,quarterly,2023-01-01,2023-Q1,6791089.8,IMF/IFS/Q.US.NGDP_SA_XDC
USD,US,quarterly,2023-04-01,2023-Q2,6863453.8,IMF/IFS/Q.US.NGDP_SA_XDC
USD,US,quarterly,2023-07-01,2023-Q3,6991924.3,IMF/IFS/Q.US.NGDP_SA_XDC
USD,US,quarterly,2023-10-01,2023-Q4,7074241.8,IMF/IFS/Q.US.NGDP_SA_XDC
USD,US,quarterly,2024-01-01,2024-Q1,7156017.3,IMF/IFS/Q.US.NGDP_SA_XDC
USD,US,quarterly,2024-04-01,2024-Q2,7254178.5,IMF/IFS/Q.US.NGDP_SA_XDC
USD,US,quarterly,2024-07-01,2024-Q3,7343728.5,IMF/IFS/Q.US.NGDP_SA_XDC
USD,US,quarterly,2024-10-01,2024-Q4,7430966.0,IMF/IFS/Q.US.NGDP_SA_XDC
USD,US,quarterly,2025-01-01,2025-Q1,7490511.8,IMF/IFS/Q.US.NGDP_SA_XDC
USD,US,quarterly,2025-04-01,2025-Q2,7582779.3,IMF/IFS/Q.US.NGDP_SA_XDC
NZD,NZ,quarterly,1987-04-01,1987-Q2,15792.0,IMF/IFS/Q.NZ.NGDP_SA_XDC
NZD,NZ,quarterly,1987-07-01,1987-Q3,16096.0,IMF/IFS/Q.NZ.NGDP_SA_XDC
NZD,NZ,quarterly,1987-10-01,1987-Q4,16421.0,IMF/IFS/Q.NZ.NGDP_SA_XDC
NZD,NZ,quarterly,1988-01-01,1988-Q1,16832.0,IMF/IFS/Q.NZ.NGDP_SA_XDC
NZD,NZ,quarterly,1988-04-01,1988-Q2,16929.0,IMF/IFS/Q.NZ.NGDP_SA_XDC
NZD,NZ,quarterly,1988-07-01,1988-Q3,17910.0,IMF/IFS/Q.NZ.NGDP_SA_XDC
NZD,NZ,quarterly,1988-10-01,1988-Q4,17682.0,IMF/IFS/Q.NZ.NGDP_SA_XDC
NZD,NZ,quarterly,1989-01-01,1989-Q1,18096.0,IMF/IFS/Q.NZ.NGDP_SA_XDC
NZD,NZ,quarterly,1989-04-01,1989-Q2,18423.0,IMF/IFS/Q.NZ.NGDP_SA_XDC
NZD,NZ,quarterly,1989-07-01,1989-Q3,18340.0,IMF/IFS/Q.NZ.NGDP_SA_XDC
NZD,NZ,quarterly,1989-10-01,1989-Q4,18853.0,IMF/IFS/Q.NZ.NGDP_SA_XDC
NZD,NZ,quarterly,1990-01-01,1990-Q1,18991.0,IMF/IFS/Q.NZ.NGDP_SA_XDC
NZD,NZ,quarterly,1990-04-01,1990-Q2,18886.0,IMF/IFS/Q.NZ.NGDP_SA_XDC
NZD,NZ,quarterly,1990-07-01,1990-Q3,19267.0,IMF/IFS/Q.NZ.NGDP_SA_XDC
NZD,NZ,quarterly,1990-10-01,1990-Q4,19452.0,IMF/IFS/Q.NZ.NGDP_SA_XDC
NZD,NZ,quarterly,1991-01-01,1991-Q1,18548.0,IMF/IFS/Q.NZ.NGDP_SA_XDC
NZD,NZ,quarterly,1991-04-01,1991-Q2,18626.0,IMF/IFS/Q.NZ.NGDP_SA_XDC
NZD,NZ,quarterly,1991-07-01,1991-Q3,19102.0,IMF/IFS/Q.NZ.NGDP_SA_XDC
NZD,NZ,quarterly,1991-10-01,1991-Q4,18985.0,IMF/IFS/Q.NZ.NGDP_SA_XDC
NZD,NZ,quarterly,1992-01-01,1992-Q1,19281.0,IMF/IFS/Q.NZ.NGDP_SA_XDC
NZD,NZ,quarterly,1992-04-01,1992-Q2,19509.0,IMF/IFS/Q.NZ.NGDP_SA_XDC
NZD,NZ,quarterly,1992-07-01,1992-Q3,18948.0,IMF/IFS/Q.NZ.NGDP_SA_XDC
NZD,NZ,quarterly,1992-10-01,1992-Q4,19535.0,IMF/IFS/Q.NZ.NGDP_SA_XDC
NZD,NZ,quarterly,1993-01-01,1993-Q1,20285.0,IMF/IFS/Q.NZ.NGDP_SA_XDC
NZD,NZ,quarterly,1993-04-01,1993-Q2,20506.0,IMF/IFS/Q.NZ.NGDP_SA_XDC
NZD,NZ,quarterly,1993-07-01,1993-Q3,20917.0,IMF/IFS/Q.NZ.NGDP_SA_XDC
NZD,NZ,quarterly,1993-10-01,1993-Q4,21153.0,IMF/IFS/Q.NZ.NGDP_SA_XDC
NZD,NZ,quarterly,1994-01-01,1994-Q1,21878.0,IMF/IFS/Q.NZ.NGDP_SA_XDC
NZD,NZ,quarterly,1994-04-01,1994-Q2,22058.0,IMF/IFS/Q.NZ.NGDP_SA_XDC
NZD,NZ,quarterly,1994-07-01,1994-Q3,22283.0,IMF/IFS/Q.NZ.NGDP_SA_XDC
NZD,NZ,quarterly,1994-10-01,1994-Q4,22878.0,IMF/IFS/Q.NZ.NGDP_SA_XDC
NZD,NZ,quarterly,1995-01-01,1995-Q1,23093.0,IMF/IFS/Q.NZ.NGDP_SA_XDC
NZD,NZ,quarterly,1995-04-01,1995-Q2,23631.0,IMF/IFS/Q.NZ.NGDP_SA_XDC
NZD,NZ,quarterly,1995-07-01,1995-Q3,23781.0,IMF/IFS/Q.NZ.NGDP_SA_XDC
NZD,NZ,quarterly,1995-10-01,1995-Q4,24241.0,IMF/IFS/Q.NZ.NGDP_SA_XDC
NZD,NZ,quarterly,1996-01-01,1996-Q1,24571.0,IMF/IFS/Q.NZ.NGDP_SA_XDC
NZD,NZ,quarterly,1996-04-01,1996-Q2,25000.0,IMF/IFS/Q.NZ.NGDP_SA_XDC
NZD,NZ,quarterly,1996-07-01,1996-Q3,25404.0,IMF/IFS/Q.NZ.NGDP_SA_XDC
NZD,NZ,quarterly,1996-10-01,1996-Q4,25472.0,IMF/IFS/Q.NZ.NGDP_SA_XDC
NZD,NZ,quarterly,1997-01-01,1997-Q1,25221.0,IMF/IFS/Q.NZ.NGDP_SA_XDC
NZD,NZ,quarterly,1997-04-01,1997-Q2,26055.0,IMF/IFS/Q.NZ.NGDP_SA_XDC
NZD,NZ,quarterly,1997-07-01,1997-Q3,26452.0,IMF/IFS/Q.NZ.NGDP_SA_XDC
NZD,NZ,quarterly,1997-10-01,1997-Q4,26122.0,IMF/IFS/Q.NZ.NGDP_SA_XDC
NZD,NZ,quarterly,1998-01-01,1998-Q1,26198.0,IMF/IFS/Q.NZ.NGDP_SA_XDC
NZD,NZ,quarterly,1998-04-01,1998-Q2,26202.0,IMF/IFS/Q.NZ.NGDP_SA_XDC
NZD,NZ,quarterly,1998-07-01,1998-Q3,26350.0,IMF/IFS/Q.NZ.NGDP_SA_XDC
NZD,NZ,quarterly,1998-10-01,1998-Q4,27071.0,IMF/IFS/Q.NZ.NGDP_SA_XDC
NZD,NZ,quarterly,1999-01-01,1999-Q1,27130.0,IMF/IFS/Q.NZ.NGDP_SA_XDC
NZD,NZ,quarterly,1999-04-01,1999-Q2,27650.0,IMF/IFS/Q.NZ.NGDP_SA_XDC
NZD,NZ,quarterly,1999-07-01,1999-Q3,28143.0,IMF/IFS/Q.NZ.NGDP_SA_XDC
NZD,NZ,quarterly,1999-10-01,1999-Q4,28282.0,IMF/IFS/Q.NZ.NGDP_SA_XDC
NZD,NZ,quarterly,2000-01-01,2000-Q1,29118.0,IMF/IFS/Q.NZ.NGDP_SA_XDC
NZD,NZ,quarterly,2000-04-01,2000-Q2,29153.0,IMF/IFS/Q.NZ.NGDP_SA_XDC
NZD,NZ,quarterly,2000-07-01,2000-Q3,29632.0,IMF/IFS/Q.NZ.NGDP_SA_XDC
NZD,NZ,quarterly,2000-10-01,2000-Q4,30407.0,IMF/IFS/Q.NZ.NGDP_SA_XDC
NZD,NZ,quarterly,2001-01-01,2001-Q1,30567.0,IMF/IFS/Q.NZ.NGDP_SA_XDC
NZD,NZ,quarterly,2001-04-01,2001-Q2,31625.0,IMF/IFS/Q.NZ.NGDP_SA_XDC
NZD,NZ,quarterly,2001-07-01,2001-Q3,31576.0,IMF/IFS/Q.NZ.NGDP_SA_XDC
NZD,NZ,quarterly,2001-10-01,2001-Q4,32492.0,IMF/IFS/Q.NZ.NGDP_SA_XDC
NZD,NZ,quarterly,2002-01-01,2002-Q1,32976.0,IMF/IFS/Q.NZ.NGDP_SA_XDC
NZD,NZ,quarterly,2002-04-01,2002-Q2,32897.0,IMF/IFS/Q.NZ.NGDP_SA_XDC
NZD,NZ,quarterly,2002-07-01,2002-Q3,33866.0,IMF/IFS/Q.NZ.NGDP_SA_XDC
NZD,NZ,quarterly,2002-10-01,2002-Q4,33950.0,IMF/IFS/Q.NZ.NGDP_SA_XDC
NZD,NZ,quarterly,2003-01-01,2003-Q1,34462.0,IMF/IFS/Q.NZ.NGDP_SA_XDC
NZD,NZ,quarterly,2003-04-01,2003-Q2,34938.0,IMF/IFS/Q.NZ.NGDP_SA_XDC
NZD,NZ,quarterly,2003-07-01,2003-Q3,35703.0,IMF/IFS/Q.NZ.NGDP_SA_XDC
NZD,NZ,quarterly,2003-10-01,2003-Q4,36381.0,IMF/IFS/Q.NZ.NGDP_SA_XDC
NZD,NZ,quarterly,2004-01-01,2004-Q1,37466.0,IMF/IFS/Q.NZ.NGDP_SA_XDC
NZD,NZ,quarterly,2004-04-01,2004-Q2,38019.0,IMF/IFS/Q.NZ.NGDP_SA_XDC
NZD,NZ,quarterly,2004-07-01,2004-Q3,38645.0,IMF/IFS/Q.NZ.NGDP_SA_XDC
NZD,NZ,quarterly,2004-10-01,2004-Q4,38871.0,IMF/IFS/Q.NZ.NGDP_SA_XDC
NZD,NZ,quarterly,2005-01-01,2005-Q1,39022.0,IMF/IFS/Q.NZ.NGDP_SA_XDC
NZD,NZ,quarterly,2005-04-01,2005-Q2,40272.0,IMF/IFS/Q.NZ.NGDP_SA_XDC
NZD,NZ,quarterly,2005-07-01,2005-Q3,40823.0,IMF/IFS/Q.NZ.NGDP_SA_XDC
NZD,NZ,quarterly,2005-10-01,2005-Q4,40680.0,IMF/IFS/Q.NZ.NGDP_SA_XDC
NZD,NZ,quarterly,2006-01-01,2006-Q1,41175.0,IMF/IFS/Q.NZ.NGDP_SA_XDC
NZD,NZ,quarterly,2006-04-01,2006-Q2,41780.0,IMF/IFS/Q.NZ.NGDP_SA_XDC
NZD,NZ,quarterly,2006-07-01,2006-Q3,42292.0,IMF/IFS/Q.NZ.NGDP_SA_XDC
NZD,NZ,quarterly,2006-10-01,2006-Q4,43651.0,IMF/IFS/Q.NZ.NGDP_SA_XDC
NZD,NZ,quarterly,2007-01-01,2007-Q1,44176.0,IMF/IFS/Q.NZ.NGDP_SA_XDC
NZD,NZ,quarterly,2007-04-01,2007-Q2,45244.0,IMF/IFS/Q.NZ.NGDP_SA_XDC
NZD,NZ,quarterly,2007-07-01,2007-Q3,46562.0,IMF/IFS/Q.NZ.NGDP_SA_XDC
NZD,NZ,quarterly,2007-10-01,2007-Q4,47190.0,IMF/IFS/Q.NZ.NGDP_SA_XDC
NZD,NZ,quarterly,2008-01-01,2008-Q1,47589.0,IMF/IFS/Q.NZ.NGDP_SA_XDC
NZD,NZ,quarterly,2008-04-01,2008-Q2,47554.0,IMF/IFS/Q.NZ.NGDP_SA_XDC
NZD,NZ,quarterly,2008-07-01,2008-Q3,47006.0,IMF/IFS/Q.NZ.NGDP_SA_XDC
NZD,NZ,quarterly,2008-10-01,2008-Q4,47624.0,IMF/IFS/Q.NZ.NGDP_SA_XDC
NZD,NZ,quarterly,2009-01-01,2009-Q1,47595.0,IMF/IFS/Q.NZ.NGDP_SA_XDC
NZD,NZ,quarterly,2009-04-01,2009-Q2,47609.0,IMF/IFS/Q.NZ.NGDP_SA_XDC
NZD,NZ,quarterly,2009-07-01,2009-Q3,48374.0,IMF/IFS/Q.NZ.NGDP_SA_XDC
NZD,NZ,quarterly,2009-10-01,2009-Q4,48780.0,IMF/IFS/Q.NZ.NGDP_SA_XDC
NZD,NZ,quarterly,2010-01-01,2010-Q1,49941.0,IMF/IFS/Q.NZ.NGDP_SA_XDC
NZD,NZ,quarterly,2010-04-01,2010-Q2,50258.0,IMF/IFS/Q.NZ.NGDP_SA_XDC
NZD,NZ,quarterly,2010-07-01,2010-Q3,50569.0,IMF/IFS/Q.NZ.NGDP_SA_XDC
NZD,NZ,quarterly,2010-10-01,2010-Q4,51268.0,IMF/IFS/Q.NZ.NGDP_SA_XDC
NZD,NZ,quarterly,2011-01-01,2011-Q1,51701.0,IMF/IFS/Q.NZ.NGDP_SA_XDC
NZD,NZ,quarterly,2011-04-01,2011-Q2,52560.0,IMF/IFS/Q.NZ.NGDP_SA_XDC
NZD,NZ,quarterly,2011-07-01,2011-Q3,53357.0,IMF/IFS/Q.NZ.NGDP_SA_XDC
NZD,NZ,quarterly,2011-10-01,2011-Q4,53664.0,IMF/IFS/Q.NZ.NGDP_SA_XDC
NZD,NZ,quarterly,2012-01-01,2012-Q1,53663.0,IMF/IFS/Q.NZ.NGDP_SA_XDC
NZD,NZ,quarterly,2012-04-01,2012-Q2,54513.0,IMF/IFS/Q.NZ.NGDP_SA_XDC
NZD,NZ,quarterly,2012-07-01,2012-Q3,54017.0,IMF/IFS/Q.NZ.NGDP_SA_XDC
NZD,NZ,quarterly,2012-10-01,2012-Q4,54164.0,IMF/IFS/Q.NZ.NGDP_SA_XDC
NZD,NZ,quarterly,2013-01-01,2013-Q1,55246.0,IMF/IFS/Q.NZ.NGDP_SA_XDC
NZD,NZ,quarterly,2013-04-01,2013-Q2,55757.0,IMF/IFS/Q.NZ.NGDP_SA_XDC
NZD,NZ,quarterly,2013-07-01,2013-Q3,57573.0,IMF/IFS/Q.NZ.NGDP_SA_XDC
NZD,NZ,quarterly,2013-10-01,2013-Q4,59602.0,IMF/IFS/Q.NZ.NGDP_SA_XDC
NZD,NZ,quarterly,2014-01-01,2014-Q1,59868.0,IMF/IFS/Q.NZ.NGDP_SA_XDC
NZD,NZ,quarterly,2014-04-01,2014-Q2,60009.0,IMF/IFS/Q.NZ.NGDP_SA_XDC
NZD,NZ,quarterly,2014-07-01,2014-Q3,60352.0,IMF/IFS/Q.NZ.NGDP_SA_XDC
NZD,NZ,quarterly,2014-10-01,2014-Q4,60852.0,IMF/IFS/Q.NZ.NGDP_SA_XDC
NZD,NZ,quarterly,2015-01-01,2015-Q1,61702.0,IMF/IFS/Q.NZ.NGDP_SA_XDC
NZD,NZ,quarterly,2015-04-01,2015-Q2,62965.0,IMF/IFS/Q.NZ.NGDP_SA_XDC
NZD,NZ,quarterly,2015-07-01,2015-Q3,63568.0,IMF/IFS/Q.NZ.NGDP_SA_XDC
NZD,NZ,quarterly,2015-10-01,2015-Q4,63744.0,IMF/IFS/Q.NZ.NGDP_SA_XDC
NZD,NZ,quarterly,2016-01-01,2016-Q1,65322.0,IMF/IFS/Q.NZ.NGDP_SA_XDC
NZD,NZ,quarterly,2016-04-01,2016-Q2,66294.0,IMF/IFS/Q.NZ.NGDP_SA_XDC
NZD,NZ,quarterly,2016-07-01,2016-Q3,67185.0,IMF/IFS/Q.NZ.NGDP_SA_XDC
NZD,NZ,quarterly,2016-10-01,2016-Q4,68109.0,IMF/IFS/Q.NZ.NGDP_SA_XDC
NZD,NZ,quarterly,2017-01-01,2017-Q1,70086.0,IMF/IFS/Q.NZ.NGDP_SA_XDC
NZD,NZ,quarterly,2017-04-01,2017-Q2,70496.0,IMF/IFS/Q.NZ.NGDP_SA_XDC
NZD,NZ,quarterly,2017-07-01,2017-Q3,72136.0,IMF/IFS/Q.NZ.NGDP_SA_XDC
NZD,NZ,quarterly,2017-10-01,2017-Q4,73878.0,IMF/IFS/Q.NZ.NGDP_SA_XDC
NZD,NZ,quarterly,2018-01-01,2018-Q1,74466.0,IMF/IFS/Q.NZ.NGDP_SA_XDC
NZD,NZ,quarterly,2018-04-01,2018-Q2,75334.0,IMF/IFS/Q.NZ.NGDP_SA_XDC
NZD,NZ,quarterly,2018-07-01,2018-Q3,75883.0,IMF/IFS/Q.NZ.NGDP_SA_XDC
NZD,NZ,quarterly,2018-10-01,2018-Q4,76880.0,IMF/IFS/Q.NZ.NGDP_SA_XDC
NZD,NZ,quarterly,2019-01-01,2019-Q1,78354.0,IMF/IFS/Q.NZ.NGDP_SA_XDC
NZD,NZ,quarterly,2019-04-01,2019-Q2,79387.0,IMF/IFS/Q.NZ.NGDP_SA_XDC
NZD,NZ,quarterly,2019-07-01,2019-Q3,80398.0,IMF/IFS/Q.NZ.NGDP_SA_XDC
NZD,NZ,quarterly,2019-10-01,2019-Q4,81765.0,IMF/IFS/Q.NZ.NGDP_SA_XDC
NZD,NZ,quarterly,2020-01-01,2020-Q1,81837.0,IMF/IFS/Q.NZ.NGDP_SA_XDC
NZD,NZ,quarterly,2020-04-01,2020-Q2,73618.0,IMF/IFS/Q.NZ.NGDP_SA_XDC
NZD,NZ,quarterly,2020-07-01,2020-Q3,83902.0,IMF/IFS/Q.NZ.NGDP_SA_XDC
NZD,NZ,quarterly,2020-10-01,2020-Q4,84407.0,IMF/IFS/Q.NZ.NGDP_SA_XDC
NZD,NZ,quarterly,2021-01-01,2021-Q1,86606.0,IMF/IFS/Q.NZ.NGDP_SA_XDC
NZD,NZ,quarterly,2021-04-01,2021-Q2,88460.0,IMF/IFS/Q.NZ.NGDP_SA_XDC
NZD,NZ,quarterly,2021-07-01,2021-Q3,86623.0,IMF/IFS/Q.NZ.NGDP_SA_XDC
NZD,NZ,quarterly,2021-10-01,2021-Q4,91205.0,IMF/IFS/Q.NZ.NGDP_SA_XDC
NZD,NZ,quarterly,2022-01-01,2022-Q1,92685.0,IMF/IFS/Q.NZ.NGDP_SA_XDC
NZD,NZ,quarterly,2022-04-01,2022-Q2,95167.0,IMF/IFS/Q.NZ.NGDP_SA_XDC
NZD,NZ,quarterly,2022-07-01,2022-Q3,97805.0,IMF/IFS/Q.NZ.NGDP_SA_XDC
NZD,NZ,quarterly,2022-10-01,2022-Q4,99799.0,IMF/IFS/Q.NZ.NGDP_SA_XDC
NZD,NZ,quarterly,2023-01-01,2023-Q1,100674.0,IMF/IFS/Q.NZ.NGDP_SA_XDC
NZD,NZ,quarterly,2023-04-01,2023-Q2,103258.0,IMF/IFS/Q.NZ.NGDP_SA_XDC
NZD,NZ,quarterly,2023-07-01,2023-Q3,104791.0,IMF/IFS/Q.NZ.NGDP_SA_XDC
NZD,NZ,quarterly,2023-10-01,2023-Q4,104142.0,IMF/IFS/Q.NZ.NGDP_SA_XDC
NZD,NZ,quarterly,2024-01-01,2024-Q1,106016.0,IMF/IFS/Q.NZ.NGDP_SA_XDC
NZD,NZ,quarterly,2024-04-01,2024-Q2,105918.0,IMF/IFS/Q.NZ.NGDP_SA_XDC
NZD,NZ,quarterly,2024-07-01,2024-Q3,106377.0,IMF/IFS/Q.NZ.NGDP_SA_XDC
NZD,NZ,quarterly,2024-10-01,2024-Q4,108239.0,IMF/IFS/Q.NZ.NGDP_SA_XDC
NZD,NZ,quarterly,2025-01-01,2025-Q1,110403.0,IMF/IFS/Q.NZ.NGDP_SA_XDC
AUD,AU,quarterly,1959-07-01,1959-Q3,3972.0,IMF/IFS/Q.AU.NGDP_SA_XDC
AUD,AU,quarterly,1959-10-01,1959-Q4,4088.0,IMF/IFS/Q.AU.NGDP_SA_XDC
AUD,AU,quarterly,1960-01-01,1960-Q1,4166.0,IMF/IFS/Q.AU.NGDP_SA_XDC
AUD,AU,quarterly,1960-04-01,1960-Q2,4378.0,IMF/IFS/Q.AU.NGDP_SA_XDC
AUD,AU,quarterly,1960-07-01,1960-Q3,4400.0,IMF/IFS/Q.AU.NGDP_SA_XDC
AUD,AU,quarterly,1960-10-01,1960-Q4,4428.0,IMF/IFS/Q.AU.NGDP_SA_XDC
AUD,AU,quarterly,1961-01-01,1961-Q1,4421.0,IMF/IFS/Q.AU.NGDP_SA_XDC
AUD,AU,quarterly,1961-04-01,1961-Q2,4322.0,IMF/IFS/Q.AU.NGDP_SA_XDC
AUD,AU,quarterly,1961-07-01,1961-Q3,4331.0,IMF/IFS/Q.AU.NGDP_SA_XDC
AUD,AU,quarterly,1961-10-01,1961-Q4,4367.0,IMF/IFS/Q.AU.NGDP_SA_XDC
AUD,AU,quarterly,1962-01-01,1962-Q1,4498.0,IMF/IFS/Q.AU.NGDP_SA_XDC
AUD,AU,quarterly,1962-04-01,1962-Q2,4594.0,IMF/IFS/Q.AU.NGDP_SA_XDC
AUD,AU,quarterly,1962-07-01,1962-Q3,4651.0,IMF/IFS/Q.AU.NGDP_SA_XDC
AUD,AU,quarterly,1962-10-01,1962-Q4,4782.0,IMF/IFS/Q.AU.NGDP_SA_XDC
AUD,AU,quarterly,1963-01-01,1963-Q1,4925.0,IMF/IFS/Q.AU.NGDP_SA_XDC
AUD,AU,quarterly,1963-04-01,1963-Q2,4890.0,IMF/IFS/Q.AU.NGDP_SA_XDC
AUD,AU,quarterly,1963-07-01,1963-Q3,5150.0,IMF/IFS/Q.AU.NGDP_SA_XDC
AUD,AU,quarterly,1963-10-01,1963-Q4,5257.0,IMF/IFS/Q.AU.NGDP_SA_XDC
AUD,AU,quarterly,1964-01-01,1964-Q1,5319.0,IMF/IFS/Q.AU.NGDP_SA_XDC
AUD,AU,quarterly,1964-04-01,1964-Q2,5501.0,IMF/IFS/Q.AU.NGDP_SA_XDC
AUD,AU,quarterly,1964-07-01,1964-Q3,5586.0,IMF/IFS/Q.AU.NGDP_SA_XDC
AUD,AU,quarterly,1964-10-01,1964-Q4,5765.0,IMF/IFS/Q.AU.NGDP_SA_XDC
AUD,AU,quarterly,1965-01-01,1965-Q1,5851.0,IMF/IFS/Q.AU.NGDP_SA_XDC
AUD,AU,quarterly,1965-04-01,1965-Q2,5965.0,IMF/IFS/Q.AU.NGDP_SA_XDC
AUD,AU,quarterly,1965-07-01,1965-Q3,5986.0,IMF/IFS/Q.AU.NGDP_SA_XDC
AUD,AU,quarterly,1965-10-01,1965-Q4,6057.0,IMF/IFS/Q.AU.NGDP_SA_XDC
AUD,AU,quarterly,1966-01-01,1966-Q1,6092.0,IMF/IFS/Q.AU.NGDP_SA_XDC
AUD,AU,quarterly,1966-04-01,1966-Q2,6250.0,IMF/IFS/Q.AU.NGDP_SA_XDC
AUD,AU,quarterly,1966-07-01,1966-Q3,6537.0,IMF/IFS/Q.AU.NGDP_SA_XDC
AUD,AU,quarterly,1966-10-01,1966-Q4,6701.0,IMF/IFS/Q.AU.NGDP_SA_XDC
AUD,AU,quarterly,1967-01-01,1967-Q1,6938.0,IMF/IFS/Q.AU.NGDP_SA_XDC
AUD,AU,quarterly,1967-04-01,1967-Q2,6988.0,IMF/IFS/Q.AU.NGDP_SA_XDC
AUD,AU,quarterly,1967-07-01,1967-Q3,7094.0,IMF/IFS/Q.AU.NGDP_SA_XDC
AUD,AU,quarterly,1967-10-01,1967-Q4,7235.0,IMF/IFS/Q.AU.NGDP_SA_XDC
AUD,AU,quarterly,1968-01-01,1968-Q1,7345.0,IMF/IFS/Q.AU.NGDP_SA_XDC
AUD,AU,quarterly,1968-04-01,1968-Q2,7532.0,IMF/IFS/Q.AU.NGDP_SA_XDC
AUD,AU,quarterly,1968-07-01,1968-Q3,7756.0,IMF/IFS/Q.AU.NGDP_SA_XDC
AUD,AU,quarterly,1968-10-01,1968-Q4,8169.0,IMF/IFS/Q.AU.NGDP_SA_XDC
AUD,AU,quarterly,1969-01-01,1969-Q1,8283.0,IMF/IFS/Q.AU.NGDP_SA_XDC
AUD,AU,quarterly,1969-04-01,1969-Q2,8545.0,IMF/IFS/Q.AU.NGDP_SA_XDC
AUD,AU,quarterly,1969-07-01,1969-Q3,8858.0,IMF/IFS/Q.AU.NGDP_SA_XDC
AUD,AU,quarterly,1969-10-01,1969-Q4,9074.0,IMF/IFS/Q.AU.NGDP_SA_XDC
AUD,AU,quarterly,1970-01-01,1970-Q1,9298.0,IMF/IFS/Q.AU.NGDP_SA_XDC
AUD,AU,quarterly,1970-04-01,1970-Q2,9656.0,IMF/IFS/Q.AU.NGDP_SA_XDC
AUD,AU,quarterly,1970-07-01,1970-Q3,9719.0,IMF/IFS/Q.AU.NGDP_SA_XDC
AUD,AU,quarterly,1970-10-01,1970-Q4,9880.0,IMF/IFS/Q.AU.NGDP_SA_XDC
AUD,AU,quarterly,1971-01-01,1971-Q1,10261.0,IMF/IFS/Q.AU.NGDP_SA_XDC
AUD,AU,quarterly,1971-04-01,1971-Q2,10493.0,IMF/IFS/Q.AU.NGDP_SA_XDC
AUD,AU,quarterly,1971-07-01,1971-Q3,10902.0,IMF/IFS/Q.AU.NGDP_SA_XDC
AUD,AU,quarterly,1971-10-01,1971-Q4,10918.0,IMF/IFS/Q.AU.NGDP_SA_XDC
AUD,AU,quarterly,1972-01-01,1972-Q1,11118.0,IMF/IFS/Q.AU.NGDP_SA_XDC
AUD,AU,quarterly,1972-04-01,1972-Q2,11542.0,IMF/IFS/Q.AU.NGDP_SA_XDC
AUD,AU,quarterly,1972-07-01,1972-Q3,11702.0,IMF/IFS/Q.AU.NGDP_SA_XDC
AUD,AU,quarterly,1972-10-01,1972-Q4,12091.0,IMF/IFS/Q.AU.NGDP_SA_XDC
AUD,AU,quarterly,1973-01-01,1973-Q1,12696.0,IMF/IFS/Q.AU.NGDP_SA_XDC
AUD,AU,quarterly,1973-04-01,1973-Q2,13293.0,IMF/IFS/Q.AU.NGDP_SA_XDC
AUD,AU,quarterly,1973-07-01,1973-Q3,14037.0,IMF/IFS/Q.AU.NGDP_SA_XDC
AUD,AU,quarterly,1973-10-01,1973-Q4,14970.0,IMF/IFS/Q.AU.NGDP_SA_XDC
AUD,AU,quarterly,1974-01-01,1974-Q1,15498.0,IMF/IFS/Q.AU.NGDP_SA_XDC
AUD,AU,quarterly,1974-04-01,1974-Q2,15768.0,IMF/IFS/Q.AU.NGDP_SA_XDC
AUD,AU,quarterly,1974-07-01,1974-Q3,16753.0,IMF/IFS/Q.AU.NGDP_SA_XDC
AUD,AU,quarterly,1974-10-01,1974-Q4,17647.0,IMF/IFS/Q.AU.NGDP_SA_XDC
AUD,AU,quarterly,1975-01-01,1975-Q1,17999.0,IMF/IFS/Q.AU.NGDP_SA_XDC
AUD,AU,quarterly,1975-04-01,1975-Q2,18830.0,IMF/IFS/Q.AU.NGDP_SA_XDC
AUD,AU,quarterly,1975-07-01,1975-Q3,19402.0,IMF/IFS/Q.AU.NGDP_SA_XDC
AUD,AU,quarterly,1975-10-01,1975-Q4,20338.0,IMF/IFS/Q.AU.NGDP_SA_XDC
AUD,AU,quarterly,1976-01-01,1976-Q1,21303.0,IMF/IFS/Q.AU.NGDP_SA_XDC
AUD,AU,quarterly,1976-04-01,1976-Q2,22240.0,IMF/IFS/Q.AU.NGDP_SA_XDC
AUD,AU,quarterly,1976-07-01,1976-Q3,23016.0,IMF/IFS/Q.AU.NGDP_SA_XDC
AUD,AU,quarterly,1976-10-01,1976-Q4,23750.0,IMF/IFS/Q.AU.NGDP_SA_XDC
AUD,AU,quarterly,1977-01-01,1977-Q1,24279.0,IMF/IFS/Q.AU.NGDP_SA_XDC
AUD,AU,quarterly,1977-04-01,1977-Q2,25103.0,IMF/IFS/Q.AU.NGDP_SA_XDC
AUD,AU,quarterly,1977-07-01,1977-Q3,25442.0,IMF/IFS/Q.AU.NGDP_SA_XDC
AUD,AU,quarterly,1977-10-01,1977-Q4,25730.0,IMF/IFS/Q.AU.NGDP_SA_XDC
AUD,AU,quarterly,1978-01-01,1978-Q1,26577.0,IMF/IFS/Q.AU.NGDP_SA_XDC
AUD,AU,quarterly,1978-04-01,1978-Q2,27372.0,IMF/IFS/Q.AU.NGDP_SA_XDC
AUD,AU,quarterly,1978-07-01,1978-Q3,28290.0,IMF/IFS/Q.AU.NGDP_SA_XDC
AUD,AU,quarterly,1978-10-01,1978-Q4,29035.0,IMF/IFS/Q.AU.NGDP_SA_XDC
AUD,AU,quarterly,1979-01-01,1979-Q1,30491.0,IMF/IFS/Q.AU.NGDP_SA_XDC
AUD,AU,quarterly,1979-04-01,1979-Q2,30960.0,IMF/IFS/Q.AU.NGDP_SA_XDC
AUD,AU,quarterly,1979-07-01,1979-Q3,32032.0,IMF/IFS/Q.AU.NGDP_SA_XDC
AUD,AU,quarterly,1979-10-01,1979-Q4,33310.0,IMF/IFS/Q.AU.NGDP_SA_XDC
AUD,AU,quarterly,1980-01-01,1980-Q1,34220.0,IMF/IFS/Q.AU.NGDP_SA_XDC
AUD,AU,quarterly,1980-04-01,1980-Q2,34990.0,IMF/IFS/Q.AU.NGDP_SA_XDC
AUD,AU,quarterly,1980-07-01,1980-Q3,36148.0,IMF/IFS/Q.AU.NGDP_SA_XDC
AUD,AU,quarterly,1980-10-01,1980-Q4,37805.0,IMF/IFS/Q.AU.NGDP_SA_XDC
AUD,AU,quarterly,1981-01-01,1981-Q1,38555.0,IMF/IFS/Q.AU.NGDP_SA_XDC
AUD,AU,quarterly,1981-04-01,1981-Q2,39988.0,IMF/IFS/Q.AU.NGDP_SA_XDC
AUD,AU,quarterly,1981-07-01,1981-Q3,42160.0,IMF/IFS/Q.AU.NGDP_SA_XDC
AUD,AU,quarterly,1981-10-01,1981-Q4,43357.0,IMF/IFS/Q.AU.NGDP_SA_XDC
AUD,AU,quarterly,1982-01-01,1982-Q1,44286.0,IMF/IFS/Q.AU.NGDP_SA_XDC
AUD,AU,quarterly,1982-04-01,1982-Q2,45974.0,IMF/IFS/Q.AU.NGDP_SA_XDC
AUD,AU,quarterly,1982-07-01,1982-Q3,46558.0,IMF/IFS/Q.AU.NGDP_SA_XDC
AUD,AU,quarterly,1982-10-01,1982-Q4,47284.0,IMF/IFS/Q.AU.NGDP_SA_XDC
AUD,AU,quarterly,1983-01-01,1983-Q1,47696.0,IMF/IFS/Q.AU.NGDP_SA_XDC
AUD,AU,quarterly,1983-04-01,1983-Q2,48207.0,IMF/IFS/Q.AU.NGDP_SA_XDC
AUD,AU,quarterly,1983-07-01,1983-Q3,50999.0,IMF/IFS/Q.AU.NGDP_SA_XDC
AUD,AU,quarterly,1983-10-01,1983-Q4,52410.0,IMF/IFS/Q.AU.NGDP_SA_XDC
AUD,AU,quarterly,1984-01-01,1984-Q1,54572.0,IMF/IFS/Q.AU.NGDP_SA_XDC
AUD,AU,quarterly,1984-04-01,1984-Q2,55819.0,IMF/IFS/Q.AU.NGDP_SA_XDC
AUD,AU,quarterly,1984-07-01,1984-Q3,56487.0,IMF/IFS/Q.AU.NGDP_SA_XDC
AUD,AU,quarterly,1984-10-01,1984-Q4,57421.0,IMF/IFS/Q.AU.NGDP_SA_XDC
AUD,AU,quarterly,1985-01-01,1985-Q1,59623.0,IMF/IFS/Q.AU.NGDP_SA_XDC
AUD,AU,quarterly,1985-04-01,1985-Q2,61954.0,IMF/IFS/Q.AU.NGDP_SA_XDC
AUD,AU,quarterly,1985-07-01,1985-Q3,63394.0,IMF/IFS/Q.AU.NGDP_SA_XDC
AUD,AU,quarterly,1985-10-01,1985-Q4,64626.0,IMF/IFS/Q.AU.NGDP_SA_XDC
AUD,AU,quarterly,1986-01-01,1986-Q1,65847.0,IMF/IFS/Q.AU.NGDP_SA_XDC
AUD,AU,quarterly,1986-04-01,1986-Q2,67029.0,IMF/IFS/Q.AU.NGDP_SA_XDC
AUD,AU,quarterly,1986-07-01,1986-Q3,68264.0,IMF/IFS/Q.AU.NGDP_SA_XDC
AUD,AU,quarterly,1986-10-01,1986-Q4,70549.0,IMF/IFS/Q.AU.NGDP_SA_XDC
AUD,AU,quarterly,1987-01-01,1987-Q1,72336.0,IMF/IFS/Q.AU.NGDP_SA_XDC
AUD,AU,quarterly,1987-04-01,1987-Q2,75066.0,IMF/IFS/Q.AU.NGDP_SA_XDC
AUD,AU,quarterly,1987-07-01,1987-Q3,77467.0,IMF/IFS/Q.AU.NGDP_SA_XDC
AUD,AU,quarterly,1987-10-01,1987-Q4,79790.0,IMF/IFS/Q.AU.NGDP_SA_XDC
AUD,AU,quarterly,1988-01-01,1988-Q1,82675.0,IMF/IFS/Q.AU.NGDP_SA_XDC
AUD,AU,quarterly,1988-04-01,1988-Q2,84725.0,IMF/IFS/Q.AU.NGDP_SA_XDC
AUD,AU,quarterly,1988-07-01,1988-Q3,87739.0,IMF/IFS/Q.AU.NGDP_SA_XDC
AUD,AU,quarterly,1988-10-01,1988-Q4,90598.0,IMF/IFS/Q.AU.NGDP_SA_XDC
AUD,AU,quarterly,1989-01-01,1989-Q1,93227.0,IMF/IFS/Q.AU.NGDP_SA_XDC
AUD,AU,quarterly,1989-04-01,1989-Q2,96843.0,IMF/IFS/Q.AU.NGDP_SA_XDC
AUD,AU,quarterly,1989-07-01,1989-Q3,98717.0,IMF/IFS/Q.AU.NGDP_SA_XDC
AUD,AU,quarterly,1989-10-01,1989-Q4,100454.0,IMF/IFS/Q.AU.NGDP_SA_XDC
AUD,AU,quarterly,1990-01-01,1990-Q1,102270.0,IMF/IFS/Q.AU.NGDP_SA_XDC
AUD,AU,quarterly,1990-04-01,1990-Q2,104207.0,IMF/IFS/Q.AU.NGDP_SA_XDC
AUD,AU,quarterly,1990-07-01,1990-Q3,103611.0,IMF/IFS/Q.AU.NGDP_SA_XDC
AUD,AU,quarterly,1990-10-01,1990-Q4,104850.0,IMF/IFS/Q.AU.NGDP_SA_XDC
AUD,AU,quarterly,1991-01-01,1991-Q1,103441.0,IMF/IFS/Q.AU.NGDP_SA_XDC
AUD,AU,quarterly,1991-04-01,1991-Q2,103499.0,IMF/IFS/Q.AU.NGDP_SA_XDC
AUD,AU,quarterly,1991-07-01,1991-Q3,104266.0,IMF/IFS/Q.AU.NGDP_SA_XDC
AUD,AU,quarterly,1991-10-01,1991-Q4,105234.0,IMF/IFS/Q.AU.NGDP_SA_XDC
AUD,AU,quarterly,1992-01-01,1992-Q1,106759.0,IMF/IFS/Q.AU.NGDP_SA_XDC
AUD,AU,quarterly,1992-04-01,1992-Q2,107165.0,IMF/IFS/Q.AU.NGDP_SA_XDC
AUD,AU,quarterly,1992-07-01,1992-Q3,108192.0,IMF/IFS/Q.AU.NGDP_SA_XDC
AUD,AU,quarterly,1992-10-01,1992-Q4,110383.0,IMF/IFS/Q.AU.NGDP_SA_XDC
AUD,AU,quarterly,1993-01-01,1993-Q1,112266.0,IMF/IFS/Q.AU.NGDP_SA_XDC
AUD,AU,quarterly,1993-04-01,1993-Q2,113413.0,IMF/IFS/Q.AU.NGDP_SA_XDC
AUD,AU,quarterly,1993-07-01,1993-Q3,113255.0,IMF/IFS/Q.AU.NGDP_SA_XDC
AUD,AU,quarterly,1993-10-01,1993-Q4,115645.0,IMF/IFS/Q.AU.NGDP_SA_XDC
AUD,AU,quarterly,1994-01-01,1994-Q1,118001.0,IMF/IFS/Q.AU.NGDP_SA_XDC
AUD,AU,quarterly,1994-04-01,1994-Q2,119521.0,IMF/IFS/Q.AU.NGDP_SA_XDC
AUD,AU,quarterly,1994-07-01,1994-Q3,123044.0,IMF/IFS/Q.AU.NGDP_SA_XDC
AUD,AU,quarterly,1994-10-01,1994-Q4,122406.0,IMF/IFS/Q.AU.NGDP_SA_XDC
AUD,AU,quarterly,1995-01-01,1995-Q1,124575.0,IMF/IFS/Q.AU.NGDP_SA_XDC
AUD,AU,quarterly,1995-04-01,1995-Q2,126278.0,IMF/IFS/Q.AU.NGDP_SA_XDC
AUD,AU,quarterly,1995-07-01,1995-Q3,128990.0,IMF/IFS/Q.AU.NGDP_SA_XDC
AUD,AU,quarterly,1995-10-01,1995-Q4,131592.0,IMF/IFS/Q.AU.NGDP_SA_XDC
AUD,AU,quarterly,1996-01-01,1996-Q1,133194.0,IMF/IFS/Q.AU.NGDP_SA_XDC
AUD,AU,quarterly,1996-04-01,1996-Q2,135308.0,IMF/IFS/Q.AU.NGDP_SA_XDC
AUD,AU,quarterly,1996-07-01,1996-Q3,135966.0,IMF/IFS/Q.AU.NGDP_SA_XDC
AUD,AU,quarterly,1996-10-01,1996-Q4,137931.0,IMF/IFS/Q.AU.NGDP_SA_XDC
AUD,AU,quarterly,1997-01-01,1997-Q1,139213.0,IMF/IFS/Q.AU.NGDP_SA_XDC
AUD,AU,quarterly,1997-04-01,1997-Q2,142744.0,IMF/IFS/Q.AU.NGDP_SA_XDC
AUD,AU,quarterly,1997-07-01,1997-Q3,143640.0,IMF/IFS/Q.AU.NGDP_SA_XDC
AUD,AU,quarterly,1997-10-01,1997-Q4,147478.0,IMF/IFS/Q.AU.NGDP_SA_XDC
AUD,AU,quarterly,1998-01-01,1998-Q1,148576.0,IMF/IFS/Q.AU.NGDP_SA_XDC
AUD,AU,quarterly,1998-04-01,1998-Q2,149789.0,IMF/IFS/Q.AU.NGDP_SA_XDC
AUD,AU,quarterly,1998-07-01,1998-Q3,152428.0,IMF/IFS/Q.AU.NGDP_SA_XDC
AUD,AU,quarterly,1998-10-01,1998-Q4,155341.0,IMF/IFS/Q.AU.NGDP_SA_XDC
AUD,AU,quarterly,1999-01-01,1999-Q1,156801.0,IMF/IFS/Q.AU.NGDP_SA_XDC
AUD,AU,quarterly,1999-04-01,1999-Q2,157667.0,IMF/IFS/Q.AU.NGDP_SA_XDC
AUD,AU,quarterly,1999-07-01,1999-Q3,160524.0,IMF/IFS/Q.AU.NGDP_SA_XDC
AUD,AU,quarterly,1999-10-01,1999-Q4,163392.0,IMF/IFS/Q.AU.NGDP_SA_XDC
AUD,AU,quarterly,2000-01-01,2000-Q1,168316.0,IMF/IFS/Q.AU.NGDP_SA_XDC
AUD,AU,quarterly,2000-04-01,2000-Q2,170526.0,IMF/IFS/Q.AU.NGDP_SA_XDC
AUD,AU,quarterly,2000-07-01,2000-Q3,174723.0,IMF/IFS/Q.AU.NGDP_SA_XDC
AUD,AU,quarterly,2000-10-01,2000-Q4,173864.0,IMF/IFS/Q.AU.NGDP_SA_XDC
AUD,AU,quarterly,2001-01-01,2001-Q1,178737.0,IMF/IFS/Q.AU.NGDP_SA_XDC
AUD,AU,quarterly,2001-04-01,2001-Q2,180578.0,IMF/IFS/Q.AU.NGDP_SA_XDC
AUD,AU,quarterly,2001-07-01,2001-Q3,184344.0,IMF/IFS/Q.AU.NGDP_SA_XDC
AUD,AU,quarterly,2001-10-01,2001-Q4,186830.0,IMF/IFS/Q.AU.NGDP_SA_XDC
AUD,AU,quarterly,2002-01-01,2002-Q1,190977.0,IMF/IFS/Q.AU.NGDP_SA_XDC
AUD,AU,quarterly,2002-04-01,2002-Q2,194274.0,IMF/IFS/Q.AU.NGDP_SA_XDC
AUD,AU,quarterly,2002-07-01,2002-Q3,196939.0,IMF/IFS/Q.AU.NGDP_SA_XDC
AUD,AU,quarterly,2002-10-01,2002-Q4,200182.0,IMF/IFS/Q.AU.NGDP_SA_XDC
AUD,AU,quarterly,2003-01-01,2003-Q1,202397.0,IMF/IFS/Q.AU.NGDP_SA_XDC
AUD,AU,quarterly,2003-04-01,2003-Q2,204367.0,IMF/IFS/Q.AU.NGDP_SA_XDC
AUD,AU,quarterly,2003-07-01,2003-Q3,209088.0,IMF/IFS/Q.AU.NGDP_SA_XDC
AUD,AU,quarterly,2003-10-01,2003-Q4,214334.0,IMF/IFS/Q.AU.NGDP_SA_XDC
AUD,AU,quarterly,2004-01-01,2004-Q1,218487.0,IMF/IFS/Q.AU.NGDP_SA_XDC
AUD,AU,quarterly,2004-04-01,2004-Q2,221903.0,IMF/IFS/Q.AU.NGDP_SA_XDC
AUD,AU,quarterly,2004-07-01,2004-Q3,225004.0,IMF/IFS/Q.AU.NGDP_SA_XDC
AUD,AU,quarterly,2004-10-01,2004-Q4,228931.0,IMF/IFS/Q.AU.NGDP_SA_XDC
AUD,AU,quarterly,2005-01-01,2005-Q1,233246.0,IMF/IFS/Q.AU.NGDP_SA_XDC
AUD,AU,quarterly,2005-04-01,2005-Q2,238178.0,IMF/IFS/Q.AU.NGDP_SA_XDC
AUD,AU,quarterly,2005-07-01,2005-Q3,243697.0,IMF/IFS/Q.AU.NGDP_SA_XDC
AUD,AU,quarterly,2005-10-01,2005-Q4,249088.0,IMF/IFS/Q.AU.NGDP_SA_XDC
AUD,AU,quarterly,2006-01-01,2006-Q1,252022.0,IMF/IFS/Q.AU.NGDP_SA_XDC
AUD,AU,quarterly,2006-04-01,2006-Q2,255328.0,IMF/IFS/Q.AU.NGDP_SA_XDC
AUD,AU,quarterly,2006-07-01,2006-Q3,262803.0,IMF/IFS/Q.AU.NGDP_SA_XDC
AUD,AU,quarterly,2006-10-01,2006-Q4,269797.0,IMF/IFS/Q.AU.NGDP_SA_XDC
AUD,AU,quarterly,2007-01-01,2007-Q1,276632.0,IMF/IFS/Q.AU.NGDP_SA_XDC
AUD,AU,quarterly,2007-04-01,2007-Q2,280712.0,IMF/IFS/Q.AU.NGDP_SA_XDC
AUD,AU,quarterly,2007-07-01,2007-Q3,285153.0,IMF/IFS/Q.AU.NGDP_SA_XDC
AUD,AU,quarterly,2007-10-01,2007-Q4,290509.0,IMF/IFS/Q.AU.NGDP_SA_XDC
AUD,AU,quarterly,2008-01-01,2008-Q1,298149.0,IMF/IFS/Q.AU.NGDP_SA_XDC
AUD,AU,quarterly,2008-04-01,2008-Q2,305836.0,IMF/IFS/Q.AU.NGDP_SA_XDC
AUD,AU,quarterly,2008-07-01,2008-Q3,315463.0,IMF/IFS/Q.AU.NGDP_SA_XDC
AUD,AU,quarterly,2008-10-01,2008-Q4,315913.0,IMF/IFS/Q.AU.NGDP_SA_XDC
AUD,AU,quarterly,2009-01-01,2009-Q1,317331.0,IMF/IFS/Q.AU.NGDP_SA_XDC
AUD,AU,quarterly,2009-04-01,2009-Q2,312767.0,IMF/IFS/Q.AU.NGDP_SA_XDC
AUD,AU,quarterly,2009-07-01,2009-Q3,313783.0,IMF/IFS/Q.AU.NGDP_SA_XDC
AUD,AU,quarterly,2009-10-01,2009-Q4,320904.0,IMF/IFS/Q.AU.NGDP_SA_XDC
AUD,AU,quarterly,2010-01-01,2010-Q1,328418.0,IMF/IFS/Q.AU.NGDP_SA_XDC
AUD,AU,quarterly,2010-04-01,2010-Q2,340020.0,IMF/IFS/Q.AU.NGDP_SA_XDC
AUD,AU,quarterly,2010-07-01,2010-Q3,344957.0,IMF/IFS/Q.AU.NGDP_SA_XDC
AUD,AU,quarterly,2010-10-01,2010-Q4,351072.0,IMF/IFS/Q.AU.NGDP_SA_XDC
AUD,AU,quarterly,2011-01-01,2011-Q1,356842.0,IMF/IFS/Q.AU.NGDP_SA_XDC
AUD,AU,quarterly,2011-04-01,2011-Q2,365838.0,IMF/IFS/Q.AU.NGDP_SA_XDC
AUD,AU,quarterly,2011-07-01,2011-Q3,372327.0,IMF/IFS/Q.AU.NGDP_SA_XDC
AUD,AU,quarterly,2011-10-01,2011-Q4,373207.0,IMF/IFS/Q.AU.NGDP_SA_XDC
AUD,AU,quarterly,2012-01-01,2012-Q1,374227.0,IMF/IFS/Q.AU.NGDP_SA_XDC
AUD,AU,quarterly,2012-04-01,2012-Q2,379478.0,IMF/IFS/Q.AU.NGDP_SA_XDC
AUD,AU,quarterly,2012-07-01,2012-Q3,380340.0,IMF/IFS/Q.AU.NGDP_SA_XDC
AUD,AU,quarterly,2012-10-01,2012-Q4,381834.0,IMF/IFS/Q.AU.NGDP_SA_XDC
AUD,AU,quarterly,2013-01-01,2013-Q1,385589.0,IMF/IFS/Q.AU.NGDP_SA_XDC
AUD,AU,quarterly,2013-04-01,2013-Q2,389853.0,IMF/IFS/Q.AU.NGDP_SA_XDC
AUD,AU,quarterly,2013-07-01,2013-Q3,393956.0,IMF/IFS/Q.AU.NGDP_SA_XDC
AUD,AU,quarterly,2013-10-01,2013-Q4,400060.0,IMF/IFS/Q.AU.NGDP_SA_XDC
AUD,AU,quarterly,2014-01-01,2014-Q1,403254.0,IMF/IFS/Q.AU.NGDP_SA_XDC
AUD,AU,quarterly,2014-04-01,2014-Q2,402751.0,IMF/IFS/Q.AU.NGDP_SA_XDC
AUD,AU,quarterly,2014-07-01,2014-Q3,402725.0,IMF/IFS/Q.AU.NGDP_SA_XDC
AUD,AU,quarterly,2014-10-01,2014-Q4,405269.0,IMF/IFS/Q.AU.NGDP_SA_XDC
AUD,AU,quarterly,2015-01-01,2015-Q1,408232.0,IMF/IFS/Q.AU.NGDP_SA_XDC
AUD,AU,quarterly,2015-04-01,2015-Q2,407281.0,IMF/IFS/Q.AU.NGDP_SA_XDC
AUD,AU,quarterly,2015-07-01,2015-Q3,411885.0,IMF/IFS/Q.AU.NGDP_SA_XDC
AUD,AU,quarterly,2015-10-01,2015-Q4,412118.0,IMF/IFS/Q.AU.NGDP_SA_XDC
AUD,AU,quarterly,2016-01-01,2016-Q1,414494.0,IMF/IFS/Q.AU.NGDP_SA_XDC
AUD,AU,quarterly,2016-04-01,2016-Q2,419266.0,IMF/IFS/Q.AU.NGDP_SA_XDC
AUD,AU,quarterly,2016-07-01,2016-Q3,424715.0,IMF/IFS/Q.AU.NGDP_SA_XDC
AUD,AU,quarterly,2016-10-01,2016-Q4,438897.0,IMF/IFS/Q.AU.NGDP_SA_XDC
AUD,AU,quarterly,2017-01-01,2017-Q1,446713.0,IMF/IFS/Q.AU.NGDP_SA_XDC
AUD,AU,quarterly,2017-04-01,2017-Q2,446706.0,IMF/IFS/Q.AU.NGDP_SA_XDC
AUD,AU,quarterly,2017-07-01,2017-Q3,452601.0,IMF/IFS/Q.AU.NGDP_SA_XDC
AUD,AU,quarterly,2017-10-01,2017-Q4,455183.0,IMF/IFS/Q.AU.NGDP_SA_XDC
AUD,AU,quarterly,2018-01-01,2018-Q1,463997.0,IMF/IFS/Q.AU.NGDP_SA_XDC
AUD,AU,quarterly,2018-04-01,2018-Q2,470250.0,IMF/IFS/Q.AU.NGDP_SA_XDC
AUD,AU,quarterly,2018-07-01,2018-Q3,477632.0,IMF/IFS/Q.AU.NGDP_SA_XDC
AUD,AU,quarterly,2018-10-01,2018-Q4,482380.0,IMF/IFS/Q.AU.NGDP_SA_XDC
AUD,AU,quarterly,2019-01-01,2019-Q1,489544.0,IMF/IFS/Q.AU.NGDP_SA_XDC
AUD,AU,quarterly,2019-04-01,2019-Q2,497139.0,IMF/IFS/Q.AU.NGDP_SA_XDC
AUD,AU,quarterly,2019-07-01,2019-Q3,503900.0,IMF/IFS/Q.AU.NGDP_SA_XDC
AUD,AU,quarterly,2019-10-01,2019-Q4,502848.0,IMF/IFS/Q.AU.NGDP_SA_XDC
AUD,AU,quarterly,2020-01-01,2020-Q1,504765.0,IMF/IFS/Q.AU.NGDP_SA_XDC
AUD,AU,quarterly,2020-04-01,2020-Q2,468676.0,IMF/IFS/Q.AU.NGDP_SA_XDC
AUD,AU,quarterly,2020-07-01,2020-Q3,488769.0,IMF/IFS/Q.AU.NGDP_SA_XDC
AUD,AU,quarterly,2020-10-01,2020-Q4,511430.0,IMF/IFS/Q.AU.NGDP_SA_XDC
AUD,AU,quarterly,2021-01-01,2021-Q1,532781.0,IMF/IFS/Q.AU.NGDP_SA_XDC
AUD,AU,quarterly,2021-04-01,2021-Q2,551947.0,IMF/IFS/Q.AU.NGDP_SA_XDC
AUD,AU,quarterly,2021-07-01,2021-Q3,549902.0,IMF/IFS/Q.AU.NGDP_SA_XDC
AUD,AU,quarterly,2021-10-01,2021-Q4,567956.0,IMF/IFS/Q.AU.NGDP_SA_XDC
AUD,AU,quarterly,2022-01-01,2022-Q1,593084.0,IMF/IFS/Q.AU.NGDP_SA_XDC
AUD,AU,quarterly,2022-04-01,2022-Q2,621645.0,IMF/IFS/Q.AU.NGDP_SA_XDC
AUD,AU,quarterly,2022-07-01,2022-Q3,630020.0,IMF/IFS/Q.AU.NGDP_SA_XDC
AUD,AU,quarterly,2022-10-01,2022-Q4,638306.0,IMF/IFS/Q.AU.NGDP_SA_XDC
AUD,AU,quarterly,2023-01-01,2023-Q1,650175.0,IMF/IFS/Q.AU.NGDP_SA_XDC
AUD,AU,quarterly,2023-04-01,2023-Q2,647971.0,IMF/IFS/Q.AU.NGDP_SA_XDC
AUD,AU,quarterly,2023-07-01,2023-Q3,656822.0,IMF/IFS/Q.AU.NGDP_SA_XDC
AUD,AU,quarterly,2023-10-01,2023-Q4,665765.0,IMF/IFS/Q.AU.NGDP_SA_XDC
AUD,AU,quarterly,2024-01-01,2024-Q1,674490.0,IMF/IFS/Q.AU.NGDP_SA_XDC
AUD,AU,quarterly,2024-04-01,2024-Q2,676483.0,IMF/IFS/Q.AU.NGDP_SA_XDC
AUD,AU,quarterly,2024-07-01,2024-Q3,679674.0,IMF/IFS/Q.AU.NGDP_SA_XDC
AUD,AU,quarterly,2024-10-01,2024-Q4,690122.0,IMF/IFS/Q.AU.NGDP_SA_XDC
AUD,AU,quarterly,2025-01-01,2025-Q1,699617.0,IMF/IFS/Q.AU.NGDP_SA_XDC
CHF,CH,quarterly,1995-01-01,1995-Q1,103449.181158,IMF/IFS/Q.CH.NGDP_SA_XDC
CHF,CH,quarterly,1995-04-01,1995-Q2,104055.021139,IMF/IFS/Q.CH.NGDP_SA_XDC
CHF,CH,quarterly,1995-07-01,1995-Q3,105006.842229,IMF/IFS/Q.CH.NGDP_SA_XDC
CHF,CH,quarterly,1995-10-01,1995-Q4,104961.138112,IMF/IFS/Q.CH.NGDP_SA_XDC
CHF,CH,quarterly,1996-01-01,1996-Q1,105127.045881,IMF/IFS/Q.CH.NGDP_SA_XDC
CHF,CH,quarterly,1996-04-01,1996-Q2,105570.401941,IMF/IFS/Q.CH.NGDP_SA_XDC
CHF,CH,quarterly,1996-07-01,1996-Q3,104735.828749,IMF/IFS/Q.CH.NGDP_SA_XDC
CHF,CH,quarterly,1996-10-01,1996-Q4,105132.238711,IMF/IFS/Q.CH.NGDP_SA_XDC
CHF,CH,quarterly,1997-01-01,1997-Q1,106183.185609,IMF/IFS/Q.CH.NGDP_SA_XDC
CHF,CH,quarterly,1997-04-01,1997-Q2,106242.419635,IMF/IFS/Q.CH.NGDP_SA_XDC
CHF,CH,quarterly,1997-07-01,1997-Q3,107435.912537,IMF/IFS/Q.CH.NGDP_SA_XDC
CHF,CH,quarterly,1997-10-01,1997-Q4,108051.094952,IMF/IFS/Q.CH.NGDP_SA_XDC
CHF,CH,quarterly,1998-01-01,1998-Q1,109223.409209,IMF/IFS/Q.CH.NGDP_SA_XDC
CHF,CH,quarterly,1998-04-01,1998-Q2,110487.637286,IMF/IFS/Q.CH.NGDP_SA_XDC
CHF,CH,quarterly,1998-07-01,1998-Q3,110297.567534,IMF/IFS/Q.CH.NGDP_SA_XDC
CHF,CH,quarterly,1998-10-01,1998-Q4,109657.434884,IMF/IFS/Q.CH.NGDP_SA_XDC
CHF,CH,quarterly,1999-01-01,1999-Q1,109922.49367,IMF/IFS/Q.CH.NGDP_SA_XDC
CHF,CH,quarterly,1999-04-01,1999-Q2,110514.912558,IMF/IFS/Q.CH.NGDP_SA_XDC
CHF,CH,quarterly,1999-07-01,1999-Q3,111910.664092,IMF/IFS/Q.CH.NGDP_SA_XDC
CHF,CH,quarterly,1999-10-01,1999-Q4,114681.632357,IMF/IFS/Q.CH.NGDP_SA_XDC
CHF,CH,quarterly,2000-01-01,2000-Q1,115876.445153,IMF/IFS/Q.CH.NGDP_SA_XDC
CHF,CH,quarterly,2000-04-01,2000-Q2,116789.69056,IMF/IFS/Q.CH.NGDP_SA_XDC
CHF,CH,quarterly,2000-07-01,2000-Q3,118600.914109,IMF/IFS/Q.CH.NGDP_SA_XDC
CHF,CH,quarterly,2000-10-01,2000-Q4,120387.500898,IMF/IFS/Q.CH.NGDP_SA_XDC
CHF,CH,quarterly,2001-01-01,2001-Q1,120739.869889,IMF/IFS/Q.CH.NGDP_SA_XDC
CHF,CH,quarterly,2001-04-01,2001-Q2,121115.128309,IMF/IFS/Q.CH.NGDP_SA_XDC
CHF,CH,quarterly,2001-07-01,2001-Q3,121342.845065,IMF/IFS/Q.CH.NGDP_SA_XDC
CHF,CH,quarterly,2001-10-01,2001-Q4,120732.093734,IMF/IFS/Q.CH.NGDP_SA_XDC
CHF,CH,quarterly,2002-01-01,2002-Q1,120559.661336,IMF/IFS/Q.CH.NGDP_SA_XDC
CHF,CH,quarterly,2002-04-01,2002-Q2,120453.292062,IMF/IFS/Q.CH.NGDP_SA_XDC
CHF,CH,quarterly,2002-07-01,2002-Q3,120792.609253,IMF/IFS/Q.CH.NGDP_SA_XDC
CHF,CH,quarterly,2002-10-01,2002-Q4,120721.139303,IMF/IFS/Q.CH.NGDP_SA_XDC
CHF,CH,quarterly,2003-01-01,2003-Q1,120686.323832,IMF/IFS/Q.CH.NGDP_SA_XDC
CHF,CH,quarterly,2003-04-01,2003-Q2,121042.779688,IMF/IFS/Q.CH.NGDP_SA_XDC
CHF,CH,quarterly,2003-07-01,2003-Q3,122181.315005,IMF/IFS/Q.CH.NGDP_SA_XDC
CHF,CH,quarterly,2003-10-01,2003-Q4,123786.642873,IMF/IFS/Q.CH.NGDP_SA_XDC
CHF,CH,quarterly,2004-01-01,2004-Q1,124316.619762,IMF/IFS/Q.CH.NGDP_SA_XDC
CHF,CH,quarterly,2004-04-01,2004-Q2,125726.909949,IMF/IFS/Q.CH.NGDP_SA_XDC
CHF,CH,quarterly,2004-07-01,2004-Q3,125162.191172,IMF/IFS/Q.CH.NGDP_SA_XDC
CHF,CH,quarterly,2004-10-01,2004-Q4,126507.473697,IMF/IFS/Q.CH.NGDP_SA_XDC
CHF,CH,quarterly,2005-01-01,2005-Q1,127569.144371,IMF/IFS/Q.CH.NGDP_SA_XDC
CHF,CH,quarterly,2005-04-01,2005-Q2,129061.244827,IMF/IFS/Q.CH.NGDP_SA_XDC
CHF,CH,quarterly,2005-07-01,2005-Q3,131058.466857,IMF/IFS/Q.CH.NGDP_SA_XDC
CHF,CH,quarterly,2005-10-01,2005-Q4,133125.704974,IMF/IFS/Q.CH.NGDP_SA_XDC
CHF,CH,quarterly,2006-01-01,2006-Q1,135607.907329,IMF/IFS/Q.CH.NGDP_SA_XDC
CHF,CH,quarterly,2006-04-01,2006-Q2,137470.033058,IMF/IFS/Q.CH.NGDP_SA_XDC
CHF,CH,quarterly,2006-07-01,2006-Q3,139258.492795,IMF/IFS/Q.CH.NGDP_SA_XDC
CHF,CH,quarterly,2006-10-01,2006-Q4,141677.936862,IMF/IFS/Q.CH.NGDP_SA_XDC
CHF,CH,quarterly,2007-01-01,2007-Q1,143868.908327,IMF/IFS/Q.CH.NGDP_SA_XDC
CHF,CH,quarterly,2007-04-01,2007-Q2,146859.468009,IMF/IFS/Q.CH.NGDP_SA_XDC
CHF,CH,quarterly,2007-07-01,2007-Q3,148571.914847,IMF/IFS/Q.CH.NGDP_SA_XDC
CHF,CH,quarterly,2007-10-01,2007-Q4,150118.917385,IMF/IFS/Q.CH.NGDP_SA_XDC
CHF,CH,quarterly,2008-01-01,2008-Q1,152429.333713,IMF/IFS/Q.CH.NGDP_SA_XDC
CHF,CH,quarterly,2008-04-01,2008-Q2,154202.33246,IMF/IFS/Q.CH.NGDP_SA_XDC
CHF,CH,quarterly,2008-07-01,2008-Q3,155366.909214,IMF/IFS/Q.CH.NGDP_SA_XDC
CHF,CH,quarterly,2008-10-01,2008-Q4,152075.567703,IMF/IFS/Q.CH.NGDP_SA_XDC
CHF,CH,quarterly,2009-01-01,2009-Q1,149318.583298,IMF/IFS/Q.CH.NGDP_SA_XDC
CHF,CH,quarterly,2009-04-01,2009-Q2,149476.014911,IMF/IFS/Q.CH.NGDP_SA_XDC
CHF,CH,quarterly,2009-07-01,2009-Q3,151427.196471,IMF/IFS/Q.CH.NGDP_SA_XDC
CHF,CH,quarterly,2009-10-01,2009-Q4,152501.49037,IMF/IFS/Q.CH.NGDP_SA_XDC
CHF,CH,quarterly,2010-01-01,2010-Q1,154262.471134,IMF/IFS/Q.CH.NGDP_SA_XDC
CHF,CH,quarterly,2010-04-01,2010-Q2,155672.666627,IMF/IFS/Q.CH.NGDP_SA_XDC
CHF,CH,quarterly,2010-07-01,2010-Q3,156313.825165,IMF/IFS/Q.CH.NGDP_SA_XDC
CHF,CH,quarterly,2010-10-01,2010-Q4,157779.987012,IMF/IFS/Q.CH.NGDP_SA_XDC
CHF,CH,quarterly,2011-01-01,2011-Q1,158476.012988,IMF/IFS/Q.CH.NGDP_SA_XDC
CHF,CH,quarterly,2011-04-01,2011-Q2,159436.107762,IMF/IFS/Q.CH.NGDP_SA_XDC
CHF,CH,quarterly,2011-07-01,2011-Q3,158834.470119,IMF/IFS/Q.CH.NGDP_SA_XDC
CHF,CH,quarterly,2011-10-01,2011-Q4,158971.674898,IMF/IFS/Q.CH.NGDP_SA_XDC
CHF,CH,quarterly,2012-01-01,2012-Q1,160097.239541,IMF/IFS/Q.CH.NGDP_SA_XDC
CHF,CH,quarterly,2012-04-01,2012-Q2,160562.157735,IMF/IFS/Q.CH.NGDP_SA_XDC
CHF,CH,quarterly,2012-07-01,2012-Q3,161295.990336,IMF/IFS/Q.CH.NGDP_SA_XDC
CHF,CH,quarterly,2012-10-01,2012-Q4,161784.263835,IMF/IFS/Q.CH.NGDP_SA_XDC
CHF,CH,quarterly,2013-01-01,2013-Q1,162261.321596,IMF/IFS/Q.CH.NGDP_SA_XDC
CHF,CH,quarterly,2013-04-01,2013-Q2,163599.408099,IMF/IFS/Q.CH.NGDP_SA_XDC
CHF,CH,quarterly,2013-07-01,2013-Q3,164395.857557,IMF/IFS/Q.CH.NGDP_SA_XDC
CHF,CH,quarterly,2013-10-01,2013-Q4,164847.442115,IMF/IFS/Q.CH.NGDP_SA_XDC
CHF,CH,quarterly,2014-01-01,2014-Q1,165344.341829,IMF/IFS/Q.CH.NGDP_SA_XDC
CHF,CH,quarterly,2014-04-01,2014-Q2,166284.749437,IMF/IFS/Q.CH.NGDP_SA_XDC
CHF,CH,quarterly,2014-07-01,2014-Q3,166861.103704,IMF/IFS/Q.CH.NGDP_SA_XDC
CHF,CH,quarterly,2014-10-01,2014-Q4,167249.639187,IMF/IFS/Q.CH.NGDP_SA_XDC
CHF,CH,quarterly,2015-01-01,2015-Q1,166484.343603,IMF/IFS/Q.CH.NGDP_SA_XDC
CHF,CH,quarterly,2015-04-01,2015-Q2,166490.365115,IMF/IFS/Q.CH.NGDP_SA_XDC
CHF,CH,quarterly,2015-07-01,2015-Q3,167133.830118,IMF/IFS/Q.CH.NGDP_SA_XDC
CHF,CH,quarterly,2015-10-01,2015-Q4,167624.078683,IMF/IFS/Q.CH.NGDP_SA_XDC
CHF,CH,quarterly,2016-01-01,2016-Q1,168329.417253,IMF/IFS/Q.CH.NGDP_SA_XDC
CHF,CH,quarterly,2016-04-01,2016-Q2,169449.242556,IMF/IFS/Q.CH.NGDP_SA_XDC
CHF,CH,quarterly,2016-07-01,2016-Q3,170268.986596,IMF/IFS/Q.CH.NGDP_SA_XDC
CHF,CH,quarterly,2016-10-01,2016-Q4,169675.486384,IMF/IFS/Q.CH.NGDP_SA_XDC
CHF,CH,quarterly,2017-01-01,2017-Q1,169638.644608,IMF/IFS/Q.CH.NGDP_SA_XDC
CHF,CH,quarterly,2017-04-01,2017-Q2,169808.859976,IMF/IFS/Q.CH.NGDP_SA_XDC
CHF,CH,quarterly,2017-07-01,2017-Q3,171799.445157,IMF/IFS/Q.CH.NGDP_SA_XDC
CHF,CH,quarterly,2017-10-01,2017-Q4,173599.75485,IMF/IFS/Q.CH.NGDP_SA_XDC
CHF,CH,quarterly,2018-01-01,2018-Q1,175187.409811,IMF/IFS/Q.CH.NGDP_SA_XDC
CHF,CH,quarterly,2018-04-01,2018-Q2,178200.594035,IMF/IFS/Q.CH.NGDP_SA_XDC
CHF,CH,quarterly,2018-07-01,2018-Q3,177939.781924,IMF/IFS/Q.CH.NGDP_SA_XDC
CHF,CH,quarterly,2018-10-01,2018-Q4,178486.642692,IMF/IFS/Q.CH.NGDP_SA_XDC
CHF,CH,quarterly,2019-01-01,2019-Q1,178405.638929,IMF/IFS/Q.CH.NGDP_SA_XDC
CHF,CH,quarterly,2019-04-01,2019-Q2,179104.685737,IMF/IFS/Q.CH.NGDP_SA_XDC
CHF,CH,quarterly,2019-07-01,2019-Q3,179460.096529,IMF/IFS/Q.CH.NGDP_SA_XDC
CHF,CH,quarterly,2019-10-01,2019-Q4,180368.839098,IMF/IFS/Q.CH.NGDP_SA_XDC
CHF,CH,quarterly,2020-01-01,2020-Q1,177035.458181,IMF/IFS/Q.CH.NGDP_SA_XDC
CHF,CH,quarterly,2020-04-01,2020-Q2,164711.540577,IMF/IFS/Q.CH.NGDP_SA_XDC
CHF,CH,quarterly,2020-07-01,2020-Q3,176654.280602,IMF/IFS/Q.CH.NGDP_SA_XDC
CHF,CH,quarterly,2020-10-01,2020-Q4,177661.244708,IMF/IFS/Q.CH.NGDP_SA_XDC
CHF,CH,quarterly,2021-01-01,2021-Q1,179032.63526,IMF/IFS/Q.CH.NGDP_SA_XDC
CHF,CH,quarterly,2021-04-01,2021-Q2,184969.645605,IMF/IFS/Q.CH.NGDP_SA_XDC
CHF,CH,quarterly,2021-07-01,2021-Q3,189531.313302,IMF/IFS/Q.CH.NGDP_SA_XDC
CHF,CH,quarterly,2021-10-01,2021-Q4,190993.777285,IMF/IFS/Q.CH.NGDP_SA_XDC
CHF,CH,quarterly,2022-01-01,2022-Q1,193834.490403,IMF/IFS/Q.CH.NGDP_SA_XDC
CHF,CH,quarterly,2022-04-01,2022-Q2,198133.060726,IMF/IFS/Q.CH.NGDP_SA_XDC
CHF,CH,quarterly,2022-07-01,2022-Q3,199176.91411,IMF/IFS/Q.CH.NGDP_SA_XDC
CHF,CH,quarterly,2022-10-01,2022-Q4,199955.792325,IMF/IFS/Q.CH.NGDP_SA_XDC
CHF,CH,quarterly,2023-01-01,2023-Q1,200770.913752,IMF/IFS/Q.CH.NGDP_SA_XDC
CHF,CH,quarterly,2023-04-01,2023-Q2,200239.776968,IMF/IFS/Q.CH.NGDP_SA_XDC
CHF,CH,quarterly,2023-07-01,2023-Q3,201012.582019,IMF/IFS/Q.CH.NGDP_SA_XDC
CHF,CH,quarterly,2023-10-01,2023-Q4,201942.388505,IMF/IFS/Q.CH.NGDP_SA_XDC
CHF,CH,quarterly,2024-01-01,2024-Q1,204525.1361,IMF/IFS/Q.CH.NGDP_SA_XDC
CHF,CH,quarterly,2024-04-01,2024-Q2,205926.529095,IMF/IFS/Q.CH.NGDP_SA_XDC
CHF,CH,quarterly,2024-07-01,2024-Q3,207239.762309,IMF/IFS/Q.CH.NGDP_SA_XDC
CHF,CH,quarterly,2024-10-01,2024-Q4,207924.163608,IMF/IFS/Q.CH.NGDP_SA_XDC
CHF,CH,quarterly,2025-01-01,2025-Q1,209668.172145,IMF/IFS/Q.CH.NGDP_SA_XDC
CAD,CA,quarterly,1961-01-01,1961-Q1,10150.0,IMF/IFS/Q.CA.NGDP_SA_XDC
CAD,CA,quarterly,1961-04-01,1961-Q2,10374.0,IMF/IFS/Q.CA.NGDP_SA_XDC
CAD,CA,quarterly,1961-07-01,1961-Q3,10651.0,IMF/IFS/Q.CA.NGDP_SA_XDC
CAD,CA,quarterly,1961-10-01,1961-Q4,10851.0,IMF/IFS/Q.CA.NGDP_SA_XDC
CAD,CA,quarterly,1962-01-01,1962-Q1,11156.0,IMF/IFS/Q.CA.NGDP_SA_XDC
CAD,CA,quarterly,1962-04-01,1962-Q2,11283.0,IMF/IFS/Q.CA.NGDP_SA_XDC
CAD,CA,quarterly,1962-07-01,1962-Q3,11517.0,IMF/IFS/Q.CA.NGDP_SA_XDC
CAD,CA,quarterly,1962-10-01,1962-Q4,11783.0,IMF/IFS/Q.CA.NGDP_SA_XDC
CAD,CA,quarterly,1963-01-01,1963-Q1,11896.0,IMF/IFS/Q.CA.NGDP_SA_XDC
CAD,CA,quarterly,1963-04-01,1963-Q2,12139.0,IMF/IFS/Q.CA.NGDP_SA_XDC
CAD,CA,quarterly,1963-07-01,1963-Q3,12338.0,IMF/IFS/Q.CA.NGDP_SA_XDC
CAD,CA,quarterly,1963-10-01,1963-Q4,12840.0,IMF/IFS/Q.CA.NGDP_SA_XDC
CAD,CA,quarterly,1964-01-01,1964-Q1,13144.0,IMF/IFS/Q.CA.NGDP_SA_XDC
CAD,CA,quarterly,1964-04-01,1964-Q2,13355.0,IMF/IFS/Q.CA.NGDP_SA_XDC
CAD,CA,quarterly,1964-07-01,1964-Q3,13645.0,IMF/IFS/Q.CA.NGDP_SA_XDC
CAD,CA,quarterly,1964-10-01,1964-Q4,13831.0,IMF/IFS/Q.CA.NGDP_SA_XDC
CAD,CA,quarterly,1965-01-01,1965-Q1,14317.0,IMF/IFS/Q.CA.NGDP_SA_XDC
CAD,CA,quarterly,1965-04-01,1965-Q2,14664.0,IMF/IFS/Q.CA.NGDP_SA_XDC
CAD,CA,quarterly,1965-07-01,1965-Q3,15016.0,IMF/IFS/Q.CA.NGDP_SA_XDC
CAD,CA,quarterly,1965-10-01,1965-Q4,15554.0,IMF/IFS/Q.CA.NGDP_SA_XDC
CAD,CA,quarterly,1966-01-01,1966-Q1,16080.0,IMF/IFS/Q.CA.NGDP_SA_XDC
CAD,CA,quarterly,1966-04-01,1966-Q2,16622.0,IMF/IFS/Q.CA.NGDP_SA_XDC
CAD,CA,quarterly,1966-07-01,1966-Q3,16841.0,IMF/IFS/Q.CA.NGDP_SA_XDC
CAD,CA,quarterly,1966-10-01,1966-Q4,17162.0,IMF/IFS/Q.CA.NGDP_SA_XDC
CAD,CA,quarterly,1967-01-01,1967-Q1,17371.0,IMF/IFS/Q.CA.NGDP_SA_XDC
CAD,CA,quarterly,1967-04-01,1967-Q2,17936.0,IMF/IFS/Q.CA.NGDP_SA_XDC
CAD,CA,quarterly,1967-07-01,1967-Q3,18095.0,IMF/IFS/Q.CA.NGDP_SA_XDC
CAD,CA,quarterly,1967-10-01,1967-Q4,18410.0,IMF/IFS/Q.CA.NGDP_SA_XDC
CAD,CA,quarterly,1968-01-01,1968-Q1,18829.0,IMF/IFS/Q.CA.NGDP_SA_XDC
CAD,CA,quarterly,1968-04-01,1968-Q2,19413.0,IMF/IFS/Q.CA.NGDP_SA_XDC
CAD,CA,quarterly,1968-07-01,1968-Q3,19862.0,IMF/IFS/Q.CA.NGDP_SA_XDC
CAD,CA,quarterly,1968-10-01,1968-Q4,20370.0,IMF/IFS/Q.CA.NGDP_SA_XDC
CAD,CA,quarterly,1969-01-01,1969-Q1,20949.0,IMF/IFS/Q.CA.NGDP_SA_XDC
CAD,CA,quarterly,1969-04-01,1969-Q2,21369.0,IMF/IFS/Q.CA.NGDP_SA_XDC
CAD,CA,quarterly,1969-07-01,1969-Q3,21785.0,IMF/IFS/Q.CA.NGDP_SA_XDC
CAD,CA,quarterly,1969-10-01,1969-Q4,22327.0,IMF/IFS/Q.CA.NGDP_SA_XDC
CAD,CA,quarterly,1970-01-01,1970-Q1,22844.0,IMF/IFS/Q.CA.NGDP_SA_XDC
CAD,CA,quarterly,1970-04-01,1970-Q2,23056.0,IMF/IFS/Q.CA.NGDP_SA_XDC
CAD,CA,quarterly,1970-07-01,1970-Q3,23524.0,IMF/IFS/Q.CA.NGDP_SA_XDC
CAD,CA,quarterly,1970-10-01,1970-Q4,23729.0,IMF/IFS/Q.CA.NGDP_SA_XDC
CAD,CA,quarterly,1971-01-01,1971-Q1,24072.0,IMF/IFS/Q.CA.NGDP_SA_XDC
CAD,CA,quarterly,1971-04-01,1971-Q2,25078.0,IMF/IFS/Q.CA.NGDP_SA_XDC
CAD,CA,quarterly,1971-07-01,1971-Q3,25906.0,IMF/IFS/Q.CA.NGDP_SA_XDC
CAD,CA,quarterly,1971-10-01,1971-Q4,26609.0,IMF/IFS/Q.CA.NGDP_SA_XDC
CAD,CA,quarterly,1972-01-01,1972-Q1,27037.0,IMF/IFS/Q.CA.NGDP_SA_XDC
CAD,CA,quarterly,1972-04-01,1972-Q2,28066.0,IMF/IFS/Q.CA.NGDP_SA_XDC
CAD,CA,quarterly,1972-07-01,1972-Q3,28596.0,IMF/IFS/Q.CA.NGDP_SA_XDC
CAD,CA,quarterly,1972-10-01,1972-Q4,29822.0,IMF/IFS/Q.CA.NGDP_SA_XDC
CAD,CA,quarterly,1973-01-01,1973-Q1,31189.0,IMF/IFS/Q.CA.NGDP_SA_XDC
CAD,CA,quarterly,1973-04-01,1973-Q2,32510.0,IMF/IFS/Q.CA.NGDP_SA_XDC
CAD,CA,quarterly,1973-07-01,1973-Q3,33631.0,IMF/IFS/Q.CA.NGDP_SA_XDC
CAD,CA,quarterly,1973-10-01,1973-Q4,35636.0,IMF/IFS/Q.CA.NGDP_SA_XDC
CAD,CA,quarterly,1974-01-01,1974-Q1,37325.0,IMF/IFS/Q.CA.NGDP_SA_XDC
CAD,CA,quarterly,1974-04-01,1974-Q2,38990.0,IMF/IFS/Q.CA.NGDP_SA_XDC
CAD,CA,quarterly,1974-07-01,1974-Q3,40561.0,IMF/IFS/Q.CA.NGDP_SA_XDC
CAD,CA,quarterly,1974-10-01,1974-Q4,41300.0,IMF/IFS/Q.CA.NGDP_SA_XDC
CAD,CA,quarterly,1975-01-01,1975-Q1,41861.0,IMF/IFS/Q.CA.NGDP_SA_XDC
CAD,CA,quarterly,1975-04-01,1975-Q2,43406.0,IMF/IFS/Q.CA.NGDP_SA_XDC
CAD,CA,quarterly,1975-07-01,1975-Q3,45554.0,IMF/IFS/Q.CA.NGDP_SA_XDC
CAD,CA,quarterly,1975-10-01,1975-Q4,47107.0,IMF/IFS/Q.CA.NGDP_SA_XDC
CAD,CA,quarterly,1976-01-01,1976-Q1,49062.0,IMF/IFS/Q.CA.NGDP_SA_XDC
CAD,CA,quarterly,1976-04-01,1976-Q2,51563.0,IMF/IFS/Q.CA.NGDP_SA_XDC
CAD,CA,quarterly,1976-07-01,1976-Q3,52112.0,IMF/IFS/Q.CA.NGDP_SA_XDC
CAD,CA,quarterly,1976-10-01,1976-Q4,53249.0,IMF/IFS/Q.CA.NGDP_SA_XDC
CAD,CA,quarterly,1977-01-01,1977-Q1,54978.0,IMF/IFS/Q.CA.NGDP_SA_XDC
CAD,CA,quarterly,1977-04-01,1977-Q2,56202.0,IMF/IFS/Q.CA.NGDP_SA_XDC
CAD,CA,quarterly,1977-07-01,1977-Q3,57431.0,IMF/IFS/Q.CA.NGDP_SA_XDC
CAD,CA,quarterly,1977-10-01,1977-Q4,58990.0,IMF/IFS/Q.CA.NGDP_SA_XDC
CAD,CA,quarterly,1978-01-01,1978-Q1,60330.0,IMF/IFS/Q.CA.NGDP_SA_XDC
CAD,CA,quarterly,1978-04-01,1978-Q2,62171.0,IMF/IFS/Q.CA.NGDP_SA_XDC
CAD,CA,quarterly,1978-07-01,1978-Q3,63801.0,IMF/IFS/Q.CA.NGDP_SA_XDC
CAD,CA,quarterly,1978-10-01,1978-Q4,65773.0,IMF/IFS/Q.CA.NGDP_SA_XDC
CAD,CA,quarterly,1979-01-01,1979-Q1,67850.0,IMF/IFS/Q.CA.NGDP_SA_XDC
CAD,CA,quarterly,1979-04-01,1979-Q2,71043.0,IMF/IFS/Q.CA.NGDP_SA_XDC
CAD,CA,quarterly,1979-07-01,1979-Q3,73230.0,IMF/IFS/Q.CA.NGDP_SA_XDC
CAD,CA,quarterly,1979-10-01,1979-Q4,75485.0,IMF/IFS/Q.CA.NGDP_SA_XDC
CAD,CA,quarterly,1980-01-01,1980-Q1,77446.0,IMF/IFS/Q.CA.NGDP_SA_XDC
CAD,CA,quarterly,1980-04-01,1980-Q2,79307.0,IMF/IFS/Q.CA.NGDP_SA_XDC
CAD,CA,quarterly,1980-07-01,1980-Q3,81191.0,IMF/IFS/Q.CA.NGDP_SA_XDC
CAD,CA,quarterly,1980-10-01,1980-Q4,84838.0,IMF/IFS/Q.CA.NGDP_SA_XDC
CAD,CA,quarterly,1981-01-01,1981-Q1,88998.0,IMF/IFS/Q.CA.NGDP_SA_XDC
CAD,CA,quarterly,1981-04-01,1981-Q2,91998.0,IMF/IFS/Q.CA.NGDP_SA_XDC
CAD,CA,quarterly,1981-07-01,1981-Q3,93205.0,IMF/IFS/Q.CA.NGDP_SA_XDC
CAD,CA,quarterly,1981-10-01,1981-Q4,94157.0,IMF/IFS/Q.CA.NGDP_SA_XDC
CAD,CA,quarterly,1982-01-01,1982-Q1,95751.0,IMF/IFS/Q.CA.NGDP_SA_XDC
CAD,CA,quarterly,1982-04-01,1982-Q2,96629.0,IMF/IFS/Q.CA.NGDP_SA_XDC
CAD,CA,quarterly,1982-07-01,1982-Q3,97390.0,IMF/IFS/Q.CA.NGDP_SA_XDC
CAD,CA,quarterly,1982-10-01,1982-Q4,98411.0,IMF/IFS/Q.CA.NGDP_SA_XDC
CAD,CA,quarterly,1983-01-01,1983-Q1,100809.0,IMF/IFS/Q.CA.NGDP_SA_XDC
CAD,CA,quarterly,1983-04-01,1983-Q2,103951.0,IMF/IFS/Q.CA.NGDP_SA_XDC
CAD,CA,quarterly,1983-07-01,1983-Q3,107240.0,IMF/IFS/Q.CA.NGDP_SA_XDC
CAD,CA,quarterly,1983-10-01,1983-Q4,109316.0,IMF/IFS/Q.CA.NGDP_SA_XDC
CAD,CA,quarterly,1984-01-01,1984-Q1,111960.0,IMF/IFS/Q.CA.NGDP_SA_XDC
CAD,CA,quarterly,1984-04-01,1984-Q2,114888.0,IMF/IFS/Q.CA.NGDP_SA_XDC
CAD,CA,quarterly,1984-07-01,1984-Q3,116295.0,IMF/IFS/Q.CA.NGDP_SA_XDC
CAD,CA,quarterly,1984-10-01,1984-Q4,118843.0,IMF/IFS/Q.CA.NGDP_SA_XDC
CAD,CA,quarterly,1985-01-01,1985-Q1,121524.0,IMF/IFS/Q.CA.NGDP_SA_XDC
CAD,CA,quarterly,1985-04-01,1985-Q2,123838.0,IMF/IFS/Q.CA.NGDP_SA_XDC
CAD,CA,quarterly,1985-07-01,1985-Q3,125968.0,IMF/IFS/Q.CA.NGDP_SA_XDC
CAD,CA,quarterly,1985-10-01,1985-Q4,128697.0,IMF/IFS/Q.CA.NGDP_SA_XDC
CAD,CA,quarterly,1986-01-01,1986-Q1,129653.0,IMF/IFS/Q.CA.NGDP_SA_XDC
CAD,CA,quarterly,1986-04-01,1986-Q2,130961.0,IMF/IFS/Q.CA.NGDP_SA_XDC
CAD,CA,quarterly,1986-07-01,1986-Q3,132555.0,IMF/IFS/Q.CA.NGDP_SA_XDC
CAD,CA,quarterly,1986-10-01,1986-Q4,133461.0,IMF/IFS/Q.CA.NGDP_SA_XDC
CAD,CA,quarterly,1987-01-01,1987-Q1,138121.0,IMF/IFS/Q.CA.NGDP_SA_XDC
CAD,CA,quarterly,1987-04-01,1987-Q2,141855.0,IMF/IFS/Q.CA.NGDP_SA_XDC
CAD,CA,quarterly,1987-07-01,1987-Q3,145420.0,IMF/IFS/Q.CA.NGDP_SA_XDC
CAD,CA,quarterly,1987-10-01,1987-Q4,148940.0,IMF/IFS/Q.CA.NGDP_SA_XDC
CAD,CA,quarterly,1988-01-01,1988-Q1,152737.0,IMF/IFS/Q.CA.NGDP_SA_XDC
CAD,CA,quarterly,1988-04-01,1988-Q2,155292.0,IMF/IFS/Q.CA.NGDP_SA_XDC
CAD,CA,quarterly,1988-07-01,1988-Q3,157848.0,IMF/IFS/Q.CA.NGDP_SA_XDC
CAD,CA,quarterly,1988-10-01,1988-Q4,161017.0,IMF/IFS/Q.CA.NGDP_SA_XDC
CAD,CA,quarterly,1989-01-01,1989-Q1,164040.0,IMF/IFS/Q.CA.NGDP_SA_XDC
CAD,CA,quarterly,1989-04-01,1989-Q2,167448.0,IMF/IFS/Q.CA.NGDP_SA_XDC
CAD,CA,quarterly,1989-07-01,1989-Q3,169783.0,IMF/IFS/Q.CA.NGDP_SA_XDC
CAD,CA,quarterly,1989-10-01,1989-Q4,170308.0,IMF/IFS/Q.CA.NGDP_SA_XDC
CAD,CA,quarterly,1990-01-01,1990-Q1,172982.0,IMF/IFS/Q.CA.NGDP_SA_XDC
CAD,CA,quarterly,1990-04-01,1990-Q2,173906.0,IMF/IFS/Q.CA.NGDP_SA_XDC
CAD,CA,quarterly,1990-07-01,1990-Q3,174421.0,IMF/IFS/Q.CA.NGDP_SA_XDC
CAD,CA,quarterly,1990-10-01,1990-Q4,174192.0,IMF/IFS/Q.CA.NGDP_SA_XDC
CAD,CA,quarterly,1991-01-01,1991-Q1,173502.0,IMF/IFS/Q.CA.NGDP_SA_XDC
CAD,CA,quarterly,1991-04-01,1991-Q2,175393.0,IMF/IFS/Q.CA.NGDP_SA_XDC
CAD,CA,quarterly,1991-07-01,1991-Q3,176199.0,IMF/IFS/Q.CA.NGDP_SA_XDC
CAD,CA,quarterly,1991-10-01,1991-Q4,176679.0,IMF/IFS/Q.CA.NGDP_SA_XDC
CAD,CA,quarterly,1992-01-01,1992-Q1,177502.0,IMF/IFS/Q.CA.NGDP_SA_XDC
CAD,CA,quarterly,1992-04-01,1992-Q2,178686.0,IMF/IFS/Q.CA.NGDP_SA_XDC
CAD,CA,quarterly,1992-07-01,1992-Q3,180415.0,IMF/IFS/Q.CA.NGDP_SA_XDC
CAD,CA,quarterly,1992-10-01,1992-Q4,181833.0,IMF/IFS/Q.CA.NGDP_SA_XDC
CAD,CA,quarterly,1993-01-01,1993-Q1,183488.0,IMF/IFS/Q.CA.NGDP_SA_XDC
CAD,CA,quarterly,1993-04-01,1993-Q2,186340.0,IMF/IFS/Q.CA.NGDP_SA_XDC
CAD,CA,quarterly,1993-07-01,1993-Q3,187517.0,IMF/IFS/Q.CA.NGDP_SA_XDC
CAD,CA,quarterly,1993-10-01,1993-Q4,189692.0,IMF/IFS/Q.CA.NGDP_SA_XDC
CAD,CA,quarterly,1994-01-01,1994-Q1,193164.0,IMF/IFS/Q.CA.NGDP_SA_XDC
CAD,CA,quarterly,1994-04-01,1994-Q2,195915.0,IMF/IFS/Q.CA.NGDP_SA_XDC
CAD,CA,quarterly,1994-07-01,1994-Q3,200196.0,IMF/IFS/Q.CA.NGDP_SA_XDC
CAD,CA,quarterly,1994-10-01,1994-Q4,202697.0,IMF/IFS/Q.CA.NGDP_SA_XDC
CAD,CA,quarterly,1995-01-01,1995-Q1,205993.0,IMF/IFS/Q.CA.NGDP_SA_XDC
CAD,CA,quarterly,1995-04-01,1995-Q2,207214.0,IMF/IFS/Q.CA.NGDP_SA_XDC
CAD,CA,quarterly,1995-07-01,1995-Q3,208244.0,IMF/IFS/Q.CA.NGDP_SA_XDC
CAD,CA,quarterly,1995-10-01,1995-Q4,210170.0,IMF/IFS/Q.CA.NGDP_SA_XDC
CAD,CA,quarterly,1996-01-01,1996-Q1,211052.0,IMF/IFS/Q.CA.NGDP_SA_XDC
CAD,CA,quarterly,1996-04-01,1996-Q2,213226.0,IMF/IFS/Q.CA.NGDP_SA_XDC
CAD,CA,quarterly,1996-07-01,1996-Q3,216136.0,IMF/IFS/Q.CA.NGDP_SA_XDC
CAD,CA,quarterly,1996-10-01,1996-Q4,219420.0,IMF/IFS/Q.CA.NGDP_SA_XDC
CAD,CA,quarterly,1997-01-01,1997-Q1,222937.0,IMF/IFS/Q.CA.NGDP_SA_XDC
CAD,CA,quarterly,1997-04-01,1997-Q2,224853.0,IMF/IFS/Q.CA.NGDP_SA_XDC
CAD,CA,quarterly,1997-07-01,1997-Q3,228141.0,IMF/IFS/Q.CA.NGDP_SA_XDC
CAD,CA,quarterly,1997-10-01,1997-Q4,230995.0,IMF/IFS/Q.CA.NGDP_SA_XDC
CAD,CA,quarterly,1998-01-01,1998-Q1,233653.0,IMF/IFS/Q.CA.NGDP_SA_XDC
CAD,CA,quarterly,1998-04-01,1998-Q2,233803.0,IMF/IFS/Q.CA.NGDP_SA_XDC
CAD,CA,quarterly,1998-07-01,1998-Q3,234718.0,IMF/IFS/Q.CA.NGDP_SA_XDC
CAD,CA,quarterly,1998-10-01,1998-Q4,238374.0,IMF/IFS/Q.CA.NGDP_SA_XDC
CAD,CA,quarterly,1999-01-01,1999-Q1,243810.0,IMF/IFS/Q.CA.NGDP_SA_XDC
CAD,CA,quarterly,1999-04-01,1999-Q2,248543.0,IMF/IFS/Q.CA.NGDP_SA_XDC
CAD,CA,quarterly,1999-07-01,1999-Q3,255327.0,IMF/IFS/Q.CA.NGDP_SA_XDC
CAD,CA,quarterly,1999-10-01,1999-Q4,260247.0,IMF/IFS/Q.CA.NGDP_SA_XDC
CAD,CA,quarterly,2000-01-01,2000-Q1,267547.0,IMF/IFS/Q.CA.NGDP_SA_XDC
CAD,CA,quarterly,2000-04-01,2000-Q2,274862.0,IMF/IFS/Q.CA.NGDP_SA_XDC
CAD,CA,quarterly,2000-07-01,2000-Q3,280442.0,IMF/IFS/Q.CA.NGDP_SA_XDC
CAD,CA,quarterly,2000-10-01,2000-Q4,283220.0,IMF/IFS/Q.CA.NGDP_SA_XDC
CAD,CA,quarterly,2001-01-01,2001-Q1,287481.0,IMF/IFS/Q.CA.NGDP_SA_XDC
CAD,CA,quarterly,2001-04-01,2001-Q2,288215.0,IMF/IFS/Q.CA.NGDP_SA_XDC
CAD,CA,quarterly,2001-07-01,2001-Q3,284701.0,IMF/IFS/Q.CA.NGDP_SA_XDC
CAD,CA,quarterly,2001-10-01,2001-Q4,284146.0,IMF/IFS/Q.CA.NGDP_SA_XDC
CAD,CA,quarterly,2002-01-01,2002-Q1,289660.0,IMF/IFS/Q.CA.NGDP_SA_XDC
CAD,CA,quarterly,2002-04-01,2002-Q2,296473.0,IMF/IFS/Q.CA.NGDP_SA_XDC
CAD,CA,quarterly,2002-07-01,2002-Q3,301036.0,IMF/IFS/Q.CA.NGDP_SA_XDC
CAD,CA,quarterly,2002-10-01,2002-Q4,306525.0,IMF/IFS/Q.CA.NGDP_SA_XDC
CAD,CA,quarterly,2003-01-01,2003-Q1,312522.0,IMF/IFS/Q.CA.NGDP_SA_XDC
CAD,CA,quarterly,2003-04-01,2003-Q2,309430.0,IMF/IFS/Q.CA.NGDP_SA_XDC
CAD,CA,quarterly,2003-07-01,2003-Q3,314574.0,IMF/IFS/Q.CA.NGDP_SA_XDC
CAD,CA,quarterly,2003-10-01,2003-Q4,318221.0,IMF/IFS/Q.CA.NGDP_SA_XDC
CAD,CA,quarterly,2004-01-01,2004-Q1,324054.0,IMF/IFS/Q.CA.NGDP_SA_XDC
CAD,CA,quarterly,2004-04-01,2004-Q2,332037.0,IMF/IFS/Q.CA.NGDP_SA_XDC
CAD,CA,quarterly,2004-07-01,2004-Q3,337870.0,IMF/IFS/Q.CA.NGDP_SA_XDC
CAD,CA,quarterly,2004-10-01,2004-Q4,341770.0,IMF/IFS/Q.CA.NGDP_SA_XDC
CAD,CA,quarterly,2005-01-01,2005-Q1,345081.0,IMF/IFS/Q.CA.NGDP_SA_XDC
CAD,CA,quarterly,2005-04-01,2005-Q2,349902.0,IMF/IFS/Q.CA.NGDP_SA_XDC
CAD,CA,quarterly,2005-07-01,2005-Q3,359248.0,IMF/IFS/Q.CA.NGDP_SA_XDC
CAD,CA,quarterly,2005-10-01,2005-Q4,367359.0,IMF/IFS/Q.CA.NGDP_SA_XDC
CAD,CA,quarterly,2006-01-01,2006-Q1,369000.0,IMF/IFS/Q.CA.NGDP_SA_XDC
CAD,CA,quarterly,2006-04-01,2006-Q2,372679.0,IMF/IFS/Q.CA.NGDP_SA_XDC
CAD,CA,quarterly,2006-07-01,2006-Q3,376234.0,IMF/IFS/Q.CA.NGDP_SA_XDC
CAD,CA,quarterly,2006-10-01,2006-Q4,378691.0,IMF/IFS/Q.CA.NGDP_SA_XDC
CAD,CA,quarterly,2007-01-01,2007-Q1,386819.0,IMF/IFS/Q.CA.NGDP_SA_XDC
CAD,CA,quarterly,2007-04-01,2007-Q2,394153.0,IMF/IFS/Q.CA.NGDP_SA_XDC
CAD,CA,quarterly,2007-07-01,2007-Q3,395562.0,IMF/IFS/Q.CA.NGDP_SA_XDC
CAD,CA,quarterly,2007-10-01,2007-Q4,401127.0,IMF/IFS/Q.CA.NGDP_SA_XDC
CAD,CA,quarterly,2008-01-01,2008-Q1,409324.0,IMF/IFS/Q.CA.NGDP_SA_XDC
CAD,CA,quarterly,2008-04-01,2008-Q2,419362.0,IMF/IFS/Q.CA.NGDP_SA_XDC
CAD,CA,quarterly,2008-07-01,2008-Q3,423628.0,IMF/IFS/Q.CA.NGDP_SA_XDC
CAD,CA,quarterly,2008-10-01,2008-Q4,404727.0,IMF/IFS/Q.CA.NGDP_SA_XDC
CAD,CA,quarterly,2009-01-01,2009-Q1,389308.0,IMF/IFS/Q.CA.NGDP_SA_XDC
CAD,CA,quarterly,2009-04-01,2009-Q2,387122.0,IMF/IFS/Q.CA.NGDP_SA_XDC
CAD,CA,quarterly,2009-07-01,2009-Q3,391981.0,IMF/IFS/Q.CA.NGDP_SA_XDC
CAD,CA,quarterly,2009-10-01,2009-Q4,402923.0,IMF/IFS/Q.CA.NGDP_SA_XDC
CAD,CA,quarterly,2010-01-01,2010-Q1,411008.0,IMF/IFS/Q.CA.NGDP_SA_XDC
CAD,CA,quarterly,2010-04-01,2010-Q2,413310.0,IMF/IFS/Q.CA.NGDP_SA_XDC
CAD,CA,quarterly,2010-07-01,2010-Q3,416343.0,IMF/IFS/Q.CA.NGDP_SA_XDC
CAD,CA,quarterly,2010-10-01,2010-Q4,425387.0,IMF/IFS/Q.CA.NGDP_SA_XDC
CAD,CA,quarterly,2011-01-01,2011-Q1,434488.0,IMF/IFS/Q.CA.NGDP_SA_XDC
CAD,CA,quarterly,2011-04-01,2011-Q2,439963.0,IMF/IFS/Q.CA.NGDP_SA_XDC
CAD,CA,quarterly,2011-07-01,2011-Q3,446437.0,IMF/IFS/Q.CA.NGDP_SA_XDC
CAD,CA,quarterly,2011-10-01,2011-Q4,453175.0,IMF/IFS/Q.CA.NGDP_SA_XDC
CAD,CA,quarterly,2012-01-01,2012-Q1,453780.0,IMF/IFS/Q.CA.NGDP_SA_XDC
CAD,CA,quarterly,2012-04-01,2012-Q2,454746.0,IMF/IFS/Q.CA.NGDP_SA_XDC
CAD,CA,quarterly,2012-07-01,2012-Q3,457659.0,IMF/IFS/Q.CA.NGDP_SA_XDC
CAD,CA,quarterly,2012-10-01,2012-Q4,461016.0,IMF/IFS/Q.CA.NGDP_SA_XDC
CAD,CA,quarterly,2013-01-01,2013-Q1,469211.0,IMF/IFS/Q.CA.NGDP_SA_XDC
CAD,CA,quarterly,2013-04-01,2013-Q2,471648.0,IMF/IFS/Q.CA.NGDP_SA_XDC
CAD,CA,quarterly,2013-07-01,2013-Q3,478107.0,IMF/IFS/Q.CA.NGDP_SA_XDC
CAD,CA,quarterly,2013-10-01,2013-Q4,483281.0,IMF/IFS/Q.CA.NGDP_SA_XDC
CAD,CA,quarterly,2014-01-01,2014-Q1,490863.0,IMF/IFS/Q.CA.NGDP_SA_XDC
CAD,CA,quarterly,2014-04-01,2014-Q2,497101.0,IMF/IFS/Q.CA.NGDP_SA_XDC
CAD,CA,quarterly,2014-07-01,2014-Q3,503448.0,IMF/IFS/Q.CA.NGDP_SA_XDC
CAD,CA,quarterly,2014-10-01,2014-Q4,503486.0,IMF/IFS/Q.CA.NGDP_SA_XDC
CAD,CA,quarterly,2015-01-01,2015-Q1,496075.0,IMF/IFS/Q.CA.NGDP_SA_XDC
CAD,CA,quarterly,2015-04-01,2015-Q2,496230.0,IMF/IFS/Q.CA.NGDP_SA_XDC
CAD,CA,quarterly,2015-07-01,2015-Q3,500216.0,IMF/IFS/Q.CA.NGDP_SA_XDC
CAD,CA,quarterly,2015-10-01,2015-Q4,497920.0,IMF/IFS/Q.CA.NGDP_SA_XDC
CAD,CA,quarterly,2016-01-01,2016-Q1,499605.0,IMF/IFS/Q.CA.NGDP_SA_XDC
CAD,CA,quarterly,2016-04-01,2016-Q2,500538.0,IMF/IFS/Q.CA.NGDP_SA_XDC
CAD,CA,quarterly,2016-07-01,2016-Q3,508855.0,IMF/IFS/Q.CA.NGDP_SA_XDC
CAD,CA,quarterly,2016-10-01,2016-Q4,516537.0,IMF/IFS/Q.CA.NGDP_SA_XDC
CAD,CA,quarterly,2017-01-01,2017-Q1,526987.0,IMF/IFS/Q.CA.NGDP_SA_XDC
CAD,CA,quarterly,2017-04-01,2017-Q2,532505.0,IMF/IFS/Q.CA.NGDP_SA_XDC
CAD,CA,quarterly,2017-07-01,2017-Q3,535438.0,IMF/IFS/Q.CA.NGDP_SA_XDC
CAD,CA,quarterly,2017-10-01,2017-Q4,545711.0,IMF/IFS/Q.CA.NGDP_SA_XDC
CAD,CA,quarterly,2018-01-01,2018-Q1,551767.0,IMF/IFS/Q.CA.NGDP_SA_XDC
CAD,CA,quarterly,2018-04-01,2018-Q2,560017.0,IMF/IFS/Q.CA.NGDP_SA_XDC
CAD,CA,quarterly,2018-07-01,2018-Q3,564738.0,IMF/IFS/Q.CA.NGDP_SA_XDC
CAD,CA,quarterly,2018-10-01,2018-Q4,559153.0,IMF/IFS/Q.CA.NGDP_SA_XDC
CAD,CA,quarterly,2019-01-01,2019-Q1,567228.0,IMF/IFS/Q.CA.NGDP_SA_XDC
CAD,CA,quarterly,2019-04-01,2019-Q2,578170.0,IMF/IFS/Q.CA.NGDP_SA_XDC
CAD,CA,quarterly,2019-07-01,2019-Q3,580619.0,IMF/IFS/Q.CA.NGDP_SA_XDC
CAD,CA,quarterly,2019-10-01,2019-Q4,587546.0,IMF/IFS/Q.CA.NGDP_SA_XDC
CAD,CA,quarterly,2020-01-01,2020-Q1,572004.0,IMF/IFS/Q.CA.NGDP_SA_XDC
CAD,CA,quarterly,2020-04-01,2020-Q2,503983.0,IMF/IFS/Q.CA.NGDP_SA_XDC
CAD,CA,quarterly,2020-07-01,2020-Q3,561621.0,IMF/IFS/Q.CA.NGDP_SA_XDC
CAD,CA,quarterly,2020-10-01,2020-Q4,582919.0,IMF/IFS/Q.CA.NGDP_SA_XDC
CAD,CA,quarterly,2021-01-01,2021-Q1,607847.0,IMF/IFS/Q.CA.NGDP_SA_XDC
CAD,CA,quarterly,2021-04-01,2021-Q2,622004.0,IMF/IFS/Q.CA.NGDP_SA_XDC
CAD,CA,quarterly,2021-07-01,2021-Q3,640826.0,IMF/IFS/Q.CA.NGDP_SA_XDC
CAD,CA,quarterly,2021-10-01,2021-Q4,665141.0,IMF/IFS/Q.CA.NGDP_SA_XDC
CAD,CA,quarterly,2022-01-01,2022-Q1,696039.0,IMF/IFS/Q.CA.NGDP_SA_XDC
CAD,CA,quarterly,2022-04-01,2022-Q2,725671.0,IMF/IFS/Q.CA.NGDP_SA_XDC
CAD,CA,quarterly,2022-07-01,2022-Q3,720235.0,IMF/IFS/Q.CA.NGDP_SA_XDC
CAD,CA,quarterly,2022-10-01,2022-Q4,719465.0,IMF/IFS/Q.CA.NGDP_SA_XDC
CAD,CA,quarterly,2023-01-01,2023-Q1,725833.0,IMF/IFS/Q.CA.NGDP_SA_XDC
CAD,CA,quarterly,2023-04-01,2023-Q2,730806.0,IMF/IFS/Q.CA.NGDP_SA_XDC
CAD,CA,quarterly,2023-07-01,2023-Q3,742112.0,IMF/IFS/Q.CA.NGDP_SA_XDC
CAD,CA,quarterly,2023-10-01,2023-Q4,751983.0,IMF/IFS/Q.CA.NGDP_SA_XDC
CAD,CA,quarterly,2024-01-01,2024-Q1,751172.0,IMF/IFS/Q.CA.NGDP_SA_XDC
CAD,CA,quarterly,2024-04-01,2024-Q2,763813.0,IMF/IFS/Q.CA.NGDP_SA_XDC
CAD,CA,quarterly,2024-07-01,2024-Q3,773197.0,IMF/IFS/Q.CA.NGDP_SA_XDC
CAD,CA,quarterly,2024-10-01,2024-Q4,784164.0,IMF/IFS/Q.CA.NGDP_SA_XDC
CAD,CA,quarterly,2025-01-01,2025-Q1,793566.0,IMF/IFS/Q.CA.NGDP_SA_XDC
NOK,NO,quarterly,1978-01-01,1978-Q1,58035.0,IMF/IFS/Q.NO.NGDP_SA_XDC
NOK,NO,quarterly,1978-04-01,1978-Q2,59290.0,IMF/IFS/Q.NO.NGDP_SA_XDC
NOK,NO,quarterly,1978-07-01,1978-Q3,62436.0,IMF/IFS/Q.NO.NGDP_SA_XDC
NOK,NO,quarterly,1978-10-01,1978-Q4,64126.0,IMF/IFS/Q.NO.NGDP_SA_XDC
NOK,NO,quarterly,1979-01-01,1979-Q1,63071.0,IMF/IFS/Q.NO.NGDP_SA_XDC
NOK,NO,quarterly,1979-04-01,1979-Q2,66136.0,IMF/IFS/Q.NO.NGDP_SA_XDC
NOK,NO,quarterly,1979-07-01,1979-Q3,68908.0,IMF/IFS/Q.NO.NGDP_SA_XDC
NOK,NO,quarterly,1979-10-01,1979-Q4,70953.0,IMF/IFS/Q.NO.NGDP_SA_XDC
NOK,NO,quarterly,1980-01-01,1980-Q1,76953.0,IMF/IFS/Q.NO.NGDP_SA_XDC
NOK,NO,quarterly,1980-04-01,1980-Q2,78440.0,IMF/IFS/Q.NO.NGDP_SA_XDC
NOK,NO,quarterly,1980-07-01,1980-Q3,79524.0,IMF/IFS/Q.NO.NGDP_SA_XDC
NOK,NO,quarterly,1980-10-01,1980-Q4,83362.0,IMF/IFS/Q.NO.NGDP_SA_XDC
NOK,NO,quarterly,1981-01-01,1981-Q1,86656.0,IMF/IFS/Q.NO.NGDP_SA_XDC
NOK,NO,quarterly,1981-04-01,1981-Q2,91869.0,IMF/IFS/Q.NO.NGDP_SA_XDC
NOK,NO,quarterly,1981-07-01,1981-Q3,92886.0,IMF/IFS/Q.NO.NGDP_SA_XDC
NOK,NO,quarterly,1981-10-01,1981-Q4,93603.0,IMF/IFS/Q.NO.NGDP_SA_XDC
NOK,NO,quarterly,1982-01-01,1982-Q1,96868.0,IMF/IFS/Q.NO.NGDP_SA_XDC
NOK,NO,quarterly,1982-04-01,1982-Q2,99504.0,IMF/IFS/Q.NO.NGDP_SA_XDC
NOK,NO,quarterly,1982-07-01,1982-Q3,102883.0,IMF/IFS/Q.NO.NGDP_SA_XDC
NOK,NO,quarterly,1982-10-01,1982-Q4,105070.0,IMF/IFS/Q.NO.NGDP_SA_XDC
NOK,NO,quarterly,1983-01-01,1983-Q1,108331.0,IMF/IFS/Q.NO.NGDP_SA_XDC
NOK,NO,quarterly,1983-04-01,1983-Q2,111145.0,IMF/IFS/Q.NO.NGDP_SA_XDC
NOK,NO,quarterly,1983-07-01,1983-Q3,113986.0,IMF/IFS/Q.NO.NGDP_SA_XDC
NOK,NO,quarterly,1983-10-01,1983-Q4,116196.0,IMF/IFS/Q.NO.NGDP_SA_XDC
NOK,NO,quarterly,1984-01-01,1984-Q1,120188.0,IMF/IFS/Q.NO.NGDP_SA_XDC
NOK,NO,quarterly,1984-04-01,1984-Q2,125234.0,IMF/IFS/Q.NO.NGDP_SA_XDC
NOK,NO,quarterly,1984-07-01,1984-Q3,130012.0,IMF/IFS/Q.NO.NGDP_SA_XDC
NOK,NO,quarterly,1984-10-01,1984-Q4,131053.0,IMF/IFS/Q.NO.NGDP_SA_XDC
NOK,NO,quarterly,1985-01-01,1985-Q1,134927.0,IMF/IFS/Q.NO.NGDP_SA_XDC
NOK,NO,quarterly,1985-04-01,1985-Q2,136198.0,IMF/IFS/Q.NO.NGDP_SA_XDC
NOK,NO,quarterly,1985-07-01,1985-Q3,144877.0,IMF/IFS/Q.NO.NGDP_SA_XDC
NOK,NO,quarterly,1985-10-01,1985-Q4,146401.0,IMF/IFS/Q.NO.NGDP_SA_XDC
NOK,NO,quarterly,1986-01-01,1986-Q1,144149.0,IMF/IFS/Q.NO.NGDP_SA_XDC
NOK,NO,quarterly,1986-04-01,1986-Q2,140610.0,IMF/IFS/Q.NO.NGDP_SA_XDC
NOK,NO,quarterly,1986-07-01,1986-Q3,145542.0,IMF/IFS/Q.NO.NGDP_SA_XDC
NOK,NO,quarterly,1986-10-01,1986-Q4,151610.0,IMF/IFS/Q.NO.NGDP_SA_XDC
NOK,NO,quarterly,1987-01-01,1987-Q1,152584.0,IMF/IFS/Q.NO.NGDP_SA_XDC
NOK,NO,quarterly,1987-04-01,1987-Q2,159249.0,IMF/IFS/Q.NO.NGDP_SA_XDC
NOK,NO,quarterly,1987-07-01,1987-Q3,159882.0,IMF/IFS/Q.NO.NGDP_SA_XDC
NOK,NO,quarterly,1987-10-01,1987-Q4,163160.0,IMF/IFS/Q.NO.NGDP_SA_XDC
NOK,NO,quarterly,1988-01-01,1988-Q1,166582.0,IMF/IFS/Q.NO.NGDP_SA_XDC
NOK,NO,quarterly,1988-04-01,1988-Q2,165521.0,IMF/IFS/Q.NO.NGDP_SA_XDC
NOK,NO,quarterly,1988-07-01,1988-Q3,165544.0,IMF/IFS/Q.NO.NGDP_SA_XDC
NOK,NO,quarterly,1988-10-01,1988-Q4,166437.0,IMF/IFS/Q.NO.NGDP_SA_XDC
NOK,NO,quarterly,1989-01-01,1989-Q1,172614.0,IMF/IFS/Q.NO.NGDP_SA_XDC
NOK,NO,quarterly,1989-04-01,1989-Q2,177959.0,IMF/IFS/Q.NO.NGDP_SA_XDC
NOK,NO,quarterly,1989-07-01,1989-Q3,178246.0,IMF/IFS/Q.NO.NGDP_SA_XDC
NOK,NO,quarterly,1989-10-01,1989-Q4,179817.0,IMF/IFS/Q.NO.NGDP_SA_XDC
NOK,NO,quarterly,1990-01-01,1990-Q1,180638.0,IMF/IFS/Q.NO.NGDP_SA_XDC
NOK,NO,quarterly,1990-04-01,1990-Q2,182998.0,IMF/IFS/Q.NO.NGDP_SA_XDC
NOK,NO,quarterly,1990-07-01,1990-Q3,187979.0,IMF/IFS/Q.NO.NGDP_SA_XDC
NOK,NO,quarterly,1990-10-01,1990-Q4,198245.0,IMF/IFS/Q.NO.NGDP_SA_XDC
NOK,NO,quarterly,1991-01-01,1991-Q1,195879.0,IMF/IFS/Q.NO.NGDP_SA_XDC
NOK,NO,quarterly,1991-04-01,1991-Q2,197852.0,IMF/IFS/Q.NO.NGDP_SA_XDC
NOK,NO,quarterly,1991-07-01,1991-Q3,197768.0,IMF/IFS/Q.NO.NGDP_SA_XDC
NOK,NO,quarterly,1991-10-01,1991-Q4,198589.0,IMF/IFS/Q.NO.NGDP_SA_XDC
NOK,NO,quarterly,1992-01-01,1992-Q1,200868.0,IMF/IFS/Q.NO.NGDP_SA_XDC
NOK,NO,quarterly,1992-04-01,1992-Q2,202194.0,IMF/IFS/Q.NO.NGDP_SA_XDC
NOK,NO,quarterly,1992-07-01,1992-Q3,204240.0,IMF/IFS/Q.NO.NGDP_SA_XDC
NOK,NO,quarterly,1992-10-01,1992-Q4,205792.0,IMF/IFS/Q.NO.NGDP_SA_XDC
NOK,NO,quarterly,1993-01-01,1993-Q1,206993.0,IMF/IFS/Q.NO.NGDP_SA_XDC
NOK,NO,quarterly,1993-04-01,1993-Q2,210806.0,IMF/IFS/Q.NO.NGDP_SA_XDC
NOK,NO,quarterly,1993-07-01,1993-Q3,216872.0,IMF/IFS/Q.NO.NGDP_SA_XDC
NOK,NO,quarterly,1993-10-01,1993-Q4,220730.0,IMF/IFS/Q.NO.NGDP_SA_XDC
NOK,NO,quarterly,1994-01-01,1994-Q1,217887.0,IMF/IFS/Q.NO.NGDP_SA_XDC
NOK,NO,quarterly,1994-04-01,1994-Q2,222852.0,IMF/IFS/Q.NO.NGDP_SA_XDC
NOK,NO,quarterly,1994-07-01,1994-Q3,225206.0,IMF/IFS/Q.NO.NGDP_SA_XDC
NOK,NO,quarterly,1994-10-01,1994-Q4,231298.0,IMF/IFS/Q.NO.NGDP_SA_XDC
NOK,NO,quarterly,1995-01-01,1995-Q1,237804.0,IMF/IFS/Q.NO.NGDP_SA_XDC
NOK,NO,quarterly,1995-04-01,1995-Q2,239211.0,IMF/IFS/Q.NO.NGDP_SA_XDC
NOK,NO,quarterly,1995-07-01,1995-Q3,241335.0,IMF/IFS/Q.NO.NGDP_SA_XDC
NOK,NO,quarterly,1995-10-01,1995-Q4,244788.0,IMF/IFS/Q.NO.NGDP_SA_XDC
NOK,NO,quarterly,1996-01-01,1996-Q1,256521.0,IMF/IFS/Q.NO.NGDP_SA_XDC
NOK,NO,quarterly,1996-04-01,1996-Q2,256775.0,IMF/IFS/Q.NO.NGDP_SA_XDC
NOK,NO,quarterly,1996-07-01,1996-Q3,267777.0,IMF/IFS/Q.NO.NGDP_SA_XDC
NOK,NO,quarterly,1996-10-01,1996-Q4,273599.0,IMF/IFS/Q.NO.NGDP_SA_XDC
NOK,NO,quarterly,1997-01-01,1997-Q1,276387.0,IMF/IFS/Q.NO.NGDP_SA_XDC
NOK,NO,quarterly,1997-04-01,1997-Q2,285004.0,IMF/IFS/Q.NO.NGDP_SA_XDC
NOK,NO,quarterly,1997-07-01,1997-Q3,287248.0,IMF/IFS/Q.NO.NGDP_SA_XDC
NOK,NO,quarterly,1997-10-01,1997-Q4,292701.0,IMF/IFS/Q.NO.NGDP_SA_XDC
NOK,NO,quarterly,1998-01-01,1998-Q1,285650.0,IMF/IFS/Q.NO.NGDP_SA_XDC
NOK,NO,quarterly,1998-04-01,1998-Q2,291190.0,IMF/IFS/Q.NO.NGDP_SA_XDC
NOK,NO,quarterly,1998-07-01,1998-Q3,292197.0,IMF/IFS/Q.NO.NGDP_SA_XDC
NOK,NO,quarterly,1998-10-01,1998-Q4,294647.0,IMF/IFS/Q.NO.NGDP_SA_XDC
NOK,NO,quarterly,1999-01-01,1999-Q1,295002.0,IMF/IFS/Q.NO.NGDP_SA_XDC
NOK,NO,quarterly,1999-04-01,1999-Q2,304121.0,IMF/IFS/Q.NO.NGDP_SA_XDC
NOK,NO,quarterly,1999-07-01,1999-Q3,325044.0,IMF/IFS/Q.NO.NGDP_SA_XDC
NOK,NO,quarterly,1999-10-01,1999-Q4,342295.0,IMF/IFS/Q.NO.NGDP_SA_XDC
NOK,NO,quarterly,2000-01-01,2000-Q1,360713.0,IMF/IFS/Q.NO.NGDP_SA_XDC
NOK,NO,quarterly,2000-04-01,2000-Q2,369138.0,IMF/IFS/Q.NO.NGDP_SA_XDC
NOK,NO,quarterly,2000-07-01,2000-Q3,383719.0,IMF/IFS/Q.NO.NGDP_SA_XDC
NOK,NO,quarterly,2000-10-01,2000-Q4,395562.0,IMF/IFS/Q.NO.NGDP_SA_XDC
NOK,NO,quarterly,2001-01-01,2001-Q1,392063.0,IMF/IFS/Q.NO.NGDP_SA_XDC
NOK,NO,quarterly,2001-04-01,2001-Q2,399751.0,IMF/IFS/Q.NO.NGDP_SA_XDC
NOK,NO,quarterly,2001-07-01,2001-Q3,390942.0,IMF/IFS/Q.NO.NGDP_SA_XDC
NOK,NO,quarterly,2001-10-01,2001-Q4,383952.0,IMF/IFS/Q.NO.NGDP_SA_XDC
NOK,NO,quarterly,2002-01-01,2002-Q1,381009.0,IMF/IFS/Q.NO.NGDP_SA_XDC
NOK,NO,quarterly,2002-04-01,2002-Q2,393957.0,IMF/IFS/Q.NO.NGDP_SA_XDC
NOK,NO,quarterly,2002-07-01,2002-Q3,392455.0,IMF/IFS/Q.NO.NGDP_SA_XDC
NOK,NO,quarterly,2002-10-01,2002-Q4,396724.0,IMF/IFS/Q.NO.NGDP_SA_XDC
NOK,NO,quarterly,2003-01-01,2003-Q1,403364.0,IMF/IFS/Q.NO.NGDP_SA_XDC
NOK,NO,quarterly,2003-04-01,2003-Q2,397403.0,IMF/IFS/Q.NO.NGDP_SA_XDC
NOK,NO,quarterly,2003-07-01,2003-Q3,410206.0,IMF/IFS/Q.NO.NGDP_SA_XDC
NOK,NO,quarterly,2003-10-01,2003-Q4,413122.0,IMF/IFS/Q.NO.NGDP_SA_XDC
NOK,NO,quarterly,2004-01-01,2004-Q1,429841.0,IMF/IFS/Q.NO.NGDP_SA_XDC
NOK,NO,quarterly,2004-04-01,2004-Q2,441307.0,IMF/IFS/Q.NO.NGDP_SA_XDC
NOK,NO,quarterly,2004-07-01,2004-Q3,451867.0,IMF/IFS/Q.NO.NGDP_SA_XDC
NOK,NO,quarterly,2004-10-01,2004-Q4,465107.0,IMF/IFS/Q.NO.NGDP_SA_XDC
NOK,NO,quarterly,2005-01-01,2005-Q1,473906.0,IMF/IFS/Q.NO.NGDP_SA_XDC
NOK,NO,quarterly,2005-04-01,2005-Q2,491202.0,IMF/IFS/Q.NO.NGDP_SA_XDC
NOK,NO,quarterly,2005-07-01,2005-Q3,508253.0,IMF/IFS/Q.NO.NGDP_SA_XDC
NOK,NO,quarterly,2005-10-01,2005-Q4,523675.0,IMF/IFS/Q.NO.NGDP_SA_XDC
NOK,NO,quarterly,2006-01-01,2006-Q1,544571.0,IMF/IFS/Q.NO.NGDP_SA_XDC
NOK,NO,quarterly,2006-04-01,2006-Q2,555007.0,IMF/IFS/Q.NO.NGDP_SA_XDC
NOK,NO,quarterly,2006-07-01,2006-Q3,560895.0,IMF/IFS/Q.NO.NGDP_SA_XDC
NOK,NO,quarterly,2006-10-01,2006-Q4,564399.0,IMF/IFS/Q.NO.NGDP_SA_XDC
NOK,NO,quarterly,2007-01-01,2007-Q1,569053.0,IMF/IFS/Q.NO.NGDP_SA_XDC
NOK,NO,quarterly,2007-04-01,2007-Q2,580073.0,IMF/IFS/Q.NO.NGDP_SA_XDC
NOK,NO,quarterly,2007-07-01,2007-Q3,589371.0,IMF/IFS/Q.NO.NGDP_SA_XDC
NOK,NO,quarterly,2007-10-01,2007-Q4,621676.0,IMF/IFS/Q.NO.NGDP_SA_XDC
NOK,NO,quarterly,2008-01-01,2008-Q1,639543.0,IMF/IFS/Q.NO.NGDP_SA_XDC
NOK,NO,quarterly,2008-04-01,2008-Q2,660397.0,IMF/IFS/Q.NO.NGDP_SA_XDC
NOK,NO,quarterly,2008-07-01,2008-Q3,672499.0,IMF/IFS/Q.NO.NGDP_SA_XDC
NOK,NO,quarterly,2008-10-01,2008-Q4,649684.0,IMF/IFS/Q.NO.NGDP_SA_XDC
NOK,NO,quarterly,2009-01-01,2009-Q1,596994.0,IMF/IFS/Q.NO.NGDP_SA_XDC
NOK,NO,quarterly,2009-04-01,2009-Q2,607453.0,IMF/IFS/Q.NO.NGDP_SA_XDC
NOK,NO,quarterly,2009-07-01,2009-Q3,616818.0,IMF/IFS/Q.NO.NGDP_SA_XDC
NOK,NO,quarterly,2009-10-01,2009-Q4,618447.0,IMF/IFS/Q.NO.NGDP_SA_XDC
NOK,NO,quarterly,2010-01-01,2010-Q1,642820.0,IMF/IFS/Q.NO.NGDP_SA_XDC
NOK,NO,quarterly,2010-04-01,2010-Q2,644702.0,IMF/IFS/Q.NO.NGDP_SA_XDC
NOK,NO,quarterly,2010-07-01,2010-Q3,644725.0,IMF/IFS/Q.NO.NGDP_SA_XDC
NOK,NO,quarterly,2010-10-01,2010-Q4,673104.0,IMF/IFS/Q.NO.NGDP_SA_XDC
NOK,NO,quarterly,2011-01-01,2011-Q1,683568.0,IMF/IFS/Q.NO.NGDP_SA_XDC
NOK,NO,quarterly,2011-04-01,2011-Q2,698524.0,IMF/IFS/Q.NO.NGDP_SA_XDC
NOK,NO,quarterly,2011-07-01,2011-Q3,708540.0,IMF/IFS/Q.NO.NGDP_SA_XDC
NOK,NO,quarterly,2011-10-01,2011-Q4,719297.0,IMF/IFS/Q.NO.NGDP_SA_XDC
NOK,NO,quarterly,2012-01-01,2012-Q1,752944.0,IMF/IFS/Q.NO.NGDP_SA_XDC
NOK,NO,quarterly,2012-04-01,2012-Q2,747197.0,IMF/IFS/Q.NO.NGDP_SA_XDC
NOK,NO,quarterly,2012-07-01,2012-Q3,737441.0,IMF/IFS/Q.NO.NGDP_SA_XDC
NOK,NO,quarterly,2012-10-01,2012-Q4,745500.0,IMF/IFS/Q.NO.NGDP_SA_XDC
NOK,NO,quarterly,2013-01-01,2013-Q1,758867.0,IMF/IFS/Q.NO.NGDP_SA_XDC
NOK,NO,quarterly,2013-04-01,2013-Q2,762155.0,IMF/IFS/Q.NO.NGDP_SA_XDC
NOK,NO,quarterly,2013-07-01,2013-Q3,782113.0,IMF/IFS/Q.NO.NGDP_SA_XDC
NOK,NO,quarterly,2013-10-01,2013-Q4,787199.0,IMF/IFS/Q.NO.NGDP_SA_XDC
NOK,NO,quarterly,2014-01-01,2014-Q1,785611.0,IMF/IFS/Q.NO.NGDP_SA_XDC
NOK,NO,quarterly,2014-04-01,2014-Q2,793401.0,IMF/IFS/Q.NO.NGDP_SA_XDC
NOK,NO,quarterly,2014-07-01,2014-Q3,793114.0,IMF/IFS/Q.NO.NGDP_SA_XDC
NOK,NO,quarterly,2014-10-01,2014-Q4,789649.0,IMF/IFS/Q.NO.NGDP_SA_XDC
NOK,NO,quarterly,2015-01-01,2015-Q1,779428.0,IMF/IFS/Q.NO.NGDP_SA_XDC
NOK,NO,quarterly,2015-04-01,2015-Q2,790216.0,IMF/IFS/Q.NO.NGDP_SA_XDC
NOK,NO,quarterly,2015-07-01,2015-Q3,791750.0,IMF/IFS/Q.NO.NGDP_SA_XDC
NOK,NO,quarterly,2015-10-01,2015-Q4,768789.0,IMF/IFS/Q.NO.NGDP_SA_XDC
NOK,NO,quarterly,2016-01-01,2016-Q1,758691.0,IMF/IFS/Q.NO.NGDP_SA_XDC
NOK,NO,quarterly,2016-04-01,2016-Q2,771748.0,IMF/IFS/Q.NO.NGDP_SA_XDC
NOK,NO,quarterly,2016-07-01,2016-Q3,776389.0,IMF/IFS/Q.NO.NGDP_SA_XDC
NOK,NO,quarterly,2016-10-01,2016-Q4,799448.0,IMF/IFS/Q.NO.NGDP_SA_XDC
NOK,NO,quarterly,2017-01-01,2017-Q1,819208.0,IMF/IFS/Q.NO.NGDP_SA_XDC
NOK,NO,quarterly,2017-04-01,2017-Q2,826551.0,IMF/IFS/Q.NO.NGDP_SA_XDC
NOK,NO,quarterly,2017-07-01,2017-Q3,831820.0,IMF/IFS/Q.NO.NGDP_SA_XDC
NOK,NO,quarterly,2017-10-01,2017-Q4,847638.0,IMF/IFS/Q.NO.NGDP_SA_XDC
NOK,NO,quarterly,2018-01-01,2018-Q1,865858.0,IMF/IFS/Q.NO.NGDP_SA_XDC
NOK,NO,quarterly,2018-04-01,2018-Q2,889406.0,IMF/IFS/Q.NO.NGDP_SA_XDC
NOK,NO,quarterly,2018-07-01,2018-Q3,918788.0,IMF/IFS/Q.NO.NGDP_SA_XDC
NOK,NO,quarterly,2018-10-01,2018-Q4,916871.0,IMF/IFS/Q.NO.NGDP_SA_XDC
NOK,NO,quarterly,2019-01-01,2019-Q1,902410.0,IMF/IFS/Q.NO.NGDP_SA_XDC
NOK,NO,quarterly,2019-04-01,2019-Q2,898175.0,IMF/IFS/Q.NO.NGDP_SA_XDC
NOK,NO,quarterly,2019-07-01,2019-Q3,893254.0,IMF/IFS/Q.NO.NGDP_SA_XDC
NOK,NO,quarterly,2019-10-01,2019-Q4,913364.0,IMF/IFS/Q.NO.NGDP_SA_XDC
NOK,NO,quarterly,2020-01-01,2020-Q1,899197.0,IMF/IFS/Q.NO.NGDP_SA_XDC
NOK,NO,quarterly,2020-04-01,2020-Q2,811847.0,IMF/IFS/Q.NO.NGDP_SA_XDC
NOK,NO,quarterly,2020-07-01,2020-Q3,854520.0,IMF/IFS/Q.NO.NGDP_SA_XDC
NOK,NO,quarterly,2020-10-01,2020-Q4,883944.0,IMF/IFS/Q.NO.NGDP_SA_XDC
NOK,NO,quarterly,2021-01-01,2021-Q1,942443.0,IMF/IFS/Q.NO.NGDP_SA_XDC
NOK,NO,quarterly,2021-04-01,2021-Q2,993658.0,IMF/IFS/Q.NO.NGDP_SA_XDC
NOK,NO,quarterly,2021-07-01,2021-Q3,1100480.0,IMF/IFS/Q.NO.NGDP_SA_XDC
NOK,NO,quarterly,2021-10-01,2021-Q4,1250342.0,IMF/IFS/Q.NO.NGDP_SA_XDC
NOK,NO,quarterly,2022-01-01,2022-Q1,1335627.0,IMF/IFS/Q.NO.NGDP_SA_XDC
NOK,NO,quarterly,2022-04-01,2022-Q2,1408373.0,IMF/IFS/Q.NO.NGDP_SA_XDC
NOK,NO,quarterly,2022-07-01,2022-Q3,1634466.0,IMF/IFS/Q.NO.NGDP_SA_XDC
NOK,NO,quarterly,2022-10-01,2022-Q4,1361744.0,IMF/IFS/Q.NO.NGDP_SA_XDC
NOK,NO,quarterly,2023-01-01,2023-Q1,1306405.0,IMF/IFS/Q.NO.NGDP_SA_XDC
NOK,NO,quarterly,2023-04-01,2023-Q2,1262924.0,IMF/IFS/Q.NO.NGDP_SA_XDC
NOK,NO,quarterly,2023-07-01,2023-Q3,1243270.0,IMF/IFS/Q.NO.NGDP_SA_XDC
NOK,NO,quarterly,2023-10-01,2023-Q4,1287357.0,IMF/IFS/Q.NO.NGDP_SA_XDC
NOK,NO,quarterly,2024-01-01,2024-Q1,1273360.0,IMF/IFS/Q.NO.NGDP_SA_XDC
NOK,NO,quarterly,2024-04-01,2024-Q2,1320762.0,IMF/IFS/Q.NO.NGDP_SA_XDC
NOK,NO,quarterly,2024-07-01,2024-Q3,1292973.0,IMF/IFS/Q.NO.NGDP_SA_XDC
NOK,NO,quarterly,2024-10-01,2024-Q4,1313547.0,IMF/IFS/Q.NO.NGDP_SA_XDC
NOK,NO,quarterly,2025-01-01,2025-Q1,1373412.0,IMF/IFS/Q.NO.NGDP_SA_XDC
SEK,SE,quarterly,1993-01-01,1993-Q1,406583.0,IMF/IFS/Q.SE.NGDP_SA_XDC
SEK,SE,quarterly,1993-04-01,1993-Q2,410942.0,IMF/IFS/Q.SE.NGDP_SA_XDC
SEK,SE,quarterly,1993-07-01,1993-Q3,414346.0,IMF/IFS/Q.SE.NGDP_SA_XDC
SEK,SE,quarterly,1993-10-01,1993-Q4,421113.0,IMF/IFS/Q.SE.NGDP_SA_XDC
SEK,SE,quarterly,1994-01-01,1994-Q1,428631.0,IMF/IFS/Q.SE.NGDP_SA_XDC
SEK,SE,quarterly,1994-04-01,1994-Q2,435347.0,IMF/IFS/Q.SE.NGDP_SA_XDC
SEK,SE,quarterly,1994-07-01,1994-Q3,442688.0,IMF/IFS/Q.SE.NGDP_SA_XDC
SEK,SE,quarterly,1994-10-01,1994-Q4,453501.0,IMF/IFS/Q.SE.NGDP_SA_XDC
SEK,SE,quarterly,1995-01-01,1995-Q1,466883.0,IMF/IFS/Q.SE.NGDP_SA_XDC
SEK,SE,quarterly,1995-04-01,1995-Q2,474966.0,IMF/IFS/Q.SE.NGDP_SA_XDC
SEK,SE,quarterly,1995-07-01,1995-Q3,478472.0,IMF/IFS/Q.SE.NGDP_SA_XDC
SEK,SE,quarterly,1995-10-01,1995-Q4,484111.0,IMF/IFS/Q.SE.NGDP_SA_XDC
SEK,SE,quarterly,1996-01-01,1996-Q1,491010.0,IMF/IFS/Q.SE.NGDP_SA_XDC
SEK,SE,quarterly,1996-04-01,1996-Q2,482537.0,IMF/IFS/Q.SE.NGDP_SA_XDC
SEK,SE,quarterly,1996-07-01,1996-Q3,493172.0,IMF/IFS/Q.SE.NGDP_SA_XDC
SEK,SE,quarterly,1996-10-01,1996-Q4,491420.0,IMF/IFS/Q.SE.NGDP_SA_XDC
SEK,SE,quarterly,1997-01-01,1997-Q1,499161.0,IMF/IFS/Q.SE.NGDP_SA_XDC
SEK,SE,quarterly,1997-04-01,1997-Q2,509283.0,IMF/IFS/Q.SE.NGDP_SA_XDC
SEK,SE,quarterly,1997-07-01,1997-Q3,515388.0,IMF/IFS/Q.SE.NGDP_SA_XDC
SEK,SE,quarterly,1997-10-01,1997-Q4,527275.0,IMF/IFS/Q.SE.NGDP_SA_XDC
SEK,SE,quarterly,1998-01-01,1998-Q1,528584.0,IMF/IFS/Q.SE.NGDP_SA_XDC
SEK,SE,quarterly,1998-04-01,1998-Q2,535024.0,IMF/IFS/Q.SE.NGDP_SA_XDC
SEK,SE,quarterly,1998-07-01,1998-Q3,540403.0,IMF/IFS/Q.SE.NGDP_SA_XDC
SEK,SE,quarterly,1998-10-01,1998-Q4,551025.0,IMF/IFS/Q.SE.NGDP_SA_XDC
SEK,SE,quarterly,1999-01-01,1999-Q1,555051.0,IMF/IFS/Q.SE.NGDP_SA_XDC
SEK,SE,quarterly,1999-04-01,1999-Q2,558707.0,IMF/IFS/Q.SE.NGDP_SA_XDC
SEK,SE,quarterly,1999-07-01,1999-Q3,569539.0,IMF/IFS/Q.SE.NGDP_SA_XDC
SEK,SE,quarterly,1999-10-01,1999-Q4,579922.0,IMF/IFS/Q.SE.NGDP_SA_XDC
SEK,SE,quarterly,2000-01-01,2000-Q1,581766.0,IMF/IFS/Q.SE.NGDP_SA_XDC
SEK,SE,quarterly,2000-04-01,2000-Q2,601643.0,IMF/IFS/Q.SE.NGDP_SA_XDC
SEK,SE,quarterly,2000-07-01,2000-Q3,611356.0,IMF/IFS/Q.SE.NGDP_SA_XDC
SEK,SE,quarterly,2000-10-01,2000-Q4,613853.0,IMF/IFS/Q.SE.NGDP_SA_XDC
SEK,SE,quarterly,2001-01-01,2001-Q1,618186.0,IMF/IFS/Q.SE.NGDP_SA_XDC
SEK,SE,quarterly,2001-04-01,2001-Q2,625560.0,IMF/IFS/Q.SE.NGDP_SA_XDC
SEK,SE,quarterly,2001-07-01,2001-Q3,625729.0,IMF/IFS/Q.SE.NGDP_SA_XDC
SEK,SE,quarterly,2001-10-01,2001-Q4,638381.0,IMF/IFS/Q.SE.NGDP_SA_XDC
SEK,SE,quarterly,2002-01-01,2002-Q1,643007.0,IMF/IFS/Q.SE.NGDP_SA_XDC
SEK,SE,quarterly,2002-04-01,2002-Q2,651869.0,IMF/IFS/Q.SE.NGDP_SA_XDC
SEK,SE,quarterly,2002-07-01,2002-Q3,652892.0,IMF/IFS/Q.SE.NGDP_SA_XDC
SEK,SE,quarterly,2002-10-01,2002-Q4,658842.0,IMF/IFS/Q.SE.NGDP_SA_XDC
SEK,SE,quarterly,2003-01-01,2003-Q1,673093.0,IMF/IFS/Q.SE.NGDP_SA_XDC
SEK,SE,quarterly,2003-04-01,2003-Q2,670442.0,IMF/IFS/Q.SE.NGDP_SA_XDC
SEK,SE,quarterly,2003-07-01,2003-Q3,679768.0,IMF/IFS/Q.SE.NGDP_SA_XDC
SEK,SE,quarterly,2003-10-01,2003-Q4,684694.0,IMF/IFS/Q.SE.NGDP_SA_XDC
SEK,SE,quarterly,2004-01-01,2004-Q1,694607.0,IMF/IFS/Q.SE.NGDP_SA_XDC
SEK,SE,quarterly,2004-04-01,2004-Q2,702502.0,IMF/IFS/Q.SE.NGDP_SA_XDC
SEK,SE,quarterly,2004-07-01,2004-Q3,711380.0,IMF/IFS/Q.SE.NGDP_SA_XDC
SEK,SE,quarterly,2004-10-01,2004-Q4,711227.0,IMF/IFS/Q.SE.NGDP_SA_XDC
SEK,SE,quarterly,2005-01-01,2005-Q1,715396.0,IMF/IFS/Q.SE.NGDP_SA_XDC
SEK,SE,quarterly,2005-04-01,2005-Q2,722695.0,IMF/IFS/Q.SE.NGDP_SA_XDC
SEK,SE,quarterly,2005-07-01,2005-Q3,737636.0,IMF/IFS/Q.SE.NGDP_SA_XDC
SEK,SE,quarterly,2005-10-01,2005-Q4,744119.0,IMF/IFS/Q.SE.NGDP_SA_XDC
SEK,SE,quarterly,2006-01-01,2006-Q1,758790.0,IMF/IFS/Q.SE.NGDP_SA_XDC
SEK,SE,quarterly,2006-04-01,2006-Q2,774857.0,IMF/IFS/Q.SE.NGDP_SA_XDC
SEK,SE,quarterly,2006-07-01,2006-Q3,785743.0,IMF/IFS/Q.SE.NGDP_SA_XDC
SEK,SE,quarterly,2006-10-01,2006-Q4,797551.0,IMF/IFS/Q.SE.NGDP_SA_XDC
SEK,SE,quarterly,2007-01-01,2007-Q1,811230.0,IMF/IFS/Q.SE.NGDP_SA_XDC
SEK,SE,quarterly,2007-04-01,2007-Q2,825581.0,IMF/IFS/Q.SE.NGDP_SA_XDC
SEK,SE,quarterly,2007-07-01,2007-Q3,827255.0,IMF/IFS/Q.SE.NGDP_SA_XDC
SEK,SE,quarterly,2007-10-01,2007-Q4,850952.0,IMF/IFS/Q.SE.NGDP_SA_XDC
SEK,SE,quarterly,2008-01-01,2008-Q1,854988.0,IMF/IFS/Q.SE.NGDP_SA_XDC
SEK,SE,quarterly,2008-04-01,2008-Q2,849100.0,IMF/IFS/Q.SE.NGDP_SA_XDC
SEK,SE,quarterly,2008-07-01,2008-Q3,850136.0,IMF/IFS/Q.SE.NGDP_SA_XDC
SEK,SE,quarterly,2008-10-01,2008-Q4,834803.0,IMF/IFS/Q.SE.NGDP_SA_XDC
SEK,SE,quarterly,2009-01-01,2009-Q1,826400.0,IMF/IFS/Q.SE.NGDP_SA_XDC
SEK,SE,quarterly,2009-04-01,2009-Q2,826990.0,IMF/IFS/Q.SE.NGDP_SA_XDC
SEK,SE,quarterly,2009-07-01,2009-Q3,830799.0,IMF/IFS/Q.SE.NGDP_SA_XDC
SEK,SE,quarterly,2009-10-01,2009-Q4,839896.0,IMF/IFS/Q.SE.NGDP_SA_XDC
SEK,SE,quarterly,2010-01-01,2010-Q1,855264.0,IMF/IFS/Q.SE.NGDP_SA_XDC
SEK,SE,quarterly,2010-04-01,2010-Q2,877039.0,IMF/IFS/Q.SE.NGDP_SA_XDC
SEK,SE,quarterly,2010-07-01,2010-Q3,896272.0,IMF/IFS/Q.SE.NGDP_SA_XDC
SEK,SE,quarterly,2010-10-01,2010-Q4,912986.0,IMF/IFS/Q.SE.NGDP_SA_XDC
SEK,SE,quarterly,2011-01-01,2011-Q1,920502.0,IMF/IFS/Q.SE.NGDP_SA_XDC
SEK,SE,quarterly,2011-04-01,2011-Q2,924817.0,IMF/IFS/Q.SE.NGDP_SA_XDC
SEK,SE,quarterly,2011-07-01,2011-Q3,935572.0,IMF/IFS/Q.SE.NGDP_SA_XDC
SEK,SE,quarterly,2011-10-01,2011-Q4,916898.0,IMF/IFS/Q.SE.NGDP_SA_XDC
SEK,SE,quarterly,2012-01-01,2012-Q1,923353.0,IMF/IFS/Q.SE.NGDP_SA_XDC
SEK,SE,quarterly,2012-04-01,2012-Q2,932304.0,IMF/IFS/Q.SE.NGDP_SA_XDC
SEK,SE,quarterly,2012-07-01,2012-Q3,935999.0,IMF/IFS/Q.SE.NGDP_SA_XDC
SEK,SE,quarterly,2012-10-01,2012-Q4,937403.0,IMF/IFS/Q.SE.NGDP_SA_XDC
SEK,SE,quarterly,2013-01-01,2013-Q1,940303.0,IMF/IFS/Q.SE.NGDP_SA_XDC
SEK,SE,quarterly,2013-04-01,2013-Q2,943068.0,IMF/IFS/Q.SE.NGDP_SA_XDC
SEK,SE,quarterly,2013-07-01,2013-Q3,954367.0,IMF/IFS/Q.SE.NGDP_SA_XDC
SEK,SE,quarterly,2013-10-01,2013-Q4,971135.0,IMF/IFS/Q.SE.NGDP_SA_XDC
SEK,SE,quarterly,2014-01-01,2014-Q1,975507.0,IMF/IFS/Q.SE.NGDP_SA_XDC
SEK,SE,quarterly,2014-04-01,2014-Q2,987583.0,IMF/IFS/Q.SE.NGDP_SA_XDC
SEK,SE,quarterly,2014-07-01,2014-Q3,999881.0,IMF/IFS/Q.SE.NGDP_SA_XDC
SEK,SE,quarterly,2014-10-01,2014-Q4,1009427.0,IMF/IFS/Q.SE.NGDP_SA_XDC
SEK,SE,quarterly,2015-01-01,2015-Q1,1031214.0,IMF/IFS/Q.SE.NGDP_SA_XDC
SEK,SE,quarterly,2015-04-01,2015-Q2,1059390.0,IMF/IFS/Q.SE.NGDP_SA_XDC
SEK,SE,quarterly,2015-07-01,2015-Q3,1061087.0,IMF/IFS/Q.SE.NGDP_SA_XDC
SEK,SE,quarterly,2015-10-01,2015-Q4,1077279.0,IMF/IFS/Q.SE.NGDP_SA_XDC
SEK,SE,quarterly,2016-01-01,2016-Q1,1075443.0,IMF/IFS/Q.SE.NGDP_SA_XDC
SEK,SE,quarterly,2016-04-01,2016-Q2,1085129.0,IMF/IFS/Q.SE.NGDP_SA_XDC
SEK,SE,quarterly,2016-07-01,2016-Q3,1101398.0,IMF/IFS/Q.SE.NGDP_SA_XDC
SEK,SE,quarterly,2016-10-01,2016-Q4,1119514.0,IMF/IFS/Q.SE.NGDP_SA_XDC
SEK,SE,quarterly,2017-01-01,2017-Q1,1131196.0,IMF/IFS/Q.SE.NGDP_SA_XDC
SEK,SE,quarterly,2017-04-01,2017-Q2,1140491.0,IMF/IFS/Q.SE.NGDP_SA_XDC
SEK,SE,quarterly,2017-07-01,2017-Q3,1145302.0,IMF/IFS/Q.SE.NGDP_SA_XDC
SEK,SE,quarterly,2017-10-01,2017-Q4,1158518.0,IMF/IFS/Q.SE.NGDP_SA_XDC
SEK,SE,quarterly,2018-01-01,2018-Q1,1176531.0,IMF/IFS/Q.SE.NGDP_SA_XDC
SEK,SE,quarterly,2018-04-01,2018-Q2,1188595.0,IMF/IFS/Q.SE.NGDP_SA_XDC
SEK,SE,quarterly,2018-07-01,2018-Q3,1197699.0,IMF/IFS/Q.SE.NGDP_SA_XDC
SEK,SE,quarterly,2018-10-01,2018-Q4,1219441.0,IMF/IFS/Q.SE.NGDP_SA_XDC
SEK,SE,quarterly,2019-01-01,2019-Q1,1230711.0,IMF/IFS/Q.SE.NGDP_SA_XDC
SEK,SE,quarterly,2019-04-01,2019-Q2,1255201.0,IMF/IFS/Q.SE.NGDP_SA_XDC
SEK,SE,quarterly,2019-07-01,2019-Q3,1259349.0,IMF/IFS/Q.SE.NGDP_SA_XDC
SEK,SE,quarterly,2019-10-01,2019-Q4,1281278.0,IMF/IFS/Q.SE.NGDP_SA_XDC
SEK,SE,quarterly,2020-01-01,2020-Q1,1292545.0,IMF/IFS/Q.SE.NGDP_SA_XDC
SEK,SE,quarterly,2020-04-01,2020-Q2,1188374.0,IMF/IFS/Q.SE.NGDP_SA_XDC
SEK,SE,quarterly,2020-07-01,2020-Q3,1252420.0,IMF/IFS/Q.SE.NGDP_SA_XDC
SEK,SE,quarterly,2020-10-01,2020-Q4,1277332.0,IMF/IFS/Q.SE.NGDP_SA_XDC
SEK,SE,quarterly,2021-01-01,2021-Q1,1316953.0,IMF/IFS/Q.SE.NGDP_SA_XDC
SEK,SE,quarterly,2021-04-01,2021-Q2,1334871.0,IMF/IFS/Q.SE.NGDP_SA_XDC
SEK,SE,quarterly,2021-07-01,2021-Q3,1349803.0,IMF/IFS/Q.SE.NGDP_SA_XDC
SEK,SE,quarterly,2021-10-01,2021-Q4,1401593.0,IMF/IFS/Q.SE.NGDP_SA_XDC
SEK,SE,quarterly,2022-01-01,2022-Q1,1408706.0,IMF/IFS/Q.SE.NGDP_SA_XDC
SEK,SE,quarterly,2022-04-01,2022-Q2,1447905.0,IMF/IFS/Q.SE.NGDP_SA_XDC
SEK,SE,quarterly,2022-07-01,2022-Q3,1465262.0,IMF/IFS/Q.SE.NGDP_SA_XDC
SEK,SE,quarterly,2022-10-01,2022-Q4,1481108.0,IMF/IFS/Q.SE.NGDP_SA_XDC
SEK,SE,quarterly,2023-01-01,2023-Q1,1516399.0,IMF/IFS/Q.SE.NGDP_SA_XDC
SEK,SE,quarterly,2023-04-01,2023-Q2,1525422.0,IMF/IFS/Q.SE.NGDP_SA_XDC
SEK,SE,quarterly,2023-07-01,2023-Q3,1556405.0,IMF/IFS/Q.SE.NGDP_SA_XDC
SEK,SE,quarterly,2023-10-01,2023-Q4,1546936.0,IMF/IFS/Q.SE.NGDP_SA_XDC
SEK,SE,quarterly,2024-01-01,2024-Q1,1584678.0,IMF/IFS/Q.SE.NGDP_SA_XDC
SEK,SE,quarterly,2024-04-01,2024-Q2,1581935.0,IMF/IFS/Q.SE.NGDP_SA_XDC
SEK,SE,quarterly,2024-07-01,2024-Q3,1604206.0,IMF/IFS/Q.SE.NGDP_SA_XDC
SEK,SE,quarterly,2024-10-01,2024-Q4,1622365.0,IMF/IFS/Q.SE.NGDP_SA_XDC
SEK,SE,quarterly,2025-01-01,2025-Q1,1619752.0,IMF/IFS/Q.SE.NGDP_SA_XDC
HUF,HU,quarterly,1995-01-01,1995-Q1,1317475.0,IMF/IFS/Q.HU.NGDP_SA_XDC
HUF,HU,quarterly,1995-04-01,1995-Q2,1426971.0,IMF/IFS/Q.HU.NGDP_SA_XDC
HUF,HU,quarterly,1995-07-01,1995-Q3,1505033.0,IMF/IFS/Q.HU.NGDP_SA_XDC
HUF,HU,quarterly,1995-10-01,1995-Q4,1613268.0,IMF/IFS/Q.HU.NGDP_SA_XDC
HUF,HU,quarterly,1996-01-01,1996-Q1,1687637.0,IMF/IFS/Q.HU.NGDP_SA_XDC
HUF,HU,quarterly,1996-04-01,1996-Q2,1742677.0,IMF/IFS/Q.HU.NGDP_SA_XDC
HUF,HU,quarterly,1996-07-01,1996-Q3,1815058.0,IMF/IFS/Q.HU.NGDP_SA_XDC
HUF,HU,quarterly,1996-10-01,1996-Q4,1909349.0,IMF/IFS/Q.HU.NGDP_SA_XDC
HUF,HU,quarterly,1997-01-01,1997-Q1,2077353.0,IMF/IFS/Q.HU.NGDP_SA_XDC
HUF,HU,quarterly,1997-04-01,1997-Q2,2158770.0,IMF/IFS/Q.HU.NGDP_SA_XDC
HUF,HU,quarterly,1997-07-01,1997-Q3,2262673.0,IMF/IFS/Q.HU.NGDP_SA_XDC
HUF,HU,quarterly,1997-10-01,1997-Q4,2361607.0,IMF/IFS/Q.HU.NGDP_SA_XDC
HUF,HU,quarterly,1998-01-01,1998-Q1,2489309.0,IMF/IFS/Q.HU.NGDP_SA_XDC
HUF,HU,quarterly,1998-04-01,1998-Q2,2566651.0,IMF/IFS/Q.HU.NGDP_SA_XDC
HUF,HU,quarterly,1998-07-01,1998-Q3,2662390.0,IMF/IFS/Q.HU.NGDP_SA_XDC
HUF,HU,quarterly,1998-10-01,1998-Q4,2737702.0,IMF/IFS/Q.HU.NGDP_SA_XDC
HUF,HU,quarterly,1999-01-01,1999-Q1,2754202.0,IMF/IFS/Q.HU.NGDP_SA_XDC
HUF,HU,quarterly,1999-04-01,1999-Q2,2849440.0,IMF/IFS/Q.HU.NGDP_SA_XDC
HUF,HU,quarterly,1999-07-01,1999-Q3,2963159.0,IMF/IFS/Q.HU.NGDP_SA_XDC
HUF,HU,quarterly,1999-10-01,1999-Q4,3058437.0,IMF/IFS/Q.HU.NGDP_SA_XDC
HUF,HU,quarterly,2000-01-01,2000-Q1,3151275.0,IMF/IFS/Q.HU.NGDP_SA_XDC
HUF,HU,quarterly,2000-04-01,2000-Q2,3263171.0,IMF/IFS/Q.HU.NGDP_SA_XDC
HUF,HU,quarterly,2000-07-01,2000-Q3,3431179.0,IMF/IFS/Q.HU.NGDP_SA_XDC
HUF,HU,quarterly,2000-10-01,2000-Q4,3523144.0,IMF/IFS/Q.HU.NGDP_SA_XDC
HUF,HU,quarterly,2001-01-01,2001-Q1,3668979.0,IMF/IFS/Q.HU.NGDP_SA_XDC
HUF,HU,quarterly,2001-04-01,2001-Q2,3886042.0,IMF/IFS/Q.HU.NGDP_SA_XDC
HUF,HU,quarterly,2001-07-01,2001-Q3,3971564.0,IMF/IFS/Q.HU.NGDP_SA_XDC
HUF,HU,quarterly,2001-10-01,2001-Q4,3921984.0,IMF/IFS/Q.HU.NGDP_SA_XDC
HUF,HU,quarterly,2002-01-01,2002-Q1,4283669.0,IMF/IFS/Q.HU.NGDP_SA_XDC
HUF,HU,quarterly,2002-04-01,2002-Q2,4290545.0,IMF/IFS/Q.HU.NGDP_SA_XDC
HUF,HU,quarterly,2002-07-01,2002-Q3,4416377.0,IMF/IFS/Q.HU.NGDP_SA_XDC
HUF,HU,quarterly,2002-10-01,2002-Q4,4488010.0,IMF/IFS/Q.HU.NGDP_SA_XDC
HUF,HU,quarterly,2003-01-01,2003-Q1,4537119.0,IMF/IFS/Q.HU.NGDP_SA_XDC
HUF,HU,quarterly,2003-04-01,2003-Q2,4685335.0,IMF/IFS/Q.HU.NGDP_SA_XDC
HUF,HU,quarterly,2003-07-01,2003-Q3,4835762.0,IMF/IFS/Q.HU.NGDP_SA_XDC
HUF,HU,quarterly,2003-10-01,2003-Q4,5050969.0,IMF/IFS/Q.HU.NGDP_SA_XDC
HUF,HU,quarterly,2004-01-01,2004-Q1,5201553.0,IMF/IFS/Q.HU.NGDP_SA_XDC
HUF,HU,quarterly,2004-04-01,2004-Q2,5283143.0,IMF/IFS/Q.HU.NGDP_SA_XDC
HUF,HU,quarterly,2004-07-01,2004-Q3,5286435.0,IMF/IFS/Q.HU.NGDP_SA_XDC
HUF,HU,quarterly,2004-10-01,2004-Q4,5261628.0,IMF/IFS/Q.HU.NGDP_SA_XDC
HUF,HU,quarterly,2005-01-01,2005-Q1,5399633.0,IMF/IFS/Q.HU.NGDP_SA_XDC
HUF,HU,quarterly,2005-04-01,2005-Q2,5571929.0,IMF/IFS/Q.HU.NGDP_SA_XDC
HUF,HU,quarterly,2005-07-01,2005-Q3,5699604.0,IMF/IFS/Q.HU.NGDP_SA_XDC
HUF,HU,quarterly,2005-10-01,2005-Q4,5849766.0,IMF/IFS/Q.HU.NGDP_SA_XDC
HUF,HU,quarterly,2006-01-01,2006-Q1,5850521.0,IMF/IFS/Q.HU.NGDP_SA_XDC
HUF,HU,quarterly,2006-04-01,2006-Q2,6073923.0,IMF/IFS/Q.HU.NGDP_SA_XDC
HUF,HU,quarterly,2006-07-01,2006-Q3,6200789.0,IMF/IFS/Q.HU.NGDP_SA_XDC
HUF,HU,quarterly,2006-10-01,2006-Q4,6232069.0,IMF/IFS/Q.HU.NGDP_SA_XDC
HUF,HU,quarterly,2007-01-01,2007-Q1,6397973.0,IMF/IFS/Q.HU.NGDP_SA_XDC
HUF,HU,quarterly,2007-04-01,2007-Q2,6371070.0,IMF/IFS/Q.HU.NGDP_SA_XDC
HUF,HU,quarterly,2007-07-01,2007-Q3,6491378.0,IMF/IFS/Q.HU.NGDP_SA_XDC
HUF,HU,quarterly,2007-10-01,2007-Q4,6528698.0,IMF/IFS/Q.HU.NGDP_SA_XDC
HUF,HU,quarterly,2008-01-01,2008-Q1,6988877.0,IMF/IFS/Q.HU.NGDP_SA_XDC
HUF,HU,quarterly,2008-04-01,2008-Q2,6847997.0,IMF/IFS/Q.HU.NGDP_SA_XDC
HUF,HU,quarterly,2008-07-01,2008-Q3,6691326.0,IMF/IFS/Q.HU.NGDP_SA_XDC
HUF,HU,quarterly,2008-10-01,2008-Q4,6695512.0,IMF/IFS/Q.HU.NGDP_SA_XDC
HUF,HU,quarterly,2009-01-01,2009-Q1,6629914.0,IMF/IFS/Q.HU.NGDP_SA_XDC
HUF,HU,quarterly,2009-04-01,2009-Q2,6605394.0,IMF/IFS/Q.HU.NGDP_SA_XDC
HUF,HU,quarterly,2009-07-01,2009-Q3,6543157.0,IMF/IFS/Q.HU.NGDP_SA_XDC
HUF,HU,quarterly,2009-10-01,2009-Q4,6658536.0,IMF/IFS/Q.HU.NGDP_SA_XDC
HUF,HU,quarterly,2010-01-01,2010-Q1,6725806.0,IMF/IFS/Q.HU.NGDP_SA_XDC
HUF,HU,quarterly,2010-04-01,2010-Q2,6791525.0,IMF/IFS/Q.HU.NGDP_SA_XDC
HUF,HU,quarterly,2010-07-01,2010-Q3,6912982.0,IMF/IFS/Q.HU.NGDP_SA_XDC
HUF,HU,quarterly,2010-10-01,2010-Q4,6929655.0,IMF/IFS/Q.HU.NGDP_SA_XDC
HUF,HU,quarterly,2011-01-01,2011-Q1,6981616.0,IMF/IFS/Q.HU.NGDP_SA_XDC
HUF,HU,quarterly,2011-04-01,2011-Q2,7042721.0,IMF/IFS/Q.HU.NGDP_SA_XDC
HUF,HU,quarterly,2011-07-01,2011-Q3,7125450.0,IMF/IFS/Q.HU.NGDP_SA_XDC
HUF,HU,quarterly,2011-10-01,2011-Q4,7281567.0,IMF/IFS/Q.HU.NGDP_SA_XDC
HUF,HU,quarterly,2012-01-01,2012-Q1,7175188.0,IMF/IFS/Q.HU.NGDP_SA_XDC
HUF,HU,quarterly,2012-04-01,2012-Q2,7181068.0,IMF/IFS/Q.HU.NGDP_SA_XDC
HUF,HU,quarterly,2012-07-01,2012-Q3,7295755.0,IMF/IFS/Q.HU.NGDP_SA_XDC
HUF,HU,quarterly,2012-10-01,2012-Q4,7325762.0,IMF/IFS/Q.HU.NGDP_SA_XDC
HUF,HU,quarterly,2013-01-01,2013-Q1,7429294.0,IMF/IFS/Q.HU.NGDP_SA_XDC
HUF,HU,quarterly,2013-04-01,2013-Q2,7578570.0,IMF/IFS/Q.HU.NGDP_SA_XDC
HUF,HU,quarterly,2013-07-01,2013-Q3,7664052.0,IMF/IFS/Q.HU.NGDP_SA_XDC
HUF,HU,quarterly,2013-10-01,2013-Q4,7736646.0,IMF/IFS/Q.HU.NGDP_SA_XDC
HUF,HU,quarterly,2014-01-01,2014-Q1,8022638.0,IMF/IFS/Q.HU.NGDP_SA_XDC
HUF,HU,quarterly,2014-04-01,2014-Q2,8159412.0,IMF/IFS/Q.HU.NGDP_SA_XDC
HUF,HU,quarterly,2014-07-01,2014-Q3,8318744.0,IMF/IFS/Q.HU.NGDP_SA_XDC
HUF,HU,quarterly,2014-10-01,2014-Q4,8326784.0,IMF/IFS/Q.HU.NGDP_SA_XDC
HUF,HU,quarterly,2015-01-01,2015-Q1,8533164.0,IMF/IFS/Q.HU.NGDP_SA_XDC
HUF,HU,quarterly,2015-04-01,2015-Q2,8619389.0,IMF/IFS/Q.HU.NGDP_SA_XDC
HUF,HU,quarterly,2015-07-01,2015-Q3,8785071.0,IMF/IFS/Q.HU.NGDP_SA_XDC
HUF,HU,quarterly,2015-10-01,2015-Q4,9005799.0,IMF/IFS/Q.HU.NGDP_SA_XDC
HUF,HU,quarterly,2016-01-01,2016-Q1,8916043.0,IMF/IFS/Q.HU.NGDP_SA_XDC
HUF,HU,quarterly,2016-04-01,2016-Q2,9023423.0,IMF/IFS/Q.HU.NGDP_SA_XDC
HUF,HU,quarterly,2016-07-01,2016-Q3,9098550.0,IMF/IFS/Q.HU.NGDP_SA_XDC
HUF,HU,quarterly,2016-10-01,2016-Q4,9216019.0,IMF/IFS/Q.HU.NGDP_SA_XDC
HUF,HU,quarterly,2017-01-01,2017-Q1,9477650.0,IMF/IFS/Q.HU.NGDP_SA_XDC
HUF,HU,quarterly,2017-04-01,2017-Q2,9761218.0,IMF/IFS/Q.HU.NGDP_SA_XDC
HUF,HU,quarterly,2017-07-01,2017-Q3,9914353.0,IMF/IFS/Q.HU.NGDP_SA_XDC
HUF,HU,quarterly,2017-10-01,2017-Q4,10243426.0,IMF/IFS/Q.HU.NGDP_SA_XDC
HUF,HU,quarterly,2018-01-01,2018-Q1,10533104.0,IMF/IFS/Q.HU.NGDP_SA_XDC
HUF,HU,quarterly,2018-04-01,2018-Q2,10726419.0,IMF/IFS/Q.HU.NGDP_SA_XDC
HUF,HU,quarterly,2018-07-01,2018-Q3,11080420.0,IMF/IFS/Q.HU.NGDP_SA_XDC
HUF,HU,quarterly,2018-10-01,2018-Q4,11311997.0,IMF/IFS/Q.HU.NGDP_SA_XDC
HUF,HU,quarterly,2019-01-01,2019-Q1,11746480.0,IMF/IFS/Q.HU.NGDP_SA_XDC
HUF,HU,quarterly,2019-04-01,2019-Q2,11908448.0,IMF/IFS/Q.HU.NGDP_SA_XDC
HUF,HU,quarterly,2019-07-01,2019-Q3,12070411.0,IMF/IFS/Q.HU.NGDP_SA_XDC
HUF,HU,quarterly,2019-10-01,2019-Q4,12320350.0,IMF/IFS/Q.HU.NGDP_SA_XDC
HUF,HU,quarterly,2020-01-01,2020-Q1,12630008.0,IMF/IFS/Q.HU.NGDP_SA_XDC
HUF,HU,quarterly,2020-04-01,2020-Q2,11093054.0,IMF/IFS/Q.HU.NGDP_SA_XDC
HUF,HU,quarterly,2020-07-01,2020-Q3,12243172.0,IMF/IFS/Q.HU.NGDP_SA_XDC
HUF,HU,quarterly,2020-10-01,2020-Q4,12765898.0,IMF/IFS/Q.HU.NGDP_SA_XDC
HUF,HU,quarterly,2021-01-01,2021-Q1,13069281.0,IMF/IFS/Q.HU.NGDP_SA_XDC
HUF,HU,quarterly,2021-04-01,2021-Q2,13644047.0,IMF/IFS/Q.HU.NGDP_SA_XDC
HUF,HU,quarterly,2021-07-01,2021-Q3,13948162.0,IMF/IFS/Q.HU.NGDP_SA_XDC
HUF,HU,quarterly,2021-10-01,2021-Q4,14838665.0,IMF/IFS/Q.HU.NGDP_SA_XDC
HUF,HU,quarterly,2022-01-01,2022-Q1,15617952.0,IMF/IFS/Q.HU.NGDP_SA_XDC
HUF,HU,quarterly,2022-04-01,2022-Q2,16231889.0,IMF/IFS/Q.HU.NGDP_SA_XDC
HUF,HU,quarterly,2022-07-01,2022-Q3,16802184.0,IMF/IFS/Q.HU.NGDP_SA_XDC
HUF,HU,quarterly,2022-10-01,2022-Q4,17359417.0,IMF/IFS/Q.HU.NGDP_SA_XDC
HUF,HU,quarterly,2023-01-01,2023-Q1,17969428.0,IMF/IFS/Q.HU.NGDP_SA_XDC
HUF,HU,quarterly,2023-04-01,2023-Q2,18675821.0,IMF/IFS/Q.HU.NGDP_SA_XDC
HUF,HU,quarterly,2023-07-01,2023-Q3,19307581.0,IMF/IFS/Q.HU.NGDP_SA_XDC
HUF,HU,quarterly,2023-10-01,2023-Q4,19739242.0,IMF/IFS/Q.HU.NGDP_SA_XDC
HUF,HU,quarterly,2024-01-01,2024-Q1,19915109.0,IMF/IFS/Q.HU.NGDP_SA_XDC
HUF,HU,quarterly,2024-04-01,2024-Q2,20332976.0,IMF/IFS/Q.HU.NGDP_SA_XDC
HUF,HU,quarterly,2024-07-01,2024-Q3,20542641.0,IMF/IFS/Q.HU.NGDP_SA_XDC
HUF,HU,quarterly,2024-10-01,2024-Q4,20867710.0,IMF/IFS/Q.HU.NGDP_SA_XDC
HUF,HU,quarterly,2025-01-01,2025-Q1,21304898.0,IMF/IFS/Q.HU.NGDP_SA_XDC
PLN,PL,quarterly,1995-01-01,1995-Q1,81620.9,IMF/IFS/Q.PL.NGDP_SA_XDC
PLN,PL,quarterly,1995-04-01,1995-Q2,85579.6,IMF/IFS/Q.PL.NGDP_SA_XDC
PLN,PL,quarterly,1995-07-01,1995-Q3,90386.5,IMF/IFS/Q.PL.NGDP_SA_XDC
PLN,PL,quarterly,1995-10-01,1995-Q4,89056.0,IMF/IFS/Q.PL.NGDP_SA_XDC
PLN,PL,quarterly,1996-01-01,1996-Q1,100879.5,IMF/IFS/Q.PL.NGDP_SA_XDC
PLN,PL,quarterly,1996-04-01,1996-Q2,105997.3,IMF/IFS/Q.PL.NGDP_SA_XDC
PLN,PL,quarterly,1996-07-01,1996-Q3,110963.8,IMF/IFS/Q.PL.NGDP_SA_XDC
PLN,PL,quarterly,1996-10-01,1996-Q4,115295.8,IMF/IFS/Q.PL.NGDP_SA_XDC
PLN,PL,quarterly,1997-01-01,1997-Q1,122686.7,IMF/IFS/Q.PL.NGDP_SA_XDC
PLN,PL,quarterly,1997-04-01,1997-Q2,128529.7,IMF/IFS/Q.PL.NGDP_SA_XDC
PLN,PL,quarterly,1997-07-01,1997-Q3,133339.1,IMF/IFS/Q.PL.NGDP_SA_XDC
PLN,PL,quarterly,1997-10-01,1997-Q4,137990.6,IMF/IFS/Q.PL.NGDP_SA_XDC
PLN,PL,quarterly,1998-01-01,1998-Q1,145218.6,IMF/IFS/Q.PL.NGDP_SA_XDC
PLN,PL,quarterly,1998-04-01,1998-Q2,149264.8,IMF/IFS/Q.PL.NGDP_SA_XDC
PLN,PL,quarterly,1998-07-01,1998-Q3,154009.2,IMF/IFS/Q.PL.NGDP_SA_XDC
PLN,PL,quarterly,1998-10-01,1998-Q4,157446.1,IMF/IFS/Q.PL.NGDP_SA_XDC
PLN,PL,quarterly,1999-01-01,1999-Q1,158524.5,IMF/IFS/Q.PL.NGDP_SA_XDC
PLN,PL,quarterly,1999-04-01,1999-Q2,164524.8,IMF/IFS/Q.PL.NGDP_SA_XDC
PLN,PL,quarterly,1999-07-01,1999-Q3,170962.5,IMF/IFS/Q.PL.NGDP_SA_XDC
PLN,PL,quarterly,1999-10-01,1999-Q4,180040.5,IMF/IFS/Q.PL.NGDP_SA_XDC
PLN,PL,quarterly,2000-01-01,2000-Q1,181735.0,IMF/IFS/Q.PL.NGDP_SA_XDC
PLN,PL,quarterly,2000-04-01,2000-Q2,186339.2,IMF/IFS/Q.PL.NGDP_SA_XDC
PLN,PL,quarterly,2000-07-01,2000-Q3,189882.8,IMF/IFS/Q.PL.NGDP_SA_XDC
PLN,PL,quarterly,2000-10-01,2000-Q4,193095.6,IMF/IFS/Q.PL.NGDP_SA_XDC
PLN,PL,quarterly,2001-01-01,2001-Q1,193338.3,IMF/IFS/Q.PL.NGDP_SA_XDC
PLN,PL,quarterly,2001-04-01,2001-Q2,196278.6,IMF/IFS/Q.PL.NGDP_SA_XDC
PLN,PL,quarterly,2001-07-01,2001-Q3,197852.5,IMF/IFS/Q.PL.NGDP_SA_XDC
PLN,PL,quarterly,2001-10-01,2001-Q4,198798.3,IMF/IFS/Q.PL.NGDP_SA_XDC
PLN,PL,quarterly,2002-01-01,2002-Q1,202698.1,IMF/IFS/Q.PL.NGDP_SA_XDC
PLN,PL,quarterly,2002-04-01,2002-Q2,202548.3,IMF/IFS/Q.PL.NGDP_SA_XDC
PLN,PL,quarterly,2002-07-01,2002-Q3,204974.3,IMF/IFS/Q.PL.NGDP_SA_XDC
PLN,PL,quarterly,2002-10-01,2002-Q4,205468.3,IMF/IFS/Q.PL.NGDP_SA_XDC
PLN,PL,quarterly,2003-01-01,2003-Q1,206897.9,IMF/IFS/Q.PL.NGDP_SA_XDC
PLN,PL,quarterly,2003-04-01,2003-Q2,211594.4,IMF/IFS/Q.PL.NGDP_SA_XDC
PLN,PL,quarterly,2003-07-01,2003-Q3,213973.1,IMF/IFS/Q.PL.NGDP_SA_XDC
PLN,PL,quarterly,2003-10-01,2003-Q4,217655.5,IMF/IFS/Q.PL.NGDP_SA_XDC
PLN,PL,quarterly,2004-01-01,2004-Q1,226881.0,IMF/IFS/Q.PL.NGDP_SA_XDC
PLN,PL,quarterly,2004-04-01,2004-Q2,230717.6,IMF/IFS/Q.PL.NGDP_SA_XDC
PLN,PL,quarterly,2004-07-01,2004-Q3,235316.0,IMF/IFS/Q.PL.NGDP_SA_XDC
PLN,PL,quarterly,2004-10-01,2004-Q4,243195.5,IMF/IFS/Q.PL.NGDP_SA_XDC
PLN,PL,quarterly,2005-01-01,2005-Q1,242865.5,IMF/IFS/Q.PL.NGDP_SA_XDC
PLN,PL,quarterly,2005-04-01,2005-Q2,247860.7,IMF/IFS/Q.PL.NGDP_SA_XDC
PLN,PL,quarterly,2005-07-01,2005-Q3,250833.8,IMF/IFS/Q.PL.NGDP_SA_XDC
PLN,PL,quarterly,2005-10-01,2005-Q4,251502.8,IMF/IFS/Q.PL.NGDP_SA_XDC
PLN,PL,quarterly,2006-01-01,2006-Q1,258179.8,IMF/IFS/Q.PL.NGDP_SA_XDC
PLN,PL,quarterly,2006-04-01,2006-Q2,263328.7,IMF/IFS/Q.PL.NGDP_SA_XDC
PLN,PL,quarterly,2006-07-01,2006-Q3,271894.8,IMF/IFS/Q.PL.NGDP_SA_XDC
PLN,PL,quarterly,2006-10-01,2006-Q4,278825.7,IMF/IFS/Q.PL.NGDP_SA_XDC
PLN,PL,quarterly,2007-01-01,2007-Q1,286003.6,IMF/IFS/Q.PL.NGDP_SA_XDC
PLN,PL,quarterly,2007-04-01,2007-Q2,293392.9,IMF/IFS/Q.PL.NGDP_SA_XDC
PLN,PL,quarterly,2007-07-01,2007-Q3,299399.3,IMF/IFS/Q.PL.NGDP_SA_XDC
PLN,PL,quarterly,2007-10-01,2007-Q4,309577.1,IMF/IFS/Q.PL.NGDP_SA_XDC
PLN,PL,quarterly,2008-01-01,2008-Q1,316425.7,IMF/IFS/Q.PL.NGDP_SA_XDC
PLN,PL,quarterly,2008-04-01,2008-Q2,320226.1,IMF/IFS/Q.PL.NGDP_SA_XDC
PLN,PL,quarterly,2008-07-01,2008-Q3,324238.0,IMF/IFS/Q.PL.NGDP_SA_XDC
PLN,PL,quarterly,2008-10-01,2008-Q4,328590.1,IMF/IFS/Q.PL.NGDP_SA_XDC
PLN,PL,quarterly,2009-01-01,2009-Q1,337663.5,IMF/IFS/Q.PL.NGDP_SA_XDC
PLN,PL,quarterly,2009-04-01,2009-Q2,339638.3,IMF/IFS/Q.PL.NGDP_SA_XDC
PLN,PL,quarterly,2009-07-01,2009-Q3,345709.5,IMF/IFS/Q.PL.NGDP_SA_XDC
PLN,PL,quarterly,2009-10-01,2009-Q4,350144.4,IMF/IFS/Q.PL.NGDP_SA_XDC
PLN,PL,quarterly,2010-01-01,2010-Q1,349237.2,IMF/IFS/Q.PL.NGDP_SA_XDC
PLN,PL,quarterly,2010-04-01,2010-Q2,358042.1,IMF/IFS/Q.PL.NGDP_SA_XDC
PLN,PL,quarterly,2010-07-01,2010-Q3,363652.2,IMF/IFS/Q.PL.NGDP_SA_XDC
PLN,PL,quarterly,2010-10-01,2010-Q4,368568.0,IMF/IFS/Q.PL.NGDP_SA_XDC
PLN,PL,quarterly,2011-01-01,2011-Q1,380146.1,IMF/IFS/Q.PL.NGDP_SA_XDC
PLN,PL,quarterly,2011-04-01,2011-Q2,385903.2,IMF/IFS/Q.PL.NGDP_SA_XDC
PLN,PL,quarterly,2011-07-01,2011-Q3,393193.1,IMF/IFS/Q.PL.NGDP_SA_XDC
PLN,PL,quarterly,2011-10-01,2011-Q4,401717.0,IMF/IFS/Q.PL.NGDP_SA_XDC
PLN,PL,quarterly,2012-01-01,2012-Q1,402660.9,IMF/IFS/Q.PL.NGDP_SA_XDC
PLN,PL,quarterly,2012-04-01,2012-Q2,406215.0,IMF/IFS/Q.PL.NGDP_SA_XDC
PLN,PL,quarterly,2012-07-01,2012-Q3,407412.3,IMF/IFS/Q.PL.NGDP_SA_XDC
PLN,PL,quarterly,2012-10-01,2012-Q4,404878.6,IMF/IFS/Q.PL.NGDP_SA_XDC
PLN,PL,quarterly,2013-01-01,2013-Q1,402813.0,IMF/IFS/Q.PL.NGDP_SA_XDC
PLN,PL,quarterly,2013-04-01,2013-Q2,407447.1,IMF/IFS/Q.PL.NGDP_SA_XDC
PLN,PL,quarterly,2013-07-01,2013-Q3,409704.7,IMF/IFS/Q.PL.NGDP_SA_XDC
PLN,PL,quarterly,2013-10-01,2013-Q4,417405.8,IMF/IFS/Q.PL.NGDP_SA_XDC
PLN,PL,quarterly,2014-01-01,2014-Q1,422628.3,IMF/IFS/Q.PL.NGDP_SA_XDC
PLN,PL,quarterly,2014-04-01,2014-Q2,425598.2,IMF/IFS/Q.PL.NGDP_SA_XDC
PLN,PL,quarterly,2014-07-01,2014-Q3,431595.5,IMF/IFS/Q.PL.NGDP_SA_XDC
PLN,PL,quarterly,2014-10-01,2014-Q4,429837.7,IMF/IFS/Q.PL.NGDP_SA_XDC
PLN,PL,quarterly,2015-01-01,2015-Q1,441667.7,IMF/IFS/Q.PL.NGDP_SA_XDC
PLN,PL,quarterly,2015-04-01,2015-Q2,447523.1,IMF/IFS/Q.PL.NGDP_SA_XDC
PLN,PL,quarterly,2015-07-01,2015-Q3,452999.4,IMF/IFS/Q.PL.NGDP_SA_XDC
PLN,PL,quarterly,2015-10-01,2015-Q4,464307.7,IMF/IFS/Q.PL.NGDP_SA_XDC
PLN,PL,quarterly,2016-01-01,2016-Q1,457989.3,IMF/IFS/Q.PL.NGDP_SA_XDC
PLN,PL,quarterly,2016-04-01,2016-Q2,464398.1,IMF/IFS/Q.PL.NGDP_SA_XDC
PLN,PL,quarterly,2016-07-01,2016-Q3,467605.7,IMF/IFS/Q.PL.NGDP_SA_XDC
PLN,PL,quarterly,2016-10-01,2016-Q4,476585.8,IMF/IFS/Q.PL.NGDP_SA_XDC
PLN,PL,quarterly,2017-01-01,2017-Q1,488395.6,IMF/IFS/Q.PL.NGDP_SA_XDC
PLN,PL,quarterly,2017-04-01,2017-Q2,494894.2,IMF/IFS/Q.PL.NGDP_SA_XDC
PLN,PL,quarterly,2017-07-01,2017-Q3,503030.5,IMF/IFS/Q.PL.NGDP_SA_XDC
PLN,PL,quarterly,2017-10-01,2017-Q4,510108.8,IMF/IFS/Q.PL.NGDP_SA_XDC
PLN,PL,quarterly,2018-01-01,2018-Q1,521952.3,IMF/IFS/Q.PL.NGDP_SA_XDC
PLN,PL,quarterly,2018-04-01,2018-Q2,530090.1,IMF/IFS/Q.PL.NGDP_SA_XDC
PLN,PL,quarterly,2018-07-01,2018-Q3,541015.6,IMF/IFS/Q.PL.NGDP_SA_XDC
PLN,PL,quarterly,2018-10-01,2018-Q4,552643.4,IMF/IFS/Q.PL.NGDP_SA_XDC
PLN,PL,quarterly,2019-01-01,2019-Q1,563275.9,IMF/IFS/Q.PL.NGDP_SA_XDC
PLN,PL,quarterly,2019-04-01,2019-Q2,576832.8,IMF/IFS/Q.PL.NGDP_SA_XDC
PLN,PL,quarterly,2019-07-01,2019-Q3,578837.7,IMF/IFS/Q.PL.NGDP_SA_XDC
PLN,PL,quarterly,2019-10-01,2019-Q4,592387.4,IMF/IFS/Q.PL.NGDP_SA_XDC
PLN,PL,quarterly,2020-01-01,2020-Q1,598828.3,IMF/IFS/Q.PL.NGDP_SA_XDC
PLN,PL,quarterly,2020-04-01,2020-Q2,554583.6,IMF/IFS/Q.PL.NGDP_SA_XDC
PLN,PL,quarterly,2020-07-01,2020-Q3,594916.3,IMF/IFS/Q.PL.NGDP_SA_XDC
PLN,PL,quarterly,2020-10-01,2020-Q4,612691.3,IMF/IFS/Q.PL.NGDP_SA_XDC
PLN,PL,quarterly,2021-01-01,2021-Q1,635701.1,IMF/IFS/Q.PL.NGDP_SA_XDC
PLN,PL,quarterly,2021-04-01,2021-Q2,652829.1,IMF/IFS/Q.PL.NGDP_SA_XDC
PLN,PL,quarterly,2021-07-01,2021-Q3,674135.4,IMF/IFS/Q.PL.NGDP_SA_XDC
PLN,PL,quarterly,2021-10-01,2021-Q4,697934.8,IMF/IFS/Q.PL.NGDP_SA_XDC
PLN,PL,quarterly,2022-01-01,2022-Q1,731133.5,IMF/IFS/Q.PL.NGDP_SA_XDC
PLN,PL,quarterly,2022-04-01,2022-Q2,759750.5,IMF/IFS/Q.PL.NGDP_SA_XDC
PLN,PL,quarterly,2022-07-01,2022-Q3,791479.1,IMF/IFS/Q.PL.NGDP_SA_XDC
PLN,PL,quarterly,2022-10-01,2022-Q4,813267.2,IMF/IFS/Q.PL.NGDP_SA_XDC
PLN,PL,quarterly,2023-01-01,2023-Q1,837619.5,IMF/IFS/Q.PL.NGDP_SA_XDC
PLN,PL,quarterly,2023-04-01,2023-Q2,849459.4,IMF/IFS/Q.PL.NGDP_SA_XDC
PLN,PL,quarterly,2023-07-01,2023-Q3,856817.1,IMF/IFS/Q.PL.NGDP_SA_XDC
PLN,PL,quarterly,2023-10-01,2023-Q4,868056.7,IMF/IFS/Q.PL.NGDP_SA_XDC
PLN,PL,quarterly,2024-01-01,2024-Q1,881838.5,IMF/IFS/Q.PL.NGDP_SA_XDC
PLN,PL,quarterly,2024-04-01,2024-Q2,899717.1,IMF/IFS/Q.PL.NGDP_SA_XDC
PLN,PL,quarterly,2024-07-01,2024-Q3,915655.8,IMF/IFS/Q.PL.NGDP_SA_XDC
PLN,PL,quarterly,2024-10-01,2024-Q4,936961.1,IMF/IFS/Q.PL.NGDP_SA_XDC
PLN,PL,quarterly,2025-01-01,2025-Q1,944654.7,IMF/IFS/Q.PL.NGDP_SA_XDC
ZAR,ZA,quarterly,1993-01-01,1993-Q1,114034.8,IMF/IFS/Q.ZA.NGDP_SA_XDC
ZAR,ZA,quarterly,1993-04-01,1993-Q2,117932.3,IMF/IFS/Q.ZA.NGDP_SA_XDC
ZAR,ZA,quarterly,1993-07-01,1993-Q3,122533.8,IMF/IFS/Q.ZA.NGDP_SA_XDC
ZAR,ZA,quarterly,1993-10-01,1993-Q4,126493.5,IMF/IFS/Q.ZA.NGDP_SA_XDC
ZAR,ZA,quarterly,1994-01-01,1994-Q1,131686.5,IMF/IFS/Q.ZA.NGDP_SA_XDC
ZAR,ZA,quarterly,1994-04-01,1994-Q2,133897.3,IMF/IFS/Q.ZA.NGDP_SA_XDC
ZAR,ZA,quarterly,1994-07-01,1994-Q3,136276.8,IMF/IFS/Q.ZA.NGDP_SA_XDC
ZAR,ZA,quarterly,1994-10-01,1994-Q4,143232.0,IMF/IFS/Q.ZA.NGDP_SA_XDC
ZAR,ZA,quarterly,1995-01-01,1995-Q1,148563.3,IMF/IFS/Q.ZA.NGDP_SA_XDC
ZAR,ZA,quarterly,1995-04-01,1995-Q2,152471.5,IMF/IFS/Q.ZA.NGDP_SA_XDC
ZAR,ZA,quarterly,1995-07-01,1995-Q3,158234.0,IMF/IFS/Q.ZA.NGDP_SA_XDC
ZAR,ZA,quarterly,1995-10-01,1995-Q4,163632.3,IMF/IFS/Q.ZA.NGDP_SA_XDC
ZAR,ZA,quarterly,1996-01-01,1996-Q1,167178.0,IMF/IFS/Q.ZA.NGDP_SA_XDC
ZAR,ZA,quarterly,1996-04-01,1996-Q2,173818.3,IMF/IFS/Q.ZA.NGDP_SA_XDC
ZAR,ZA,quarterly,1996-07-01,1996-Q3,178088.5,IMF/IFS/Q.ZA.NGDP_SA_XDC
ZAR,ZA,quarterly,1996-10-01,1996-Q4,182719.0,IMF/IFS/Q.ZA.NGDP_SA_XDC
ZAR,ZA,quarterly,1997-01-01,1997-Q1,187583.3,IMF/IFS/Q.ZA.NGDP_SA_XDC
ZAR,ZA,quarterly,1997-04-01,1997-Q2,192666.0,IMF/IFS/Q.ZA.NGDP_SA_XDC
ZAR,ZA,quarterly,1997-07-01,1997-Q3,196949.5,IMF/IFS/Q.ZA.NGDP_SA_XDC
ZAR,ZA,quarterly,1997-10-01,1997-Q4,201445.8,IMF/IFS/Q.ZA.NGDP_SA_XDC
ZAR,ZA,quarterly,1998-01-01,1998-Q1,204171.3,IMF/IFS/Q.ZA.NGDP_SA_XDC
ZAR,ZA,quarterly,1998-04-01,1998-Q2,211364.0,IMF/IFS/Q.ZA.NGDP_SA_XDC
ZAR,ZA,quarterly,1998-07-01,1998-Q3,213252.8,IMF/IFS/Q.ZA.NGDP_SA_XDC
ZAR,ZA,quarterly,1998-10-01,1998-Q4,216945.5,IMF/IFS/Q.ZA.NGDP_SA_XDC
ZAR,ZA,quarterly,1999-01-01,1999-Q1,221722.3,IMF/IFS/Q.ZA.NGDP_SA_XDC
ZAR,ZA,quarterly,1999-04-01,1999-Q2,225522.8,IMF/IFS/Q.ZA.NGDP_SA_XDC
ZAR,ZA,quarterly,1999-07-01,1999-Q3,236205.0,IMF/IFS/Q.ZA.NGDP_SA_XDC
ZAR,ZA,quarterly,1999-10-01,1999-Q4,242240.3,IMF/IFS/Q.ZA.NGDP_SA_XDC
ZAR,ZA,quarterly,2000-01-01,2000-Q1,247590.5,IMF/IFS/Q.ZA.NGDP_SA_XDC
ZAR,ZA,quarterly,2000-04-01,2000-Q2,258148.8,IMF/IFS/Q.ZA.NGDP_SA_XDC
ZAR,ZA,quarterly,2000-07-01,2000-Q3,270283.5,IMF/IFS/Q.ZA.NGDP_SA_XDC
ZAR,ZA,quarterly,2000-10-01,2000-Q4,277115.3,IMF/IFS/Q.ZA.NGDP_SA_XDC
ZAR,ZA,quarterly,2001-01-01,2001-Q1,282818.5,IMF/IFS/Q.ZA.NGDP_SA_XDC
ZAR,ZA,quarterly,2001-04-01,2001-Q2,287623.8,IMF/IFS/Q.ZA.NGDP_SA_XDC
ZAR,ZA,quarterly,2001-07-01,2001-Q3,292943.8,IMF/IFS/Q.ZA.NGDP_SA_XDC
ZAR,ZA,quarterly,2001-10-01,2001-Q4,302554.8,IMF/IFS/Q.ZA.NGDP_SA_XDC
ZAR,ZA,quarterly,2002-01-01,2002-Q1,322850.0,IMF/IFS/Q.ZA.NGDP_SA_XDC
ZAR,ZA,quarterly,2002-04-01,2002-Q2,335479.0,IMF/IFS/Q.ZA.NGDP_SA_XDC
ZAR,ZA,quarterly,2002-07-01,2002-Q3,346279.0,IMF/IFS/Q.ZA.NGDP_SA_XDC
ZAR,ZA,quarterly,2002-10-01,2002-Q4,356071.3,IMF/IFS/Q.ZA.NGDP_SA_XDC
ZAR,ZA,quarterly,2003-01-01,2003-Q1,362870.5,IMF/IFS/Q.ZA.NGDP_SA_XDC
ZAR,ZA,quarterly,2003-04-01,2003-Q2,369183.5,IMF/IFS/Q.ZA.NGDP_SA_XDC
ZAR,ZA,quarterly,2003-07-01,2003-Q3,375129.8,IMF/IFS/Q.ZA.NGDP_SA_XDC
ZAR,ZA,quarterly,2003-10-01,2003-Q4,383215.3,IMF/IFS/Q.ZA.NGDP_SA_XDC
ZAR,ZA,quarterly,2004-01-01,2004-Q1,397178.0,IMF/IFS/Q.ZA.NGDP_SA_XDC
ZAR,ZA,quarterly,2004-04-01,2004-Q2,407778.8,IMF/IFS/Q.ZA.NGDP_SA_XDC
ZAR,ZA,quarterly,2004-07-01,2004-Q3,417596.3,IMF/IFS/Q.ZA.NGDP_SA_XDC
ZAR,ZA,quarterly,2004-10-01,2004-Q4,429881.0,IMF/IFS/Q.ZA.NGDP_SA_XDC
ZAR,ZA,quarterly,2005-01-01,2005-Q1,439593.3,IMF/IFS/Q.ZA.NGDP_SA_XDC
ZAR,ZA,quarterly,2005-04-01,2005-Q2,451560.5,IMF/IFS/Q.ZA.NGDP_SA_XDC
ZAR,ZA,quarterly,2005-07-01,2005-Q3,465397.0,IMF/IFS/Q.ZA.NGDP_SA_XDC
ZAR,ZA,quarterly,2005-10-01,2005-Q4,478830.0,IMF/IFS/Q.ZA.NGDP_SA_XDC
ZAR,ZA,quarterly,2006-01-01,2006-Q1,486098.0,IMF/IFS/Q.ZA.NGDP_SA_XDC
ZAR,ZA,quarterly,2006-04-01,2006-Q2,506124.3,IMF/IFS/Q.ZA.NGDP_SA_XDC
ZAR,ZA,quarterly,2006-07-01,2006-Q3,526313.3,IMF/IFS/Q.ZA.NGDP_SA_XDC
ZAR,ZA,quarterly,2006-10-01,2006-Q4,539058.3,IMF/IFS/Q.ZA.NGDP_SA_XDC
ZAR,ZA,quarterly,2007-01-01,2007-Q1,567376.3,IMF/IFS/Q.ZA.NGDP_SA_XDC
ZAR,ZA,quarterly,2007-04-01,2007-Q2,576597.5,IMF/IFS/Q.ZA.NGDP_SA_XDC
ZAR,ZA,quarterly,2007-07-01,2007-Q3,590299.8,IMF/IFS/Q.ZA.NGDP_SA_XDC
ZAR,ZA,quarterly,2007-10-01,2007-Q4,612376.3,IMF/IFS/Q.ZA.NGDP_SA_XDC
ZAR,ZA,quarterly,2008-01-01,2008-Q1,634684.3,IMF/IFS/Q.ZA.NGDP_SA_XDC
ZAR,ZA,quarterly,2008-04-01,2008-Q2,646528.5,IMF/IFS/Q.ZA.NGDP_SA_XDC
ZAR,ZA,quarterly,2008-07-01,2008-Q3,665135.3,IMF/IFS/Q.ZA.NGDP_SA_XDC
ZAR,ZA,quarterly,2008-10-01,2008-Q4,665282.8,IMF/IFS/Q.ZA.NGDP_SA_XDC
ZAR,ZA,quarterly,2009-01-01,2009-Q1,682275.8,IMF/IFS/Q.ZA.NGDP_SA_XDC
ZAR,ZA,quarterly,2009-04-01,2009-Q2,690618.0,IMF/IFS/Q.ZA.NGDP_SA_XDC
ZAR,ZA,quarterly,2009-07-01,2009-Q3,707441.5,IMF/IFS/Q.ZA.NGDP_SA_XDC
ZAR,ZA,quarterly,2009-10-01,2009-Q4,713893.0,IMF/IFS/Q.ZA.NGDP_SA_XDC
ZAR,ZA,quarterly,2010-01-01,2010-Q1,736905.0,IMF/IFS/Q.ZA.NGDP_SA_XDC
ZAR,ZA,quarterly,2010-04-01,2010-Q2,763365.3,IMF/IFS/Q.ZA.NGDP_SA_XDC
ZAR,ZA,quarterly,2010-07-01,2010-Q3,769252.5,IMF/IFS/Q.ZA.NGDP_SA_XDC
ZAR,ZA,quarterly,2010-10-01,2010-Q4,786090.5,IMF/IFS/Q.ZA.NGDP_SA_XDC
ZAR,ZA,quarterly,2011-01-01,2011-Q1,803893.0,IMF/IFS/Q.ZA.NGDP_SA_XDC
ZAR,ZA,quarterly,2011-04-01,2011-Q2,822754.5,IMF/IFS/Q.ZA.NGDP_SA_XDC
ZAR,ZA,quarterly,2011-07-01,2011-Q3,842036.3,IMF/IFS/Q.ZA.NGDP_SA_XDC
ZAR,ZA,quarterly,2011-10-01,2011-Q4,858363.3,IMF/IFS/Q.ZA.NGDP_SA_XDC
ZAR,ZA,quarterly,2012-01-01,2012-Q1,869383.0,IMF/IFS/Q.ZA.NGDP_SA_XDC
ZAR,ZA,quarterly,2012-04-01,2012-Q2,887270.0,IMF/IFS/Q.ZA.NGDP_SA_XDC
ZAR,ZA,quarterly,2012-07-01,2012-Q3,897958.0,IMF/IFS/Q.ZA.NGDP_SA_XDC
ZAR,ZA,quarterly,2012-10-01,2012-Q4,911774.0,IMF/IFS/Q.ZA.NGDP_SA_XDC
ZAR,ZA,quarterly,2013-01-01,2013-Q1,939085.8,IMF/IFS/Q.ZA.NGDP_SA_XDC
ZAR,ZA,quarterly,2013-04-01,2013-Q2,958989.3,IMF/IFS/Q.ZA.NGDP_SA_XDC
ZAR,ZA,quarterly,2013-07-01,2013-Q3,975527.0,IMF/IFS/Q.ZA.NGDP_SA_XDC
ZAR,ZA,quarterly,2013-10-01,2013-Q4,995028.3,IMF/IFS/Q.ZA.NGDP_SA_XDC
ZAR,ZA,quarterly,2014-01-01,2014-Q1,1012473.3,IMF/IFS/Q.ZA.NGDP_SA_XDC
ZAR,ZA,quarterly,2014-04-01,2014-Q2,1022396.0,IMF/IFS/Q.ZA.NGDP_SA_XDC
ZAR,ZA,quarterly,2014-07-01,2014-Q3,1042089.5,IMF/IFS/Q.ZA.NGDP_SA_XDC
ZAR,ZA,quarterly,2014-10-01,2014-Q4,1056914.3,IMF/IFS/Q.ZA.NGDP_SA_XDC
ZAR,ZA,quarterly,2015-01-01,2015-Q1,1080965.8,IMF/IFS/Q.ZA.NGDP_SA_XDC
ZAR,ZA,quarterly,2015-04-01,2015-Q2,1096521.3,IMF/IFS/Q.ZA.NGDP_SA_XDC
ZAR,ZA,quarterly,2015-07-01,2015-Q3,1110919.8,IMF/IFS/Q.ZA.NGDP_SA_XDC
ZAR,ZA,quarterly,2015-10-01,2015-Q4,1132385.8,IMF/IFS/Q.ZA.NGDP_SA_XDC
ZAR,ZA,quarterly,2016-01-01,2016-Q1,1163828.0,IMF/IFS/Q.ZA.NGDP_SA_XDC
ZAR,ZA,quarterly,2016-04-01,2016-Q2,1188126.5,IMF/IFS/Q.ZA.NGDP_SA_XDC
ZAR,ZA,quarterly,2016-07-01,2016-Q3,1199361.3,IMF/IFS/Q.ZA.NGDP_SA_XDC
ZAR,ZA,quarterly,2016-10-01,2016-Q4,1208238.8,IMF/IFS/Q.ZA.NGDP_SA_XDC
ZAR,ZA,quarterly,2017-01-01,2017-Q1,1237177.3,IMF/IFS/Q.ZA.NGDP_SA_XDC
ZAR,ZA,quarterly,2017-04-01,2017-Q2,1257624.8,IMF/IFS/Q.ZA.NGDP_SA_XDC
ZAR,ZA,quarterly,2017-07-01,2017-Q3,1282712.0,IMF/IFS/Q.ZA.NGDP_SA_XDC
ZAR,ZA,quarterly,2017-10-01,2017-Q4,1300676.0,IMF/IFS/Q.ZA.NGDP_SA_XDC
ZAR,ZA,quarterly,2018-01-01,2018-Q1,1306100.0,IMF/IFS/Q.ZA.NGDP_SA_XDC
ZAR,ZA,quarterly,2018-04-01,2018-Q2,1325349.0,IMF/IFS/Q.ZA.NGDP_SA_XDC
ZAR,ZA,quarterly,2018-07-01,2018-Q3,1357915.8,IMF/IFS/Q.ZA.NGDP_SA_XDC
ZAR,ZA,quarterly,2018-10-01,2018-Q4,1373825.8,IMF/IFS/Q.ZA.NGDP_SA_XDC
ZAR,ZA,quarterly,2019-01-01,2019-Q1,1367775.8,IMF/IFS/Q.ZA.NGDP_SA_XDC
ZAR,ZA,quarterly,2019-04-01,2019-Q2,1400830.8,IMF/IFS/Q.ZA.NGDP_SA_XDC
ZAR,ZA,quarterly,2019-07-01,2019-Q3,1420513.3,IMF/IFS/Q.ZA.NGDP_SA_XDC
ZAR,ZA,quarterly,2019-10-01,2019-Q4,1436087.0,IMF/IFS/Q.ZA.NGDP_SA_XDC
ZAR,ZA,quarterly,2020-01-01,2020-Q1,1453968.5,IMF/IFS/Q.ZA.NGDP_SA_XDC
ZAR,ZA,quarterly,2020-04-01,2020-Q2,1211985.8,IMF/IFS/Q.ZA.NGDP_SA_XDC
ZAR,ZA,quarterly,2020-07-01,2020-Q3,1407307.5,IMF/IFS/Q.ZA.NGDP_SA_XDC
ZAR,ZA,quarterly,2020-10-01,2020-Q4,1489498.5,IMF/IFS/Q.ZA.NGDP_SA_XDC
ZAR,ZA,quarterly,2021-01-01,2021-Q1,1512878.3,IMF/IFS/Q.ZA.NGDP_SA_XDC
ZAR,ZA,quarterly,2021-04-01,2021-Q2,1565629.5,IMF/IFS/Q.ZA.NGDP_SA_XDC
ZAR,ZA,quarterly,2021-07-01,2021-Q3,1549136.5,IMF/IFS/Q.ZA.NGDP_SA_XDC
ZAR,ZA,quarterly,2021-10-01,2021-Q4,1579197.8,IMF/IFS/Q.ZA.NGDP_SA_XDC
ZAR,ZA,quarterly,2022-01-01,2022-Q1,1621079.8,IMF/IFS/Q.ZA.NGDP_SA_XDC
ZAR,ZA,quarterly,2022-04-01,2022-Q2,1663410.0,IMF/IFS/Q.ZA.NGDP_SA_XDC
ZAR,ZA,quarterly,2022-07-01,2022-Q3,1696358.0,IMF/IFS/Q.ZA.NGDP_SA_XDC
ZAR,ZA,quarterly,2022-10-01,2022-Q4,1685733.0,IMF/IFS/Q.ZA.NGDP_SA_XDC
ZAR,ZA,quarterly,2023-01-01,2023-Q1,1727024.8,IMF/IFS/Q.ZA.NGDP_SA_XDC
ZAR,ZA,quarterly,2023-04-01,2023-Q2,1747023.0,IMF/IFS/Q.ZA.NGDP_SA_XDC
ZAR,ZA,quarterly,2023-07-01,2023-Q3,1768429.5,IMF/IFS/Q.ZA.NGDP_SA_XDC
ZAR,ZA,quarterly,2023-10-01,2023-Q4,1795197.3,IMF/IFS/Q.ZA.NGDP_SA_XDC
ZAR,ZA,quarterly,2024-01-01,2024-Q1,1810621.8,IMF/IFS/Q.ZA.NGDP_SA_XDC
ZAR,ZA,quarterly,2024-04-01,2024-Q2,1834603.3,IMF/IFS/Q.ZA.NGDP_SA_XDC
ZAR,ZA,quarterly,2024-07-01,2024-Q3,1841357.0,IMF/IFS/Q.ZA.NGDP_SA_XDC
ZAR,ZA,quarterly,2024-10-01,2024-Q4,1865867.5,IMF/IFS/Q.ZA.NGDP_SA_XDC
ZAR,ZA,quarterly,2025-01-01,2025-Q1,1859588.0,IMF/IFS/Q.ZA.NGDP_SA_XDC
PHP,PH,quarterly,1972-04-01,1972-Q2,27187.0,IMF/IFS/Q.PH.NGDP_NSA_XDC
PHP,PH,quarterly,1972-10-01,1972-Q4,28888.0,IMF/IFS/Q.PH.NGDP_NSA_XDC
PHP,PH,quarterly,1973-04-01,1973-Q2,32806.0,IMF/IFS/Q.PH.NGDP_NSA_XDC
PHP,PH,quarterly,1973-10-01,1973-Q4,38980.0,IMF/IFS/Q.PH.NGDP_NSA_XDC
PHP,PH,quarterly,1974-04-01,1974-Q2,48697.0,IMF/IFS/Q.PH.NGDP_NSA_XDC
PHP,PH,quarterly,1974-10-01,1974-Q4,50624.0,IMF/IFS/Q.PH.NGDP_NSA_XDC
PHP,PH,quarterly,1975-04-01,1975-Q2,56789.0,IMF/IFS/Q.PH.NGDP_NSA_XDC
PHP,PH,quarterly,1975-10-01,1975-Q4,57932.0,IMF/IFS/Q.PH.NGDP_NSA_XDC
PHP,PH,quarterly,1976-04-01,1976-Q2,64194.0,IMF/IFS/Q.PH.NGDP_NSA_XDC
PHP,PH,quarterly,1976-10-01,1976-Q4,68956.0,IMF/IFS/Q.PH.NGDP_NSA_XDC
PHP,PH,quarterly,1977-04-01,1977-Q2,76909.0,IMF/IFS/Q.PH.NGDP_NSA_XDC
PHP,PH,quarterly,1977-10-01,1977-Q4,78722.0,IMF/IFS/Q.PH.NGDP_NSA_XDC
PHP,PH,quarterly,1978-04-01,1978-Q2,87233.0,IMF/IFS/Q.PH.NGDP_NSA_XDC
PHP,PH,quarterly,1978-10-01,1978-Q4,91370.0,IMF/IFS/Q.PH.NGDP_NSA_XDC
PHP,PH,quarterly,1979-04-01,1979-Q2,105000.0,IMF/IFS/Q.PH.NGDP_NSA_XDC
PHP,PH,quarterly,1979-10-01,1979-Q4,115477.0,IMF/IFS/Q.PH.NGDP_NSA_XDC
PHP,PH,quarterly,1980-04-01,1980-Q2,126742.0,IMF/IFS/Q.PH.NGDP_NSA_XDC
PHP,PH,quarterly,1980-10-01,1980-Q4,139266.0,IMF/IFS/Q.PH.NGDP_NSA_XDC
PHP,PH,quarterly,1981-01-01,1981-Q1,76311.6996479231,IMF/IFS/Q.PH.NGDP_NSA_XDC
PHP,PH,quarterly,1981-04-01,1981-Q2,80250.9432552406,IMF/IFS/Q.PH.NGDP_NSA_XDC
PHP,PH,quarterly,1981-07-01,1981-Q3,75709.0465305152,IMF/IFS/Q.PH.NGDP_NSA_XDC
PHP,PH,quarterly,1981-10-01,1981-Q4,87659.3078563209,IMF/IFS/Q.PH.NGDP_NSA_XDC
PHP,PH,quarterly,1982-01-01,1982-Q1,84856.1302705154,IMF/IFS/Q.PH.NGDP_NSA_XDC
PHP,PH,quarterly,1982-04-01,1982-Q2,90301.591705067,IMF/IFS/Q.PH.NGDP_NSA_XDC
PHP,PH,quarterly,1982-07-01,1982-Q3,84629.0454617606,IMF/IFS/Q.PH.NGDP_NSA_XDC
PHP,PH,quarterly,1982-10-01,1982-Q4,100652.568852657,IMF/IFS/Q.PH.NGDP_NSA_XDC
PHP,PH,quarterly,1983-01-01,1983-Q1,97142.0394554561,IMF/IFS/Q.PH.NGDP_NSA_XDC
PHP,PH,quarterly,1983-04-01,1983-Q2,105446.113864128,IMF/IFS/Q.PH.NGDP_NSA_XDC
PHP,PH,quarterly,1983-07-01,1983-Q3,97350.7273614219,IMF/IFS/Q.PH.NGDP_NSA_XDC
PHP,PH,quarterly,1983-10-01,1983-Q4,119668.199638993,IMF/IFS/Q.PH.NGDP_NSA_XDC
PHP,PH,quarterly,1984-01-01,1984-Q1,134329.111651499,IMF/IFS/Q.PH.NGDP_NSA_XDC
PHP,PH,quarterly,1984-04-01,1984-Q2,149348.65162554,IMF/IFS/Q.PH.NGDP_NSA_XDC
PHP,PH,quarterly,1984-07-01,1984-Q3,142093.566404453,IMF/IFS/Q.PH.NGDP_NSA_XDC
PHP,PH,quarterly,1984-10-01,1984-Q4,170876.606998508,IMF/IFS/Q.PH.NGDP_NSA_XDC
PHP,PH,quarterly,1985-01-01,1985-Q1,156964.036845073,IMF/IFS/Q.PH.NGDP_NSA_XDC
PHP,PH,quarterly,1985-04-01,1985-Q2,166722.237039931,IMF/IFS/Q.PH.NGDP_NSA_XDC
PHP,PH,quarterly,1985-07-01,1985-Q3,148480.517581945,IMF/IFS/Q.PH.NGDP_NSA_XDC
PHP,PH,quarterly,1985-10-01,1985-Q4,178373.541843051,IMF/IFS/Q.PH.NGDP_NSA_XDC
PHP,PH,quarterly,1986-01-01,1986-Q1,162291.312960958,IMF/IFS/Q.PH.NGDP_NSA_XDC
PHP,PH,quarterly,1986-04-01,1986-Q2,176228.218398974,IMF/IFS/Q.PH.NGDP_NSA_XDC
PHP,PH,quarterly,1986-07-01,1986-Q3,163641.011821527,IMF/IFS/Q.PH.NGDP_NSA_XDC
PHP,PH,quarterly,1986-10-01,1986-Q4,190691.89079854,IMF/IFS/Q.PH.NGDP_NSA_XDC
PHP,PH,quarterly,1987-01-01,1987-Q1,175245.607373531,IMF/IFS/Q.PH.NGDP_NSA_XDC
PHP,PH,quarterly,1987-04-01,1987-Q2,192890.188242345,IMF/IFS/Q.PH.NGDP_NSA_XDC
PHP,PH,quarterly,1987-07-01,1987-Q3,190706.393425334,IMF/IFS/Q.PH.NGDP_NSA_XDC
PHP,PH,quarterly,1987-10-01,1987-Q4,218440.86761879,IMF/IFS/Q.PH.NGDP_NSA_XDC
PHP,PH,quarterly,1988-01-01,1988-Q1,205057.447652152,IMF/IFS/Q.PH.NGDP_NSA_XDC
PHP,PH,quarterly,1988-04-01,1988-Q2,222909.799766184,IMF/IFS/Q.PH.NGDP_NSA_XDC
PHP,PH,quarterly,1988-07-01,1988-Q3,218393.845968191,IMF/IFS/Q.PH.NGDP_NSA_XDC
PHP,PH,quarterly,1988-10-01,1988-Q4,263919.042543473,IMF/IFS/Q.PH.NGDP_NSA_XDC
PHP,PH,quarterly,1989-01-01,1989-Q1,232542.684957643,IMF/IFS/Q.PH.NGDP_NSA_XDC
PHP,PH,quarterly,1989-04-01,1989-Q2,251104.182954277,IMF/IFS/Q.PH.NGDP_NSA_XDC
PHP,PH,quarterly,1989-07-01,1989-Q3,255878.674447053,IMF/IFS/Q.PH.NGDP_NSA_XDC
PHP,PH,quarterly,1989-10-01,1989-Q4,315002.978121026,IMF/IFS/Q.PH.NGDP_NSA_XDC
PHP,PH,quarterly,1990-01-01,1990-Q1,279143.308132347,IMF/IFS/Q.PH.NGDP_NSA_XDC
PHP,PH,quarterly,1990-04-01,1990-Q2,290701.173458315,IMF/IFS/Q.PH.NGDP_NSA_XDC
PHP,PH,quarterly,1990-07-01,1990-Q3,295743.465666467,IMF/IFS/Q.PH.NGDP_NSA_XDC
PHP,PH,quarterly,1990-10-01,1990-Q4,362293.755182871,IMF/IFS/Q.PH.NGDP_NSA_XDC
PHP,PH,quarterly,1991-01-01,1991-Q1,325282.868110012,IMF/IFS/Q.PH.NGDP_NSA_XDC
PHP,PH,quarterly,1991-04-01,1991-Q2,341433.033100478,IMF/IFS/Q.PH.NGDP_NSA_XDC
PHP,PH,quarterly,1991-07-01,1991-Q3,344791.493071505,IMF/IFS/Q.PH.NGDP_NSA_XDC
PHP,PH,quarterly,1991-10-01,1991-Q4,411450.119818005,IMF/IFS/Q.PH.NGDP_NSA_XDC
PHP,PH,quarterly,1992-01-01,1992-Q1,362799.514363943,IMF/IFS/Q.PH.NGDP_NSA_XDC
PHP,PH,quarterly,1992-04-01,1992-Q2,368200.761426216,IMF/IFS/Q.PH.NGDP_NSA_XDC
PHP,PH,quarterly,1992-07-01,1992-Q3,370452.088826736,IMF/IFS/Q.PH.NGDP_NSA_XDC
PHP,PH,quarterly,1992-10-01,1992-Q4,440071.801323105,IMF/IFS/Q.PH.NGDP_NSA_XDC
PHP,PH,quarterly,1993-01-01,1993-Q1,387780.745900313,IMF/IFS/Q.PH.NGDP_NSA_XDC
PHP,PH,quarterly,1993-04-01,1993-Q2,397727.167305072,IMF/IFS/Q.PH.NGDP_NSA_XDC
PHP,PH,quarterly,1993-07-01,1993-Q3,407531.519190182,IMF/IFS/Q.PH.NGDP_NSA_XDC
PHP,PH,quarterly,1993-10-01,1993-Q4,489381.436334433,IMF/IFS/Q.PH.NGDP_NSA_XDC
PHP,PH,quarterly,1994-01-01,1994-Q1,446077.396623256,IMF/IFS/Q.PH.NGDP_NSA_XDC
PHP,PH,quarterly,1994-04-01,1994-Q2,462046.491757686,IMF/IFS/Q.PH.NGDP_NSA_XDC
PHP,PH,quarterly,1994-07-01,1994-Q3,469787.329028214,IMF/IFS/Q.PH.NGDP_NSA_XDC
PHP,PH,quarterly,1994-10-01,1994-Q4,554751.203460842,IMF/IFS/Q.PH.NGDP_NSA_XDC
PHP,PH,quarterly,1995-01-01,1995-Q1,495093.146507449,IMF/IFS/Q.PH.NGDP_NSA_XDC
PHP,PH,quarterly,1995-04-01,1995-Q2,514116.428624348,IMF/IFS/Q.PH.NGDP_NSA_XDC
PHP,PH,quarterly,1995-07-01,1995-Q3,537780.662218144,IMF/IFS/Q.PH.NGDP_NSA_XDC
PHP,PH,quarterly,1995-10-01,1995-Q4,629593.560460058,IMF/IFS/Q.PH.NGDP_NSA_XDC
PHP,PH,quarterly,1996-01-01,1996-Q1,573212.114601001,IMF/IFS/Q.PH.NGDP_NSA_XDC
PHP,PH,quarterly,1996-04-01,1996-Q2,596298.295115315,IMF/IFS/Q.PH.NGDP_NSA_XDC
PHP,PH,quarterly,1996-07-01,1996-Q3,614448.940415857,IMF/IFS/Q.PH.NGDP_NSA_XDC
PHP,PH,quarterly,1996-10-01,1996-Q4,697344.296057823,IMF/IFS/Q.PH.NGDP_NSA_XDC
PHP,PH,quarterly,1997-01-01,1997-Q1,636624.986744244,IMF/IFS/Q.PH.NGDP_NSA_XDC
PHP,PH,quarterly,1997-04-01,1997-Q2,665181.760414207,IMF/IFS/Q.PH.NGDP_NSA_XDC
PHP,PH,quarterly,1997-07-01,1997-Q3,678133.488465184,IMF/IFS/Q.PH.NGDP_NSA_XDC
PHP,PH,quarterly,1997-10-01,1997-Q4,793434.864986365,IMF/IFS/Q.PH.NGDP_NSA_XDC
PHP,PH,quarterly,1998-01-01,1998-Q1,705979.254050987,IMF/IFS/Q.PH.NGDP_NSA_XDC
PHP,PH,quarterly,1998-04-01,1998-Q2,738060.491030703,IMF/IFS/Q.PH.NGDP_NSA_XDC
PHP,PH,quarterly,1998-07-01,1998-Q3,748152.021491299,IMF/IFS/Q.PH.NGDP_NSA_XDC
PHP,PH,quarterly,1998-10-01,1998-Q4,854030.33899701,IMF/IFS/Q.PH.NGDP_NSA_XDC
PHP,PH,quarterly,1999-01-01,1999-Q1,767404.641209589,IMF/IFS/Q.PH.NGDP_NSA_XDC
PHP,PH,quarterly,1999-04-01,1999-Q2,810836.266867045,IMF/IFS/Q.PH.NGDP_NSA_XDC
PHP,PH,quarterly,1999-07-01,1999-Q3,825522.544716793,IMF/IFS/Q.PH.NGDP_NSA_XDC
PHP,PH,quarterly,1999-10-01,1999-Q4,943823.737296572,IMF/IFS/Q.PH.NGDP_NSA_XDC
PHP,PH,quarterly,2000-01-01,2000-Q1,850395.610349226,IMF/IFS/Q.PH.NGDP_NSA_XDC
PHP,PH,quarterly,2000-04-01,2000-Q2,904732.163756655,IMF/IFS/Q.PH.NGDP_NSA_XDC
PHP,PH,quarterly,2000-07-01,2000-Q3,913643.93495945,IMF/IFS/Q.PH.NGDP_NSA_XDC
PHP,PH,quarterly,2000-10-01,2000-Q4,1028784.49632263,IMF/IFS/Q.PH.NGDP_NSA_XDC
PHP,PH,quarterly,2001-01-01,2001-Q1,925935.625328362,IMF/IFS/Q.PH.NGDP_NSA_XDC
PHP,PH,quarterly,2001-04-01,2001-Q2,990210.490988207,IMF/IFS/Q.PH.NGDP_NSA_XDC
PHP,PH,quarterly,2001-07-01,2001-Q3,996766.007768288,IMF/IFS/Q.PH.NGDP_NSA_XDC
PHP,PH,quarterly,2001-10-01,2001-Q4,1111486.81609904,IMF/IFS/Q.PH.NGDP_NSA_XDC
PHP,PH,quarterly,2002-01-01,2002-Q1,1006579.22641439,IMF/IFS/Q.PH.NGDP_NSA_XDC
PHP,PH,quarterly,2002-04-01,2002-Q2,1073992.31870461,IMF/IFS/Q.PH.NGDP_NSA_XDC
PHP,PH,quarterly,2002-07-01,2002-Q3,1059696.72721671,IMF/IFS/Q.PH.NGDP_NSA_XDC
PHP,PH,quarterly,2002-10-01,2002-Q4,1210291.49979822,IMF/IFS/Q.PH.NGDP_NSA_XDC
PHP,PH,quarterly,2003-01-01,2003-Q1,1091332.63217109,IMF/IFS/Q.PH.NGDP_NSA_XDC
PHP,PH,quarterly,2003-04-01,2003-Q2,1147383.17635578,IMF/IFS/Q.PH.NGDP_NSA_XDC
PHP,PH,quarterly,2003-07-01,2003-Q3,1152553.35507083,IMF/IFS/Q.PH.NGDP_NSA_XDC
PHP,PH,quarterly,2003-10-01,2003-Q4,1326539.77688749,IMF/IFS/Q.PH.NGDP_NSA_XDC
PHP,PH,quarterly,2004-01-01,2004-Q1,1223638.64049001,IMF/IFS/Q.PH.NGDP_NSA_XDC
PHP,PH,quarterly,2004-04-01,2004-Q2,1306194.86557903,IMF/IFS/Q.PH.NGDP_NSA_XDC
PHP,PH,quarterly,2004-07-01,2004-Q3,1299857.43174644,IMF/IFS/Q.PH.NGDP_NSA_XDC
PHP,PH,quarterly,2004-10-01,2004-Q4,1494213.23938455,IMF/IFS/Q.PH.NGDP_NSA_XDC
PHP,PH,quarterly,2005-01-01,2005-Q1,1354481.01886662,IMF/IFS/Q.PH.NGDP_NSA_XDC
PHP,PH,quarterly,2005-04-01,2005-Q2,1456793.88155948,IMF/IFS/Q.PH.NGDP_NSA_XDC
PHP,PH,quarterly,2005-07-01,2005-Q3,1443454.34910547,IMF/IFS/Q.PH.NGDP_NSA_XDC
PHP,PH,quarterly,2005-10-01,2005-Q4,1662553.05163678,IMF/IFS/Q.PH.NGDP_NSA_XDC
PHP,PH,quarterly,2006-01-01,2006-Q1,1496799.41135253,IMF/IFS/Q.PH.NGDP_NSA_XDC
PHP,PH,quarterly,2006-04-01,2006-Q2,1626436.72914767,IMF/IFS/Q.PH.NGDP_NSA_XDC
PHP,PH,quarterly,2006-07-01,2006-Q3,1588797.23939344,IMF/IFS/Q.PH.NGDP_NSA_XDC
PHP,PH,quarterly,2006-10-01,2006-Q4,1838383.73302933,IMF/IFS/Q.PH.NGDP_NSA_XDC
PHP,PH,quarterly,2007-01-01,2007-Q1,1651799.25929352,IMF/IFS/Q.PH.NGDP_NSA_XDC
PHP,PH,quarterly,2007-04-01,2007-Q2,1783015.37041215,IMF/IFS/Q.PH.NGDP_NSA_XDC
PHP,PH,quarterly,2007-07-01,2007-Q3,1736723.94878375,IMF/IFS/Q.PH.NGDP_NSA_XDC
PHP,PH,quarterly,2007-10-01,2007-Q4,2026706.30927502,IMF/IFS/Q.PH.NGDP_NSA_XDC
PHP,PH,quarterly,2008-01-01,2008-Q1,1795698.82130107,IMF/IFS/Q.PH.NGDP_NSA_XDC
PHP,PH,quarterly,2008-04-01,2008-Q2,2020177.4453079,IMF/IFS/Q.PH.NGDP_NSA_XDC
PHP,PH,quarterly,2008-07-01,2008-Q3,1998449.0574156,IMF/IFS/Q.PH.NGDP_NSA_XDC
PHP,PH,quarterly,2008-10-01,2008-Q4,2235875.29654399,IMF/IFS/Q.PH.NGDP_NSA_XDC
PHP,PH,quarterly,2009-01-01,2009-Q1,1899599.70110011,IMF/IFS/Q.PH.NGDP_NSA_XDC
PHP,PH,quarterly,2009-04-01,2009-Q2,2075280.61487683,IMF/IFS/Q.PH.NGDP_NSA_XDC
PHP,PH,quarterly,2009-07-01,2009-Q3,2036219.22685323,IMF/IFS/Q.PH.NGDP_NSA_XDC
PHP,PH,quarterly,2009-10-01,2009-Q4,2379321.91344048,IMF/IFS/Q.PH.NGDP_NSA_XDC
PHP,PH,quarterly,2010-01-01,2010-Q1,2151613.98540642,IMF/IFS/Q.PH.NGDP_NSA_XDC
PHP,PH,quarterly,2010-04-01,2010-Q2,2352846.598851,IMF/IFS/Q.PH.NGDP_NSA_XDC
PHP,PH,quarterly,2010-07-01,2010-Q3,2269767.76748718,IMF/IFS/Q.PH.NGDP_NSA_XDC
PHP,PH,quarterly,2010-10-01,2010-Q4,2625222.40632931,IMF/IFS/Q.PH.NGDP_NSA_XDC
PHP,PH,quarterly,2011-01-01,2011-Q1,2351209.21115842,IMF/IFS/Q.PH.NGDP_NSA_XDC
PHP,PH,quarterly,2011-04-01,2011-Q2,2544840.17695286,IMF/IFS/Q.PH.NGDP_NSA_XDC
PHP,PH,quarterly,2011-07-01,2011-Q3,2429057.44873808,IMF/IFS/Q.PH.NGDP_NSA_XDC
PHP,PH,quarterly,2011-10-01,2011-Q4,2819554.48993237,IMF/IFS/Q.PH.NGDP_NSA_XDC
PHP,PH,quarterly,2012-01-01,2012-Q1,2539542.37419493,IMF/IFS/Q.PH.NGDP_NSA_XDC
PHP,PH,quarterly,2012-04-01,2012-Q2,2753026.86218943,IMF/IFS/Q.PH.NGDP_NSA_XDC
PHP,PH,quarterly,2012-07-01,2012-Q3,2672921.15537944,IMF/IFS/Q.PH.NGDP_NSA_XDC
PHP,PH,quarterly,2012-10-01,2012-Q4,3095098.43880366,IMF/IFS/Q.PH.NGDP_NSA_XDC
PHP,PH,quarterly,2013-01-01,2013-Q1,2772721.4385307,IMF/IFS/Q.PH.NGDP_NSA_XDC
PHP,PH,quarterly,2013-04-01,2013-Q2,2993984.53043592,IMF/IFS/Q.PH.NGDP_NSA_XDC
PHP,PH,quarterly,2013-07-01,2013-Q3,2914503.45234066,IMF/IFS/Q.PH.NGDP_NSA_XDC
PHP,PH,quarterly,2013-10-01,2013-Q4,3369382.56295328,IMF/IFS/Q.PH.NGDP_NSA_XDC
PHP,PH,quarterly,2014-01-01,2014-Q1,3035914.95606229,IMF/IFS/Q.PH.NGDP_NSA_XDC
PHP,PH,quarterly,2014-04-01,2014-Q2,3296724.14422547,IMF/IFS/Q.PH.NGDP_NSA_XDC
PHP,PH,quarterly,2014-07-01,2014-Q3,3174415.96062809,IMF/IFS/Q.PH.NGDP_NSA_XDC
PHP,PH,quarterly,2014-10-01,2014-Q4,3699773.19077609,IMF/IFS/Q.PH.NGDP_NSA_XDC
PHP,PH,quarterly,2015-01-01,2015-Q1,3204277.04908436,IMF/IFS/Q.PH.NGDP_NSA_XDC
PHP,PH,quarterly,2015-04-01,2015-Q2,3493899.83543278,IMF/IFS/Q.PH.NGDP_NSA_XDC
PHP,PH,quarterly,2015-07-01,2015-Q3,3330582.62045777,IMF/IFS/Q.PH.NGDP_NSA_XDC
PHP,PH,quarterly,2015-10-01,2015-Q4,3915397.94278976,IMF/IFS/Q.PH.NGDP_NSA_XDC
PHP,PH,quarterly,2016-01-01,2016-Q1,3437649.71576621,IMF/IFS/Q.PH.NGDP_NSA_XDC
PHP,PH,quarterly,2016-04-01,2016-Q2,3791145.29416085,IMF/IFS/Q.PH.NGDP_NSA_XDC
PHP,PH,quarterly,2016-07-01,2016-Q3,3644978.90478548,IMF/IFS/Q.PH.NGDP_NSA_XDC
PHP,PH,quarterly,2016-10-01,2016-Q4,4258607.5554608,IMF/IFS/Q.PH.NGDP_NSA_XDC
PHP,PH,quarterly,2017-01-01,2017-Q1,3745533.02946266,IMF/IFS/Q.PH.NGDP_NSA_XDC
PHP,PH,quarterly,2017-04-01,2017-Q2,4153954.13850262,IMF/IFS/Q.PH.NGDP_NSA_XDC
PHP,PH,quarterly,2017-07-01,2017-Q3,4017921.77617698,IMF/IFS/Q.PH.NGDP_NSA_XDC
PHP,PH,quarterly,2017-10-01,2017-Q4,4639242.13908359,IMF/IFS/Q.PH.NGDP_NSA_XDC
PHP,PH,quarterly,2018-01-01,2018-Q1,4101138.00517726,IMF/IFS/Q.PH.NGDP_NSA_XDC
PHP,PH,quarterly,2018-04-01,2018-Q2,4568791.81696865,IMF/IFS/Q.PH.NGDP_NSA_XDC
PHP,PH,quarterly,2018-07-01,2018-Q3,4450212.82619744,IMF/IFS/Q.PH.NGDP_NSA_XDC
PHP,PH,quarterly,2018-10-01,2018-Q4,5145047.60981839,IMF/IFS/Q.PH.NGDP_NSA_XDC
PHP,PH,quarterly,2019-01-01,2019-Q1,4426077.13953298,IMF/IFS/Q.PH.NGDP_NSA_XDC
PHP,PH,quarterly,2019-04-01,2019-Q2,4865973.13838879,IMF/IFS/Q.PH.NGDP_NSA_XDC
PHP,PH,quarterly,2019-07-01,2019-Q3,4725892.43295097,IMF/IFS/Q.PH.NGDP_NSA_XDC
PHP,PH,quarterly,2019-10-01,2019-Q4,5499920.46080928,IMF/IFS/Q.PH.NGDP_NSA_XDC
PHP,PH,quarterly,2020-01-01,2020-Q1,4449140.50999098,IMF/IFS/Q.PH.NGDP_NSA_XDC
PHP,PH,quarterly,2020-04-01,2020-Q2,4138372.82286698,IMF/IFS/Q.PH.NGDP_NSA_XDC
PHP,PH,quarterly,2020-07-01,2020-Q3,4205107.52550782,IMF/IFS/Q.PH.NGDP_NSA_XDC
PHP,PH,quarterly,2020-10-01,2020-Q4,5158952.71164694,IMF/IFS/Q.PH.NGDP_NSA_XDC
PHP,PH,quarterly,2021-01-01,2021-Q1,4374072.01039487,IMF/IFS/Q.PH.NGDP_NSA_XDC
PHP,PH,quarterly,2021-04-01,2021-Q2,4767988.78656633,IMF/IFS/Q.PH.NGDP_NSA_XDC
PHP,PH,quarterly,2021-07-01,2021-Q3,4604095.28136321,IMF/IFS/Q.PH.NGDP_NSA_XDC
PHP,PH,quarterly,2021-10-01,2021-Q4,5664458.40785881,IMF/IFS/Q.PH.NGDP_NSA_XDC
PHP,PH,quarterly,2022-01-01,2022-Q1,4928797.71858987,IMF/IFS/Q.PH.NGDP_NSA_XDC
PHP,PH,quarterly,2022-04-01,2022-Q2,5398103.90089233,IMF/IFS/Q.PH.NGDP_NSA_XDC
PHP,PH,quarterly,2022-07-01,2022-Q3,5249945.84531161,IMF/IFS/Q.PH.NGDP_NSA_XDC
PHP,PH,quarterly,2022-10-01,2022-Q4,6451428.87286246,IMF/IFS/Q.PH.NGDP_NSA_XDC
PHP,PH,quarterly,2023-01-01,2023-Q1,5615765.28670676,IMF/IFS/Q.PH.NGDP_NSA_XDC
PHP,PH,quarterly,2023-04-01,2023-Q2,5889499.7819859,IMF/IFS/Q.PH.NGDP_NSA_XDC
PHP,PH,quarterly,2023-07-01,2023-Q3,5763233.62357149,IMF/IFS/Q.PH.NGDP_NSA_XDC
PHP,PH,quarterly,2023-10-01,2023-Q4,7050112.70680473,IMF/IFS/Q.PH.NGDP_NSA_XDC
PHP,PH,quarterly,2024-01-01,2024-Q1,6111423.88546966,IMF/IFS/Q.PH.NGDP_NSA_XDC
PHP,PH,quarterly,2024-04-01,2024-Q2,6494219.00174353,IMF/IFS/Q.PH.NGDP_NSA_XDC
PHP,PH,quarterly,2024-07-01,2024-Q3,6253977.47064181,IMF/IFS/Q.PH.NGDP_NSA_XDC
